coord,sciname,tile,label
"(6.561224489795919, 15.428571428571429)",Selenomonas,4,1
"(6.423728813559322, 28.06779661016949)",Veillonella,4,2
"(9.737142857142857, 41.72)",Neisseria,4,3
"(6.3688212927756656, 67.28897338403041)",Selenomonas,4,4
"(7.132231404958677, 95.22314049586777)",Selenomonas,4,5
"(6.733333333333333, 110.56)",Selenomonas,4,6
"(6.432835820895522, 121.76119402985074)",Treponema,4,7
"(6.288, 136.632)",Streptococcus,4,8
"(6.958333333333333, 155.77777777777777)",Streptococcus,4,9
"(6.770642201834862, 174.07339449541286)",Streptococcus,4,10
"(6.254901960784314, 189.33333333333334)",Streptococcus,4,11
"(6.298969072164948, 204.81443298969072)",Streptococcus,4,12
"(7.0394736842105265, 216.44736842105263)",Streptococcus,4,13
"(7.183908045977011, 228.0344827586207)",Streptococcus,4,14
"(6.634020618556701, 248.91752577319588)",Streptococcus,4,15
"(6.459770114942529, 276.3333333333333)",Streptococcus,4,16
"(6.063291139240507, 294.8607594936709)",Streptococcus,4,17
"(6.304347826086956, 307.3804347826087)",Streptococcus,4,18
"(7.273972602739726, 319.8767123287671)",Streptococcus,4,19
"(5.407407407407407, 329.5740740740741)",Porphyromonas,4,20
"(6.635514018691588, 341.25233644859816)",Streptococcus,4,21
"(6.28421052631579, 356.4947368421053)",Streptococcus,4,22
"(6.168674698795181, 376.0120481927711)",Streptococcus,4,24
"(6.492753623188406, 392.463768115942)",Streptococcus,4,25
"(7.27906976744186, 408.6511627906977)",Streptococcus,4,26
"(6.122448979591836, 434.36054421768705)",Streptococcus,4,27
"(6.960629921259843, 453.3307086614173)",Streptococcus,4,28
"(7.233918128654971, 473.94736842105266)",Streptococcus,4,29
"(5.889830508474576, 494.26271186440675)",Streptococcus,4,30
"(6.649253731343284, 512.9626865671642)",Streptococcus,4,31
"(7.4245283018867925, 535.1792452830189)",Streptococcus,4,32
"(6.552, 569.312)",Streptococcus,4,33
"(6.587628865979381, 585.2989690721649)",Treponema,4,34
"(6.634408602150538, 600.6021505376344)",Treponema,4,35
"(6.513513513513513, 615.5495495495495)",Treponema,4,36
"(5.711864406779661, 628.3559322033898)",Corynebacterium,4,37
"(6.86, 641.0)",Corynebacterium,4,38
"(6.175, 658.2833333333333)",Treponema,4,39
"(6.4471544715447155, 677.9512195121952)",Neisseria,4,40
"(7.024096385542169, 694.156626506024)",Neisseria,4,41
"(9.025906735751295, 709.1295336787565)",Neisseria,4,42
"(6.590909090909091, 733.1439393939394)",Corynebacterium,4,43
"(6.4375, 764.09375)",Treponema,4,44
"(6.8283582089552235, 778.4402985074627)",Treponema,4,45
"(6.419642857142857, 796.375)",Neisseria,4,46
"(6.944444444444445, 808.2407407407408)",Treponema,4,47
"(6.301204819277109, 819.0963855421687)",Treponema,4,48
"(6.396551724137931, 829.8448275862069)",Corynebacterium,4,49
"(6.459627329192546, 861.1987577639752)",Streptococcus,4,50
"(6.2988505747126435, 879.4597701149426)",Streptococcus,4,51
"(7.212121212121212, 895.3863636363636)",Streptococcus,4,52
"(6.4958677685950414, 913.6528925619834)",Streptococcus,4,53
"(6.597014925373134, 926.5820895522388)",Streptococcus,4,54
"(7.150753768844221, 945.105527638191)",Treponema,4,55
"(6.228070175438597, 966.2017543859649)",Treponema,4,56
"(6.5, 984.72)",Treponema,4,57
"(6.991935483870968, 1004.241935483871)",Streptococcus,4,58
"(8.021621621621621, 1026.1243243243243)",Treponema,4,59
"(6.207692307692308, 1046.0615384615385)",Treponema,4,60
"(6.7792792792792795, 1069.945945945946)",Treponema,4,61
"(6.067796610169491, 1109.6271186440679)",Treponema,4,62
"(6.6689655172413795, 1137.7448275862068)",Treponema,4,63
"(7.0927152317880795, 1161.390728476821)",Treponema,4,65
"(7.25, 1182.6666666666667)",Corynebacterium,4,66
"(6.48314606741573, 1206.2247191011236)",Saccharibacteria,4,67
"(6.635514018691588, 1547.6822429906542)",Actinomyces,4,68
"(6.168539325842697, 1597.9943820224719)",Streptococcus,4,69
"(6.659863945578231, 1620.204081632653)",Streptococcus,4,70
"(6.492307692307692, 1639.2769230769231)",Streptococcus,4,71
"(7.535545023696683, 1663.6208530805686)",Streptococcus,4,72
"(6.46078431372549, 1685.5294117647059)",Streptococcus,4,73
"(6.41, 1715.83)",Streptococcus,4,74
"(6.829268292682927, 1739.8292682926829)",Streptococcus,4,75
"(5.418181818181818, 1752.6)",Streptococcus,4,76
"(6.454545454545454, 1782.020979020979)",Streptococcus,4,77
"(6.380434782608695, 1808.641304347826)",Streptococcus,4,78
"(7.059322033898305, 1832.635593220339)",Streptococcus,4,79
"(6.7272727272727275, 1850.3057851239669)",Streptococcus,4,80
"(6.36986301369863, 1864.5068493150684)",Corynebacterium,4,81
"(6.975609756097561, 1889.8861788617887)",Streptococcus,4,82
"(6.5131578947368425, 1904.2105263157894)",Streptococcus,4,83
"(5.0, 1920.5)",Streptococcus,4,85
"(6.903225806451613, 1933.247311827957)",Streptococcus,4,86
"(6.652941176470589, 1951.2176470588236)",Streptococcus,4,87
"(6.5777777777777775, 1969.2444444444445)",Corynebacterium,4,88
"(6.49, 1983.72)",Streptococcus,4,89
"(7.033333333333333, 1995.7166666666667)",Corynebacterium,4,90
"(7.2, 420.09090909090907)",Porphyromonas,4,91
"(6.9714285714285715, 551.9428571428572)",Streptococcus,4,93
"(7.839080459770115, 749.6781609195402)",Corynebacterium,4,94
"(7.528735632183908, 841.2528735632184)",Treponema,4,96
"(7.371428571428571, 1094.7571428571428)",Treponema,4,97
"(7.252747252747253, 1121.1208791208792)",Treponema,4,98
"(6.9391891891891895, 1568.837837837838)",Corynebacterium,4,99
"(7.215686274509804, 1698.078431372549)",Streptococcus,4,100
"(7.666666666666667, 1764.5294117647059)",Streptococcus,4,101
"(7.745762711864407, 1797.0677966101696)",Streptococcus,4,102
"(7.0, 1820.0)",Streptococcus,4,103
"(6.754385964912281, 1875.4736842105262)",Streptococcus,4,104
"(18.15714285714286, 1586.8785714285714)",Streptococcus,4,107
"(15.65625, 1527.125)",Saccharibacteria,4,110
"(18.38372093023256, 656.8837209302326)",Treponema,4,111
"(29.964028776978417, 11.79136690647482)",Selenomonas,4,113
"(20.355263157894736, 257.39473684210526)",Streptococcus,4,115
"(20.07894736842105, 673.578947368421)",Treponema,4,116
"(17.89830508474576, 107.54237288135593)",Neisseria,4,117
"(19.28205128205128, 608.8717948717949)",Streptococcus,4,122
"(20.063492063492063, 840.0793650793651)",Treponema,4,123
"(20.03076923076923, 961.1692307692308)",Treponema,4,124
"(20.115942028985508, 1081.8695652173913)",Treponema,4,125
"(19.683168316831683, 1108.2277227722773)",Treponema,4,126
"(19.054054054054053, 1212.8783783783783)",Corynebacterium,4,127
"(24.08016877637131, 1549.3755274261603)",Corynebacterium,4,128
"(21.17543859649123, 1681.140350877193)",Streptococcus,4,129
"(19.989247311827956, 1699.1612903225807)",Streptococcus,4,130
"(21.151079136690647, 279.53237410071944)",Streptococcus,4,133
"(20.518072289156628, 383.2168674698795)",Treponema,4,135
"(22.504424778761063, 627.858407079646)",Neisseria,4,136
"(22.80701754385965, 822.2017543859649)",Treponema,4,137
"(21.572916666666668, 873.2708333333334)",Streptococcus,4,138
"(21.173076923076923, 1230.5192307692307)",Corynebacterium,4,140
"(22.27777777777778, 1729.1851851851852)",Streptococcus,4,143
"(24.829787234042552, 75.82978723404256)",Streptococcus,4,147
"(22.71764705882353, 184.14117647058825)",Corynebacterium,4,148
"(22.21212121212121, 401.93939393939394)",Treponema,4,151
"(24.116071428571427, 486.20535714285717)",Streptococcus,4,152
"(21.963414634146343, 733.9512195121952)",Neisseria,4,153
"(22.178571428571427, 809.2857142857143)",Neisseria,4,154
"(22.14814814814815, 883.2592592592592)",Streptococcus,4,155
"(23.747826086956522, 920.3)",Treponema,4,156
"(25.766666666666666, 1012.1444444444444)",Treponema,4,157
"(22.0, 1170.6307692307691)",Treponema,4,158
"(23.97872340425532, 1570.276595744681)",Saccharibacteria,4,159
"(21.984732824427482, 1809.9541984732825)",Streptococcus,4,160
"(22.5, 1957.0)",Streptococcus,4,162
"(28.194915254237287, 136.57627118644066)",Streptococcus,4,163
"(23.96153846153846, 167.57692307692307)",Porphyromonas,4,165
"(23.267441860465116, 541.3139534883721)",Streptococcus,4,169
"(26.744827586206895, 757.2206896551725)",Treponema,4,170
"(27.864583333333332, 782.5052083333334)",Treponema,4,171
"(28.25619834710744, 1038.8595041322315)",Treponema,4,172
"(26.614525139664803, 1151.4469273743016)",Neisseria,4,174
"(27.7375, 1615.125)",Corynebacterium,4,175
"(25.234567901234566, 1627.8271604938273)",Streptococcus,4,176
"(26.77777777777778, 1923.2063492063492)",Streptococcus,4,178
"(24.85185185185185, 1986.2592592592594)",Streptococcus,4,179
"(24.548076923076923, 217.21153846153845)",Streptococcus,4,182
"(25.692307692307693, 434.4230769230769)",Streptococcus,4,183
"(25.671755725190838, 561.1374045801526)",Streptococcus,4,184
"(28.022222222222222, 1492.9155555555556)",Saccharibacteria,4,185
"(26.463917525773194, 1512.7731958762886)",Streptococcus,4,186
"(25.27848101265823, 1642.5696202531647)",Streptococcus,4,187
"(27.643564356435643, 1656.2178217821781)",Streptococcus,4,188
"(27.579710144927535, 1836.2246376811595)",Streptococcus,4,189
"(24.90740740740741, 1937.648148148148)",Streptococcus,4,190
"(25.541666666666668, 93.93055555555556)",Selenomonas,4,191
"(32.46923076923077, 515.9076923076923)",Streptococcus,4,192
"(26.925373134328357, 526.9701492537314)",Streptococcus,4,193
"(25.880597014925375, 798.7611940298508)",Neisseria,4,194
"(28.61627906976744, 1067.3372093023256)",Treponema,4,198
"(25.5, 1768.5)",Streptococcus,4,200
"(32.21649484536083, 645.5051546391752)",Treponema,4,203
"(29.984848484848484, 1201.090909090909)",Saccharibacteria,4,204
"(28.6875, 1859.796875)",Streptococcus,4,206
"(27.758064516129032, 206.33870967741936)",Streptococcus,4,207
"(31.211111111111112, 599.9666666666667)",Streptococcus,4,209
"(30.469135802469136, 953.2592592592592)",Treponema,4,210
"(29.06756756756757, 1052.0405405405406)",Treponema,4,211
"(30.90344827586207, 1096.2620689655173)",Neisseria,4,212
"(35.13559322033898, 1743.0)",Streptococcus,4,213
"(35.541666666666664, 30.083333333333332)",Treponema,4,214
"(30.811023622047244, 105.16535433070867)",Selenomonas,4,215
"(30.906976744186046, 239.5581395348837)",Streptococcus,4,216
"(33.90816326530612, 332.0816326530612)",Treponema,4,218
"(33.01807228915663, 710.5361445783133)",Neisseria,4,221
"(31.779816513761467, 982.4954128440367)",Treponema,4,222
"(28.45098039215686, 994.8235294117648)",Treponema,4,223
"(28.593220338983052, 60.016949152542374)",Streptococcus,4,224
"(30.847826086956523, 151.09782608695653)",Streptococcus,4,225
"(37.15909090909091, 271.60795454545456)",Streptococcus,4,226
"(28.276923076923076, 852.4923076923077)",Treponema,4,229
"(30.59493670886076, 1528.506329113924)",Streptococcus,4,230
"(30.104477611940297, 1673.4925373134329)",Streptococcus,4,231
"(32.252873563218394, 1695.2758620689656)",Streptococcus,4,232
"(30.44, 1969.9333333333334)",Streptococcus,4,233
"(32.666666666666664, 315.28985507246375)",Treponema,4,234
"(32.01449275362319, 502.4782608695652)",Streptococcus,4,235
"(30.3, 833.7)",Treponema,4,236
"(35.13740458015267, 939.2748091603054)",Streptococcus,4,238
"(31.655913978494624, 1215.6559139784947)",Corynebacterium,4,239
"(29.625, 1467.9027777777778)",Actinomyces,4,240
"(30.867924528301888, 1604.9056603773586)",Treponema,4,241
"(31.32894736842105, 1712.328947368421)",Streptococcus,4,242
"(33.142857142857146, 1789.294642857143)",Streptococcus,4,243
"(32.47674418604651, 1907.8953488372092)",Streptococcus,4,245
"(32.220588235294116, 44.455882352941174)",Treponema,4,246
"(31.653846153846153, 742.3653846153846)",Neisseria,4,250
"(34.977653631284916, 1176.731843575419)",Corynebacterium,4,252
"(34.885416666666664, 179.83333333333334)",Streptococcus,4,253
"(34.18666666666667, 490.53333333333336)",Streptococcus,4,255
"(33.29032258064516, 690.0)",Neisseria,4,256
"(36.72, 724.92)",Neisseria,4,257
"(36.385474860335194, 1121.36312849162)",Treponema,4,258
"(32.63953488372093, 1582.1279069767443)",Streptococcus,4,259
"(36.03191489361702, 1724.5212765957447)",Streptococcus,4,260
"(36.59550561797753, 1761.7977528089887)",Streptococcus,4,261
"(33.95744680851064, 1806.563829787234)",Streptococcus,4,262
"(33.958333333333336, 1952.8020833333333)",Streptococcus,4,265
"(35.48245614035088, 365.5)",Treponema,4,266
"(34.354838709677416, 395.44354838709677)",Treponema,4,267
"(38.26086956521739, 608.5565217391304)",Treponema,4,268
"(38.88288288288288, 287.990990990991)",Treponema,4,270
"(35.35849056603774, 544.4905660377359)",Streptococcus,4,271
"(35.25757575757576, 585.6363636363636)",Streptococcus,4,272
"(37.0, 1023.040404040404)",Treponema,4,273
"(36.62686567164179, 1078.641791044776)",Treponema,4,274
"(39.01587301587302, 1232.031746031746)",Saccharibacteria,4,275
"(38.50931677018634, 1450.6149068322982)",Saccharibacteria,4,276
"(35.98412698412698, 1855.142857142857)",Streptococcus,4,277
"(34.7, 1894.8222222222223)",Streptococcus,4,278
"(36.189655172413794, 886.8448275862069)",Streptococcus,4,280
"(37.03448275862069, 1002.6034482758621)",Streptococcus,4,281
"(38.28378378378378, 1688.8108108108108)",Streptococcus,4,282
"(35.51724137931034, 1776.5)",Streptococcus,4,283
"(38.06172839506173, 164.45679012345678)",Streptococcus,4,284
"(37.104166666666664, 224.34375)",Streptococcus,4,285
"(37.955357142857146, 253.83928571428572)",Streptococcus,4,286
"(38.40506329113924, 301.26582278481015)",Streptococcus,4,287
"(37.8411214953271, 675.2056074766355)",Treponema,4,289
"(39.95049504950495, 806.1584158415842)",Neisseria,4,290
"(37.54838709677419, 966.6451612903226)",Treponema,4,291
"(37.625, 1245.75)",Saccharibacteria,4,293
"(37.83157894736842, 851.6842105263158)",Treponema,4,294
"(37.08, 1987.2)",Streptococcus,4,297
"(40.7, 190.35555555555555)",Streptococcus,4,299
"(40.05, 428.7)",Streptococcus,4,300
"(41.111111111111114, 475.9166666666667)",Streptococcus,4,301
"(39.96052631578947, 822.7894736842105)",Streptococcus,4,302
"(39.57142857142857, 1476.8857142857144)",Saccharibacteria,4,303
"(41.895161290322584, 1645.8790322580646)",Streptococcus,4,304
"(40.17307692307692, 1664.4423076923076)",Streptococcus,4,305
"(40.724137931034484, 1707.344827586207)",Streptococcus,4,306
"(39.0875, 1934.0125)",Streptococcus,4,308
"(39.638888888888886, 345.8888888888889)",Streptococcus,4,310
"(40.44444444444444, 448.679012345679)",Streptococcus,4,311
"(38.523809523809526, 576.1111111111111)",Streptococcus,4,312
"(43.73684210526316, 698.421052631579)",Neisseria,4,313
"(40.189655172413794, 863.1724137931035)",Treponema,4,314
"(40.22857142857143, 923.6285714285714)",Treponema,4,315
"(42.554455445544555, 1054.6534653465346)",Treponema,4,316
"(45.449367088607595, 55.86708860759494)",Treponema,4,319
"(41.57142857142857, 467.14285714285717)",Streptococcus,4,320
"(42.48360655737705, 905.6967213114754)",Treponema,4,321
"(46.07971014492754, 1036.5652173913043)",Treponema,4,322
"(41.459016393442624, 1144.9344262295083)",Treponema,4,323
"(44.75609756097561, 1159.658536585366)",Treponema,4,324
"(44.5045045045045, 1557.8648648648648)",Treponema,4,325
"(43.14772727272727, 1573.3977272727273)",Neisseria,4,326
"(48.07738095238095, 115.23809523809524)",Streptococcus,4,327
"(42.523809523809526, 412.87301587301585)",Treponema,4,328
"(43.49152542372882, 564.0762711864406)",Streptococcus,4,329
"(41.75, 1596.4833333333333)",Streptococcus,4,331
"(43.69, 1608.38)",Streptococcus,4,332
"(46.1301775147929, 1821.2721893491125)",Streptococcus,4,333
"(49.52439024390244, 209.6890243902439)",Streptococcus,4,334
"(45.93333333333333, 628.5888888888888)",Treponema,4,336
"(43.31884057971015, 832.8405797101449)",Treponema,4,337
"(43.66, 1193.58)",Corynebacterium,4,338
"(44.849557522123895, 1518.0442477876106)",Treponema,4,339
"(42.68627450980392, 1886.313725490196)",Streptococcus,4,340
"(45.855172413793106, 76.51034482758621)",Streptococcus,4,342
"(44.48275862068966, 766.9310344827586)",Treponema,4,344
"(43.7029702970297, 782.6336633663366)",Treponema,4,345
"(44.44, 997.14)",Treponema,4,346
"(44.71153846153846, 1091.0)",Neisseria,4,347
"(44.186440677966104, 1258.1525423728813)",Actinomyces,4,348
"(44.28846153846154, 319.0576923076923)",Corynebacterium,4,349
"(44.71604938271605, 382.65432098765433)",Treponema,4,350
"(45.526315789473685, 494.57894736842104)",Streptococcus,4,351
"(52.81447963800905, 1012.9276018099547)",Treponema,4,352
"(44.838235294117645, 1205.9117647058824)",Corynebacterium,4,353
"(43.68333333333333, 1219.5)",Saccharibacteria,4,354
"(45.5921052631579, 1427.6973684210527)",Actinomyces,4,355
"(45.79710144927536, 1490.036231884058)",Saccharibacteria,4,356
"(44.89855072463768, 1843.6811594202898)",Streptococcus,4,357
"(46.08196721311475, 1967.311475409836)",Streptococcus,4,358
"(45.265822784810126, 653.9113924050633)",Treponema,4,360
"(45.42, 1753.02)",Streptococcus,4,361
"(48.125, 154.8125)",Streptococcus,4,364
"(47.43636363636364, 237.4909090909091)",Streptococcus,4,365
"(47.642857142857146, 305.39285714285717)",Treponema,4,366
"(47.492537313432834, 545.5970149253732)",Streptococcus,4,367
"(47.52873563218391, 753.4252873563219)",Treponema,4,368
"(48.70802919708029, 1537.6569343065694)",Treponema,4,369
"(47.85294117647059, 1904.8235294117646)",Streptococcus,4,370
"(48.035714285714285, 11.660714285714286)",Capnocytophaga,4,371
"(48.32098765432099, 38.75308641975309)",Streptococcus,4,372
"(53.540983606557376, 457.1967213114754)",Treponema,4,373
"(47.797872340425535, 583.6063829787234)",Streptococcus,4,375
"(47.94915254237288, 960.728813559322)",Treponema,4,376
"(50.95789473684211, 986.8315789473684)",Neisseria,4,377
"(48.70967741935484, 1106.741935483871)",Treponema,4,378
"(47.48275862068966, 1135.5344827586207)",Corynebacterium,4,379
"(48.53225806451613, 1668.6290322580646)",Streptococcus,4,380
"(52.8125, 1953.1458333333333)",Streptococcus,4,383
"(50.28358208955224, 133.37313432835822)",Streptococcus,4,384
"(48.0, 264.5081967213115)",Streptococcus,4,385
"(49.11392405063291, 640.3291139240506)",Treponema,4,387
"(52.13095238095238, 1419.0119047619048)",Actinomyces,4,393
"(50.26984126984127, 1624.2063492063492)",Streptococcus,4,394
"(49.94230769230769, 169.1153846153846)",Streptococcus,4,397
"(52.46534653465346, 249.93069306930693)",Streptococcus,4,398
"(50.46590909090909, 368.07954545454544)",Treponema,4,399
"(50.666666666666664, 685.0769230769231)",Treponema,4,401
"(49.617283950617285, 852.2962962962963)",Corynebacterium,4,402
"(50.48695652173913, 876.6521739130435)",Treponema,4,403
"(49.775862068965516, 947.8448275862069)",Treponema,4,404
"(51.36274509803921, 1064.5392156862745)",Corynebacterium,4,405
"(50.92857142857143, 1081.6964285714287)",Streptococcus,4,406
"(53.494505494505496, 1270.3626373626373)",Actinomyces,4,407
"(55.922413793103445, 1389.1293103448277)",Saccharibacteria,4,408
"(49.96610169491525, 1438.6949152542372)",Saccharibacteria,4,410
"(49.5, 1450.851851851852)",Saccharibacteria,4,411
"(49.0, 1787.2105263157894)",Streptococcus,4,412
"(54.3758865248227, 1798.1843971631206)",Streptococcus,4,413
"(52.214285714285715, 1861.482142857143)",Streptococcus,4,414
"(51.75229357798165, 95.13761467889908)",Streptococcus,4,415
"(52.83783783783784, 190.78378378378378)",Streptococcus,4,416
"(51.55, 340.5833333333333)",Treponema,4,417
"(51.66101694915254, 351.23728813559325)",Treponema,4,418
"(53.214285714285715, 809.0)",Treponema,4,420
"(59.31782945736434, 972.077519379845)",Neisseria,4,421
"(50.95348837209303, 1465.1162790697674)",Saccharibacteria,4,422
"(50.94202898550725, 1925.5942028985507)",Streptococcus,4,425
"(53.18627450980392, 324.01960784313724)",Treponema,4,426
"(52.229885057471265, 1247.3908045977012)",Corynebacterium,4,428
"(52.46052631578947, 1691.157894736842)",Streptococcus,4,429
"(56.180952380952384, 1743.2571428571428)",Streptococcus,4,430
"(56.04032258064516, 225.32258064516128)",Streptococcus,4,431
"(56.90243902439025, 673.0487804878048)",Treponema,4,433
"(55.28735632183908, 785.9310344827586)",Treponema,4,434
"(55.34615384615385, 915.3846153846154)",Streptococcus,4,437
"(53.16867469879518, 1359.987951807229)",Actinomyces,4,439
"(53.64473684210526, 1375.092105263158)",Saccharibacteria,4,440
"(52.19298245614035, 1582.842105263158)",Streptococcus,4,441
"(55.96907216494845, 1657.5051546391753)",Streptococcus,4,442
"(55.764227642276424, 407.6341463414634)",Treponema,4,444
"(53.69642857142857, 436.625)",Corynebacterium,4,445
"(53.766666666666666, 597.7666666666667)",Streptococcus,4,446
"(55.666666666666664, 616.5925925925926)",Streptococcus,4,447
"(55.063291139240505, 739.7721518987341)",Streptococcus,4,448
"(55.8, 1351.0)",Saccharibacteria,4,449
"(58.73456790123457, 1764.2530864197531)",Streptococcus,4,451
"(54.148148148148145, 1849.9259259259259)",Streptococcus,4,452
"(54.24096385542169, 1889.3734939759036)",Streptococcus,4,453
"(55.907407407407405, 1988.1296296296296)",Streptococcus,4,454
"(55.771929824561404, 282.3157894736842)",Treponema,4,455
"(55.77777777777778, 293.1111111111111)",Streptococcus,4,456
"(55.2, 526.3157894736842)",Streptococcus,4,457
"(61.635897435897434, 725.774358974359)",Streptococcus,4,458
"(55.06, 1095.16)",Neisseria,4,459
"(55.86274509803921, 24.941176470588236)",Treponema,4,461
"(58.58064516129032, 484.10967741935485)",Streptococcus,4,462
"(59.83098591549296, 500.76056338028167)",Streptococcus,4,463
"(57.72950819672131, 657.5327868852459)",Treponema,4,464
"(57.40277777777778, 773.4027777777778)",Treponema,4,465
"(56.19607843137255, 1145.4313725490197)",Treponema,4,467
"(57.48598130841121, 1597.2897196261683)",Streptococcus,4,468
"(57.278688524590166, 823.8032786885246)",Treponema,4,471
"(57.65714285714286, 1177.2)",Neisseria,4,474
"(57.729166666666664, 1206.375)",Streptococcus,4,475
"(59.28409090909091, 1340.8977272727273)",Saccharibacteria,4,476
"(58.0, 1572.704918032787)",Treponema,4,477
"(57.19736842105263, 1709.1184210526317)",Streptococcus,4,478
"(61.40163934426229, 1918.1967213114754)",Streptococcus,4,480
"(61.97385620915033, 1939.0718954248366)",Streptococcus,4,481
"(57.916666666666664, 1974.013888888889)",Streptococcus,4,482
"(67.83050847457628, 12.457627118644067)",Streptococcus,4,483
"(60.53763440860215, 389.6559139784946)",Treponema,4,485
"(60.35087719298246, 929.9824561403509)",Treponema,4,488
"(61.059322033898304, 1111.542372881356)",Treponema,4,489
"(59.67741935483871, 1231.1370967741937)",Corynebacterium,4,491
"(59.46825396825397, 1724.6984126984128)",Streptococcus,4,492
"(57.0188679245283, 1816.433962264151)",Streptococcus,4,493
"(59.76842105263158, 1901.8631578947368)",Streptococcus,4,494
"(58.65, 271.7)",Streptococcus,4,496
"(60.2962962962963, 332.94444444444446)",Treponema,4,497
"(58.25757575757576, 362.1969696969697)",Treponema,4,498
"(60.60493827160494, 426.6666666666667)",Streptococcus,4,499
"(61.24418604651163, 544.3139534883721)",Streptococcus,4,500
"(63.43076923076923, 894.6384615384616)",Treponema,4,502
"(62.25961538461539, 984.6057692307693)",Neisseria,4,503
"(67.27857142857142, 1259.442857142857)",Corynebacterium,4,504
"(57.24561403508772, 1314.2631578947369)",Saccharibacteria,4,505
"(63.14685314685315, 306.5944055944056)",Streptococcus,4,508
"(60.311688311688314, 1128.064935064935)",Treponema,4,509
"(61.369369369369366, 1511.027027027027)",Treponema,4,511
"(58.90196078431372, 1614.686274509804)",Streptococcus,4,512
"(62.17857142857143, 81.53571428571429)",Treponema,4,513
"(61.13461538461539, 110.32692307692308)",Streptococcus,4,514
"(64.2051282051282, 130.35897435897436)",Streptococcus,4,515
"(61.68421052631579, 154.6578947368421)",Treponema,4,516
"(67.03333333333333, 516.075)",Treponema,4,517
"(61.89473684210526, 1402.0526315789473)",Streptococcus,4,518
"(62.75675675675676, 1629.337837837838)",Streptococcus,4,519
"(60.19767441860465, 1680.1860465116279)",Streptococcus,4,521
"(63.39047619047619, 171.55238095238096)",Treponema,4,523
"(61.83018867924528, 376.77358490566036)",Treponema,4,524
"(61.36363636363637, 563.3818181818182)",Streptococcus,4,525
"(67.34693877551021, 1308.0714285714287)",Corynebacterium,4,526
"(64.48529411764706, 1826.3676470588234)",Streptococcus,4,528
"(62.43333333333333, 62.53333333333333)",Treponema,4,529
"(63.8041237113402, 449.2783505154639)",Treponema,4,530
"(62.8235294117647, 573.4901960784314)",Streptococcus,4,531
"(62.50909090909091, 629.0)",Streptococcus,4,532
"(62.149253731343286, 696.4029850746268)",Streptococcus,4,533
"(63.391891891891895, 856.2432432432432)",Treponema,4,534
"(62.7972972972973, 953.7162162162163)",Treponema,4,535
"(65.41346153846153, 1070.9711538461538)",Treponema,4,537
"(64.63013698630137, 1086.2465753424658)",Treponema,4,538
"(62.2, 1461.7)",Saccharibacteria,4,541
"(62.717948717948715, 1548.2692307692307)",Neisseria,4,542
"(67.60416666666667, 999.8229166666666)",Treponema,4,545
"(67.12328767123287, 1329.7397260273972)",Corynebacterium,4,547
"(65.72727272727273, 211.6909090909091)",Streptococcus,4,549
"(65.7457627118644, 469.1694915254237)",Streptococcus,4,550
"(64.125, 637.1071428571429)",Streptococcus,4,552
"(68.33557046979865, 878.2214765100671)",Streptococcus,4,555
"(67.08823529411765, 1031.360294117647)",Neisseria,4,556
"(65.26966292134831, 1429.0898876404494)",Saccharibacteria,4,557
"(67.31060606060606, 1449.659090909091)",Corynebacterium,4,558
"(68.03614457831326, 1492.6265060240964)",Corynebacterium,4,560
"(66.76363636363637, 1611.2363636363636)",Streptococcus,4,561
"(67.64462809917356, 1780.8429752066115)",Streptococcus,4,562
"(65.79439252336448, 1842.6448598130842)",Streptococcus,4,563
"(66.63333333333334, 1245.3666666666666)",Treponema,4,565
"(67.22222222222223, 28.25)",Porphyromonas,4,566
"(67.36923076923077, 44.61538461538461)",Treponema,4,567
"(70.34862385321101, 255.44036697247705)",Treponema,4,570
"(66.60810810810811, 531.7702702702703)",Treponema,4,571
"(66.61728395061728, 590.0)",Streptococcus,4,572
"(70.04494382022472, 683.6966292134831)",Streptococcus,4,573
"(72.15584415584415, 1103.3311688311687)",Neisseria,4,575
"(73.234375, 1283.4895833333333)",Streptococcus,4,577
"(66.38888888888889, 1294.611111111111)",Corynebacterium,4,578
"(68.16233766233766, 1372.012987012987)",Streptococcus,4,579
"(66.87837837837837, 1473.1081081081081)",Saccharibacteria,4,580
"(68.93406593406593, 1592.3296703296703)",Corynebacterium,4,581
"(70.31683168316832, 771.7722772277227)",Streptococcus,4,584
"(69.79518072289157, 1162.2771084337348)",Treponema,4,586
"(71.9009900990099, 1192.970297029703)",Neisseria,4,587
"(69.49090909090908, 1529.030303030303)",Treponema,4,589
"(72.46153846153847, 224.04395604395606)",Streptococcus,4,590
"(70.76229508196721, 324.88524590163934)",Treponema,4,591
"(69.59782608695652, 355.6195652173913)",Treponema,4,592
"(67.28947368421052, 807.7631578947369)",Streptococcus,4,594
"(69.22857142857143, 824.6)",Streptococcus,4,595
"(68.03921568627452, 1982.7058823529412)",Streptococcus,4,600
"(68.69354838709677, 122.37096774193549)",Treponema,4,601
"(72.76315789473684, 239.96052631578948)",Streptococcus,4,602
"(73.14925373134328, 402.06716417910445)",Treponema,4,604
"(69.7719298245614, 616.2456140350877)",Streptococcus,4,606
"(73.60919540229885, 757.1609195402299)",Streptococcus,4,607
"(69.50943396226415, 1139.5849056603774)",Neisseria,4,609
"(72.93877551020408, 1178.0408163265306)",Treponema,4,610
"(70.6891891891892, 1731.7837837837837)",Streptococcus,4,612
"(72.62637362637362, 1800.2527472527472)",Streptococcus,4,614
"(73.19736842105263, 1862.7697368421052)",Streptococcus,4,615
"(70.57894736842105, 343.49122807017545)",Treponema,4,617
"(73.1046511627907, 502.80232558139534)",Streptococcus,4,618
"(75.5673076923077, 644.1730769230769)",Streptococcus,4,619
"(77.24242424242425, 713.5909090909091)",Streptococcus,4,621
"(73.0, 864.4925373134329)",Streptococcus,4,622
"(72.05172413793103, 941.1551724137931)",Treponema,4,623
"(73.1951219512195, 1665.560975609756)",Streptococcus,4,625
"(72.53623188405797, 1994.4202898550725)",Streptococcus,4,627
"(72.12631578947368, 270.8)",Treponema,4,628
"(71.94545454545455, 479.8545454545455)",Streptococcus,4,629
"(77.2755905511811, 1415.2125984251968)",Streptococcus,4,631
"(73.3047619047619, 1653.0666666666666)",Streptococcus,4,633
"(74.95505617977528, 1699.123595505618)",Streptococcus,4,634
"(72.98958333333333, 1964.2083333333333)",Streptococcus,4,635
"(72.72857142857143, 369.27142857142854)",Treponema,4,636
"(72.78888888888889, 432.06666666666666)",Treponema,4,637
"(72.72131147540983, 837.4918032786885)",Streptococcus,4,638
"(72.09615384615384, 1550.7692307692307)",Neisseria,4,639
"(74.17647058823529, 1883.686274509804)",Streptococcus,4,640
"(76.07936507936508, 115.0952380952381)",Streptococcus,4,641
"(75.7439024390244, 657.1219512195122)",Streptococcus,4,644
"(73.75438596491227, 672.1754385964912)",Streptococcus,4,645
"(75.0923076923077, 1641.8461538461538)",Streptococcus,4,646
"(77.11888111888112, 1902.7132867132866)",Streptococcus,4,648
"(74.8, 153.16)",Treponema,4,651
"(77.87, 169.49)",Treponema,4,652
"(74.59677419354838, 578.1451612903226)",Streptococcus,4,654
"(74.98214285714286, 953.1607142857143)",Treponema,4,656
"(74.36363636363636, 1121.8545454545454)",Neisseria,4,658
"(75.93055555555556, 1229.125)",Streptococcus,4,659
"(78.32911392405063, 1622.5189873417721)",Streptococcus,4,660
"(77.66141732283465, 1752.9606299212599)",Streptococcus,4,661
"(76.0, 1814.2142857142858)",Streptococcus,4,662
"(74.88461538461539, 88.17307692307692)",Streptococcus,4,663
"(80.92063492063492, 103.87301587301587)",Treponema,4,664
"(75.87037037037037, 189.12962962962962)",Treponema,4,665
"(77.49350649350649, 462.961038961039)",Streptococcus,4,666
"(75.4927536231884, 925.7391304347826)",Neisseria,4,667
"(80.64912280701755, 1507.6842105263158)",Treponema,4,668
"(74.61538461538461, 1714.9038461538462)",Streptococcus,4,669
"(75.52054794520548, 1917.2054794520548)",Streptococcus,4,670
"(76.27777777777777, 1929.8194444444443)",Streptococcus,4,671
"(78.26890756302521, 603.8823529411765)",Streptococcus,4,672
"(77.37735849056604, 627.0)",Fusobacterium,4,673
"(79.13432835820896, 744.2537313432836)",Streptococcus,4,674
"(76.65714285714286, 1081.1571428571428)",Treponema,4,675
"(80.90243902439025, 1610.1626016260163)",Treponema,4,677
"(80.2063492063492, 1675.031746031746)",Streptococcus,4,678
"(81.20289855072464, 806.1449275362319)",Streptococcus,4,679
"(79.51666666666667, 1000.4166666666666)",Treponema,4,680
"(81.48484848484848, 1203.2323232323233)",Neisseria,4,681
"(84.30167597765363, 1242.1564245810057)",Treponema,4,682
"(80.36190476190477, 1403.1142857142856)",Streptococcus,4,684
"(79.5625, 46.4375)",Treponema,4,686
"(82.496, 450.688)",Streptococcus,4,687
"(80.34545454545454, 566.1272727272727)",Streptococcus,4,688
"(82.25, 731.0)",Streptococcus,4,689
"(80.64615384615385, 781.3230769230769)",Streptococcus,4,690
"(81.60606060606061, 791.969696969697)",Streptococcus,4,691
"(80.6195652173913, 1022.0652173913044)",Neisseria,4,693
"(81.41284403669725, 1347.0642201834862)",Streptococcus,4,694
"(84.67808219178082, 1575.8013698630136)",Neisseria,4,695
"(78.75961538461539, 1832.2211538461538)",Streptococcus,4,697
"(79.02, 32.08)",Streptococcus,4,698
"(80.0, 62.53846153846154)",Treponema,4,699
"(83.72868217054264, 76.83720930232558)",Streptococcus,4,700
"(81.59677419354838, 212.58064516129033)",Treponema,4,701
"(80.47222222222223, 285.8333333333333)",Treponema,4,702
"(81.93582887700535, 301.7754010695187)",Treponema,4,703
"(80.59756097560975, 536.390243902439)",Treponema,4,704
"(79.29032258064517, 904.9516129032259)",Treponema,4,706
"(82.0327868852459, 931.6065573770492)",Neisseria,4,707
"(84.05940594059406, 985.8613861386139)",Treponema,4,708
"(79.11320754716981, 1091.7169811320755)",Treponema,4,709
"(83.36036036036036, 1308.1891891891892)",Streptococcus,4,710
"(78.80373831775701, 1475.6448598130842)",Streptococcus,4,711
"(82.40277777777777, 1787.3194444444443)",Streptococcus,4,714
"(79.84, 1941.34)",Streptococcus,4,715
"(81.66666666666667, 126.9753086419753)",Streptococcus,4,716
"(83.14772727272727, 138.0)",Treponema,4,717
"(81.65384615384616, 388.04615384615386)",Treponema,4,718
"(79.92307692307692, 417.32307692307694)",Corynebacterium,4,719
"(81.26966292134831, 696.6516853932584)",Streptococcus,4,723
"(86.60655737704919, 1157.22131147541)",Treponema,4,724
"(81.07462686567165, 1560.3283582089553)",Neisseria,4,725
"(82.68055555555556, 437.0416666666667)",Streptococcus,4,726
"(84.17894736842105, 479.1684210526316)",Streptococcus,4,727
"(82.31460674157303, 1040.6966292134832)",Neisseria,4,728
"(83.29310344827586, 1068.8103448275863)",Treponema,4,729
"(84.07692307692308, 1330.448717948718)",Streptococcus,4,730
"(83.0, 1762.5555555555557)",Streptococcus,4,731
"(86.28767123287672, 11.397260273972602)",Streptococcus,4,732
"(83.0875, 965.6375)",Treponema,4,733
"(82.12857142857143, 1055.5714285714287)",Treponema,4,734
"(81.82692307692308, 1145.7307692307693)",Treponema,4,735
"(85.6774193548387, 1268.3629032258063)",Streptococcus,4,736
"(86.58333333333333, 1427.9166666666667)",Streptococcus,4,737
"(82.75757575757575, 1590.378787878788)",Neisseria,4,738
"(85.53763440860214, 374.6774193548387)",Treponema,4,739
"(88.83406113537117, 519.1222707423581)",Treponema,4,741
"(83.98039215686275, 847.1960784313726)",Streptococcus,4,743
"(84.14035087719299, 917.6842105263158)",Treponema,4,744
"(87.48571428571428, 944.6857142857143)",Treponema,4,745
"(84.78632478632478, 1490.7179487179487)",Corynebacterium,4,747
"(84.96610169491525, 1518.6271186440679)",Neisseria,4,748
"(87.0752688172043, 1534.010752688172)",Neisseria,4,749
"(85.6027397260274, 1687.0958904109589)",Streptococcus,4,750
"(84.87878787878788, 1723.20202020202)",Streptococcus,4,751
"(85.69014084507042, 1806.7323943661972)",Streptococcus,4,752
"(83.625, 1874.359375)",Streptococcus,4,753
"(82.98850574712644, 1984.3103448275863)",Streptococcus,4,754
"(85.68831168831169, 154.53246753246754)",Treponema,4,755
"(88.26086956521739, 190.0108695652174)",Treponema,4,756
"(84.992, 251.208)",Streptococcus,4,757
"(85.91208791208791, 271.4175824175824)",Streptococcus,4,758
"(87.25316455696202, 752.0759493670886)",Streptococcus,4,759
"(89.27722772277228, 1218.8316831683169)",Corynebacterium,4,761
"(87.44318181818181, 1459.3977272727273)",Streptococcus,4,763
"(85.61052631578947, 1544.7263157894736)",Neisseria,4,764
"(84.7258064516129, 1952.4193548387098)",Streptococcus,4,765
"(89.77777777777777, 204.05555555555554)",Streptococcus,4,766
"(87.23076923076923, 317.6923076923077)",Treponema,4,767
"(85.83529411764705, 359.8588235294118)",Treponema,4,768
"(95.25570776255708, 590.9543378995434)",Streptococcus,4,769
"(88.7080291970803, 767.7226277372263)",Streptococcus,4,770
"(86.87719298245614, 819.5087719298245)",Streptococcus,4,771
"(86.79032258064517, 975.5967741935484)",Neisseria,4,772
"(88.85227272727273, 1372.6931818181818)",Streptococcus,4,775
"(85.58, 1706.8)",Streptococcus,4,776
"(89.74074074074075, 226.3111111111111)",Streptococcus,4,777
"(88.60396039603961, 577.8019801980198)",Streptococcus,4,778
"(91.67883211678833, 630.8175182481751)",Streptococcus,4,779
"(90.57894736842105, 889.5894736842105)",Streptococcus,4,780
"(88.58208955223881, 1116.1641791044776)",Neisseria,4,782
"(93.99459459459459, 1138.7945945945946)",Neisseria,4,783
"(87.12280701754386, 1191.2280701754387)",Treponema,4,784
"(92.76377952755905, 1298.015748031496)",Streptococcus,4,785
"(88.05825242718447, 1849.1650485436894)",Streptococcus,4,787
"(86.55, 1969.6166666666666)",Streptococcus,4,788
"(88.3125, 549.3958333333334)",Treponema,4,789
"(89.28, 1834.28)",Streptococcus,4,792
"(88.98214285714286, 347.2142857142857)",Treponema,4,793
"(91.68253968253968, 676.6190476190476)",Streptococcus,4,794
"(91.13461538461539, 687.8846153846154)",Streptococcus,4,795
"(88.78666666666666, 860.2533333333333)",Streptococcus,4,796
"(89.33333333333333, 873.3859649122807)",Streptococcus,4,797
"(89.82352941176471, 1777.6176470588234)",Streptococcus,4,800
"(90.76923076923077, 92.48717948717949)",Treponema,4,802
"(91.59550561797752, 335.86516853932585)",Treponema,4,803
"(92.32352941176471, 1086.6568627450981)",Treponema,4,804
"(93.40944881889764, 419.3543307086614)",Treponema,4,807
"(94.93650793650794, 496.8095238095238)",Treponema,4,808
"(93.17045454545455, 611.875)",Streptococcus,4,809
"(89.60317460317461, 648.6825396825396)",Porphyromonas,4,810
"(91.3125, 834.125)",Streptococcus,4,811
"(91.44, 1396.9466666666667)",Streptococcus,4,812
"(89.64, 1635.8)",Streptococcus,4,814
"(93.73239436619718, 1648.7323943661972)",Streptococcus,4,815
"(91.5049504950495, 1664.7227722772277)",Streptococcus,4,816
"(90.796875, 1885.6875)",Streptococcus,4,817
"(91.4920634920635, 1445.6190476190477)",Streptococcus,4,822
"(96.12096774193549, 1921.5645161290322)",Streptococcus,4,823
"(92.85074626865672, 1936.1940298507463)",Streptococcus,4,824
"(96.42276422764228, 31.6260162601626)",Treponema,4,825
"(94.41509433962264, 239.0188679245283)",Streptococcus,4,826
"(93.1842105263158, 473.38157894736844)",Streptococcus,4,827
"(92.10144927536231, 711.8695652173913)",Streptococcus,4,828
"(101.49350649350649, 1287.0)",Streptococcus,4,829
"(95.2051282051282, 1321.7307692307693)",Streptococcus,4,830
"(95.34545454545454, 184.38181818181818)",Streptococcus,4,832
"(94.49473684210527, 930.5157894736842)",Treponema,4,833
"(94.92592592592592, 1018.2148148148148)",Neisseria,4,834
"(94.08771929824562, 1467.842105263158)",Treponema,4,836
"(98.33695652173913, 1502.7826086956522)",Neisseria,4,837
"(94.29508196721312, 1898.622950819672)",Corynebacterium,4,840
"(97.92156862745098, 107.01307189542484)",Treponema,4,841
"(104.51162790697674, 268.153488372093)",Streptococcus,4,842
"(96.27966101694915, 290.8728813559322)",Streptococcus,4,843
"(96.17045454545455, 405.78409090909093)",Streptococcus,4,844
"(95.8659793814433, 439.12371134020617)",Streptococcus,4,845
"(96.01492537313433, 655.179104477612)",Streptococcus,4,846
"(95.0925925925926, 778.8148148148148)",Porphyromonas,4,848
"(94.8076923076923, 1055.0)",Treponema,4,849
"(94.41935483870968, 1733.3333333333333)",Streptococcus,4,852
"(96.09677419354838, 71.56451612903226)",Treponema,4,853
"(96.98809523809524, 564.8571428571429)",Treponema,4,855
"(97.37373737373737, 997.2525252525253)",Treponema,4,856
"(101.608, 1032.192)",Treponema,4,857
"(95.90361445783132, 1074.44578313253)",Treponema,4,859
"(97.44615384615385, 1126.2153846153847)",Neisseria,4,860
"(98.07913669064749, 1562.9496402877699)",Neisseria,4,861
"(97.78014184397163, 1597.1418439716313)",Neisseria,4,862
"(100.05747126436782, 1628.0229885057472)",Streptococcus,4,863
"(100.34710743801652, 1711.01652892562)",Streptococcus,4,865
"(98.7258064516129, 1757.032258064516)",Streptococcus,4,866
"(100.25352112676056, 1821.3661971830986)",Streptococcus,4,867
"(101.08771929824562, 1950.7719298245613)",Streptococcus,4,868
"(100.56521739130434, 12.326086956521738)",Corynebacterium,4,870
"(99.12307692307692, 135.92307692307693)",Treponema,4,871
"(97.0, 359.88)",Streptococcus,4,875
"(98.64583333333333, 458.0416666666667)",Streptococcus,4,876
"(105.20422535211267, 809.6619718309859)",Streptococcus,4,877
"(98.0875, 906.3875)",Streptococcus,4,878
"(98.17460317460318, 1176.857142857143)",Treponema,4,881
"(100.93838862559242, 1255.5829383886255)",Streptococcus,4,882
"(103.51973684210526, 1389.046052631579)",Streptococcus,4,883
"(99.54054054054055, 1960.9864864864865)",Streptococcus,4,884
"(101.03603603603604, 789.9639639639639)",Streptococcus,4,885
"(101.08433734939759, 823.1686746987951)",Streptococcus,4,886
"(101.80898876404494, 1193.370786516854)",Treponema,4,887
"(101.09638554216868, 1491.2771084337348)",Neisseria,4,889
"(100.01515151515152, 1515.1060606060605)",Neisseria,4,890
"(100.09210526315789, 1578.2631578947369)",Neisseria,4,891
"(100.36263736263736, 1688.967032967033)",Streptococcus,4,892
"(98.60655737704919, 1783.377049180328)",Streptococcus,4,893
"(98.82716049382717, 1803.4197530864199)",Streptococcus,4,894
"(99.84782608695652, 1849.4130434782608)",Streptococcus,4,895
"(99.41176470588235, 1973.9607843137255)",Streptococcus,4,896
"(99.2840909090909, 1992.840909090909)",Streptococcus,4,897
"(101.94262295081967, 170.20491803278688)",Treponema,4,898
"(99.8840579710145, 207.92753623188406)",Treponema,4,899
"(100.37142857142857, 535.8857142857142)",Treponema,4,901
"(99.64285714285714, 756.9571428571429)",Streptococcus,4,903
"(101.71, 1101.22)",Treponema,4,906
"(98.64285714285714, 1544.0714285714287)",Neisseria,4,908
"(104.52150537634408, 148.48387096774192)",Neisseria,4,910
"(100.36363636363636, 372.8363636363636)",Streptococcus,4,911
"(102.88679245283019, 394.91509433962267)",Streptococcus,4,912
"(102.48958333333333, 851.2291666666666)",Streptococcus,4,914
"(101.46551724137932, 915.8620689655172)",Streptococcus,4,915
"(101.86206896551724, 1207.396551724138)",Treponema,4,916
"(101.95384615384616, 1358.4923076923078)",Treponema,4,917
"(101.87272727272727, 1640.1272727272728)",Streptococcus,4,918
"(102.4, 346.58181818181816)",Streptococcus,4,919
"(103.13461538461539, 550.6730769230769)",Neisseria,4,920
"(102.34736842105264, 1223.4736842105262)",Streptococcus,4,922
"(102.74324324324324, 1271.581081081081)",Streptococcus,4,923
"(104.52941176470588, 1478.3865546218487)",Selenomonas,4,924
"(101.56603773584905, 1723.0)",Streptococcus,4,925
"(101.27118644067797, 1874.8135593220338)",Streptococcus,4,926
"(106.57142857142857, 227.4795918367347)",Treponema,4,927
"(103.21428571428571, 672.1964285714286)",Streptococcus,4,929
"(102.40983606557377, 837.344262295082)",Streptococcus,4,932
"(103.6842105263158, 871.4736842105264)",Streptococcus,4,933
"(102.57692307692308, 894.2884615384615)",Streptococcus,4,934
"(108.47826086956522, 970.7329192546584)",Treponema,4,935
"(105.65413533834587, 1311.8345864661653)",Streptococcus,4,937
"(105.61607142857143, 1425.0)",Streptococcus,4,938
"(103.96, 1904.4)",Streptococcus,4,939
"(111.35087719298245, 59.07017543859649)",Neisseria,4,940
"(103.68333333333334, 316.05)",Streptococcus,4,942
"(106.0, 1060.3456790123457)",Streptococcus,4,943
"(107.79761904761905, 1335.4285714285713)",Treponema,4,944
"(104.43076923076923, 1526.3538461538462)",Neisseria,4,946
"(106.75555555555556, 1619.3333333333333)",Streptococcus,4,947
"(108.72868217054264, 1888.4186046511627)",Streptococcus,4,950
"(106.01176470588236, 692.1058823529412)",Streptococcus,4,952
"(105.07377049180327, 1372.688524590164)",Streptococcus,4,953
"(109.40972222222223, 1746.5694444444443)",Streptococcus,4,954
"(106.20370370370371, 88.16666666666667)",Treponema,4,955
"(105.88118811881188, 333.48514851485146)",Streptococcus,4,956
"(106.3780487804878, 572.7560975609756)",Treponema,4,957
"(106.70093457943925, 707.8691588785047)",Streptococcus,4,958
"(106.42857142857143, 1113.2539682539682)",Treponema,4,959
"(108.66666666666667, 1161.0884353741496)",Treponema,4,960
"(108.98089171974522, 1935.2292993630574)",Streptococcus,4,962
"(107.24528301886792, 197.67924528301887)",Streptococcus,4,963
"(107.04, 422.22)",Streptococcus,4,964
"(107.91803278688525, 526.2459016393443)",Treponema,4,965
"(107.79710144927536, 987.231884057971)",Treponema,4,967
"(106.48333333333333, 1238.3333333333333)",Streptococcus,4,969
"(110.92805755395683, 1545.1438848920864)",Neisseria,4,970
"(107.81818181818181, 1865.959595959596)",Streptococcus,4,971
"(108.01666666666667, 241.11666666666667)",Streptococcus,4,973
"(109.3076923076923, 487.75824175824175)",Treponema,4,976
"(119.56521739130434, 606.6135265700483)",Neisseria,4,977
"(108.27272727272727, 724.9848484848485)",Streptococcus,4,978
"(108.12, 887.38)",Streptococcus,4,979
"(108.36458333333333, 943.03125)",Streptococcus,4,980
"(109.09565217391304, 1468.5826086956522)",Porphyromonas,4,981
"(111.03225806451613, 1665.7903225806451)",Streptococcus,4,982
"(111.06060606060606, 76.16666666666667)",Treponema,4,984
"(110.75206611570248, 291.0413223140496)",Streptococcus,4,985
"(109.67924528301887, 380.62264150943395)",Streptococcus,4,986
"(115.03846153846153, 437.40384615384613)",Streptococcus,4,987
"(109.87671232876713, 926.068493150685)",Streptococcus,4,988
"(109.41269841269842, 1410.7460317460318)",Treponema,4,990
"(112.98518518518519, 1449.8296296296296)",Streptococcus,4,991
"(109.1470588235294, 1792.8235294117646)",Streptococcus,4,992
"(111.6969696969697, 105.8989898989899)",Treponema,4,994
"(108.6923076923077, 125.6923076923077)",Streptococcus,4,995
"(109.6969696969697, 470.04545454545456)",Streptococcus,4,997
"(112.97029702970298, 618.7425742574258)",Streptococcus,4,998
"(114.48630136986301, 770.7328767123288)",Streptococcus,4,999
"(114.03896103896103, 1120.2987012987012)",Corynebacterium,4,1000
"(114.23809523809524, 1140.4920634920634)",Neisseria,4,1001
"(110.625, 1347.7142857142858)",Treponema,4,1002
"(109.47169811320755, 1605.4150943396226)",Treponema,4,1003
"(116.31914893617021, 1437.2978723404256)",Streptococcus,4,1006
"(111.80882352941177, 1912.2058823529412)",Streptococcus,4,1007
"(113.71428571428571, 180.19387755102042)",Neisseria,4,1008
"(111.82456140350877, 215.35087719298247)",Streptococcus,4,1009
"(112.92553191489361, 1185.0531914893618)",Neisseria,4,1015
"(113.96470588235294, 1517.164705882353)",Neisseria,4,1016
"(115.80701754385964, 1586.9473684210527)",Neisseria,4,1017
"(112.25641025641026, 1777.8119658119658)",Streptococcus,4,1019
"(115.02439024390245, 1847.280487804878)",Streptococcus,4,1020
"(112.45454545454545, 1969.6363636363637)",Streptococcus,4,1021
"(114.75, 33.145833333333336)",Treponema,4,1022
"(115.05681818181819, 499.28409090909093)",Treponema,4,1025
"(112.9423076923077, 800.3461538461538)",Streptococcus,4,1027
"(113.66304347826087, 862.2282608695652)",Streptococcus,4,1028
"(114.6842105263158, 1686.4868421052631)",Treponema,4,1029
"(113.16129032258064, 1993.5)",Streptococcus,4,1031
"(123.59302325581395, 12.616279069767442)",Treponema,4,1032
"(115.62626262626263, 676.3939393939394)",Streptococcus,4,1034
"(113.6969696969697, 749.1969696969697)",Streptococcus,4,1035
"(113.0, 1076.3365384615386)",Treponema,4,1037
"(113.43103448275862, 1697.2758620689656)",Streptococcus,4,1038
"(115.15151515151516, 1712.5151515151515)",Streptococcus,4,1039
"(113.42696629213484, 1810.6629213483145)",Streptococcus,4,1040
"(114.4054054054054, 1828.2702702702702)",Streptococcus,4,1041
"(118.89759036144578, 634.7831325301205)",Streptococcus,4,1042
"(116.7159090909091, 787.3409090909091)",Streptococcus,4,1043
"(117.60975609756098, 1034.9207317073171)",Treponema,4,1045
"(115.02777777777777, 1205.9351851851852)",Treponema,4,1046
"(121.93548387096774, 1336.6532258064517)",Treponema,4,1047
"(114.97590361445783, 1633.8313253012047)",Treponema,4,1048
"(117.94805194805195, 1759.5454545454545)",Streptococcus,4,1049
"(115.4931506849315, 45.75342465753425)",Treponema,4,1050
"(115.03921568627452, 206.80392156862746)",Treponema,4,1051
"(123.62732919254658, 319.77639751552795)",Streptococcus,4,1052
"(120.62037037037037, 910.3425925925926)",Treponema,4,1056
"(116.77142857142857, 1227.0)",Treponema,4,1057
"(119.16091954022988, 1500.8218390804598)",Neisseria,4,1058
"(118.72527472527473, 1552.2527472527472)",Neisseria,4,1059
"(120.29069767441861, 356.43023255813955)",Streptococcus,4,1060
"(117.3855421686747, 457.12048192771084)",Streptococcus,4,1061
"(118.55294117647058, 521.1058823529412)",Streptococcus,4,1062
"(118.16923076923077, 661.3846153846154)",Streptococcus,4,1064
"(119.203125, 760.109375)",Streptococcus,4,1065
"(119.90322580645162, 1572.75)",Neisseria,4,1066
"(121.54700854700855, 1732.2222222222222)",Streptococcus,4,1067
"(118.5, 1944.388888888889)",Streptococcus,4,1068
"(123.94444444444444, 141.58333333333334)",Treponema,4,1069
"(122.08176100628931, 387.27672955974845)",Streptococcus,4,1070
"(121.43262411347517, 593.8085106382979)",Neisseria,4,1071
"(121.58653846153847, 649.6346153846154)",Streptococcus,4,1072
"(121.33783783783784, 949.1756756756756)",Streptococcus,4,1075
"(121.63, 992.24)",Treponema,4,1076
"(117.86792452830188, 1102.2830188679245)",Streptococcus,4,1078
"(124.85401459854015, 1170.3065693430658)",Neisseria,4,1079
"(123.54901960784314, 1249.111111111111)",Treponema,4,1080
"(118.4423076923077, 1598.8846153846155)",Treponema,4,1083
"(124.04385964912281, 71.48245614035088)",Neisseria,4,1085
"(120.8961038961039, 194.7792207792208)",Treponema,4,1087
"(120.80952380952381, 369.5)",Streptococcus,4,1088
"(122.56153846153846, 570.5846153846154)",Neisseria,4,1091
"(119.33695652173913, 696.8152173913044)",Streptococcus,4,1093
"(119.97435897435898, 936.1794871794872)",Streptococcus,4,1095
"(120.0375, 1235.0125)",Treponema,4,1096
"(123.7030303030303, 1378.0424242424242)",Streptococcus,4,1098
"(119.23636363636363, 1677.090909090909)",Treponema,4,1099
"(120.88679245283019, 1802.4905660377358)",Streptococcus,4,1100
"(118.66, 1837.1)",Streptococcus,4,1101
"(118.10169491525424, 1900.4745762711864)",Streptococcus,4,1102
"(119.10606060606061, 1958.6818181818182)",Streptococcus,4,1103
"(120.03703703703704, 240.61111111111111)",Treponema,4,1106
"(123.98958333333333, 1298.53125)",Streptococcus,4,1109
"(119.52941176470588, 1355.6823529411765)",Treponema,4,1110
"(122.39, 1611.22)",Neisseria,4,1111
"(124.11214953271028, 1644.018691588785)",Treponema,4,1112
"(123.80412371134021, 115.01546391752578)",Treponema,4,1114
"(121.0, 225.28301886792454)",Treponema,4,1115
"(120.48314606741573, 737.1011235955057)",Streptococcus,4,1116
"(123.31818181818181, 824.3863636363636)",Streptococcus,4,1117
"(120.8, 1063.6)",Streptococcus,4,1119
"(121.84158415841584, 1317.3861386138615)",Streptococcus,4,1120
"(121.37391304347825, 1400.0260869565218)",Streptococcus,4,1121
"(121.515625, 1697.75)",Treponema,4,1122
"(120.73684210526316, 159.6140350877193)",Neisseria,4,1123
"(123.58385093167702, 416.8074534161491)",Streptococcus,4,1124
"(123.56028368794327, 480.2411347517731)",Treponema,4,1125
"(122.2125, 716.7)",Streptococcus,4,1126
"(124.47474747474747, 876.9090909090909)",Streptococcus,4,1127
"(124.78504672897196, 1268.6822429906542)",Treponema,4,1128
"(123.27551020408163, 1866.295918367347)",Streptococcus,4,1130
"(123.80869565217391, 1926.1913043478262)",Streptococcus,4,1132
"(128.5185185185185, 94.04629629629629)",Treponema,4,1133
"(124.27551020408163, 278.4795918367347)",Streptococcus,4,1134
"(124.46341463414635, 962.2926829268292)",Streptococcus,4,1136
"(124.08620689655173, 1132.3793103448277)",Neisseria,4,1137
"(126.64356435643565, 1467.9405940594058)",Streptococcus,4,1138
"(122.6, 1479.3857142857144)",Treponema,4,1139
"(123.6842105263158, 1532.0657894736842)",Neisseria,4,1140
"(122.4423076923077, 1975.826923076923)",Streptococcus,4,1141
"(123.03636363636363, 258.6181818181818)",Corynebacterium,4,1142
"(131.09036144578315, 297.1385542168675)",Streptococcus,4,1143
"(125.55555555555556, 835.8787878787879)",Streptococcus,4,1144
"(124.7127659574468, 1007.4787234042553)",Treponema,4,1146
"(123.69354838709677, 1420.9354838709678)",Treponema,4,1147
"(126.6986301369863, 183.97260273972603)",Neisseria,4,1148
"(125.46913580246914, 343.7037037037037)",Streptococcus,4,1149
"(126.49253731343283, 1081.955223880597)",Streptococcus,4,1150
"(131.84023668639054, 1769.8934911242604)",Streptococcus,4,1151
"(126.7710843373494, 208.3012048192771)",Treponema,4,1154
"(126.4375, 803.453125)",Streptococcus,4,1157
"(130.2420382165605, 1153.7898089171974)",Neisseria,4,1159
"(125.84210526315789, 1519.7763157894738)",Neisseria,4,1160
"(128.11111111111111, 1891.3950617283951)",Streptococcus,4,1161
"(127.390625, 466.484375)",Treponema,4,1162
"(127.12727272727273, 787.0181818181818)",Streptococcus,4,1163
"(128.5875, 848.175)",Streptococcus,4,1164
"(132.01063829787233, 1098.4255319148936)",Treponema,4,1165
"(127.13725490196079, 1109.0980392156862)",Treponema,4,1166
"(127.515625, 1123.640625)",Neisseria,4,1167
"(130.5681818181818, 1564.2727272727273)",Neisseria,4,1168
"(129.7826086956522, 46.85507246376812)",Neisseria,4,1171
"(130.1076923076923, 239.23076923076923)",Treponema,4,1172
"(129.3421052631579, 1183.2368421052631)",Neisseria,4,1175
"(127.63461538461539, 1447.7692307692307)",Streptococcus,4,1176
"(129.47899159663865, 1665.2521008403362)",Treponema,4,1177
"(130.44210526315788, 753.0315789473684)",Streptococcus,4,1178
"(129.29310344827587, 862.8448275862069)",Streptococcus,4,1179
"(130.86904761904762, 896.452380952381)",Treponema,4,1180
"(133.5, 1358.0934065934066)",Treponema,4,1182
"(132.36904761904762, 1819.9642857142858)",Streptococcus,4,1183
"(129.05263157894737, 1830.842105263158)",Streptococcus,4,1184
"(129.8732394366197, 32.15492957746479)",Neisseria,4,1186
"(131.16483516483515, 224.4945054945055)",Treponema,4,1187
"(136.81428571428572, 247.99285714285713)",Treponema,4,1188
"(130.45098039215685, 521.1372549019608)",Treponema,4,1189
"(130.83333333333334, 551.7777777777778)",Treponema,4,1190
"(128.95945945945945, 663.0945945945946)",Streptococcus,4,1191
"(133.31952662721895, 716.698224852071)",Streptococcus,4,1192
"(132.37179487179486, 733.1282051282051)",Streptococcus,4,1193
"(130.64705882352942, 1058.862745098039)",Treponema,4,1194
"(135.03030303030303, 1287.7878787878788)",Treponema,4,1195
"(130.01234567901236, 1492.037037037037)",Treponema,4,1196
"(131.7840909090909, 680.7727272727273)",Streptococcus,4,1199
"(138.15891472868216, 1789.4651162790697)",Streptococcus,4,1203
"(131.86458333333334, 1955.40625)",Streptococcus,4,1205
"(131.40277777777777, 1985.3472222222222)",Streptococcus,4,1206
"(133.44594594594594, 535.2027027027027)",Treponema,4,1208
"(132.9298245614035, 587.5263157894736)",Neisseria,4,1209
"(131.7058823529412, 1039.686274509804)",Treponema,4,1210
"(132.78787878787878, 1221.939393939394)",Treponema,4,1211
"(132.5441176470588, 1595.514705882353)",Treponema,4,1213
"(131.47457627118644, 1625.2203389830509)",Treponema,4,1214
"(131.02173913043478, 1683.4565217391305)",Treponema,4,1215
"(137.89880952380952, 1751.9880952380952)",Streptococcus,4,1216
"(133.47457627118644, 1910.7542372881355)",Streptococcus,4,1217
"(137.12727272727273, 1969.2818181818182)",Corynebacterium,4,1218
"(136.5242718446602, 271.3592233009709)",Treponema,4,1219
"(132.6271186440678, 499.0508474576271)",Treponema,4,1220
"(132.51388888888889, 619.6944444444445)",Treponema,4,1221
"(135.44, 801.44)",Streptococcus,4,1222
"(133.71212121212122, 1021.2575757575758)",Treponema,4,1223
"(134.66666666666666, 1070.8939393939395)",Corynebacterium,4,1224
"(137.52845528455285, 1323.9756097560976)",Streptococcus,4,1225
"(133.53846153846155, 1694.6153846153845)",Treponema,4,1227
"(133.33333333333334, 561.2407407407408)",Treponema,4,1228
"(135.21818181818182, 930.7636363636364)",Treponema,4,1229
"(135.52941176470588, 955.9852941176471)",Streptococcus,4,1230
"(134.0344827586207, 1235.2068965517242)",Treponema,4,1231
"(134.3452380952381, 1938.5595238095239)",Streptococcus,4,1234
"(133.9078947368421, 378.67105263157896)",Streptococcus,4,1237
"(134.10344827586206, 456.8103448275862)",Treponema,4,1241
"(139.23931623931625, 768.8034188034188)",Streptococcus,4,1242
"(136.11904761904762, 1143.6785714285713)",Neisseria,4,1243
"(139.1640625, 1210.3671875)",Treponema,4,1244
"(137.64885496183206, 1306.5801526717557)",Streptococcus,4,1245
"(138.95104895104896, 1383.1468531468531)",Treponema,4,1246
"(135.79365079365078, 1552.4761904761904)",Neisseria,4,1247
"(133.83928571428572, 1613.7857142857142)",Neisseria,4,1248
"(136.05494505494505, 358.1098901098901)",Streptococcus,4,1250
"(138.17142857142858, 699.1333333333333)",Treponema,4,1251
"(136.59154929577466, 813.9718309859155)",Streptococcus,4,1252
"(136.88709677419354, 1702.258064516129)",Treponema,4,1254
"(135.8842105263158, 1848.7894736842106)",Streptococcus,4,1255
"(138.32978723404256, 124.51063829787235)",Treponema,4,1256
"(137.08064516129033, 399.48387096774195)",Treponema,4,1257
"(143.79661016949152, 507.1073446327684)",Treponema,4,1258
"(143.5117370892019, 575.8779342723004)",Treponema,4,1259
"(138.91228070175438, 635.1929824561404)",Treponema,4,1260
"(137.90769230769232, 744.0153846153846)",Streptococcus,4,1261
"(143.66153846153847, 944.1846153846154)",Treponema,4,1262
"(139.80869565217392, 988.3130434782609)",Treponema,4,1263
"(139.65811965811966, 1407.1837606837607)",Streptococcus,4,1265
"(136.7, 1716.08)",Treponema,4,1266
"(143.0952380952381, 12.428571428571429)",Treponema,4,1268
"(137.86206896551724, 71.75862068965517)",Neisseria,4,1269
"(141.03529411764706, 471.9764705882353)",Treponema,4,1271
"(137.93055555555554, 877.0694444444445)",Streptococcus,4,1272
"(136.16666666666666, 975.0)",Streptococcus,4,1273
"(138.88135593220338, 1577.0338983050847)",Neisseria,4,1274
"(141.00709219858157, 1649.9574468085107)",Treponema,4,1275
"(138.18571428571428, 1881.7857142857142)",Streptococcus,4,1276
"(141.1290322580645, 151.38709677419354)",Treponema,4,1277
"(143.23711340206185, 166.55670103092783)",Neisseria,4,1278
"(138.74576271186442, 493.0508474576271)",Treponema,4,1279
"(142.27358490566039, 785.9150943396227)",Streptococcus,4,1281
"(139.93023255813952, 905.1395348837209)",Neisseria,4,1282
"(140.62, 1194.87)",Treponema,4,1283
"(139.33333333333334, 1258.2063492063492)",Treponema,4,1284
"(137.84057971014494, 1529.5217391304348)",Neisseria,4,1285
"(140.51764705882354, 1632.8588235294117)",Treponema,4,1286
"(146.9945355191257, 204.55737704918033)",Treponema,4,1287
"(139.9558823529412, 330.02941176470586)",Porphyromonas,4,1288
"(140.79012345679013, 825.925925925926)",Streptococcus,4,1290
"(146.01694915254237, 1030.6610169491526)",Streptococcus,4,1291
"(140.80327868852459, 1428.4426229508197)",Streptococcus,4,1293
"(141.94957983193277, 52.88235294117647)",Neisseria,4,1294
"(142.54430379746836, 107.0253164556962)",Streptococcus,4,1295
"(142.45454545454547, 138.03636363636363)",Treponema,4,1296
"(141.8875, 341.625)",Streptococcus,4,1297
"(141.30985915492957, 373.19718309859155)",Streptococcus,4,1298
"(140.28846153846155, 841.5384615384615)",Corynebacterium,4,1300
"(140.4672131147541, 1478.5983606557377)",Neisseria,4,1302
"(143.6509433962264, 1601.5471698113208)",Neisseria,4,1303
"(142.01724137931035, 1812.7586206896551)",Streptococcus,4,1304
"(140.32432432432432, 1898.1216216216217)",Streptococcus,4,1305
"(141.3960396039604, 32.613861386138616)",Neisseria,4,1306
"(141.71153846153845, 259.03846153846155)",Treponema,4,1307
"(143.78571428571428, 861.0396825396825)",Streptococcus,4,1308
"(142.34545454545454, 1243.5454545454545)",Treponema,4,1309
"(143.768115942029, 1509.4057971014493)",Neisseria,4,1310
"(142.78125, 1931.3125)",Streptococcus,4,1312
"(143.59574468085106, 1950.6808510638298)",Streptococcus,4,1313
"(143.86153846153846, 83.15384615384616)",Neisseria,4,1314
"(142.6949152542373, 287.1694915254237)",Treponema,4,1315
"(145.41176470588235, 388.8970588235294)",Streptococcus,4,1316
"(145.83783783783784, 436.81081081081084)",Treponema,4,1317
"(143.40963855421685, 525.9518072289156)",Treponema,4,1318
"(143.34736842105264, 1046.0736842105264)",Streptococcus,4,1319
"(143.93333333333334, 1107.9333333333334)",Treponema,4,1320
"(142.89473684210526, 1131.9473684210527)",Neisseria,4,1321
"(141.68421052631578, 1272.8070175438597)",Neisseria,4,1322
"(143.36111111111111, 1460.0555555555557)",Treponema,4,1323
"(143.4126984126984, 1986.031746031746)",Treponema,4,1324
"(146.19607843137254, 229.26143790849673)",Treponema,4,1325
"(144.27941176470588, 420.88235294117646)",Treponema,4,1326
"(145.08823529411765, 596.7647058823529)",Neisseria,4,1328
"(144.9206349206349, 666.1269841269841)",Treponema,4,1330
"(144.26666666666668, 681.8857142857142)",Selenomonas,4,1331
"(144.06060606060606, 1058.030303030303)",Corynebacterium,4,1332
"(147.64601769911505, 1342.716814159292)",Treponema,4,1333
"(146.55882352941177, 1566.0882352941176)",Neisseria,4,1334
"(144.19736842105263, 1675.078947368421)",Neisseria,4,1335
"(146.6484375, 1723.4453125)",Treponema,4,1336
"(142.74137931034483, 1839.448275862069)",Streptococcus,4,1337
"(147.05263157894737, 94.1842105263158)",Neisseria,4,1338
"(146.84, 754.83)",Streptococcus,4,1339
"(147.59574468085106, 1091.4893617021276)",Treponema,4,1341
"(146.17117117117118, 1183.3963963963963)",Streptococcus,4,1342
"(144.74545454545455, 1618.1454545454546)",Selenomonas,4,1345
"(145.47272727272727, 447.56363636363636)",Treponema,4,1346
"(146.72857142857143, 1444.6571428571428)",Treponema,4,1348
"(145.75, 1862.1527777777778)",Corynebacterium,4,1350
"(145.67241379310346, 1978.0)",Treponema,4,1352
"(153.24, 70.088)",Neisseria,4,1353
"(147.72727272727272, 540.7272727272727)",Treponema,4,1354
"(149.4591836734694, 550.9897959183673)",Selenomonas,4,1355
"(148.09183673469389, 970.4183673469388)",Streptococcus,4,1356
"(149.6627906976744, 1492.8372093023256)",Neisseria,4,1357
"(146.140350877193, 1913.280701754386)",Streptococcus,4,1359
"(154.36915887850466, 317.7616822429907)",Treponema,4,1360
"(149.7685185185185, 404.43518518518516)",Treponema,4,1361
"(148.58333333333334, 711.5138888888889)",Treponema,4,1362
"(148.99065420560748, 732.2523364485982)",Streptococcus,4,1363
"(148.19230769230768, 886.0384615384615)",Corynebacterium,4,1364
"(148.3111111111111, 1007.0111111111111)",Treponema,4,1365
"(151.70714285714286, 1231.4285714285713)",Treponema,4,1366
"(148.68493150684932, 1848.3972602739725)",Streptococcus,4,1368
"(148.62962962962962, 180.2962962962963)",Neisseria,4,1370
"(150.17333333333335, 460.82666666666665)",Treponema,4,1371
"(153.281045751634, 921.9150326797386)",Neisseria,4,1372
"(151.11827956989248, 1216.0645161290322)",Streptococcus,4,1374
"(148.88709677419354, 1267.1129032258063)",Neisseria,4,1375
"(150.14705882352942, 1549.6470588235295)",Neisseria,4,1376
"(149.5593220338983, 1665.915254237288)",Neisseria,4,1377
"(153.93636363636364, 1893.2)",Streptococcus,4,1378
"(150.33333333333334, 347.375)",Treponema,4,1379
"(152.96296296296296, 635.8518518518518)",Neisseria,4,1380
"(155.406015037594, 958.4812030075188)",Corynebacterium,4,1381
"(150.8139534883721, 1150.7906976744187)",Neisseria,4,1382
"(153.16304347826087, 1323.2173913043478)",Treponema,4,1384
"(151.46341463414635, 1689.219512195122)",Neisseria,4,1386
"(152.56842105263158, 296.3578947368421)",Treponema,4,1388
"(151.8939393939394, 610.530303030303)",Neisseria,4,1389
"(158.30769230769232, 690.3557692307693)",Neisseria,4,1390
"(154.61363636363637, 803.1666666666666)",Streptococcus,4,1391
"(155.58823529411765, 822.7549019607843)",Streptococcus,4,1392
"(151.70526315789473, 1168.0315789473684)",Treponema,4,1393
"(153.39240506329114, 1279.8227848101267)",Treponema,4,1394
"(155.82700421940928, 1739.5864978902953)",Treponema,4,1396
"(157.4892086330935, 484.71942446043164)",Streptococcus,4,1399
"(155.25396825396825, 651.436507936508)",Neisseria,4,1400
"(155.0701754385965, 703.7017543859649)",Treponema,4,1401
"(156.82417582417582, 1293.1978021978023)",Treponema,4,1403
"(155.6078431372549, 1371.9019607843138)",Treponema,4,1404
"(154.44827586206895, 1437.655172413793)",Treponema,4,1405
"(152.8661971830986, 1765.2887323943662)",Streptococcus,4,1406
"(153.5151515151515, 46.96969696969697)",Treponema,4,1407
"(153.67326732673268, 153.17821782178217)",Treponema,4,1408
"(152.64814814814815, 280.05555555555554)",Treponema,4,1409
"(157.5, 378.7241379310345)",Treponema,4,1410
"(153.32, 760.9)",Streptococcus,4,1411
"(154.06015037593986, 1528.9473684210527)",Neisseria,4,1413
"(154.35, 1585.3166666666666)",Neisseria,4,1414
"(152.45454545454547, 1961.378787878788)",Treponema,4,1415
"(156.58196721311475, 30.92622950819672)",Treponema,4,1416
"(159.39673913043478, 185.44021739130434)",Neisseria,4,1417
"(154.83050847457628, 773.3898305084746)",Streptococcus,4,1419
"(153.95238095238096, 994.2380952380952)",Streptococcus,4,1420
"(155.49462365591398, 1307.5806451612902)",Treponema,4,1421
"(156.46511627906978, 1481.9302325581396)",Neisseria,4,1423
"(161.94782608695652, 1578.1130434782608)",Neisseria,4,1424
"(154.08771929824562, 1651.6491228070176)",Treponema,4,1425
"(154.35714285714286, 1806.3142857142857)",Streptococcus,4,1427
"(155.21527777777777, 1826.3680555555557)",Streptococcus,4,1428
"(155.94117647058823, 330.86764705882354)",Treponema,4,1429
"(154.6551724137931, 850.2931034482758)",Streptococcus,4,1430
"(156.76, 895.34)",Treponema,4,1431
"(156.70114942528735, 1202.4367816091954)",Streptococcus,4,1432
"(154.55263157894737, 1873.2763157894738)",Streptococcus,4,1435
"(155.0597014925373, 1924.0298507462687)",Streptococcus,4,1436
"(179.44886363636363, 13.068181818181818)",Treponema,4,1437
"(159.68586387434556, 594.738219895288)",Neisseria,4,1440
"(157.9625, 1084.4125)",Treponema,4,1441
"(155.36111111111111, 1253.1805555555557)",Neisseria,4,1442
"(157.19101123595505, 1354.8314606741574)",Neisseria,4,1443
"(156.7076923076923, 1502.8307692307692)",Neisseria,4,1444
"(156.66176470588235, 121.36764705882354)",Treponema,4,1447
"(161.67307692307693, 429.75)",Treponema,4,1450
"(157.3448275862069, 876.7931034482758)",Corynebacterium,4,1451
"(159.54545454545453, 1060.2272727272727)",Streptococcus,4,1453
"(156.85897435897436, 1128.1923076923076)",Neisseria,4,1454
"(160.99056603773585, 1396.9245283018868)",Neisseria,4,1455
"(157.796992481203, 1621.015037593985)",Neisseria,4,1457
"(160.6086956521739, 1910.1304347826087)",Streptococcus,4,1458
"(160.7156862745098, 1931.5)",Streptococcus,4,1459
"(156.28048780487805, 1991.2926829268292)",Treponema,4,1460
"(158.80263157894737, 563.6447368421053)",Neisseria,4,1461
"(161.0875, 622.575)",Neisseria,4,1462
"(161.6036036036036, 675.981981981982)",Neisseria,4,1463
"(157.57692307692307, 864.25)",Streptococcus,4,1464
"(158.84745762711864, 912.271186440678)",Neisseria,4,1465
"(158.03846153846155, 980.1923076923077)",Porphyromonas,4,1466
"(157.54545454545453, 1019.1272727272727)",Treponema,4,1467
"(156.83928571428572, 1408.357142857143)",Treponema,4,1469
"(160.37755102040816, 1467.5102040816328)",Neisseria,4,1470
"(158.13725490196077, 1794.3725490196077)",Streptococcus,4,1471
"(157.3709677419355, 1859.532258064516)",Streptococcus,4,1472
"(158.87912087912088, 134.5054945054945)",Treponema,4,1473
"(164.0, 782.2205882352941)",Streptococcus,4,1476
"(158.63333333333333, 1178.9666666666667)",Treponema,4,1477
"(159.6865671641791, 1781.0746268656717)",Treponema,4,1479
"(164.93333333333334, 300.56)",Treponema,4,1480
"(160.45882352941177, 450.83529411764704)",Treponema,4,1481
"(160.11320754716982, 470.66037735849056)",Streptococcus,4,1482
"(162.59748427672955, 734.9811320754717)",Streptococcus,4,1483
"(164.76331360946745, 1114.7455621301774)",Neisseria,4,1484
"(163.9206349206349, 1451.8174603174602)",Neisseria,4,1486
"(162.94565217391303, 1607.9565217391305)",Neisseria,4,1487
"(161.77118644067798, 1706.415254237288)",Neisseria,4,1488
"(163.28125, 1943.6458333333333)",Treponema,4,1489
"(161.5744680851064, 1971.4148936170213)",Streptococcus,4,1490
"(160.66666666666666, 106.29166666666667)",Treponema,4,1491
"(160.62295081967213, 165.2622950819672)",Treponema,4,1492
"(162.36111111111111, 232.05555555555554)",Treponema,4,1493
"(161.41071428571428, 496.7142857142857)",Treponema,4,1495
"(162.24590163934425, 1840.5081967213114)",Streptococcus,4,1497
"(162.37037037037038, 59.22222222222222)",Neisseria,4,1498
"(163.81308411214954, 87.3177570093458)",Neisseria,4,1499
"(162.09259259259258, 205.61111111111111)",Treponema,4,1500
"(162.91666666666666, 716.2333333333333)",Treponema,4,1502
"(160.7, 1144.7)",Treponema,4,1503
"(164.12244897959184, 1236.938775510204)",Treponema,4,1504
"(162.47692307692307, 1263.553846153846)",Neisseria,4,1505
"(163.94736842105263, 1562.781954887218)",Neisseria,4,1507
"(164.06349206349208, 1956.3015873015872)",Streptococcus,4,1508
"(165.27272727272728, 50.87012987012987)",Neisseria,4,1509
"(165.81437125748502, 356.2215568862275)",Streptococcus,4,1511
"(168.16037735849056, 537.0849056603773)",Neisseria,4,1512
"(163.78571428571428, 573.0119047619048)",Neisseria,4,1513
"(163.44615384615383, 1424.5076923076922)",Neisseria,4,1514
"(164.80672268907563, 1684.563025210084)",Neisseria,4,1515
"(163.32203389830508, 1758.1694915254238)",Treponema,4,1516
"(163.64, 1850.8)",Streptococcus,4,1517
"(163.77272727272728, 1986.621212121212)",Streptococcus,4,1518
"(167.3846153846154, 339.3076923076923)",Treponema,4,1519
"(167.46875, 444.71875)",Treponema,4,1520
"(165.73636363636365, 521.3)",Treponema,4,1521
"(163.31645569620252, 838.1645569620254)",Streptococcus,4,1522
"(164.96428571428572, 1002.7261904761905)",Corynebacterium,4,1523
"(168.93162393162393, 1028.2051282051282)",Streptococcus,4,1524
"(164.34722222222223, 1044.9305555555557)",Streptococcus,4,1525
"(163.37735849056602, 1097.6792452830189)",Treponema,4,1526
"(167.56363636363636, 1664.9272727272728)",Treponema,4,1527
"(164.55223880597015, 1879.686567164179)",Streptococcus,4,1528
"(164.27777777777777, 551.2037037037037)",Neisseria,4,1529
"(164.95, 754.6833333333333)",Streptococcus,4,1530
"(165.42857142857142, 897.7142857142857)",Treponema,4,1531
"(168.6060606060606, 973.3863636363636)",Porphyromonas,4,1532
"(165.83636363636364, 153.6909090909091)",Treponema,4,1535
"(173.8259109311741, 244.14574898785426)",Treponema,4,1536
"(165.29850746268656, 270.74626865671644)",Treponema,4,1537
"(169.6771653543307, 281.76377952755905)",Streptococcus,4,1538
"(167.37974683544303, 1217.4683544303798)",Streptococcus,4,1539
"(168.87012987012986, 1651.7012987012988)",Treponema,4,1540
"(170.48, 405.56666666666666)",Treponema,4,1541
"(167.33333333333334, 768.4848484848485)",Streptococcus,4,1542
"(169.7422680412371, 937.5876288659794)",Neisseria,4,1543
"(171.4516129032258, 1545.6612903225807)",Neisseria,4,1546
"(167.11904761904762, 1636.5833333333333)",Treponema,4,1547
"(167.30769230769232, 1799.246153846154)",Streptococcus,4,1549
"(168.55555555555554, 1860.8194444444443)",Streptococcus,4,1550
"(171.96470588235294, 218.38823529411764)",Treponema,4,1552
"(169.88, 464.6933333333333)",Streptococcus,4,1553
"(168.5125, 633.1375)",Neisseria,4,1554
"(169.96116504854368, 819.1456310679612)",Streptococcus,4,1555
"(170.27058823529413, 874.0705882352942)",Streptococcus,4,1556
"(173.46979865771812, 988.4362416107383)",Streptococcus,4,1557
"(168.72, 1012.1733333333333)",Streptococcus,4,1558
"(166.95945945945945, 1515.6486486486488)",Neisseria,4,1562
"(170.74444444444444, 1724.6444444444444)",Treponema,4,1563
"(169.58666666666667, 1894.6933333333334)",Streptococcus,4,1564
"(172.84, 583.9)",Neisseria,4,1566
"(173.2185430463576, 612.9470198675497)",Neisseria,4,1567
"(169.46969696969697, 794.8939393939394)",Streptococcus,4,1568
"(173.15172413793104, 853.2827586206896)",Streptococcus,4,1569
"(168.8709677419355, 908.6451612903226)",Neisseria,4,1570
"(174.45882352941177, 1070.1588235294118)",Treponema,4,1571
"(173.41221374045801, 1093.0152671755725)",Treponema,4,1572
"(169.39655172413794, 1250.5862068965516)",Neisseria,4,1573
"(171.5054945054945, 1313.021978021978)",Treponema,4,1574
"(172.4672131147541, 1487.549180327869)",Neisseria,4,1575
"(168.03389830508473, 1593.5084745762713)",Neisseria,4,1576
"(170.24675324675326, 68.15584415584415)",Neisseria,4,1577
"(172.03846153846155, 140.73846153846154)",Neisseria,4,1578
"(170.11688311688312, 647.5714285714286)",Neisseria,4,1580
"(174.18478260869566, 663.5434782608696)",Neisseria,4,1581
"(172.59154929577466, 1167.3521126760563)",Treponema,4,1582
"(174.7433628318584, 1437.0353982300885)",Neisseria,4,1586
"(172.5, 1816.7583333333334)",Streptococcus,4,1587
"(170.70909090909092, 1872.4545454545455)",Streptococcus,4,1588
"(173.48275862068965, 737.7155172413793)",Streptococcus,4,1592
"(175.3490566037736, 1149.2358490566037)",Treponema,4,1594
"(171.17333333333335, 1203.2533333333333)",Selenomonas,4,1595
"(170.17567567567568, 1354.6891891891892)",Neisseria,4,1596
"(170.59677419354838, 1407.225806451613)",Neisseria,4,1598
"(174.0, 1503.9705882352941)",Neisseria,4,1599
"(172.2577319587629, 1526.6082474226805)",Neisseria,4,1600
"(174.38059701492537, 1743.7462686567164)",Streptococcus,4,1602
"(176.9934210526316, 107.24342105263158)",Neisseria,4,1603
"(171.73584905660377, 190.9056603773585)",Streptococcus,4,1604
"(174.82608695652175, 806.2898550724638)",Streptococcus,4,1607
"(176.44036697247705, 881.4770642201835)",Streptococcus,4,1608
"(171.31645569620252, 1418.886075949367)",Neisseria,4,1611
"(173.70666666666668, 1790.6)",Treponema,4,1613
"(175.5496688741722, 1926.2781456953642)",Streptococcus,4,1614
"(173.47674418604652, 367.27906976744185)",Streptococcus,4,1615
"(172.55, 719.0833333333334)",Streptococcus,4,1617
"(176.94505494505495, 1051.6923076923076)",Treponema,4,1619
"(174.4578313253012, 1245.2048192771085)",Treponema,4,1620
"(173.01538461538462, 1298.6307692307691)",Treponema,4,1621
"(172.41071428571428, 1457.7857142857142)",Neisseria,4,1622
"(177.5, 166.70833333333334)",Treponema,4,1624
"(174.4732824427481, 494.3358778625954)",Streptococcus,4,1625
"(175.24074074074073, 560.2685185185185)",Neisseria,4,1626
"(175.02985074626866, 677.6417910447761)",Neisseria,4,1627
"(174.4857142857143, 690.7428571428571)",Neisseria,4,1628
"(174.9264705882353, 1615.6323529411766)",Neisseria,4,1629
"(173.98039215686273, 1710.9803921568628)",Neisseria,4,1630
"(173.58928571428572, 1843.5357142857142)",Streptococcus,4,1631
"(175.70833333333334, 1979.1805555555557)",Streptococcus,4,1632
"(181.2439024390244, 179.64227642276424)",Treponema,4,1634
"(178.31645569620252, 918.6075949367089)",Neisseria,4,1635
"(175.03636363636363, 1283.2)",Neisseria,4,1636
"(178.93421052631578, 752.421052631579)",Streptococcus,4,1640
"(177.3294117647059, 1038.6705882352942)",Streptococcus,4,1641
"(178.04255319148936, 85.70212765957447)",Neisseria,4,1644
"(178.36144578313252, 203.96385542168676)",Treponema,4,1645
"(176.52857142857144, 321.4428571428571)",Streptococcus,4,1646
"(176.27272727272728, 436.961038961039)",Treponema,4,1647
"(179.57575757575756, 475.030303030303)",Streptococcus,4,1648
"(176.27272727272728, 1136.6818181818182)",Neisseria,4,1649
"(176.92857142857142, 1263.2738095238096)",Neisseria,4,1650
"(180.59354838709677, 1344.7096774193549)",Neisseria,4,1651
"(178.85087719298247, 1386.5701754385964)",Neisseria,4,1652
"(176.75581395348837, 1777.7093023255813)",Treponema,4,1653
"(175.77777777777777, 1948.888888888889)",Streptococcus,4,1654
"(180.98, 1961.44)",Streptococcus,4,1655
"(178.23076923076923, 418.15384615384613)",Streptococcus,4,1658
"(179.42222222222222, 893.4444444444445)",Treponema,4,1659
"(178.04, 956.88)",Treponema,4,1660
"(179.11290322580646, 1472.274193548387)",Neisseria,4,1662
"(182.75968992248062, 46.201550387596896)",Treponema,4,1664
"(179.08620689655172, 261.36206896551727)",Treponema,4,1665
"(179.8421052631579, 299.8315789473684)",Streptococcus,4,1666
"(181.0879120879121, 1363.098901098901)",Neisseria,4,1668
"(178.48543689320388, 1594.9417475728155)",Neisseria,4,1669
"(183.12790697674419, 1899.9651162790697)",Treponema,4,1670
"(180.66666666666666, 457.6842105263158)",Streptococcus,4,1671
"(185.40594059405942, 526.5940594059406)",Treponema,4,1672
"(183.3452380952381, 650.952380952381)",Neisseria,4,1673
"(180.140625, 1012.859375)",Streptococcus,4,1675
"(181.05172413793105, 1574.3103448275863)",Neisseria,4,1676
"(179.26415094339623, 1648.433962264151)",Treponema,4,1677
"(187.53691275167785, 312.4496644295302)",Streptococcus,4,1678
"(185.08256880733944, 379.1467889908257)",Streptococcus,4,1679
"(188.35454545454544, 485.95454545454544)",Streptococcus,4,1680
"(185.9741935483871, 598.7612903225806)",Neisseria,4,1681
"(181.8904109589041, 709.0410958904109)",Corynebacterium,4,1682
"(183.39080459770116, 1181.4827586206898)",Treponema,4,1683
"(186.76190476190476, 1544.3238095238096)",Neisseria,4,1684
"(183.64646464646464, 1856.3131313131314)",Streptococcus,4,1685
"(188.0909090909091, 70.11888111888112)",Neisseria,4,1686
"(184.69230769230768, 635.5153846153846)",Neisseria,4,1687
"(184.24590163934425, 1266.983606557377)",Neisseria,4,1688
"(185.0612244897959, 1282.438775510204)",Neisseria,4,1689
"(184.37037037037038, 1520.0740740740741)",Neisseria,4,1690
"(181.82758620689654, 1891.2241379310344)",Treponema,4,1692
"(183.36507936507937, 226.65079365079364)",Treponema,4,1693
"(183.4788732394366, 515.0281690140845)",Streptococcus,4,1695
"(186.85128205128206, 772.6307692307693)",Streptococcus,4,1696
"(184.58461538461538, 863.9076923076923)",Porphyromonas,4,1697
"(183.61333333333334, 967.9866666666667)",Treponema,4,1698
"(183.6875, 1721.28125)",Neisseria,4,1700
"(183.40983606557376, 1809.8852459016393)",Streptococcus,4,1701
"(182.52459016393442, 1914.9016393442623)",Corynebacterium,4,1702
"(183.52459016393442, 57.90163934426229)",Neisseria,4,1703
"(188.71428571428572, 545.0952380952381)",Neisseria,4,1705
"(187.65346534653466, 819.2178217821782)",Streptococcus,4,1706
"(183.81914893617022, 929.6702127659574)",Neisseria,4,1707
"(189.37391304347827, 1193.695652173913)",Treponema,4,1709
"(189.9034090909091, 1208.1420454545455)",Treponema,4,1710
"(187.63565891472868, 1324.5658914728683)",Neisseria,4,1711
"(183.93827160493828, 1451.2469135802469)",Neisseria,4,1712
"(185.9235668789809, 1665.6942675159235)",Treponema,4,1713
"(184.30882352941177, 1693.8529411764705)",Treponema,4,1714
"(184.30188679245282, 1708.5849056603774)",Selenomonas,4,1715
"(186.82517482517483, 1758.041958041958)",Streptococcus,4,1716
"(182.97297297297297, 1870.6891891891892)",Treponema,4,1717
"(184.65, 1973.7166666666667)",Streptococcus,4,1718
"(184.96491228070175, 342.3859649122807)",Streptococcus,4,1719
"(192.0441176470588, 582.3088235294117)",Neisseria,4,1721
"(186.48333333333332, 799.8666666666667)",Streptococcus,4,1722
"(185.71666666666667, 908.1)",Neisseria,4,1723
"(186.46846846846847, 1426.2162162162163)",Neisseria,4,1724
"(189.67032967032966, 1600.065934065934)",Neisseria,4,1725
"(185.75675675675674, 1635.054054054054)",Treponema,4,1726
"(185.22, 1800.68)",Corynebacterium,4,1727
"(187.9857142857143, 669.9142857142857)",Neisseria,4,1729
"(192.16538461538462, 953.6307692307693)",Neisseria,4,1730
"(186.3918918918919, 1097.7837837837837)",Treponema,4,1731
"(187.54861111111111, 1238.548611111111)",Neisseria,4,1732
"(186.0, 1309.7377049180327)",Neisseria,4,1734
"(188.79310344827587, 1831.6264367816093)",Streptococcus,4,1736
"(186.76344086021504, 1946.8387096774193)",Streptococcus,4,1737
"(190.44791666666666, 159.07291666666666)",Treponema,4,1738
"(187.35211267605635, 194.69014084507043)",Treponema,4,1739
"(191.76521739130436, 292.504347826087)",Treponema,4,1740
"(191.30128205128204, 398.45512820512823)",Streptococcus,4,1741
"(186.44230769230768, 561.5576923076923)",Neisseria,4,1742
"(191.15384615384616, 724.6013986013986)",Corynebacterium,4,1744
"(187.65, 837.0833333333334)",Fusobacterium,4,1745
"(187.62222222222223, 1080.9666666666667)",Treponema,4,1746
"(187.71764705882353, 1406.4470588235295)",Neisseria,4,1747
"(192.02803738317758, 1534.766355140187)",Neisseria,4,1748
"(187.22058823529412, 1788.6176470588234)",Treponema,4,1749
"(187.0566037735849, 27.528301886792452)",Treponema,4,1750
"(190.14423076923077, 259.1923076923077)",Treponema,4,1751
"(188.075, 357.7625)",Streptococcus,4,1752
"(188.58823529411765, 414.0)",Streptococcus,4,1753
"(189.78688524590163, 502.672131147541)",Streptococcus,4,1754
"(194.3673469387755, 756.2857142857143)",Corynebacterium,4,1755
"(187.7123287671233, 999.2739726027397)",Treponema,4,1756
"(186.9090909090909, 1485.7636363636364)",Neisseria,4,1760
"(187.34653465346534, 1733.5643564356435)",Treponema,4,1762
"(191.86486486486487, 88.13513513513513)",Neisseria,4,1763
"(189.31884057971016, 117.42028985507247)",Neisseria,4,1764
"(191.0568181818182, 130.32954545454547)",Neisseria,4,1765
"(192.1595744680851, 145.24468085106383)",Treponema,4,1766
"(189.68571428571428, 211.4857142857143)",Treponema,4,1767
"(188.2741935483871, 436.1774193548387)",Streptococcus,4,1768
"(190.3448275862069, 451.2931034482759)",Streptococcus,4,1769
"(192.1196581196581, 1027.008547008547)",Streptococcus,4,1771
"(190.2357723577236, 1166.8048780487804)",Neisseria,4,1772
"(188.96610169491527, 1255.2881355932204)",Neisseria,4,1773
"(189.15873015873015, 1582.5396825396826)",Neisseria,4,1775
"(191.91780821917808, 1623.3561643835617)",Neisseria,4,1776
"(191.56578947368422, 1929.0526315789473)",Corynebacterium,4,1777
"(190.93617021276594, 470.28723404255317)",Streptococcus,4,1779
"(190.1206896551724, 978.4137931034483)",Treponema,4,1780
"(191.6875, 1064.45)",Streptococcus,4,1782
"(191.35211267605635, 1683.4507042253522)",Neisseria,4,1783
"(193.27058823529413, 241.30588235294118)",Treponema,4,1784
"(193.49333333333334, 683.9066666666666)",Neisseria,4,1785
"(190.25675675675674, 787.5540540540541)",Streptococcus,4,1786
"(191.9090909090909, 1338.2545454545455)",Treponema,4,1789
"(191.03614457831324, 1510.4698795180723)",Neisseria,4,1790
"(192.9430894308943, 1885.178861788618)",Treponema,4,1791
"(192.53225806451613, 698.6290322580645)",Treponema,4,1794
"(192.75, 738.8645833333334)",Saccharibacteria,4,1795
"(193.20253164556962, 277.8607594936709)",Treponema,4,1798
"(193.46, 367.44)",Streptococcus,4,1799
"(196.8139534883721, 854.6511627906976)",Streptococcus,4,1800
"(192.1818181818182, 879.8333333333334)",Streptococcus,4,1801
"(192.67164179104478, 1116.3283582089553)",Neisseria,4,1802
"(192.49122807017545, 1219.7368421052631)",Corynebacterium,4,1803
"(197.63565891472868, 1647.8139534883721)",Treponema,4,1805
"(193.05882352941177, 1985.6470588235295)",Treponema,4,1806
"(196.0632911392405, 1010.0506329113924)",Streptococcus,4,1807
"(195.1264367816092, 1042.551724137931)",Streptococcus,4,1808
"(193.49056603773585, 1154.7924528301887)",Neisseria,4,1810
"(193.11764705882354, 1376.2470588235294)",Neisseria,4,1811
"(197.82926829268294, 1778.4227642276423)",Treponema,4,1812
"(196.34065934065933, 1392.7032967032967)",Neisseria,4,1813
"(195.61764705882354, 1853.2794117647059)",Treponema,4,1815
"(195.15625, 186.859375)",Treponema,4,1816
"(196.23611111111111, 227.44444444444446)",Treponema,4,1817
"(195.56179775280899, 807.9775280898876)",Streptococcus,4,1818
"(196.07291666666666, 1812.71875)",Streptococcus,4,1819
"(196.0, 1913.1176470588234)",Streptococcus,4,1821
"(197.37662337662337, 1970.7792207792209)",Treponema,4,1822
"(196.26315789473685, 40.85964912280702)",Streptococcus,4,1823
"(197.66666666666666, 564.0123456790124)",Neisseria,4,1824
"(196.89523809523808, 655.2952380952381)",Neisseria,4,1826
"(198.2560975609756, 918.6219512195122)",Neisseria,4,1827
"(196.05454545454546, 1274.4363636363637)",Treponema,4,1829
"(197.91304347826087, 1415.3695652173913)",Neisseria,4,1830
"(199.0144927536232, 1635.2028985507247)",Neisseria,4,1831
"(197.72941176470587, 425.38823529411764)",Streptococcus,4,1832
"(198.92592592592592, 625.0370370370371)",Neisseria,4,1833
"(200.4431818181818, 1284.5568181818182)",Neisseria,4,1834
"(199.1478260869565, 1562.104347826087)",Neisseria,4,1836
"(198.64285714285714, 838.0714285714286)",Porphyromonas,4,1840
"(203.68421052631578, 1106.9035087719299)",Neisseria,4,1842
"(200.2, 1460.9)",Neisseria,4,1843
"(200.36, 1484.51)",Neisseria,4,1844
"(200.36363636363637, 1692.209090909091)",Treponema,4,1846
"(198.82608695652175, 1749.6304347826087)",Treponema,4,1847
"(198.82, 59.88)",Treponema,4,1850
"(200.640350877193, 330.6140350877193)",Treponema,4,1852
"(199.71428571428572, 378.2857142857143)",Streptococcus,4,1853
"(201.23333333333332, 444.81666666666666)",Streptococcus,4,1854
"(201.65714285714284, 903.1142857142858)",Treponema,4,1855
"(200.99056603773585, 1343.188679245283)",Streptococcus,4,1857
"(201.0, 1499.7625)",Neisseria,4,1858
"(209.6755319148936, 1707.372340425532)",Treponema,4,1859
"(200.22641509433961, 1764.5283018867924)",Treponema,4,1861
"(201.39705882352942, 313.5147058823529)",Streptococcus,4,1862
"(204.98, 1055.21)",Streptococcus,4,1864
"(202.65151515151516, 1079.2575757575758)",Treponema,4,1865
"(200.80645161290323, 1227.467741935484)",Neisseria,4,1866
"(202.95959595959596, 1362.6262626262626)",Neisseria,4,1867
"(203.33333333333334, 1435.921568627451)",Neisseria,4,1868
"(206.97692307692307, 1928.323076923077)",Streptococcus,4,1870
"(204.25531914893617, 154.87234042553192)",Treponema,4,1871
"(203.19402985074626, 248.4179104477612)",Treponema,4,1872
"(206.34146341463415, 265.9105691056911)",Treponema,4,1873
"(203.28301886792454, 348.0377358490566)",Treponema,4,1874
"(210.07, 458.815)",Streptococcus,4,1876
"(201.98260869565217, 525.2608695652174)",Streptococcus,4,1877
"(203.24, 603.38)",Neisseria,4,1878
"(204.03296703296704, 1137.2637362637363)",Neisseria,4,1880
"(202.45454545454547, 1301.6363636363637)",Neisseria,4,1882
"(202.5737704918033, 1666.7540983606557)",Treponema,4,1884
"(204.4561403508772, 1829.9649122807018)",Treponema,4,1885
"(203.9591836734694, 103.84693877551021)",Neisseria,4,1886
"(206.25555555555556, 118.42222222222222)",Treponema,4,1887
"(203.68478260869566, 359.8152173913044)",Selenomonas,4,1888
"(205.71428571428572, 485.0779220779221)",Streptococcus,4,1890
"(204.09756097560975, 793.170731707317)",Streptococcus,4,1891
"(203.3125, 828.59375)",Porphyromonas,4,1892
"(203.07042253521126, 873.8732394366198)",Streptococcus,4,1893
"(202.135593220339, 1613.949152542373)",Neisseria,4,1894
"(205.51136363636363, 1881.965909090909)",Treponema,4,1895
"(204.07692307692307, 131.84615384615384)",Treponema,4,1896
"(209.35114503816794, 170.29007633587787)",Treponema,4,1897
"(207.21374045801528, 495.51908396946567)",Streptococcus,4,1898
"(205.38679245283018, 640.877358490566)",Neisseria,4,1900
"(207.75520833333334, 661.03125)",Neisseria,4,1901
"(206.0625, 984.5208333333334)",Treponema,4,1902
"(205.78333333333333, 999.4333333333333)",Treponema,4,1903
"(205.23456790123456, 1258.8395061728395)",Neisseria,4,1904
"(206.56140350877192, 30.63157894736842)",Streptococcus,4,1906
"(208.39772727272728, 53.36363636363637)",Treponema,4,1907
"(205.15625, 279.734375)",Treponema,4,1908
"(206.11267605633802, 616.2676056338029)",Neisseria,4,1909
"(205.9655172413793, 685.1379310344828)",Streptococcus,4,1910
"(207.0097087378641, 932.8106796116505)",Neisseria,4,1911
"(209.46236559139786, 1018.8870967741935)",Streptococcus,4,1913
"(207.47154471544715, 1323.479674796748)",Treponema,4,1915
"(211.7058823529412, 1796.313725490196)",Treponema,4,1917
"(206.0, 1842.9195402298851)",Streptococcus,4,1918
"(205.34615384615384, 1869.4423076923076)",Treponema,4,1919
"(207.99166666666667, 297.75)",Treponema,4,1922
"(207.11111111111111, 771.5555555555555)",Porphyromonas,4,1924
"(208.6201550387597, 782.1860465116279)",Streptococcus,4,1925
"(207.1315789473684, 811.6447368421053)",Streptococcus,4,1926
"(206.3835616438356, 889.8082191780821)",Streptococcus,4,1927
"(205.91228070175438, 1405.3684210526317)",Neisseria,4,1928
"(208.4805194805195, 1719.012987012987)",Treponema,4,1929
"(206.41333333333333, 1900.5866666666666)",Streptococcus,4,1930
"(209.8095238095238, 1951.6190476190477)",Treponema,4,1931
"(208.5546875, 1982.9375)",Neisseria,4,1932
"(208.2112676056338, 1040.8732394366198)",Streptococcus,4,1933
"(207.53333333333333, 1154.44)",Neisseria,4,1934
"(207.109375, 1239.15625)",Neisseria,4,1935
"(209.8421052631579, 72.5)",Neisseria,4,1936
"(210.9291338582677, 541.6535433070866)",Treponema,4,1937
"(209.79508196721312, 578.4590163934427)",Neisseria,4,1938
"(207.71428571428572, 965.5535714285714)",Neisseria,4,1939
"(208.46808510638297, 1191.5851063829787)",Neisseria,4,1940
"(208.52459016393442, 860.7704918032787)",Streptococcus,4,1944
"(210.9142857142857, 1090.9333333333334)",Treponema,4,1945
"(209.33333333333334, 1215.611111111111)",Selenomonas,4,1946
"(210.8170731707317, 1523.158536585366)",Neisseria,4,1947
"(210.80555555555554, 1586.388888888889)",Neisseria,4,1949
"(211.296875, 194.59375)",Streptococcus,4,1951
"(210.21052631578948, 226.78947368421052)",Treponema,4,1952
"(211.0126582278481, 377.0)",Streptococcus,4,1953
"(212.6846846846847, 559.8918918918919)",Neisseria,4,1954
"(212.03973509933775, 725.4238410596026)",Streptococcus,4,1955
"(210.43055555555554, 1651.486111111111)",Neisseria,4,1956
"(208.94, 1742.38)",Streptococcus,4,1957
"(211.08333333333334, 88.11111111111111)",Neisseria,4,1959
"(214.63709677419354, 218.41129032258064)",Treponema,4,1960
"(210.98130841121494, 435.9626168224299)",Streptococcus,4,1961
"(212.01351351351352, 1427.2837837837837)",Neisseria,4,1962
"(210.66037735849056, 1625.1698113207547)",Neisseria,4,1964
"(214.7325581395349, 146.48837209302326)",Treponema,4,1966
"(213.13333333333333, 313.96)",Treponema,4,1967
"(213.53333333333333, 393.47777777777776)",Streptococcus,4,1968
"(215.2403846153846, 419.46153846153845)",Streptococcus,4,1969
"(213.25806451612902, 1061.258064516129)",Treponema,4,1971
"(214.1818181818182, 1123.090909090909)",Neisseria,4,1972
"(214.0151515151515, 1162.7575757575758)",Neisseria,4,1973
"(211.8793103448276, 1571.0689655172414)",Neisseria,4,1974
"(212.3372093023256, 1676.7209302325582)",Treponema,4,1975
"(218.73426573426573, 1848.2167832167831)",Treponema,4,1976
"(214.90540540540542, 1895.0405405405406)",Streptococcus,4,1977
"(219.33082706766916, 241.98496240601503)",Streptococcus,4,1978
"(213.609375, 406.734375)",Streptococcus,4,1979
"(213.37078651685394, 1178.4494382022472)",Neisseria,4,1981
"(216.01869158878506, 1355.2803738317757)",Streptococcus,4,1982
"(213.46575342465752, 1387.0684931506848)",Neisseria,4,1983
"(213.4915254237288, 1730.677966101695)",Streptococcus,4,1984
"(212.73584905660377, 1781.7358490566037)",Treponema,4,1985
"(215.8108108108108, 477.5810810810811)",Streptococcus,4,1986
"(213.46031746031747, 518.7777777777778)",Treponema,4,1987
"(216.3827160493827, 909.7037037037037)",Treponema,4,1990
"(219.31034482758622, 681.1465517241379)",Veillonella,4,1997
"(217.06930693069307, 736.049504950495)",Streptococcus,4,1998
"(215.58333333333334, 813.4666666666667)",Streptococcus,4,1999
"(214.16071428571428, 1305.9464285714287)",Neisseria,4,2000
"(217.247311827957, 1335.7956989247311)",Treponema,4,2001
"(216.025, 1450.275)",Neisseria,4,2002
"(219.25, 1510.2954545454545)",Neisseria,4,2003
"(214.3855421686747, 1755.4096385542168)",Streptococcus,4,2004
"(216.45714285714286, 791.3285714285714)",Streptococcus,4,2005
"(219.92948717948718, 825.3076923076923)",Streptococcus,4,2006
"(216.1021897810219, 952.3941605839416)",Neisseria,4,2007
"(216.1417910447761, 1283.9701492537313)",Neisseria,4,2008
"(216.16981132075472, 1400.5283018867924)",Neisseria,4,2009
"(218.49586776859505, 1831.280991735537)",Streptococcus,4,2010
"(216.23287671232876, 129.43835616438355)",Treponema,4,2011
"(220.06306306306305, 258.72072072072075)",Treponema,4,2012
"(222.65384615384616, 528.3269230769231)",Streptococcus,4,2013
"(223.82587064676616, 763.7810945273632)",Veillonella,4,2014
"(216.3235294117647, 880.0441176470588)",Streptococcus,4,2015
"(219.1888111888112, 1495.2447552447552)",Neisseria,4,2018
"(220.03960396039605, 1594.881188118812)",Neisseria,4,2019
"(216.74285714285713, 106.04285714285714)",Neisseria,4,2020
"(222.62637362637363, 184.82417582417582)",Treponema,4,2021
"(217.84313725490196, 844.3921568627451)",Streptococcus,4,2023
"(219.67532467532467, 1135.7662337662337)",Neisseria,4,2025
"(220.14545454545456, 1473.2272727272727)",Neisseria,4,2027
"(217.95, 1636.8166666666666)",Neisseria,4,2028
"(220.08, 287.06)",Neisseria,4,2030
"(220.31958762886597, 329.7938144329897)",Treponema,4,2031
"(219.35897435897436, 352.56410256410254)",Treponema,4,2032
"(224.3489932885906, 979.738255033557)",Neisseria,4,2034
"(219.88888888888889, 1559.920634920635)",Neisseria,4,2035
"(225.36318407960198, 1611.452736318408)",Neisseria,4,2036
"(218.71621621621622, 1662.837837837838)",Neisseria,4,2037
"(224.78947368421052, 893.9122807017544)",Streptococcus,4,2040
"(226.7810650887574, 1077.1952662721894)",Treponema,4,2041
"(223.7941176470588, 1146.0098039215686)",Treponema,4,2042
"(221.0, 1267.6933333333334)",Neisseria,4,2043
"(221.46464646464648, 1544.5959595959596)",Neisseria,4,2045
"(220.73239436619718, 1693.5492957746478)",Streptococcus,4,2046
"(220.0909090909091, 1770.7818181818182)",Streptococcus,4,2047
"(219.44, 1911.66)",Treponema,4,2048
"(223.70192307692307, 1993.0)",Neisseria,4,2049
"(223.24285714285713, 705.3642857142858)",Veillonella,4,2052
"(224.1413043478261, 967.2065217391304)",Neisseria,4,2053
"(220.775, 1108.1625)",Treponema,4,2054
"(221.46268656716418, 1198.6716417910447)",Neisseria,4,2055
"(221.5772357723577, 1970.479674796748)",Neisseria,4,2056
"(224.6818181818182, 573.0818181818182)",Neisseria,4,2060
"(224.0593220338983, 644.1694915254237)",Neisseria,4,2061
"(224.48, 857.1733333333333)",Streptococcus,4,2062
"(221.8909090909091, 993.2363636363636)",Treponema,4,2063
"(221.47142857142856, 1246.9)",Neisseria,4,2065
"(223.06944444444446, 1376.3194444444443)",Neisseria,4,2066
"(222.2, 1462.18)",Neisseria,4,2067
"(222.97260273972603, 1935.5479452054794)",Streptococcus,4,2069
"(224.4673913043478, 303.04347826086956)",Treponema,4,2070
"(226.44502617801047, 616.041884816754)",Veillonella,4,2072
"(224.06024096385542, 1217.0240963855422)",Treponema,4,2074
"(226.11042944785277, 1813.840490797546)",Neisseria,4,2075
"(225.74683544303798, 1868.4303797468353)",Streptococcus,4,2076
"(224.66315789473686, 1886.0315789473684)",Streptococcus,4,2077
"(223.01492537313433, 170.49253731343285)",Treponema,4,2079
"(224.90243902439025, 448.1707317073171)",Streptococcus,4,2081
"(223.85555555555555, 488.8)",Streptococcus,4,2082
"(229.46456692913387, 838.9448818897638)",Streptococcus,4,2084
"(234.1340782122905, 1015.7988826815642)",Streptococcus,4,2087
"(226.2027027027027, 1040.8783783783783)",Streptococcus,4,2088
"(225.78947368421052, 1320.8508771929824)",Neisseria,4,2089
"(223.64406779661016, 1649.4915254237287)",Neisseria,4,2090
"(225.63917525773195, 1746.8453608247423)",Streptococcus,4,2091
"(224.31884057971016, 1923.5652173913043)",Treponema,4,2092
"(224.88732394366198, 71.14788732394366)",Neisseria,4,2094
"(226.03658536585365, 211.14634146341464)",Treponema,4,2095
"(227.59509202453987, 592.7423312883435)",Selenomonas,4,2096
"(225.0, 1029.0597014925372)",Streptococcus,4,2097
"(230.5056818181818, 1160.3522727272727)",Neisseria,4,2100
"(226.08641975308643, 1304.888888888889)",Neisseria,4,2101
"(234.8436018957346, 1422.7156398104266)",Neisseria,4,2102
"(226.125, 1487.1527777777778)",Neisseria,4,2104
"(229.2941176470588, 1948.6638655462184)",Treponema,4,2106
"(225.91935483870967, 538.8709677419355)",Streptococcus,4,2109
"(233.04545454545453, 633.1454545454545)",Veillonella,4,2110
"(226.29166666666666, 667.96875)",Neisseria,4,2111
"(225.2741935483871, 1786.741935483871)",Treponema,4,2116
"(230.67676767676767, 1909.5252525252524)",Treponema,4,2117
"(231.95135135135135, 793.5675675675676)",Streptococcus,4,2119
"(228.01724137931035, 1336.948275862069)",Neisseria,4,2121
"(228.87234042553192, 360.51063829787233)",Treponema,4,2122
"(226.9811320754717, 872.6037735849056)",Streptococcus,4,2123
"(231.22093023255815, 1350.7790697674418)",Treponema,4,2124
"(227.12, 1402.2533333333333)",Neisseria,4,2126
"(231.3586956521739, 127.18478260869566)",Neisseria,4,2127
"(228.8450704225352, 319.88732394366195)",Treponema,4,2128
"(229.425, 399.0875)",Selenomonas,4,2129
"(231.30769230769232, 416.05384615384617)",Treponema,4,2130
"(229.05882352941177, 471.0)",Streptococcus,4,2131
"(234.4620253164557, 556.632911392405)",Streptococcus,4,2132
"(229.7840909090909, 657.0568181818181)",Neisseria,4,2133
"(230.70666666666668, 1682.7866666666666)",Neisseria,4,2135
"(229.54545454545453, 105.14545454545454)",Treponema,4,2137
"(232.11333333333334, 146.70666666666668)",Treponema,4,2138
"(234.78181818181818, 723.7)",Selenomonas,4,2140
"(234.7268907563025, 741.563025210084)",Neisseria,4,2141
"(232.33333333333334, 922.6818181818181)",Streptococcus,4,2142
"(229.92105263157896, 1180.0)",Neisseria,4,2143
"(231.5185185185185, 1453.2716049382716)",Neisseria,4,2144
"(231.42241379310346, 1579.094827586207)",Neisseria,4,2145
"(230.29090909090908, 1775.7636363636364)",Streptococcus,4,2146
"(232.33333333333334, 252.47619047619048)",Treponema,4,2147
"(233.22413793103448, 430.37931034482756)",Streptococcus,4,2148
"(231.73076923076923, 520.525641025641)",Streptococcus,4,2149
"(234.1153846153846, 879.9102564102565)",Streptococcus,4,2150
"(233.98666666666668, 507.93333333333334)",Streptococcus,4,2152
"(234.0, 897.0579710144928)",Streptococcus,4,2153
"(231.63636363636363, 952.2363636363636)",Streptococcus,4,2154
"(231.83098591549296, 1091.1830985915492)",Streptococcus,4,2156
"(234.0, 1126.375)",Treponema,4,2157
"(231.26865671641792, 1591.1492537313434)",Neisseria,4,2158
"(231.92307692307693, 1703.0)",Streptococcus,4,2159
"(234.8015873015873, 1760.2063492063492)",Streptococcus,4,2160
"(232.45098039215685, 1878.9411764705883)",Treponema,4,2162
"(233.05128205128204, 33.282051282051285)",Streptococcus,4,2163
"(232.4313725490196, 1064.9803921568628)",Streptococcus,4,2165
"(235.2716049382716, 1539.5802469135801)",Neisseria,4,2166
"(234.7787610619469, 1630.274336283186)",Neisseria,4,2167
"(235.25, 1822.1538461538462)",Neisseria,4,2169
"(234.45283018867926, 184.79245283018867)",Treponema,4,2170
"(234.30921052631578, 279.0328947368421)",Treponema,4,2172
"(232.9718309859155, 457.2957746478873)",Streptococcus,4,2173
"(246.77911646586347, 934.4779116465863)",Treponema,4,2174
"(234.0, 1474.123287671233)",Neisseria,4,2175
"(237.7596153846154, 1523.7211538461538)",Neisseria,4,2176
"(234.37974683544303, 1557.5316455696202)",Treponema,4,2177
"(234.31666666666666, 1796.9666666666667)",Treponema,4,2178
"(235.35384615384615, 56.09230769230769)",Treponema,4,2179
"(235.58928571428572, 311.35714285714283)",Treponema,4,2180
"(235.51785714285714, 381.51785714285717)",Streptococcus,4,2182
"(235.60256410256412, 494.5897435897436)",Streptococcus,4,2183
"(240.41904761904763, 910.2285714285714)",Streptococcus,4,2185
"(234.72222222222223, 1191.9444444444443)",Treponema,4,2186
"(239.36633663366337, 1272.950495049505)",Neisseria,4,2187
"(235.4179104477612, 1292.2388059701493)",Treponema,4,2188
"(238.70689655172413, 1366.1206896551723)",Treponema,4,2189
"(237.1, 44.06666666666667)",Treponema,4,2192
"(238.96323529411765, 96.75)",Treponema,4,2193
"(237.7840909090909, 195.10227272727272)",Treponema,4,2194
"(235.6, 1110.1454545454546)",Streptococcus,4,2195
"(242.30653266331657, 1840.4723618090452)",Neisseria,4,2197
"(237.925, 1934.325)",Treponema,4,2199
"(237.9927536231884, 1962.4710144927535)",Treponema,4,2200
"(240.56435643564356, 116.55445544554455)",Treponema,4,2201
"(240.66666666666666, 329.54285714285714)",Treponema,4,2202
"(243.65384615384616, 583.4)",Treponema,4,2203
"(237.14606741573033, 1260.943820224719)",Treponema,4,2204
"(237.3181818181818, 1387.7424242424242)",Neisseria,4,2205
"(238.10526315789474, 1493.9473684210527)",Neisseria,4,2207
"(236.984126984127, 1980.4444444444443)",Neisseria,4,2208
"(240.92307692307693, 217.05494505494505)",Streptococcus,4,2209
"(237.58823529411765, 759.9411764705883)",Actinomyces,4,2210
"(239.952, 1224.856)",Treponema,4,2212
"(240.288, 1242.528)",Treponema,4,2213
"(240.37113402061857, 1723.6082474226805)",Streptococcus,4,2215
"(237.74074074074073, 1858.851851851852)",Corynebacterium,4,2216
"(242.3217391304348, 174.4)",Neisseria,4,2218
"(239.77464788732394, 341.38028169014086)",Treponema,4,2219
"(240.07386363636363, 822.9318181818181)",Streptococcus,4,2220
"(245.43396226415095, 1028.2264150943397)",Treponema,4,2221
"(239.43617021276594, 1052.276595744681)",Porphyromonas,4,2222
"(243.8252427184466, 1099.5533980582525)",Streptococcus,4,2223
"(239.5212765957447, 1202.3936170212767)",Treponema,4,2224
"(238.85714285714286, 1213.1948051948052)",Treponema,4,2225
"(238.95454545454547, 1890.7121212121212)",Treponema,4,2226
"(243.16666666666666, 1992.0)",Neisseria,4,2227
"(242.69230769230768, 301.3942307692308)",Treponema,4,2228
"(239.87878787878788, 966.9545454545455)",Neisseria,4,2229
"(241.86764705882354, 998.8014705882352)",Treponema,4,2230
"(241.59146341463415, 1331.2865853658536)",Neisseria,4,2231
"(239.74576271186442, 1445.3728813559321)",Neisseria,4,2232
"(240.27631578947367, 1663.592105263158)",Neisseria,4,2234
"(240.1764705882353, 1713.7450980392157)",Streptococcus,4,2235
"(243.34, 238.98)",Treponema,4,2236
"(241.87692307692308, 260.6461538461538)",Treponema,4,2237
"(241.4, 362.75714285714287)",Treponema,4,2238
"(240.6031746031746, 1739.5079365079366)",Streptococcus,4,2239
"(241.24074074074073, 67.48148148148148)",Treponema,4,2240
"(241.98, 163.74)",Neisseria,4,2241
"(244.95890410958904, 482.2328767123288)",Streptococcus,4,2243
"(243.77064220183487, 532.440366972477)",Veillonella,4,2244
"(247.14444444444445, 861.5111111111111)",Streptococcus,4,2246
"(242.56666666666666, 1313.0333333333333)",Neisseria,4,2248
"(248.5632911392405, 1475.620253164557)",Neisseria,4,2249
"(242.955223880597, 1604.6119402985075)",Treponema,4,2250
"(243.69791666666666, 1778.5520833333333)",Treponema,4,2251
"(244.8608695652174, 1803.6521739130435)",Neisseria,4,2252
"(249.5648854961832, 1900.4351145038167)",Neisseria,4,2253
"(243.80373831775702, 1915.9345794392523)",Treponema,4,2254
"(243.05357142857142, 1651.607142857143)",Neisseria,4,2256
"(241.85, 1697.2)",Treponema,4,2257
"(243.01754385964912, 83.26315789473684)",Treponema,4,2258
"(248.57861635220127, 506.7672955974843)",Streptococcus,4,2260
"(245.86813186813185, 808.054945054945)",Selenomonas,4,2261
"(244.22857142857143, 980.6142857142858)",Treponema,4,2262
"(243.88888888888889, 1134.857142857143)",Treponema,4,2263
"(244.31506849315068, 1149.835616438356)",Treponema,4,2264
"(244.84615384615384, 1254.673076923077)",Treponema,4,2266
"(244.6, 1551.1166666666666)",Treponema,4,2268
"(245.46067415730337, 446.0)",Treponema,4,2271
"(244.7719298245614, 471.140350877193)",Porphyromonas,4,2272
"(245.04705882352943, 599.8470588235294)",Neisseria,4,2273
"(244.5090909090909, 1071.1636363636364)",Streptococcus,4,2274
"(244.92727272727274, 1511.7636363636364)",Neisseria,4,2276
"(248.13333333333333, 376.77777777777777)",Treponema,4,2279
"(246.828125, 422.609375)",Treponema,4,2280
"(246.76923076923077, 701.5604395604396)",Neisseria,4,2283
"(246.94805194805195, 755.0909090909091)",Streptococcus,4,2284
"(247.6153846153846, 32.67307692307692)",Streptococcus,4,2289
"(249.33576642335765, 150.6934306569343)",Neisseria,4,2290
"(246.75675675675674, 412.6081081081081)",Treponema,4,2292
"(249.08333333333334, 566.7666666666667)",Veillonella,4,2293
"(246.47058823529412, 892.6764705882352)",Treponema,4,2294
"(250.38541666666666, 1375.7604166666667)",Treponema,4,2297
"(247.42424242424244, 1407.409090909091)",Neisseria,4,2298
"(247.8125, 1683.392857142857)",Neisseria,4,2299
"(249.83333333333334, 1762.53125)",Streptococcus,4,2300
"(247.73972602739727, 51.71232876712329)",Treponema,4,2301
"(251.3235294117647, 268.8529411764706)",Treponema,4,2302
"(249.73563218390805, 285.7241379310345)",Treponema,4,2303
"(249.4406779661017, 845.4406779661017)",Streptococcus,4,2305
"(253.76315789473685, 1082.1447368421052)",Streptococcus,4,2306
"(250.5, 1433.1120689655172)",Neisseria,4,2307
"(247.65454545454546, 1948.709090909091)",Treponema,4,2309
"(255.68965517241378, 878.048275862069)",Streptococcus,4,2315
"(250.07792207792207, 958.3246753246754)",Neisseria,4,2316
"(253.65413533834587, 1301.9172932330828)",Treponema,4,2317
"(252.82432432432432, 1625.6756756756756)",Neisseria,4,2318
"(247.90740740740742, 1817.0740740740741)",Neisseria,4,2319
"(253.45378151260505, 1930.327731092437)",Neisseria,4,2320
"(249.21212121212122, 1976.969696969697)",Neisseria,4,2321
"(253.77884615384616, 94.22115384615384)",Treponema,4,2323
"(252.79661016949152, 254.08474576271186)",Treponema,4,2326
"(253.2840909090909, 545.3295454545455)",Veillonella,4,2327
"(250.77966101694915, 904.1016949152543)",Streptococcus,4,2328
"(253.6987951807229, 1038.686746987952)",Treponema,4,2329
"(250.91780821917808, 1456.958904109589)",Neisseria,4,2331
"(255.41228070175438, 1634.657894736842)",Neisseria,4,2332
"(255.21686746987953, 1826.5060240963855)",Neisseria,4,2333
"(253.5037037037037, 1963.888888888889)",Neisseria,4,2334
"(253.61904761904762, 341.1547619047619)",Streptococcus,4,2335
"(253.8030303030303, 775.469696969697)",Streptococcus,4,2336
"(256.70935960591135, 1113.448275862069)",Treponema,4,2337
"(255.36936936936937, 1166.3963963963963)",Streptococcus,4,2338
"(251.80327868852459, 1519.950819672131)",Neisseria,4,2339
"(254.86021505376345, 171.36559139784947)",Neisseria,4,2340
"(254.79012345679013, 397.87654320987656)",Treponema,4,2342
"(259.9781420765027, 760.24043715847)",Streptococcus,4,2343
"(255.9205298013245, 1392.7019867549668)",Neisseria,4,2345
"(256.01666666666665, 1496.15)",Neisseria,4,2346
"(254.46728971962617, 1541.1682242990655)",Treponema,4,2347
"(256.42537313432837, 1614.4179104477612)",Neisseria,4,2348
"(252.47272727272727, 1724.6909090909091)",Treponema,4,2349
"(252.4655172413793, 1750.0689655172414)",Streptococcus,4,2350
"(253.98666666666668, 64.45333333333333)",Treponema,4,2352
"(255.11111111111111, 207.06666666666666)",Neisseria,4,2354
"(256.0425531914894, 490.28723404255317)",Neisseria,4,2355
"(260.1722222222222, 659.1277777777777)",Veillonella,4,2356
"(259.35537190082647, 732.5785123966942)",Veillonella,4,2357
"(253.63333333333333, 789.2666666666667)",Fusobacterium,4,2358
"(253.98387096774192, 974.9677419354839)",Streptococcus,4,2359
"(254.5731707317073, 1051.8536585365853)",Streptococcus,4,2360
"(254.42857142857142, 1179.6607142857142)",Treponema,4,2361
"(257.26582278481015, 1444.5822784810127)",Neisseria,4,2362
"(263.5297619047619, 1483.9642857142858)",Neisseria,4,2363
"(258.09420289855075, 1702.9927536231885)",Neisseria,4,2364
"(253.9591836734694, 1881.2857142857142)",Neisseria,4,2365
"(254.94117647058823, 1991.764705882353)",Neisseria,4,2366
"(258.72093023255815, 78.24806201550388)",Treponema,4,2367
"(253.98, 117.42)",Treponema,4,2368
"(255.9047619047619, 231.3452380952381)",Treponema,4,2370
"(262.12105263157895, 520.5368421052632)",Selenomonas,4,2371
"(258.3767123287671, 799.4589041095891)",Porphyromonas,4,2372
"(256.4736842105263, 1193.2631578947369)",Treponema,4,2374
"(257.3333333333333, 1262.5376344086021)",Streptococcus,4,2375
"(255.28571428571428, 1319.1538461538462)",Treponema,4,2376
"(257.7293233082707, 1646.8796992481202)",Neisseria,4,2378
"(254.25, 1666.232142857143)",Neisseria,4,2379
"(261.70454545454544, 999.4621212121212)",Streptococcus,4,2381
"(256.64285714285717, 1738.7857142857142)",Streptococcus,4,2383
"(260.0722891566265, 1891.4578313253012)",Neisseria,4,2384
"(257.0, 330.9259259259259)",Streptococcus,4,2385
"(263.63870967741934, 576.0)",Streptococcus,4,2387
"(258.5874125874126, 833.6293706293707)",Veillonella,4,2388
"(257.70512820512823, 852.6923076923077)",Streptococcus,4,2389
"(258.19642857142856, 1151.3035714285713)",Treponema,4,2390
"(257.3888888888889, 1234.9305555555557)",Treponema,4,2391
"(263.0137931034483, 1248.1103448275862)",Streptococcus,4,2392
"(258.4, 1601.96)",Treponema,4,2393
"(257.1489361702128, 1917.5531914893618)",Neisseria,4,2394
"(261.6081081081081, 126.83783783783784)",Treponema,4,2395
"(257.6056338028169, 243.94366197183098)",Treponema,4,2396
"(259.56756756756755, 387.72972972972974)",Treponema,4,2397
"(258.1166666666667, 889.8166666666667)",Treponema,4,2399
"(261.3818181818182, 917.8636363636364)",Streptococcus,4,2400
"(258.78625954198475, 1218.1679389312976)",Streptococcus,4,2401
"(258.57142857142856, 1277.1571428571428)",Treponema,4,2402
"(261.311320754717, 1511.7075471698113)",Neisseria,4,2404
"(260.53125, 1860.8541666666667)",Neisseria,4,2405
"(259.45454545454544, 1936.5324675324675)",Neisseria,4,2406
"(259.6326530612245, 1978.8265306122448)",Neisseria,4,2407
"(260.0840336134454, 301.34453781512605)",Treponema,4,2408
"(264.40112994350284, 457.5875706214689)",Treponema,4,2409
"(259.2, 1412.2173913043478)",Neisseria,4,2411
"(259.05479452054794, 1565.8219178082193)",Streptococcus,4,2412
"(259.8474576271187, 1770.2881355932204)",Streptococcus,4,2413
"(261.0705882352941, 598.4823529411765)",Neisseria,4,2416
"(259.54545454545456, 1018.3454545454546)",Streptococcus,4,2417
"(262.8050847457627, 1288.6016949152543)",Streptococcus,4,2419
"(261.51376146788994, 1591.4220183486239)",Treponema,4,2421
"(265.22754491017963, 1783.5149700598802)",Streptococcus,4,2422
"(260.9577464788732, 1806.774647887324)",Treponema,4,2423
"(260.6034482758621, 106.08620689655173)",Streptococcus,4,2426
"(261.48214285714283, 262.5892857142857)",Treponema,4,2427
"(261.2916666666667, 440.4166666666667)",Treponema,4,2428
"(263.11, 633.19)",Neisseria,4,2430
"(261.60377358490564, 966.1132075471698)",Corynebacterium,4,2431
"(262.578125, 1069.75)",Treponema,4,2432
"(262.5964912280702, 1143.2456140350878)",Corynebacterium,4,2433
"(269.5632911392405, 1345.1835443037974)",Streptococcus,4,2435
"(263.0921052631579, 1457.421052631579)",Neisseria,4,2436
"(267.3356643356643, 185.4055944055944)",Treponema,4,2437
"(268.2962962962963, 417.1574074074074)",Treponema,4,2438
"(265.9928057553957, 610.7769784172662)",Neisseria,4,2439
"(267.7226277372263, 1201.3941605839416)",Streptococcus,4,2440
"(264.65432098765433, 1681.8641975308642)",Neisseria,4,2441
"(264.60377358490564, 1721.132075471698)",Neisseria,4,2442
"(267.27433628318585, 1794.5575221238937)",Streptococcus,4,2444
"(264.0133333333333, 144.08)",Treponema,4,2446
"(264.625, 157.5625)",Treponema,4,2447
"(265.6, 753.35)",Streptococcus,4,2448
"(266.7818181818182, 783.0545454545454)",Streptococcus,4,2449
"(266.9080459770115, 906.9655172413793)",Streptococcus,4,2450
"(265.9673913043478, 1949.5217391304348)",Neisseria,4,2454
"(266.5, 29.241935483870968)",Streptococcus,4,2455
"(265.625, 49.40625)",Streptococcus,4,2457
"(269.005291005291, 287.62433862433863)",Neisseria,4,2458
"(275.9308943089431, 357.5813008130081)",Treponema,4,2459
"(265.0806451612903, 561.3548387096774)",Neisseria,4,2460
"(266.9380530973451, 934.6460176991151)",Streptococcus,4,2461
"(267.8333333333333, 986.6538461538462)",Streptococcus,4,2462
"(266.55223880597015, 1060.0149253731342)",Streptococcus,4,2464
"(265.0882352941176, 1668.75)",Neisseria,4,2466
"(266.5820895522388, 1758.955223880597)",Streptococcus,4,2468
"(264.9423076923077, 1995.7884615384614)",Neisseria,4,2469
"(269.65359477124184, 221.54248366013073)",Neisseria,4,2471
"(266.36619718309856, 537.1971830985915)",Selenomonas,4,2472
"(273.5, 947.6521739130435)",Streptococcus,4,2473
"(269.3697478991597, 1127.235294117647)",Neisseria,4,2475
"(267.4390243902439, 1358.560975609756)",Treponema,4,2477
"(266.5979381443299, 1369.4639175257732)",Treponema,4,2478
"(266.36842105263156, 1532.2763157894738)",Neisseria,4,2479
"(265.6181818181818, 1872.4727272727273)",Neisseria,4,2480
"(269.0769230769231, 1901.9384615384615)",Neisseria,4,2481
"(267.7719298245614, 67.21052631578948)",Streptococcus,4,2482
"(270.71527777777777, 377.50694444444446)",Treponema,4,2483
"(266.8888888888889, 469.3968253968254)",Streptococcus,4,2484
"(268.7837837837838, 550.8378378378378)",Neisseria,4,2485
"(267.0, 709.1666666666666)",Veillonella,4,2486
"(266.70175438596493, 1042.3684210526317)",Treponema,4,2487
"(269.8360655737705, 115.80327868852459)",Treponema,4,2489
"(267.9824561403509, 254.3859649122807)",Treponema,4,2491
"(270.4266666666667, 322.56666666666666)",Streptococcus,4,2492
"(272.2, 499.36)",Veillonella,4,2493
"(272.4343434343434, 962.8282828282828)",Treponema,4,2494
"(267.21276595744683, 1170.7340425531916)",Treponema,4,2495
"(270.2890625, 1577.25)",Streptococcus,4,2496
"(273.83870967741933, 172.1209677419355)",Treponema,4,2497
"(274.8036809815951, 398.32515337423314)",Treponema,4,2498
"(274.74545454545455, 429.76363636363635)",Treponema,4,2499
"(270.4189189189189, 861.7972972972973)",Streptococcus,4,2500
"(268.6666666666667, 1317.7894736842106)",Streptococcus,4,2501
"(271.1278195488722, 1548.2781954887218)",Treponema,4,2502
"(270.88, 1151.82)",Treponema,4,2504
"(270.24545454545455, 1434.4272727272728)",Neisseria,4,2506
"(274.01408450704224, 1880.8169014084508)",Neisseria,4,2507
"(273.5748031496063, 202.18897637795277)",Treponema,4,2508
"(270.8235294117647, 271.921568627451)",Treponema,4,2509
"(271.3424657534247, 338.6986301369863)",Streptococcus,4,2510
"(272.1320754716981, 485.42452830188677)",Veillonella,4,2511
"(271.2413793103448, 896.8275862068965)",Streptococcus,4,2512
"(270.6666666666667, 1383.1060606060605)",Neisseria,4,2514
"(278.6821705426357, 144.28682170542635)",Treponema,4,2516
"(272.35, 307.06666666666666)",Treponema,4,2517
"(272.03225806451616, 1182.4032258064517)",Treponema,4,2518
"(271.8421052631579, 1220.3263157894737)",Treponema,4,2519
"(273.5, 239.76923076923077)",Treponema,4,2520
"(276.3761467889908, 1096.9449541284403)",Corynebacterium,4,2522
"(273.7936507936508, 1525.4761904761904)",Neisseria,4,2524
"(278.55263157894734, 1600.5131578947369)",Treponema,4,2525
"(276.4157303370786, 1623.7191011235955)",Neisseria,4,2526
"(274.7019230769231, 1694.125)",Neisseria,4,2527
"(272.32894736842104, 1815.9736842105262)",Streptococcus,4,2528
"(274.125, 1834.453125)",Treponema,4,2529
"(274.59203980099505, 1919.1044776119404)",Neisseria,4,2530
"(274.6111111111111, 652.8888888888889)",Veillonella,4,2531
"(276.0689655172414, 723.2413793103449)",Veillonella,4,2532
"(276.2631578947368, 821.5263157894736)",Pasteurellaceae,4,2533
"(274.51666666666665, 1033.4666666666667)",Corynebacterium,4,2534
"(280.2081447963801, 1976.3800904977375)",Neisseria,4,2538
"(275.8933333333333, 95.80666666666667)",Treponema,4,2539
"(278.1727272727273, 125.3)",Treponema,4,2540
"(278.65384615384613, 977.5288461538462)",Streptococcus,4,2541
"(276.5, 1020.2432432432432)",Streptococcus,4,2542
"(277.7843137254902, 1304.2450980392157)",Streptococcus,4,2543
"(275.0882352941176, 1451.1274509803923)",Neisseria,4,2544
"(274.81081081081084, 1505.3851351351352)",Neisseria,4,2545
"(276.72857142857146, 1636.4142857142858)",Neisseria,4,2546
"(279.79338842975204, 1939.7107438016528)",Neisseria,4,2548
"(290.35483870967744, 13.053763440860216)",Streptococcus,4,2549
"(281.05555555555554, 1077.4222222222222)",Corynebacterium,4,2550
"(280.06666666666666, 1277.7333333333333)",Treponema,4,2552
"(276.63793103448273, 1400.6724137931035)",Neisseria,4,2553
"(279.14285714285717, 1469.5102040816328)",Neisseria,4,2554
"(276.07246376811594, 1669.5797101449275)",Neisseria,4,2555
"(275.96153846153845, 1747.6025641025642)",Neisseria,4,2556
"(278.6808510638298, 37.351063829787236)",Streptococcus,4,2557
"(276.4, 538.32)",Veillonella,4,2558
"(278.90697674418607, 639.453488372093)",Veillonella,4,2559
"(277.9612903225806, 699.2387096774194)",Corynebacterium,4,2560
"(278.0388349514563, 741.3883495145631)",Porphyromonas,4,2561
"(277.4769230769231, 807.7846153846153)",Veillonella,4,2562
"(277.530303030303, 1291.0757575757575)",Streptococcus,4,2563
"(279.04347826086956, 1655.2173913043478)",Neisseria,4,2564
"(278.3162393162393, 1764.1880341880342)",Treponema,4,2565
"(276.3636363636364, 1870.418181818182)",Neisseria,4,2566
"(277.86538461538464, 51.15384615384615)",Streptococcus,4,2567
"(277.6, 157.74)",Treponema,4,2569
"(279.719512195122, 261.390243902439)",Treponema,4,2570
"(278.6, 797.68)",Veillonella,4,2572
"(280.13592233009706, 845.1359223300971)",Veillonella,4,2573
"(279.7901234567901, 1323.888888888889)",Streptococcus,4,2578
"(277.6842105263158, 1389.2456140350878)",Neisseria,4,2579
"(283.0, 1588.4622641509434)",Treponema,4,2580
"(281.1058823529412, 1614.8)",Treponema,4,2581
"(281.2635135135135, 1705.0135135135135)",Neisseria,4,2582
"(281.03636363636366, 872.8484848484849)",Streptococcus,4,2585
"(283.7142857142857, 918.4415584415584)",Streptococcus,4,2586
"(280.5238095238095, 1003.9404761904761)",Streptococcus,4,2588
"(280.88965517241377, 1731.0)",Neisseria,4,2590
"(279.63513513513516, 1848.2297297297298)",Neisseria,4,2591
"(280.8131868131868, 1994.2197802197802)",Neisseria,4,2592
"(281.3070175438597, 514.5964912280701)",Veillonella,4,2593
"(282.1391304347826, 1413.3130434782609)",Neisseria,4,2594
"(281.88513513513516, 1955.1148648648648)",Neisseria,4,2595
"(281.1111111111111, 80.38095238095238)",Streptococcus,4,2596
"(282.96666666666664, 409.0)",Treponema,4,2597
"(285.16149068322983, 448.4223602484472)",Selenomonas,4,2598
"(280.7758620689655, 562.0172413793103)",Veillonella,4,2599
"(281.6463414634146, 1158.4878048780488)",Neisseria,4,2600
"(282.17543859649123, 275.1578947368421)",Treponema,4,2603
"(282.0833333333333, 570.7222222222222)",Veillonella,4,2605
"(282.64044943820227, 1235.5955056179776)",Treponema,4,2607
"(285.680412371134, 1366.9278350515465)",Treponema,4,2608
"(284.52666666666664, 1486.1733333333334)",Neisseria,4,2609
"(283.1081081081081, 247.1216216216216)",Neisseria,4,2611
"(284.9674796747967, 588.7723577235772)",Veillonella,4,2612
"(285.8493150684931, 1333.972602739726)",Streptococcus,4,2613
"(288.97076023391816, 1712.5204678362572)",Neisseria,4,2614
"(284.5280898876405, 306.75280898876406)",Neisseria,4,2616
"(283.97297297297297, 1126.9054054054054)",Neisseria,4,2619
"(287.16161616161617, 1379.040404040404)",Neisseria,4,2622
"(282.6727272727273, 1826.2727272727273)",Treponema,4,2623
"(287.9009900990099, 1930.1386138613861)",Neisseria,4,2624
"(284.7, 229.5857142857143)",Treponema,4,2626
"(285.6630434782609, 474.8804347826087)",Streptococcus,4,2628
"(288.4842105263158, 536.3789473684211)",Veillonella,4,2629
"(285.78846153846155, 781.4903846153846)",Veillonella,4,2630
"(286.7105263157895, 1189.7719298245613)",Neisseria,4,2635
"(284.9310344827586, 1208.7413793103449)",Treponema,4,2636
"(287.0603448275862, 1250.1379310344828)",Neisseria,4,2637
"(288.6629213483146, 1780.7078651685392)",Neisseria,4,2639
"(286.75, 1906.1574074074074)",Neisseria,4,2640
"(288.70535714285717, 290.25892857142856)",Treponema,4,2641
"(285.375, 337.015625)",Treponema,4,2642
"(289.90865384615387, 380.0817307692308)",Treponema,4,2643
"(286.33846153846156, 550.9692307692308)",Veillonella,4,2644
"(287.75384615384615, 762.6974358974359)",Veillonella,4,2645
"(288.3636363636364, 892.7840909090909)",Streptococcus,4,2646
"(286.74311926605503, 1052.6238532110092)",Streptococcus,4,2647
"(291.64462809917353, 1507.0826446280992)",Neisseria,4,2649
"(292.5729166666667, 1546.25)",Neisseria,4,2650
"(286.13978494623655, 1565.3870967741937)",Streptococcus,4,2651
"(288.7162162162162, 131.8108108108108)",Treponema,4,2652
"(287.9932432432432, 1445.6756756756756)",Neisseria,4,2654
"(287.9428571428571, 1523.9714285714285)",Neisseria,4,2655
"(298.52966101694915, 852.0635593220339)",Actinomyces,4,2658
"(290.6837606837607, 1137.111111111111)",Neisseria,4,2660
"(288.6388888888889, 1169.5416666666667)",Neisseria,4,2661
"(290.3619047619048, 1765.6571428571428)",Neisseria,4,2662
"(290.2916666666667, 164.61111111111111)",Treponema,4,2665
"(288.94545454545454, 429.6909090909091)",Selenomonas,4,2666
"(289.1081081081081, 492.7432432432432)",Veillonella,4,2667
"(290.57758620689657, 663.698275862069)",Veillonella,4,2668
"(292.16831683168317, 687.2673267326733)",Porphyromonas,4,2669
"(290.30357142857144, 834.4821428571429)",Capnocytophaga,4,2670
"(290.7549019607843, 1018.9705882352941)",Streptococcus,4,2671
"(290.2835820895522, 1632.1194029850747)",Neisseria,4,2672
"(292.70714285714286, 1672.5642857142857)",Neisseria,4,2673
"(289.6825396825397, 1745.904761904762)",Neisseria,4,2674
"(290.6136363636364, 1792.7386363636363)",Neisseria,4,2675
"(289.83870967741933, 61.854838709677416)",Streptococcus,4,2676
"(292.5542168674699, 305.30120481927713)",Treponema,4,2677
"(292.7027027027027, 992.1621621621622)",Streptococcus,4,2678
"(293.1801801801802, 1655.081081081081)",Neisseria,4,2679
"(296.5, 1837.5701754385964)",Treponema,4,2680
"(294.70512820512823, 173.21794871794873)",Treponema,4,2682
"(290.4230769230769, 346.21153846153845)",Treponema,4,2683
"(293.5934065934066, 622.7252747252747)",Actinomyces,4,2685
"(291.7615062761506, 726.7531380753138)",Veillonella,4,2686
"(290.984375, 1286.78125)",Treponema,4,2687
"(294.6470588235294, 1398.516339869281)",Neisseria,4,2688
"(290.51724137931035, 1579.7241379310344)",Streptococcus,4,2689
"(294.5, 1801.0833333333333)",Neisseria,4,2690
"(292.90410958904107, 1813.5890410958905)",Neisseria,4,2691
"(293.9344262295082, 198.04918032786884)",Streptococcus,4,2693
"(293.9433962264151, 419.33962264150944)",Selenomonas,4,2695
"(292.9866666666667, 925.1866666666666)",Streptococcus,4,2696
"(291.90909090909093, 942.2878787878788)",Streptococcus,4,2697
"(292.9047619047619, 966.3492063492064)",Streptococcus,4,2698
"(291.6730769230769, 978.3076923076923)",Treponema,4,2699
"(292.9047619047619, 1099.952380952381)",Treponema,4,2700
"(293.0, 1115.0470588235294)",Neisseria,4,2701
"(294.07246376811594, 1641.8985507246377)",Neisseria,4,2702
"(296.2439024390244, 1864.7439024390244)",Treponema,4,2703
"(292.3333333333333, 1881.047619047619)",Neisseria,4,2704
"(292.43333333333334, 183.5)",Treponema,4,2705
"(292.20754716981133, 647.0754716981132)",Pasteurellaceae,4,2707
"(292.6666666666667, 800.4487179487179)",Veillonella,4,2708
"(295.9323308270677, 819.3533834586466)",Pasteurellaceae,4,2709
"(294.05263157894734, 1271.828947368421)",Treponema,4,2711
"(294.2063492063492, 1421.984126984127)",Neisseria,4,2712
"(297.1224489795918, 234.23469387755102)",Treponema,4,2716
"(294.3728813559322, 323.1694915254237)",Treponema,4,2717
"(296.6265060240964, 394.1686746987952)",Streptococcus,4,2718
"(300.2, 1150.9357142857143)",Neisseria,4,2723
"(296.83435582822085, 1319.6319018404909)",Treponema,4,2725
"(296.34615384615387, 1440.1025641025642)",Neisseria,4,2726
"(294.78, 119.86)",Treponema,4,2728
"(297.09638554216866, 250.04819277108433)",Streptococcus,4,2730
"(299.1736526946108, 873.5329341317365)",Fusobacterium,4,2732
"(297.93333333333334, 1087.3428571428572)",Treponema,4,2734
"(298.8411214953271, 1298.6261682242991)",Neisseria,4,2736
"(296.5858585858586, 1354.2424242424242)",Streptococcus,4,2737
"(297.6818181818182, 137.5)",Treponema,4,2738
"(298.44117647058823, 153.2450980392157)",Streptococcus,4,2739
"(296.7543859649123, 210.6140350877193)",Treponema,4,2740
"(297.31944444444446, 334.0138888888889)",Treponema,4,2741
"(296.3692307692308, 357.18461538461537)",Streptococcus,4,2742
"(296.3090909090909, 567.0)",Veillonella,4,2743
"(301.2, 635.7916666666666)",Veillonella,4,2744
"(300.28712871287127, 1465.2178217821781)",Neisseria,4,2748
"(299.79761904761904, 1494.845238095238)",Neisseria,4,2749
"(301.1125, 1732.5375)",Neisseria,4,2750
"(297.3333333333333, 1751.4)",Neisseria,4,2751
"(300.8333333333333, 1897.611111111111)",Neisseria,4,2753
"(300.5327102803738, 76.85981308411215)",Treponema,4,2755
"(302.1302083333333, 104.109375)",Treponema,4,2756
"(299.2361111111111, 499.05555555555554)",Selenomonas,4,2757
"(301.8061224489796, 651.704081632653)",Pasteurellaceae,4,2758
"(300.9431818181818, 1071.1022727272727)",Neisseria,4,2760
"(302.35897435897436, 1691.7179487179487)",Neisseria,4,2762
"(299.7719298245614, 580.6315789473684)",Saccharibacteria,4,2763
"(300.55555555555554, 600.1666666666666)",Veillonella,4,2764
"(298.5882352941176, 785.8627450980392)",Porphyromonas,4,2765
"(301.0408163265306, 1033.4591836734694)",Treponema,4,2766
"(301.2134831460674, 1566.8539325842696)",Streptococcus,4,2768
"(300.67241379310343, 1777.8620689655172)",Neisseria,4,2769
"(301.97872340425533, 440.9574468085106)",Veillonella,4,2771
"(301.9724770642202, 551.2477064220184)",Veillonella,4,2772
"(301.67045454545456, 1178.6931818181818)",Neisseria,4,2773
"(300.6507936507937, 1454.4603174603174)",Neisseria,4,2774
"(300.13432835820896, 1616.9253731343283)",Treponema,4,2775
"(299.95588235294116, 1925.1911764705883)",Neisseria,4,2776
"(305.1345029239766, 473.7543859649123)",Veillonella,4,2778
"(307.30232558139534, 889.9883720930233)",Streptococcus,4,2779
"(301.57142857142856, 1188.2197802197802)",Neisseria,4,2780
"(303.1847826086956, 1200.391304347826)",Neisseria,4,2781
"(301.40983606557376, 1341.6065573770493)",Corynebacterium,4,2783
"(304.32530120481925, 1486.1686746987953)",Neisseria,4,2784
"(304.4766355140187, 1518.4953271028037)",Neisseria,4,2785
"(300.9, 1946.15)",Neisseria,4,2786
"(302.4387755102041, 1975.2755102040817)",Neisseria,4,2787
"(303.8378378378378, 681.7747747747748)",Veillonella,4,2788
"(305.7348484848485, 720.1060606060606)",Veillonella,4,2789
"(303.8659793814433, 753.6907216494845)",Porphyromonas,4,2790
"(306.6057692307692, 1477.4903846153845)",Neisseria,4,2793
"(305.358024691358, 1912.2716049382716)",Neisseria,4,2795
"(305.8068181818182, 1993.4886363636363)",Neisseria,4,2796
"(306.378640776699, 369.68932038834953)",Treponema,4,2797
"(304.09375, 518.46875)",Veillonella,4,2798
"(303.741935483871, 1821.758064516129)",Neisseria,4,2801
"(304.35185185185185, 318.31481481481484)",Fusobacterium,4,2802
"(308.50892857142856, 400.63392857142856)",Treponema,4,2803
"(304.3142857142857, 455.0)",Pasteurellaceae,4,2804
"(313.19101123595505, 737.1741573033707)",Actinomyces,4,2805
"(306.6190476190476, 949.7857142857143)",Streptococcus,4,2806
"(306.02222222222224, 1133.5)",Neisseria,4,2807
"(303.6164383561644, 1165.6849315068494)",Neisseria,4,2808
"(304.89285714285717, 1602.1607142857142)",Streptococcus,4,2810
"(307.8181818181818, 59.1900826446281)",Treponema,4,2811
"(304.91379310344826, 190.3448275862069)",Porphyromonas,4,2812
"(309.4824561403509, 212.76315789473685)",Treponema,4,2813
"(304.6666666666667, 705.280701754386)",Actinomyces,4,2814
"(306.51960784313724, 770.8235294117648)",Saccharibacteria,4,2815
"(308.496, 935.512)",Actinomyces,4,2816
"(308.76190476190476, 973.0714285714286)",Streptococcus,4,2817
"(304.9107142857143, 1016.9821428571429)",Treponema,4,2818
"(305.28205128205127, 1048.4358974358975)",Streptococcus,4,2819
"(311.53125, 1230.9739583333333)",Neisseria,4,2820
"(306.5168539325843, 1577.7977528089887)",Treponema,4,2823
"(307.253164556962, 1591.9367088607594)",Streptococcus,4,2824
"(311.15263157894736, 268.0157894736842)",Treponema,4,2825
"(309.7113402061856, 282.4329896907216)",Treponema,4,2826
"(307.02, 383.04)",Treponema,4,2827
"(306.3695652173913, 533.8152173913044)",Veillonella,4,2828
"(307.9189189189189, 962.0135135135135)",Streptococcus,4,2829
"(314.1593625498008, 1103.9482071713148)",Neisseria,4,2830
"(305.79245283018867, 1267.9245283018868)",Treponema,4,2831
"(305.81481481481484, 1538.4259259259259)",Neisseria,4,2832
"(308.36986301369865, 1847.6712328767123)",Neisseria,4,2834
"(306.76271186440675, 127.8135593220339)",Treponema,4,2835
"(307.6231884057971, 984.5507246376811)",Corynebacterium,4,2840
"(310.231884057971, 1333.7971014492753)",Streptococcus,4,2842
"(310.17808219178085, 1367.6027397260275)",Treponema,4,2843
"(313.2316384180791, 1386.9604519774011)",Neisseria,4,2844
"(307.1578947368421, 1627.3815789473683)",Neisseria,4,2845
"(307.04615384615386, 1680.1692307692308)",Neisseria,4,2847
"(307.7042253521127, 44.943661971830984)",Streptococcus,4,2848
"(310.1747572815534, 296.15533980582524)",Treponema,4,2849
"(308.81081081081084, 563.581081081081)",Veillonella,4,2850
"(307.990099009901, 1702.980198019802)",Neisseria,4,2852
"(308.0943396226415, 33.301886792452834)",Streptococcus,4,2853
"(309.29333333333335, 418.25333333333333)",Neisseria,4,2856
"(311.006993006993, 834.8881118881119)",Veillonella,4,2858
"(310.8333333333333, 917.8333333333334)",Treponema,4,2859
"(309.44594594594594, 1212.8648648648648)",Treponema,4,2860
"(313.75, 1250.6351351351352)",Neisseria,4,2861
"(309.01162790697674, 1645.8255813953488)",Neisseria,4,2863
"(310.77906976744185, 1720.2325581395348)",Neisseria,4,2864
"(309.85915492957747, 1864.4084507042253)",Neisseria,4,2866
"(308.26984126984127, 1885.1587301587301)",Neisseria,4,2867
"(311.672268907563, 618.344537815126)",Saccharibacteria,4,2868
"(312.85714285714283, 995.4928571428571)",Selenomonas,4,2869
"(310.0842105263158, 1793.621052631579)",Neisseria,4,2870
"(313.61682242990656, 1932.1308411214952)",Neisseria,4,2871
"(315.0, 80.24038461538461)",Treponema,4,2873
"(311.812030075188, 333.5864661654135)",Treponema,4,2874
"(312.16, 1353.9466666666667)",Streptococcus,4,2875
"(313.2083333333333, 1442.5277777777778)",Treponema,4,2876
"(314.22680412371136, 697.020618556701)",Veillonella,4,2877
"(312.23880597014926, 1291.8955223880596)",Neisseria,4,2878
"(312.6923076923077, 1413.6923076923076)",Neisseria,4,2879
"(316.244094488189, 1429.5039370078741)",Neisseria,4,2880
"(313.0, 1776.8208955223881)",Neisseria,4,2881
"(314.0857142857143, 1917.5857142857142)",Neisseria,4,2882
"(313.6941176470588, 248.5529411764706)",Neisseria,4,2883
"(314.14814814814815, 366.9259259259259)",Treponema,4,2884
"(320.37410071942446, 1026.8561151079136)",Streptococcus,4,2885
"(314.44303797468353, 1505.0253164556962)",Neisseria,4,2887
"(314.5869565217391, 1543.0942028985507)",Neisseria,4,2888
"(314.6, 1816.2307692307693)",Neisseria,4,2891
"(314.7808219178082, 1877.6027397260275)",Neisseria,4,2892
"(317.6605504587156, 124.25688073394495)",Treponema,4,2893
"(315.27272727272725, 356.4848484848485)",Treponema,4,2894
"(318.4260869565217, 432.82173913043476)",Neisseria,4,2895
"(318.10185185185185, 485.89814814814815)",Veillonella,4,2896
"(316.65384615384613, 503.95054945054943)",Selenomonas,4,2897
"(316.6515151515151, 581.2878787878788)",Veillonella,4,2899
"(315.9230769230769, 788.75)",Veillonella,4,2900
"(317.29816513761466, 814.0642201834862)",Actinomyces,4,2901
"(313.12698412698415, 1609.4920634920634)",Treponema,4,2902
"(316.0422535211268, 1834.887323943662)",Treponema,4,2903
"(316.09411764705885, 140.9294117647059)",Streptococcus,4,2904
"(315.8095238095238, 191.5873015873016)",Treponema,4,2905
"(314.8679245283019, 1083.0943396226414)",Treponema,4,2906
"(314.1132075471698, 1324.6037735849056)",Treponema,4,2907
"(315.0190476190476, 1961.7809523809524)",Neisseria,4,2908
"(315.2413793103448, 1130.603448275862)",Neisseria,4,2910
"(319.99310344827586, 1159.1655172413793)",Corynebacterium,4,2911
"(318.2962962962963, 1268.2962962962963)",Neisseria,4,2912
"(320.7241379310345, 1457.5804597701149)",Neisseria,4,2913
"(316.71604938271605, 158.2962962962963)",Streptococcus,4,2914
"(321.1438848920863, 317.8848920863309)",Treponema,4,2915
"(321.0536912751678, 862.6375838926175)",Neisseria,4,2916
"(315.92452830188677, 1043.3584905660377)",Streptococcus,4,2917
"(322.1060606060606, 1067.6742424242425)",Treponema,4,2918
"(316.1326530612245, 1175.2142857142858)",Selenomonas,4,2919
"(317.0, 1194.7037037037037)",Neisseria,4,2920
"(318.55696202531647, 1278.3037974683543)",Treponema,4,2921
"(320.4222222222222, 1339.611111111111)",Treponema,4,2923
"(317.06849315068496, 1522.3013698630136)",Neisseria,4,2925
"(318.20388349514565, 1563.485436893204)",Neisseria,4,2926
"(320.1078431372549, 1949.7941176470588)",Neisseria,4,2927
"(319.8828828828829, 93.0)",Treponema,4,2929
"(319.29333333333335, 600.2266666666667)",Actinomyces,4,2930
"(320.42857142857144, 882.047619047619)",Streptococcus,4,2931
"(320.8288288288288, 1653.972972972973)",Neisseria,4,2932
"(320.4, 1679.2083333333333)",Neisseria,4,2933
"(317.0615384615385, 1750.0153846153846)",Neisseria,4,2934
"(319.84285714285716, 1904.4)",Neisseria,4,2935
"(322.46153846153845, 649.8047337278107)",Saccharibacteria,4,2936
"(319.7473684210526, 761.2421052631579)",Pasteurellaceae,4,2937
"(320.7362637362637, 1007.7032967032967)",Selenomonas,4,2938
"(320.125, 1403.640625)",Neisseria,4,2939
"(319.0833333333333, 1617.2333333333333)",Treponema,4,2940
"(319.258064516129, 1638.1451612903227)",Neisseria,4,2941
"(320.1142857142857, 1664.2285714285715)",Neisseria,4,2942
"(321.3972602739726, 1763.4383561643835)",Neisseria,4,2943
"(324.34567901234567, 177.30864197530863)",Treponema,4,2945
"(322.47857142857146, 719.5642857142857)",Veillonella,4,2946
"(320.65384615384613, 1219.7307692307693)",Neisseria,4,2947
"(322.6521739130435, 1498.3333333333333)",Neisseria,4,2948
"(321.3636363636364, 1579.857142857143)",Treponema,4,2949
"(320.7236842105263, 1711.671052631579)",Neisseria,4,2951
"(324.21774193548384, 1738.6048387096773)",Neisseria,4,2952
"(320.64516129032256, 1857.725806451613)",Neisseria,4,2953
"(320.69444444444446, 384.9583333333333)",Treponema,4,2955
"(321.203125, 628.421875)",Actinomyces,4,2956
"(322.0, 217.90322580645162)",Treponema,4,2962
"(322.75454545454545, 670.0)",Neisseria,4,2964
"(327.0787401574803, 1485.4881889763778)",Neisseria,4,2966
"(322.5, 1591.6166666666666)",Treponema,4,2967
"(326.09326424870466, 1894.0932642487046)",Neisseria,4,2969
"(323.40506329113924, 1976.6962025316457)",Neisseria,4,2970
"(329.3972602739726, 12.438356164383562)",Treponema,4,2971
"(328.0952380952381, 26.13605442176871)",Treponema,4,2972
"(322.86813186813185, 48.8021978021978)",Treponema,4,2973
"(324.3333333333333, 205.43333333333334)",Neisseria,4,2974
"(323.09615384615387, 302.61538461538464)",Treponema,4,2975
"(323.05263157894734, 347.7543859649123)",Treponema,4,2976
"(322.96875, 409.15625)",Neisseria,4,2977
"(328.97857142857146, 899.525)",Streptococcus,4,2978
"(322.36764705882354, 1320.0441176470588)",Corynebacterium,4,2981
"(324.5181818181818, 1796.3727272727272)",Neisseria,4,2984
"(323.7391304347826, 236.29347826086956)",Neisseria,4,2985
"(326.82191780821915, 396.9178082191781)",Treponema,4,2986
"(325.2040816326531, 553.4030612244898)",Neisseria,4,2987
"(322.92, 1365.7)",Treponema,4,2989
"(325.6578947368421, 1938.342105263158)",Neisseria,4,2991
"(331.5595238095238, 72.83928571428571)",Treponema,4,2992
"(329.02127659574467, 455.9432624113475)",Neisseria,4,2994
"(325.7692307692308, 776.1846153846154)",Saccharibacteria,4,2995
"(326.462962962963, 1697.4074074074074)",Neisseria,4,2997
"(327.3246753246753, 1824.6753246753246)",Neisseria,4,2998
"(327.010101010101, 1841.20202020202)",Neisseria,4,2999
"(326.4767441860465, 370.6511627906977)",Neisseria,4,3000
"(325.20238095238096, 525.5238095238095)",Neisseria,4,3001
"(324.71153846153845, 1354.5)",Treponema,4,3002
"(326.3333333333333, 331.7368421052632)",Treponema,4,3006
"(331.3717277486911, 622.2251308900524)",Veillonella,4,3007
"(327.96449704142015, 960.4674556213017)",Streptococcus,4,3008
"(328.2886597938144, 985.2474226804123)",Streptococcus,4,3009
"(327.35555555555555, 1041.874074074074)",Streptococcus,4,3010
"(327.14666666666665, 1126.0533333333333)",Neisseria,4,3011
"(328.96610169491527, 1146.084745762712)",Treponema,4,3012
"(327.45098039215685, 1294.7320261437908)",Treponema,4,3014
"(326.3636363636364, 1810.8363636363636)",Neisseria,4,3016
"(329.8961038961039, 113.72727272727273)",Treponema,4,3017
"(331.23880597014926, 580.776119402985)",Streptococcus,4,3018
"(331.52197802197804, 842.1263736263736)",Actinomyces,4,3019
"(327.7090909090909, 1963.7454545454545)",Neisseria,4,3021
"(331.26027397260276, 927.8630136986301)",Streptococcus,4,3023
"(330.252427184466, 939.4466019417475)",Streptococcus,4,3024
"(332.6341463414634, 1190.5040650406504)",Treponema,4,3025
"(335.09302325581393, 1444.2790697674418)",Neisseria,4,3027
"(330.3986013986014, 274.4475524475524)",Neisseria,4,3029
"(330.4310344827586, 596.2586206896551)",Actinomyces,4,3031
"(334.96598639455783, 757.4897959183673)",Veillonella,4,3032
"(330.31632653061223, 811.734693877551)",Pasteurellaceae,4,3033
"(332.2193548387097, 1208.3290322580644)",Treponema,4,3034
"(335.37106918238993, 1339.566037735849)",Treponema,4,3036
"(331.7692307692308, 1513.548076923077)",Neisseria,4,3038
"(332.78846153846155, 1530.3942307692307)",Neisseria,4,3039
"(333.5673076923077, 1548.298076923077)",Neisseria,4,3040
"(330.88659793814435, 1588.7628865979382)",Treponema,4,3041
"(331.14285714285717, 1929.107142857143)",Neisseria,4,3043
"(333.49333333333334, 44.45333333333333)",Treponema,4,3045
"(333.1311475409836, 97.39344262295081)",Treponema,4,3046
"(337.29213483146066, 793.8314606741573)",Streptococcus,4,3047
"(331.46153846153845, 1391.5192307692307)",Neisseria,4,3048
"(333.046875, 1568.1796875)",Treponema,4,3049
"(329.734375, 1642.40625)",Neisseria,4,3050
"(333.9622641509434, 1914.7735849056603)",Neisseria,4,3051
"(334.37142857142857, 420.44761904761907)",Veillonella,4,3052
"(334.1707317073171, 709.0731707317074)",Veillonella,4,3053
"(332.5326086956522, 1081.608695652174)",Streptococcus,4,3054
"(334.8165137614679, 1113.2844036697247)",Neisseria,4,3055
"(337.38, 1171.8933333333334)",Treponema,4,3056
"(333.82089552238807, 1274.5373134328358)",Neisseria,4,3057
"(333.65934065934067, 1756.4395604395604)",Neisseria,4,3058
"(333.9848484848485, 1820.0151515151515)",Neisseria,4,3059
"(334.6666666666667, 157.86666666666667)",Treponema,4,3061
"(332.36538461538464, 339.28846153846155)",Treponema,4,3062
"(335.7770700636943, 878.2229299363057)",Streptococcus,4,3064
"(334.03225806451616, 1097.5483870967741)",Corynebacterium,4,3066
"(334.2786069651741, 1614.4626865671642)",Treponema,4,3067
"(334.5483870967742, 126.2258064516129)",Treponema,4,3069
"(334.22, 146.04)",Treponema,4,3070
"(337.06201550387595, 306.69767441860466)",Treponema,4,3071
"(333.8448275862069, 857.8448275862069)",Pasteurellaceae,4,3073
"(334.8333333333333, 1238.909090909091)",Neisseria,4,3074
"(336.9462365591398, 171.0)",Neisseria,4,3076
"(335.1363636363636, 213.45454545454547)",Treponema,4,3077
"(335.72972972972974, 409.4864864864865)",Neisseria,4,3078
"(335.6333333333333, 486.72222222222223)",Neisseria,4,3079
"(335.0808080808081, 688.5252525252525)",Veillonella,4,3080
"(335.041095890411, 1323.3835616438357)",Treponema,4,3081
"(339.66037735849056, 1358.132075471698)",Treponema,4,3082
"(334.4032258064516, 1376.241935483871)",Treponema,4,3083
"(337.0933333333333, 1469.5866666666666)",Neisseria,4,3084
"(334.4590163934426, 1712.8032786885246)",Neisseria,4,3085
"(337.7345132743363, 1870.867256637168)",Neisseria,4,3086
"(336.93518518518516, 1954.1944444444443)",Neisseria,4,3087
"(337.5232558139535, 57.69767441860465)",Treponema,4,3088
"(336.4310344827586, 1004.5)",Neisseria,4,3089
"(339.6162790697674, 1132.3372093023256)",Treponema,4,3090
"(337.26506024096386, 503.421686746988)",Treponema,4,3091
"(338.3125, 826.2375)",Neisseria,4,3092
"(338.8658536585366, 1414.280487804878)",Treponema,4,3093
"(341.79761904761904, 87.02380952380952)",Treponema,4,3095
"(337.8412698412698, 366.74603174603175)",Neisseria,4,3097
"(339.6609195402299, 524.6896551724138)",Veillonella,4,3098
"(341.17910447761193, 568.2313432835821)",Selenomonas,4,3099
"(341.6470588235294, 969.0695187165776)",Streptococcus,4,3100
"(341.93835616438355, 1150.0890410958905)",Treponema,4,3101
"(341.1682242990654, 1299.1682242990655)",Streptococcus,4,3102
"(338.144578313253, 1312.5301204819277)",Streptococcus,4,3103
"(340.63953488372096, 1430.9302325581396)",Treponema,4,3104
"(339.4096385542169, 1454.9277108433735)",Neisseria,4,3105
"(339.0330578512397, 1664.297520661157)",Treponema,4,3106
"(338.9318181818182, 189.4659090909091)",Treponema,4,3108
"(340.5253164556962, 249.20253164556962)",Treponema,4,3109
"(345.5804195804196, 337.8811188811189)",Neisseria,4,3110
"(339.1896551724138, 389.98275862068965)",Treponema,4,3111
"(337.79411764705884, 726.3823529411765)",Veillonella,4,3112
"(339.8875, 1024.65)",Treponema,4,3113
"(340.4096385542169, 1063.8072289156626)",Streptococcus,4,3114
"(339.8235294117647, 1972.894117647059)",Neisseria,4,3115
"(340.7916666666667, 914.8125)",Pasteurellaceae,4,3117
"(340.0281690140845, 1734.0985915492959)",Neisseria,4,3119
"(340.5882352941176, 1770.1176470588234)",Treponema,4,3120
"(343.53146853146853, 1988.5104895104896)",Neisseria,4,3121
"(341.09090909090907, 455.54545454545456)",Veillonella,4,3122
"(347.8054054054054, 604.7243243243244)",Veillonella,4,3123
"(344.64130434782606, 950.2391304347826)",Streptococcus,4,3124
"(344.5104166666667, 1248.2291666666667)",Neisseria,4,3125
"(341.9240506329114, 1495.0886075949368)",Neisseria,4,3126
"(341.3076923076923, 1556.5)",Treponema,4,3127
"(342.3697478991597, 1643.3949579831933)",Treponema,4,3128
"(343.34285714285716, 1782.2095238095237)",Neisseria,4,3129
"(340.5974025974026, 1796.012987012987)",Neisseria,4,3130
"(344.4807692307692, 34.99038461538461)",Streptococcus,4,3131
"(343.1511627906977, 226.53488372093022)",Neisseria,4,3132
"(342.71590909090907, 772.5909090909091)",Veillonella,4,3133
"(347.83088235294116, 888.6764705882352)",Selenomonas,4,3134
"(341.5, 986.6896551724138)",Streptococcus,4,3135
"(342.02608695652174, 1041.3478260869565)",Treponema,4,3136
"(346.9404761904762, 1219.25)",Treponema,4,3137
"(344.1264367816092, 1386.5747126436781)",Neisseria,4,3138
"(345.36046511627904, 1892.7151162790697)",Neisseria,4,3139
"(344.7439024390244, 103.5)",Treponema,4,3140
"(345.21505376344084, 379.5806451612903)",Neisseria,4,3141
"(343.64150943396226, 437.33962264150944)",Veillonella,4,3142
"(344.55223880597015, 652.4104477611941)",Veillonella,4,3143
"(346.68023255813955, 739.5872093023256)",Veillonella,4,3144
"(345.59090909090907, 1260.8977272727273)",Treponema,4,3145
"(344.0740740740741, 1509.6666666666667)",Neisseria,4,3146
"(343.20512820512823, 1532.957264957265)",Neisseria,4,3147
"(348.1592356687898, 1687.7643312101911)",Neisseria,4,3148
"(345.6820809248555, 1934.1040462427745)",Neisseria,4,3149
"(355.7687074829932, 12.353741496598639)",Treponema,4,3150
"(344.22641509433964, 202.0566037735849)",Treponema,4,3151
"(350.412, 288.732)",Neisseria,4,3152
"(345.7037037037037, 354.7901234567901)",Neisseria,4,3153
"(348.8724832214765, 547.1543624161073)",Selenomonas,4,3154
"(349.1216216216216, 861.5202702702703)",Veillonella,4,3155
"(346.0, 1074.4)",Streptococcus,4,3156
"(343.8, 1483.5428571428572)",Neisseria,4,3158
"(348.1954022988506, 1842.66091954023)",Neisseria,4,3159
"(348.0659340659341, 118.0989010989011)",Treponema,4,3160
"(350.76612903225805, 1287.3951612903227)",Treponema,4,3163
"(348.479674796748, 1583.6178861788617)",Neisseria,4,3164
"(346.7826086956522, 1718.7101449275362)",Treponema,4,3166
"(346.09090909090907, 1749.4025974025974)",Treponema,4,3167
"(344.41818181818184, 1824.8)",Neisseria,4,3168
"(347.21666666666664, 262.35)",Neisseria,4,3169
"(346.36764705882354, 272.29411764705884)",Neisseria,4,3170
"(347.44615384615383, 398.2153846153846)",Neisseria,4,3171
"(346.9871794871795, 681.5512820512821)",Veillonella,4,3172
"(347.8855421686747, 933.156626506024)",Streptococcus,4,3173
"(346.078431372549, 1101.7843137254902)",Treponema,4,3174
"(347.13793103448273, 1191.1954022988505)",Treponema,4,3175
"(348.4891304347826, 1806.1195652173913)",Neisseria,4,3176
"(349.7763157894737, 702.7894736842105)",Streptococcus,4,3177
"(348.5729166666667, 842.40625)",Streptococcus,4,3178
"(348.0181818181818, 991.2363636363636)",Streptococcus,4,3179
"(347.6896551724138, 1372.7413793103449)",Treponema,4,3180
"(349.36559139784947, 1564.8172043010752)",Streptococcus,4,3181
"(349.14864864864865, 1630.837837837838)",Streptococcus,4,3182
"(347.2241379310345, 1707.9655172413793)",Neisseria,4,3183
"(348.5338345864662, 472.30827067669173)",Neisseria,4,3185
"(349.1489361702128, 1909.5744680851064)",Neisseria,4,3188
"(349.8607594936709, 209.79746835443038)",Neisseria,4,3190
"(349.92857142857144, 815.7571428571429)",Actinomyces,4,3192
"(349.54430379746833, 1017.9113924050633)",Streptococcus,4,3193
"(349.7741935483871, 1121.1290322580646)",Fusobacterium,4,3194
"(348.8625, 1864.775)",Neisseria,4,3195
"(356.3627450980392, 75.8921568627451)",Streptococcus,4,3196
"(351.328125, 560.328125)",Neisseria,4,3197
"(352.74226804123714, 634.9072164948453)",Saccharibacteria,4,3198
"(351.1515151515151, 1107.2878787878788)",Streptococcus,4,3199
"(356.08092485549133, 1616.1098265895953)",Streptococcus,4,3201
"(350.5735294117647, 55.69117647058823)",Treponema,4,3203
"(351.24590163934425, 154.70491803278688)",Treponema,4,3205
"(350.3235294117647, 166.77941176470588)",Treponema,4,3206
"(349.98148148148147, 309.9259259259259)",Treponema,4,3208
"(354.4758064516129, 323.81451612903226)",Neisseria,4,3209
"(353.51376146788994, 422.95412844036696)",Veillonella,4,3211
"(351.1294117647059, 494.3411764705882)",Veillonella,4,3212
"(356.4263565891473, 719.2480620155038)",Veillonella,4,3213
"(351.57971014492756, 786.8550724637681)",Veillonella,4,3214
"(355.5838926174497, 1001.1946308724832)",Streptococcus,4,3215
"(354.04761904761904, 1136.5238095238096)",Treponema,4,3216
"(352.15384615384613, 1158.8846153846155)",Streptococcus,4,3217
"(351.96629213483146, 1325.2696629213483)",Corynebacterium,4,3218
"(351.2950819672131, 1495.4098360655737)",Neisseria,4,3219
"(350.6455696202532, 1664.73417721519)",Treponema,4,3220
"(356.73015873015873, 408.9047619047619)",Neisseria,4,3221
"(354.61538461538464, 766.3076923076923)",Veillonella,4,3222
"(352.4776119402985, 1233.134328358209)",Treponema,4,3223
"(353.0779220779221, 1358.7532467532467)",Actinomyces,4,3224
"(354.2621359223301, 1411.3398058252428)",Treponema,4,3225
"(352.92452830188677, 1603.9245283018868)",Treponema,4,3227
"(353.0147058823529, 1884.0735294117646)",Neisseria,4,3228
"(353.87692307692305, 219.6)",Neisseria,4,3229
"(355.2, 579.8692307692307)",Saccharibacteria,4,3230
"(351.77777777777777, 1082.1587301587301)",Streptococcus,4,3231
"(356.94736842105266, 1397.6947368421052)",Corynebacterium,4,3232
"(357.16379310344826, 1732.1379310344828)",Neisseria,4,3234
"(356.72549019607845, 1743.3333333333333)",Neisseria,4,3235
"(354.31775700934577, 670.2710280373832)",Streptococcus,4,3236
"(355.51063829787233, 830.3617021276596)",Selenomonas,4,3237
"(354.3125, 1032.234375)",Streptococcus,4,3238
"(354.23376623376623, 1169.2467532467533)",Streptococcus,4,3239
"(355.2680412371134, 1306.1237113402062)",Treponema,4,3240
"(353.5, 1425.16)",Neisseria,4,3241
"(354.73770491803276, 1472.344262295082)",Treponema,4,3242
"(355.8358208955224, 1755.686567164179)",Treponema,4,3243
"(353.58, 1817.86)",Neisseria,4,3246
"(358.0568181818182, 446.82954545454544)",Veillonella,4,3247
"(354.0181818181818, 1060.3454545454545)",Treponema,4,3248
"(353.84375, 1092.5)",Porphyromonas,4,3249
"(363.62672811059906, 1341.9493087557603)",Selenomonas,4,3250
"(355.39130434782606, 1438.0579710144928)",Treponema,4,3251
"(356.40697674418607, 1952.7093023255813)",Neisseria,4,3252
"(355.1756756756757, 1977.662162162162)",Neisseria,4,3253
"(359.44827586206895, 47.5632183908046)",Treponema,4,3254
"(356.531746031746, 530.531746031746)",Porphyromonas,4,3255
"(357.42962962962963, 1046.9333333333334)",Treponema,4,3256
"(356.67105263157896, 1211.0131578947369)",Treponema,4,3257
"(358.89516129032256, 1525.3870967741937)",Neisseria,4,3259
"(361.58474576271186, 131.61864406779662)",Treponema,4,3260
"(357.75342465753425, 200.94520547945206)",Treponema,4,3261
"(356.231884057971, 232.63768115942028)",Neisseria,4,3262
"(357.18461538461537, 378.8615384615385)",Neisseria,4,3263
"(358.70512820512823, 1271.8846153846155)",Corynebacterium,4,3264
"(365.5366972477064, 1647.1146788990825)",Streptococcus,4,3265
"(358.06493506493507, 1855.6883116883116)",Neisseria,4,3266
"(360.1333333333333, 249.37142857142857)",Neisseria,4,3268
"(359.93693693693695, 619.8468468468468)",Actinomyces,4,3269
"(358.5175438596491, 800.8157894736842)",Veillonella,4,3270
"(358.687074829932, 977.1496598639455)",Selenomonas,4,3271
"(361.4078947368421, 1153.25)",Corynebacterium,4,3272
"(358.3157894736842, 1379.921052631579)",Treponema,4,3274
"(356.9117647058824, 1546.6764705882354)",Neisseria,4,3275
"(357.18, 1596.74)",Streptococcus,4,3276
"(358.6862745098039, 1719.9607843137255)",Neisseria,4,3277
"(357.9818181818182, 1920.3454545454545)",Neisseria,4,3278
"(358.74545454545455, 144.6727272727273)",Treponema,4,3279
"(358.9836065573771, 390.42622950819674)",Neisseria,4,3280
"(358.6521739130435, 1447.5072463768115)",Neisseria,4,3283
"(362.86092715231786, 1508.4966887417218)",Neisseria,4,3284
"(360.75471698113205, 304.58490566037733)",Neisseria,4,3286
"(360.0608695652174, 356.295652173913)",Neisseria,4,3287
"(360.0, 461.73846153846154)",Actinomyces,4,3288
"(360.4788732394366, 734.4647887323944)",Veillonella,4,3289
"(363.5974025974026, 941.7316017316017)",Veillonella,4,3290
"(358.80357142857144, 1021.2321428571429)",Porphyromonas,4,3291
"(359.2686567164179, 1485.7313432835822)",Neisseria,4,3292
"(361.0, 106.35087719298245)",Treponema,4,3293
"(362.2736842105263, 1703.3473684210526)",Neisseria,4,3294
"(361.18461538461537, 1828.446153846154)",Neisseria,4,3295
"(360.5, 1873.8870967741937)",Neisseria,4,3296
"(366.0571428571429, 35.78095238095238)",Treponema,4,3297
"(368.46153846153845, 177.16410256410256)",Neisseria,4,3298
"(363.5771144278607, 267.59203980099505)",Neisseria,4,3299
"(363.6111111111111, 515.5555555555555)",Saccharibacteria,4,3300
"(361.3968253968254, 687.4603174603175)",Pasteurellaceae,4,3301
"(362.6951219512195, 904.329268292683)",Veillonella,4,3302
"(365.8070175438597, 1116.298245614035)",Porphyromonas,4,3303
"(362.7230769230769, 1197.0461538461539)",Streptococcus,4,3304
"(362.2142857142857, 1667.5142857142857)",Treponema,4,3305
"(362.6666666666667, 1783.0666666666666)",Treponema,4,3306
"(361.46153846153845, 1898.0576923076924)",Neisseria,4,3307
"(366.35779816513764, 93.87155963302752)",Streptococcus,4,3308
"(362.93023255813955, 479.63953488372096)",Neisseria,4,3309
"(369.46666666666664, 554.86)",Neisseria,4,3310
"(364.34831460674155, 698.561797752809)",Actinomyces,4,3311
"(363.6145833333333, 752.5729166666666)",Streptococcus,4,3312
"(363.6470588235294, 846.6666666666666)",Veillonella,4,3313
"(365.8888888888889, 1073.5740740740741)",Veillonella,4,3314
"(363.12068965517244, 1567.5689655172414)",Neisseria,4,3316
"(365.6458333333333, 1769.9895833333333)",Neisseria,4,3318
"(362.6216216216216, 1810.036036036036)",Neisseria,4,3319
"(363.9569892473118, 1962.989247311828)",Neisseria,4,3321
"(365.7529411764706, 158.81176470588235)",Treponema,4,3322
"(365.0, 497.2823529411765)",Neisseria,4,3323
"(367.75, 783.125)",Veillonella,4,3324
"(366.02061855670104, 889.7010309278351)",Veillonella,4,3325
"(364.15384615384613, 920.3076923076923)",Veillonella,4,3326
"(367.6914893617021, 1182.2021276595744)",Streptococcus,4,3329
"(366.9620253164557, 570.1898734177215)",Veillonella,4,3332
"(365.5241935483871, 648.8467741935484)",Pasteurellaceae,4,3333
"(365.6448598130841, 819.1682242990654)",Veillonella,4,3334
"(369.7925925925926, 957.8518518518518)",Veillonella,4,3335
"(366.41333333333336, 1087.6)",Streptococcus,4,3336
"(365.967032967033, 1227.4065934065934)",Treponema,4,3337
"(365.078431372549, 1363.1764705882354)",Treponema,4,3339
"(365.6190476190476, 1462.7619047619048)",Neisseria,4,3340
"(364.6507936507937, 1579.2380952380952)",Neisseria,4,3342
"(366.19444444444446, 234.05555555555554)",Treponema,4,3343
"(371.11920529801324, 312.80132450331126)",Neisseria,4,3344
"(367.06451612903226, 337.06451612903226)",Neisseria,4,3345
"(368.87254901960785, 1407.5)",Neisseria,4,3347
"(366.6666666666667, 1630.923076923077)",Streptococcus,4,3349
"(367.2016129032258, 1938.3145161290322)",Neisseria,4,3351
"(372.11607142857144, 67.80357142857143)",Streptococcus,4,3352
"(371.6525423728813, 116.6864406779661)",Streptococcus,4,3353
"(367.01960784313724, 1008.2549019607843)",Porphyromonas,4,3354
"(368.01190476190476, 1059.202380952381)",Neisseria,4,3355
"(365.41818181818184, 1431.2181818181818)",Neisseria,4,3356
"(368.86021505376345, 1890.1290322580646)",Neisseria,4,3357
"(369.27868852459017, 1844.5737704918033)",Neisseria,4,3361
"(371.15432098765433, 377.1975308641975)",Neisseria,4,3362
"(370.5280898876405, 400.12359550561797)",Neisseria,4,3363
"(370.78125, 595.25)",Actinomyces,4,3364
"(368.61290322580646, 1128.967741935484)",Streptococcus,4,3365
"(371.91011235955057, 1299.9213483146068)",Streptococcus,4,3366
"(372.7977528089888, 1422.752808988764)",Treponema,4,3367
"(369.88461538461536, 1491.2692307692307)",Neisseria,4,3368
"(371.6595744680851, 1602.659574468085)",Corynebacterium,4,3369
"(373.33644859813086, 194.62616822429908)",Neisseria,4,3371
"(369.8987341772152, 291.43037974683546)",Treponema,4,3372
"(372.3835616438356, 430.86986301369865)",Neisseria,4,3374
"(375.0962962962963, 728.3481481481482)",Veillonella,4,3375
"(370.4561403508772, 1713.1754385964912)",Neisseria,4,3376
"(369.8333333333333, 1988.820512820513)",Neisseria,4,3377
"(374.9911504424779, 538.3539823008849)",Pasteurellaceae,4,3379
"(374.55434782608694, 661.4891304347826)",Pasteurellaceae,4,3380
"(373.25, 768.2589285714286)",Veillonella,4,3381
"(372.968085106383, 861.5212765957447)",Veillonella,4,3382
"(375.3008849557522, 1243.9823008849557)",Streptococcus,4,3383
"(371.4931506849315, 1476.972602739726)",Selenomonas,4,3384
"(374.94214876033055, 1589.6528925619834)",Streptococcus,4,3385
"(371.15384615384613, 1615.2307692307693)",Streptococcus,4,3386
"(371.203125, 1689.46875)",Treponema,4,3387
"(371.4375, 1758.53125)",Neisseria,4,3388
"(371.22972972972974, 1862.1216216216217)",Neisseria,4,3389
"(377.22857142857146, 24.038095238095238)",Neisseria,4,3390
"(371.21311475409834, 204.19672131147541)",Neisseria,4,3391
"(373.958904109589, 216.1095890410959)",Neisseria,4,3392
"(372.41269841269843, 357.3174603174603)",Neisseria,4,3393
"(372.09473684210525, 1037.2421052631578)",Streptococcus,4,3395
"(372.6666666666667, 1101.3733333333332)",Streptococcus,4,3396
"(375.2857142857143, 1289.4675324675325)",Porphyromonas,4,3398
"(371.69117647058823, 1669.0)",Treponema,4,3399
"(374.54794520547944, 1821.3424657534247)",Neisseria,4,3400
"(372.82608695652175, 1916.840579710145)",Neisseria,4,3401
"(378.436, 455.164)",Neisseria,4,3402
"(375.7913043478261, 677.9565217391304)",Veillonella,4,3403
"(374.8453608247423, 699.4226804123712)",Actinomyces,4,3404
"(374.9431818181818, 1023.0795454545455)",Streptococcus,4,3406
"(373.4736842105263, 1143.7105263157894)",Streptococcus,4,3407
"(375.70992366412213, 1162.9312977099237)",Streptococcus,4,3408
"(374.8059701492537, 1354.1194029850747)",Treponema,4,3409
"(373.87610619469024, 1448.858407079646)",Neisseria,4,3410
"(376.93939393939394, 1728.5681818181818)",Neisseria,4,3411
"(373.72727272727275, 1808.3030303030303)",Selenomonas,4,3413
"(373.6363636363636, 635.4318181818181)",Pasteurellaceae,4,3415
"(374.55172413793105, 716.2183908045977)",Veillonella,4,3416
"(374.14864864864865, 801.3513513513514)",Neisseria,4,3417
"(375.0, 1313.6461538461538)",Treponema,4,3419
"(375.72727272727275, 1325.590909090909)",Treponema,4,3420
"(378.00671140939596, 1530.5302013422818)",Neisseria,4,3422
"(377.2755102040816, 1795.4285714285713)",Selenomonas,4,3423
"(373.98387096774195, 1975.1129032258063)",Neisseria,4,3424
"(376.0617283950617, 138.88888888888889)",Treponema,4,3425
"(376.09375, 513.453125)",Neisseria,4,3426
"(379.2289156626506, 606.9277108433735)",Veillonella,4,3427
"(376.76666666666665, 622.3333333333334)",Pasteurellaceae,4,3428
"(375.6027397260274, 746.1917808219179)",Pasteurellaceae,4,3429
"(376.9230769230769, 874.0128205128206)",Selenomonas,4,3430
"(375.37704918032784, 915.1803278688525)",Veillonella,4,3431
"(377.55555555555554, 993.1538461538462)",Streptococcus,4,3432
"(378.9130434782609, 1469.0760869565217)",Neisseria,4,3434
"(376.9325842696629, 841.3595505617977)",Veillonella,4,3436
"(375.6730769230769, 1193.423076923077)",Streptococcus,4,3437
"(375.7628865979381, 1270.9690721649486)",Streptococcus,4,3438
"(378.42424242424244, 1700.0757575757575)",Treponema,4,3439
"(376.3918918918919, 1782.972972972973)",Treponema,4,3440
"(376.36764705882354, 1832.3235294117646)",Neisseria,4,3441
"(377.0873786407767, 1903.8155339805826)",Neisseria,4,3442
"(380.1123595505618, 287.29213483146066)",Treponema,4,3445
"(377.3205128205128, 500.7435897435897)",Neisseria,4,3446
"(378.7083333333333, 248.32291666666666)",Neisseria,4,3448
"(382.04819277108436, 299.4698795180723)",Neisseria,4,3449
"(379.07575757575756, 904.7272727272727)",Veillonella,4,3450
"(377.2857142857143, 1386.0535714285713)",Treponema,4,3451
"(377.6979166666667, 1563.6041666666667)",Neisseria,4,3452
"(381.135593220339, 1926.3728813559321)",Neisseria,4,3453
"(380.56880733944956, 41.31192660550459)",Treponema,4,3454
"(379.7985074626866, 570.3880597014926)",Veillonella,4,3455
"(379.621359223301, 966.3980582524272)",Streptococcus,4,3456
"(383.9153846153846, 1206.6846153846154)",Streptococcus,4,3457
"(380.1182795698925, 1337.47311827957)",Treponema,4,3458
"(380.4923076923077, 1377.6307692307691)",Treponema,4,3459
"(380.89285714285717, 1429.4642857142858)",Neisseria,4,3460
"(381.27272727272725, 1548.1818181818182)",Neisseria,4,3461
"(379.84415584415586, 1763.7012987012988)",Neisseria,4,3462
"(378.5584415584416, 1878.3766233766235)",Neisseria,4,3463
"(397.2361963190184, 410.9233128834356)",Neisseria,4,3464
"(383.5, 550.6410256410256)",Neisseria,4,3465
"(380.3909090909091, 819.5181818181818)",Veillonella,4,3466
"(381.970297029703, 940.6336633663366)",Veillonella,4,3467
"(381.1517857142857, 1126.3125)",Streptococcus,4,3468
"(381.3333333333333, 1229.1041666666667)",Treponema,4,3469
"(380.61728395061726, 1626.0493827160494)",Corynebacterium,4,3471
"(380.94736842105266, 1653.7543859649122)",Corynebacterium,4,3472
"(382.7886178861789, 162.34959349593495)",Treponema,4,3473
"(384.969696969697, 480.8989898989899)",Neisseria,4,3474
"(381.37333333333333, 1682.88)",Treponema,4,3477
"(379.811320754717, 1745.433962264151)",Neisseria,4,3478
"(382.6515151515151, 344.8030303030303)",Neisseria,4,3479
"(384.5657894736842, 375.38157894736844)",Neisseria,4,3480
"(380.87951807228916, 1060.6746987951808)",Streptococcus,4,3481
"(382.25, 1258.5714285714287)",Streptococcus,4,3482
"(385.64245810055866, 1506.8100558659219)",Neisseria,4,3484
"(385.0210526315789, 1663.0)",Streptococcus,4,3485
"(385.46448087431696, 1956.4535519125684)",Neisseria,4,3486
"(387.1170212765957, 223.81914893617022)",Neisseria,4,3487
"(382.55737704918033, 329.5409836065574)",Neisseria,4,3488
"(387.9319371727749, 394.09424083769636)",Neisseria,4,3489
"(384.7016129032258, 655.1129032258065)",Actinomyces,4,3490
"(385.7951807228916, 760.7590361445783)",Veillonella,4,3491
"(387.6302521008403, 1041.9159663865546)",Treponema,4,3492
"(383.57377049180326, 1098.2295081967213)",Streptococcus,4,3493
"(386.76146788990826, 1863.0275229357799)",Neisseria,4,3495
"(386.3305785123967, 79.91735537190083)",Treponema,4,3497
"(385.5272727272727, 208.05454545454546)",Neisseria,4,3498
"(384.33846153846156, 585.2461538461539)",Veillonella,4,3500
"(385.2785714285714, 1080.15)",Streptococcus,4,3501
"(393.8396946564886, 1408.557251908397)",Neisseria,4,3502
"(386.6385542168675, 1987.855421686747)",Neisseria,4,3504
"(384.0, 149.59259259259258)",Treponema,4,3505
"(388.6741573033708, 493.1685393258427)",Veillonella,4,3506
"(389.2481203007519, 894.8721804511279)",Veillonella,4,3507
"(384.9866666666667, 1110.1333333333334)",Streptococcus,4,3508
"(385.95522388059703, 1329.2985074626865)",Streptococcus,4,3509
"(387.08024691358025, 1845.5925925925926)",Neisseria,4,3510
"(388.09183673469386, 436.9183673469388)",Neisseria,4,3512
"(388.37654320987656, 527.9753086419753)",Actinomyces,4,3513
"(386.34831460674155, 796.8539325842696)",Veillonella,4,3514
"(385.9189189189189, 1402.972972972973)",Neisseria,4,3515
"(390.04597701149424, 1712.2183908045977)",Selenomonas,4,3516
"(388.25373134328356, 1936.358208955224)",Neisseria,4,3517
"(385.4727272727273, 54.21818181818182)",Treponema,4,3518
"(387.36842105263156, 185.9298245614035)",Treponema,4,3520
"(389.38157894736844, 778.8684210526316)",Veillonella,4,3521
"(388.14814814814815, 1009.8271604938271)",Streptococcus,4,3523
"(386.6547619047619, 1186.595238095238)",Streptococcus,4,3524
"(390.6019417475728, 1304.4174757281553)",Streptococcus,4,3525
"(387.59090909090907, 1448.1666666666667)",Neisseria,4,3526
"(388.3333333333333, 1481.5333333333333)",Neisseria,4,3527
"(387.0, 1634.5)",Streptococcus,4,3529
"(387.60655737704917, 1780.327868852459)",Neisseria,4,3530
"(388.3333333333333, 106.45454545454545)",Treponema,4,3531
"(388.5, 238.5875)",Neisseria,4,3532
"(388.77358490566036, 258.75471698113205)",Neisseria,4,3533
"(387.60215053763443, 854.494623655914)",Veillonella,4,3535
"(391.31736526946105, 1145.7844311377246)",Streptococcus,4,3536
"(389.14285714285717, 1572.330357142857)",Treponema,4,3537
"(387.77272727272725, 1691.4848484848485)",Treponema,4,3538
"(390.7204301075269, 465.9569892473118)",Veillonella,4,3541
"(390.7956204379562, 692.4233576642335)",Veillonella,4,3542
"(389.6697247706422, 981.697247706422)",Streptococcus,4,3543
"(394.17857142857144, 1458.642857142857)",Neisseria,4,3546
"(389.0, 272.328125)",Neisseria,4,3549
"(393.76978417266184, 313.64028776978415)",Neisseria,4,3550
"(389.97849462365593, 595.8172043010753)",Veillonella,4,3552
"(389.30882352941177, 737.4705882352941)",Veillonella,4,3554
"(390.0892857142857, 1166.3035714285713)",Porphyromonas,4,3557
"(393.2190476190476, 1361.8380952380953)",Neisseria,4,3558
"(390.94565217391306, 1812.6630434782608)",Neisseria,4,3560
"(389.3921568627451, 1898.8235294117646)",Neisseria,4,3561
"(391.28846153846155, 1921.7307692307693)",Neisseria,4,3562
"(391.5357142857143, 92.08928571428571)",Treponema,4,3563
"(395.35074626865674, 173.02985074626866)",Streptococcus,4,3564
"(394.87919463087246, 637.489932885906)",Actinomyces,4,3566
"(392.0408163265306, 921.5612244897959)",Veillonella,4,3567
"(392.5208333333333, 1348.6979166666667)",Neisseria,4,3568
"(394.9684210526316, 1600.7473684210527)",Streptococcus,4,3570
"(390.6101694915254, 1674.8813559322034)",Treponema,4,3571
"(393.6774193548387, 1887.5483870967741)",Neisseria,4,3572
"(396.92424242424244, 1978.5227272727273)",Neisseria,4,3573
"(395.76724137931035, 425.51724137931035)",Neisseria,4,3575
"(392.38125, 719.5375)",Veillonella,4,3576
"(402.1132075471698, 873.6981132075472)",Neisseria,4,3578
"(394.2477064220183, 936.5229357798165)",Veillonella,4,3579
"(392.46875, 1241.53125)",Fusobacterium,4,3580
"(391.81944444444446, 1824.486111111111)",Neisseria,4,3581
"(391.875, 1874.4285714285713)",Neisseria,4,3582
"(393.63157894736844, 1026.3552631578948)",Streptococcus,4,3583
"(393.859649122807, 1054.7894736842106)",Neisseria,4,3584
"(395.328, 1221.056)",Streptococcus,4,3586
"(396.51485148514854, 1294.2376237623762)",Streptococcus,4,3587
"(393.65384615384613, 1620.3365384615386)",Streptococcus,4,3588
"(396.0875, 267.6375)",Neisseria,4,3589
"(394.99038461538464, 1257.375)",Porphyromonas,4,3593
"(393.9824561403509, 1468.4035087719299)",Neisseria,4,3594
"(407.8093220338983, 288.22033898305085)",Neisseria,4,3595
"(397.5357142857143, 550.7857142857143)",Neisseria,4,3596
"(395.73417721518985, 746.4050632911392)",Veillonella,4,3597
"(397.648, 954.944)",Veillonella,4,3598
"(396.9609375, 1377.0546875)",Neisseria,4,3600
"(397.8181818181818, 1789.2561983471073)",Neisseria,4,3601
"(400.6605504587156, 1940.3577981651376)",Neisseria,4,3603
"(399.22627737226276, 1963.3284671532847)",Neisseria,4,3604
"(398.3893805309734, 576.5752212389381)",Veillonella,4,3606
"(396.6585365853659, 822.8170731707318)",Veillonella,4,3607
"(399.60843373493975, 843.4216867469879)",Capnocytophaga,4,3608
"(396.05454545454546, 1174.490909090909)",Streptococcus,4,3609
"(397.8181818181818, 1189.9545454545455)",Streptococcus,4,3610
"(395.7, 1551.4125)",Neisseria,4,3611
"(396.02564102564105, 1656.6666666666667)",Streptococcus,4,3612
"(396.6857142857143, 1728.357142857143)",Neisseria,4,3614
"(398.3203125, 1766.3515625)",Neisseria,4,3615
"(397.95061728395063, 13.777777777777779)",Porphyromonas,4,3616
"(397.6484375, 121.734375)",Streptococcus,4,3617
"(396.2692307692308, 156.15384615384616)",Fusobacterium,4,3618
"(398.06060606060606, 197.92424242424244)",Streptococcus,4,3619
"(397.88157894736844, 299.7105263157895)",Neisseria,4,3620
"(397.01724137931035, 451.82758620689657)",Neisseria,4,3621
"(399.0705882352941, 561.5058823529412)",Neisseria,4,3622
"(397.06849315068496, 654.1643835616438)",Veillonella,4,3623
"(397.09473684210525, 674.6315789473684)",Veillonella,4,3624
"(396.5844155844156, 1103.8961038961038)",Streptococcus,4,3625
"(400.0561797752809, 1273.6067415730338)",Streptococcus,4,3626
"(397.0, 1313.4150943396226)",Treponema,4,3627
"(399.02542372881356, 1531.1101694915253)",Veillonella,4,3628
"(397.76056338028167, 1927.3661971830986)",Neisseria,4,3629
"(397.27272727272725, 344.1090909090909)",Neisseria,4,3630
"(403.4590163934426, 357.8142076502732)",Neisseria,4,3631
"(401.1782178217822, 538.950495049505)",Pasteurellaceae,4,3632
"(398.6296296296296, 1908.3703703703704)",Treponema,4,3633
"(402.73949579831935, 142.890756302521)",Streptococcus,4,3634
"(400.3235294117647, 785.9215686274509)",Veillonella,4,3635
"(401.6164383561644, 1119.4657534246576)",Streptococcus,4,3636
"(399.375, 1324.4375)",Treponema,4,3638
"(404.57894736842104, 1591.7368421052631)",Streptococcus,4,3639
"(399.7236842105263, 1692.6052631578948)",Neisseria,4,3640
"(400.29411764705884, 65.45588235294117)",Treponema,4,3641
"(400.12307692307695, 251.27692307692308)",Neisseria,4,3642
"(399.9848484848485, 972.3787878787879)",Streptococcus,4,3643
"(402.6, 1158.84)",Streptococcus,4,3644
"(403.72972972972974, 33.38513513513514)",Treponema,4,3645
"(399.75925925925924, 75.5)",Treponema,4,3646
"(402.0, 486.6185567010309)",Veillonella,4,3649
"(401.16279069767444, 512.7093023255813)",Pasteurellaceae,4,3650
"(402.958041958042, 609.5034965034965)",Veillonella,4,3651
"(401.6222222222222, 1339.5111111111112)",Treponema,4,3652
"(401.3225806451613, 1422.2903225806451)",Neisseria,4,3653
"(402.55555555555554, 1510.5555555555557)",Neisseria,4,3654
"(401.15584415584414, 1749.4025974025974)",Neisseria,4,3655
"(404.9586776859504, 224.2396694214876)",Neisseria,4,3656
"(408.0774193548387, 1202.625806451613)",Streptococcus,4,3657
"(402.05454545454546, 1249.7454545454545)",Streptococcus,4,3658
"(402.4189189189189, 1433.6756756756756)",Neisseria,4,3660
"(401.8024691358025, 1495.1234567901236)",Neisseria,4,3661
"(403.1958762886598, 1568.4845360824743)",Treponema,4,3662
"(406.6141304347826, 1803.8532608695652)",Neisseria,4,3663
"(402.6, 211.92)",Treponema,4,3664
"(404.2741935483871, 324.7016129032258)",Neisseria,4,3665
"(402.921875, 905.1875)",Veillonella,4,3666
"(403.07894736842104, 1079.1666666666667)",Streptococcus,4,3667
"(403.6865671641791, 1642.55223880597)",Streptococcus,4,3668
"(405.4672131147541, 1671.0983606557377)",Treponema,4,3669
"(402.70588235294116, 1869.964705882353)",Selenomonas,4,3670
"(403.537037037037, 1897.351851851852)",Neisseria,4,3671
"(405.09638554216866, 383.7710843373494)",Neisseria,4,3672
"(406.55172413793105, 432.7471264367816)",Neisseria,4,3673
"(404.40816326530614, 718.1326530612245)",Veillonella,4,3674
"(405.6371681415929, 984.787610619469)",Neisseria,4,3675
"(409.4904761904762, 1469.7238095238095)",Treponema,4,3676
"(404.3333333333333, 1837.8260869565217)",Neisseria,4,3677
"(405.0327868852459, 1851.032786885246)",Neisseria,4,3678
"(403.85185185185185, 53.81481481481482)",Treponema,4,3679
"(405.1818181818182, 94.5)",Treponema,4,3680
"(407.70786516853934, 183.02247191011236)",Streptococcus,4,3682
"(406.03125, 629.5)",Veillonella,4,3683
"(405.68674698795184, 1446.7228915662652)",Neisseria,4,3687
"(406.9019607843137, 85.33333333333333)",Treponema,4,3689
"(410.475, 467.7125)",Veillonella,4,3690
"(408.1530612244898, 704.5612244897959)",Veillonella,4,3691
"(410.4066666666667, 765.62)",Veillonella,4,3692
"(410.7674418604651, 797.8527131782946)",Saccharibacteria,4,3693
"(409.4153846153846, 1039.3)",Treponema,4,3694
"(408.2241379310345, 1544.1896551724137)",Neisseria,4,3696
"(406.42857142857144, 1918.642857142857)",Neisseria,4,3698
"(407.12698412698415, 261.984126984127)",Neisseria,4,3699
"(409.5897435897436, 449.71794871794873)",Veillonella,4,3700
"(413.0857142857143, 824.0)",Neisseria,4,3701
"(408.4415584415584, 1286.5844155844156)",Streptococcus,4,3702
"(410.6525821596244, 1619.9295774647887)",Streptococcus,4,3703
"(408.9809523809524, 919.5619047619048)",Veillonella,4,3704
"(408.1311475409836, 1694.7540983606557)",Treponema,4,3707
"(411.7040816326531, 1711.9795918367347)",Treponema,4,3708
"(419.93617021276594, 13.0)",Streptococcus,4,3709
"(412.4070796460177, 235.84070796460176)",Treponema,4,3710
"(410.6470588235294, 502.21176470588233)",Actinomyces,4,3711
"(414.6269430051814, 938.279792746114)",Veillonella,4,3712
"(410.969696969697, 1019.1313131313132)",Veillonella,4,3713
"(411.7307692307692, 1103.6442307692307)",Streptococcus,4,3714
"(410.18279569892474, 1136.5483870967741)",Streptococcus,4,3715
"(412.8363636363636, 1182.2727272727273)",Streptococcus,4,3716
"(409.5353535353535, 1307.171717171717)",Streptococcus,4,3718
"(408.29411764705884, 1394.4901960784314)",Treponema,4,3719
"(409.74626865671644, 1734.8805970149253)",Neisseria,4,3720
"(413.29447852760734, 1887.9079754601228)",Neisseria,4,3721
"(412.2647058823529, 198.0686274509804)",Treponema,4,3722
"(413.69158878504675, 368.7289719626168)",Neisseria,4,3724
"(413.77222222222224, 658.0166666666667)",Veillonella,4,3725
"(410.27272727272725, 895.0)",Veillonella,4,3726
"(411.18518518518516, 1003.8024691358024)",Neisseria,4,3727
"(411.56060606060606, 128.03030303030303)",Treponema,4,3730
"(411.890243902439, 731.5)",Veillonella,4,3732
"(410.0, 861.4035087719299)",Veillonella,4,3733
"(412.29487179487177, 1052.8461538461538)",Neisseria,4,3734
"(413.39130434782606, 1360.3739130434783)",Treponema,4,3735
"(411.1111111111111, 1380.3333333333333)",Treponema,4,3736
"(411.76119402985074, 75.97014925373135)",Treponema,4,3738
"(410.9047619047619, 152.66666666666666)",Treponema,4,3739
"(413.7936507936508, 336.1904761904762)",Neisseria,4,3740
"(416.4471544715447, 1228.7723577235772)",Streptococcus,4,3742
"(413.73333333333335, 1723.0833333333333)",Neisseria,4,3744
"(412.6507936507937, 1774.6507936507937)",Neisseria,4,3745
"(412.48387096774195, 1861.8225806451612)",Neisseria,4,3746
"(413.2191780821918, 1327.9315068493152)",Streptococcus,4,3748
"(413.2857142857143, 1416.4285714285713)",Neisseria,4,3750
"(415.3174603174603, 1533.6507936507937)",Neisseria,4,3752
"(414.7529411764706, 1743.8117647058823)",Neisseria,4,3753
"(415.89473684210526, 1761.1666666666667)",Neisseria,4,3754
"(415.17391304347825, 1907.4347826086957)",Treponema,4,3755
"(413.0, 1948.5714285714287)",Neisseria,4,3756
"(413.984126984127, 305.55555555555554)",Neisseria,4,3757
"(416.0642201834862, 524.394495412844)",Veillonella,4,3758
"(417.07758620689657, 560.6120689655172)",Neisseria,4,3759
"(418.58474576271186, 614.8559322033898)",Porphyromonas,4,3760
"(414.41379310344826, 852.948275862069)",Veillonella,4,3761
"(415.32183908045977, 957.9770114942529)",Veillonella,4,3762
"(415.5140186915888, 1065.7102803738317)",Streptococcus,4,3763
"(413.0181818181818, 1576.7454545454545)",Streptococcus,4,3766
"(414.962962962963, 1828.2592592592594)",Treponema,4,3767
"(414.0, 1927.735294117647)",Neisseria,4,3768
"(414.0, 1990.2432432432433)",Neisseria,4,3769
"(415.2758620689655, 167.7844827586207)",Treponema,4,3771
"(418.9851851851852, 579.0666666666667)",Veillonella,4,3772
"(415.5, 1519.5)",Selenomonas,4,3774
"(417.19642857142856, 1557.982142857143)",Neisseria,4,3775
"(417.7204301075269, 252.31182795698925)",Neisseria,4,3776
"(417.14772727272725, 689.1818181818181)",Veillonella,4,3777
"(420.6640625, 974.6171875)",Veillonella,4,3778
"(415.3174603174603, 1085.7777777777778)",Fusobacterium,4,3779
"(416.6666666666667, 1637.3703703703704)",Streptococcus,4,3782
"(417.72222222222223, 1660.2333333333333)",Treponema,4,3783
"(415.25757575757575, 1844.9848484848485)",Neisseria,4,3784
"(420.7980769230769, 48.28846153846154)",Treponema,4,3786
"(417.44, 63.72)",Treponema,4,3787
"(421.63870967741934, 1117.7548387096774)",Streptococcus,4,3789
"(417.8493150684931, 1150.6575342465753)",Streptococcus,4,3790
"(417.30357142857144, 1261.375)",Streptococcus,4,3791
"(416.4423076923077, 1682.3846153846155)",Treponema,4,3792
"(419.32214765100673, 1788.5906040268455)",Neisseria,4,3793
"(417.0980392156863, 1869.078431372549)",Treponema,4,3794
"(422.9400921658986, 777.8387096774194)",Veillonella,4,3795
"(418.5735294117647, 1505.8235294117646)",Treponema,4,3796
"(423.2972972972973, 1817.0135135135135)",Neisseria,4,3797
"(420.43548387096774, 325.03225806451616)",Neisseria,4,3799
"(423.25531914893617, 433.6223404255319)",Neisseria,4,3800
"(420.3840579710145, 491.8478260869565)",Actinomyces,4,3801
"(420.2916666666667, 633.825)",Veillonella,4,3802
"(420.0327868852459, 1392.8360655737704)",Treponema,4,3803
"(427.6986301369863, 1460.5684931506848)",Neisseria,4,3804
"(424.7280701754386, 1690.938596491228)",Treponema,4,3805
"(420.63013698630135, 34.64383561643836)",Treponema,4,3806
"(425.35238095238094, 350.2761904761905)",Neisseria,4,3807
"(420.0, 388.5853658536585)",Neisseria,4,3808
"(422.16831683168317, 412.61386138613864)",Veillonella,4,3809
"(421.0416666666667, 888.1805555555555)",Saccharibacteria,4,3810
"(420.43636363636364, 1250.0727272727272)",Streptococcus,4,3811
"(419.0188679245283, 1855.0943396226414)",Treponema,4,3813
"(421.2280701754386, 1937.4035087719299)",Neisseria,4,3814
"(419.7164179104478, 1961.8805970149253)",Neisseria,4,3815
"(426.99056603773585, 103.28301886792453)",Fusobacterium,4,3816
"(422.35849056603774, 722.8490566037735)",Saccharibacteria,4,3818
"(423.9421052631579, 742.8684210526316)",Veillonella,4,3819
"(421.078125, 864.78125)",Pasteurellaceae,4,3820
"(422.53225806451616, 1283.3548387096773)",Streptococcus,4,3821
"(424.0571428571429, 1299.3428571428572)",Streptococcus,4,3822
"(420.75384615384615, 1338.4153846153847)",Streptococcus,4,3823
"(420.7755102040816, 1424.7244897959183)",Neisseria,4,3824
"(425.0111731843575, 1480.7150837988827)",Neisseria,4,3825
"(424.9119496855346, 83.38993710691824)",Treponema,4,3826
"(424.4, 137.472)",Treponema,4,3827
"(429.2962962962963, 1159.8370370370371)",Streptococcus,4,3829
"(424.8837209302326, 1352.139534883721)",Streptococcus,4,3830
"(423.65, 1440.67)",Neisseria,4,3831
"(423.80808080808083, 1590.2626262626263)",Streptococcus,4,3832
"(423.2647058823529, 1647.8382352941176)",Treponema,4,3833
"(424.5833333333333, 1666.861111111111)",Treponema,4,3834
"(427.2098765432099, 116.8641975308642)",Treponema,4,3835
"(425.98571428571427, 205.07142857142858)",Streptococcus,4,3836
"(426.20754716981133, 800.0943396226415)",Streptococcus,4,3837
"(433.88829787234044, 1136.9414893617022)",Treponema,4,3838
"(426.74149659863946, 1212.6326530612246)",Streptococcus,4,3839
"(422.6268656716418, 1705.5373134328358)",Treponema,4,3840
"(427.7567567567568, 175.2972972972973)",Treponema,4,3842
"(426.29357798165137, 463.25688073394497)",Veillonella,4,3844
"(425.22352941176473, 511.3411764705882)",Veillonella,4,3845
"(423.4367816091954, 914.9655172413793)",Veillonella,4,3846
"(423.6515151515151, 1380.6515151515152)",Neisseria,4,3849
"(424.0192307692308, 1730.5576923076924)",Treponema,4,3850
"(425.09589041095893, 1920.3698630136987)",Neisseria,4,3851
"(425.3611111111111, 1001.9444444444445)",Veillonella,4,3853
"(430.3720930232558, 1100.8546511627908)",Streptococcus,4,3854
"(425.8686868686869, 1273.080808080808)",Streptococcus,4,3855
"(424.75, 1608.2608695652175)",Treponema,4,3857
"(425.8301886792453, 1968.8867924528302)",Neisseria,4,3858
"(424.74074074074076, 238.4814814814815)",Streptococcus,4,3860
"(427.56976744186045, 334.40697674418607)",Neisseria,4,3861
"(425.69354838709677, 380.06451612903226)",Neisseria,4,3862
"(430.6869158878505, 547.1028037383178)",Actinomyces,4,3863
"(435.0141509433962, 570.6084905660377)",Neisseria,4,3864
"(426.375, 851.3875)",Veillonella,4,3865
"(427.2719298245614, 1026.6491228070176)",Streptococcus,4,3866
"(429.42105263157896, 1080.0964912280701)",Streptococcus,4,3867
"(426.9846153846154, 1241.7846153846153)",Streptococcus,4,3868
"(424.968253968254, 1838.5873015873017)",Corynebacterium,4,3869
"(425.3142857142857, 1900.5714285714287)",Neisseria,4,3870
"(431.02758620689656, 149.8896551724138)",Treponema,4,3871
"(435.07547169811323, 439.54716981132077)",Neisseria,4,3872
"(427.60330578512395, 673.0909090909091)",Veillonella,4,3873
"(425.96666666666664, 1041.3833333333334)",Selenomonas,4,3874
"(431.5748031496063, 1566.7874015748032)",Streptococcus,4,3876
"(428.3764705882353, 1773.6470588235295)",Neisseria,4,3877
"(429.4479166666667, 1953.5625)",Neisseria,4,3878
"(430.7543859649123, 299.8421052631579)",Neisseria,4,3881
"(436.17808219178085, 476.93835616438355)",Streptococcus,4,3882
"(431.1214953271028, 530.1308411214953)",Veillonella,4,3883
"(429.007299270073, 598.7299270072992)",Veillonella,4,3884
"(429.1625, 650.7875)",Veillonella,4,3885
"(440.82142857142856, 718.8809523809524)",Veillonella,4,3886
"(432.0238095238095, 1520.873015873016)",Treponema,4,3887
"(427.37333333333333, 1539.7466666666667)",Neisseria,4,3888
"(430.9375, 1552.8375)",Streptococcus,4,3889
"(429.98275862068965, 279.4655172413793)",Treponema,4,3891
"(430.85, 396.4625)",Neisseria,4,3892
"(429.84415584415586, 810.5844155844156)",Selenomonas,4,3893
"(428.96491228070175, 1370.4912280701753)",Selenomonas,4,3894
"(431.9587628865979, 195.70103092783506)",Treponema,4,3895
"(430.4301075268817, 875.6774193548387)",Veillonella,4,3896
"(429.5921052631579, 947.9078947368421)",Selenomonas,4,3897
"(429.54716981132077, 1253.7358490566037)",Streptococcus,4,3898
"(437.16153846153844, 1308.7769230769231)",Streptococcus,4,3899
"(435.95384615384614, 1332.6)",Streptococcus,4,3900
"(433.80263157894734, 1584.5263157894738)",Streptococcus,4,3901
"(431.6511627906977, 1715.6434108527133)",Neisseria,4,3902
"(433.85483870967744, 1749.524193548387)",Neisseria,4,3903
"(430.74603174603175, 1787.063492063492)",Neisseria,4,3904
"(434.81632653061223, 225.73469387755102)",Treponema,4,3905
"(433.56626506024094, 450.6385542168675)",Neisseria,4,3906
"(441.6081081081081, 820.9684684684685)",Neisseria,4,3907
"(430.3623188405797, 835.3623188405797)",Selenomonas,4,3908
"(434.2391304347826, 1169.5869565217392)",Streptococcus,4,3910
"(432.6190476190476, 1229.6666666666667)",Streptococcus,4,3912
"(430.8888888888889, 1500.3247863247864)",Neisseria,4,3913
"(431.07462686567163, 1631.8208955223881)",Streptococcus,4,3915
"(431.1166666666667, 1856.6166666666666)",Treponema,4,3916
"(434.2162162162162, 316.7027027027027)",Treponema,4,3919
"(431.98148148148147, 362.8703703703704)",Neisseria,4,3920
"(436.5083333333333, 416.05)",Veillonella,4,3921
"(431.36842105263156, 497.4736842105263)",Pasteurellaceae,4,3922
"(433.1986301369863, 697.6780821917808)",Veillonella,4,3923
"(432.8888888888889, 937.6296296296297)",Veillonella,4,3924
"(434.29824561403507, 1195.5877192982457)",Streptococcus,4,3925
"(432.1666666666667, 1400.1666666666667)",Neisseria,4,3926
"(431.53333333333336, 1430.12)",Neisseria,4,3927
"(433.05882352941177, 1801.0441176470588)",Neisseria,4,3929
"(434.5940594059406, 1873.5346534653465)",Treponema,4,3930
"(435.0759493670886, 1287.987341772152)",Streptococcus,4,3932
"(435.6015037593985, 1888.045112781955)",Treponema,4,3933
"(434.55696202531647, 67.59493670886076)",Streptococcus,4,3934
"(437.6725663716814, 90.88495575221239)",Treponema,4,3935
"(441.75, 1040.969827586207)",Selenomonas,4,3937
"(436.09859154929575, 1062.6971830985915)",Streptococcus,4,3938
"(434.969696969697, 1761.621212121212)",Neisseria,4,3941
"(436.5, 640.2285714285714)",Veillonella,4,3942
"(446.0049019607843, 967.656862745098)",Veillonella,4,3943
"(445.5586206896552, 1407.1586206896552)",Treponema,4,3944
"(435.1170212765957, 1658.936170212766)",Treponema,4,3946
"(435.6341463414634, 1912.0365853658536)",Treponema,4,3947
"(437.71590909090907, 29.954545454545453)",Treponema,4,3948
"(441.4488188976378, 768.5157480314961)",Veillonella,4,3949
"(435.5, 974.6571428571428)",Neisseria,4,3950
"(437.55555555555554, 1262.126984126984)",Streptococcus,4,3951
"(437.358024691358, 1449.20987654321)",Neisseria,4,3952
"(439.5842696629214, 1642.808988764045)",Treponema,4,3953
"(437.71232876712327, 1975.054794520548)",Neisseria,4,3954
"(438.0394736842105, 39.69736842105263)",Treponema,4,3955
"(436.7647058823529, 213.37254901960785)",Treponema,4,3956
"(437.42, 920.4)",Selenomonas,4,3957
"(438.38235294117646, 995.5980392156863)",Veillonella,4,3958
"(436.0, 1541.7454545454545)",Streptococcus,4,3959
"(438.53921568627453, 1603.8235294117646)",Treponema,4,3960
"(437.1734693877551, 1931.704081632653)",Neisseria,4,3962
"(441.6574074074074, 53.51851851851852)",Treponema,4,3963
"(438.5, 389.3703703703704)",Selenomonas,4,3964
"(437.43548387096774, 1349.5)",Streptococcus,4,3965
"(438.94444444444446, 1676.8333333333333)",Treponema,4,3967
"(438.1685393258427, 1694.8314606741574)",Treponema,4,3968
"(437.85714285714283, 1812.0857142857142)",Neisseria,4,3969
"(437.54237288135596, 1826.2711864406779)",Neisseria,4,3970
"(440.70873786407765, 128.0)",Streptococcus,4,3971
"(444.0052083333333, 618.5052083333334)",Neisseria,4,3972
"(441.37373737373736, 859.030303030303)",Veillonella,4,3973
"(443.58035714285717, 1475.0625)",Treponema,4,3975
"(438.7903225806452, 1728.4516129032259)",Neisseria,4,3976
"(438.94545454545454, 1848.7636363636364)",Treponema,4,3977
"(440.90277777777777, 236.22222222222223)",Neisseria,4,3979
"(442.23308270676694, 342.14285714285717)",Neisseria,4,3980
"(440.43589743589746, 367.5897435897436)",Neisseria,4,3981
"(440.59322033898303, 377.6949152542373)",Neisseria,4,3982
"(440.0, 588.3548387096774)",Neisseria,4,3983
"(441.2, 1433.6857142857143)",Neisseria,4,3986
"(440.43939393939394, 187.78787878787878)",Streptococcus,4,3987
"(445.10743801652893, 526.3140495867768)",Veillonella,4,3988
"(441.2692307692308, 663.5769230769231)",Saccharibacteria,4,3989
"(440.875, 844.875)",Veillonella,4,3990
"(445.22058823529414, 1245.8676470588234)",Streptococcus,4,3991
"(445.1764705882353, 1900.1882352941177)",Streptococcus,4,3992
"(443.811320754717, 1987.4088050314465)",Neisseria,4,3993
"(441.6056338028169, 114.12676056338029)",Streptococcus,4,3994
"(442.1, 291.62)",Fusobacterium,4,3995
"(445.7151162790698, 510.9244186046512)",Actinomyces,4,3996
"(442.2962962962963, 930.4814814814815)",Neisseria,4,3998
"(446.8582677165354, 1735.6220472440946)",Neisseria,4,4001
"(443.08490566037733, 1949.0566037735848)",Neisseria,4,4002
"(443.60330578512395, 276.06611570247935)",Streptococcus,4,4003
"(447.258064516129, 399.41129032258067)",Neisseria,4,4004
"(446.8974358974359, 946.4444444444445)",Veillonella,4,4005
"(444.72185430463577, 1014.8013245033112)",Veillonella,4,4006
"(444.10843373493975, 1090.0843373493976)",Streptococcus,4,4007
"(442.73846153846154, 1181.446153846154)",Streptococcus,4,4008
"(444.7875, 1228.625)",Streptococcus,4,4009
"(442.672131147541, 1489.983606557377)",Neisseria,4,4011
"(443.56060606060606, 1505.060606060606)",Treponema,4,4012
"(443.0, 259.2857142857143)",Streptococcus,4,4013
"(449.9734513274336, 601.9026548672566)",Neisseria,4,4014
"(443.32835820895525, 874.1044776119403)",Veillonella,4,4015
"(445.0, 1113.171052631579)",Streptococcus,4,4016
"(443.98571428571427, 1203.3714285714286)",Streptococcus,4,4017
"(454.0408163265306, 1621.469387755102)",Streptococcus,4,4021
"(447.76404494382024, 463.3258426966292)",Neisseria,4,4022
"(446.6222222222222, 544.3666666666667)",Veillonella,4,4023
"(443.94827586206895, 806.0172413793103)",Neisseria,4,4024
"(444.3521126760563, 1362.5352112676057)",Treponema,4,4025
"(446.10526315789474, 1779.0315789473684)",Neisseria,4,4026
"(444.8059701492537, 1862.0298507462687)",Treponema,4,4027
"(455.81666666666666, 13.191666666666666)",Streptococcus,4,4029
"(451.0377358490566, 793.8050314465409)",Neisseria,4,4030
"(449.2303664921466, 889.0261780104712)",Veillonella,4,4031
"(446.0, 983.0175438596491)",Veillonella,4,4032
"(449.9901960784314, 1075.9019607843138)",Streptococcus,4,4033
"(448.46666666666664, 1215.1466666666668)",Streptococcus,4,4034
"(449.05970149253733, 1631.9701492537313)",Treponema,4,4035
"(451.35971223021585, 1656.9496402877699)",Neisseria,4,4036
"(448.2042253521127, 1798.8732394366198)",Neisseria,4,4037
"(447.875, 1964.4270833333333)",Neisseria,4,4038
"(450.82706766917295, 169.09022556390977)",Streptococcus,4,4039
"(447.5487804878049, 491.5365853658537)",Actinomyces,4,4040
"(448.25471698113205, 834.5094339622641)",Neisseria,4,4041
"(448.76623376623377, 1161.3116883116884)",Streptococcus,4,4042
"(449.44444444444446, 1289.0)",Streptococcus,4,4043
"(447.71084337349396, 1386.379518072289)",Treponema,4,4044
"(446.0, 1552.103448275862)",Streptococcus,4,4045
"(447.2133333333333, 1709.7333333333333)",Treponema,4,4046
"(447.1875, 1841.78125)",Neisseria,4,4047
"(451.943661971831, 106.63380281690141)",Treponema,4,4048
"(448.61290322580646, 137.8709677419355)",Treponema,4,4049
"(447.60227272727275, 205.8181818181818)",Treponema,4,4050
"(451.05555555555554, 306.93518518518516)",Treponema,4,4051
"(451.6741573033708, 322.7865168539326)",Neisseria,4,4052
"(448.54545454545456, 646.7922077922078)",Veillonella,4,4053
"(449.712962962963, 1567.7314814814815)",Streptococcus,4,4054
"(448.2597402597403, 151.25974025974025)",Streptococcus,4,4055
"(453.4007352941176, 231.62132352941177)",Treponema,4,4056
"(449.23728813559325, 1058.8305084745762)",Streptococcus,4,4057
"(448.344262295082, 1124.655737704918)",Streptococcus,4,4058
"(452.3411764705882, 1318.4823529411765)",Streptococcus,4,4059
"(449.80645161290323, 1352.532258064516)",Treponema,4,4060
"(450.3490566037736, 1520.132075471698)",Treponema,4,4061
"(449.0, 1764.7843137254902)",Neisseria,4,4064
"(450.09090909090907, 1919.1818181818182)",Selenomonas,4,4065
"(450.7, 68.46363636363637)",Streptococcus,4,4066
"(454.62698412698415, 348.8253968253968)",Neisseria,4,4067
"(451.2040816326531, 913.0204081632653)",Neisseria,4,4068
"(451.04615384615386, 1262.2307692307693)",Streptococcus,4,4069
"(453.75409836065575, 1540.172131147541)",Treponema,4,4070
"(450.29, 1830.03)",Neisseria,4,4072
"(453.57142857142856, 566.5857142857143)",Neisseria,4,4074
"(454.4610778443114, 699.2874251497007)",Saccharibacteria,4,4075
"(452.6136363636364, 1462.2045454545455)",Neisseria,4,4076
"(451.75714285714287, 1690.7428571428572)",Treponema,4,4077
"(452.575, 1748.4166666666667)",Neisseria,4,4078
"(451.6701030927835, 1876.721649484536)",Treponema,4,4079
"(452.8333333333333, 179.61666666666667)",Streptococcus,4,4081
"(454.6948051948052, 754.1103896103896)",Veillonella,4,4082
"(453.17391304347825, 1146.3478260869565)",Streptococcus,4,4083
"(456.297520661157, 1173.4628099173553)",Streptococcus,4,4084
"(459.46938775510205, 1442.3510204081633)",Neisseria,4,4085
"(453.7, 1674.753846153846)",Neisseria,4,4086
"(451.26666666666665, 1933.5333333333333)",Treponema,4,4087
"(454.2073170731707, 193.0121951219512)",Treponema,4,4089
"(453.796875, 367.359375)",Neisseria,4,4090
"(454.53932584269666, 446.2022471910112)",Veillonella,4,4091
"(454.7906976744186, 738.7790697674419)",Veillonella,4,4092
"(455.7894736842105, 1187.7894736842106)",Streptococcus,4,4093
"(455.20588235294116, 1275.1666666666667)",Streptococcus,4,4094
"(455.87012987012986, 1305.9675324675325)",Streptococcus,4,4095
"(452.91803278688525, 1339.0655737704917)",Streptococcus,4,4096
"(456.9864864864865, 1416.722972972973)",Streptococcus,4,4097
"(454.75, 1502.7)",Treponema,4,4098
"(457.80645161290323, 1815.9516129032259)",Neisseria,4,4099
"(453.82456140350877, 27.017543859649123)",Streptococcus,4,4100
"(454.1132075471698, 1488.2830188679245)",Treponema,4,4103
"(455.97752808988764, 270.2022471910112)",Streptococcus,4,4104
"(454.93506493506493, 589.2337662337662)",Neisseria,4,4105
"(459.2049180327869, 1227.032786885246)",Streptococcus,4,4107
"(456.43589743589746, 1646.6666666666667)",Selenomonas,4,4108
"(460.94871794871796, 1695.008547008547)",Treponema,4,4109
"(456.5245901639344, 1762.27868852459)",Neisseria,4,4110
"(461.1818181818182, 386.55944055944053)",Neisseria,4,4112
"(455.87301587301585, 845.3492063492064)",Veillonella,4,4113
"(458.8429752066116, 930.2561983471074)",Veillonella,4,4114
"(456.9491525423729, 1586.7796610169491)",Streptococcus,4,4116
"(459.7755102040816, 50.01360544217687)",Streptococcus,4,4117
"(457.5, 118.92105263157895)",Streptococcus,4,4118
"(458.4605263157895, 255.01315789473685)",Fusobacterium,4,4119
"(457.0365853658537, 288.890243902439)",Streptococcus,4,4120
"(457.8488372093023, 404.3139534883721)",Neisseria,4,4121
"(461.26344086021504, 862.8010752688172)",Veillonella,4,4122
"(457.4189189189189, 954.4594594594595)",Pasteurellaceae,4,4123
"(458.3333333333333, 988.4933333333333)",Veillonella,4,4124
"(463.0718954248366, 1058.1699346405228)",Streptococcus,4,4125
"(459.3134328358209, 1863.5820895522388)",Neisseria,4,4126
"(458.5945945945946, 557.5675675675676)",Veillonella,4,4130
"(458.1686746987952, 681.3614457831326)",Pasteurellaceae,4,4131
"(459.9339622641509, 1003.3207547169811)",Veillonella,4,4133
"(460.28767123287673, 1091.041095890411)",Fusobacterium,4,4134
"(460.85227272727275, 1256.125)",Streptococcus,4,4135
"(460.85185185185185, 473.58024691358025)",Neisseria,4,4138
"(463.71597633136093, 658.7692307692307)",Veillonella,4,4139
"(459.0, 811.2)",Neisseria,4,4140
"(463.6492890995261, 1940.8199052132702)",Neisseria,4,4142
"(461.7032967032967, 629.8461538461538)",Veillonella,4,4143
"(461.7674418604651, 728.0697674418604)",Veillonella,4,4144
"(465.68518518518516, 774.2703703703704)",Neisseria,4,4145
"(460.64285714285717, 1715.8690476190477)",Treponema,4,4147
"(461.01785714285717, 299.89285714285717)",Treponema,4,4148
"(465.55223880597015, 499.089552238806)",Pasteurellaceae,4,4149
"(460.79611650485435, 1112.3398058252428)",Streptococcus,4,4150
"(468.01162790697674, 1389.7267441860465)",Streptococcus,4,4151
"(460.02, 1779.92)",Neisseria,4,4152
"(461.67857142857144, 1916.5892857142858)",Treponema,4,4153
"(465.7878787878788, 1982.6424242424243)",Neisseria,4,4154
"(462.3018867924528, 84.50943396226415)",Streptococcus,4,4155
"(460.75, 140.21428571428572)",Fusobacterium,4,4156
"(464.1467889908257, 530.0825688073395)",Veillonella,4,4157
"(464.44897959183675, 545.6326530612245)",Neisseria,4,4158
"(461.54901960784315, 644.0784313725491)",Veillonella,4,4159
"(461.719298245614, 1041.5087719298247)",Treponema,4,4160
"(463.6263736263736, 1334.7802197802198)",Streptococcus,4,4161
"(462.93055555555554, 1481.3333333333333)",Streptococcus,4,4162
"(463.6585365853659, 1794.9878048780488)",Neisseria,4,4163
"(460.84615384615387, 1843.1076923076923)",Neisseria,4,4164
"(462.46153846153845, 1967.2115384615386)",Neisseria,4,4165
"(463.3181818181818, 433.24242424242425)",Neisseria,4,4166
"(464.38961038961037, 906.4285714285714)",Capnocytophaga,4,4168
"(465.35, 1136.075)",Fusobacterium,4,4169
"(464.9342105263158, 1878.7763157894738)",Treponema,4,4170
"(463.46, 97.98)",Treponema,4,4171
"(463.88235294117646, 415.54901960784315)",Neisseria,4,4172
"(468.4177215189873, 453.0379746835443)",Neisseria,4,4173
"(468.601593625498, 828.3107569721116)",Neisseria,4,4174
"(471.93939393939394, 1027.569696969697)",Veillonella,4,4176
"(468.6666666666667, 1209.6260162601627)",Streptococcus,4,4177
"(467.08035714285717, 1241.892857142857)",Streptococcus,4,4178
"(464.8, 1357.842105263158)",Treponema,4,4180
"(464.2191780821918, 1375.3561643835617)",Neisseria,4,4181
"(469.03472222222223, 26.479166666666668)",Treponema,4,4182
"(465.04477611940297, 1073.1791044776119)",Fusobacterium,4,4183
"(467.46762589928056, 1569.8992805755395)",Streptococcus,4,4184
"(465.3488372093023, 1905.1279069767443)",Treponema,4,4185
"(468.43333333333334, 44.58888888888889)",Treponema,4,4186
"(466.9425287356322, 147.2528735632184)",Streptococcus,4,4187
"(466.1, 184.23333333333332)",Treponema,4,4188
"(467.57851239669424, 367.53719008264466)",Neisseria,4,4189
"(469.68, 481.88)",Selenomonas,4,4190
"(467.0681818181818, 583.5)",Veillonella,4,4191
"(469.0168539325843, 885.0674157303371)",Veillonella,4,4192
"(464.84, 1467.96)",Treponema,4,4193
"(465.3833333333333, 1610.2166666666667)",Streptococcus,4,4194
"(466.25454545454545, 1766.0727272727272)",Neisseria,4,4195
"(468.7798165137615, 1831.6605504587155)",Neisseria,4,4196
"(467.11764705882354, 205.02941176470588)",Streptococcus,4,4198
"(466.94074074074075, 613.4)",Veillonella,4,4200
"(467.5357142857143, 1266.6607142857142)",Streptococcus,4,4201
"(469.1388888888889, 1401.736111111111)",Treponema,4,4202
"(468.7647058823529, 1501.2614379084966)",Streptococcus,4,4203
"(467.71014492753625, 1662.840579710145)",Treponema,4,4205
"(470.5904761904762, 1705.0380952380951)",Treponema,4,4206
"(472.8451612903226, 1810.4064516129033)",Neisseria,4,4207
"(468.8095238095238, 1890.154761904762)",Treponema,4,4208
"(467.86021505376345, 70.68817204301075)",Streptococcus,4,4210
"(468.8421052631579, 132.19736842105263)",Streptococcus,4,4211
"(469.3970588235294, 155.2058823529412)",Streptococcus,4,4212
"(467.6470588235294, 794.0)",Neisseria,4,4213
"(469.3457943925234, 945.8317757009346)",Fusobacterium,4,4214
"(468.0952380952381, 979.4404761904761)",Veillonella,4,4215
"(473.68840579710144, 1165.427536231884)",Treponema,4,4216
"(468.0833333333333, 1551.4880952380952)",Streptococcus,4,4217
"(468.625, 1638.6022727272727)",Streptococcus,4,4218
"(467.80882352941177, 1728.235294117647)",Neisseria,4,4219
"(472.22, 322.07)",Treponema,4,4223
"(470.2857142857143, 918.5892857142857)",Veillonella,4,4224
"(469.0, 1183.8227848101267)",Treponema,4,4225
"(468.98275862068965, 1195.948275862069)",Streptococcus,4,4226
"(468.0689655172414, 1515.6379310344828)",Streptococcus,4,4227
"(474.77272727272725, 91.83636363636364)",Streptococcus,4,4230
"(471.33673469387753, 226.70408163265307)",Streptococcus,4,4232
"(469.39285714285717, 259.94642857142856)",Streptococcus,4,4233
"(472.6981132075472, 336.74528301886795)",Neisseria,4,4234
"(473.51461988304095, 717.6549707602339)",Veillonella,4,4236
"(471.0857142857143, 809.7714285714286)",Neisseria,4,4237
"(469.8181818181818, 847.8363636363637)",Neisseria,4,4238
"(472.89256198347107, 1281.2561983471073)",Streptococcus,4,4239
"(471.8970588235294, 1600.8088235294117)",Streptococcus,4,4240
"(471.2674418604651, 1752.593023255814)",Neisseria,4,4241
"(475.74117647058824, 247.88235294117646)",Streptococcus,4,4243
"(471.7164179104478, 286.7014925373134)",Streptococcus,4,4244
"(473.2068965517241, 306.3103448275862)",Treponema,4,4246
"(470.8255813953488, 683.7325581395348)",Selenomonas,4,4247
"(471.84722222222223, 745.9583333333334)",Veillonella,4,4248
"(472.35593220338984, 1650.0338983050847)",Streptococcus,4,4251
"(471.30434782608694, 1867.6811594202898)",Treponema,4,4252
"(472.5740740740741, 420.9259259259259)",Neisseria,4,4254
"(476.77639751552795, 1095.3664596273293)",Streptococcus,4,4255
"(473.4878048780488, 1310.280487804878)",Streptococcus,4,4256
"(471.88524590163934, 1322.049180327869)",Streptococcus,4,4257
"(474.57575757575756, 1339.6363636363637)",Streptococcus,4,4258
"(474.80575539568343, 1848.5323741007194)",Neisseria,4,4259
"(475.9756097560976, 1920.378048780488)",Treponema,4,4260
"(473.55357142857144, 77.07142857142857)",Streptococcus,4,4261
"(475.52222222222224, 410.81111111111113)",Neisseria,4,4263
"(477.2111111111111, 1083.2222222222222)",Porphyromonas,4,4264
"(473.68333333333334, 1627.1166666666666)",Streptococcus,4,4265
"(480.2244897959184, 12.153061224489797)",Streptococcus,4,4266
"(475.0983606557377, 351.2950819672131)",Neisseria,4,4267
"(474.9904761904762, 390.56190476190477)",Neisseria,4,4268
"(473.05263157894734, 1419.5526315789473)",Streptococcus,4,4269
"(473.13513513513516, 1788.4324324324325)",Neisseria,4,4270
"(474.4313725490196, 168.2156862745098)",Fusobacterium,4,4271
"(478.0042372881356, 565.5254237288135)",Neisseria,4,4272
"(474.4230769230769, 1140.9615384615386)",Streptococcus,4,4273
"(475.0, 1253.4333333333334)",Porphyromonas,4,4274
"(475.62068965517244, 1450.448275862069)",Neisseria,4,4275
"(474.90588235294115, 1959.5176470588235)",Treponema,4,4277
"(484.0255102040816, 514.3622448979592)",Pasteurellaceae,4,4278
"(476.80833333333334, 638.6083333333333)",Veillonella,4,4279
"(478.7450980392157, 990.2843137254902)",Veillonella,4,4280
"(479.0, 1226.2753623188405)",Streptococcus,4,4282
"(478.23762376237624, 1534.148514851485)",Treponema,4,4284
"(477.4122807017544, 1586.3684210526317)",Streptococcus,4,4285
"(478.60869565217394, 1612.1630434782608)",Streptococcus,4,4286
"(476.98275862068965, 1714.8793103448277)",Neisseria,4,4287
"(477.4925373134328, 62.07462686567164)",Treponema,4,4288
"(479.03418803418805, 196.68376068376068)",Streptococcus,4,4289
"(479.31868131868134, 431.0769230769231)",Neisseria,4,4290
"(477.3, 1366.3285714285714)",Treponema,4,4292
"(478.02702702702703, 1972.2567567567567)",Neisseria,4,4295
"(478.4776119402985, 123.07462686567165)",Streptococcus,4,4296
"(482.5409836065574, 220.81967213114754)",Streptococcus,4,4297
"(485.2181818181818, 595.4727272727273)",Selenomonas,4,4298
"(480.68224299065423, 881.0373831775701)",Neisseria,4,4299
"(481.6, 966.7571428571429)",Veillonella,4,4300
"(478.04, 1560.3)",Streptococcus,4,4302
"(483.2421875, 667.6640625)",Veillonella,4,4308
"(480.89032258064515, 850.5354838709677)",Selenomonas,4,4309
"(479.8735632183908, 932.919540229885)",Veillonella,4,4310
"(483.39814814814815, 1045.1064814814815)",Veillonella,4,4311
"(479.96774193548384, 1152.983870967742)",Streptococcus,4,4312
"(479.4166666666667, 1298.4722222222222)",Streptococcus,4,4313
"(482.943661971831, 1545.5915492957747)",Streptococcus,4,4314
"(479.4512195121951, 1667.9268292682927)",Treponema,4,4315
"(481.5903614457831, 1760.5903614457832)",Neisseria,4,4316
"(480.5729166666667, 534.1041666666666)",Streptococcus,4,4318
"(480.30555555555554, 792.875)",Neisseria,4,4319
"(481.41346153846155, 1109.923076923077)",Fusobacterium,4,4320
"(480.8448275862069, 1349.5)",Selenomonas,4,4321
"(479.48214285714283, 1436.8214285714287)",Streptococcus,4,4322
"(481.9878048780488, 1778.6829268292684)",Treponema,4,4323
"(482.25742574257424, 1899.4059405940593)",Treponema,4,4324
"(480.9438202247191, 1944.6741573033707)",Treponema,4,4325
"(481.8354430379747, 279.8987341772152)",Streptococcus,4,4326
"(482.2542372881356, 442.08474576271186)",Veillonella,4,4327
"(486.8680203045685, 474.92893401015226)",Corynebacterium,4,4328
"(487.6774193548387, 1330.1935483870968)",Streptococcus,4,4329
"(482.39830508474574, 1520.0762711864406)",Streptococcus,4,4330
"(483.626582278481, 1643.6772151898733)",Streptococcus,4,4331
"(487.26666666666665, 43.68888888888889)",Treponema,4,4333
"(482.27777777777777, 105.79629629629629)",Streptococcus,4,4334
"(483.696, 157.648)",Streptococcus,4,4335
"(483.5103448275862, 694.9172413793103)",Selenomonas,4,4337
"(483.9714285714286, 771.0428571428571)",Veillonella,4,4338
"(482.578313253012, 916.6385542168674)",Porphyromonas,4,4339
"(488.23333333333335, 1196.7466666666667)",Streptococcus,4,4340
"(481.10769230769233, 1477.7384615384615)",Streptococcus,4,4342
"(486.1847826086956, 1495.5760869565217)",Streptococcus,4,4343
"(484.73214285714283, 459.0)",Treponema,4,4345
"(487.4810126582278, 1064.4050632911392)",Neisseria,4,4346
"(485.2162162162162, 1180.3603603603603)",Treponema,4,4347
"(483.3888888888889, 141.55555555555554)",Streptococcus,4,4348
"(485.8358208955224, 178.955223880597)",Streptococcus,4,4349
"(485.0810810810811, 267.4189189189189)",Streptococcus,4,4350
"(484.0632911392405, 402.53164556962025)",Neisseria,4,4351
"(483.98765432098764, 495.85185185185185)",Neisseria,4,4352
"(484.6741573033708, 616.0224719101124)",Selenomonas,4,4353
"(485.85869565217394, 1391.75)",Streptococcus,4,4356
"(487.6136363636364, 1689.2045454545455)",Treponema,4,4357
"(487.3333333333333, 1799.3333333333333)",Neisseria,4,4358
"(484.734693877551, 1832.0102040816328)",Neisseria,4,4359
"(493.8698224852071, 1881.2485207100592)",Treponema,4,4360
"(488.15966386554624, 1931.3445378151262)",Streptococcus,4,4361
"(485.44736842105266, 27.75)",Streptococcus,4,4362
"(488.5575221238938, 874.3716814159292)",Capnocytophaga,4,4365
"(492.3876404494382, 1734.887640449438)",Neisseria,4,4367
"(488.2352941176471, 212.4264705882353)",Streptococcus,4,4370
"(489.8014184397163, 294.8936170212766)",Streptococcus,4,4371
"(490.61875, 751.2875)",Veillonella,4,4373
"(486.1216216216216, 1005.7027027027027)",Neisseria,4,4374
"(487.2, 1122.817142857143)",Fusobacterium,4,4375
"(489.65909090909093, 1264.7386363636363)",Streptococcus,4,4376
"(487.4507042253521, 1507.619718309859)",Streptococcus,4,4377
"(486.34567901234567, 1575.8024691358025)",Streptococcus,4,4378
"(485.85714285714283, 1991.3492063492063)",Neisseria,4,4379
"(494.6904761904762, 70.47619047619048)",Streptococcus,4,4380
"(489.1975308641975, 82.35802469135803)",Treponema,4,4381
"(486.725, 735.1875)",Veillonella,4,4382
"(487.72, 1212.2266666666667)",Fusobacterium,4,4384
"(487.0740740740741, 1375.8703703703704)",Streptococcus,4,4385
"(490.14778325123154, 1417.7733990147783)",Streptococcus,4,4386
"(487.59154929577466, 1914.281690140845)",Selenomonas,4,4387
"(488.6794871794872, 388.7564102564103)",Neisseria,4,4391
"(491.43617021276594, 1460.7978723404256)",Treponema,4,4392
"(487.55555555555554, 1621.4603174603174)",Streptococcus,4,4393
"(487.2586206896552, 1717.4827586206898)",Neisseria,4,4394
"(489.9852941176471, 1865.0588235294117)",Treponema,4,4396
"(488.8615384615385, 680.2)",Neisseria,4,4397
"(488.9342105263158, 722.1052631578947)",Veillonella,4,4398
"(489.68055555555554, 1162.7777777777778)",Streptococcus,4,4399
"(488.4266666666667, 1252.2533333333333)",Streptococcus,4,4400
"(492.59375, 1770.1145833333333)",Selenomonas,4,4402
"(490.95238095238096, 341.3015873015873)",Neisseria,4,4403
"(491.22680412371136, 371.1443298969072)",Neisseria,4,4404
"(492.53684210526313, 805.4)",Veillonella,4,4405
"(489.0, 1281.1666666666667)",Streptococcus,4,4406
"(493.5090909090909, 1553.509090909091)",Streptococcus,4,4407
"(490.94444444444446, 1602.7916666666667)",Streptococcus,4,4408
"(491.2068965517241, 1821.7586206896551)",Neisseria,4,4409
"(494.57971014492756, 1849.9710144927535)",Neisseria,4,4410
"(490.4782608695652, 1954.4057971014493)",Streptococcus,4,4411
"(492.93023255813955, 123.86821705426357)",Streptococcus,4,4413
"(492.53913043478263, 787.4260869565218)",Neisseria,4,4414
"(492.9761904761905, 1134.6666666666667)",Fusobacterium,4,4416
"(492.6, 1356.4941176470588)",Streptococcus,4,4417
"(493.9763779527559, 1442.0314960629921)",Streptococcus,4,4418
"(491.13953488372096, 1976.4418604651162)",Neisseria,4,4419
"(493.1384615384615, 308.16923076923075)",Streptococcus,4,4422
"(491.625, 355.375)",Neisseria,4,4423
"(495.1990740740741, 439.2083333333333)",Veillonella,4,4424
"(493.4188481675393, 547.282722513089)",Veillonella,4,4425
"(493.1929824561403, 821.5175438596491)",Veillonella,4,4426
"(494.1958041958042, 1021.8041958041958)",Streptococcus,4,4427
"(490.88, 1231.84)",Streptococcus,4,4428
"(495.2111111111111, 1342.588888888889)",Streptococcus,4,4429
"(495.75555555555553, 57.28888888888889)",Streptococcus,4,4430
"(491.96078431372547, 200.31372549019608)",Streptococcus,4,4431
"(496.5, 415.2280701754386)",Neisseria,4,4432
"(495.36559139784947, 627.494623655914)",Streptococcus,4,4433
"(493.9555555555556, 908.6222222222223)",Fusobacterium,4,4434
"(493.98387096774195, 1301.532258064516)",Streptococcus,4,4435
"(493.5147058823529, 1475.7794117647059)",Streptococcus,4,4436
"(497.0229007633588, 1533.526717557252)",Treponema,4,4437
"(495.16923076923075, 1566.9538461538461)",Treponema,4,4438
"(495.1621621621622, 650.7027027027027)",Selenomonas,4,4441
"(495.2352941176471, 837.1848739495798)",Veillonella,4,4442
"(497.3545454545455, 1146.3181818181818)",Streptococcus,4,4444
"(494.0153846153846, 1313.123076923077)",Streptococcus,4,4445
"(497.55056179775283, 1485.6067415730338)",Streptococcus,4,4446
"(497.23376623376623, 1669.1493506493507)",Streptococcus,4,4447
"(495.59375, 108.85416666666667)",Streptococcus,4,4449
"(504.23295454545456, 181.7443181818182)",Streptococcus,4,4450
"(497.35114503816794, 458.0229007633588)",Treponema,4,4451
"(497.3018867924528, 927.433962264151)",Rothia,4,4453
"(501.3030303030303, 1785.5075757575758)",Neisseria,4,4455
"(494.7073170731707, 1899.0731707317073)",Treponema,4,4456
"(501.6, 12.075)",Streptococcus,4,4457
"(495.15686274509807, 148.68627450980392)",Streptococcus,4,4458
"(495.2, 175.36666666666667)",Streptococcus,4,4459
"(497.24242424242425, 248.5151515151515)",Streptococcus,4,4460
"(502.7916666666667, 401.94444444444446)",Neisseria,4,4461
"(498.0285714285714, 944.6761904761905)",Veillonella,4,4463
"(495.6542056074766, 972.9252336448598)",Veillonella,4,4464
"(497.56934306569343, 993.6277372262774)",Neisseria,4,4465
"(499.04716981132077, 1831.7924528301887)",Neisseria,4,4466
"(497.18918918918916, 160.98648648648648)",Streptococcus,4,4467
"(496.8636363636364, 757.1212121212121)",Veillonella,4,4468
"(496.9428571428571, 895.5714285714286)",Capnocytophaga,4,4469
"(496.82278481012656, 1102.3291139240507)",Neisseria,4,4470
"(496.93939393939394, 1396.9545454545455)",Streptococcus,4,4471
"(496.62068965517244, 1942.1206896551723)",Treponema,4,4472
"(504.23741007194246, 132.9640287769784)",Streptococcus,4,4473
"(498.4307692307692, 218.64615384615385)",Streptococcus,4,4474
"(500.9076923076923, 380.3076923076923)",Neisseria,4,4475
"(498.0151515151515, 498.45454545454544)",Neisseria,4,4476
"(499.20212765957444, 690.7021276595744)",Veillonella,4,4477
"(498.7931034482759, 1591.9310344827586)",Streptococcus,4,4479
"(498.46153846153845, 1613.5)",Streptococcus,4,4480
"(504.37698412698415, 1751.4603174603174)",Veillonella,4,4481
"(498.975, 1925.675)",Treponema,4,4482
"(498.9230769230769, 323.0)",Selenomonas,4,4484
"(504.4744897959184, 612.0714285714286)",Selenomonas,4,4485
"(499.5357142857143, 1271.952380952381)",Streptococcus,4,4487
"(501.5888888888889, 1704.5111111111112)",Streptococcus,4,4488
"(499.22222222222223, 1716.888888888889)",Streptococcus,4,4489
"(500.7956204379562, 1987.051094890511)",Neisseria,4,4490
"(499.8490566037736, 88.47169811320755)",Streptococcus,4,4491
"(500.57575757575756, 97.5)",Streptococcus,4,4492
"(499.33898305084745, 727.3983050847457)",Veillonella,4,4493
"(502.1860465116279, 959.3255813953489)",Veillonella,4,4494
"(499.47457627118644, 1079.2033898305085)",Veillonella,4,4495
"(500.27777777777777, 1367.8703703703704)",Streptococcus,4,4498
"(501.90909090909093, 1386.8484848484848)",Streptococcus,4,4499
"(502.03076923076924, 1580.0153846153846)",Streptococcus,4,4500
"(502.2647058823529, 230.86764705882354)",Streptococcus,4,4502
"(503.6188340807175, 867.6053811659193)",Capnocytophaga,4,4503
"(502.85897435897436, 1224.320512820513)",Fusobacterium,4,4504
"(500.7692307692308, 1256.923076923077)",Streptococcus,4,4505
"(499.6216216216216, 1647.1486486486488)",Streptococcus,4,4508
"(501.4423076923077, 274.90384615384613)",Streptococcus,4,4509
"(512.448275862069, 1521.4975369458127)",Streptococcus,4,4512
"(504.53521126760563, 1913.8450704225352)",Neisseria,4,4513
"(504.1914893617021, 30.20212765957447)",Streptococcus,4,4514
"(504.9594594594595, 207.64864864864865)",Streptococcus,4,4515
"(504.2439024390244, 491.9634146341463)",Neisseria,4,4516
"(503.2842105263158, 1038.8)",Neisseria,4,4517
"(503.7, 1155.0)",Streptococcus,4,4519
"(507.982905982906, 1173.7179487179487)",Streptococcus,4,4520
"(504.7261904761905, 1188.9761904761904)",Streptococcus,4,4521
"(503.06666666666666, 1305.1666666666667)",Streptococcus,4,4524
"(503.7096774193548, 1331.6129032258063)",Streptococcus,4,4525
"(504.0892857142857, 1618.0535714285713)",Streptococcus,4,4527
"(504.67816091954023, 1967.5172413793102)",Treponema,4,4528
"(504.63492063492066, 437.1746031746032)",Neisseria,4,4529
"(504.7567567567568, 587.2702702702703)",Fusobacterium,4,4530
"(509.1152416356877, 667.9665427509294)",Neisseria,4,4531
"(507.0592105263158, 768.1447368421053)",Veillonella,4,4532
"(504.2758620689655, 1690.0)",Streptococcus,4,4533
"(504.19565217391306, 1800.108695652174)",Neisseria,4,4534
"(508.51376146788994, 261.73394495412845)",Streptococcus,4,4535
"(505.34285714285716, 297.84285714285716)",Streptococcus,4,4536
"(504.23943661971833, 340.46478873239437)",Neisseria,4,4537
"(504.2676056338028, 358.9154929577465)",Neisseria,4,4538
"(505.2542372881356, 568.8813559322034)",Veillonella,4,4539
"(506.58415841584156, 624.9702970297029)",Streptococcus,4,4540
"(507.9024390243902, 1420.780487804878)",Streptococcus,4,4542
"(507.58878504672896, 1871.3271028037384)",Treponema,4,4543
"(506.8333333333333, 46.81666666666667)",Streptococcus,4,4544
"(509.0348837209302, 471.75)",Neisseria,4,4545
"(511.19823788546256, 516.6343612334801)",Veillonella,4,4546
"(509.412213740458, 1013.7404580152672)",Veillonella,4,4547
"(508.9714285714286, 1201.2857142857142)",Fusobacterium,4,4548
"(507.5882352941176, 1631.4705882352941)",Streptococcus,4,4549
"(508.3235294117647, 63.94117647058823)",Streptococcus,4,4551
"(509.6034482758621, 708.7068965517242)",Saccharibacteria,4,4552
"(507.60483870967744, 787.4758064516129)",Selenomonas,4,4553
"(506.2142857142857, 1127.4107142857142)",Fusobacterium,4,4555
"(507.63492063492066, 1360.2380952380952)",Treponema,4,4556
"(507.3888888888889, 1437.1851851851852)",Fusobacterium,4,4557
"(512.8957055214723, 1557.601226993865)",Treponema,4,4558
"(507.4117647058824, 1955.4558823529412)",Treponema,4,4560
"(511.21875, 74.08333333333333)",Streptococcus,4,4561
"(508.42105263157896, 153.92105263157896)",Streptococcus,4,4562
"(511.5689655172414, 386.0258620689655)",Neisseria,4,4563
"(508.27848101265823, 428.8481012658228)",Neisseria,4,4564
"(510.6619718309859, 556.9084507042254)",Veillonella,4,4565
"(509.97802197802196, 643.7912087912088)",Neisseria,4,4566
"(507.36, 1318.26)",Streptococcus,4,4568
"(509.85714285714283, 1472.090909090909)",Streptococcus,4,4569
"(508.36764705882354, 1542.2941176470588)",Streptococcus,4,4570
"(511.57142857142856, 193.30769230769232)",Streptococcus,4,4571
"(511.4193548387097, 734.1075268817204)",Veillonella,4,4574
"(507.94642857142856, 899.2142857142857)",Veillonella,4,4575
"(510.7352941176471, 1029.4558823529412)",Streptococcus,4,4576
"(511.3142857142857, 1091.4142857142858)",Selenomonas,4,4577
"(509.4594594594595, 1292.9864864864865)",Porphyromonas,4,4578
"(508.54545454545456, 1840.1060606060605)",Neisseria,4,4581
"(510.9861111111111, 748.3055555555555)",Selenomonas,4,4582
"(516.1917808219179, 1003.2465753424658)",Veillonella,4,4583
"(510.5824175824176, 1275.2967032967033)",Fusobacterium,4,4584
"(510.4339622641509, 1373.6603773584907)",Treponema,4,4585
"(511.55913978494624, 1458.3118279569892)",Streptococcus,4,4586
"(512.468085106383, 1496.3510638297873)",Streptococcus,4,4587
"(512.390243902439, 1643.4634146341464)",Streptococcus,4,4590
"(509.92452830188677, 1772.3584905660377)",Neisseria,4,4592
"(515.3058823529411, 1932.9529411764706)",Treponema,4,4593
"(513.75, 239.8388888888889)",Streptococcus,4,4594
"(510.75384615384615, 318.3538461538462)",Selenomonas,4,4595
"(514.6770833333334, 922.7708333333334)",Veillonella,4,4596
"(518.158273381295, 1822.3021582733813)",Neisseria,4,4597
"(511.70652173913044, 1855.6521739130435)",Treponema,4,4598
"(521.927927927928, 1944.581081081081)",Neisseria,4,4599
"(511.82, 108.62)",Streptococcus,4,4600
"(513.530303030303, 119.06060606060606)",Streptococcus,4,4601
"(513.0117647058823, 365.4470588235294)",Neisseria,4,4603
"(512.8333333333334, 598.0512820512821)",Veillonella,4,4604
"(513.170731707317, 828.6910569105692)",Veillonella,4,4605
"(513.6964285714286, 1445.4107142857142)",Streptococcus,4,4606
"(515.5909090909091, 1901.5454545454545)",Neisseria,4,4607
"(514.4920634920635, 49.714285714285715)",Streptococcus,4,4608
"(513.9009009009009, 89.57657657657657)",Streptococcus,4,4609
"(514.8516129032258, 806.0516129032258)",Veillonella,4,4610
"(520.1714285714286, 844.4685714285714)",Veillonella,4,4611
"(516.7734375, 1082.09375)",Streptococcus,4,4612
"(516.3406593406594, 1213.6043956043957)",Fusobacterium,4,4613
"(513.622641509434, 1328.0943396226414)",Streptococcus,4,4615
"(515.7669902912621, 1602.1359223300972)",Streptococcus,4,4616
"(512.3653846153846, 1729.423076923077)",Treponema,4,4617
"(514.2375, 1809.1875)",Treponema,4,4618
"(518.272, 306.256)",Streptococcus,4,4620
"(514.9763779527559, 951.4566929133858)",Veillonella,4,4622
"(514.2571428571429, 1248.3142857142857)",Streptococcus,4,4625
"(515.52, 1385.2666666666667)",Streptococcus,4,4626
"(516.3968253968254, 1688.079365079365)",Streptococcus,4,4627
"(516.8235294117648, 177.0)",Streptococcus,4,4629
"(515.1935483870968, 345.80645161290323)",Selenomonas,4,4630
"(517.2105263157895, 1110.221052631579)",Selenomonas,4,4631
"(521.1752577319587, 1133.798969072165)",Fusobacterium,4,4632
"(515.943661971831, 1346.7112676056338)",Streptococcus,4,4633
"(515.3770491803278, 1403.5245901639344)",Streptococcus,4,4634
"(514.7948717948718, 1582.7948717948718)",Streptococcus,4,4636
"(514.02, 1698.68)",Porphyromonas,4,4638
"(521.2522522522522, 11.297297297297296)",Treponema,4,4639
"(517.2786885245902, 162.40983606557376)",Streptococcus,4,4640
"(515.44, 292.3)",Treponema,4,4641
"(516.7758620689655, 966.7068965517242)",Fusobacterium,4,4642
"(517.9032258064516, 143.7741935483871)",Streptococcus,4,4644
"(517.7368421052631, 226.2280701754386)",Streptococcus,4,4645
"(519.956204379562, 419.1678832116788)",Neisseria,4,4646
"(519.0588235294117, 454.10084033613447)",Veillonella,4,4647
"(519.6575342465753, 498.486301369863)",Streptococcus,4,4648
"(524.0313901345291, 980.1569506726457)",Veillonella,4,4651
"(518.1595744680851, 1150.595744680851)",Fusobacterium,4,4652
"(521.0576923076923, 1311.2884615384614)",Neisseria,4,4653
"(518.6875, 1509.1375)",Streptococcus,4,4654
"(517.3965517241379, 1712.2068965517242)",Streptococcus,4,4656
"(520.2688172043011, 1788.6129032258063)",Selenomonas,4,4657
"(518.9230769230769, 100.96153846153847)",Streptococcus,4,4658
"(517.6582278481013, 207.126582278481)",Streptococcus,4,4659
"(519.1063829787234, 574.4893617021277)",Veillonella,4,4661
"(519.395061728395, 695.2098765432099)",Veillonella,4,4662
"(524.4679802955665, 869.935960591133)",Veillonella,4,4663
"(520.7378640776699, 890.6407766990292)",Veillonella,4,4664
"(519.9305555555555, 1432.4444444444443)",Streptococcus,4,4666
"(521.8373983739838, 1885.8943089430895)",Neisseria,4,4668
"(522.5858585858585, 1068.6060606060605)",Treponema,4,4670
"(524.4018691588785, 1199.1682242990655)",Fusobacterium,4,4671
"(518.9661016949152, 1227.2881355932204)",Capnocytophaga,4,4672
"(520.1967213114754, 1733.9016393442623)",Treponema,4,4675
"(520.8444444444444, 1920.6666666666667)",Neisseria,4,4676
"(521.40625, 61.791666666666664)",Streptococcus,4,4678
"(519.0862068965517, 1671.4310344827586)",Streptococcus,4,4679
"(522.0120481927711, 1750.0)",Treponema,4,4680
"(519.7903225806451, 1845.741935483871)",Neisseria,4,4681
"(525.45, 1988.1375)",Neisseria,4,4682
"(525.2950819672132, 441.38524590163934)",Veillonella,4,4683
"(520.9066666666666, 718.6933333333334)",Streptococcus,4,4684
"(522.2615384615384, 1760.9692307692308)",Neisseria,4,4685
"(525.4273504273505, 1969.905982905983)",Treponema,4,4686
"(524.8131868131868, 347.5274725274725)",Treponema,4,4687
"(529.8834951456311, 482.2281553398058)",Veillonella,4,4688
"(522.8051948051948, 624.6363636363636)",Neisseria,4,4689
"(523.5217391304348, 638.0)",Neisseria,4,4690
"(527.1147540983607, 660.3524590163935)",Neisseria,4,4691
"(522.2828282828283, 760.2424242424242)",Veillonella,4,4692
"(525.4273504273505, 1032.974358974359)",Veillonella,4,4693
"(522.2068965517242, 1416.6091954022988)",Fusobacterium,4,4694
"(521.0526315789474, 1657.9473684210527)",Streptococcus,4,4695
"(534.9655172413793, 521.8448275862069)",Veillonella,4,4700
"(525.2809917355372, 541.6363636363636)",Neisseria,4,4701
"(522.1829268292682, 1043.780487804878)",Veillonella,4,4702
"(522.0181818181818, 1188.6909090909091)",Streptococcus,4,4703
"(525.168918918919, 1249.4324324324325)",Treponema,4,4704
"(525.44, 1266.4266666666667)",Porphyromonas,4,4705
"(522.3846153846154, 1803.2307692307693)",Treponema,4,4708
"(524.1612903225806, 1870.5806451612902)",Treponema,4,4709
"(527.3291139240506, 118.67088607594937)",Streptococcus,4,4711
"(524.6736842105263, 776.5263157894736)",Veillonella,4,4713
"(524.8686868686868, 910.6464646464647)",Veillonella,4,4714
"(524.6960784313726, 1543.3921568627452)",Streptococcus,4,4716
"(526.1827956989247, 134.44086021505376)",Streptococcus,4,4718
"(528.6028368794326, 184.88652482269504)",Streptococcus,4,4719
"(524.7543859649123, 282.7719298245614)",Streptococcus,4,4721
"(524.2835820895523, 319.95522388059703)",Treponema,4,4722
"(528.6150627615062, 374.9205020920502)",Selenomonas,4,4723
"(527.2884615384615, 727.7403846153846)",Streptococcus,4,4724
"(525.5, 1338.9333333333334)",Treponema,4,4725
"(525.6666666666666, 1389.1733333333334)",Treponema,4,4726
"(528.1089108910891, 745.4851485148515)",Veillonella,4,4728
"(526.1571428571428, 1462.7857142857142)",Streptococcus,4,4729
"(529.311320754717, 219.78301886792454)",Streptococcus,4,4732
"(527.65, 397.1166666666667)",Neisseria,4,4734
"(528.0370370370371, 1362.648148148148)",Selenomonas,4,4735
"(528.112676056338, 1400.5915492957747)",Treponema,4,4736
"(529.2374100719425, 1443.3237410071943)",Streptococcus,4,4737
"(526.7118644067797, 1618.3898305084747)",Streptococcus,4,4738
"(529.72, 107.52)",Streptococcus,4,4740
"(526.82, 793.54)",Veillonella,4,4743
"(532.25, 949.0)",Veillonella,4,4744
"(528.76, 1482.12)",Streptococcus,4,4747
"(528.7733333333333, 1635.84)",Treponema,4,4749
"(530.4794520547945, 1726.6849315068494)",Streptococcus,4,4750
"(530.5616438356165, 153.4794520547945)",Streptococcus,4,4751
"(531.552380952381, 559.2285714285714)",Neisseria,4,4752
"(530.6373626373627, 610.6263736263736)",Neisseria,4,4753
"(530.7263157894737, 1017.5052631578948)",Veillonella,4,4754
"(528.825, 1157.8125)",Fusobacterium,4,4756
"(528.0147058823529, 1569.9705882352941)",Treponema,4,4757
"(530.1578947368421, 79.77631578947368)",Veillonella,4,4758
"(531.28125, 166.828125)",Streptococcus,4,4760
"(535.431506849315, 646.4657534246576)",Neisseria,4,4761
"(534.7317073170732, 897.0487804878048)",Veillonella,4,4762
"(530.875, 1592.21875)",Treponema,4,4764
"(534.9685863874346, 1770.434554973822)",Treponema,4,4766
"(531.741935483871, 1798.9193548387098)",Neisseria,4,4767
"(531.8073394495412, 704.9174311926605)",Selenomonas,4,4768
"(531.895652173913, 856.1217391304348)",Veillonella,4,4769
"(534.5259259259259, 1055.148148148148)",Veillonella,4,4770
"(531.8333333333334, 1272.3425925925926)",Streptococcus,4,4771
"(532.4601769911504, 1680.4778761061948)",Streptococcus,4,4773
"(532.1803278688525, 1716.5081967213114)",Streptococcus,4,4774
"(533.1208791208791, 1863.8241758241759)",Streptococcus,4,4775
"(532.3932584269663, 269.08988764044943)",Streptococcus,4,4777
"(533.2151898734177, 403.0506329113924)",Neisseria,4,4778
"(535.0857142857143, 1112.5714285714287)",Treponema,4,4779
"(533.5818181818182, 1293.0363636363636)",Neisseria,4,4780
"(532.2325581395348, 1496.3372093023256)",Fusobacterium,4,4781
"(540.3150684931506, 1742.835616438356)",Streptococcus,4,4782
"(535.4174757281553, 1830.2524271844661)",Neisseria,4,4783
"(536.9640287769785, 591.9208633093525)",Selenomonas,4,4785
"(533.1044776119403, 1210.8358208955224)",Streptococcus,4,4786
"(533.2328767123288, 1220.4520547945206)",Treponema,4,4787
"(535.2738095238095, 1319.857142857143)",Neisseria,4,4789
"(534.0144927536232, 1349.159420289855)",Neisseria,4,4790
"(534.2702702702703, 1509.945945945946)",Streptococcus,4,4792
"(536.1360946745563, 1540.5443786982248)",Streptococcus,4,4793
"(532.7931034482758, 1581.896551724138)",Streptococcus,4,4794
"(535.5548387096774, 243.14193548387098)",Streptococcus,4,4795
"(539.5632911392405, 932.3544303797469)",Veillonella,4,4796
"(534.5396825396825, 1305.857142857143)",Neisseria,4,4798
"(535.2198581560284, 1903.3262411347519)",Neisseria,4,4799
"(534.7826086956521, 302.7391304347826)",Streptococcus,4,4800
"(535.3157894736842, 338.88421052631577)",Streptococcus,4,4801
"(542.7901785714286, 473.21875)",Veillonella,4,4802
"(539.1420454545455, 685.4488636363636)",Neisseria,4,4803
"(537.0597014925373, 1234.7014925373135)",Treponema,4,4804
"(535.6785714285714, 1521.9642857142858)",Porphyromonas,4,4805
"(538.9133858267717, 1922.5354330708662)",Neisseria,4,4806
"(538.418918918919, 33.45945945945946)",Streptococcus,4,4807
"(538.049504950495, 54.81188118811881)",Streptococcus,4,4808
"(536.5344827586207, 126.1896551724138)",Streptococcus,4,4809
"(535.6181818181818, 315.72727272727275)",Streptococcus,4,4810
"(544.9253731343283, 374.7425373134328)",Treponema,4,4811
"(536.9659090909091, 427.47727272727275)",Selenomonas,4,4812
"(538.3664122137404, 504.7709923664122)",Veillonella,4,4813
"(537.1684210526316, 574.7578947368421)",Veillonella,4,4814
"(536.2456140350877, 965.4122807017544)",Veillonella,4,4815
"(538.6422764227642, 1086.4308943089432)",Neisseria,4,4816
"(536.7978723404256, 1134.787234042553)",Streptococcus,4,4817
"(538.0165289256198, 1191.1818181818182)",Fusobacterium,4,4818
"(536.6417910447761, 1562.8507462686566)",Treponema,4,4819
"(535.2209302325581, 1701.9767441860465)",Streptococcus,4,4820
"(540.3861386138614, 1960.6930693069307)",Treponema,4,4821
"(540.2613636363636, 11.238636363636363)",Streptococcus,4,4822
"(539.7538461538461, 85.94615384615385)",Veillonella,4,4823
"(544.9698275862069, 457.5646551724138)",Neisseria,4,4825
"(537.6363636363636, 803.6233766233767)",Veillonella,4,4826
"(537.1694915254237, 1122.5254237288136)",Capnocytophaga,4,4827
"(537.1149425287356, 1331.8620689655172)",Neisseria,4,4828
"(541.7307692307693, 1990.4615384615386)",Neisseria,4,4829
"(538.8864864864864, 205.67567567567568)",Streptococcus,4,4830
"(540.9939393939394, 626.2484848484848)",Veillonella,4,4832
"(538.1692307692308, 665.6153846153846)",Neisseria,4,4833
"(544.3984375, 1072.5625)",Neisseria,4,4834
"(537.5, 1413.7777777777778)",Streptococcus,4,4835
"(542.0252100840336, 1429.90756302521)",Streptococcus,4,4836
"(541.9014084507043, 1451.0281690140846)",Fusobacterium,4,4837
"(538.056338028169, 1653.5211267605634)",Neisseria,4,4839
"(540.0, 1790.1785714285713)",Treponema,4,4840
"(541.3488372093024, 1817.6976744186047)",Selenomonas,4,4841
"(538.7846153846153, 1879.676923076923)",Treponema,4,4842
"(542.4285714285714, 718.4453781512605)",Veillonella,4,4843
"(540.5670103092783, 840.0927835051547)",Veillonella,4,4844
"(539.7820512820513, 910.6794871794872)",Veillonella,4,4845
"(541.1326530612245, 1361.7244897959183)",Neisseria,4,4846
"(539.3333333333334, 1385.560606060606)",Treponema,4,4847
"(540.952380952381, 1463.607142857143)",Fusobacterium,4,4848
"(542.6703296703297, 1728.7582417582419)",Streptococcus,4,4849
"(539.3220338983051, 1806.322033898305)",Treponema,4,4850
"(541.620253164557, 143.1772151898734)",Streptococcus,4,4851
"(543.9449541284404, 278.86238532110093)",Streptococcus,4,4852
"(543.418439716312, 539.8439716312057)",Veillonella,4,4853
"(541.5826771653543, 788.7637795275591)",Veillonella,4,4854
"(540.2933333333333, 1251.9733333333334)",Fusobacterium,4,4855
"(540.9583333333334, 1631.388888888889)",Streptococcus,4,4856
"(541.3030303030303, 1690.7121212121212)",Streptococcus,4,4857
"(547.6428571428571, 413.57738095238096)",Neisseria,4,4860
"(545.808, 252.904)",Streptococcus,4,4862
"(542.6164383561644, 756.0)",Veillonella,4,4863
"(541.4444444444445, 866.4444444444445)",Veillonella,4,4864
"(543.4252873563219, 984.0)",Actinomyces,4,4865
"(548.0742857142857, 1038.4057142857143)",Neisseria,4,4866
"(543.6181818181818, 1145.2545454545455)",Fusobacterium,4,4867
"(545.171052631579, 1397.078947368421)",Treponema,4,4869
"(541.8727272727273, 1618.8363636363636)",Corynebacterium,4,4870
"(542.6101694915254, 67.10169491525424)",Veillonella,4,4874
"(543.4285714285714, 1099.7714285714285)",Treponema,4,4876
"(544.1760563380282, 1172.380281690141)",Fusobacterium,4,4877
"(542.7254901960785, 1279.6470588235295)",Treponema,4,4878
"(542.5689655172414, 1478.7586206896551)",Porphyromonas,4,4879
"(544.625, 112.875)",Treponema,4,4880
"(552.5027027027027, 175.45945945945945)",Streptococcus,4,4881
"(546.0412371134021, 329.9587628865979)",Streptococcus,4,4882
"(544.5074626865671, 1608.5373134328358)",Streptococcus,4,4884
"(547.4358974358975, 1665.068376068376)",Streptococcus,4,4885
"(547.6078431372549, 1876.8235294117646)",Streptococcus,4,4886
"(548.1089108910891, 161.53465346534654)",Streptococcus,4,4887
"(555.2557251908397, 1001.2958015267176)",Veillonella,4,4888
"(547.8507462686567, 25.238805970149254)",Streptococcus,4,4890
"(551.8490566037735, 193.22641509433961)",Streptococcus,4,4892
"(554.12, 393.896)",Neisseria,4,4893
"(548.1917808219179, 878.7602739726027)",Veillonella,4,4894
"(547.7865168539325, 1021.7977528089888)",Neisseria,4,4895
"(547.4105960264901, 1210.3377483443708)",Treponema,4,4896
"(546.5241935483871, 1506.2903225806451)",Streptococcus,4,4898
"(548.2439024390244, 1560.9756097560976)",Streptococcus,4,4899
"(546.4556962025316, 1589.886075949367)",Streptococcus,4,4901
"(545.9016393442623, 1711.3934426229507)",Streptococcus,4,4902
"(547.3787878787879, 221.43939393939394)",Streptococcus,4,4905
"(553.0508474576271, 604.9435028248588)",Veillonella,4,4908
"(550.8859649122807, 1265.017543859649)",Neisseria,4,4909
"(545.4067796610169, 1298.4237288135594)",Neisseria,4,4910
"(548.4, 1531.19)",Streptococcus,4,4912
"(546.728813559322, 1756.3559322033898)",Fusobacterium,4,4913
"(547.6964285714286, 816.25)",Veillonella,4,4916
"(548.7536231884058, 898.7971014492754)",Veillonella,4,4917
"(547.2424242424242, 957.0909090909091)",Veillonella,4,4918
"(548.734375, 1678.6875)",Streptococcus,4,4920
"(548.1428571428571, 1841.4126984126983)",Treponema,4,4921
"(550.1960784313726, 1977.9803921568628)",Neisseria,4,4922
"(548.74, 319.56)",Streptococcus,4,4923
"(552.0681818181819, 501.82575757575756)",Veillonella,4,4924
"(550.6266666666667, 674.2)",Neisseria,4,4925
"(550.3434343434343, 828.030303030303)",Veillonella,4,4926
"(549.044776119403, 1441.910447761194)",Fusobacterium,4,4927
"(550.9733333333334, 95.50666666666666)",Veillonella,4,4929
"(551.1571428571428, 526.5571428571428)",Veillonella,4,4930
"(549.987012987013, 1129.974025974026)",Streptococcus,4,4933
"(552.2173913043479, 1469.7282608695652)",Streptococcus,4,4934
"(551.6470588235294, 443.921568627451)",Neisseria,4,4936
"(552.4695652173913, 660.2782608695652)",Neisseria,4,4937
"(553.9408866995074, 1323.9014778325122)",Neisseria,4,4939
"(551.4939759036145, 1350.1566265060242)",Neisseria,4,4940
"(554.5675675675676, 1628.9054054054054)",Streptococcus,4,4941
"(550.1153846153846, 1697.9615384615386)",Streptococcus,4,4942
"(553.9406779661017, 1895.5)",Treponema,4,4943
"(553.2765957446809, 430.5851063829787)",Neisseria,4,4944
"(551.4107142857143, 1059.892857142857)",Neisseria,4,4945
"(556.527027027027, 1115.5135135135135)",Selenomonas,4,4946
"(553.0, 1226.5801526717557)",Neisseria,4,4948
"(553.8030303030303, 1824.3939393939395)",Streptococcus,4,4950
"(554.0649350649351, 1866.025974025974)",Streptococcus,4,4951
"(555.5979381443299, 10.969072164948454)",Streptococcus,4,4953
"(555.0610687022901, 80.6412213740458)",Veillonella,4,4954
"(554.1274509803922, 133.90196078431373)",Streptococcus,4,4955
"(554.2142857142857, 1422.357142857143)",Streptococcus,4,4956
"(554.05, 1938.2)",Treponema,4,4958
"(555.9692307692308, 227.3846153846154)",Streptococcus,4,4959
"(554.4736842105264, 298.36842105263156)",Streptococcus,4,4961
"(559.8034188034188, 1080.1965811965813)",Neisseria,4,4963
"(558.9415584415584, 1251.7792207792209)",Neisseria,4,4964
"(558.3586206896551, 1402.8758620689655)",Streptococcus,4,4965
"(554.6119402985074, 1549.9253731343283)",Streptococcus,4,4966
"(555.2098765432099, 57.407407407407405)",Selenomonas,4,4968
"(559.9846153846154, 970.3230769230769)",Veillonella,4,4969
"(556.9759036144578, 1237.6506024096386)",Treponema,4,4970
"(556.9712230215828, 1285.2661870503598)",Neisseria,4,4971
"(554.4406779661017, 1371.2372881355932)",Neisseria,4,4972
"(555.6375, 1385.1875)",Treponema,4,4973
"(558.9384615384615, 1580.5076923076922)",Streptococcus,4,4975
"(557.2, 1650.918181818182)",Streptococcus,4,4977
"(554.054794520548, 1792.6027397260275)",Streptococcus,4,4979
"(555.8888888888889, 1956.0333333333333)",Treponema,4,4980
"(560.7227722772277, 319.0792079207921)",Streptococcus,4,4982
"(558.2222222222222, 760.7916666666666)",Veillonella,4,4983
"(557.8617886178862, 848.8943089430894)",Neisseria,4,4984
"(557.6388888888889, 1458.611111111111)",Streptococcus,4,4985
"(559.6835443037975, 1534.873417721519)",Streptococcus,4,4986
"(555.1884057971015, 1615.9420289855072)",Streptococcus,4,4987
"(557.3396226415094, 113.80188679245283)",Streptococcus,4,4988
"(561.3277310924369, 208.3781512605042)",Streptococcus,4,4989
"(559.7131147540983, 366.8360655737705)",Streptococcus,4,4990
"(559.4589041095891, 807.7876712328767)",Veillonella,4,4991
"(557.3623188405797, 1143.0289855072465)",Treponema,4,4992
"(558.2054794520548, 1161.6575342465753)",Porphyromonas,4,4993
"(559.64, 1481.6666666666667)",Streptococcus,4,4994
"(558.7835051546392, 1512.639175257732)",Streptococcus,4,4995
"(558.5576923076923, 244.23076923076923)",Streptococcus,4,4998
"(559.6989247311828, 685.5806451612904)",Neisseria,4,4999
"(557.6984126984127, 700.7142857142857)",Veillonella,4,5000
"(558.5407407407407, 1100.4962962962964)",Neisseria,4,5001
"(558.2025316455696, 1721.607594936709)",Streptococcus,4,5002
"(561.1066666666667, 1780.6933333333334)",Streptococcus,4,5003
"(558.5431034482758, 1847.2155172413793)",Streptococcus,4,5005
"(561.1304347826087, 403.0869565217391)",Neisseria,4,5006
"(561.3734939759037, 531.710843373494)",Veillonella,4,5007
"(562.0123966942149, 1190.3471074380166)",Veillonella,4,5009
"(558.8771929824561, 1495.5263157894738)",Fusobacterium,4,5010
"(560.0384615384615, 1609.1153846153845)",Treponema,4,5012
"(563.4418604651163, 1709.139534883721)",Streptococcus,4,5013
"(558.8727272727273, 1808.090909090909)",Streptococcus,4,5014
"(562.5747126436781, 1905.1494252873563)",Neisseria,4,5015
"(559.6825396825396, 1925.2698412698412)",Neisseria,4,5016
"(561.2786885245902, 260.7049180327869)",Streptococcus,4,5017
"(561.0096153846154, 740.3365384615385)",Veillonella,4,5018
"(560.3478260869565, 786.8913043478261)",Veillonella,4,5019
"(564.2849462365591, 33.086021505376344)",Streptococcus,4,5020
"(562.5985915492957, 488.7464788732394)",Veillonella,4,5022
"(562.4545454545455, 905.8441558441558)",Veillonella,4,5023
"(561.0990099009902, 952.2079207920792)",Veillonella,4,5024
"(565.5588235294117, 1305.6302521008404)",Neisseria,4,5025
"(562.47, 1364.54)",Treponema,4,5026
"(566.2043795620438, 272.7883211678832)",Streptococcus,4,5028
"(563.6593406593406, 334.967032967033)",Fusobacterium,4,5029
"(566.847619047619, 416.45714285714286)",Neisseria,4,5030
"(563.1125, 827.9625)",Veillonella,4,5031
"(567.3193277310925, 1523.638655462185)",Streptococcus,4,5034
"(566.64, 1544.56)",Streptococcus,4,5035
"(562.75, 1699.4)",Streptococcus,4,5036
"(562.2, 1948.46)",Treponema,4,5037
"(566.0504201680673, 512.7899159663865)",Neisseria,4,5039
"(563.375, 545.1354166666666)",Veillonella,4,5040
"(561.94, 723.44)",Neisseria,4,5041
"(562.984126984127, 888.1904761904761)",Veillonella,4,5042
"(566.7236842105264, 1023.7894736842105)",Veillonella,4,5043
"(562.2876712328767, 1668.6712328767123)",Streptococcus,4,5045
"(563.4333333333333, 1683.5)",Streptococcus,4,5046
"(564.2948717948718, 1770.551282051282)",Streptococcus,4,5047
"(566.72, 1970.68)",Neisseria,4,5048
"(564.9664429530201, 1987.013422818792)",Neisseria,4,5049
"(565.3525179856115, 933.1294964028777)",Fusobacterium,4,5050
"(565.9666666666667, 451.46666666666664)",Neisseria,4,5055
"(566.109756097561, 470.719512195122)",Veillonella,4,5056
"(566.6134453781513, 655.7983193277311)",Neisseria,4,5057
"(564.2236842105264, 1130.421052631579)",Treponema,4,5058
"(565.5901639344262, 1858.8852459016393)",Streptococcus,4,5060
"(564.6935483870968, 1876.1612903225807)",Streptococcus,4,5061
"(565.734375, 123.359375)",Streptococcus,4,5063
"(565.0, 189.84931506849315)",Streptococcus,4,5064
"(565.1694915254237, 288.2881355932203)",Streptococcus,4,5065
"(568.1530612244898, 353.0816326530612)",Streptococcus,4,5066
"(567.4942528735633, 638.2758620689655)",Neisseria,4,5067
"(565.8529411764706, 1267.5441176470588)",Neisseria,4,5068
"(565.6981132075472, 1421.5283018867924)",Neisseria,4,5069
"(565.9423076923077, 1751.6346153846155)",Treponema,4,5071
"(570.1932773109244, 234.07563025210084)",Neisseria,4,5072
"(567.5333333333333, 1058.0111111111112)",Veillonella,4,5073
"(567.2931034482758, 1641.655172413793)",Streptococcus,4,5074
"(566.0806451612904, 1735.1451612903227)",Porphyromonas,4,5075
"(571.8454545454546, 11.018181818181818)",Streptococcus,4,5076
"(568.7411764705882, 102.89411764705882)",Treponema,4,5077
"(570.7934782608696, 143.6086956521739)",Streptococcus,4,5078
"(570.7763157894736, 734.0131578947369)",Veillonella,4,5079
"(568.651376146789, 861.7614678899082)",Veillonella,4,5080
"(572.3069306930693, 892.5445544554456)",Veillonella,4,5081
"(571.9541984732824, 1040.4122137404581)",Veillonella,4,5082
"(573.5263157894736, 159.97368421052633)",Selenomonas,4,5083
"(572.9542483660131, 429.1764705882353)",Neisseria,4,5084
"(570.2558139534884, 672.8720930232558)",Veillonella,4,5085
"(568.639344262295, 691.0)",Veillonella,4,5086
"(575.3208333333333, 1227.8208333333334)",Neisseria,4,5087
"(569.7462686567164, 1472.6119402985075)",Streptococcus,4,5088
"(570.5, 1801.3557692307693)",Streptococcus,4,5091
"(574.890756302521, 52.168067226890756)",Treponema,4,5092
"(575.6502732240438, 313.6775956284153)",Streptococcus,4,5094
"(570.4366197183099, 768.4225352112676)",Veillonella,4,5095
"(575.738775510204, 830.9551020408163)",Veillonella,4,5096
"(571.9010989010989, 984.4615384615385)",Veillonella,4,5097
"(571.625, 1893.236111111111)",Streptococcus,4,5098
"(571.0, 84.35483870967742)",Neisseria,4,5099
"(571.1, 955.9833333333333)",Veillonella,4,5102
"(576.2366863905326, 1169.792899408284)",Treponema,4,5103
"(572.0181818181818, 1370.0181818181818)",Neisseria,4,5104
"(574.0793650793651, 1385.0)",Neisseria,4,5105
"(574.1530612244898, 1492.908163265306)",Fusobacterium,4,5106
"(572.2950819672132, 1917.295081967213)",Treponema,4,5107
"(572.8358208955224, 1942.044776119403)",Treponema,4,5108
"(571.22, 1958.88)",Treponema,4,5109
"(579.1688311688312, 394.038961038961)",Neisseria,4,5110
"(571.7628865979382, 596.0309278350516)",Veillonella,4,5111
"(572.2409638554217, 628.7349397590361)",Neisseria,4,5112
"(572.3536585365854, 1141.560975609756)",Neisseria,4,5113
"(573.3484848484849, 1554.8030303030303)",Streptococcus,4,5116
"(572.0181818181818, 1622.8545454545454)",Fusobacterium,4,5118
"(577.0, 1630.9203539823009)",Streptococcus,4,5119
"(574.75, 1716.4926470588234)",Streptococcus,4,5120
"(577.416149068323, 368.1552795031056)",Selenomonas,4,5123
"(572.1041666666666, 713.28125)",Neisseria,4,5125
"(578.4476744186046, 1005.8779069767442)",Veillonella,4,5126
"(574.6900584795321, 1115.391812865497)",Veillonella,4,5127
"(574.2727272727273, 1601.3636363636363)",Streptococcus,4,5129
"(573.2105263157895, 1676.1754385964912)",Streptococcus,4,5130
"(572.0588235294117, 1817.862745098039)",Streptococcus,4,5131
"(573.68, 1880.18)",Streptococcus,4,5132
"(579.0962962962963, 121.00740740740741)",Veillonella,4,5134
"(574.1969696969697, 777.3787878787879)",Veillonella,4,5135
"(580.0891719745223, 1414.0191082802548)",Streptococcus,4,5137
"(572.9454545454546, 1847.9636363636364)",Streptococcus,4,5138
"(578.2701149425287, 179.70689655172413)",Veillonella,4,5139
"(576.919540229885, 581.4252873563219)",Veillonella,4,5141
"(578.1164383561644, 876.5958904109589)",Veillonella,4,5142
"(576.1344537815127, 1092.0336134453783)",Veillonella,4,5143
"(576.483870967742, 1155.6935483870968)",Porphyromonas,4,5144
"(573.6144578313254, 1275.686746987952)",Neisseria,4,5145
"(580.1699346405229, 1444.8562091503268)",Neisseria,4,5146
"(578.1111111111111, 1694.2136752136753)",Streptococcus,4,5147
"(576.8834951456311, 1833.7378640776699)",Streptococcus,4,5148
"(576.0, 197.03225806451613)",Neisseria,4,5149
"(579.39375, 544.3625)",Veillonella,4,5150
"(575.433734939759, 746.5542168674699)",Veillonella,4,5151
"(576.1700680272108, 1250.3469387755101)",Neisseria,4,5152
"(576.448275862069, 1353.2068965517242)",Neisseria,4,5153
"(578.5895522388059, 1567.1268656716418)",Streptococcus,4,5154
"(582.4811320754717, 1588.6698113207547)",Treponema,4,5155
"(580.8739495798319, 1656.4285714285713)",Streptococcus,4,5156
"(579.8268398268398, 217.9004329004329)",Veillonella,4,5159
"(578.6117647058824, 808.5529411764705)",Veillonella,4,5161
"(580.8029197080292, 1207.5182481751824)",Veillonella,4,5162
"(579.504, 258.032)",Selenomonas,4,5164
"(582.2708333333334, 345.55555555555554)",Streptococcus,4,5166
"(580.6722689075631, 787.5714285714286)",Veillonella,4,5167
"(579.0357142857143, 1332.482142857143)",Neisseria,4,5168
"(577.4705882352941, 1756.4411764705883)",Streptococcus,4,5169
"(581.7763157894736, 1775.4868421052631)",Streptococcus,4,5170
"(581.824427480916, 510.0763358778626)",Neisseria,4,5171
"(579.8814814814815, 701.2074074074075)",Neisseria,4,5172
"(581.1526315789474, 929.8842105263158)",Streptococcus,4,5173
"(578.8521739130434, 1076.286956521739)",Veillonella,4,5174
"(580.1884057971015, 1504.1884057971015)",Fusobacterium,4,5175
"(580.8067226890756, 1534.6554621848738)",Streptococcus,4,5176
"(578.8064516129032, 1790.7903225806451)",Streptococcus,4,5177
"(579.7272727272727, 615.5844155844156)",Neisseria,4,5178
"(581.4647887323944, 668.7887323943662)",Veillonella,4,5179
"(586.8257142857143, 962.98)",Streptococcus,4,5180
"(579.8804347826087, 1314.108695652174)",Neisseria,4,5181
"(581.2325581395348, 1871.7790697674418)",Streptococcus,4,5182
"(583.3033707865169, 1904.370786516854)",Streptococcus,4,5183
"(582.0833333333334, 59.983333333333334)",Selenomonas,4,5185
"(580.1355932203389, 94.96610169491525)",Veillonella,4,5186
"(582.6170212765958, 436.6063829787234)",Neisseria,4,5187
"(580.204081632653, 647.765306122449)",Neisseria,4,5188
"(582.7628865979382, 727.1443298969073)",Neisseria,4,5189
"(581.109243697479, 1060.1176470588234)",Veillonella,4,5190
"(587.0912052117263, 1187.2475570032573)",Streptococcus,4,5191
"(586.3865979381443, 1286.0515463917525)",Neisseria,4,5192
"(581.5373134328358, 1396.8059701492537)",Treponema,4,5193
"(584.6402877697842, 1739.978417266187)",Streptococcus,4,5194
"(585.7216494845361, 1915.9484536082475)",Treponema,4,5195
"(584.1641791044776, 454.0820895522388)",Veillonella,4,5196
"(587.1, 682.5727272727273)",Neisseria,4,5197
"(581.9325842696629, 1462.5393258426966)",Capnocytophaga,4,5198
"(582.2941176470588, 1815.1568627450981)",Streptococcus,4,5199
"(586.3877551020408, 1929.0340136054422)",Treponema,4,5200
"(582.9516129032259, 26.596774193548388)",Streptococcus,4,5201
"(583.1975308641976, 78.28395061728395)",Veillonella,4,5202
"(584.1940298507462, 525.5223880597015)",Veillonella,4,5204
"(585.8649789029536, 856.9071729957806)",Veillonella,4,5205
"(583.8181818181819, 1366.801652892562)",Neisseria,4,5206
"(587.5132743362832, 1475.8318584070796)",Streptococcus,4,5207
"(582.9814814814815, 1953.6666666666667)",Neisseria,4,5208
"(583.0, 1967.077922077922)",Neisseria,4,5209
"(588.1734693877551, 11.061224489795919)",Streptococcus,4,5210
"(585.3604651162791, 299.3255813953488)",Streptococcus,4,5211
"(589.176, 414.584)",Neisseria,4,5212
"(589.7333333333333, 490.09090909090907)",Veillonella,4,5213
"(587.18, 1605.18)",Treponema,4,5215
"(583.84, 1670.02)",Streptococcus,4,5216
"(585.8378378378378, 1826.2702702702702)",Streptococcus,4,5217
"(583.9411764705883, 563.7450980392157)",Veillonella,4,5218
"(585.2247191011236, 602.6966292134831)",Neisseria,4,5219
"(588.2924528301887, 902.5849056603773)",Veillonella,4,5220
"(587.8163265306123, 1614.469387755102)",Treponema,4,5221
"(585.4647887323944, 1644.1549295774648)",Streptococcus,4,5222
"(585.566265060241, 1682.855421686747)",Streptococcus,4,5223
"(585.3396226415094, 1703.5471698113208)",Streptococcus,4,5224
"(585.52, 1803.3)",Streptococcus,4,5225
"(586.5373134328358, 242.23880597014926)",Veillonella,4,5226
"(587.4228571428572, 1239.5142857142857)",Neisseria,4,5227
"(585.253164556962, 1851.5949367088608)",Streptococcus,4,5228
"(589.0775862068965, 1888.8362068965516)",Streptococcus,4,5229
"(588.9864864864865, 109.85810810810811)",Veillonella,4,5230
"(587.7777777777778, 990.679012345679)",Neisseria,4,5231
"(589.5149253731344, 1026.4253731343283)",Neisseria,4,5232
"(587.4285714285714, 1044.5857142857142)",Veillonella,4,5233
"(586.7966101694915, 1306.050847457627)",Neisseria,4,5234
"(588.9428571428572, 1943.9714285714285)",Neisseria,4,5235
"(591.4692737430167, 1114.1620111731843)",Veillonella,4,5236
"(591.2898550724638, 1511.0072463768115)",Fusobacterium,4,5237
"(587.4615384615385, 1549.025641025641)",Streptococcus,4,5239
"(588.5932203389831, 40.57627118644068)",Porphyromonas,4,5241
"(591.2765957446809, 137.3404255319149)",Veillonella,4,5242
"(591.5827338129496, 321.41726618705036)",Streptococcus,4,5243
"(590.9304347826087, 469.5913043478261)",Streptococcus,4,5244
"(589.0921052631579, 625.3421052631579)",Neisseria,4,5245
"(589.5384615384615, 1327.876923076923)",Neisseria,4,5247
"(595.2478260869565, 1348.8826086956522)",Neisseria,4,5248
"(589.7555555555556, 278.9555555555556)",Streptococcus,4,5249
"(592.4947368421052, 381.0)",Veillonella,4,5250
"(592.4918032786885, 580.5655737704918)",Veillonella,4,5251
"(589.0338983050848, 833.8474576271186)",Veillonella,4,5252
"(590.4054054054054, 892.1621621621622)",Veillonella,4,5253
"(596.064705882353, 1487.4823529411765)",Fusobacterium,4,5254
"(591.5865384615385, 1714.8557692307693)",Streptococcus,4,5255
"(591.709090909091, 290.56363636363636)",Streptococcus,4,5257
"(591.6666666666666, 536.1388888888889)",Veillonella,4,5258
"(594.6263736263736, 795.8571428571429)",Veillonella,4,5259
"(591.6338028169014, 1093.2112676056338)",Veillonella,4,5260
"(591.3298969072165, 1261.0)",Neisseria,4,5261
"(593.520325203252, 1430.341463414634)",Treponema,4,5262
"(592.2027027027027, 64.86486486486487)",Selenomonas,4,5263
"(596.0396825396825, 170.85714285714286)",Veillonella,4,5264
"(591.0641025641025, 647.2564102564103)",Neisseria,4,5265
"(593.3013698630137, 696.5753424657535)",Neisseria,4,5266
"(592.5735294117648, 1754.1911764705883)",Corynebacterium,4,5268
"(597.6504854368932, 637.6990291262136)",Veillonella,4,5270
"(596.5147928994082, 717.094674556213)",Neisseria,4,5271
"(597.2105263157895, 1145.4269005847952)",Neisseria,4,5272
"(593.15625, 1210.9375)",Veillonella,4,5273
"(593.5, 1975.3103448275863)",Neisseria,4,5275
"(593.9823008849557, 258.929203539823)",Neisseria,4,5276
"(593.6034482758621, 364.2068965517241)",Streptococcus,4,5277
"(599.8947368421053, 933.9824561403509)",Treponema,4,5278
"(594.2297297297297, 1388.162162162162)",Neisseria,4,5280
"(593.0, 1875.3396226415093)",Streptococcus,4,5282
"(597.1684210526316, 89.18947368421053)",Neisseria,4,5283
"(596.9519230769231, 595.7307692307693)",Veillonella,4,5284
"(596.8831168831168, 1078.3181818181818)",Veillonella,4,5286
"(595.7054794520548, 1572.4657534246576)",Treponema,4,5287
"(596.5538461538462, 1859.123076923077)",Streptococcus,4,5288
"(600.0420168067227, 51.30252100840336)",Streptococcus,4,5289
"(597.4536082474227, 151.97938144329896)",Veillonella,4,5290
"(595.3703703703703, 354.3888888888889)",Fusobacterium,4,5291
"(596.4615384615385, 503.46153846153845)",Veillonella,4,5292
"(596.4328358208955, 661.6865671641791)",Neisseria,4,5293
"(597.2380952380952, 783.0714285714286)",Neisseria,4,5294
"(604.7882352941176, 1318.770588235294)",Neisseria,4,5295
"(596.0307692307692, 1633.5692307692307)",Streptococcus,4,5296
"(597.4615384615385, 1663.6703296703297)",Streptococcus,4,5297
"(600.0165289256198, 1811.2148760330579)",Streptococcus,4,5299
"(596.2931034482758, 1902.1379310344828)",Treponema,4,5300
"(596.75, 1961.1617647058824)",Neisseria,4,5301
"(603.0685714285714, 1992.9714285714285)",Neisseria,4,5302
"(599.6857142857143, 408.2761904761905)",Neisseria,4,5303
"(598.0175438596491, 519.438596491228)",Streptococcus,4,5304
"(596.0689655172414, 610.9655172413793)",Veillonella,4,5305
"(600.2877697841726, 920.6546762589928)",Selenomonas,4,5306
"(598.1238095238095, 1165.8857142857144)",Neisseria,4,5307
"(601.75, 1225.25)",Veillonella,4,5308
"(600.1382978723404, 1404.622340425532)",Neisseria,4,5309
"(596.4035087719299, 1620.877192982456)",Treponema,4,5310
"(598.7272727272727, 1840.8181818181818)",Streptococcus,4,5311
"(601.2045454545455, 228.96212121212122)",Veillonella,4,5313
"(601.9127906976744, 339.4651162790698)",Streptococcus,4,5314
"(603.1963190184049, 566.7852760736197)",Veillonella,4,5315
"(599.9823008849557, 1062.8230088495575)",Veillonella,4,5316
"(600.24, 27.293333333333333)",Streptococcus,4,5319
"(600.078125, 187.625)",Veillonella,4,5320
"(600.044776119403, 300.3134328358209)",Streptococcus,4,5321
"(598.9354838709677, 1102.8709677419354)",Veillonella,4,5322
"(602.5384615384615, 1255.972027972028)",Neisseria,4,5323
"(600.4666666666667, 1443.5523809523809)",Neisseria,4,5324
"(599.09375, 1462.1979166666667)",Neisseria,4,5325
"(598.2666666666667, 1545.5666666666666)",Streptococcus,4,5326
"(599.3833333333333, 1681.3666666666666)",Streptococcus,4,5327
"(598.8958333333334, 1738.1979166666667)",Streptococcus,4,5328
"(601.2535211267606, 10.591549295774648)",Streptococcus,4,5330
"(602.144578313253, 265.8192771084337)",Selenomonas,4,5332
"(604.0, 366.9864864864865)",Saccharibacteria,4,5333
"(598.6781609195402, 853.6321839080459)",Veillonella,4,5334
"(599.34, 1652.36)",Capnocytophaga,4,5335
"(600.6632653061224, 1698.704081632653)",Streptococcus,4,5336
"(602.375, 100.9625)",Neisseria,4,5337
"(606.2886597938144, 120.88144329896907)",Veillonella,4,5338
"(601.3153153153153, 830.1801801801802)",Veillonella,4,5340
"(608.5074626865671, 953.0398009950248)",Streptococcus,4,5341
"(602.672131147541, 285.9016393442623)",Treponema,4,5342
"(605.78, 550.48)",Veillonella,4,5344
"(602.2159090909091, 997.0454545454545)",Veillonella,4,5345
"(601.6279069767442, 1590.6046511627908)",Neisseria,4,5346
"(602.4, 1720.04)",Streptococcus,4,5347
"(602.367088607595, 1770.9746835443038)",Streptococcus,4,5348
"(605.3469387755102, 204.0)",Veillonella,4,5349
"(605.0243902439024, 397.8780487804878)",Neisseria,4,5350
"(605.6708860759494, 658.4177215189874)",Neisseria,4,5351
"(603.6224489795918, 872.0612244897959)",Veillonella,4,5352
"(606.1578947368421, 1202.1637426900584)",Neisseria,4,5354
"(602.96, 1920.1466666666668)",Treponema,4,5356
"(603.4597701149426, 1939.7701149425288)",Selenomonas,4,5357
"(608.8368794326241, 244.6595744680851)",Veillonella,4,5358
"(608.1145038167939, 981.8396946564885)",Veillonella,4,5359
"(605.0576923076923, 1024.5641025641025)",Veillonella,4,5360
"(606.2595419847328, 1049.7404580152672)",Veillonella,4,5361
"(607.0927835051547, 1423.2371134020618)",Neisseria,4,5363
"(612.5, 1529.6021505376343)",Treponema,4,5364
"(605.4615384615385, 1831.4615384615386)",Streptococcus,4,5365
"(607.5164835164835, 71.75824175824175)",Selenomonas,4,5367
"(607.0396825396825, 682.0793650793651)",Veillonella,4,5369
"(606.9764705882353, 1175.5647058823529)",Neisseria,4,5370
"(607.439024390244, 1275.1463414634147)",Selenomonas,4,5371
"(604.5714285714286, 1514.0)",Streptococcus,4,5373
"(613.9278350515464, 1560.0773195876288)",Treponema,4,5374
"(606.4307692307692, 163.01538461538462)",Veillonella,4,5377
"(605.125, 315.25)",Streptococcus,4,5378
"(605.8076923076923, 484.9423076923077)",Porphyromonas,4,5379
"(608.5454545454545, 1290.7272727272727)",Selenomonas,4,5381
"(607.1290322580645, 1340.8225806451612)",Neisseria,4,5382
"(611.5961538461538, 1374.7038461538461)",Neisseria,4,5383
"(610.7873563218391, 1601.2758620689656)",Neisseria,4,5384
"(609.3211009174312, 1789.9816513761468)",Streptococcus,4,5385
"(608.820895522388, 1857.4626865671642)",Streptococcus,4,5386
"(617.2086614173228, 1875.5984251968505)",Neisseria,4,5387
"(607.8181818181819, 38.24242424242424)",Streptococcus,4,5388
"(610.8072289156627, 275.27710843373495)",Streptococcus,4,5389
"(607.0677966101695, 910.0508474576271)",Veillonella,4,5390
"(609.0895522388059, 936.6567164179105)",Streptococcus,4,5391
"(609.2095238095238, 136.73333333333332)",Veillonella,4,5396
"(611.404958677686, 1496.5371900826447)",Neisseria,4,5397
"(608.515625, 1545.859375)",Streptococcus,4,5398
"(607.972602739726, 1644.3150684931506)",Treponema,4,5399
"(609.0, 967.367088607595)",Veillonella,4,5401
"(611.3620689655172, 1248.0172413793102)",Fusobacterium,4,5402
"(608.74, 1820.88)",Porphyromonas,4,5403
"(612.6138613861386, 1903.8118811881188)",Treponema,4,5404
"(607.5666666666667, 1951.3333333333333)",Neisseria,4,5405
"(611.325, 769.95)",Neisseria,4,5408
"(610.7428571428571, 896.9428571428572)",Veillonella,4,5409
"(614.7559055118111, 1470.4960629921259)",Neisseria,4,5410
"(610.7, 1618.0833333333333)",Treponema,4,5411
"(609.7543859649123, 1730.0526315789473)",Fusobacterium,4,5413
"(612.9759036144578, 1970.6385542168675)",Neisseria,4,5415
"(614.5148514851485, 11.653465346534654)",Streptococcus,4,5416
"(611.5762711864406, 304.3050847457627)",Streptococcus,4,5417
"(611.8705882352941, 378.50588235294117)",Veillonella,4,5418
"(614.0, 527.1437908496732)",Veillonella,4,5419
"(611.4744525547445, 850.2262773722628)",Veillonella,4,5420
"(610.8461538461538, 1116.2937062937062)",Veillonella,4,5421
"(613.7837837837837, 1333.0945945945946)",Neisseria,4,5423
"(612.9444444444445, 1449.6851851851852)",Neisseria,4,5424
"(613.7831325301205, 1576.9759036144578)",Treponema,4,5425
"(614.6046511627907, 1845.953488372093)",Streptococcus,4,5427
"(612.1636363636363, 1910.0545454545454)",Treponema,4,5428
"(616.9139784946236, 217.7311827956989)",Veillonella,4,5431
"(617.0961538461538, 335.0833333333333)",Streptococcus,4,5432
"(619.5555555555555, 788.2539682539683)",Veillonella,4,5433
"(615.4333333333333, 1032.3444444444444)",Veillonella,4,5434
"(621.009009009009, 1159.9864864864865)",Streptococcus,4,5435
"(613.8064516129032, 185.4516129032258)",Veillonella,4,5437
"(615.396694214876, 580.9338842975206)",Veillonella,4,5438
"(613.8181818181819, 642.8585858585859)",Neisseria,4,5439
"(618.362831858407, 884.6106194690266)",Veillonella,4,5440
"(615.5673076923077, 1078.076923076923)",Veillonella,4,5441
"(615.4939759036145, 1455.8313253012047)",Neisseria,4,5442
"(615.6031746031746, 1661.1746031746031)",Treponema,4,5443
"(618.0111731843575, 1691.5418994413408)",Streptococcus,4,5444
"(614.9247311827957, 1927.8602150537633)",Treponema,4,5445
"(617.6224489795918, 56.43877551020408)",Streptococcus,4,5446
"(618.4078947368421, 172.56578947368422)",Veillonella,4,5447
"(616.209756097561, 812.2731707317073)",Veillonella,4,5449
"(615.7, 1198.9)",Treponema,4,5450
"(621.6142131979695, 1214.979695431472)",Veillonella,4,5451
"(615.74, 407.68)",Neisseria,4,5452
"(622.5853658536586, 701.9560975609756)",Veillonella,4,5454
"(619.556338028169, 830.0281690140845)",Veillonella,4,5456
"(618.4795918367347, 1096.0102040816328)",Veillonella,4,5457
"(616.1585365853658, 1142.4268292682927)",Veillonella,4,5458
"(616.7727272727273, 1393.715909090909)",Neisseria,4,5459
"(618.5058823529412, 1715.5588235294117)",Streptococcus,4,5460
"(618.5970149253732, 1818.4328358208954)",Streptococcus,4,5461
"(617.7341772151899, 1947.8987341772151)",Treponema,4,5462
"(617.2, 1354.876923076923)",Neisseria,4,5464
"(618.1139240506329, 1436.6455696202531)",Neisseria,4,5465
"(617.6415094339623, 1650.2075471698113)",Porphyromonas,4,5466
"(616.36, 1834.5)",Streptococcus,4,5468
"(618.9276315789474, 86.53289473684211)",Veillonella,4,5470
"(620.2682926829268, 152.78861788617886)",Veillonella,4,5471
"(617.1785714285714, 261.7857142857143)",Streptococcus,4,5472
"(617.6607142857143, 296.5)",Fusobacterium,4,5473
"(619.9054054054054, 596.3378378378378)",Veillonella,4,5475
"(617.4528301886793, 867.5849056603773)",Veillonella,4,5476
"(620.1165048543689, 1181.5436893203882)",Neisseria,4,5477
"(623.2527472527472, 1232.9450549450548)",Veillonella,4,5478
"(618.2727272727273, 1484.0)",Neisseria,4,5479
"(622.7260273972603, 610.6849315068494)",Veillonella,4,5480
"(621.4538461538461, 654.6076923076923)",Neisseria,4,5481
"(622.9421965317919, 676.4219653179191)",Neisseria,4,5482
"(623.4047619047619, 1896.5059523809523)",Neisseria,4,5484
"(619.8474576271186, 34.05084745762712)",Corynebacterium,4,5485
"(619.140350877193, 359.9298245614035)",Saccharibacteria,4,5487
"(620.53125, 721.1875)",Veillonella,4,5488
"(625.719696969697, 1405.3257575757575)",Neisseria,4,5490
"(620.4086021505376, 1512.1612903225807)",Neisseria,4,5491
"(622.8536585365854, 1636.39837398374)",Treponema,4,5492
"(627.3809523809524, 279.4835164835165)",Streptococcus,4,5493
"(623.6478873239437, 320.36619718309856)",Fusobacterium,4,5494
"(621.3614457831326, 1004.1325301204819)",Veillonella,4,5495
"(621.6071428571429, 1051.732142857143)",Veillonella,4,5496
"(624.3619047619047, 1541.6190476190477)",Treponema,4,5497
"(621.2380952380952, 1674.126984126984)",Treponema,4,5498
"(623.7906976744187, 232.59302325581396)",Veillonella,4,5499
"(622.8486842105264, 909.9605263157895)",Veillonella,4,5500
"(622.4090909090909, 1734.7272727272727)",Streptococcus,4,5501
"(625.5546218487395, 376.97478991596637)",Neisseria,4,5503
"(622.9325842696629, 1066.752808988764)",Veillonella,4,5504
"(624.5591397849462, 1287.5591397849462)",Fusobacterium,4,5505
"(625.3260869565217, 1618.6521739130435)",Neisseria,4,5507
"(627.9111111111112, 541.6888888888889)",Veillonella,4,5511
"(625.5822784810126, 945.8037974683544)",Veillonella,4,5512
"(624.0923076923077, 969.6307692307693)",Veillonella,4,5513
"(628.2442748091603, 1125.5725190839694)",Veillonella,4,5514
"(626.2, 1304.0)",Treponema,4,5515
"(628.8482758620689, 1664.6)",Treponema,4,5516
"(625.7432432432432, 1749.1824324324325)",Streptococcus,4,5517
"(628.8314606741573, 1861.4943820224719)",Streptococcus,4,5518
"(627.3536585365854, 869.670731707317)",Veillonella,4,5519
"(626.1937984496124, 928.4108527131783)",Veillonella,4,5520
"(627.1397849462365, 984.8279569892474)",Veillonella,4,5521
"(627.4642857142857, 1108.544642857143)",Veillonella,4,5522
"(628.6455696202531, 1344.2911392405063)",Neisseria,4,5523
"(636.005076142132, 1763.6802030456852)",Streptococcus,4,5524
"(626.3255813953489, 1995.139534883721)",Treponema,4,5525
"(628.9285714285714, 131.05714285714285)",Veillonella,4,5526
"(631.1052631578947, 597.5175438596491)",Veillonella,4,5527
"(627.0641025641025, 1268.128205128205)",Veillonella,4,5528
"(628.9126984126984, 1572.904761904762)",Neisseria,4,5529
"(637.93536121673, 1781.1749049429657)",Selenomonas,4,5530
"(627.5333333333333, 1800.4666666666667)",Neisseria,4,5531
"(633.7417582417582, 71.6978021978022)",Veillonella,4,5532
"(628.4330708661417, 400.2755905511811)",Veillonella,4,5533
"(638.2824858757062, 579.1242937853108)",Veillonella,4,5535
"(634.9242424242424, 718.1666666666666)",Neisseria,4,5536
"(629.7395833333334, 754.78125)",Veillonella,4,5537
"(628.0, 769.8450704225352)",Veillonella,4,5538
"(628.0, 1256.0)",Veillonella,4,5539
"(631.8333333333334, 1419.982456140351)",Neisseria,4,5540
"(630.1190476190476, 1491.7261904761904)",Neisseria,4,5542
"(628.4150943396227, 1919.4905660377358)",Selenomonas,4,5543
"(631.0833333333334, 30.27777777777778)",Streptococcus,4,5544
"(628.8636363636364, 46.71212121212121)",Corynebacterium,4,5545
"(633.9514563106796, 115.0)",Veillonella,4,5546
"(632.1520737327189, 901.7880184331797)",Veillonella,4,5547
"(628.9846153846154, 1360.7692307692307)",Neisseria,4,5548
"(632.7416666666667, 1592.3916666666667)",Treponema,4,5549
"(630.2232142857143, 1981.7232142857142)",Neisseria,4,5550
"(631.8392857142857, 11.017857142857142)",Streptococcus,4,5551
"(631.1641791044776, 102.95522388059702)",Veillonella,4,5552
"(635.188679245283, 223.25943396226415)",Veillonella,4,5553
"(631.1452991452992, 250.73504273504273)",Veillonella,4,5554
"(634.812834224599, 350.4812834224599)",Selenomonas,4,5555
"(630.2173913043479, 530.8985507246376)",Veillonella,4,5556
"(634.6810810810811, 1377.464864864865)",Neisseria,4,5557
"(631.2413793103449, 1808.9655172413793)",Neisseria,4,5560
"(630.7103448275863, 1830.8)",Treponema,4,5561
"(630.9159663865546, 1945.5210084033613)",Streptococcus,4,5562
"(633.28, 299.736)",Streptococcus,4,5563
"(633.2015503875969, 1021.5658914728682)",Veillonella,4,5564
"(637.9808612440191, 1454.8133971291866)",Neisseria,4,5565
"(634.2038834951456, 1847.2135922330096)",Streptococcus,4,5566
"(633.8791208791209, 332.68131868131866)",Selenomonas,4,5568
"(636.4137931034483, 1135.5086206896551)",Veillonella,4,5569
"(633.3157894736842, 1244.9736842105262)",Neisseria,4,5570
"(633.9752066115702, 1329.0743801652893)",Neisseria,4,5571
"(632.4102564102565, 1706.3589743589744)",Streptococcus,4,5573
"(636.7870370370371, 959.0324074074074)",Veillonella,4,5574
"(634.1488095238095, 1044.767857142857)",Veillonella,4,5575
"(634.8630136986301, 1501.3287671232877)",Neisseria,4,5576
"(638.5972850678733, 1516.4570135746606)",Neisseria,4,5577
"(633.7543859649123, 1556.5087719298247)",Selenomonas,4,5578
"(633.8518518518518, 1717.8703703703704)",Streptococcus,4,5579
"(636.7416666666667, 640.575)",Neisseria,4,5580
"(635.8169934640523, 1070.764705882353)",Veillonella,4,5581
"(634.7, 1687.6444444444444)",Streptococcus,4,5583
"(636.9876543209876, 1962.9012345679012)",Neisseria,4,5584
"(635.622641509434, 91.0377358490566)",Veillonella,4,5585
"(637.4630872483222, 660.496644295302)",Neisseria,4,5586
"(637.1782178217821, 822.8316831683169)",Veillonella,4,5587
"(635.2674418604652, 1730.953488372093)",Streptococcus,4,5588
"(638.5230769230769, 1927.8153846153846)",Treponema,4,5589
"(638.258064516129, 780.8306451612904)",Veillonella,4,5590
"(640.7857142857143, 1435.090909090909)",Neisseria,4,5593
"(639.7608695652174, 1631.945652173913)",Neisseria,4,5594
"(638.453488372093, 1648.9883720930231)",Neisseria,4,5595
"(643.3101265822785, 683.1582278481013)",Neisseria,4,5597
"(641.1333333333333, 750.3444444444444)",Neisseria,4,5598
"(641.207468879668, 844.7593360995851)",Veillonella,4,5599
"(642.7813765182186, 1160.5384615384614)",Streptococcus,4,5600
"(638.7424242424242, 1305.560606060606)",Treponema,4,5601
"(638.8461538461538, 144.64835164835165)",Neisseria,4,5602
"(638.5084745762712, 1618.4406779661017)",Neisseria,4,5603
"(645.2739726027397, 1871.2534246575342)",Streptococcus,4,5604
"(644.5043478260869, 10.539130434782608)",Capnocytophaga,4,5605
"(642.6122448979592, 324.5816326530612)",Veillonella,4,5606
"(644.175572519084, 418.60305343511453)",Veillonella,4,5607
"(640.3134328358209, 923.6716417910447)",Veillonella,4,5608
"(642.8975903614457, 1008.8915662650602)",Veillonella,4,5609
"(642.9156626506024, 1407.4939759036145)",Neisseria,4,5610
"(644.3267973856209, 1545.6078431372548)",Neisseria,4,5612
"(645.1328671328671, 1888.5454545454545)",Neisseria,4,5613
"(644.9739130434782, 1179.7739130434782)",Veillonella,4,5614
"(643.4018691588785, 1205.392523364486)",Veillonella,4,5615
"(643.3965517241379, 1474.5)",Neisseria,4,5616
"(643.6666666666666, 1485.6172839506173)",Neisseria,4,5617
"(642.125, 1902.109375)",Neisseria,4,5618
"(644.8051282051282, 49.6)",Veillonella,4,5620
"(647.083870967742, 436.50967741935483)",Veillonella,4,5621
"(642.9545454545455, 620.1363636363636)",Veillonella,4,5622
"(641.46, 887.26)",Veillonella,4,5624
"(641.8703703703703, 1293.7222222222222)",Streptococcus,4,5625
"(641.3, 1574.5)",Neisseria,4,5626
"(643.6724137931035, 1818.051724137931)",Neisseria,4,5627
"(647.6355140186915, 1857.1214953271028)",Streptococcus,4,5628
"(643.179104477612, 1996.134328358209)",Streptococcus,4,5629
"(646.860655737705, 370.38524590163934)",Streptococcus,4,5630
"(643.7951807228916, 403.2530120481928)",Neisseria,4,5631
"(644.4516129032259, 937.5419354838709)",Veillonella,4,5632
"(649.0441988950276, 1119.486187845304)",Veillonella,4,5633
"(643.8115942028985, 1226.7536231884058)",Selenomonas,4,5634
"(645.3770491803278, 158.87704918032787)",Veillonella,4,5636
"(646.7338129496403, 261.6115107913669)",Streptococcus,4,5637
"(644.7841726618705, 280.27338129496405)",Neisseria,4,5638
"(647.3846153846154, 1656.3461538461538)",Neisseria,4,5640
"(643.9, 1694.62)",Streptococcus,4,5641
"(650.247311827957, 1738.0)",Streptococcus,4,5642
"(644.3333333333334, 1797.6166666666666)",Neisseria,4,5643
"(644.4646464646464, 1943.4444444444443)",Corynebacterium,4,5644
"(646.0891089108911, 237.21782178217822)",Veillonella,4,5645
"(653.5538461538462, 707.4846153846154)",Neisseria,4,5646
"(646.644578313253, 1095.9277108433735)",Veillonella,4,5648
"(645.2164948453608, 1270.6082474226805)",Fusobacterium,4,5649
"(646.1111111111111, 1564.3333333333333)",Neisseria,4,5651
"(644.9857142857143, 1676.8428571428572)",Streptococcus,4,5652
"(646.2553191489362, 1837.595744680851)",Treponema,4,5653
"(653.9533333333334, 67.73333333333333)",Veillonella,4,5654
"(648.4444444444445, 467.3425925925926)",Neisseria,4,5655
"(648.922077922078, 298.05194805194805)",Fusobacterium,4,5656
"(650.96875, 773.4166666666666)",Neisseria,4,5657
"(646.6486486486486, 1038.662162162162)",Neisseria,4,5658
"(650.1056910569106, 1239.69918699187)",Capnocytophaga,4,5659
"(649.2982456140351, 1321.578947368421)",Neisseria,4,5660
"(648.9855072463768, 1353.5797101449275)",Neisseria,4,5661
"(651.0263157894736, 1703.421052631579)",Streptococcus,4,5662
"(653.8, 312.96666666666664)",Veillonella,4,5663
"(650.9333333333333, 695.0444444444445)",Veillonella,4,5664
"(651.1, 798.6545454545454)",Veillonella,4,5665
"(648.9571428571429, 903.4571428571429)",Veillonella,4,5666
"(649.6091954022988, 1056.816091954023)",Veillonella,4,5667
"(650.2421052631579, 1289.7052631578947)",Streptococcus,4,5668
"(650.4, 1638.9)",Neisseria,4,5671
"(653.1263157894737, 1667.6105263157895)",Streptococcus,4,5672
"(649.961038961039, 1719.6623376623377)",Streptococcus,4,5673
"(655.59375, 1757.421875)",Streptococcus,4,5674
"(654.9575757575758, 28.484848484848484)",Neisseria,4,5675
"(652.5072463768116, 104.04347826086956)",Veillonella,4,5676
"(652.0120481927711, 127.37349397590361)",Veillonella,4,5677
"(652.4175824175824, 1420.3846153846155)",Neisseria,4,5679
"(651.6266666666667, 1461.7733333333333)",Neisseria,4,5680
"(652.6063829787234, 177.5212765957447)",Veillonella,4,5681
"(652.2931034482758, 190.56034482758622)",Veillonella,4,5682
"(652.225, 598.225)",Veillonella,4,5683
"(652.4652777777778, 866.6319444444445)",Neisseria,4,5684
"(654.8761904761905, 1192.8095238095239)",Veillonella,4,5685
"(654.6516129032258, 1224.3806451612904)",Fusobacterium,4,5686
"(653.5, 1910.5)",Neisseria,4,5688
"(651.1652892561983, 1963.2892561983472)",Streptococcus,4,5689
"(654.29, 86.35)",Neisseria,4,5690
"(652.9518072289156, 666.5180722891566)",Neisseria,4,5691
"(657.1848739495798, 1030.4117647058824)",Veillonella,4,5692
"(660.5064935064935, 1141.737012987013)",Porphyromonas,4,5693
"(662.1421800947867, 1515.7014218009479)",Neisseria,4,5694
"(652.6, 1590.7655172413793)",Neisseria,4,5695
"(658.0608695652174, 422.1391304347826)",Porphyromonas,4,5696
"(655.616, 526.584)",Veillonella,4,5697
"(655.5752212389381, 638.29203539823)",Veillonella,4,5698
"(657.5323741007194, 968.5611510791367)",Veillonella,4,5699
"(655.3700787401575, 998.992125984252)",Veillonella,4,5700
"(658.5103448275862, 1160.9379310344827)",Streptococcus,4,5701
"(658.5289855072464, 580.5)",Veillonella,4,5702
"(654.4761904761905, 727.3690476190476)",Veillonella,4,5703
"(655.2887323943662, 886.8802816901408)",Veillonella,4,5704
"(658.9929577464789, 1365.056338028169)",Neisseria,4,5705
"(655.4137931034483, 1407.9655172413793)",Neisseria,4,5706
"(654.7051282051282, 1930.948717948718)",Treponema,4,5707
"(657.4338235294117, 747.0588235294117)",Veillonella,4,5709
"(661.1691176470588, 836.6102941176471)",Veillonella,4,5710
"(661.3274336283185, 954.9557522123894)",Veillonella,4,5711
"(657.1688311688312, 1994.9610389610389)",Streptococcus,4,5713
"(658.2891986062717, 343.3379790940767)",Veillonella,4,5714
"(659.0, 507.53333333333336)",Veillonella,4,5715
"(657.9196428571429, 915.0714285714286)",Veillonella,4,5716
"(663.2290748898679, 1303.819383259912)",Fusobacterium,4,5717
"(655.875, 1434.7625)",Neisseria,4,5719
"(655.1730769230769, 1807.7115384615386)",Neisseria,4,5721
"(665.0502793296089, 9.659217877094973)",Veillonella,4,5722
"(657.483870967742, 221.28387096774193)",Veillonella,4,5723
"(659.8954248366013, 819.9934640522875)",Veillonella,4,5724
"(661.5921052631579, 1386.157894736842)",Neisseria,4,5725
"(659.8352941176471, 1573.0588235294117)",Treponema,4,5728
"(655.8305084745763, 1829.3559322033898)",Treponema,4,5729
"(661.81875, 247.31875)",Streptococcus,4,5730
"(660.0722891566265, 265.1927710843373)",Selenomonas,4,5731
"(657.7936507936508, 1491.7301587301588)",Neisseria,4,5733
"(659.75, 1948.0)",Treponema,4,5737
"(662.5401069518716, 290.1016042780749)",Veillonella,4,5738
"(662.7714285714286, 852.3785714285714)",Veillonella,4,5739
"(658.9122807017544, 943.0438596491229)",Veillonella,4,5740
"(661.528, 1280.944)",Treponema,4,5741
"(659.1052631578947, 1556.280701754386)",Neisseria,4,5743
"(657.8082191780821, 1684.4383561643835)",Streptococcus,4,5744
"(660.7361111111111, 1708.125)",Treponema,4,5745
"(660.2834645669292, 615.2677165354331)",Veillonella,4,5747
"(660.4050632911392, 983.1898734177215)",Veillonella,4,5748
"(662.255172413793, 1264.9931034482759)",Streptococcus,4,5749
"(660.9565217391304, 1613.5072463768115)",Neisseria,4,5750
"(660.3137254901961, 1627.4313725490197)",Selenomonas,4,5751
"(659.474358974359, 1878.8076923076924)",Streptococcus,4,5752
"(661.0909090909091, 142.9090909090909)",Veillonella,4,5753
"(662.3529411764706, 398.578431372549)",Streptococcus,4,5754
"(665.7834394904459, 454.71337579617835)",Capnocytophaga,4,5755
"(668.0, 492.3563829787234)",Veillonella,4,5756
"(660.719298245614, 763.9649122807018)",Neisseria,4,5757
"(662.1935483870968, 1532.3655913978494)",Neisseria,4,5759
"(661.8714285714286, 1722.2285714285715)",Neisseria,4,5760
"(661.283950617284, 1791.851851851852)",Neisseria,4,5761
"(664.1509433962265, 56.216981132075475)",Veillonella,4,5763
"(663.2972972972973, 385.9864864864865)",Neisseria,4,5764
"(663.430894308943, 1018.3414634146342)",Veillonella,4,5765
"(662.4803921568628, 1066.8039215686274)",Veillonella,4,5766
"(664.8888888888889, 1348.6837606837607)",Neisseria,4,5767
"(662.0675675675676, 1466.6216216216217)",Neisseria,4,5768
"(664.4905660377359, 1652.3301886792453)",Treponema,4,5769
"(663.1851851851852, 1692.888888888889)",Fusobacterium,4,5770
"(664.7857142857143, 1776.2698412698412)",Neisseria,4,5771
"(665.7482517482517, 677.2797202797203)",Neisseria,4,5772
"(664.3972602739726, 900.6027397260274)",Veillonella,4,5773
"(668.1363636363636, 1205.2207792207791)",Selenomonas,4,5774
"(665.9225806451612, 1245.2322580645161)",Streptococcus,4,5775
"(663.6071428571429, 372.82142857142856)",Veillonella,4,5778
"(666.7196261682243, 1812.233644859813)",Neisseria,4,5779
"(670.0191082802547, 471.171974522293)",Selenomonas,4,5782
"(673.3801652892562, 795.7768595041322)",Veillonella,4,5783
"(666.2948717948718, 1416.8076923076924)",Neisseria,4,5784
"(669.6129032258065, 156.71612903225807)",Veillonella,4,5786
"(666.3384615384615, 593.7846153846153)",Veillonella,4,5787
"(667.0793650793651, 659.2698412698413)",Neisseria,4,5788
"(665.1607142857143, 1126.642857142857)",Selenomonas,4,5791
"(667.5285714285715, 1748.9785714285715)",Selenomonas,4,5793
"(664.7281553398059, 1985.106796116505)",Streptococcus,4,5794
"(668.9183673469388, 432.4183673469388)",Streptococcus,4,5795
"(669.1782945736434, 1046.0077519379845)",Veillonella,4,5797
"(669.6506024096385, 1452.0843373493976)",Neisseria,4,5798
"(667.343137254902, 1845.4901960784314)",Neisseria,4,5799
"(666.5567010309278, 1871.0618556701031)",Treponema,4,5800
"(673.9350649350649, 1885.2272727272727)",Streptococcus,4,5801
"(669.9154929577464, 1966.1408450704225)",Streptococcus,4,5802
"(669.3214285714286, 1220.5714285714287)",Streptococcus,4,5803
"(672.7479674796748, 1482.4308943089432)",Neisseria,4,5804
"(669.8823529411765, 1499.6554621848738)",Neisseria,4,5805
"(671.1130434782609, 1824.1304347826087)",Neisseria,4,5806
"(671.44375, 1923.4625)",Treponema,4,5807
"(668.6385542168674, 192.40963855421685)",Veillonella,4,5808
"(669.1444444444444, 730.3888888888889)",Neisseria,4,5810
"(669.2465753424658, 97.79452054794521)",Veillonella,4,5811
"(670.9333333333333, 130.36)",Veillonella,4,5812
"(670.9298245614035, 233.43859649122808)",Prevotella,4,5813
"(670.0344827586207, 268.8965517241379)",Fusobacterium,4,5814
"(674.0806451612904, 635.2983870967741)",Veillonella,4,5815
"(671.6333333333333, 867.1888888888889)",Veillonella,4,5816
"(672.2371134020618, 1184.4226804123712)",Veillonella,4,5817
"(670.4782608695652, 1403.0326086956522)",Neisseria,4,5818
"(671.6428571428571, 1586.0357142857142)",Neisseria,4,5819
"(670.8245614035088, 1677.4473684210527)",Streptococcus,4,5820
"(669.4181818181818, 1905.090909090909)",Porphyromonas,4,5821
"(675.5254237288135, 557.728813559322)",Veillonella,4,5822
"(672.1125, 712.65)",Neisseria,4,5823
"(678.3349514563107, 998.3106796116505)",Veillonella,4,5825
"(672.4090909090909, 1166.9545454545455)",Veillonella,4,5826
"(679.189024390244, 1341.2134146341464)",Treponema,4,5827
"(671.9620253164557, 1374.8481012658228)",Neisseria,4,5828
"(673.12, 1465.6666666666667)",Neisseria,4,5829
"(673.6581196581196, 1554.965811965812)",Neisseria,4,5830
"(674.8811881188119, 179.21782178217822)",Veillonella,4,5832
"(674.623076923077, 514.6384615384616)",Veillonella,4,5833
"(671.574074074074, 753.9074074074074)",Neisseria,4,5834
"(672.6065573770492, 1433.2622950819673)",Neisseria,4,5836
"(671.9629629629629, 1623.9259259259259)",Selenomonas,4,5837
"(673.9777777777778, 1952.2333333333333)",Treponema,4,5839
"(673.9036144578313, 27.518072289156628)",Veillonella,4,5840
"(676.7136363636364, 81.80909090909091)",Veillonella,4,5841
"(673.7547169811321, 339.24528301886795)",Veillonella,4,5842
"(673.1232876712329, 358.5890410958904)",Selenomonas,4,5843
"(673.8470588235294, 603.035294117647)",Veillonella,4,5844
"(676.44, 764.952)",Neisseria,4,5845
"(677.437908496732, 1533.3202614379086)",Neisseria,4,5846
"(676.1294117647059, 1568.8117647058823)",Neisseria,4,5847
"(679.3949579831933, 1662.6554621848738)",Treponema,4,5848
"(673.3090909090909, 1716.1090909090908)",Treponema,4,5849
"(675.5612244897959, 45.755102040816325)",Veillonella,4,5850
"(675.8275862068965, 309.7586206896552)",Neisseria,4,5851
"(679.9039548022599, 440.5593220338983)",Streptococcus,4,5852
"(675.5056179775281, 885.6516853932584)",Veillonella,4,5853
"(677.9538461538461, 911.2461538461539)",Veillonella,4,5854
"(674.6376811594203, 939.3768115942029)",Veillonella,4,5855
"(674.734375, 1601.125)",Neisseria,4,5856
"(675.1346153846154, 222.94230769230768)",Veillonella,4,5858
"(679.6503067484663, 287.32515337423314)",Neisseria,4,5859
"(676.6363636363636, 721.3131313131313)",Neisseria,4,5860
"(682.4101382488479, 831.5760368663595)",Veillonella,4,5861
"(678.5, 1015.5615384615385)",Veillonella,4,5862
"(676.3809523809524, 1105.8666666666666)",Veillonella,4,5863
"(679.1507936507936, 1251.7380952380952)",Neisseria,4,5864
"(676.4166666666666, 204.15)",Veillonella,4,5866
"(682.8031496062993, 778.8346456692914)",Veillonella,4,5867
"(677.6504854368932, 974.0970873786408)",Veillonella,4,5868
"(674.7884615384615, 1640.6153846153845)",Fusobacterium,4,5869
"(677.0602409638554, 251.26506024096386)",Streptococcus,4,5870
"(681.3398058252427, 407.30582524271847)",Streptococcus,4,5871
"(677.0224719101124, 577.9325842696629)",Veillonella,4,5872
"(677.5942028985507, 961.4202898550725)",Veillonella,4,5873
"(677.6379310344828, 1069.1896551724137)",Veillonella,4,5874
"(679.7278911564625, 1857.095238095238)",Selenomonas,4,5876
"(681.5846153846154, 1988.5461538461539)",Streptococcus,4,5877
"(680.1346153846154, 331.78846153846155)",Veillonella,4,5878
"(678.4776119402985, 948.3880597014926)",Veillonella,4,5879
"(679.1643835616438, 1691.4383561643835)",Streptococcus,4,5880
"(677.5769230769231, 1787.2884615384614)",Neisseria,4,5881
"(679.5194805194806, 369.06493506493507)",Veillonella,4,5883
"(680.5060240963855, 655.9277108433735)",Veillonella,4,5884
"(680.8717948717949, 699.3589743589744)",Neisseria,4,5885
"(679.9318181818181, 742.2727272727273)",Neisseria,4,5886
"(678.5454545454545, 1092.7402597402597)",Veillonella,4,5887
"(678.7654320987655, 1119.0493827160494)",Veillonella,4,5888
"(680.6744186046511, 1324.8720930232557)",Neisseria,4,5889
"(682.9692307692308, 1731.8615384615384)",Treponema,4,5890
"(680.0, 1775.1851851851852)",Neisseria,4,5891
"(682.5795454545455, 118.88636363636364)",Veillonella,4,5893
"(685.0060975609756, 381.719512195122)",Neisseria,4,5894
"(682.8264462809917, 815.8429752066115)",Veillonella,4,5895
"(679.8782608695652, 1132.7565217391304)",Veillonella,4,5896
"(681.2698412698413, 1433.4444444444443)",Neisseria,4,5897
"(682.4024390243902, 1749.3658536585365)",Treponema,4,5898
"(681.6351351351351, 105.97297297297297)",Veillonella,4,5900
"(682.0421052631579, 465.42105263157896)",Veillonella,4,5901
"(684.1052631578947, 482.0394736842105)",Veillonella,4,5902
"(683.0224719101124, 614.685393258427)",Veillonella,4,5903
"(682.1900826446281, 675.702479338843)",Veillonella,4,5904
"(681.7558139534884, 849.3604651162791)",Veillonella,4,5905
"(683.272, 1044.2)",Veillonella,4,5906
"(681.578947368421, 1270.2105263157894)",Neisseria,4,5908
"(681.1136363636364, 1290.75)",Veillonella,4,5909
"(682.5742574257425, 1358.2574257425742)",Neisseria,4,5910
"(684.7241379310345, 1379.6810344827586)",Neisseria,4,5911
"(681.0, 1406.8181818181818)",Neisseria,4,5912
"(682.4867256637168, 1897.7787610619469)",Streptococcus,4,5914
"(682.6632653061224, 66.39795918367346)",Veillonella,4,5916
"(681.9032258064516, 146.74193548387098)",Veillonella,4,5917
"(681.8095238095239, 422.3968253968254)",Streptococcus,4,5918
"(686.3504273504274, 549.4358974358975)",Veillonella,4,5919
"(683.8378378378378, 1059.6486486486488)",Veillonella,4,5920
"(682.2777777777778, 1713.0555555555557)",Treponema,4,5921
"(682.2105263157895, 1938.9605263157894)",Streptococcus,4,5922
"(683.75, 572.45)",Veillonella,4,5923
"(684.3333333333334, 1172.7692307692307)",Neisseria,4,5924
"(686.9655172413793, 1305.0689655172414)",Neisseria,4,5925
"(684.1818181818181, 1651.3636363636363)",Treponema,4,5927
"(682.4545454545455, 1797.4242424242425)",Neisseria,4,5928
"(685.0555555555555, 267.6333333333333)",Neisseria,4,5929
"(684.0181818181818, 1475.3636363636363)",Neisseria,4,5930
"(685.25, 1843.671875)",Neisseria,4,5932
"(686.3380281690141, 322.0)",Neisseria,4,5933
"(685.9677419354839, 859.8494623655914)",Veillonella,4,5935
"(685.5540540540541, 876.5540540540541)",Veillonella,4,5936
"(686.9137931034483, 927.3965517241379)",Veillonella,4,5937
"(684.7358490566038, 1584.3207547169811)",Neisseria,4,5938
"(686.9810126582279, 1615.607594936709)",Treponema,4,5939
"(684.5961538461538, 1805.6153846153845)",Neisseria,4,5940
"(686.8064516129032, 1829.9354838709678)",Neisseria,4,5941
"(687.1764705882352, 641.0441176470588)",Veillonella,4,5943
"(691.109756097561, 1032.6524390243903)",Veillonella,4,5944
"(686.8073394495412, 1078.5504587155963)",Veillonella,4,5945
"(686.2241379310345, 1394.6206896551723)",Neisseria,4,5946
"(688.1928571428572, 1505.05)",Neisseria,4,5947
"(686.5, 158.15384615384616)",Veillonella,4,5948
"(692.7465437788019, 901.184331797235)",Veillonella,4,5949
"(687.3203125, 1155.5)",Veillonella,4,5950
"(691.1964285714286, 1446.392857142857)",Neisseria,4,5951
"(690.0777777777778, 1817.888888888889)",Neisseria,4,5953
"(688.2803738317757, 1871.5514018691588)",Streptococcus,4,5954
"(686.6792452830189, 1958.9433962264152)",Treponema,4,5956
"(689.7700534759358, 14.181818181818182)",Veillonella,4,5957
"(694.1225806451613, 1491.7032258064517)",Neisseria,4,5958
"(689.3455882352941, 39.955882352941174)",Veillonella,4,5959
"(690.2297297297297, 1560.554054054054)",Neisseria,4,5960
"(689.54, 1188.16)",Veillonella,4,5962
"(691.9302325581396, 1244.6201550387598)",Veillonella,4,5963
"(690.0576923076923, 1426.4903846153845)",Neisseria,4,5964
"(697.5258620689655, 1571.9655172413793)",Neisseria,4,5965
"(691.7565789473684, 174.93421052631578)",Veillonella,4,5967
"(691.3260869565217, 204.75)",Veillonella,4,5968
"(692.2948717948718, 505.2564102564103)",Veillonella,4,5970
"(702.6198347107438, 608.1074380165289)",Capnocytophaga,4,5971
"(693.2781456953643, 731.3112582781457)",Veillonella,4,5972
"(691.0294117647059, 1680.137254901961)",Treponema,4,5973
"(691.4880952380952, 1761.857142857143)",Selenomonas,4,5974
"(692.6617647058823, 1909.0735294117646)",Streptococcus,4,5975
"(691.5689655172414, 1932.655172413793)",Treponema,4,5976
"(692.421875, 138.375)",Veillonella,4,5977
"(698.312101910828, 392.2229299363057)",Neisseria,4,5978
"(692.9310344827586, 964.1149425287356)",Veillonella,4,5979
"(692.6086956521739, 1638.391304347826)",Neisseria,4,5980
"(693.0, 89.17857142857143)",Veillonella,4,5983
"(693.0967741935484, 472.758064516129)",Veillonella,4,5984
"(702.4075829383886, 632.5118483412323)",Veillonella,4,5985
"(692.0849056603773, 1091.0377358490566)",Veillonella,4,5986
"(694.3097345132743, 1109.5575221238937)",Veillonella,4,5987
"(693.9903846153846, 1527.3557692307693)",Neisseria,4,5988
"(692.5542168674699, 1545.1084337349398)",Neisseria,4,5989
"(692.5595238095239, 1977.452380952381)",Treponema,4,5990
"(694.6464646464647, 309.030303030303)",Veillonella,4,5991
"(696.6344827586207, 339.68275862068964)",Veillonella,4,5992
"(694.9154929577464, 977.2676056338029)",Veillonella,4,5993
"(696.9489795918367, 1336.357142857143)",Neisseria,4,5994
"(699.112, 1597.848)",Neisseria,4,5995
"(695.2545454545455, 1775.490909090909)",Treponema,4,5996
"(694.5, 1786.9666666666667)",Neisseria,4,5997
"(699.8924050632911, 1850.620253164557)",Treponema,4,5999
"(694.7866666666666, 101.02666666666667)",Veillonella,4,6000
"(696.6981132075472, 290.4433962264151)",Veillonella,4,6001
"(699.9322033898305, 425.70338983050846)",Streptococcus,4,6002
"(696.5666666666667, 538.0666666666667)",Veillonella,4,6003
"(700.5487804878048, 879.0853658536586)",Veillonella,4,6004
"(695.9130434782609, 1011.7971014492754)",Neisseria,4,6005
"(695.7701149425287, 1315.3103448275863)",Neisseria,4,6006
"(696.4329896907217, 1462.2680412371135)",Neisseria,4,6007
"(697.296875, 1695.1328125)",Streptococcus,4,6008
"(695.796875, 60.453125)",Veillonella,4,6009
"(700.9662921348314, 410.55056179775283)",Streptococcus,4,6010
"(695.074074074074, 569.3703703703703)",Veillonella,4,6011
"(696.7157894736843, 660.1894736842105)",Selenomonas,4,6012
"(696.9540229885057, 763.8045977011494)",Neisseria,4,6013
"(695.3819444444445, 1128.0277777777778)",Veillonella,4,6014
"(697.9708737864078, 693.0679611650486)",Veillonella,4,6016
"(699.074074074074, 712.5333333333333)",Veillonella,4,6017
"(696.8192771084338, 789.0602409638554)",Neisseria,4,6018
"(699.5077720207254, 842.7150259067357)",Veillonella,4,6019
"(700.1322314049587, 1261.9173553719008)",Neisseria,4,6020
"(697.5441176470588, 1385.3235294117646)",Neisseria,4,6021
"(698.4868421052631, 1476.7763157894738)",Neisseria,4,6022
"(698.1298701298701, 241.2987012987013)",Veillonella,4,6024
"(701.1203007518797, 271.42105263157896)",Veillonella,4,6025
"(702.1084337349398, 440.8192771084337)",Streptococcus,4,6026
"(699.6842105263158, 921.1315789473684)",Veillonella,4,6027
"(698.8470588235294, 1176.3882352941177)",Veillonella,4,6028
"(697.7727272727273, 1367.4772727272727)",Neisseria,4,6029
"(698.1481481481482, 1714.611111111111)",Corynebacterium,4,6033
"(698.723076923077, 1755.1692307692308)",Neisseria,4,6034
"(702.17, 1990.47)",Treponema,4,6035
"(701.1098901098901, 618.9120879120879)",Veillonella,4,6036
"(699.6744186046511, 800.5232558139535)",Neisseria,4,6037
"(699.3012048192771, 948.6626506024096)",Veillonella,4,6038
"(699.9662921348314, 1349.3258426966293)",Neisseria,4,6039
"(698.3882352941176, 1652.0470588235294)",Neisseria,4,6040
"(703.1942446043165, 74.9568345323741)",Veillonella,4,6042
"(699.952380952381, 123.92063492063492)",Veillonella,4,6043
"(700.5681818181819, 158.5681818181818)",Veillonella,4,6044
"(705.324074074074, 651.2037037037037)",Veillonella,4,6045
"(702.2592592592592, 1017.1481481481482)",Veillonella,4,6046
"(700.7692307692307, 1277.3846153846155)",Neisseria,4,6047
"(701.144578313253, 1412.9518072289156)",Neisseria,4,6048
"(701.8356164383562, 1865.958904109589)",Streptococcus,4,6049
"(708.0855855855856, 463.9234234234234)",Streptococcus,4,6050
"(704.0285714285715, 1003.447619047619)",Neisseria,4,6051
"(701.8571428571429, 1147.233082706767)",Actinomyces,4,6052
"(703.0, 1560.4354838709678)",Neisseria,4,6053
"(701.7972972972973, 1830.837837837838)",Neisseria,4,6054
"(708.1105263157895, 111.46315789473684)",Veillonella,4,6055
"(713.64453125, 251.3515625)",Veillonella,4,6056
"(703.2452830188679, 324.8867924528302)",Veillonella,4,6057
"(701.6928571428572, 367.4357142857143)",Veillonella,4,6058
"(703.0131578947369, 549.1842105263158)",Veillonella,4,6059
"(706.4794520547945, 1301.541095890411)",Veillonella,4,6060
"(703.1898734177215, 1670.0253164556962)",Treponema,4,6061
"(703.2277777777778, 36.24444444444445)",Veillonella,4,6062
"(704.5743243243244, 1727.7972972972973)",Treponema,4,6063
"(703.3934426229508, 1912.360655737705)",Streptococcus,4,6065
"(702.9642857142857, 1943.25)",Treponema,4,6066
"(710.175, 561.6666666666666)",Veillonella,4,6067
"(705.7698412698413, 777.8253968253969)",Veillonella,4,6068
"(706.8823529411765, 937.1470588235294)",Veillonella,4,6069
"(706.0408163265306, 990.7244897959183)",Neisseria,4,6070
"(703.9833333333333, 1900.35)",Treponema,4,6074
"(709.25, 516.0909090909091)",Veillonella,4,6076
"(707.252427184466, 1515.4174757281553)",Streptococcus,4,6078
"(704.9677419354839, 1811.516129032258)",Selenomonas,4,6080
"(710.7365853658537, 1880.8682926829267)",Treponema,4,6081
"(706.8941176470588, 582.3176470588236)",Veillonella,4,6082
"(706.8782608695652, 909.0782608695653)",Veillonella,4,6083
"(706.3516483516484, 1435.7472527472528)",Neisseria,4,6084
"(706.2307692307693, 1549.553846153846)",Neisseria,4,6086
"(705.7719298245614, 1955.719298245614)",Neisseria,4,6087
"(707.9264705882352, 65.8529411764706)",Veillonella,4,6088
"(709.1417322834645, 142.1259842519685)",Veillonella,4,6089
"(711.8785046728972, 481.78504672897196)",Veillonella,4,6090
"(708.8545454545455, 495.0)",Veillonella,4,6091
"(719.6157205240174, 671.3231441048035)",Veillonella,4,6092
"(708.0506329113924, 686.5443037974684)",Veillonella,4,6093
"(708.0277777777778, 832.1666666666666)",Veillonella,4,6094
"(707.5373134328358, 1613.089552238806)",Neisseria,4,6097
"(707.3666666666667, 1787.9222222222222)",Neisseria,4,6099
"(707.99, 1975.57)",Treponema,4,6100
"(708.7329192546584, 1035.5341614906831)",Veillonella,4,6101
"(708.483870967742, 1085.2016129032259)",Veillonella,4,6102
"(712.2447552447552, 1406.0)",Neisseria,4,6105
"(708.5, 1538.8676470588234)",Neisseria,4,6106
"(708.38, 296.34)",Veillonella,4,6107
"(713.7421875, 893.5546875)",Veillonella,4,6108
"(709.6728971962617, 967.0)",Veillonella,4,6109
"(711.52, 1170.84)",Neisseria,4,6110
"(718.5846153846154, 1241.4076923076923)",Neisseria,4,6111
"(710.9417475728155, 1639.1747572815534)",Neisseria,4,6112
"(714.1796875, 1706.3515625)",Treponema,4,6113
"(711.7701149425287, 10.32183908045977)",Veillonella,4,6114
"(715.1836734693877, 307.5442176870748)",Veillonella,4,6115
"(720.6977777777778, 867.0977777777778)",Veillonella,4,6116
"(709.8518518518518, 1127.7037037037037)",Veillonella,4,6117
"(710.0909090909091, 1188.2545454545455)",Neisseria,4,6118
"(709.25, 1360.2142857142858)",Neisseria,4,6119
"(710.5172413793103, 1374.4310344827586)",Neisseria,4,6120
"(711.1037735849056, 742.1981132075472)",Veillonella,4,6122
"(710.3162393162393, 1058.4529914529915)",Veillonella,4,6123
"(711.1076923076923, 1072.2307692307693)",Veillonella,4,6124
"(711.056179775281, 1103.9662921348315)",Selenomonas,4,6125
"(711.3275862068965, 1656.7758620689656)",Neisseria,4,6127
"(714.6153846153846, 1807.9807692307693)",Neisseria,4,6129
"(710.843137254902, 1923.4117647058824)",Treponema,4,6130
"(716.8608695652174, 128.70434782608694)",Veillonella,4,6131
"(712.2835820895523, 283.23880597014926)",Veillonella,4,6132
"(714.4718309859155, 385.1830985915493)",Veillonella,4,6133
"(713.8360655737705, 1114.4590163934427)",Veillonella,4,6134
"(716.6530612244898, 1388.095238095238)",Neisseria,4,6135
"(713.8602150537635, 1488.1827956989248)",Neisseria,4,6136
"(713.820895522388, 1961.6268656716418)",Neisseria,4,6138
"(715.2097902097902, 339.93706293706293)",Veillonella,4,6139
"(717.066225165563, 409.8211920529801)",Streptococcus,4,6140
"(718.5076142131979, 708.7106598984772)",Veillonella,4,6141
"(712.7333333333333, 757.2571428571429)",Neisseria,4,6142
"(714.0506329113924, 852.3544303797469)",Veillonella,4,6143
"(717.9095477386935, 1328.3467336683418)",Neisseria,4,6144
"(716.4285714285714, 1941.104761904762)",Treponema,4,6145
"(714.1666666666666, 360.2142857142857)",Veillonella,4,6146
"(715.1262135922331, 448.41747572815535)",Streptococcus,4,6147
"(718.9208633093525, 590.9424460431654)",Veillonella,4,6148
"(716.6987179487179, 796.7307692307693)",Veillonella,4,6149
"(720.5625, 813.0357142857143)",Veillonella,4,6150
"(713.6290322580645, 1267.1290322580646)",Neisseria,4,6151
"(714.1551724137931, 1423.448275862069)",Neisseria,4,6152
"(717.1914893617021, 53.38297872340426)",Veillonella,4,6157
"(715.7215189873418, 950.0253164556962)",Veillonella,4,6158
"(717.0088495575221, 1624.0973451327434)",Neisseria,4,6159
"(716.6979865771812, 1688.288590604027)",Neisseria,4,6160
"(716.6944444444445, 22.09722222222222)",Veillonella,4,6162
"(716.6046511627907, 928.9302325581396)",Selenomonas,4,6163
"(720.0564516129032, 979.6693548387096)",Veillonella,4,6164
"(716.4647887323944, 1346.8309859154929)",Neisseria,4,6165
"(717.6447368421053, 1473.5526315789473)",Neisseria,4,6166
"(719.4235294117647, 1753.835294117647)",Treponema,4,6167
"(716.1764705882352, 1892.450980392157)",Streptococcus,4,6169
"(725.8219895287958, 427.9895287958115)",Streptococcus,4,6171
"(725.4854368932039, 918.5291262135922)",Veillonella,4,6172
"(716.3571428571429, 1594.4107142857142)",Neisseria,4,6173
"(717.5245901639345, 1661.5245901639344)",Treponema,4,6174
"(719.1348314606741, 321.6292134831461)",Neisseria,4,6175
"(719.7642857142857, 536.9785714285714)",Veillonella,4,6176
"(718.8767123287671, 886.4520547945206)",Veillonella,4,6178
"(721.1078431372549, 1152.5588235294117)",Veillonella,4,6179
"(719.24, 1198.64)",Neisseria,4,6180
"(718.2307692307693, 1452.5384615384614)",Neisseria,4,6182
"(720.7796610169491, 1560.093220338983)",Neisseria,4,6183
"(721.8333333333334, 1852.8)",Streptococcus,4,6184
"(718.2307692307693, 1954.6153846153845)",Selenomonas,4,6185
"(723.4477611940298, 270.1865671641791)",Veillonella,4,6186
"(719.0666666666667, 572.7333333333333)",Fusobacterium,4,6187
"(719.741935483871, 728.483870967742)",Veillonella,4,6188
"(720.025641025641, 1276.974358974359)",Neisseria,4,6190
"(718.7671232876712, 1911.3561643835617)",Treponema,4,6192
"(720.40625, 84.59375)",Veillonella,4,6193
"(723.2454545454545, 608.6454545454545)",Veillonella,4,6194
"(719.8918918918919, 647.7837837837837)",Veillonella,4,6195
"(723.4252873563219, 767.1379310344828)",Pasteurellaceae,4,6196
"(720.8823529411765, 1530.637254901961)",Fusobacterium,4,6197
"(721.7164179104477, 1717.2686567164178)",Treponema,4,6198
"(719.5490196078431, 1796.3725490196077)",Treponema,4,6199
"(729.6382978723404, 1826.2021276595744)",Treponema,4,6200
"(721.3456790123457, 71.25925925925925)",Veillonella,4,6201
"(720.2777777777778, 293.3703703703704)",Veillonella,4,6202
"(723.1428571428571, 624.0190476190476)",Veillonella,4,6203
"(723.968253968254, 1673.126984126984)",Selenomonas,4,6204
"(723.28125, 508.03125)",Veillonella,4,6206
"(721.8813559322034, 634.4067796610169)",Veillonella,4,6207
"(721.7884615384615, 780.6346153846154)",Veillonella,4,6208
"(723.2547169811321, 1294.4150943396226)",Neisseria,4,6209
"(721.4142857142857, 1361.2)",Neisseria,4,6210
"(723.2916666666666, 1583.09375)",Neisseria,4,6211
"(727.0681818181819, 1019.8522727272727)",Veillonella,4,6212
"(721.0, 1048.2641509433963)",Veillonella,4,6213
"(724.5574712643678, 1171.5919540229886)",Neisseria,4,6214
"(724.0506329113924, 1781.873417721519)",Corynebacterium,4,6215
"(727.061403508772, 1921.4649122807018)",Treponema,4,6216
"(725.8076923076923, 556.0128205128206)",Veillonella,4,6217
"(725.939393939394, 824.0454545454545)",Veillonella,4,6218
"(724.9763313609468, 1067.9467455621302)",Veillonella,4,6220
"(723.4166666666666, 1086.4666666666667)",Fusobacterium,4,6221
"(723.8363636363637, 1548.8727272727272)",Treponema,4,6222
"(724.9625, 1605.6875)",Neisseria,4,6224
"(729.5714285714286, 392.7080745341615)",Veillonella,4,6226
"(730.3846153846154, 689.9038461538462)",Veillonella,4,6227
"(726.7717391304348, 836.945652173913)",Veillonella,4,6228
"(728.7635135135135, 994.2972972972973)",Veillonella,4,6229
"(729.047619047619, 1113.515873015873)",Porphyromonas,4,6230
"(725.9230769230769, 1873.2)",Neisseria,4,6231
"(726.2469135802469, 1970.7530864197531)",Neisseria,4,6232
"(726.8045977011494, 1981.287356321839)",Neisseria,4,6233
"(728.5839416058394, 352.24817518248176)",Veillonella,4,6234
"(726.9406779661017, 473.85593220338984)",Streptococcus,4,6235
"(730.2735042735043, 1229.7435897435898)",Neisseria,4,6236
"(725.9264705882352, 1518.8970588235295)",Fusobacterium,4,6237
"(728.4678899082569, 1641.302752293578)",Neisseria,4,6238
"(728.3157894736842, 107.17293233082707)",Veillonella,4,6240
"(727.5285714285715, 491.65714285714284)",Veillonella,4,6241
"(727.5333333333333, 943.4)",Veillonella,4,6242
"(726.16, 1095.26)",Streptococcus,4,6243
"(727.1290322580645, 1348.016129032258)",Neisseria,4,6244
"(729.6969696969697, 1488.5858585858587)",Neisseria,4,6246
"(732.0753424657535, 1732.445205479452)",Treponema,4,6247
"(735.1604278074866, 734.6310160427807)",Veillonella,4,6248
"(732.1133333333333, 754.3133333333334)",Veillonella,4,6249
"(729.359375, 1192.640625)",Neisseria,4,6250
"(730.7872340425532, 1309.8297872340424)",Neisseria,4,6251
"(728.5483870967741, 1408.6774193548388)",Neisseria,4,6252
"(729.5681818181819, 206.38636363636363)",Neisseria,4,6255
"(729.6857142857143, 223.67142857142858)",Veillonella,4,6256
"(729.4166666666666, 1702.452380952381)",Neisseria,4,6258
"(730.0886075949367, 1773.0253164556962)",Treponema,4,6259
"(730.918918918919, 1902.1891891891892)",Capnocytophaga,4,6260
"(731.7471264367816, 237.9655172413793)",Veillonella,4,6261
"(732.1308411214953, 333.3457943925234)",Veillonella,4,6262
"(731.5496688741722, 524.0463576158941)",Veillonella,4,6263
"(731.604938271605, 902.3333333333334)",Veillonella,4,6264
"(729.6086956521739, 1138.5978260869565)",Neisseria,4,6266
"(736.668918918919, 1329.4797297297298)",Neisseria,4,6267
"(730.4754098360655, 1428.4918032786886)",Neisseria,4,6268
"(729.7246376811594, 1464.2463768115942)",Neisseria,4,6269
"(731.3037974683544, 447.1012658227848)",Streptococcus,4,6272
"(734.22, 571.2066666666667)",Fusobacterium,4,6274
"(731.9285714285714, 717.797619047619)",Veillonella,4,6275
"(730.8169014084507, 1506.1830985915492)",Neisseria,4,6276
"(734.8910891089109, 1542.7128712871288)",Treponema,4,6277
"(732.2972972972973, 1807.445945945946)",Neisseria,4,6278
"(730.0370370370371, 1888.0555555555557)",Neisseria,4,6279
"(731.9803921568628, 36.19607843137255)",Veillonella,4,6280
"(730.709090909091, 1686.509090909091)",Treponema,4,6281
"(733.2676056338029, 1792.7042253521126)",Treponema,4,6283
"(734.3432835820895, 1950.8358208955224)",Treponema,4,6284
"(738.3088235294117, 120.45588235294117)",Veillonella,4,6285
"(734.4897959183673, 372.0816326530612)",Veillonella,4,6286
"(734.9108910891089, 1213.8019801980197)",Neisseria,4,6287
"(734.1304347826087, 1396.1521739130435)",Neisseria,4,6288
"(736.972972972973, 1441.5)",Neisseria,4,6289
"(736.3444444444444, 1559.5333333333333)",Treponema,4,6290
"(733.6296296296297, 1670.0)",Fusobacterium,4,6291
"(733.6746987951807, 1935.7951807228915)",Treponema,4,6292
"(733.9037037037037, 16.192592592592593)",Veillonella,4,6293
"(735.2264150943396, 59.84905660377358)",Veillonella,4,6294
"(733.4098360655738, 86.27868852459017)",Veillonella,4,6295
"(735.25, 297.46)",Veillonella,4,6296
"(735.8602150537635, 602.3763440860215)",Veillonella,4,6297
"(741.8695652173913, 1369.5380434782608)",Neisseria,4,6298
"(736.5232558139535, 1477.8720930232557)",Neisseria,4,6299
"(740.8503937007874, 42.08661417322835)",Veillonella,4,6300
"(736.4473684210526, 278.44736842105266)",Veillonella,4,6301
"(737.7564102564103, 488.0128205128205)",Pasteurellaceae,4,6302
"(735.2820512820513, 642.1666666666666)",Veillonella,4,6303
"(735.2911392405064, 780.8354430379746)",Veillonella,4,6304
"(738.8324324324325, 1046.6810810810812)",Veillonella,4,6305
"(735.021052631579, 1286.1684210526316)",Neisseria,4,6306
"(735.4117647058823, 1880.4313725490197)",Neisseria,4,6308
"(738.0220588235294, 1351.5955882352941)",Neisseria,4,6310
"(737.1238095238095, 1593.5904761904762)",Neisseria,4,6311
"(743.6263736263736, 1845.9945054945056)",Streptococcus,4,6312
"(738.1525423728814, 504.20338983050846)",Veillonella,4,6314
"(738.6413043478261, 591.2173913043479)",Fusobacterium,4,6315
"(737.6601941747573, 858.4757281553398)",Veillonella,4,6316
"(743.1019108280254, 1010.9745222929936)",Veillonella,4,6317
"(739.2588235294118, 1087.870588235294)",Streptococcus,4,6318
"(737.8595041322315, 1160.8429752066115)",Neisseria,4,6319
"(737.4833333333333, 1530.0666666666666)",Selenomonas,4,6321
"(737.3015873015873, 1714.6507936507937)",Neisseria,4,6322
"(740.1030927835052, 76.04123711340206)",Veillonella,4,6323
"(738.2727272727273, 262.6909090909091)",Veillonella,4,6324
"(738.578947368421, 981.4078947368421)",Veillonella,4,6325
"(738.780701754386, 1254.078947368421)",Veillonella,4,6326
"(744.8995433789954, 1574.2146118721462)",Treponema,4,6327
"(743.7429718875502, 1617.855421686747)",Neisseria,4,6328
"(742.2421052631579, 1979.8315789473684)",Neisseria,4,6329
"(740.0888888888888, 407.52222222222224)",Streptococcus,4,6330
"(740.4959349593496, 469.390243902439)",Streptococcus,4,6331
"(742.015625, 806.5703125)",Veillonella,4,6332
"(738.6666666666666, 876.3)",Veillonella,4,6333
"(742.969512195122, 941.329268292683)",Veillonella,4,6334
"(744.5439560439561, 1102.5604395604396)",Streptococcus,4,6335
"(741.008, 1761.8)",Neisseria,4,6337
"(741.0819672131148, 308.8688524590164)",Neisseria,4,6338
"(745.3012048192771, 322.9759036144578)",Capnocytophaga,4,6339
"(741.3786407766991, 961.3398058252427)",Veillonella,4,6340
"(740.8909090909091, 1063.3090909090909)",Veillonella,4,6341
"(739.4455445544554, 1075.8316831683169)",Porphyromonas,4,6342
"(745.4615384615385, 1126.8181818181818)",Veillonella,4,6343
"(742.0843373493976, 1295.0)",Neisseria,4,6344
"(742.6923076923077, 1390.7115384615386)",Neisseria,4,6345
"(745.4411764705883, 1655.894117647059)",Neisseria,4,6346
"(741.787610619469, 1963.5309734513273)",Selenomonas,4,6347
"(742.1296296296297, 621.8796296296297)",Veillonella,4,6348
"(745.9421052631579, 700.6421052631579)",Veillonella,4,6349
"(741.581081081081, 1140.7162162162163)",Veillonella,4,6350
"(741.6338028169014, 1181.6901408450703)",Neisseria,4,6351
"(744.2330097087379, 1455.2038834951456)",Neisseria,4,6352
"(741.1960784313726, 1637.9019607843138)",Neisseria,4,6354
"(742.3928571428571, 1681.7857142857142)",Streptococcus,4,6355
"(741.7702702702703, 1802.945945945946)",Neisseria,4,6356
"(742.09375, 1927.328125)",Selenomonas,4,6357
"(743.1714285714286, 651.3714285714286)",Veillonella,4,6358
"(744.0987654320987, 833.3148148148148)",Veillonella,4,6359
"(743.126582278481, 1781.5443037974683)",Treponema,4,6360
"(743.8656716417911, 155.2089552238806)",Veillonella,4,6361
"(744.5, 912.2525252525253)",Veillonella,4,6362
"(743.0980392156863, 1201.5098039215686)",Neisseria,4,6363
"(745.0186335403727, 1868.745341614907)",Neisseria,4,6364
"(744.2, 91.6)",Veillonella,4,6365
"(744.3414634146342, 355.9024390243902)",Veillonella,4,6366
"(745.219696969697, 554.2954545454545)",Veillonella,4,6367
"(743.8488372093024, 674.7209302325581)",Veillonella,4,6368
"(744.2345679012345, 1271.3703703703704)",Neisseria,4,6369
"(743.1147540983607, 1698.688524590164)",Selenomonas,4,6371
"(747.0592105263158, 223.5921052631579)",Neisseria,4,6372
"(744.360655737705, 384.7704918032787)",Veillonella,4,6373
"(753.1324041811847, 451.0278745644599)",Streptococcus,4,6374
"(746.9896907216495, 1896.381443298969)",Selenomonas,4,6375
"(752.1212121212121, 1917.3939393939395)",Streptococcus,4,6376
"(746.5595238095239, 63.86904761904762)",Veillonella,4,6377
"(751.536312849162, 104.59217877094972)",Veillonella,4,6378
"(746.8156028368794, 422.1985815602837)",Streptococcus,4,6379
"(746.203125, 516.875)",Veillonella,4,6380
"(747.8505747126437, 663.9885057471264)",Veillonella,4,6381
"(753.4172185430464, 762.7417218543046)",Veillonella,4,6382
"(747.5373134328358, 1834.1940298507463)",Streptococcus,4,6384
"(745.6451612903226, 23.919354838709676)",Veillonella,4,6385
"(751.8133333333334, 141.01333333333332)",Veillonella,4,6386
"(747.5263157894736, 608.280701754386)",Selenomonas,4,6387
"(750.3031914893617, 1231.5851063829787)",Neisseria,4,6388
"(747.7704918032787, 1753.983606557377)",Selenomonas,4,6390
"(749.289156626506, 241.83132530120483)",Veillonella,4,6392
"(748.4683544303797, 339.8607594936709)",Neisseria,4,6393
"(751.8322981366459, 501.9875776397516)",Streptococcus,4,6394
"(750.2903225806451, 634.2150537634409)",Veillonella,4,6395
"(747.7358490566038, 749.5094339622641)",Veillonella,4,6396
"(753.1690647482014, 791.2230215827338)",Veillonella,4,6397
"(753.8486842105264, 995.7828947368421)",Veillonella,4,6398
"(749.5307692307692, 1727.5846153846153)",Treponema,4,6399
"(752.8103448275862, 1743.7068965517242)",Streptococcus,4,6400
"(747.2615384615384, 1938.8615384615384)",Neisseria,4,6401
"(752.1271186440678, 1533.1949152542372)",Streptococcus,4,6402
"(751.1388888888889, 1552.4259259259259)",Streptococcus,4,6403
"(752.3269230769231, 1192.5641025641025)",Neisseria,4,6404
"(752.7586206896551, 1419.4022988505747)",Neisseria,4,6405
"(749.3181818181819, 1431.1515151515152)",Neisseria,4,6406
"(754.0884955752213, 1515.6194690265486)",Neisseria,4,6407
"(752.875, 314.525)",Veillonella,4,6408
"(752.3767123287671, 576.1643835616438)",Veillonella,4,6409
"(754.4228187919463, 1475.020134228188)",Neisseria,4,6411
"(751.8761904761905, 1491.4285714285713)",Neisseria,4,6412
"(751.0, 1797.5641025641025)",Neisseria,4,6413
"(753.395061728395, 1811.716049382716)",Neisseria,4,6414
"(754.3833333333333, 1948.3416666666667)",Neisseria,4,6415
"(753.824074074074, 11.648148148148149)",Veillonella,4,6416
"(753.2537313432836, 36.82089552238806)",Veillonella,4,6417
"(751.6607142857143, 483.875)",Streptococcus,4,6418
"(752.0571428571428, 597.0)",Veillonella,4,6419
"(751.8301886792453, 970.5471698113207)",Veillonella,4,6420
"(754.8436018957347, 1165.222748815166)",Neisseria,4,6421
"(752.5067567567568, 1337.0945945945946)",Neisseria,4,6422
"(753.6547619047619, 1359.5)",Neisseria,4,6423
"(751.8625, 1706.775)",Neisseria,4,6424
"(753.4935064935065, 278.05194805194805)",Veillonella,4,6425
"(753.6534653465346, 367.1485148514852)",Veillonella,4,6426
"(756.0909090909091, 1382.0272727272727)",Neisseria,4,6430
"(754.6805555555555, 1694.5)",Treponema,4,6431
"(752.9787234042553, 1775.6170212765958)",Neisseria,4,6432
"(754.5833333333334, 52.802083333333336)",Veillonella,4,6433
"(754.3260869565217, 405.10869565217394)",Veillonella,4,6434
"(754.25, 437.09615384615387)",Streptococcus,4,6435
"(758.1333333333333, 1064.1851851851852)",Saccharibacteria,4,6436
"(755.6847826086956, 1278.8260869565217)",Neisseria,4,6437
"(757.329268292683, 1540.121951219512)",Streptococcus,4,6438
"(759.4761904761905, 1591.8869047619048)",Treponema,4,6439
"(755.6323529411765, 814.9264705882352)",Veillonella,4,6440
"(755.2777777777778, 876.1666666666666)",Saccharibacteria,4,6441
"(755.8941176470588, 889.964705882353)",Veillonella,4,6442
"(757.3467741935484, 1025.266129032258)",Veillonella,4,6443
"(755.8118811881188, 1258.0891089108911)",Neisseria,4,6444
"(759.1286549707602, 74.45614035087719)",Veillonella,4,6446
"(757.5972222222222, 640.0833333333334)",Veillonella,4,6447
"(758.7254901960785, 959.9313725490196)",Veillonella,4,6448
"(758.5, 1318.0454545454545)",Neisseria,4,6449
"(756.7910447761194, 1449.4776119402984)",Neisseria,4,6451
"(756.84375, 1823.9375)",Treponema,4,6452
"(757.8333333333334, 302.5)",Veillonella,4,6454
"(758.3478260869565, 388.0)",Pasteurellaceae,4,6455
"(758.9032258064516, 525.4731182795699)",Veillonella,4,6456
"(758.5757575757576, 983.6515151515151)",Veillonella,4,6458
"(758.7548387096774, 1294.4903225806452)",Neisseria,4,6459
"(756.95, 1640.6)",Neisseria,4,6460
"(758.4901960784314, 375.2156862745098)",Veillonella,4,6462
"(757.8301886792453, 624.4528301886793)",Veillonella,4,6463
"(759.0757575757576, 1082.1969696969697)",Saccharibacteria,4,6465
"(757.7037037037037, 1683.351851851852)",Treponema,4,6466
"(759.6388888888889, 333.19444444444446)",Veillonella,4,6467
"(759.1578947368421, 613.0877192982456)",Veillonella,4,6468
"(760.1979166666666, 686.5833333333334)",Veillonella,4,6469
"(761.5677966101695, 908.8389830508474)",Capnocytophaga,4,6470
"(767.5257142857142, 1038.5828571428572)",Streptococcus,4,6471
"(761.7894736842105, 1411.0263157894738)",Neisseria,4,6472
"(765.8028169014085, 1845.0070422535211)",Streptococcus,4,6473
"(761.0603448275862, 265.5086206896552)",Veillonella,4,6474
"(763.8859060402684, 290.13422818791946)",Veillonella,4,6475
"(760.1166666666667, 851.0166666666667)",Veillonella,4,6476
"(764.3918918918919, 945.2297297297297)",Streptococcus,4,6477
"(763.3875968992248, 1561.8837209302326)",Streptococcus,4,6478
"(762.2291666666666, 1959.6770833333333)",Treponema,4,6479
"(760.4935064935065, 712.5714285714286)",Veillonella,4,6481
"(762.05, 934.5)",Pasteurellaceae,4,6482
"(765.418439716312, 1150.2978723404256)",Neisseria,4,6483
"(763.7096774193549, 1430.4516129032259)",Neisseria,4,6484
"(762.2321428571429, 1766.5892857142858)",Neisseria,4,6486
"(761.8148148148148, 237.76543209876544)",Veillonella,4,6488
"(763.5913978494624, 465.8709677419355)",Streptococcus,4,6489
"(763.9574468085107, 673.7553191489362)",Veillonella,4,6490
"(764.9459459459459, 745.5495495495495)",Veillonella,4,6491
"(769.0276243093923, 1094.6740331491712)",Veillonella,4,6492
"(766.2586206896551, 1512.8275862068965)",Neisseria,4,6493
"(762.8586956521739, 1874.7717391304348)",Streptococcus,4,6494
"(763.1323529411765, 30.191176470588236)",Veillonella,4,6495
"(767.7211538461538, 250.43269230769232)",Veillonella,4,6496
"(770.222972972973, 1208.5168918918919)",Neisseria,4,6497
"(764.4214876033058, 1611.9504132231405)",Treponema,4,6499
"(766.7687861271677, 1660.0173410404625)",Neisseria,4,6500
"(762.3636363636364, 1753.2)",Porphyromonas,4,6501
"(768.4185022026431, 1784.7488986784142)",Neisseria,4,6502
"(763.6461538461539, 1933.3538461538462)",Treponema,4,6503
"(765.7032967032967, 1989.4505494505495)",Neisseria,4,6504
"(768.0927152317881, 94.18543046357615)",Veillonella,4,6505
"(765.8869565217391, 393.6521739130435)",Veillonella,4,6506
"(766.15625, 435.1666666666667)",Streptococcus,4,6507
"(766.2444444444444, 721.0222222222222)",Veillonella,4,6508
"(763.5245901639345, 773.3770491803278)",Veillonella,4,6509
"(764.6601941747573, 1132.990291262136)",Saccharibacteria,4,6510
"(766.4722222222222, 1191.5972222222222)",Neisseria,4,6511
"(769.6093023255814, 419.4139534883721)",Streptococcus,4,6514
"(781.4166666666666, 502.390625)",Streptococcus,4,6515
"(767.2686567164179, 856.8507462686567)",Veillonella,4,6516
"(765.57, 1112.27)",Pasteurellaceae,4,6517
"(769.1304347826087, 1248.9202898550725)",Neisseria,4,6518
"(766.2465753424658, 485.4246575342466)",Porphyromonas,4,6520
"(768.1138211382114, 825.5121951219512)",Veillonella,4,6521
"(771.1458333333334, 1264.8541666666667)",Selenomonas,4,6522
"(766.7894736842105, 1307.1973684210527)",Neisseria,4,6523
"(766.1931818181819, 1348.2954545454545)",Neisseria,4,6524
"(767.3020833333334, 1454.4479166666667)",Neisseria,4,6525
"(770.1666666666666, 1577.9019607843138)",Fusobacterium,4,6526
"(767.1212121212121, 358.54545454545456)",Veillonella,4,6527
"(768.4949494949495, 495.989898989899)",Capnocytophaga,4,6528
"(766.975, 574.7625)",Veillonella,4,6529
"(767.1428571428571, 644.5357142857143)",Veillonella,4,6530
"(771.5636363636364, 695.8818181818182)",Veillonella,4,6531
"(769.1975308641976, 971.5308641975308)",Veillonella,4,6532
"(767.5849056603773, 987.7169811320755)",Veillonella,4,6533
"(767.3582089552239, 1011.0746268656717)",Veillonella,4,6534
"(769.75, 1075.8947368421052)",Saccharibacteria,4,6535
"(766.875, 1691.046875)",Corynebacterium,4,6536
"(768.0701754385965, 1818.6140350877192)",Neisseria,4,6537
"(767.8421052631579, 8.368421052631579)",Veillonella,4,6538
"(771.1793103448276, 181.3448275862069)",Veillonella,4,6540
"(768.9318181818181, 311.84090909090907)",Veillonella,4,6541
"(774.2727272727273, 601.8441558441558)",Veillonella,4,6542
"(769.9772727272727, 658.3181818181819)",Veillonella,4,6543
"(768.3697478991596, 891.7647058823529)",Veillonella,4,6544
"(770.7435897435897, 1182.094017094017)",Neisseria,4,6545
"(769.9037037037037, 202.96296296296296)",Neisseria,4,6549
"(771.4505494505495, 274.7692307692308)",Veillonella,4,6550
"(771.447619047619, 806.5714285714286)",Veillonella,4,6551
"(769.0196078431372, 1735.1960784313726)",Streptococcus,4,6554
"(772.0467289719626, 1922.4392523364486)",Streptococcus,4,6555
"(771.0, 1227.6703296703297)",Neisseria,4,6557
"(770.6309523809524, 1325.357142857143)",Neisseria,4,6558
"(770.5, 1642.0777777777778)",Neisseria,4,6559
"(771.4536082474227, 1902.9175257731958)",Neisseria,4,6560
"(770.9639639639639, 47.95495495495496)",Veillonella,4,6561
"(773.6515151515151, 633.6363636363636)",Veillonella,4,6562
"(774.8478260869565, 847.5652173913044)",Veillonella,4,6563
"(773.9548022598871, 1057.7288135593221)",Streptococcus,4,6564
"(771.504, 1367.744)",Neisseria,4,6565
"(776.4181818181818, 1408.0363636363636)",Neisseria,4,6566
"(771.8333333333334, 1493.325)",Neisseria,4,6567
"(771.2058823529412, 1550.8823529411766)",Fusobacterium,4,6568
"(774.4623655913979, 327.63440860215053)",Fusobacterium,4,6569
"(774.6857142857143, 370.8285714285714)",Veillonella,4,6570
"(771.7118644067797, 621.3389830508474)",Veillonella,4,6571
"(775.8356164383562, 1722.2054794520548)",Streptococcus,4,6572
"(771.7466666666667, 1805.96)",Neisseria,4,6573
"(772.1818181818181, 1861.1818181818182)",Streptococcus,4,6574
"(773.4495412844037, 1972.1743119266055)",Selenomonas,4,6575
"(774.752688172043, 63.12903225806452)",Veillonella,4,6576
"(775.6829268292682, 739.6585365853658)",Veillonella,4,6577
"(777.8817733990148, 760.2118226600985)",Veillonella,4,6578
"(775.55, 1001.6875)",Veillonella,4,6579
"(773.2424242424242, 1391.5151515151515)",Neisseria,4,6580
"(773.9322033898305, 154.64406779661016)",Veillonella,4,6581
"(775.1935483870968, 548.2150537634409)",Streptococcus,4,6583
"(781.6681818181818, 1162.7954545454545)",Neisseria,4,6584
"(774.5, 1673.03125)",Neisseria,4,6585
"(773.0, 1763.08)",Treponema,4,6587
"(775.0491803278688, 1886.0)",Treponema,4,6588
"(776.7608695652174, 346.0)",Pasteurellaceae,4,6590
"(779.3033707865169, 874.2078651685393)",Veillonella,4,6591
"(780.6022099447514, 1287.0828729281768)",Neisseria,4,6592
"(776.6447368421053, 1702.092105263158)",Treponema,4,6595
"(775.4857142857143, 1745.8857142857144)",Streptococcus,4,6596
"(773.7666666666667, 1983.8)",Neisseria,4,6598
"(777.1441441441441, 80.74774774774775)",Veillonella,4,6600
"(783.0146341463415, 403.44878048780487)",Streptococcus,4,6601
"(775.8157894736842, 707.6973684210526)",Veillonella,4,6602
"(776.9663865546219, 788.1428571428571)",Veillonella,4,6603
"(779.6346153846154, 966.0384615384615)",Veillonella,4,6604
"(776.8658536585366, 1134.9024390243903)",Neisseria,4,6605
"(776.2236842105264, 1440.5657894736842)",Neisseria,4,6606
"(781.1138211382114, 172.26829268292684)",Veillonella,4,6607
"(776.8375, 219.2875)",Veillonella,4,6608
"(779.4526315789474, 523.3368421052631)",Veillonella,4,6609
"(783.9175257731958, 1122.5051546391753)",Fusobacterium,4,6610
"(780.2162162162163, 1836.7837837837837)",Streptococcus,4,6611
"(777.6913580246913, 1873.9876543209878)",Streptococcus,4,6612
"(781.2621359223301, 1956.368932038835)",Streptococcus,4,6613
"(778.8245614035088, 7.807017543859649)",Veillonella,4,6614
"(780.8515625, 234.953125)",Veillonella,4,6615
"(779.776119402985, 260.17910447761193)",Veillonella,4,6616
"(777.1595744680851, 918.3510638297872)",Selenomonas,4,6618
"(784.2135922330098, 1523.5825242718447)",Neisseria,4,6619
"(777.15, 1539.0333333333333)",Neisseria,4,6620
"(777.3134328358209, 1620.9701492537313)",Neisseria,4,6621
"(776.9230769230769, 1686.0192307692307)",Treponema,4,6622
"(779.8333333333334, 669.8666666666667)",Veillonella,4,6623
"(779.4876033057851, 1022.595041322314)",Veillonella,4,6624
"(779.0253164556962, 1339.7974683544303)",Neisseria,4,6625
"(783.8, 382.87142857142857)",Veillonella,4,6626
"(779.8588235294118, 459.1294117647059)",Streptococcus,4,6627
"(779.672131147541, 831.7377049180328)",Veillonella,4,6628
"(782.6666666666666, 1308.4583333333333)",Neisseria,4,6629
"(781.1139240506329, 1605.379746835443)",Treponema,4,6630
"(781.271186440678, 612.271186440678)",Veillonella,4,6633
"(784.2622950819672, 630.0737704918033)",Veillonella,4,6634
"(790.5701357466063, 938.3574660633484)",Veillonella,4,6635
"(785.9459459459459, 1354.1418918918919)",Neisseria,4,6636
"(786.2162162162163, 1593.2297297297298)",Streptococcus,4,6637
"(784.8387096774194, 1726.266129032258)",Streptococcus,4,6638
"(785.3653846153846, 1817.7788461538462)",Neisseria,4,6639
"(784.9166666666666, 303.4583333333333)",Capnocytophaga,4,6640
"(784.7857142857143, 1223.422077922078)",Neisseria,4,6641
"(782.8714285714286, 1428.442857142857)",Neisseria,4,6642
"(785.9719626168225, 1505.1682242990655)",Neisseria,4,6643
"(781.55, 1945.5666666666666)",Fusobacterium,4,6644
"(788.630303030303, 16.01818181818182)",Veillonella,4,6645
"(783.6489361702128, 38.787234042553195)",Veillonella,4,6646
"(784.1379310344828, 442.2758620689655)",Veillonella,4,6647
"(785.0, 466.87931034482756)",Streptococcus,4,6648
"(785.0693641618498, 569.8092485549133)",Streptococcus,4,6650
"(782.6190476190476, 898.7857142857143)",Veillonella,4,6651
"(787.8869565217391, 1387.8)",Neisseria,4,6652
"(783.6103896103896, 1464.2727272727273)",Neisseria,4,6654
"(783.2352941176471, 1568.781512605042)",Treponema,4,6655
"(784.261744966443, 1645.8724832214766)",Neisseria,4,6656
"(782.9736842105264, 1994.2236842105262)",Selenomonas,4,6657
"(784.5702479338843, 114.55371900826447)",Veillonella,4,6658
"(783.8953488372093, 197.7906976744186)",Veillonella,4,6659
"(785.680412371134, 996.4123711340206)",Veillonella,4,6660
"(788.5833333333334, 1060.0260416666667)",Streptococcus,4,6661
"(782.6617647058823, 1759.6764705882354)",Fusobacterium,4,6662
"(786.5664335664336, 1799.3356643356644)",Neisseria,4,6663
"(786.1792452830189, 319.7641509433962)",Streptococcus,4,6664
"(785.7368421052631, 778.2236842105264)",Veillonella,4,6665
"(785.3372093023256, 809.3372093023256)",Veillonella,4,6666
"(784.936507936508, 1183.2857142857142)",Neisseria,4,6667
"(784.3333333333334, 1855.4583333333333)",Streptococcus,4,6668
"(785.1587301587301, 1891.3809523809523)",Streptococcus,4,6669
"(791.4947916666666, 287.3385416666667)",Veillonella,4,6670
"(787.3536585365854, 1273.6341463414635)",Selenomonas,4,6672
"(785.16, 1549.18)",Fusobacterium,4,6674
"(788.530303030303, 1634.060606060606)",Neisseria,4,6675
"(787.9902912621359, 1665.6796116504854)",Neisseria,4,6676
"(791.8941798941798, 71.76190476190476)",Veillonella,4,6677
"(788.1048951048951, 422.3776223776224)",Streptococcus,4,6678
"(786.448275862069, 1686.844827586207)",Neisseria,4,6680
"(790.6048780487805, 1096.7170731707317)",Streptococcus,4,6682
"(789.7047619047619, 1445.5714285714287)",Neisseria,4,6683
"(791.2142857142857, 1747.3809523809523)",Streptococcus,4,6684
"(789.6129032258065, 1779.0430107526881)",Neisseria,4,6685
"(790.4177215189874, 49.56962025316456)",Veillonella,4,6686
"(795.3205128205128, 263.6837606837607)",Veillonella,4,6688
"(792.0576923076923, 587.7692307692307)",Veillonella,4,6689
"(789.2881355932203, 731.5847457627119)",Veillonella,4,6690
"(790.8620689655172, 1020.4655172413793)",Veillonella,4,6691
"(789.0576923076923, 1210.423076923077)",Campylobacter,4,6692
"(788.5625, 1971.5833333333333)",Fusobacterium,4,6693
"(790.4961240310078, 708.7519379844962)",Veillonella,4,6694
"(792.123595505618, 859.9887640449438)",Veillonella,4,6695
"(793.2675159235669, 1408.0382165605095)",Neisseria,4,6697
"(793.1190476190476, 216.31746031746033)",Veillonella,4,6698
"(792.1228070175439, 612.9561403508771)",Veillonella,4,6699
"(796.7124183006536, 645.7908496732026)",Neisseria,4,6700
"(790.4193548387096, 842.8225806451613)",Veillonella,4,6701
"(791.0263157894736, 1330.9605263157894)",Neisseria,4,6702
"(792.4492753623189, 1920.463768115942)",Fusobacterium,4,6705
"(793.2666666666667, 157.82666666666665)",Neisseria,4,6706
"(792.5, 750.6129032258065)",Veillonella,4,6707
"(794.9384615384615, 956.6923076923077)",Selenomonas,4,6708
"(793.7926829268292, 1311.939024390244)",Neisseria,4,6710
"(794.6458333333334, 1615.0104166666667)",Neisseria,4,6712
"(795.5408163265306, 30.520408163265305)",Veillonella,4,6714
"(792.9855072463768, 552.8840579710145)",Fusobacterium,4,6715
"(794.4404761904761, 1007.7142857142857)",Veillonella,4,6716
"(794.8030303030303, 1896.9545454545455)",Streptococcus,4,6719
"(793.8235294117648, 1907.313725490196)",Porphyromonas,4,6720
"(795.6842105263158, 1960.9894736842105)",Streptococcus,4,6721
"(794.6666666666666, 348.74603174603175)",Streptococcus,4,6722
"(796.3571428571429, 364.73015873015873)",Veillonella,4,6723
"(795.6744186046511, 794.2674418604652)",Veillonella,4,6725
"(793.8, 824.28)",Veillonella,4,6726
"(798.4913294797688, 1141.8901734104047)",Neisseria,4,6727
"(795.8534482758621, 1241.301724137931)",Neisseria,4,6728
"(797.2380952380952, 1260.847619047619)",Neisseria,4,6729
"(794.8823529411765, 1342.8235294117646)",Neisseria,4,6730
"(802.2444444444444, 1546.32)",Neisseria,4,6731
"(796.2166666666667, 1563.9833333333333)",Neisseria,4,6732
"(797.5930232558139, 1579.953488372093)",Treponema,4,6733
"(797.5952380952381, 1678.2698412698412)",Neisseria,4,6734
"(794.0441176470588, 1768.8970588235295)",Neisseria,4,6735
"(796.2035398230089, 1834.4424778761063)",Treponema,4,6736
"(798.4310344827586, 680.2672413793103)",Veillonella,4,6737
"(806.0780487804878, 831.6048780487805)",Veillonella,4,6738
"(796.049504950495, 916.5148514851485)",Veillonella,4,6739
"(797.4086021505376, 1469.8978494623657)",Neisseria,4,6740
"(797.5315315315315, 190.7117117117117)",Veillonella,4,6741
"(796.15, 234.7)",Veillonella,4,6742
"(804.3227272727273, 311.72727272727275)",Streptococcus,4,6743
"(800.1780821917808, 450.6506849315069)",Veillonella,4,6744
"(796.439393939394, 769.9242424242424)",Veillonella,4,6745
"(797.3652173913043, 896.8086956521739)",Veillonella,4,6746
"(799.2244897959183, 987.7448979591836)",Veillonella,4,6747
"(795.828947368421, 1696.7631578947369)",Treponema,4,6749
"(796.4347826086956, 1732.2608695652175)",Treponema,4,6750
"(798.7676056338029, 96.19718309859155)",Veillonella,4,6753
"(799.4958677685951, 332.0413223140496)",Neisseria,4,6754
"(798.2035398230089, 467.72566371681415)",Streptococcus,4,6755
"(801.5406976744187, 520.0348837209302)",Saccharibacteria,4,6756
"(799.9029850746268, 563.8955223880597)",Streptococcus,4,6757
"(799.0909090909091, 1033.5174825174824)",Veillonella,4,6758
"(799.0, 1188.929203539823)",Neisseria,4,6759
"(802.2584269662922, 1424.8539325842696)",Neisseria,4,6760
"(802.6312056737588, 173.0212765957447)",Veillonella,4,6761
"(800.1076923076923, 483.3)",Streptococcus,4,6762
"(797.8793103448276, 540.8275862068965)",Streptococcus,4,6763
"(799.3214285714286, 761.5238095238095)",Veillonella,4,6764
"(799.0491803278688, 880.2786885245902)",Veillonella,4,6765
"(803.2830188679245, 1706.7641509433963)",Fusobacterium,4,6766
"(797.123076923077, 1798.8153846153846)",Neisseria,4,6767
"(801.5897435897435, 1932.948717948718)",Streptococcus,4,6768
"(799.28, 666.9866666666667)",Veillonella,4,6770
"(806.6758620689656, 866.6827586206897)",Veillonella,4,6771
"(800.34375, 1201.9166666666667)",Treponema,4,6772
"(803.2564102564103, 1227.4615384615386)",Neisseria,4,6773
"(798.7190082644628, 1297.0247933884298)",Neisseria,4,6774
"(798.975, 1987.2375)",Streptococcus,4,6775
"(801.0, 117.50819672131148)",Neisseria,4,6776
"(800.3787878787879, 400.4848484848485)",Streptococcus,4,6777
"(807.9759036144578, 417.52710843373495)",Pasteurellaceae,4,6778
"(804.0736196319018, 702.7730061349694)",Veillonella,4,6779
"(800.4920634920635, 1816.6825396825398)",Streptococcus,4,6780
"(800.5, 1857.3333333333333)",Streptococcus,4,6781
"(809.8820512820513, 736.8102564102564)",Veillonella,4,6783
"(806.7894736842105, 809.1929824561404)",Veillonella,4,6784
"(801.9746835443038, 972.4050632911392)",Veillonella,4,6785
"(803.875, 1079.453947368421)",Streptococcus,4,6786
"(802.1021897810219, 1365.8175182481752)",Neisseria,4,6788
"(800.3529411764706, 1512.4941176470588)",Neisseria,4,6789
"(802.4634146341464, 1875.341463414634)",Streptococcus,4,6790
"(803.6338028169014, 724.3521126760563)",Veillonella,4,6791
"(802.4, 1494.221052631579)",Neisseria,4,6792
"(801.4150943396227, 1743.6792452830189)",Neisseria,4,6793
"(802.3137254901961, 1786.0588235294117)",Neisseria,4,6794
"(803.9333333333333, 42.48)",Veillonella,4,6795
"(806.5363636363636, 214.05454545454546)",Veillonella,4,6797
"(802.6455696202531, 592.493670886076)",Veillonella,4,6798
"(808.4472049689441, 1106.1614906832299)",Streptococcus,4,6799
"(803.6631578947369, 1278.8315789473684)",Neisseria,4,6801
"(803.7846153846153, 1328.6615384615384)",Neisseria,4,6802
"(802.0344827586207, 1384.8103448275863)",Neisseria,4,6803
"(803.1363636363636, 1598.2121212121212)",Fusobacterium,4,6804
"(803.6369863013699, 1652.2465753424658)",Neisseria,4,6805
"(802.5409836065573, 1720.2622950819673)",Neisseria,4,6806
"(806.6380952380953, 63.39047619047619)",Veillonella,4,6811
"(805.4857142857143, 245.71428571428572)",Veillonella,4,6812
"(811.5681818181819, 1046.0833333333333)",Streptococcus,4,6813
"(807.4142857142857, 1401.2285714285715)",Neisseria,4,6814
"(807.3241379310344, 147.35172413793103)",Veillonella,4,6815
"(808.3564356435644, 1010.3663366336634)",Veillonella,4,6816
"(805.9193548387096, 1316.532258064516)",Neisseria,4,6818
"(809.4268292682926, 1632.4512195121952)",Neisseria,4,6819
"(809.3589743589744, 345.0128205128205)",Pasteurellaceae,4,6823
"(808.5189873417721, 995.5189873417721)",Veillonella,4,6826
"(813.6268115942029, 1684.1376811594203)",Neisseria,4,6828
"(808.021052631579, 1904.8842105263159)",Streptococcus,4,6829
"(810.054794520548, 1942.4794520547946)",Streptococcus,4,6830
"(811.025974025974, 382.94805194805195)",Veillonella,4,6831
"(809.0, 503.6463414634146)",Veillonella,4,6832
"(808.7469879518072, 576.0602409638554)",Veillonella,4,6833
"(812.9271523178808, 933.1324503311258)",Veillonella,4,6834
"(807.4864864864865, 1353.054054054054)",Neisseria,4,6836
"(809.8148148148148, 1452.8641975308642)",Neisseria,4,6837
"(811.37106918239, 1960.308176100629)",Streptococcus,4,6838
"(807.8545454545455, 1975.581818181818)",Treponema,4,6839
"(810.3456790123457, 21.135802469135804)",Veillonella,4,6840
"(810.4086021505376, 274.9569892473118)",Veillonella,4,6842
"(816.8266666666667, 1246.5377777777778)",Neisseria,4,6844
"(808.5632183908046, 1771.0)",Neisseria,4,6845
"(809.2241379310345, 1848.7241379310344)",Streptococcus,4,6846
"(808.828125, 130.796875)",Veillonella,4,6847
"(810.7168141592921, 781.5132743362832)",Veillonella,4,6848
"(814.7339901477833, 1280.142857142857)",Neisseria,4,6849
"(811.7010309278351, 1613.5773195876288)",Neisseria,4,6850
"(813.8372093023256, 1754.8139534883721)",Neisseria,4,6851
"(812.5436893203884, 960.3495145631068)",Porphyromonas,4,6856
"(814.1081081081081, 537.9594594594595)",Streptococcus,4,6858
"(817.474025974026, 917.7857142857143)",Veillonella,4,6860
"(813.8651685393259, 1121.0337078651685)",Capnocytophaga,4,6861
"(811.5686274509804, 1156.4705882352941)",Neisseria,4,6863
"(812.4705882352941, 1209.3529411764705)",Streptococcus,4,6864
"(810.7843137254902, 1379.235294117647)",Neisseria,4,6865
"(815.4347826086956, 1474.9254658385094)",Neisseria,4,6866
"(812.8247422680413, 1531.1546391752577)",Treponema,4,6867
"(814.7952755905512, 1563.3149606299212)",Neisseria,4,6868
"(815.9545454545455, 1657.8818181818183)",Neisseria,4,6869
"(813.4684684684685, 1825.981981981982)",Streptococcus,4,6870
"(814.2686567164179, 81.44776119402985)",Veillonella,4,6872
"(816.0247933884298, 201.54545454545453)",Veillonella,4,6873
"(813.241935483871, 553.1774193548387)",Porphyromonas,4,6874
"(816.547770700637, 891.4713375796179)",Veillonella,4,6876
"(813.1125, 1141.8125)",Neisseria,4,6877
"(812.8979591836735, 1434.969387755102)",Neisseria,4,6879
"(813.0246913580247, 1510.8148148148148)",Neisseria,4,6880
"(814.1698113207547, 1864.188679245283)",Streptococcus,4,6881
"(821.8903225806451, 33.08387096774194)",Veillonella,4,6882
"(817.7870370370371, 126.33333333333333)",Veillonella,4,6883
"(820.0434782608696, 292.7173913043478)",Streptococcus,4,6884
"(815.6213592233009, 713.0097087378641)",Veillonella,4,6885
"(818.8482758620689, 752.2965517241379)",Veillonella,4,6886
"(814.3461538461538, 852.6153846153846)",Veillonella,4,6887
"(816.8806818181819, 1065.971590909091)",Fusobacterium,4,6888
"(815.8850574712644, 99.64367816091954)",Veillonella,4,6889
"(820.7317073170732, 459.4085365853659)",Actinomyces,4,6890
"(816.979020979021, 485.4125874125874)",Streptococcus,4,6891
"(815.1794871794872, 592.0128205128206)",Veillonella,4,6892
"(816.4269662921348, 609.123595505618)",Selenomonas,4,6893
"(817.5512820512821, 1021.8846153846154)",Selenomonas,4,6894
"(815.9066666666666, 1575.1333333333334)",Neisseria,4,6896
"(816.025, 229.675)",Veillonella,4,6898
"(820.5581395348837, 693.2170542635658)",Veillonella,4,6900
"(818.3875968992248, 1391.124031007752)",Neisseria,4,6903
"(818.7888888888889, 1499.9)",Neisseria,4,6904
"(816.7662337662338, 1588.7532467532467)",Neisseria,4,6905
"(815.6396396396397, 1719.1981981981983)",Treponema,4,6906
"(819.7938144329897, 1836.2577319587629)",Treponema,4,6907
"(820.9381443298969, 268.54639175257734)",Selenomonas,4,6909
"(816.3185840707964, 977.7610619469026)",Veillonella,4,6910
"(818.4835164835165, 1182.5494505494505)",Veillonella,4,6911
"(820.8766233766233, 1315.6363636363637)",Neisseria,4,6912
"(821.5263157894736, 1410.857142857143)",Neisseria,4,6913
"(818.8648648648649, 446.2162162162162)",Porphyromonas,4,6914
"(825.1284403669724, 522.7064220183486)",Porphyromonas,4,6915
"(817.2702702702703, 1082.6891891891892)",Streptococcus,4,6916
"(818.8636363636364, 1215.1818181818182)",Treponema,4,6917
"(821.4444444444445, 1617.5333333333333)",Neisseria,4,6918
"(823.3739837398374, 1732.7154471544716)",Neisseria,4,6919
"(820.2207792207793, 1445.6493506493507)",Neisseria,4,6923
"(819.5813953488372, 1790.3720930232557)",Neisseria,4,6924
"(821.0942408376964, 1889.4031413612565)",Streptococcus,4,6925
"(819.3448275862069, 1908.8793103448277)",Fusobacterium,4,6926
"(819.5125, 1919.625)",Streptococcus,4,6927
"(822.9677419354839, 7.010752688172043)",Veillonella,4,6928
"(822.0172413793103, 18.75862068965517)",Veillonella,4,6930
"(820.5573770491803, 187.327868852459)",Veillonella,4,6931
"(822.0449438202247, 325.6629213483146)",Neisseria,4,6932
"(820.5394736842105, 426.63157894736844)",Fusobacterium,4,6933
"(828.6763005780347, 866.5606936416185)",Veillonella,4,6934
"(821.15, 1371.075)",Neisseria,4,6935
"(828.2873563218391, 1697.942528735632)",Neisseria,4,6937
"(822.0793650793651, 1808.936507936508)",Neisseria,4,6939
"(827.7363636363636, 1991.2272727272727)",Streptococcus,4,6940
"(822.3875, 76.0375)",Veillonella,4,6941
"(827.4166666666666, 677.8928571428571)",Veillonella,4,6942
"(821.8153846153846, 842.6615384615385)",Veillonella,4,6943
"(823.5581395348837, 1197.9302325581396)",Neisseria,4,6944
"(821.8305084745763, 1351.1864406779662)",Neisseria,4,6945
"(822.0224719101124, 1770.7640449438202)",Neisseria,4,6946
"(822.7857142857143, 1976.0)",Fusobacterium,4,6947
"(826.4767441860465, 91.98837209302326)",Veillonella,4,6948
"(824.6559139784946, 634.8709677419355)",Neisseria,4,6949
"(825.3333333333334, 650.7261904761905)",Veillonella,4,6950
"(822.8939393939394, 663.5909090909091)",Veillonella,4,6951
"(823.457627118644, 1362.6440677966102)",Neisseria,4,6952
"(823.6101694915254, 1854.8813559322034)",Streptococcus,4,6953
"(826.1751824817518, 54.91970802919708)",Veillonella,4,6954
"(826.5408163265306, 474.4183673469388)",Pasteurellaceae,4,6955
"(824.1492537313433, 573.6492537313433)",Fusobacterium,4,6956
"(824.9920634920635, 953.7698412698413)",Veillonella,4,6959
"(825.1238095238095, 1339.5047619047618)",Neisseria,4,6960
"(824.1182795698925, 1642.032258064516)",Neisseria,4,6962
"(824.377358490566, 1937.9245283018868)",Streptococcus,4,6963
"(824.7314814814815, 1952.611111111111)",Streptococcus,4,6964
"(825.5217391304348, 247.68115942028984)",Veillonella,4,6965
"(827.3271028037383, 493.86915887850466)",Streptococcus,4,6966
"(826.3943661971831, 779.2253521126761)",Veillonella,4,6967
"(826.9568965517242, 1548.7068965517242)",Neisseria,4,6969
"(826.816513761468, 1666.1559633027523)",Neisseria,4,6970
"(827.8142857142857, 148.80714285714285)",Veillonella,4,6971
"(828.1369863013699, 178.6164383561644)",Veillonella,4,6972
"(827.1894736842105, 213.6315789473684)",Veillonella,4,6973
"(828.8684210526316, 341.63157894736844)",Selenomonas,4,6974
"(826.5571428571428, 506.62857142857143)",Streptococcus,4,6975
"(828.843537414966, 552.4081632653061)",Selenomonas,4,6976
"(828.9866666666667, 815.7466666666667)",Veillonella,4,6978
"(830.4812030075188, 992.4285714285714)",Veillonella,4,6979
"(828.1386138613861, 1008.5445544554456)",Veillonella,4,6980
"(827.2330097087379, 1033.1844660194174)",Selenomonas,4,6981
"(829.5283018867924, 1162.5141509433963)",Treponema,4,6982
"(827.6936936936937, 1275.882882882883)",Veillonella,4,6983
"(826.620253164557, 1303.6582278481012)",Veillonella,4,6984
"(827.6952380952381, 1515.990476190476)",Fusobacterium,4,6988
"(832.2926829268292, 1759.4308943089432)",Neisseria,4,6989
"(830.2886597938144, 1783.381443298969)",Neisseria,4,6990
"(828.1320754716982, 114.73584905660377)",Veillonella,4,6991
"(834.2198952879581, 389.7434554973822)",Veillonella,4,6992
"(828.2528735632184, 1092.2643678160919)",Fusobacterium,4,6993
"(826.948275862069, 1125.0689655172414)",Fusobacterium,4,6994
"(828.2727272727273, 1138.7272727272727)",Capnocytophaga,4,6995
"(830.1747572815534, 1532.485436893204)",Treponema,4,6996
"(827.6610169491526, 1586.949152542373)",Neisseria,4,6997
"(828.6666666666666, 594.3888888888889)",Veillonella,4,6998
"(832.6068376068376, 767.7777777777778)",Veillonella,4,6999
"(836.61, 1420.43)",Neisseria,4,7000
"(829.1343283582089, 1601.686567164179)",Campylobacter,4,7002
"(831.1090909090909, 1966.5636363636363)",Streptococcus,4,7003
"(829.7413793103449, 223.79310344827587)",Veillonella,4,7004
"(830.2463768115942, 609.1739130434783)",Pasteurellaceae,4,7006
"(831.2994652406417, 1055.2245989304813)",Streptococcus,4,7007
"(832.584, 1259.056)",Veillonella,4,7008
"(833.7205882352941, 1716.0441176470588)",Neisseria,4,7009
"(832.7372881355932, 1866.3474576271187)",Streptococcus,4,7010
"(834.5, 412.5045871559633)",Selenomonas,4,7011
"(833.6090909090909, 741.6727272727272)",Veillonella,4,7012
"(836.0897959183674, 969.7428571428571)",Veillonella,4,7013
"(831.0892857142857, 1571.8839285714287)",Neisseria,4,7014
"(832.1304347826087, 1626.855072463768)",Neisseria,4,7015
"(831.8933333333333, 127.16)",Veillonella,4,7016
"(832.5546875, 719.3984375)",Veillonella,4,7017
"(839.6372549019608, 1212.6225490196077)",Neisseria,4,7018
"(832.5753424657535, 1327.7671232876712)",Neisseria,4,7019
"(841.8510638297872, 1498.1117021276596)",Fusobacterium,4,7020
"(832.8169014084507, 1798.4788732394366)",Neisseria,4,7021
"(831.890243902439, 1919.6463414634147)",Streptococcus,4,7022
"(835.3245614035088, 106.4298245614035)",Veillonella,4,7023
"(847.3054755043228, 239.37463976945244)",Veillonella,4,7025
"(835.1428571428571, 437.90816326530614)",Veillonella,4,7026
"(836.5042735042736, 798.7350427350427)",Veillonella,4,7027
"(831.6610169491526, 1933.0169491525423)",Streptococcus,4,7029
"(834.3703703703703, 537.0185185185185)",Veillonella,4,7030
"(834.1803278688525, 562.327868852459)",Veillonella,4,7031
"(834.140625, 1473.3125)",Neisseria,4,7033
"(835.7678571428571, 1883.7589285714287)",Porphyromonas,4,7034
"(834.8032786885246, 79.9672131147541)",Veillonella,4,7036
"(833.8679245283018, 197.11320754716982)",Neisseria,4,7037
"(843.3468208092486, 297.4393063583815)",Veillonella,4,7038
"(839.0723404255319, 366.6340425531915)",Veillonella,4,7039
"(834.9454545454546, 755.6)",Veillonella,4,7040
"(834.7613636363636, 915.0681818181819)",Veillonella,4,7041
"(836.26, 1895.06)",Fusobacterium,4,7042
"(837.0434782608696, 273.04347826086956)",Veillonella,4,7043
"(836.6481481481482, 835.9074074074074)",Selenomonas,4,7044
"(836.8795180722891, 850.722891566265)",Veillonella,4,7045
"(837.0120481927711, 1077.120481927711)",Veillonella,4,7046
"(835.9166666666666, 1386.7833333333333)",Neisseria,4,7047
"(837.1086956521739, 1437.8695652173913)",Neisseria,4,7048
"(835.7777777777778, 1850.0)",Streptococcus,4,7049
"(837.3918918918919, 285.8243243243243)",Neisseria,4,7050
"(838.3943661971831, 451.9718309859155)",Veillonella,4,7051
"(841.5282051282052, 503.9076923076923)",Streptococcus,4,7052
"(837.0508474576271, 1283.677966101695)",Neisseria,4,7053
"(835.6229508196722, 1366.1147540983607)",Neisseria,4,7055
"(837.8671328671329, 1400.972027972028)",Neisseria,4,7056
"(839.2127659574468, 1650.468085106383)",Neisseria,4,7058
"(843.039603960396, 1744.930693069307)",Neisseria,4,7059
"(839.1854304635762, 1828.5099337748345)",Neisseria,4,7060
"(844.4166666666666, 22.416666666666668)",Veillonella,4,7061
"(840.027027027027, 259.56756756756755)",Veillonella,4,7062
"(838.8, 643.7851851851852)",Veillonella,4,7063
"(841.184, 44.384)",Veillonella,4,7064
"(839.0555555555555, 63.388888888888886)",Veillonella,4,7065
"(838.6184210526316, 945.8157894736842)",Veillonella,4,7066
"(838.1666666666666, 1126.9444444444443)",Fusobacterium,4,7067
"(844.1549295774648, 1181.75)",Fusobacterium,4,7068
"(841.1444444444444, 1814.0111111111112)",Neisseria,4,7070
"(840.9514563106796, 1955.7475728155339)",Streptococcus,4,7071
"(839.0, 1983.5344827586207)",Streptococcus,4,7072
"(840.2068965517242, 93.0)",Veillonella,4,7073
"(842.2210526315789, 220.16842105263157)",Veillonella,4,7074
"(839.95, 574.9)",Veillonella,4,7075
"(842.0852713178294, 620.937984496124)",Veillonella,4,7076
"(839.9677419354839, 697.258064516129)",Veillonella,4,7077
"(842.7664233576643, 1040.2554744525548)",Veillonella,4,7078
"(839.8305084745763, 1095.1694915254238)",Fusobacterium,4,7079
"(843.5531914893617, 1338.77304964539)",Neisseria,4,7080
"(840.75, 1666.7619047619048)",Neisseria,4,7082
"(839.4464285714286, 1975.2142857142858)",Treponema,4,7083
"(840.0, 468.9074074074074)",Pasteurellaceae,4,7084
"(841.375, 708.8214285714286)",Veillonella,4,7085
"(842.2463768115942, 980.7391304347826)",Veillonella,4,7086
"(841.1, 1560.1666666666667)",Neisseria,4,7087
"(844.1342281879195, 1586.2080536912752)",Neisseria,4,7088
"(841.746835443038, 1783.7721518987341)",Neisseria,4,7089
"(841.7307692307693, 75.0)",Veillonella,4,7090
"(842.3653846153846, 929.7307692307693)",Veillonella,4,7093
"(843.6703296703297, 1529.3076923076924)",Fusobacterium,4,7095
"(847.7100591715977, 1605.8520710059172)",Neisseria,4,7096
"(847.1533742331288, 174.15337423312883)",Veillonella,4,7097
"(844.7010309278351, 187.75257731958763)",Veillonella,4,7098
"(843.4647887323944, 675.4507042253521)",Veillonella,4,7099
"(843.5, 890.55)",Veillonella,4,7100
"(844.2784810126582, 1006.873417721519)",Veillonella,4,7101
"(846.9411764705883, 1018.8692810457517)",Veillonella,4,7102
"(844.2702702702703, 1109.1081081081081)",Fusobacterium,4,7103
"(845.3873873873874, 1245.3783783783783)",Veillonella,4,7104
"(842.2394366197183, 1929.1690140845071)",Streptococcus,4,7105
"(847.2666666666667, 203.65555555555557)",Veillonella,4,7106
"(850.5288461538462, 351.66346153846155)",Corynebacterium,4,7107
"(846.5769230769231, 381.4230769230769)",Veillonella,4,7108
"(846.1440677966102, 420.3135593220339)",Capnocytophaga,4,7109
"(847.956204379562, 1058.3357664233577)",Fusobacterium,4,7110
"(850.9141414141415, 1133.6010101010102)",Fusobacterium,4,7111
"(845.2560975609756, 1267.9878048780488)",Prevotella,4,7113
"(846.9242424242424, 1902.840909090909)",Fusobacterium,4,7114
"(847.15625, 1943.3645833333333)",Streptococcus,4,7115
"(845.9777777777778, 545.0777777777778)",Veillonella,4,7116
"(850.5882352941177, 585.4789915966387)",Veillonella,4,7117
"(845.7816091954023, 1320.6206896551723)",Neisseria,4,7118
"(845.171875, 1383.046875)",Neisseria,4,7119
"(844.9367088607595, 1515.26582278481)",Fusobacterium,4,7120
"(844.5098039215686, 1543.8823529411766)",Capnocytophaga,4,7121
"(848.5123966942149, 1634.685950413223)",Neisseria,4,7122
"(850.4109589041096, 1727.472602739726)",Neisseria,4,7123
"(845.6111111111111, 161.83333333333334)",Veillonella,4,7124
"(847.7857142857143, 525.5793650793651)",Streptococcus,4,7125
"(848.780487804878, 824.9756097560976)",Veillonella,4,7127
"(849.8896103896104, 1091.5324675324675)",Fusobacterium,4,7128
"(846.5, 1365.1891891891892)",Neisseria,4,7129
"(847.0, 1468.767857142857)",Neisseria,4,7130
"(852.640625, 109.47916666666667)",Veillonella,4,7132
"(848.7619047619048, 485.04761904761904)",Veillonella,4,7133
"(853.1355140186915, 1299.9906542056074)",Neisseria,4,7134
"(853.4114285714286, 1673.2114285714285)",Neisseria,4,7135
"(850.4691358024692, 1689.5246913580247)",Neisseria,4,7136
"(850.4404761904761, 1804.7380952380952)",Neisseria,4,7137
"(847.625, 1847.9583333333333)",Campylobacter,4,7138
"(851.406015037594, 1992.609022556391)",Treponema,4,7139
"(852.5336787564767, 321.8860103626943)",Streptococcus,4,7140
"(848.183908045977, 1454.9770114942528)",Neisseria,4,7142
"(847.9848484848485, 1484.1818181818182)",Neisseria,4,7143
"(849.6585365853658, 1879.2560975609756)",Streptococcus,4,7145
"(849.9295774647887, 142.71830985915494)",Veillonella,4,7147
"(851.1428571428571, 699.8461538461538)",Veillonella,4,7148
"(849.8842105263158, 772.0105263157894)",Veillonella,4,7149
"(849.6354166666666, 865.5520833333334)",Veillonella,4,7150
"(849.25, 937.1527777777778)",Veillonella,4,7151
"(851.3035714285714, 1663.0357142857142)",Neisseria,4,7154
"(851.1123595505618, 59.71910112359551)",Veillonella,4,7155
"(852.8840579710145, 275.10869565217394)",Streptococcus,4,7156
"(851.34375, 438.6458333333333)",Fusobacterium,4,7157
"(851.702380952381, 569.8333333333334)",Veillonella,4,7158
"(849.7894736842105, 733.5964912280701)",Veillonella,4,7159
"(851.1333333333333, 748.6933333333334)",Veillonella,4,7160
"(855.0828025477707, 924.9108280254777)",Veillonella,4,7161
"(852.4634146341464, 995.2845528455284)",Veillonella,4,7162
"(850.6346153846154, 1351.4038461538462)",Neisseria,4,7164
"(851.0602409638554, 1426.1566265060242)",Neisseria,4,7165
"(851.2333333333333, 1438.9833333333333)",Neisseria,4,7166
"(851.9587628865979, 1771.8453608247423)",Neisseria,4,7167
"(854.2384615384616, 399.83846153846156)",Veillonella,4,7168
"(852.0079365079365, 792.7301587301587)",Veillonella,4,7169
"(852.0983606557377, 1568.1967213114754)",Neisseria,4,7170
"(854.5419847328244, 1864.6946564885495)",Streptococcus,4,7171
"(856.0884353741496, 88.60544217687075)",Veillonella,4,7172
"(852.6538461538462, 462.3269230769231)",Veillonella,4,7173
"(853.9022556390977, 844.8947368421053)",Veillonella,4,7174
"(852.0919540229885, 948.8275862068965)",Veillonella,4,7175
"(854.7547169811321, 1793.2924528301887)",Neisseria,4,7176
"(853.4, 600.04)",Veillonella,4,7177
"(853.9016393442623, 834.9016393442623)",Veillonella,4,7178
"(853.515625, 1076.34375)",Fusobacterium,4,7179
"(854.64, 1265.62)",Leptotrichia,4,7180
"(858.7901234567901, 339.8641975308642)",Streptococcus,4,7183
"(854.7848837209302, 656.2441860465116)",Veillonella,4,7184
"(854.9690721649484, 721.0721649484536)",Veillonella,4,7185
"(863.545, 818.595)",Veillonella,4,7186
"(860.8366336633663, 1199.039603960396)",Fusobacterium,4,7187
"(853.5714285714286, 1395.438775510204)",Neisseria,4,7188
"(858.9194630872483, 1701.255033557047)",Neisseria,4,7189
"(855.2857142857143, 151.98214285714286)",Veillonella,4,7190
"(854.8831168831168, 966.1038961038961)",Veillonella,4,7191
"(856.8091603053435, 1157.4045801526718)",Fusobacterium,4,7192
"(856.4875, 1650.1625)",Veillonella,4,7193
"(856.1095890410959, 1757.054794520548)",Neisseria,4,7195
"(857.6195652173913, 1953.9021739130435)",Streptococcus,4,7196
"(858.4625, 1347.25)",Neisseria,4,7200
"(858.8, 1530.96)",Treponema,4,7202
"(855.4905660377359, 1558.0754716981132)",Neisseria,4,7203
"(857.4945054945055, 1620.4945054945056)",Fusobacterium,4,7204
"(864.7396449704142, 10.621301775147929)",Veillonella,4,7205
"(855.9454545454546, 42.63636363636363)",Veillonella,4,7206
"(857.9571428571429, 136.55714285714285)",Veillonella,4,7207
"(856.8762886597938, 613.8350515463917)",Capnocytophaga,4,7209
"(858.4310344827586, 684.1206896551724)",Veillonella,4,7210
"(857.5915492957746, 884.8169014084507)",Veillonella,4,7211
"(860.0857142857143, 1035.0642857142857)",Streptococcus,4,7212
"(861.4409448818898, 1115.015748031496)",Fusobacterium,4,7213
"(858.359375, 163.953125)",Veillonella,4,7214
"(862.6666666666666, 802.8888888888889)",Veillonella,4,7215
"(858.179104477612, 1066.597014925373)",Fusobacterium,4,7216
"(858.6181818181818, 1417.5272727272727)",Neisseria,4,7217
"(860.0446428571429, 1584.4732142857142)",Neisseria,4,7218
"(858.9402985074627, 1910.0746268656717)",Fusobacterium,4,7219
"(860.9285714285714, 221.39795918367346)",Veillonella,4,7221
"(861.0, 636.1847826086956)",Veillonella,4,7222
"(858.4757281553398, 902.0970873786408)",Veillonella,4,7223
"(861.6857142857143, 1281.6742857142858)",Streptococcus,4,7224
"(862.3706293706293, 1323.8881118881118)",Neisseria,4,7225
"(859.3913043478261, 1546.072463768116)",Fusobacterium,4,7226
"(860.1935483870968, 196.33333333333334)",Veillonella,4,7227
"(860.8055555555555, 376.47222222222223)",Saccharibacteria,4,7228
"(860.9565217391304, 1241.927536231884)",Neisseria,4,7230
"(865.360655737705, 1377.1311475409836)",Neisseria,4,7231
"(860.7936507936508, 1517.7619047619048)",Fusobacterium,4,7232
"(867.8514285714285, 1738.5085714285715)",Neisseria,4,7233
"(862.581081081081, 1780.7297297297298)",Neisseria,4,7234
"(862.8235294117648, 304.99159663865544)",Veillonella,4,7235
"(864.1190476190476, 1479.3809523809523)",Neisseria,4,7237
"(861.4634146341464, 1894.219512195122)",Streptococcus,4,7238
"(860.7027027027027, 1981.7702702702702)",Treponema,4,7239
"(862.3855421686746, 429.86746987951807)",Neisseria,4,7240
"(865.9097744360902, 530.0075187969925)",Streptococcus,4,7241
"(867.5, 569.6666666666666)",Veillonella,4,7242
"(862.3488372093024, 769.9302325581396)",Veillonella,4,7243
"(867.1695906432749, 868.46783625731)",Veillonella,4,7244
"(863.044776119403, 1217.7313432835822)",Neisseria,4,7245
"(862.4492753623189, 1405.1014492753623)",Neisseria,4,7246
"(862.6197183098592, 1441.2676056338028)",Neisseria,4,7247
"(865.9636363636364, 1463.3)",Neisseria,4,7249
"(863.76, 1812.9866666666667)",Neisseria,4,7250
"(866.4130434782609, 124.25)",Veillonella,4,7252
"(867.3809523809524, 502.9404761904762)",Veillonella,4,7253
"(864.1282051282051, 1095.3333333333333)",Fusobacterium,4,7254
"(865.5897435897435, 27.03846153846154)",Veillonella,4,7255
"(864.7355371900826, 78.07438016528926)",Veillonella,4,7257
"(863.6037735849056, 1143.1509433962265)",Fusobacterium,4,7259
"(867.3142857142857, 1227.2285714285715)",Neisseria,4,7260
"(866.4875, 1256.7375)",Neisseria,4,7261
"(866.4065934065934, 1597.956043956044)",Neisseria,4,7262
"(866.1860465116279, 1865.546511627907)",Fusobacterium,4,7263
"(865.1282051282051, 388.88461538461536)",Neisseria,4,7264
"(866.0454545454545, 484.1931818181818)",Neisseria,4,7265
"(865.7068965517242, 711.3620689655172)",Veillonella,4,7266
"(865.2835820895523, 965.3582089552239)",Veillonella,4,7267
"(868.0301507537688, 1009.5628140703518)",Veillonella,4,7268
"(864.3272727272728, 1499.3272727272727)",Fusobacterium,4,7269
"(865.7671232876712, 1720.4246575342465)",Neisseria,4,7270
"(868.7463768115942, 1846.391304347826)",Neisseria,4,7271
"(868.689393939394, 413.18939393939394)",Veillonella,4,7274
"(870.1333333333333, 552.8)",Veillonella,4,7275
"(866.2903225806451, 594.4677419354839)",Veillonella,4,7276
"(870.8571428571429, 620.6326530612245)",Veillonella,4,7277
"(868.3246753246754, 1994.6883116883116)",Treponema,4,7278
"(868.7314814814815, 276.2037037037037)",Neisseria,4,7280
"(867.1475409836065, 333.9344262295082)",Fusobacterium,4,7281
"(868.2747252747253, 671.0)",Veillonella,4,7282
"(867.6495726495726, 945.3760683760684)",Veillonella,4,7283
"(867.4375, 1063.25)",Streptococcus,4,7284
"(874.3795918367347, 1180.461224489796)",Capnocytophaga,4,7285
"(867.6543209876543, 1393.0864197530864)",Neisseria,4,7286
"(867.0, 1427.6909090909091)",Neisseria,4,7287
"(868.9894736842106, 1572.7052631578947)",Neisseria,4,7288
"(867.1971830985915, 152.7605633802817)",Veillonella,4,7290
"(868.0, 179.5)",Veillonella,4,7291
"(868.7872340425532, 467.6595744680851)",Pasteurellaceae,4,7292
"(867.9555555555555, 752.7333333333333)",Veillonella,4,7293
"(869.1028037383178, 978.4579439252336)",Veillonella,4,7294
"(871.7535211267606, 1075.718309859155)",Streptococcus,4,7295
"(868.3770491803278, 1136.8524590163934)",Fusobacterium,4,7296
"(873.2719298245614, 1820.578947368421)",Treponema,4,7297
"(877.0410958904109, 236.0205479452055)",Veillonella,4,7298
"(868.4736842105264, 731.9894736842106)",Veillonella,4,7299
"(869.4772727272727, 909.5)",Veillonella,4,7301
"(874.2421052631579, 1314.2736842105264)",Veillonella,4,7302
"(869.9090909090909, 1627.810606060606)",Neisseria,4,7305
"(869.223880597015, 1933.0746268656717)",Porphyromonas,4,7306
"(870.4893617021277, 59.138297872340424)",Veillonella,4,7307
"(869.574074074074, 457.5925925925926)",Pasteurellaceae,4,7308
"(872.1967213114754, 520.311475409836)",Capnocytophaga,4,7309
"(871.2377622377622, 698.6083916083916)",Veillonella,4,7310
"(870.1587301587301, 789.015873015873)",Veillonella,4,7311
"(870.6964285714286, 1336.580357142857)",Neisseria,4,7312
"(870.2686567164179, 1368.6567164179105)",Neisseria,4,7313
"(875.3206106870228, 106.29770992366412)",Veillonella,4,7314
"(872.8141592920354, 190.38053097345133)",Veillonella,4,7315
"(871.8359375, 361.6328125)",Neisseria,4,7316
"(878.8685714285714, 1549.2057142857143)",Neisseria,4,7318
"(874.0340909090909, 1941.625)",Treponema,4,7319
"(873.0823529411765, 210.03529411764706)",Veillonella,4,7320
"(871.8818181818182, 840.1818181818181)",Veillonella,4,7321
"(873.0833333333334, 1353.5833333333333)",Neisseria,4,7322
"(877.4775280898876, 1751.3370786516855)",Neisseria,4,7324
"(873.5, 1912.0)",Fusobacterium,4,7325
"(872.068493150685, 1954.4383561643835)",Treponema,4,7326
"(877.824, 1981.096)",Treponema,4,7327
"(876.8984375, 300.859375)",Selenomonas,4,7328
"(876.9845360824743, 1771.340206185567)",Neisseria,4,7329
"(873.068493150685, 1798.7671232876712)",Neisseria,4,7330
"(875.625, 1872.4318181818182)",Fusobacterium,4,7331
"(875.5714285714286, 1966.9571428571428)",Campylobacter,4,7332
"(879.6159420289855, 44.07971014492754)",Veillonella,4,7333
"(873.7115384615385, 443.59615384615387)",Neisseria,4,7334
"(878.9407894736842, 931.578947368421)",Veillonella,4,7335
"(875.8133333333334, 1447.5466666666666)",Neisseria,4,7336
"(874.7699115044247, 649.6460176991151)",Veillonella,4,7337
"(876.1176470588235, 679.8470588235294)",Veillonella,4,7338
"(881.795918367347, 1299.9591836734694)",Veillonella,4,7340
"(877.5909090909091, 1411.1060606060605)",Neisseria,4,7341
"(874.9864864864865, 1519.5945945945946)",Fusobacterium,4,7342
"(882.028901734104, 1708.8612716763005)",Neisseria,4,7343
"(876.8583333333333, 165.325)",Veillonella,4,7344
"(877.8028169014085, 343.3521126760563)",Neisseria,4,7345
"(877.1162790697674, 431.4186046511628)",Pasteurellaceae,4,7346
"(875.75, 537.1)",Fusobacterium,4,7347
"(879.3255813953489, 1052.5891472868218)",Veillonella,4,7348
"(876.021978021978, 1897.5604395604396)",Streptococcus,4,7349
"(879.2554744525547, 250.1824817518248)",Treponema,4,7350
"(878.0955882352941, 384.11764705882354)",Neisseria,4,7351
"(878.1451612903226, 660.0)",Veillonella,4,7352
"(876.7014925373135, 718.1641791044776)",Veillonella,4,7353
"(878.0235294117647, 777.9882352941177)",Veillonella,4,7354
"(877.475, 1029.175)",Veillonella,4,7356
"(876.7042253521126, 1106.8450704225352)",Fusobacterium,4,7357
"(880.1176470588235, 1242.5980392156862)",Streptococcus,4,7359
"(879.2156862745098, 1476.5588235294117)",Selenomonas,4,7360
"(876.7428571428571, 1494.5857142857142)",Fusobacterium,4,7361
"(882.4494382022472, 135.22471910112358)",Veillonella,4,7362
"(877.921875, 222.859375)",Veillonella,4,7363
"(878.1343283582089, 597.3134328358209)",Veillonella,4,7364
"(878.4516129032259, 890.5483870967741)",Veillonella,4,7365
"(880.0888888888888, 951.8444444444444)",Veillonella,4,7366
"(878.4795918367347, 1089.1938775510205)",Streptococcus,4,7367
"(878.7413793103449, 1614.8275862068965)",Neisseria,4,7368
"(877.5915492957746, 1838.380281690141)",Neisseria,4,7369
"(879.3111111111111, 25.644444444444446)",Veillonella,4,7370
"(879.9555555555555, 613.3111111111111)",Veillonella,4,7371
"(879.9213483146067, 632.4943820224719)",Veillonella,4,7372
"(886.9150326797386, 1360.1307189542483)",Neisseria,4,7373
"(879.6833333333333, 1510.5)",Fusobacterium,4,7374
"(879.967032967033, 1531.3736263736264)",Fusobacterium,4,7375
"(880.4788732394367, 1791.8309859154929)",Neisseria,4,7377
"(881.9888888888889, 285.18888888888887)",Veillonella,4,7378
"(880.2045454545455, 805.4431818181819)",Veillonella,4,7379
"(886.6309523809524, 1121.8690476190477)",Neisseria,4,7380
"(881.0947368421052, 1157.463157894737)",Veillonella,4,7381
"(880.05, 1583.7125)",Campylobacter,4,7382
"(883.1205673758865, 324.5673758865248)",Veillonella,4,7383
"(881.7588652482269, 498.43971631205676)",Veillonella,4,7384
"(881.0900900900901, 1215.054054054054)",Selenomonas,4,7385
"(881.7313432835821, 1271.1791044776119)",Neisseria,4,7386
"(880.1176470588235, 1562.7794117647059)",Treponema,4,7387
"(883.1020408163265, 471.01020408163265)",Veillonella,4,7388
"(881.6268656716418, 584.9701492537314)",Veillonella,4,7389
"(882.2567567567568, 698.5405405405405)",Veillonella,4,7390
"(885.7053571428571, 755.25)",Veillonella,4,7391
"(886.542372881356, 848.3728813559322)",Veillonella,4,7392
"(883.9230769230769, 1387.957264957265)",Neisseria,4,7393
"(884.010752688172, 1630.236559139785)",Neisseria,4,7394
"(884.7647058823529, 1923.4607843137255)",Fusobacterium,4,7395
"(889.6304347826087, 265.6630434782609)",Neisseria,4,7396
"(885.2657342657343, 448.3286713286713)",Pasteurellaceae,4,7397
"(881.917808219178, 736.2876712328767)",Selenomonas,4,7398
"(889.4594594594595, 913.927927927928)",Veillonella,4,7399
"(889.0534351145038, 1260.3435114503816)",Fusobacterium,4,7400
"(882.3529411764706, 1438.0588235294117)",Neisseria,4,7402
"(883.0175438596491, 1607.4912280701753)",Neisseria,4,7404
"(892.8212765957447, 102.45957446808511)",Veillonella,4,7405
"(884.9512195121952, 421.3170731707317)",Pasteurellaceae,4,7406
"(884.6785714285714, 744.8571428571429)",Veillonella,4,7407
"(886.5185185185185, 996.7460317460317)",Veillonella,4,7408
"(887.72, 1374.91)",Neisseria,4,7410
"(887.5050505050505, 204.2929292929293)",Veillonella,4,7411
"(888.6970954356847, 395.2655601659751)",Neisseria,4,7412
"(889.5454545454545, 766.4040404040404)",Veillonella,4,7413
"(885.3676470588235, 830.3823529411765)",Veillonella,4,7414
"(888.554347826087, 963.3586956521739)",Veillonella,4,7415
"(886.6433566433567, 1324.8881118881118)",Prevotella,4,7416
"(888.8, 1863.33)",Neisseria,4,7417
"(886.3174603174604, 175.88888888888889)",Veillonella,4,7419
"(897.0505415162455, 973.797833935018)",Veillonella,4,7420
"(887.8857142857142, 1140.847619047619)",Veillonella,4,7421
"(886.8103448275862, 1284.7931034482758)",Prevotella,4,7422
"(886.0875, 1801.5625)",Treponema,4,7423
"(888.2285714285714, 59.285714285714285)",Veillonella,4,7424
"(888.6071428571429, 671.4285714285714)",Veillonella,4,7425
"(891.7362637362637, 868.1868131868132)",Veillonella,4,7426
"(897.2391304347826, 1196.7228260869565)",Veillonella,4,7428
"(887.1775700934579, 1345.3084112149534)",Neisseria,4,7429
"(889.3333333333334, 1577.8703703703704)",Treponema,4,7431
"(888.5, 1728.7333333333333)",Neisseria,4,7433
"(890.8686868686868, 1881.969696969697)",Fusobacterium,4,7434
"(886.375, 1950.5)",Fusobacterium,4,7435
"(888.7863247863248, 353.22222222222223)",Neisseria,4,7436
"(889.5681818181819, 370.8863636363636)",Neisseria,4,7437
"(888.8613138686131, 545.021897810219)",Selenomonas,4,7438
"(889.3015873015873, 188.06349206349208)",Veillonella,4,7440
"(892.5620437956204, 522.2189781021898)",Veillonella,4,7441
"(888.0526315789474, 647.0350877192982)",Veillonella,4,7442
"(888.969696969697, 720.7727272727273)",Veillonella,4,7443
"(891.0382165605096, 787.7324840764331)",Streptococcus,4,7444
"(888.3076923076923, 1227.9615384615386)",Veillonella,4,7445
"(891.4787234042553, 1634.563829787234)",Treponema,4,7446
"(888.75, 1813.2333333333333)",Neisseria,4,7447
"(895.1293103448276, 306.98706896551727)",Porphyromonas,4,7448
"(894.6037735849056, 1402.877358490566)",Neisseria,4,7449
"(892.2982456140351, 1763.7368421052631)",Neisseria,4,7450
"(892.0608695652174, 1826.8521739130435)",Treponema,4,7451
"(889.2307692307693, 1968.3974358974358)",Treponema,4,7452
"(891.6705882352941, 891.364705882353)",Veillonella,4,7454
"(896.1020408163265, 1101.2142857142858)",Fusobacterium,4,7455
"(891.4827586206897, 1740.4655172413793)",Neisseria,4,7457
"(891.4929577464789, 1850.4788732394366)",Neisseria,4,7458
"(891.0229885057471, 1903.9195402298851)",Fusobacterium,4,7459
"(892.1875, 482.7395833333333)",Pasteurellaceae,4,7460
"(891.5, 687.3977272727273)",Veillonella,4,7462
"(893.3513513513514, 817.918918918919)",Veillonella,4,7463
"(895.896, 1216.928)",Veillonella,4,7464
"(895.6627906976744, 1445.2325581395348)",Neisseria,4,7465
"(896.0853658536586, 1489.5121951219512)",Fusobacterium,4,7466
"(895.8918918918919, 1655.2117117117118)",Treponema,4,7467
"(894.2098765432099, 1937.0246913580247)",Streptococcus,4,7469
"(894.3766233766233, 17.68831168831169)",Veillonella,4,7470
"(893.1944444444445, 223.13888888888889)",Veillonella,4,7471
"(894.8895348837209, 1020.1569767441861)",Veillonella,4,7472
"(897.6411483253588, 1519.5358851674641)",Fusobacterium,4,7474
"(895.9911504424779, 1569.575221238938)",Fusobacterium,4,7475
"(894.2380952380952, 579.1666666666666)",Veillonella,4,7476
"(895.5548387096774, 603.6774193548387)",Veillonella,4,7477
"(893.5, 707.5)",Veillonella,4,7478
"(894.4965986394558, 1426.7823129251701)",Neisseria,4,7479
"(896.7603305785124, 76.20661157024793)",Veillonella,4,7481
"(900.801724137931, 208.18965517241378)",Veillonella,4,7482
"(896.7252747252747, 1079.9450549450548)",Capnocytophaga,4,7483
"(896.1325301204819, 1305.289156626506)",Neisseria,4,7484
"(896.1904761904761, 1475.047619047619)",Fusobacterium,4,7485
"(899.9461538461538, 1590.9769230769232)",Fusobacterium,4,7487
"(898.0173913043478, 436.0)",Veillonella,4,7489
"(896.1111111111111, 500.68888888888887)",Pasteurellaceae,4,7490
"(899.1172413793104, 623.4206896551724)",Veillonella,4,7491
"(896.7377049180328, 1047.7704918032787)",Fusobacterium,4,7492
"(897.0220588235294, 1178.0441176470588)",Veillonella,4,7493
"(903.375, 1749.0875)",Neisseria,4,7494
"(898.0340909090909, 1792.2954545454545)",Treponema,4,7495
"(896.6, 1956.709090909091)",Fusobacterium,4,7496
"(897.1481481481482, 160.8148148148148)",Veillonella,4,7497
"(902.7134502923976, 464.1578947368421)",Pasteurellaceae,4,7498
"(898.2698412698413, 1556.3015873015872)",Streptococcus,4,7500
"(906.5958083832336, 1708.7634730538923)",Neisseria,4,7501
"(902.224, 250.464)",Veillonella,4,7502
"(901.5245098039215, 338.97058823529414)",Selenomonas,4,7503
"(897.1111111111111, 405.5925925925926)",Pasteurellaceae,4,7504
"(898.3030303030303, 656.4646464646464)",Veillonella,4,7505
"(898.8813559322034, 1063.8474576271187)",Streptococcus,4,7507
"(903.1342281879195, 1159.1744966442952)",Veillonella,4,7508
"(900.936507936508, 1251.2910052910054)",Treponema,4,7510
"(899.9705882352941, 1345.3970588235295)",Neisseria,4,7511
"(899.8471337579617, 1458.0382165605095)",Neisseria,4,7512
"(902.7123287671233, 1605.7397260273972)",Treponema,4,7513
"(898.7846153846153, 1983.876923076923)",Treponema,4,7514
"(901.0833333333334, 284.24242424242425)",Neisseria,4,7515
"(906.2265625, 356.0625)",Capnocytophaga,4,7516
"(900.1538461538462, 1125.4923076923078)",Veillonella,4,7518
"(898.8378378378378, 1974.3243243243244)",Treponema,4,7519
"(900.2045454545455, 563.0340909090909)",Veillonella,4,7520
"(903.2857142857143, 844.0)",Neisseria,4,7521
"(899.7592592592592, 1500.3703703703704)",Fusobacterium,4,7522
"(902.0674157303371, 1625.4943820224719)",Fusobacterium,4,7523
"(900.2394366197183, 1925.338028169014)",Fusobacterium,4,7524
"(905.4776119402985, 53.26865671641791)",Veillonella,4,7526
"(901.1237113402062, 125.03092783505154)",Veillonella,4,7527
"(907.3459119496855, 1806.2767295597484)",Treponema,4,7529
"(906.7878787878788, 1888.8909090909092)",Fusobacterium,4,7530
"(903.0, 177.7258064516129)",Veillonella,4,7531
"(904.5, 418.0147058823529)",Veillonella,4,7532
"(901.7183098591549, 752.7042253521126)",Veillonella,4,7533
"(908.4749034749035, 1273.6718146718147)",Selenomonas,4,7534
"(902.0119047619048, 1385.892857142857)",Neisseria,4,7535
"(902.688524590164, 1411.4262295081967)",Neisseria,4,7536
"(906.0090909090909, 34.8)",Veillonella,4,7537
"(903.4328358208955, 512.6119402985074)",Veillonella,4,7538
"(905.7777777777778, 738.4814814814815)",Veillonella,4,7539
"(903.2578616352201, 801.930817610063)",Neisseria,4,7540
"(903.1272727272727, 885.4181818181818)",Veillonella,4,7541
"(906.26, 1822.86)",Fusobacterium,4,7542
"(905.3181818181819, 680.8257575757576)",Veillonella,4,7543
"(904.9150943396227, 929.3301886792453)",Veillonella,4,7544
"(903.6842105263158, 1136.6140350877192)",Neisseria,4,7545
"(907.2631578947369, 1686.1842105263158)",Neisseria,4,7546
"(910.1868686868687, 1768.9545454545455)",Neisseria,4,7547
"(908.6407766990292, 1856.2912621359224)",Neisseria,4,7548
"(906.2291666666666, 1869.5625)",Neisseria,4,7549
"(906.4142857142857, 449.0285714285714)",Veillonella,4,7550
"(906.9317073170731, 542.829268292683)",Capnocytophaga,4,7551
"(905.3018867924528, 665.9622641509434)",Veillonella,4,7552
"(906.0759493670886, 774.0253164556962)",Veillonella,4,7553
"(907.2459016393443, 953.8770491803278)",Veillonella,4,7555
"(909.2105263157895, 1672.0751879699249)",Treponema,4,7557
"(905.3424657534247, 1841.1917808219177)",Treponema,4,7558
"(907.0405405405405, 114.85135135135135)",Veillonella,4,7559
"(908.5365853658536, 197.09756097560975)",Veillonella,4,7560
"(907.8833333333333, 1034.1666666666667)",Fusobacterium,4,7561
"(908.2792792792793, 1731.936936936937)",Neisseria,4,7562
"(907.4246575342465, 1786.0)",Streptococcus,4,7563
"(911.7086092715232, 1914.41059602649)",Fusobacterium,4,7564
"(907.7157894736843, 716.0)",Veillonella,4,7565
"(911.5961538461538, 1227.0721153846155)",Veillonella,4,7566
"(909.2, 1561.8625)",Streptococcus,4,7567
"(910.1894736842105, 90.15789473684211)",Veillonella,4,7568
"(908.5217391304348, 239.9855072463768)",Streptococcus,4,7569
"(914.0848056537102, 372.4911660777385)",Porphyromonas,4,7570
"(908.2597402597403, 396.2857142857143)",Veillonella,4,7571
"(910.2828947368421, 492.42105263157896)",Pasteurellaceae,4,7572
"(909.9906542056075, 581.6355140186915)",Veillonella,4,7573
"(911.2864077669902, 1319.0970873786407)",Veillonella,4,7574
"(911.1565217391304, 1441.6260869565217)",Neisseria,4,7575
"(911.1333333333333, 1934.9)",Fusobacterium,4,7577
"(908.5943396226415, 1961.3301886792453)",Streptococcus,4,7578
"(913.0266666666666, 1365.9866666666667)",Selenomonas,4,7580
"(910.6829268292682, 1544.1463414634147)",Streptococcus,4,7581
"(918.375939849624, 1993.796992481203)",Treponema,4,7582
"(911.8021978021978, 76.86813186813187)",Neisseria,4,7583
"(911.728813559322, 317.23728813559325)",Saccharibacteria,4,7584
"(912.5934065934066, 762.7802197802198)",Veillonella,4,7585
"(913.042372881356, 1004.2542372881356)",Selenomonas,4,7586
"(912.56, 1087.376)",Neisseria,4,7587
"(913.1941747572815, 1109.3398058252428)",Veillonella,4,7588
"(911.516129032258, 1340.7956989247311)",Selenomonas,4,7589
"(913.4615384615385, 1616.5604395604396)",Fusobacterium,4,7590
"(912.9411764705883, 1900.8970588235295)",Fusobacterium,4,7591
"(915.0333333333333, 214.0)",Veillonella,4,7593
"(915.4354838709677, 297.6774193548387)",Streptococcus,4,7594
"(913.275, 431.9)",Veillonella,4,7595
"(912.5974025974026, 700.8961038961039)",Veillonella,4,7596
"(913.4568965517242, 983.8879310344828)",Veillonella,4,7597
"(922.0154639175257, 1024.6134020618556)",Streptococcus,4,7598
"(912.6382978723404, 1054.4822695035461)",Veillonella,4,7599
"(914.4766355140187, 1141.1869158878505)",Veillonella,4,7600
"(916.8134328358209, 1403.865671641791)",Neisseria,4,7601
"(913.5294117647059, 1424.5882352941176)",Neisseria,4,7602
"(914.3229813664597, 1506.4534161490683)",Fusobacterium,4,7603
"(912.5530303030303, 1652.621212121212)",Streptococcus,4,7604
"(916.1190476190476, 20.44047619047619)",Veillonella,4,7605
"(914.0116279069767, 161.86046511627907)",Veillonella,4,7606
"(924.4058577405858, 233.10878661087867)",Selenomonas,4,7607
"(913.493670886076, 476.5822784810127)",Veillonella,4,7608
"(914.5222222222222, 562.9)",Veillonella,4,7609
"(916.6438356164383, 819.0342465753424)",Veillonella,4,7610
"(914.1298701298701, 833.8571428571429)",Veillonella,4,7611
"(913.6515151515151, 869.7272727272727)",Veillonella,4,7612
"(917.6462585034013, 1171.1768707482993)",Fusobacterium,4,7613
"(912.3653846153846, 1468.5192307692307)",Capnocytophaga,4,7615
"(915.8552631578947, 592.6052631578947)",Veillonella,4,7617
"(915.2727272727273, 607.1272727272727)",Veillonella,4,7618
"(913.3611111111111, 626.6388888888889)",Veillonella,4,7619
"(913.7788461538462, 1294.4711538461538)",Neisseria,4,7621
"(918.7165354330708, 1380.5275590551182)",Neisseria,4,7622
"(915.0689655172414, 1574.2413793103449)",Fusobacterium,4,7623
"(927.5168195718654, 1632.960244648318)",Streptococcus,4,7624
"(914.6417910447761, 131.53731343283582)",Veillonella,4,7625
"(918.8, 507.62)",Veillonella,4,7626
"(916.4761904761905, 888.1619047619048)",Veillonella,4,7627
"(918.4122807017544, 1480.377192982456)",Campylobacter,4,7628
"(915.4333333333333, 1838.2666666666667)",Treponema,4,7629
"(918.2666666666667, 328.8666666666667)",Porphyromonas,4,7631
"(915.747572815534, 525.0582524271845)",Veillonella,4,7632
"(916.4328358208955, 658.5522388059702)",Veillonella,4,7633
"(917.3661971830986, 1069.5070422535211)",Veillonella,4,7634
"(919.5090909090909, 1979.7545454545455)",Streptococcus,4,7636
"(922.1094890510949, 64.30656934306569)",Veillonella,4,7637
"(917.2738095238095, 101.48809523809524)",Veillonella,4,7638
"(916.9651162790698, 149.53488372093022)",Veillonella,4,7639
"(918.1875, 853.6071428571429)",Veillonella,4,7640
"(921.6117647058824, 908.3823529411765)",Veillonella,4,7641
"(919.0, 1202.8202247191011)",Neisseria,4,7642
"(918.2247191011236, 1358.426966292135)",Selenomonas,4,7643
"(918.1147540983607, 1601.6065573770493)",Fusobacterium,4,7644
"(920.6050420168067, 795.1344537815127)",Veillonella,4,7645
"(922.2142857142857, 117.83673469387755)",Veillonella,4,7647
"(922.1146496815287, 267.21656050955414)",Neisseria,4,7648
"(926.1944444444445, 458.8541666666667)",Veillonella,4,7649
"(920.0, 1125.5)",Veillonella,4,7651
"(921.3406593406594, 1314.868131868132)",Veillonella,4,7652
"(923.1734693877551, 1863.1734693877552)",Neisseria,4,7653
"(920.3888888888889, 28.37037037037037)",Veillonella,4,7654
"(920.4273504273505, 394.9230769230769)",Veillonella,4,7655
"(921.7232142857143, 690.1339285714286)",Veillonella,4,7657
"(918.6538461538462, 1522.2884615384614)",Streptococcus,4,7658
"(923.884892086331, 420.8992805755396)",Veillonella,4,7660
"(922.4942528735633, 1245.2528735632184)",Fusobacterium,4,7661
"(923.6282051282051, 1567.7051282051282)",Fusobacterium,4,7662
"(923.4077669902913, 1584.4466019417475)",Veillonella,4,7663
"(923.5106382978723, 43.62765957446808)",Veillonella,4,7665
"(922.0365853658536, 340.3658536585366)",Selenomonas,4,7666
"(922.1875, 725.8482142857143)",Neisseria,4,7667
"(928.1614906832298, 1260.6459627329193)",Fusobacterium,4,7668
"(930.7777777777778, 1294.639846743295)",Streptococcus,4,7669
"(923.6470588235294, 1455.875816993464)",Neisseria,4,7670
"(922.2602739726027, 1821.6164383561643)",Fusobacterium,4,7671
"(925.0734463276837, 1927.3898305084747)",Fusobacterium,4,7672
"(923.7045454545455, 184.39772727272728)",Veillonella,4,7673
"(923.6862745098039, 198.27450980392157)",Veillonella,4,7674
"(925.9182389937107, 642.1446540880503)",Veillonella,4,7675
"(922.9560439560439, 968.2857142857143)",Veillonella,4,7676
"(926.7222222222222, 1433.1349206349207)",Neisseria,4,7677
"(924.0169491525423, 1488.0677966101696)",Capnocytophaga,4,7678
"(923.9827586206897, 1780.9655172413793)",Neisseria,4,7679
"(927.3472222222222, 1893.3472222222222)",Capnocytophaga,4,7681
"(929.5736434108527, 250.2015503875969)",Streptococcus,4,7682
"(928.2446808510638, 438.6489361702128)",Veillonella,4,7683
"(927.8807339449542, 739.6697247706422)",Veillonella,4,7685
"(925.6796116504854, 948.8543689320388)",Veillonella,4,7686
"(929.9942528735633, 1041.7586206896551)",Streptococcus,4,7687
"(922.74, 1552.94)",Streptococcus,4,7688
"(925.7301587301587, 1727.6507936507937)",Neisseria,4,7689
"(924.8434782608696, 1964.878260869565)",Capnocytophaga,4,7690
"(925.4366197183099, 92.73239436619718)",Veillonella,4,7691
"(929.6397058823529, 317.22058823529414)",Fusobacterium,4,7692
"(927.0515463917526, 543.680412371134)",Veillonella,4,7693
"(927.3469387755102, 576.1632653061224)",Veillonella,4,7694
"(928.2228571428572, 771.2857142857143)",Veillonella,4,7695
"(930.2411347517731, 808.8368794326241)",Veillonella,4,7696
"(925.8524590163935, 879.9344262295082)",Veillonella,4,7697
"(926.710843373494, 990.2168674698795)",Veillonella,4,7698
"(927.5648854961833, 1532.0687022900763)",Streptococcus,4,7699
"(928.3846153846154, 1658.1420118343194)",Streptococcus,4,7700
"(924.9638554216867, 1679.4939759036145)",Neisseria,4,7701
"(927.6701570680628, 1843.6020942408377)",Selenomonas,4,7702
"(926.5074626865671, 495.1194029850746)",Pasteurellaceae,4,7703
"(928.5702479338843, 927.3305785123966)",Veillonella,4,7704
"(927.5223880597015, 1090.4626865671642)",Fusobacterium,4,7705
"(927.5697674418604, 1760.8372093023256)",Neisseria,4,7706
"(926.3269230769231, 172.17307692307693)",Veillonella,4,7707
"(928.009900990099, 865.5445544554456)",Veillonella,4,7708
"(926.78125, 1148.734375)",Neisseria,4,7710
"(926.4923076923077, 1332.1076923076923)",Neisseria,4,7711
"(929.9090909090909, 480.8560606060606)",Pasteurellaceae,4,7713
"(932.38, 1418.03)",Neisseria,4,7714
"(929.7291666666666, 1741.1458333333333)",Veillonella,4,7716
"(930.4931506849315, 1806.986301369863)",Neisseria,4,7717
"(928.2428571428571, 1878.3714285714286)",Neisseria,4,7718
"(936.1829268292682, 130.78048780487805)",Veillonella,4,7719
"(930.9634146341464, 349.7317073170732)",Treponema,4,7720
"(928.8505747126437, 520.6896551724138)",Pasteurellaceae,4,7721
"(929.7662337662338, 611.3766233766233)",Veillonella,4,7722
"(929.875, 671.4296875)",Veillonella,4,7723
"(929.7798165137615, 833.8532110091743)",Veillonella,4,7724
"(929.474358974359, 1182.423076923077)",Veillonella,4,7725
"(929.8709677419355, 1217.1935483870968)",Veillonella,4,7726
"(935.25, 1391.7132352941176)",Neisseria,4,7727
"(930.1222222222223, 154.57777777777778)",Veillonella,4,7728
"(932.3125, 292.0375)",Fusobacterium,4,7729
"(929.8387096774194, 304.9032258064516)",Streptococcus,4,7730
"(931.223880597015, 408.46268656716416)",Veillonella,4,7731
"(932.4395604395604, 558.5164835164835)",Veillonella,4,7732
"(930.4215686274509, 595.1274509803922)",Veillonella,4,7733
"(935.2851985559566, 1066.7797833935017)",Selenomonas,4,7734
"(935.4569536423841, 1135.867549668874)",Veillonella,4,7735
"(933.6081081081081, 1165.2972972972973)",Capnocytophaga,4,7736
"(935.7801418439716, 1497.4964539007092)",Streptococcus,4,7737
"(930.2428571428571, 1603.9142857142858)",Streptococcus,4,7738
"(937.6388888888889, 58.388888888888886)",Veillonella,4,7739
"(938.4574468085107, 706.9521276595744)",Veillonella,4,7740
"(933.3636363636364, 1234.080808080808)",Capnocytophaga,4,7741
"(934.0892857142857, 1275.7232142857142)",Fusobacterium,4,7742
"(933.1720430107526, 1342.8817204301076)",Neisseria,4,7743
"(934.7142857142857, 1372.1868131868132)",Neisseria,4,7744
"(931.6521739130435, 1407.1739130434783)",Neisseria,4,7745
"(935.2883435582822, 1717.7791411042945)",Neisseria,4,7747
"(932.2363636363636, 844.5636363636364)",Veillonella,4,7748
"(942.629213483146, 977.5280898876405)",Veillonella,4,7749
"(937.0764331210191, 1096.5159235668789)",Fusobacterium,4,7750
"(941.8629032258065, 1190.0685483870968)",Veillonella,4,7751
"(934.3529411764706, 1517.7563025210084)",Streptococcus,4,7752
"(931.0, 1548.5)",Streptococcus,4,7753
"(938.1307692307693, 43.36153846153846)",Veillonella,4,7754
"(933.7755102040817, 372.16326530612247)",Neisseria,4,7755
"(934.8470588235294, 897.8941176470588)",Veillonella,4,7756
"(934.5131578947369, 1120.1842105263158)",Veillonella,4,7757
"(936.5820895522388, 1328.7761194029852)",Neisseria,4,7758
"(936.8618421052631, 1470.3947368421052)",Streptococcus,4,7759
"(939.8009950248756, 109.68159203980099)",Veillonella,4,7760
"(938.489932885906, 332.6845637583893)",Fusobacterium,4,7762
"(942.3352272727273, 1934.471590909091)",Streptococcus,4,7764
"(935.8064516129032, 782.8225806451613)",Veillonella,4,7767
"(937.568345323741, 1353.8992805755395)",Neisseria,4,7768
"(936.4065040650406, 1442.6747967479675)",Veillonella,4,7769
"(935.4857142857143, 25.333333333333332)",Veillonella,4,7770
"(941.5123152709359, 213.4039408866995)",Veillonella,4,7772
"(936.7682926829268, 959.8048780487804)",Veillonella,4,7773
"(935.7101449275362, 1823.4057971014493)",Pasteurellaceae,4,7775
"(937.4285714285714, 1856.107142857143)",Selenomonas,4,7776
"(937.4662162162163, 1962.7162162162163)",Fusobacterium,4,7777
"(938.4666666666667, 1584.0666666666666)",Streptococcus,4,7779
"(939.5277777777778, 1899.0)",Fusobacterium,4,7780
"(939.5648854961833, 385.87786259541986)",Veillonella,4,7782
"(938.1515151515151, 881.6363636363636)",Veillonella,4,7784
"(939.421052631579, 1013.2315789473685)",Veillonella,4,7785
"(938.7361111111111, 1315.7916666666667)",Fusobacterium,4,7786
"(938.3859649122807, 1920.0350877192982)",Fusobacterium,4,7787
"(940.1630434782609, 77.8695652173913)",Veillonella,4,7788
"(945.2857142857143, 153.75)",Veillonella,4,7789
"(938.5342465753424, 172.35616438356163)",Veillonella,4,7790
"(939.626168224299, 358.77570093457945)",Treponema,4,7791
"(939.8448275862069, 501.87931034482756)",Veillonella,4,7792
"(944.4777777777778, 535.1111111111111)",Neisseria,4,7793
"(939.9130434782609, 691.0144927536232)",Veillonella,4,7794
"(940.5569620253165, 730.5949367088608)",Veillonella,4,7795
"(938.3137254901961, 997.9019607843137)",Veillonella,4,7796
"(939.990099009901, 1567.6633663366338)",Streptococcus,4,7797
"(940.38, 1613.58)",Streptococcus,4,7798
"(943.1924882629108, 1771.826291079812)",Neisseria,4,7799
"(942.9180327868852, 1990.4344262295083)",Porphyromonas,4,7800
"(944.1574074074074, 403.99074074074076)",Pasteurellaceae,4,7801
"(945.2442748091603, 580.7557251908397)",Veillonella,4,7802
"(941.3333333333334, 631.7741935483871)",Veillonella,4,7803
"(941.8409090909091, 796.7045454545455)",Veillonella,4,7804
"(940.5466666666666, 821.5733333333334)",Veillonella,4,7805
"(943.620253164557, 867.5759493670886)",Veillonella,4,7806
"(940.6428571428571, 262.23214285714283)",Streptococcus,4,7808
"(943.2149532710281, 522.0560747663551)",Veillonella,4,7809
"(940.3508771929825, 568.4561403508771)",Veillonella,4,7810
"(940.6962025316456, 605.6582278481013)",Veillonella,4,7811
"(940.9655172413793, 932.4367816091954)",Veillonella,4,7812
"(941.5882352941177, 1153.5058823529412)",Veillonella,4,7813
"(941.7564102564103, 1791.8076923076924)",Neisseria,4,7814
"(944.4429530201343, 1869.268456375839)",Neisseria,4,7815
"(944.9247311827957, 10.236559139784946)",Veillonella,4,7816
"(941.8051948051948, 672.2077922077922)",Veillonella,4,7820
"(945.7202380952381, 913.6130952380952)",Veillonella,4,7821
"(943.496855345912, 1696.5283018867924)",Fusobacterium,4,7822
"(949.2699386503067, 1977.2147239263804)",Fusobacterium,4,7823
"(946.4044943820224, 1210.5)",Fusobacterium,4,7824
"(942.4821428571429, 1241.767857142857)",Streptococcus,4,7825
"(948.8818897637796, 1253.1811023622047)",Fusobacterium,4,7826
"(943.2708333333334, 1547.125)",Streptococcus,4,7827
"(944.5952380952381, 188.88095238095238)",Veillonella,4,7830
"(945.8875, 420.225)",Neisseria,4,7832
"(944.6172839506173, 445.25925925925924)",Veillonella,4,7833
"(943.6896551724138, 848.1724137931035)",Veillonella,4,7834
"(946.4265734265734, 1841.7412587412587)",Neisseria,4,7835
"(951.2605633802817, 1886.880281690141)",Treponema,4,7836
"(948.7479674796748, 545.3739837398374)",Neisseria,4,7838
"(945.4520547945206, 656.7123287671233)",Veillonella,4,7839
"(947.8086419753087, 778.7037037037037)",Veillonella,4,7840
"(951.3717948717949, 894.5769230769231)",Veillonella,4,7841
"(946.4181818181818, 1029.3636363636363)",Veillonella,4,7842
"(945.4788732394367, 1604.0985915492959)",Streptococcus,4,7843
"(948.1728971962617, 1670.1728971962616)",Pasteurellaceae,4,7844
"(946.8055555555555, 431.93055555555554)",Veillonella,4,7846
"(951.6521739130435, 956.6086956521739)",Veillonella,4,7847
"(946.6029411764706, 1224.3970588235295)",Fusobacterium,4,7848
"(947.1666666666666, 1365.9583333333333)",Neisseria,4,7849
"(947.7407407407408, 1530.0555555555557)",Streptococcus,4,7850
"(948.1792452830189, 1653.1698113207547)",Veillonella,4,7851
"(948.7238095238096, 90.42857142857143)",Veillonella,4,7853
"(947.9268292682926, 231.2560975609756)",Veillonella,4,7854
"(954.0213523131673, 267.83274021352315)",Porphyromonas,4,7855
"(950.4516129032259, 1053.225806451613)",Capnocytophaga,4,7856
"(946.6727272727272, 1382.7454545454545)",Neisseria,4,7857
"(952.0930232558139, 1401.3798449612402)",Neisseria,4,7858
"(949.9826589595376, 1458.35838150289)",Streptococcus,4,7859
"(950.6, 1636.7666666666667)",Streptococcus,4,7860
"(946.9830508474577, 1736.2711864406779)",Neisseria,4,7861
"(950.9, 1751.5583333333334)",Neisseria,4,7862
"(952.15, 24.65714285714286)",Neisseria,4,7863
"(948.2222222222222, 288.47222222222223)",Porphyromonas,4,7864
"(948.4736842105264, 616.2105263157895)",Veillonella,4,7865
"(948.9186602870814, 751.5311004784689)",Veillonella,4,7866
"(947.241935483871, 1109.9032258064517)",Rothia,4,7867
"(948.4354838709677, 1594.5645161290322)",Streptococcus,4,7868
"(948.3626373626373, 1817.3846153846155)",Corynebacterium,4,7869
"(948.6507936507936, 558.7301587301587)",Veillonella,4,7870
"(950.6436781609195, 721.2298850574713)",Porphyromonas,4,7871
"(954.1370967741935, 1121.4435483870968)",Veillonella,4,7872
"(947.9655172413793, 1426.603448275862)",Neisseria,4,7873
"(949.0704225352113, 174.07042253521126)",Veillonella,4,7875
"(952.7941176470588, 469.04901960784315)",Veillonella,4,7876
"(952.6631578947369, 597.6526315789474)",Veillonella,4,7877
"(949.7540983606557, 1279.295081967213)",Fusobacterium,4,7879
"(950.9540229885057, 1319.712643678161)",Neisseria,4,7880
"(952.169014084507, 74.21126760563381)",Veillonella,4,7881
"(961.7722772277227, 1000.7425742574258)",Veillonella,4,7882
"(953.0945945945946, 1290.4864864864865)",Fusobacterium,4,7883
"(950.5970149253732, 1306.0)",Rothia,4,7884
"(951.8360655737705, 811.9508196721312)",Veillonella,4,7885
"(952.7037037037037, 1267.1851851851852)",Fusobacterium,4,7886
"(959.1867469879518, 1443.2831325301204)",Streptococcus,4,7887
"(952.4146341463414, 1483.439024390244)",Streptococcus,4,7888
"(957.1161825726141, 1506.6514522821576)",Streptococcus,4,7889
"(960.4557522123894, 307.04424778761063)",Fusobacterium,4,7891
"(953.4096385542168, 393.68674698795184)",Pasteurellaceae,4,7892
"(953.3666666666667, 679.9333333333333)",Veillonella,4,7893
"(953.411214953271, 830.0093457943925)",Veillonella,4,7894
"(951.5098039215686, 1068.9019607843138)",Veillonella,4,7895
"(953.9242424242424, 1338.5151515151515)",Neisseria,4,7896
"(952.9830508474577, 1355.5254237288136)",Neisseria,4,7897
"(955.6020408163265, 118.64285714285714)",Veillonella,4,7900
"(958.1491228070175, 568.8508771929825)",Veillonella,4,7902
"(959.8556701030927, 1020.8298969072165)",Veillonella,4,7903
"(961.1565217391304, 1043.4565217391305)",Veillonella,4,7904
"(959.7362637362637, 1072.89010989011)",Veillonella,4,7905
"(954.8931297709923, 1139.679389312977)",Veillonella,4,7906
"(957.9367088607595, 1239.8544303797469)",Neisseria,4,7907
"(956.587786259542, 1695.6946564885495)",Fusobacterium,4,7909
"(953.453125, 1923.0625)",Fusobacterium,4,7910
"(960.4380530973451, 1951.0442477876106)",Fusobacterium,4,7911
"(957.6666666666666, 362.9918699186992)",Fusobacterium,4,7912
"(955.0, 378.51724137931035)",Veillonella,4,7913
"(957.1264367816092, 649.9310344827586)",Veillonella,4,7914
"(956.6805555555555, 930.3402777777778)",Veillonella,4,7915
"(955.3294117647059, 1165.5470588235294)",Veillonella,4,7916
"(956.2149532710281, 1719.4205607476636)",Capnocytophaga,4,7917
"(956.1506849315068, 1898.5068493150684)",Fusobacterium,4,7918
"(956.1333333333333, 242.58333333333334)",Neisseria,4,7919
"(956.5671641791045, 610.179104477612)",Veillonella,4,7920
"(969.4675324675325, 637.9038961038962)",Fusobacterium,4,7921
"(958.3006535947712, 695.0915032679738)",Veillonella,4,7922
"(956.8674698795181, 858.8072289156627)",Neisseria,4,7923
"(955.6168224299065, 1570.4766355140187)",Streptococcus,4,7924
"(959.8625, 1793.2375)",Neisseria,4,7925
"(958.7758620689655, 332.2155172413793)",Neisseria,4,7928
"(958.6811594202899, 415.9710144927536)",Veillonella,4,7929
"(956.0229885057471, 795.8850574712644)",Veillonella,4,7930
"(958.18, 1619.46)",Streptococcus,4,7931
"(958.3333333333334, 1776.3076923076924)",Neisseria,4,7932
"(958.8653846153846, 12.403846153846153)",Veillonella,4,7933
"(958.6666666666666, 155.90243902439025)",Veillonella,4,7934
"(958.59375, 588.703125)",Veillonella,4,7935
"(962.486301369863, 670.445205479452)",Veillonella,4,7936
"(960.554347826087, 1091.9673913043478)",Veillonella,4,7937
"(961.6933333333334, 1384.64)",Neisseria,4,7938
"(961.0, 1807.6046511627908)",Fusobacterium,4,7941
"(957.68, 1869.08)",Fusobacterium,4,7942
"(961.0985915492957, 1911.6901408450703)",Fusobacterium,4,7943
"(960.2261904761905, 457.54761904761904)",Veillonella,4,7944
"(964.8245614035088, 216.22222222222223)",Streptococcus,4,7946
"(963.2164948453608, 842.1546391752578)",Veillonella,4,7947
"(966.0113636363636, 1414.3693181818182)",Selenomonas,4,7948
"(960.7132352941177, 1553.4264705882354)",Streptococcus,4,7949
"(959.5873015873016, 1993.3650793650793)",Veillonella,4,7950
"(964.3678160919541, 128.88505747126436)",Veillonella,4,7951
"(960.6315789473684, 769.3157894736842)",Veillonella,4,7952
"(961.3461538461538, 907.0)",Veillonella,4,7953
"(962.4678899082569, 1196.8715596330276)",Veillonella,4,7954
"(964.1931818181819, 1588.3125)",Capnocytophaga,4,7955
"(964.4511278195489, 50.73684210526316)",Veillonella,4,7956
"(962.8285714285714, 880.2285714285714)",Veillonella,4,7957
"(964.974025974026, 1306.3961038961038)",Neisseria,4,7958
"(962.068493150685, 1476.0684931506848)",Streptococcus,4,7959
"(963.277027027027, 1527.2635135135135)",Streptococcus,4,7960
"(965.12, 1681.73)",Streptococcus,4,7961
"(963.8852459016393, 1707.622950819672)",Fusobacterium,4,7962
"(963.6507936507936, 108.73015873015873)",Veillonella,4,7963
"(966.0181818181818, 433.8363636363636)",Neisseria,4,7964
"(963.5294117647059, 528.7882352941176)",Veillonella,4,7965
"(963.1040462427745, 734.7745664739884)",Veillonella,4,7967
"(963.8412698412699, 977.2380952380952)",Veillonella,4,7968
"(964.7943925233645, 1107.252336448598)",Veillonella,4,7969
"(968.4028776978417, 1213.1654676258993)",Neisseria,4,7971
"(963.4473684210526, 1347.3947368421052)",Neisseria,4,7972
"(963.6571428571428, 1370.6761904761904)",Selenomonas,4,7973
"(962.6621621621622, 1837.7432432432433)",Neisseria,4,7974
"(966.5164835164835, 1924.2197802197802)",Fusobacterium,4,7975
"(963.1028037383178, 1962.766355140187)",Fusobacterium,4,7976
"(964.1864406779661, 83.59322033898304)",Veillonella,4,7977
"(964.7341772151899, 97.60759493670886)",Veillonella,4,7978
"(966.063492063492, 197.43650793650792)",Veillonella,4,7979
"(964.4040404040404, 948.8080808080808)",Veillonella,4,7980
"(969.922077922078, 1228.3051948051948)",Neisseria,4,7981
"(963.5945945945946, 1609.0135135135135)",Streptococcus,4,7982
"(966.5522388059702, 1857.955223880597)",Neisseria,4,7983
"(970.0813008130082, 496.780487804878)",Neisseria,4,7984
"(973.4770114942529, 510.5344827586207)",Neisseria,4,7985
"(967.6016949152543, 1276.9237288135594)",Neisseria,4,7986
"(963.7903225806451, 1740.4032258064517)",Selenomonas,4,7987
"(967.5637583892617, 178.06040268456377)",Veillonella,4,7988
"(967.3068181818181, 292.77272727272725)",Neisseria,4,7989
"(966.4090909090909, 777.530303030303)",Veillonella,4,7990
"(965.9245283018868, 1395.9056603773586)",Neisseria,4,7991
"(966.3780487804878, 1638.8902439024391)",Streptococcus,4,7992
"(964.728813559322, 1754.8813559322034)",Neisseria,4,7993
"(967.9625, 231.1875)",Veillonella,4,7995
"(968.626168224299, 815.1121495327103)",Veillonella,4,7996
"(967.5857142857143, 931.3857142857142)",Veillonella,4,7998
"(967.8095238095239, 758.4761904761905)",Veillonella,4,7999
"(968.575, 1260.7875)",Neisseria,4,8000
"(968.6357142857142, 1660.5785714285714)",Streptococcus,4,8001
"(968.3859649122807, 1715.578947368421)",Streptococcus,4,8002
"(969.5393258426966, 75.92134831460675)",Veillonella,4,8004
"(968.931506849315, 406.4657534246575)",Veillonella,4,8005
"(974.5770925110132, 796.8722466960353)",Veillonella,4,8006
"(973.6730769230769, 876.0705128205128)",Neisseria,4,8007
"(971.8217391304348, 1133.8086956521738)",Veillonella,4,8008
"(970.9557522123894, 1461.3274336283187)",Streptococcus,4,8010
"(970.0185185185185, 1695.7407407407406)",Fusobacterium,4,8011
"(971.1204819277109, 1877.6024096385543)",Streptococcus,4,8012
"(971.2424242424242, 347.54545454545456)",Veillonella,4,8013
"(969.7301587301587, 389.8095238095238)",Fusobacterium,4,8014
"(970.6417910447761, 448.25373134328356)",Veillonella,4,8015
"(972.6612903225806, 1837.3467741935483)",Neisseria,4,8016
"(969.917808219178, 1982.041095890411)",Veillonella,4,8017
"(977.2698412698413, 12.788359788359788)",Neisseria,4,8018
"(973.9133333333333, 34.67333333333333)",Veillonella,4,8019
"(971.0357142857143, 154.69642857142858)",Veillonella,4,8020
"(973.895652173913, 363.6608695652174)",Veillonella,4,8021
"(973.0693069306931, 478.63366336633663)",Veillonella,4,8022
"(975.0192307692307, 596.2115384615385)",Veillonella,4,8023
"(971.2816901408451, 1496.605633802817)",Streptococcus,4,8024
"(971.7875, 1783.175)",Fusobacterium,4,8026
"(972.0, 1893.2109375)",Streptococcus,4,8027
"(980.9528301886793, 1941.6650943396226)",Fusobacterium,4,8028
"(972.080459770115, 322.8045977011494)",Fusobacterium,4,8029
"(973.5, 423.25757575757575)",Veillonella,4,8030
"(971.8405797101449, 541.3768115942029)",Veillonella,4,8032
"(973.8526315789474, 558.1578947368421)",Veillonella,4,8033
"(975.1758241758242, 607.3516483516484)",Veillonella,4,8034
"(973.4230769230769, 709.1442307692307)",Veillonella,4,8035
"(972.7564102564103, 895.6153846153846)",Veillonella,4,8036
"(975.5446428571429, 1064.8660714285713)",Veillonella,4,8037
"(971.6933333333334, 1166.5466666666666)",Veillonella,4,8038
"(974.9454545454546, 1328.7363636363636)",Neisseria,4,8039
"(973.6849315068494, 1402.123287671233)",Neisseria,4,8040
"(974.1639344262295, 1435.188524590164)",Streptococcus,4,8041
"(972.7906976744187, 1539.5581395348838)",Streptococcus,4,8042
"(972.6354166666666, 1563.6666666666667)",Streptococcus,4,8043
"(975.0927835051547, 1815.2164948453608)",Rothia,4,8044
"(974.0, 259.8703703703704)",Veillonella,4,8045
"(973.8636363636364, 382.0151515151515)",Fusobacterium,4,8046
"(972.8974358974359, 574.2051282051282)",Rothia,4,8047
"(972.9821428571429, 584.0892857142857)",Fusobacterium,4,8048
"(973.7428571428571, 832.4666666666667)",Veillonella,4,8049
"(975.6428571428571, 1993.595238095238)",Veillonella,4,8051
"(980.3212121212122, 132.4060606060606)",Veillonella,4,8052
"(975.8547008547008, 1081.7264957264956)",Veillonella,4,8055
"(978.3471074380166, 1767.3553719008264)",Neisseria,4,8057
"(976.68, 240.52)",Veillonella,4,8059
"(977.4822695035461, 693.6666666666666)",Veillonella,4,8060
"(975.156862745098, 743.6372549019608)",Veillonella,4,8061
"(978.1625, 906.05)",Veillonella,4,8062
"(977.3846153846154, 1243.923076923077)",Fusobacterium,4,8063
"(975.8285714285714, 1600.0857142857142)",Veillonella,4,8064
"(975.7073170731708, 1619.8170731707316)",Streptococcus,4,8065
"(977.4418604651163, 1678.9186046511627)",Streptococcus,4,8066
"(975.7142857142857, 1793.2857142857142)",Fusobacterium,4,8067
"(977.5271317829457, 1963.3643410852712)",Veillonella,4,8069
"(978.0, 56.771186440677965)",Veillonella,4,8070
"(979.6624203821656, 1293.031847133758)",Neisseria,4,8071
"(976.060975609756, 1750.0243902439024)",Neisseria,4,8072
"(978.4807692307693, 721.5961538461538)",Veillonella,4,8073
"(977.8684210526316, 1368.7280701754387)",Fusobacterium,4,8075
"(977.44, 1511.52)",Streptococcus,4,8076
"(978.9880952380952, 1578.107142857143)",Veillonella,4,8077
"(975.7627118644068, 1709.6949152542372)",Streptococcus,4,8078
"(979.5217391304348, 1736.2173913043478)",Neisseria,4,8079
"(977.0, 1927.4237288135594)",Fusobacterium,4,8080
"(977.8024691358024, 115.03703703703704)",Veillonella,4,8081
"(979.4615384615385, 861.0)",Veillonella,4,8082
"(980.8490566037735, 1018.5094339622641)",Veillonella,4,8084
"(978.0961538461538, 1183.2884615384614)",Veillonella,4,8085
"(979.081081081081, 1197.6666666666667)",Veillonella,4,8086
"(978.4918032786885, 1255.8688524590164)",Prevotella,4,8087
"(978.8931297709923, 1390.473282442748)",Rothia,4,8088
"(979.0842105263158, 1662.8631578947368)",Streptococcus,4,8089
"(978.9473684210526, 415.12280701754383)",Veillonella,4,8090
"(981.0384615384615, 460.1025641025641)",Veillonella,4,8091
"(978.5656565656566, 664.9191919191919)",Rothia,4,8092
"(980.277108433735, 920.8915662650602)",Veillonella,4,8093
"(980.8027210884354, 981.5238095238095)",Veillonella,4,8094
"(979.9310344827586, 1857.2068965517242)",Fusobacterium,4,8095
"(982.375, 83.92307692307692)",Veillonella,4,8096
"(984.0083333333333, 442.23333333333335)",Veillonella,4,8097
"(979.723076923077, 527.723076923077)",Neisseria,4,8098
"(986.2764976958525, 619.2442396313364)",Streptococcus,4,8099
"(984.8186274509804, 782.0735294117648)",Veillonella,4,8100
"(980.4761904761905, 844.4126984126984)",Veillonella,4,8101
"(985.1363636363636, 1040.2575757575758)",Veillonella,4,8102
"(980.5, 1113.1515151515152)",Veillonella,4,8103
"(980.5930232558139, 102.15116279069767)",Veillonella,4,8105
"(981.5205479452055, 397.32876712328766)",Actinomyces,4,8107
"(981.4545454545455, 682.0454545454545)",Veillonella,4,8108
"(980.98, 1303.08)",Capnocytophaga,4,8109
"(982.6621621621622, 1474.6756756756756)",Selenomonas,4,8110
"(981.7777777777778, 733.9027777777778)",Veillonella,4,8111
"(986.6892655367232, 1319.3898305084747)",Neisseria,4,8112
"(988.8104575163399, 216.9738562091503)",Selenomonas,4,8114
"(984.2475247524752, 287.1782178217822)",Veillonella,4,8115
"(986.6779661016949, 305.8898305084746)",Veillonella,4,8116
"(983.8679245283018, 882.4150943396227)",Veillonella,4,8117
"(989.7604790419161, 961.9401197604791)",Veillonella,4,8118
"(987.1132075471698, 1414.6745283018868)",Streptococcus,4,8120
"(984.7307692307693, 195.08461538461538)",Fusobacterium,4,8121
"(985.7417218543046, 759.7549668874173)",Veillonella,4,8122
"(992.5471698113207, 1341.1650943396226)",Fusobacterium,4,8123
"(985.8770491803278, 1356.2868852459017)",Fusobacterium,4,8124
"(984.329268292683, 1589.6463414634147)",Veillonella,4,8125
"(984.7564102564103, 1724.9102564102564)",Capnocytophaga,4,8126
"(983.5538461538462, 1897.0153846153846)",Fusobacterium,4,8127
"(985.314606741573, 168.25842696629215)",Fusobacterium,4,8128
"(985.0576923076923, 205.98076923076923)",Selenomonas,4,8129
"(987.3033707865169, 470.9438202247191)",Veillonella,4,8130
"(985.4615384615385, 496.44615384615383)",Veillonella,4,8131
"(986.4161073825503, 545.1946308724832)",Neisseria,4,8132
"(984.7878787878788, 1100.9545454545455)",Veillonella,4,8133
"(989.5869565217391, 1155.7391304347825)",Veillonella,4,8134
"(984.453125, 1536.1875)",Streptococcus,4,8135
"(984.9480519480519, 1558.7532467532467)",Streptococcus,4,8136
"(985.7950310559006, 1692.6273291925465)",Streptococcus,4,8138
"(986.85, 1777.075)",Porphyromonas,4,8139
"(987.551724137931, 1907.496551724138)",Fusobacterium,4,8140
"(985.7333333333333, 70.95)",Veillonella,4,8141
"(991.1401869158879, 385.1214953271028)",Streptococcus,4,8142
"(986.5975609756098, 584.170731707317)",Fusobacterium,4,8143
"(985.9206349206349, 818.8888888888889)",Veillonella,4,8144
"(986.6133333333333, 943.88)",Veillonella,4,8145
"(986.561403508772, 996.719298245614)",Veillonella,4,8146
"(989.0450450450451, 1222.036036036036)",Veillonella,4,8147
"(987.6304347826087, 1463.2282608695652)",Treponema,4,8148
"(989.4806201550388, 1518.9612403100775)",Selenomonas,4,8149
"(986.8333333333334, 1641.7450980392157)",Veillonella,4,8150
"(985.5961538461538, 1981.7884615384614)",Veillonella,4,8151
"(987.0, 249.85714285714286)",Veillonella,4,8152
"(989.168, 268.728)",Veillonella,4,8153
"(988.974358974359, 324.2564102564103)",Veillonella,4,8154
"(986.1884057971015, 347.28985507246375)",Veillonella,4,8155
"(986.3818181818182, 1024.909090909091)",Neisseria,4,8156
"(988.047619047619, 1279.3690476190477)",Veillonella,4,8157
"(989.4126984126984, 1713.0)",Streptococcus,4,8158
"(986.9166666666666, 1881.0714285714287)",Fusobacterium,4,8159
"(991.0757575757576, 48.515151515151516)",Neisseria,4,8160
"(989.5820895522388, 603.1641791044776)",Veillonella,4,8161
"(987.2647058823529, 647.5588235294117)",Fusobacterium,4,8162
"(988.3432835820895, 1264.1641791044776)",Veillonella,4,8163
"(988.0923076923077, 1496.6923076923076)",Fusobacterium,4,8164
"(988.4333333333333, 1868.1)",Treponema,4,8165
"(989.3376623376623, 147.41558441558442)",Veillonella,4,8166
"(992.7, 683.11)",Veillonella,4,8168
"(993.8062015503876, 1132.5038759689924)",Veillonella,4,8169
"(990.2727272727273, 1744.6868686868686)",Neisseria,4,8170
"(991.060606060606, 1832.4646464646464)",Campylobacter,4,8171
"(997.2243346007605, 1842.1216730038022)",Fusobacterium,4,8172
"(998.9468085106383, 23.654255319148938)",Neisseria,4,8173
"(990.3285714285714, 1033.6285714285714)",Veillonella,4,8174
"(993.3648648648649, 1178.5945945945946)",Veillonella,4,8175
"(990.7156862745098, 1437.813725490196)",Selenomonas,4,8176
"(990.5211267605633, 1820.4084507042253)",Fusobacterium,4,8178
"(994.2962962962963, 1964.5740740740741)",Veillonella,4,8179
"(991.1466666666666, 36.693333333333335)",Neisseria,4,8180
"(995.1627906976744, 180.7829457364341)",Porphyromonas,4,8181
"(991.7142857142857, 369.967032967033)",Neisseria,4,8182
"(991.7126436781609, 843.4827586206897)",Veillonella,4,8183
"(991.0512820512821, 896.8717948717949)",Veillonella,4,8184
"(991.9473684210526, 1080.8105263157895)",Veillonella,4,8185
"(990.0961538461538, 1381.5961538461538)",Fusobacterium,4,8187
"(990.1625, 1622.8875)",Fusobacterium,4,8188
"(996.5502008032129, 405.19678714859435)",Veillonella,4,8190
"(994.0977443609023, 916.796992481203)",Veillonella,4,8192
"(991.9342105263158, 1204.592105263158)",Veillonella,4,8193
"(992.6119402985074, 1570.5223880597016)",Streptococcus,4,8195
"(996.7542857142857, 1653.2114285714285)",Streptococcus,4,8196
"(991.3979591836735, 1927.0204081632653)",Fusobacterium,4,8197
"(997.6428571428571, 638.0071428571429)",Fusobacterium,4,8200
"(994.4795918367347, 1057.3469387755101)",Veillonella,4,8201
"(995.0, 1540.8)",Streptococcus,4,8202
"(994.2105263157895, 1678.578947368421)",Streptococcus,4,8203
"(995.5, 60.9390243902439)",Veillonella,4,8204
"(997.5507246376811, 105.0072463768116)",Veillonella,4,8205
"(998.3230769230769, 161.40769230769232)",Veillonella,4,8206
"(994.3780487804878, 427.8048780487805)",Veillonella,4,8207
"(994.975, 526.2125)",Neisseria,4,8208
"(993.02, 743.04)",Veillonella,4,8209
"(1004.5645161290323, 1112.3333333333333)",Veillonella,4,8210
"(996.246835443038, 1602.3417721518988)",Veillonella,4,8211
"(999.4033613445379, 724.7647058823529)",Veillonella,4,8212
"(998.8494623655914, 1456.8924731182797)",Streptococcus,4,8213
"(999.6376811594203, 661.4299516908212)",Veillonella,4,8214
"(998.4307692307692, 700.4615384615385)",Veillonella,4,8215
"(994.9516129032259, 733.3064516129032)",Veillonella,4,8216
"(996.6666666666666, 934.927536231884)",Veillonella,4,8217
"(997.0545454545454, 1627.6181818181817)",Streptococcus,4,8218
"(998.3464052287582, 871.6928104575163)",Veillonella,4,8220
"(998.421052631579, 1248.2368421052631)",Fusobacterium,4,8221
"(1002.24, 1303.936)",Veillonella,4,8222
"(1000.8490566037735, 1721.066037735849)",Neisseria,4,8223
"(999.3614457831326, 76.65060240963855)",Veillonella,4,8224
"(999.1826923076923, 810.5865384615385)",Veillonella,4,8225
"(998.2857142857143, 949.8412698412699)",Neisseria,4,8226
"(997.5714285714286, 1095.357142857143)",Veillonella,4,8227
"(997.703125, 1105.109375)",Veillonella,4,8228
"(1000.5333333333333, 1161.7037037037037)",Veillonella,4,8229
"(998.1090909090909, 1364.8545454545454)",Fusobacterium,4,8230
"(999.4673913043479, 1702.0760869565217)",Streptococcus,4,8231
"(1002.3622448979592, 1863.1989795918366)",Neisseria,4,8232
"(1000.5277777777778, 10.26388888888889)",Neisseria,4,8233
"(997.5925925925926, 294.5740740740741)",Veillonella,4,8234
"(1002.0704225352113, 1287.9718309859154)",Neisseria,4,8235
"(1001.4411764705883, 1765.8823529411766)",Veillonella,4,8236
"(1001.8561643835617, 135.84931506849315)",Fusobacterium,4,8238
"(1002.9826086956522, 768.7913043478261)",Veillonella,4,8239
"(1001.2371134020618, 980.8453608247422)",Veillonella,4,8240
"(1009.8484848484849, 1019.8181818181819)",Veillonella,4,8241
"(1000.84, 346.05333333333334)",Veillonella,4,8242
"(1005.0240963855422, 358.5903614457831)",Veillonella,4,8243
"(1001.3888888888889, 1001.8)",Veillonella,4,8244
"(1007.7991452991453, 1268.6068376068376)",Prevotella,4,8245
"(1001.5625, 1322.3125)",Fusobacterium,4,8246
"(1001.2549019607843, 1470.5882352941176)",Neisseria,4,8247
"(1006.9901477832512, 1580.1182266009853)",Streptococcus,4,8248
"(1000.4, 1779.290909090909)",Lautropia,4,8249
"(1001.438596491228, 1904.280701754386)",Fusobacterium,4,8250
"(1004.6062992125984, 191.39370078740157)",Fusobacterium,4,8252
"(1003.0516129032258, 487.96774193548384)",Veillonella,4,8253
"(1002.5555555555555, 549.8024691358024)",Veillonella,4,8254
"(1008.5601851851852, 562.3796296296297)",Neisseria,4,8255
"(1001.5846153846154, 778.9384615384615)",Veillonella,4,8256
"(1010.2944444444445, 826.7055555555555)",Veillonella,4,8257
"(1002.38, 1477.48)",Campylobacter,4,8258
"(1001.9879518072289, 1487.0361445783133)",Neisseria,4,8259
"(1003.21875, 1556.2291666666667)",Streptococcus,4,8260
"(1005.7124183006536, 1888.3398692810458)",Fusobacterium,4,8261
"(1003.3888888888889, 1984.420634920635)",Veillonella,4,8262
"(1002.3410852713179, 269.13953488372096)",Veillonella,4,8263
"(1001.3714285714286, 473.57142857142856)",Veillonella,4,8264
"(1004.3012048192771, 512.0963855421687)",Pasteurellaceae,4,8265
"(1007.0854700854701, 855.957264957265)",Veillonella,4,8267
"(1002.8765432098766, 1376.4074074074074)",Fusobacterium,4,8268
"(1006.1904761904761, 1402.0)",Fusobacterium,4,8269
"(1002.8805970149253, 1689.313432835821)",Streptococcus,4,8270
"(1008.3959731543624, 1944.221476510067)",Fusobacterium,4,8271
"(1003.9651162790698, 1196.8488372093022)",Veillonella,4,8272
"(1007.1770833333334, 1240.4166666666667)",Veillonella,4,8273
"(1003.6935483870968, 1503.6935483870968)",Fusobacterium,4,8274
"(1005.0853658536586, 1527.6463414634147)",Fusobacterium,4,8275
"(1006.5416666666666, 118.51388888888889)",Veillonella,4,8276
"(1004.9264705882352, 248.61764705882354)",Veillonella,4,8277
"(1004.7037037037037, 535.6666666666666)",Neisseria,4,8278
"(1010.720207253886, 583.5440414507772)",Veillonella,4,8279
"(1006.5430107526881, 615.1021505376344)",Saccharibacteria,4,8280
"(1007.0, 1040.6410256410256)",Veillonella,4,8281
"(1013.4591836734694, 1229.7908163265306)",Veillonella,4,8282
"(1010.982332155477, 1667.452296819788)",Streptococcus,4,8283
"(1005.4920634920635, 1927.6984126984128)",Fusobacterium,4,8284
"(1010.8316831683169, 41.00990099009901)",Veillonella,4,8285
"(1005.379746835443, 151.16455696202533)",Selenomonas,4,8286
"(1008.05, 209.7125)",Fusobacterium,4,8287
"(1006.9058823529411, 435.5764705882353)",Veillonella,4,8288
"(1006.0, 736.68)",Veillonella,4,8289
"(1006.0677966101695, 1069.5254237288136)",Veillonella,4,8290
"(1007.5327102803739, 1431.5981308411215)",Fusobacterium,4,8291
"(1007.8, 1754.8125)",Veillonella,4,8292
"(1008.0735294117648, 300.27941176470586)",Streptococcus,4,8293
"(1010.261744966443, 455.3020134228188)",Veillonella,4,8294
"(1009.1987577639752, 752.8571428571429)",Veillonella,4,8295
"(1007.1, 1179.05)",Veillonella,4,8296
"(1007.0689655172414, 1735.7586206896551)",Rothia,4,8297
"(1010.4315789473684, 282.4842105263158)",Treponema,4,8298
"(1009.6949152542373, 677.0593220338983)",Veillonella,4,8299
"(1008.3636363636364, 708.0808080808081)",Veillonella,4,8300
"(1010.3692307692307, 895.1538461538462)",Veillonella,4,8301
"(1009.1978021978022, 927.4395604395604)",Veillonella,4,8302
"(1008.4268292682926, 1353.0365853658536)",Fusobacterium,4,8303
"(1008.3456790123457, 1633.3950617283951)",Veillonella,4,8304
"(1009.060606060606, 91.66666666666667)",Veillonella,4,8305
"(1011.7047619047619, 526.552380952381)",Veillonella,4,8306
"(1013.2466960352423, 1088.920704845815)",Veillonella,4,8307
"(1012.0689655172414, 1456.7011494252874)",Fusobacterium,4,8308
"(1013.5714285714286, 1511.0714285714287)",Campylobacter,4,8310
"(1009.546875, 1968.546875)",Veillonella,4,8311
"(1010.1573033707865, 54.79775280898876)",Neisseria,4,8312
"(1011.4, 176.4695652173913)",Streptococcus,4,8313
"(1012.829268292683, 232.08536585365854)",Neisseria,4,8314
"(1012.6847826086956, 370.5108695652174)",Veillonella,4,8315
"(1010.4505494505495, 1384.901098901099)",Fusobacterium,4,8316
"(1010.7894736842105, 78.42105263157895)",Veillonella,4,8317
"(1014.2516129032258, 317.3354838709677)",Streptococcus,4,8318
"(1011.945652173913, 386.57608695652175)",Veillonella,4,8319
"(1012.6794871794872, 839.7820512820513)",Rothia,4,8320
"(1010.8548387096774, 1058.983870967742)",Veillonella,4,8321
"(1013.2, 1546.024)",Streptococcus,4,8323
"(1011.3333333333334, 1914.159420289855)",Fusobacterium,4,8324
"(1013.4705882352941, 334.1764705882353)",Neisseria,4,8325
"(1013.2848101265823, 961.1455696202531)",Veillonella,4,8326
"(1013.5571428571428, 1360.0428571428572)",Fusobacterium,4,8327
"(1014.3687943262412, 1446.404255319149)",Fusobacterium,4,8328
"(1016.6847826086956, 115.05434782608695)",Veillonella,4,8329
"(1014.2337662337662, 916.4155844155844)",Veillonella,4,8330
"(1013.4466019417475, 1212.2427184466019)",Veillonella,4,8331
"(1013.8571428571429, 1337.952380952381)",Fusobacterium,4,8332
"(1017.1565217391304, 1690.0869565217392)",Streptococcus,4,8333
"(1014.5396825396825, 243.79365079365078)",Veillonella,4,8334
"(1014.9545454545455, 643.790909090909)",Fusobacterium,4,8336
"(1012.3157894736842, 780.8245614035088)",Veillonella,4,8337
"(1013.5714285714286, 979.974025974026)",Veillonella,4,8338
"(1014.3804347826087, 1149.4891304347825)",Veillonella,4,8339
"(1014.2631578947369, 1488.7543859649122)",Neisseria,4,8341
"(1017.8347826086956, 1637.6260869565217)",Selenomonas,4,8343
"(1015.043795620438, 1720.5693430656934)",Saccharibacteria,4,8344
"(1015.3859649122807, 1957.578947368421)",Veillonella,4,8345
"(1015.625, 265.27777777777777)",Veillonella,4,8346
"(1016.4245283018868, 418.52830188679246)",Veillonella,4,8347
"(1019.8482142857143, 799.3482142857143)",Veillonella,4,8348
"(1015.7757009345794, 1317.0093457943926)",Fusobacterium,4,8349
"(1017.5068493150685, 1610.5890410958905)",Veillonella,4,8350
"(1016.8352941176471, 1849.929411764706)",Neisseria,4,8351
"(1015.25, 1899.142857142857)",Fusobacterium,4,8352
"(1017.2359550561798, 14.842696629213483)",Neisseria,4,8353
"(1016.52, 812.1066666666667)",Veillonella,4,8354
"(1019.725, 882.675)",Veillonella,4,8355
"(1016.5568181818181, 997.4204545454545)",Veillonella,4,8356
"(1015.5507246376811, 1191.9565217391305)",Veillonella,4,8357
"(1016.0985915492957, 1878.1267605633802)",Neisseria,4,8358
"(1016.8035714285714, 135.75892857142858)",Streptococcus,4,8359
"(1024.1017964071857, 1066.7365269461077)",Veillonella,4,8360
"(1018.411214953271, 1164.056074766355)",Veillonella,4,8361
"(1023.2293577981651, 1253.4220183486239)",Veillonella,4,8362
"(1016.0769230769231, 1863.4038461538462)",Neisseria,4,8365
"(1027.5409356725147, 351.77485380116957)",Veillonella,4,8367
"(1017.9878048780488, 506.9024390243902)",Neisseria,4,8368
"(1018.3879310344828, 624.0862068965517)",Saccharibacteria,4,8369
"(1018.6229508196722, 721.655737704918)",Veillonella,4,8370
"(1018.3177570093458, 1295.4672897196263)",Neisseria,4,8371
"(1021.8260869565217, 1747.0)",Rothia,4,8373
"(1018.5555555555555, 1931.142857142857)",Fusobacterium,4,8374
"(1022.8627450980392, 152.43790849673204)",Streptococcus,4,8375
"(1022.1390728476821, 442.34437086092714)",Veillonella,4,8376
"(1020.8125, 1938.546875)",Fusobacterium,4,8377
"(1025.0363636363636, 474.1030303030303)",Veillonella,4,8378
"(1021.2567567567568, 489.7027027027027)",Veillonella,4,8379
"(1024.0263157894738, 593.9894736842106)",Veillonella,4,8380
"(1020.7435897435897, 1120.2307692307693)",Veillonella,4,8381
"(1022.5547445255474, 1820.1897810218977)",Saccharibacteria,4,8382
"(1020.7118644067797, 59.898305084745765)",Veillonella,4,8383
"(1025.9837398373984, 251.739837398374)",Veillonella,4,8384
"(1022.1333333333333, 733.7555555555556)",Veillonella,4,8385
"(1025.6746031746031, 1379.6825396825398)",Fusobacterium,4,8387
"(1022.7623762376238, 97.14851485148515)",Veillonella,4,8388
"(1023.8981481481482, 298.7962962962963)",Veillonella,4,8389
"(1030.9244186046512, 132.82558139534885)",Streptococcus,4,8390
"(1023.0, 190.8409090909091)",Veillonella,4,8391
"(1023.7951807228916, 708.2168674698795)",Veillonella,4,8392
"(1026.3694581280788, 855.7881773399015)",Veillonella,4,8393
"(1022.9649122807018, 1265.9473684210527)",Rothia,4,8394
"(1026.8478260869565, 1419.3478260869565)",Fusobacterium,4,8395
"(1022.6065573770492, 1528.8852459016393)",Fusobacterium,4,8396
"(1025.0898876404494, 1593.4157303370787)",Capnocytophaga,4,8397
"(1023.09375, 1910.25)",Fusobacterium,4,8398
"(1029.1553398058252, 164.126213592233)",Streptococcus,4,8399
"(1024.232, 217.208)",Veillonella,4,8400
"(1030.2769230769231, 563.3794871794872)",Veillonella,4,8402
"(1027.482456140351, 657.8333333333334)",Veillonella,4,8403
"(1024.6057692307693, 689.2692307692307)",Veillonella,4,8404
"(1025.2477064220184, 787.6422018348624)",Veillonella,4,8405
"(1025.0363636363636, 869.8909090909091)",Veillonella,4,8406
"(1025.5581395348838, 1350.9127906976744)",Fusobacterium,4,8408
"(1029.4326241134752, 1392.5673758865248)",Fusobacterium,4,8409
"(1024.9895833333333, 1403.75)",Fusobacterium,4,8410
"(1024.563829787234, 1970.6914893617022)",Veillonella,4,8412
"(1025.493670886076, 532.9746835443038)",Veillonella,4,8413
"(1026.409090909091, 905.9772727272727)",Veillonella,4,8414
"(1025.0294117647059, 1007.7205882352941)",Veillonella,4,8415
"(1027.8631578947368, 1138.178947368421)",Veillonella,4,8416
"(1027.204918032787, 1766.3196721311476)",Saccharibacteria,4,8418
"(1026.1097560975609, 380.5487804878049)",Veillonella,4,8420
"(1026.1304347826087, 764.6594202898551)",Veillonella,4,8421
"(1029.0088495575221, 935.4867256637168)",Neisseria,4,8422
"(1026.24, 1107.56)",Veillonella,4,8423
"(1027.6220472440946, 1484.5984251968505)",Streptococcus,4,8424
"(1027.099099099099, 31.486486486486488)",Veillonella,4,8426
"(1028.0, 48.205128205128204)",Neisseria,4,8427
"(1027.344827586207, 235.4655172413793)",Veillonella,4,8428
"(1027.6555555555556, 975.4)",Veillonella,4,8429
"(1028.6544117647059, 1038.610294117647)",Veillonella,4,8430
"(1027.036036036036, 1206.3963963963963)",Veillonella,4,8431
"(1027.164383561644, 1280.7397260273972)",Veillonella,4,8432
"(1026.6172839506173, 1705.530864197531)",Fusobacterium,4,8433
"(1035.2805429864254, 1875.1990950226245)",Neisseria,4,8434
"(1028.1803278688524, 518.4262295081967)",Veillonella,4,8436
"(1028.5875, 672.4625)",Veillonella,4,8437
"(1028.8275862068965, 1186.183908045977)",Veillonella,4,8438
"(1033.1146496815286, 1328.9171974522294)",Capnocytophaga,4,8439
"(1028.18, 330.06)",Veillonella,4,8441
"(1037.3117206982545, 631.2992518703242)",Fusobacterium,4,8442
"(1030.3333333333333, 507.469696969697)",Veillonella,4,8444
"(1030.5, 1313.5)",Veillonella,4,8445
"(1030.6632653061224, 1464.8163265306123)",Streptococcus,4,8446
"(1031.475, 1724.5125)",Fusobacterium,4,8448
"(1033.7450980392157, 1818.3660130718954)",Veillonella,4,8449
"(1030.0379746835442, 1894.1518987341772)",Streptococcus,4,8450
"(1030.7066666666667, 267.96)",Veillonella,4,8451
"(1033.8347826086956, 316.75652173913045)",Capnocytophaga,4,8452
"(1031.3793103448277, 820.6321839080459)",Veillonella,4,8454
"(1032.99, 920.73)",Veillonella,4,8455
"(1044.5149051490514, 1076.5149051490514)",Neisseria,4,8456
"(1030.84375, 1444.7083333333333)",Fusobacterium,4,8457
"(1034.2380952380952, 1505.047619047619)",Streptococcus,4,8458
"(1038.0052631578947, 1641.2)",Streptococcus,4,8459
"(1031.578431372549, 1922.5098039215686)",Lautropia,4,8460
"(1033.1287128712872, 283.8712871287129)",Campylobacter,4,8461
"(1036.0633802816901, 1145.0985915492959)",Veillonella,4,8462
"(1033.5806451612902, 1163.4112903225807)",Veillonella,4,8463
"(1032.1954022988505, 1693.712643678161)",Fusobacterium,4,8464
"(1040.331818181818, 1711.0545454545454)",Capnocytophaga,4,8465
"(1034.7608695652175, 458.0)",Veillonella,4,8466
"(1036.785046728972, 834.0560747663551)",Veillonella,4,8467
"(1036.325925925926, 1022.7777777777778)",Veillonella,4,8468
"(1034.8, 411.225)",Veillonella,4,8470
"(1045.3823529411766, 500.1372549019608)",Neisseria,4,8471
"(1034.3692307692309, 541.4461538461538)",Veillonella,4,8472
"(1033.1851851851852, 803.0)",Veillonella,4,8473
"(1034.5, 949.8529411764706)",Veillonella,4,8474
"(1034.677966101695, 1301.3728813559321)",Veillonella,4,8475
"(1043.9530201342282, 1543.1006711409395)",Veillonella,4,8476
"(1034.3253012048192, 1606.9759036144578)",Streptococcus,4,8478
"(1037.2397260273972, 1662.2328767123288)",Streptococcus,4,8479
"(1035.9, 1842.0266666666666)",Fusobacterium,4,8480
"(1035.9910714285713, 389.00892857142856)",Veillonella,4,8482
"(1034.967741935484, 487.2258064516129)",Veillonella,4,8483
"(1034.82, 995.51)",Veillonella,4,8484
"(1035.6363636363637, 1096.7454545454545)",Veillonella,4,8485
"(1042.1117647058823, 1286.0647058823529)",Veillonella,4,8486
"(1039.7297297297298, 53.9009009009009)",Neisseria,4,8487
"(1040.5779816513761, 114.72477064220183)",Veillonella,4,8488
"(1036.2777777777778, 211.72222222222223)",Veillonella,4,8489
"(1041.3293768545993, 724.9673590504451)",Porphyromonas,4,8490
"(1035.469696969697, 780.1363636363636)",Veillonella,4,8491
"(1035.7843137254902, 870.3137254901961)",Veillonella,4,8492
"(1036.6774193548388, 958.1129032258065)",Veillonella,4,8493
"(1036.6823529411765, 1944.0588235294117)",Veillonella,4,8494
"(1036.142857142857, 369.5)",Veillonella,4,8495
"(1036.553846153846, 746.9692307692308)",Veillonella,4,8496
"(1037.1926605504586, 887.9633027522935)",Veillonella,4,8497
"(1040.3333333333333, 1053.148148148148)",Porphyromonas,4,8498
"(1042.0579710144928, 1858.7028985507247)",Neisseria,4,8499
"(1038.732142857143, 1905.3125)",Porphyromonas,4,8500
"(1042.35838150289, 1983.8092485549132)",Veillonella,4,8501
"(1038.7721518987341, 435.56962025316454)",Veillonella,4,8502
"(1040.6939655172414, 694.4181034482758)",Veillonella,4,8503
"(1037.9807692307693, 1117.8461538461538)",Veillonella,4,8504
"(1038.3263157894737, 1234.3368421052633)",Veillonella,4,8505
"(1037.2075471698113, 1533.132075471698)",Fusobacterium,4,8507
"(1039.7473684210527, 1626.8631578947368)",Streptococcus,4,8508
"(1042.8513513513512, 1679.509009009009)",Fusobacterium,4,8509
"(1039.142857142857, 98.23376623376623)",Veillonella,4,8510
"(1042.1931818181818, 1006.8522727272727)",Veillonella,4,8511
"(1043.1592039800994, 1426.323383084577)",Fusobacterium,4,8512
"(1039.1698113207547, 1521.9245283018868)",Campylobacter,4,8513
"(1041.367924528302, 1963.6792452830189)",Veillonella,4,8514
"(1040.0987654320988, 191.7530864197531)",Veillonella,4,8516
"(1039.6603773584907, 1272.377358490566)",Veillonella,4,8517
"(1040.5, 1341.392857142857)",Fusobacterium,4,8518
"(1041.9747899159663, 1747.7226890756303)",Fusobacterium,4,8519
"(1043.6, 173.90434782608696)",Veillonella,4,8520
"(1042.4807692307693, 575.4038461538462)",Veillonella,4,8521
"(1044.3106796116506, 611.2621359223301)",Rothia,4,8522
"(1042.0588235294117, 1202.9243697478992)",Rothia,4,8524
"(1044.4596273291925, 527.0745341614906)",Veillonella,4,8526
"(1043.012048192771, 769.0843373493976)",Saccharibacteria,4,8527
"(1042.4942528735633, 1097.287356321839)",Veillonella,4,8528
"(1043.396551724138, 1475.405172413793)",Fusobacterium,4,8529
"(1043.39, 1566.24)",Streptococcus,4,8530
"(1049.0375, 1791.4125)",Fusobacterium,4,8531
"(1043.8608695652174, 153.03478260869565)",Capnocytophaga,4,8533
"(1043.8271604938273, 1039.962962962963)",Veillonella,4,8534
"(1048.1475409836066, 1245.9590163934427)",Fusobacterium,4,8535
"(1043.1203007518798, 1369.7218045112782)",Veillonella,4,8536
"(1044.1833333333334, 1454.8916666666667)",Fusobacterium,4,8537
"(1045.625, 1763.7395833333333)",Fusobacterium,4,8538
"(1045.4, 234.94285714285715)",Veillonella,4,8539
"(1045.5325443786983, 285.1775147928994)",Veillonella,4,8540
"(1051.5822784810127, 677.7299578059071)",Fusobacterium,4,8541
"(1042.9120879120878, 819.4505494505495)",Veillonella,4,8542
"(1044.377358490566, 1170.188679245283)",Veillonella,4,8544
"(1044.8617021276596, 1217.0106382978724)",Veillonella,4,8545
"(1043.2549019607843, 1585.4705882352941)",Fusobacterium,4,8546
"(1043.5454545454545, 1730.2857142857142)",Fusobacterium,4,8548
"(1047.578947368421, 91.07894736842105)",Veillonella,4,8549
"(1050.9326923076924, 460.9951923076923)",Veillonella,4,8550
"(1049.0629921259842, 660.0314960629921)",Rothia,4,8551
"(1046.2516129032258, 852.7483870967742)",Veillonella,4,8552
"(1046.3333333333333, 937.5591397849462)",Veillonella,4,8553
"(1048.4356435643565, 972.1782178217821)",Veillonella,4,8554
"(1046.3416149068323, 1188.4347826086957)",Veillonella,4,8555
"(1047.8481012658228, 1268.1645569620252)",Veillonella,4,8556
"(1045.746835443038, 1403.253164556962)",Fusobacterium,4,8557
"(1048.887640449438, 1594.3595505617977)",Streptococcus,4,8558
"(1051.8102564102564, 409.2717948717949)",Veillonella,4,8559
"(1051.058091286307, 805.0539419087137)",Veillonella,4,8560
"(1048.9259259259259, 1126.5555555555557)",Veillonella,4,8561
"(1047.1805555555557, 1385.4722222222222)",Fusobacterium,4,8562
"(1046.043956043956, 1494.923076923077)",Veillonella,4,8563
"(1046.5573770491803, 129.13114754098362)",Veillonella,4,8564
"(1047.65, 220.775)",Veillonella,4,8565
"(1051.6716417910447, 331.42537313432837)",Neisseria,4,8566
"(1048.1948051948052, 429.1038961038961)",Veillonella,4,8567
"(1050.5208333333333, 75.34375)",Veillonella,4,8571
"(1051.1684210526316, 906.9)",Veillonella,4,8573
"(1051.633027522936, 956.9908256880734)",Neisseria,4,8574
"(1050.969387755102, 1153.1938775510205)",Veillonella,4,8575
"(1048.0483870967741, 1609.8870967741937)",Streptococcus,4,8576
"(1048.672131147541, 1653.1967213114754)",Porphyromonas,4,8577
"(1051.9633027522937, 1827.5275229357799)",Fusobacterium,4,8578
"(1052.2477064220184, 1890.1467889908256)",Capnocytophaga,4,8579
"(1047.6969696969697, 375.04545454545456)",Veillonella,4,8580
"(1049.328125, 922.75)",Neisseria,4,8581
"(1050.3535353535353, 989.4848484848485)",Veillonella,4,8582
"(1051.0363636363636, 34.69090909090909)",Veillonella,4,8584
"(1050.2435897435898, 200.83333333333334)",Veillonella,4,8585
"(1050.281690140845, 316.53521126760563)",Veillonella,4,8586
"(1049.7857142857142, 357.44642857142856)",Pasteurellaceae,4,8587
"(1054.4625850340135, 482.8979591836735)",Veillonella,4,8588
"(1051.6917293233082, 1302.5563909774437)",Veillonella,4,8589
"(1051.9017857142858, 1810.2142857142858)",Fusobacterium,4,8590
"(1050.3333333333333, 1924.7307692307693)",Rothia,4,8591
"(1052.4850299401198, 257.4251497005988)",Veillonella,4,8592
"(1050.8732394366198, 388.6056338028169)",Veillonella,4,8593
"(1050.4925373134329, 744.4776119402985)",Capnocytophaga,4,8594
"(1054.2680412371135, 1777.8556701030927)",Fusobacterium,4,8595
"(1058.780991735537, 1943.2685950413222)",Fusobacterium,4,8596
"(1060.0819672131147, 376.59562841530055)",Veillonella,4,8597
"(1052.611111111111, 551.574074074074)",Neisseria,4,8598
"(1052.0740740740741, 650.2592592592592)",Rothia,4,8599
"(1056.04, 770.25)",Veillonella,4,8600
"(1060.46, 1320.28)",Veillonella,4,8601
"(1054.2474226804125, 1334.360824742268)",Veillonella,4,8602
"(1052.0, 1514.732142857143)",Veillonella,4,8603
"(1056.5901639344263, 1912.2622950819673)",Capnocytophaga,4,8604
"(1053.3076923076924, 106.76923076923077)",Fusobacterium,4,8605
"(1052.8636363636363, 345.8636363636364)",Veillonella,4,8606
"(1052.4893617021276, 832.9468085106383)",Veillonella,4,8607
"(1060.0, 1350.4858757062148)",Veillonella,4,8608
"(1053.8333333333333, 188.94871794871796)",Veillonella,4,8610
"(1057.362745098039, 623.7058823529412)",Prevotella,4,8611
"(1055.6, 942.9538461538461)",Veillonella,4,8612
"(1053.566037735849, 1013.188679245283)",Veillonella,4,8613
"(1055.0714285714287, 1255.625)",Fusobacterium,4,8614
"(1053.921052631579, 1628.3815789473683)",Selenomonas,4,8615
"(1055.8382352941176, 443.6029411764706)",Veillonella,4,8616
"(1054.8875, 1023.6125)",Veillonella,4,8617
"(1059.155844155844, 1103.487012987013)",Veillonella,4,8618
"(1055.1168831168832, 1434.1298701298701)",Fusobacterium,4,8619
"(1057.784090909091, 1569.5454545454545)",Streptococcus,4,8620
"(1057.2977099236641, 1729.3358778625955)",Fusobacterium,4,8622
"(1055.258064516129, 133.2741935483871)",Veillonella,4,8624
"(1060.9545454545455, 145.07954545454547)",Neisseria,4,8625
"(1057.0967741935483, 166.30645161290323)",Veillonella,4,8626
"(1057.709090909091, 293.1818181818182)",Veillonella,4,8627
"(1057.5348837209303, 308.6744186046512)",Veillonella,4,8628
"(1059.8350515463917, 533.9690721649484)",Neisseria,4,8629
"(1059.276595744681, 641.0531914893617)",Rothia,4,8630
"(1059.2916666666667, 785.2395833333334)",Capnocytophaga,4,8631
"(1058.8854166666667, 1451.7395833333333)",Fusobacterium,4,8633
"(1060.7051282051282, 1281.871794871795)",Veillonella,4,8634
"(1057.1384615384616, 1411.8153846153846)",Fusobacterium,4,8636
"(1058.855072463768, 1465.7246376811595)",Fusobacterium,4,8637
"(1061.0747663551401, 1641.3177570093458)",Fusobacterium,4,8638
"(1058.1, 1658.642857142857)",Streptococcus,4,8639
"(1057.8676470588234, 41.205882352941174)",Veillonella,4,8640
"(1059.2947976878613, 710.8381502890173)",Veillonella,4,8642
"(1060.4868421052631, 876.7368421052631)",Veillonella,4,8643
"(1059.2179487179487, 1394.7692307692307)",Fusobacterium,4,8644
"(1063.2185430463576, 1552.112582781457)",Saccharibacteria,4,8646
"(1060.469135802469, 1608.8024691358025)",Veillonella,4,8647
"(1059.357142857143, 1684.345238095238)",Capnocytophaga,4,8649
"(1062.7043478260869, 1966.9739130434782)",Fusobacterium,4,8650
"(1060.8474576271187, 82.45762711864407)",Veillonella,4,8651
"(1062.0403225806451, 244.42741935483872)",Veillonella,4,8652
"(1060.6836734693877, 863.704081632653)",Veillonella,4,8653
"(1062.5959595959596, 1052.4444444444443)",Veillonella,4,8654
"(1062.5284552845528, 1166.081300813008)",Veillonella,4,8655
"(1060.3214285714287, 1185.2380952380952)",Veillonella,4,8656
"(1064.6938775510205, 1596.0510204081634)",Saccharibacteria,4,8657
"(1063.7699115044247, 1761.141592920354)",Capnocytophaga,4,8658
"(1060.904458598726, 1990.9745222929937)",Fusobacterium,4,8659
"(1063.7768595041323, 116.64462809917356)",Fusobacterium,4,8660
"(1063.6028368794325, 277.35460992907804)",Veillonella,4,8661
"(1062.3975903614457, 760.0)",Fusobacterium,4,8662
"(1060.9642857142858, 1132.25)",Veillonella,4,8664
"(1063.0707070707072, 1213.4545454545455)",Veillonella,4,8665
"(1064.8877551020407, 1498.9795918367347)",Fusobacterium,4,8666
"(1064.1896551724137, 1705.4137931034484)",Fusobacterium,4,8667
"(1064.7310344827586, 1744.1241379310345)",Fusobacterium,4,8668
"(1065.1639344262296, 1866.48087431694)",Saccharibacteria,4,8669
"(1061.4235294117648, 1876.7176470588236)",Saccharibacteria,4,8670
"(1062.6031746031747, 179.11111111111111)",Veillonella,4,8671
"(1062.1971830985915, 356.28169014084506)",Veillonella,4,8672
"(1063.632911392405, 572.8354430379746)",Veillonella,4,8673
"(1067.0576923076924, 896.4230769230769)",Neisseria,4,8674
"(1067.0, 923.5080213903743)",Neisseria,4,8675
"(1062.918918918919, 1010.1081081081081)",Veillonella,4,8676
"(1065.3648648648648, 156.27027027027026)",Veillonella,4,8678
"(1064.3, 738.48)",Veillonella,4,8679
"(1064.5774647887324, 1119.0845070422536)",Veillonella,4,8680
"(1068.384, 100.664)",Fusobacterium,4,8681
"(1068.1978021978023, 218.45054945054946)",Fusobacterium,4,8682
"(1064.752380952381, 660.152380952381)",Fusobacterium,4,8683
"(1066.8695652173913, 799.0434782608696)",Veillonella,4,8684
"(1065.8076923076924, 970.5384615384615)",Veillonella,4,8685
"(1066.1951219512196, 1080.8536585365853)",Neisseria,4,8686
"(1068.9176470588236, 1144.1705882352942)",Veillonella,4,8687
"(1069.0, 1529.5542635658915)",Fusobacterium,4,8689
"(1065.2903225806451, 1844.279569892473)",Fusobacterium,4,8690
"(1072.3865030674847, 204.94478527607362)",Fusobacterium,4,8691
"(1071.0220588235295, 844.7683823529412)",Veillonella,4,8693
"(1079.4351145038167, 950.2442748091603)",Veillonella,4,8694
"(1071.4539877300613, 1240.3374233128834)",Veillonella,4,8695
"(1065.7462686567164, 1308.8507462686566)",Veillonella,4,8696
"(1071.132450331126, 194.9933774834437)",Fusobacterium,4,8697
"(1067.3285714285714, 409.2857142857143)",Veillonella,4,8698
"(1069.641975308642, 478.39506172839504)",Neisseria,4,8700
"(1069.6666666666667, 495.44086021505376)",Neisseria,4,8701
"(1070.039603960396, 544.1089108910891)",Veillonella,4,8702
"(1067.1690140845071, 692.5211267605633)",Veillonella,4,8703
"(1069.3173076923076, 1270.3365384615386)",Veillonella,4,8704
"(1070.491124260355, 1409.396449704142)",Fusobacterium,4,8705
"(1070.196261682243, 1801.0093457943926)",Fusobacterium,4,8707
"(1073.9010416666667, 1926.7552083333333)",Fusobacterium,4,8708
"(1068.3333333333333, 616.3232323232323)",Pasteurellaceae,4,8711
"(1070.1782178217823, 1362.0)",Veillonella,4,8714
"(1072.252808988764, 1486.9550561797753)",Fusobacterium,4,8715
"(1071.233082706767, 1628.0977443609022)",Streptococcus,4,8716
"(1069.0657894736842, 1715.4868421052631)",Fusobacterium,4,8717
"(1069.9080459770114, 343.95402298850576)",Veillonella,4,8718
"(1067.88, 999.0)",Veillonella,4,8719
"(1068.7473684210527, 1288.9684210526316)",Veillonella,4,8721
"(1072.3138075313807, 1431.6485355648535)",Fusobacterium,4,8722
"(1077.5638766519824, 125.80616740088105)",Selenomonas,4,8723
"(1073.9955357142858, 1655.0580357142858)",Fusobacterium,4,8724
"(1075.0785714285714, 1673.9071428571428)",Fusobacterium,4,8725
"(1071.695652173913, 1827.8260869565217)",Fusobacterium,4,8726
"(1076.9453125, 1983.5859375)",Fusobacterium,4,8727
"(1072.312101910828, 446.90445859872614)",Veillonella,4,8728
"(1071.7283950617284, 593.3456790123457)",Veillonella,4,8729
"(1073.3370786516855, 937.685393258427)",Veillonella,4,8730
"(1073.603448275862, 1066.2068965517242)",Neisseria,4,8731
"(1070.2428571428572, 1469.0714285714287)",Fusobacterium,4,8732
"(1071.4, 1583.2111111111112)",Fusobacterium,4,8733
"(1071.1967213114754, 1814.360655737705)",Fusobacterium,4,8735
"(1077.3411764705882, 1879.5764705882352)",Rothia,4,8736
"(1075.641975308642, 301.04938271604937)",Veillonella,4,8737
"(1073.4268292682927, 334.9024390243902)",Veillonella,4,8738
"(1073.0, 1098.142857142857)",Rothia,4,8739
"(1075.0260869565218, 361.7217391304348)",Veillonella,4,8740
"(1073.1408450704225, 677.7183098591549)",Pasteurellaceae,4,8741
"(1074.218487394958, 820.5714285714286)",Veillonella,4,8742
"(1076.4059405940593, 1024.3465346534654)",Veillonella,4,8743
"(1076.007299270073, 1380.3138686131388)",Fusobacterium,4,8744
"(1080.7379679144385, 1693.7700534759358)",Fusobacterium,4,8745
"(1079.1148648648648, 525.6824324324324)",Neisseria,4,8747
"(1076.5822784810127, 580.0253164556962)",Veillonella,4,8748
"(1074.625, 640.3977272727273)",Veillonella,4,8749
"(1073.2181818181818, 767.6545454545454)",Veillonella,4,8750
"(1075.65625, 983.1979166666666)",Veillonella,4,8751
"(1079.0420168067226, 1613.9159663865546)",Porphyromonas,4,8752
"(1075.3255813953488, 169.69767441860466)",Neisseria,4,8753
"(1082.9320388349515, 400.3883495145631)",Veillonella,4,8754
"(1076.5166666666667, 423.475)",Veillonella,4,8755
"(1073.6538461538462, 779.8076923076923)",Veillonella,4,8756
"(1077.4653465346535, 1339.4752475247524)",Veillonella,4,8757
"(1080.3597122302158, 1509.8057553956835)",Streptococcus,4,8758
"(1075.6734693877552, 1955.0102040816328)",Neisseria,4,8759
"(1081.2931937172775, 239.39267015706807)",Fusobacterium,4,8760
"(1076.6625, 511.8625)",Neisseria,4,8761
"(1076.735294117647, 750.0367647058823)",Veillonella,4,8762
"(1081.2625899280577, 1175.9604316546763)",Fusobacterium,4,8764
"(1075.5, 1199.15625)",Veillonella,4,8765
"(1076.5982905982905, 1560.3675213675215)",Actinomyces,4,8766
"(1079.142857142857, 465.06493506493507)",Veillonella,4,8767
"(1076.9583333333333, 721.7291666666666)",Veillonella,4,8768
"(1078.85, 1090.1833333333334)",Capnocytophaga,4,8769
"(1078.2459016393443, 666.9672131147541)",Veillonella,4,8771
"(1079.134328358209, 1040.7761194029852)",Veillonella,4,8772
"(1079.4736842105262, 1128.2631578947369)",Veillonella,4,8773
"(1079.2549019607843, 1213.8431372549019)",Veillonella,4,8774
"(1079.9285714285713, 1328.4285714285713)",Veillonella,4,8775
"(1077.109375, 1770.34375)",Fusobacterium,4,8776
"(1079.5686274509803, 1786.313725490196)",Fusobacterium,4,8777
"(1080.0289855072465, 1900.2101449275362)",Veillonella,4,8778
"(1080.5029585798816, 147.92307692307693)",Fusobacterium,4,8779
"(1078.4901960784314, 178.7843137254902)",Neisseria,4,8780
"(1080.031914893617, 1110.9468085106382)",Veillonella,4,8781
"(1081.1868131868132, 1157.7032967032967)",Veillonella,4,8782
"(1079.825, 1290.9125)",Veillonella,4,8783
"(1079.8561643835617, 1447.527397260274)",Fusobacterium,4,8784
"(1082.6549295774648, 380.0211267605634)",Veillonella,4,8786
"(1085.1567164179105, 606.7835820895523)",Veillonella,4,8787
"(1079.1206896551723, 691.3793103448276)",Veillonella,4,8788
"(1080.6, 706.6153846153846)",Pasteurellaceae,4,8789
"(1081.344262295082, 893.9016393442623)",Veillonella,4,8791
"(1080.3373493975903, 1055.1686746987953)",Veillonella,4,8792
"(1080.6341463414635, 1307.1097560975609)",Veillonella,4,8794
"(1084.7105263157894, 1947.2280701754387)",Selenomonas,4,8795
"(1094.212201591512, 1969.5384615384614)",Veillonella,4,8796
"(1083.0972972972972, 93.02162162162162)",Fusobacterium,4,8797
"(1080.767857142857, 285.44642857142856)",Capnocytophaga,4,8798
"(1083.3085106382978, 546.9787234042553)",Veillonella,4,8799
"(1085.732283464567, 627.9291338582677)",Veillonella,4,8800
"(1081.7246376811595, 970.8115942028985)",Veillonella,4,8801
"(1090.048888888889, 1569.6177777777777)",Fusobacterium,4,8802
"(1082.723404255319, 1848.031914893617)",Fusobacterium,4,8803
"(1081.304347826087, 485.27536231884056)",Neisseria,4,8805
"(1092.8024316109422, 652.1945288753799)",Veillonella,4,8806
"(1085.1, 329.4125)",Veillonella,4,8807
"(1083.8265306122448, 998.8061224489796)",Veillonella,4,8808
"(1082.85, 1080.2375)",Veillonella,4,8809
"(1088.644927536232, 1356.5217391304348)",Veillonella,4,8810
"(1089.2119815668202, 1460.9354838709678)",Fusobacterium,4,8811
"(1084.4927536231885, 1708.3333333333333)",Fusobacterium,4,8812
"(1086.2566371681417, 1835.7433628318583)",Fusobacterium,4,8813
"(1084.1944444444443, 315.7916666666667)",Veillonella,4,8814
"(1082.8909090909092, 349.8909090909091)",Veillonella,4,8815
"(1087.064935064935, 500.1948051948052)",Veillonella,4,8816
"(1086.9757575757576, 796.7030303030303)",Fusobacterium,4,8817
"(1085.6930693069307, 1422.148514851485)",Fusobacterium,4,8819
"(1086.121951219512, 1862.9512195121952)",Rothia,4,8820
"(1084.6279069767443, 774.7906976744187)",Veillonella,4,8822
"(1087.4573643410852, 880.2403100775193)",Veillonella,4,8823
"(1085.2, 911.6444444444444)",Veillonella,4,8824
"(1084.8133333333333, 1226.8666666666666)",Veillonella,4,8825
"(1088.5463917525774, 1371.2886597938145)",Fusobacterium,4,8826
"(1088.049180327869, 1399.877049180328)",Fusobacterium,4,8827
"(1085.0625, 1533.421875)",Streptococcus,4,8828
"(1090.0862068965516, 1728.521551724138)",Fusobacterium,4,8829
"(1086.4571428571428, 566.3285714285714)",Veillonella,4,8830
"(1099.3062200956938, 590.7846889952153)",Veillonella,4,8831
"(1088.8713450292398, 1143.5497076023391)",Veillonella,4,8832
"(1086.5125, 1258.95)",Fusobacterium,4,8834
"(1086.7962962962963, 1595.648148148148)",Saccharibacteria,4,8835
"(1086.527950310559, 1817.0186335403728)",Fusobacterium,4,8836
"(1087.3466666666666, 1914.1466666666668)",Veillonella,4,8837
"(1087.2131147540983, 441.672131147541)",Veillonella,4,8838
"(1087.7777777777778, 454.9074074074074)",Veillonella,4,8839
"(1089.25, 471.76785714285717)",Veillonella,4,8840
"(1091.6666666666667, 1012.1578947368421)",Veillonella,4,8841
"(1092.7883597883597, 1286.5343915343915)",Veillonella,4,8842
"(1086.463768115942, 1492.4927536231885)",Fusobacterium,4,8843
"(1086.2213740458014, 1754.7480916030534)",Fusobacterium,4,8844
"(1087.7796610169491, 181.67796610169492)",Veillonella,4,8845
"(1087.7444444444445, 269.14444444444445)",Neisseria,4,8846
"(1087.710843373494, 368.9277108433735)",Veillonella,4,8847
"(1088.2068965517242, 675.7586206896551)",Neisseria,4,8848
"(1092.1491228070176, 846.1754385964912)",Veillonella,4,8849
"(1089.2773109243697, 860.9915966386554)",Veillonella,4,8850
"(1089.7047619047619, 1525.4380952380952)",Veillonella,4,8852
"(1089.433734939759, 689.710843373494)",Veillonella,4,8853
"(1090.3298429319373, 736.9319371727748)",Veillonella,4,8854
"(1089.8311688311687, 829.3116883116883)",Veillonella,4,8855
"(1092.3333333333333, 899.5057471264367)",Neisseria,4,8856
"(1089.4351851851852, 930.1851851851852)",Veillonella,4,8857
"(1093.4242424242425, 142.62878787878788)",Fusobacterium,4,8858
"(1092.94, 619.68)",Veillonella,4,8859
"(1090.638888888889, 1550.6805555555557)",Fusobacterium,4,8860
"(1089.9074074074074, 1648.8148148148148)",Rothia,4,8861
"(1092.795918367347, 162.69387755102042)",Fusobacterium,4,8862
"(1091.4262295081967, 522.5737704918033)",Neisseria,4,8863
"(1092.4793388429753, 1660.3801652892562)",Fusobacterium,4,8865
"(1099.25, 193.26829268292684)",Neisseria,4,8866
"(1091.9263157894736, 1199.1157894736841)",Veillonella,4,8867
"(1093.5126050420167, 1310.235294117647)",Veillonella,4,8868
"(1094.2, 1886.25)",Veillonella,4,8869
"(1100.9866666666667, 421.68333333333334)",Veillonella,4,8870
"(1093.6760563380283, 1026.225352112676)",Veillonella,4,8871
"(1094.4285714285713, 1039.057142857143)",Veillonella,4,8872
"(1094.7524752475247, 1446.2970297029703)",Fusobacterium,4,8873
"(1096.9759759759759, 1779.8138138138138)",Fusobacterium,4,8874
"(1093.0869565217392, 543.2463768115942)",Veillonella,4,8876
"(1095.3222222222223, 714.4)",Veillonella,4,8878
"(1094.2328767123288, 776.8082191780821)",Veillonella,4,8879
"(1094.2916666666667, 1064.3125)",Veillonella,4,8880
"(1094.2808988764045, 1243.6179775280898)",Veillonella,4,8881
"(1092.8703703703704, 1672.3703703703704)",Fusobacterium,4,8884
"(1094.7884615384614, 1870.0)",Fusobacterium,4,8885
"(1098.87072243346, 1933.6539923954372)",Fusobacterium,4,8886
"(1096.4108527131782, 212.5581395348837)",Capnocytophaga,4,8887
"(1096.20987654321, 507.0987654320988)",Veillonella,4,8888
"(1096.5252525252524, 575.1212121212121)",Veillonella,4,8890
"(1095.3488372093022, 1099.1046511627908)",Veillonella,4,8891
"(1097.2235294117647, 1991.5529411764705)",Selenomonas,4,8894
"(1100.896, 173.728)",Fusobacterium,4,8895
"(1098.434065934066, 283.2637362637363)",Veillonella,4,8897
"(1097.9711538461538, 309.5192307692308)",Veillonella,4,8898
"(1100.7769784172663, 324.37410071942446)",Neisseria,4,8899
"(1096.990476190476, 1080.1809523809525)",Veillonella,4,8901
"(1097.8712871287128, 1123.8316831683169)",Veillonella,4,8902
"(1099.515625, 1682.5234375)",Fusobacterium,4,8903
"(1097.5681818181818, 110.14772727272727)",Fusobacterium,4,8904
"(1097.6515151515152, 450.1515151515151)",Veillonella,4,8905
"(1100.9265536723165, 759.7796610169491)",Capnocytophaga,4,8906
"(1102.936507936508, 831.484126984127)",Veillonella,4,8907
"(1098.3737373737374, 1179.989898989899)",Neisseria,4,8908
"(1095.95, 1221.6666666666667)",Veillonella,4,8909
"(1099.8130841121495, 1345.4579439252336)",Veillonella,4,8910
"(1099.7924528301887, 1501.572327044025)",Fusobacterium,4,8911
"(1098.129411764706, 1109.9176470588236)",Veillonella,4,8912
"(1100.7631578947369, 1325.8947368421052)",Veillonella,4,8913
"(1101.1630434782608, 1393.4021739130435)",Fusobacterium,4,8914
"(1100.2467532467533, 1709.7792207792209)",Fusobacterium,4,8915
"(1103.0454545454545, 341.72727272727275)",Veillonella,4,8918
"(1098.8294573643411, 799.6899224806201)",Veillonella,4,8919
"(1099.3650793650793, 817.8412698412699)",Veillonella,4,8920
"(1100.1739130434783, 1134.5942028985507)",Veillonella,4,8921
"(1099.4193548387098, 1812.1720430107528)",Fusobacterium,4,8922
"(1105.6441947565543, 1899.7265917602997)",Streptococcus,4,8924
"(1102.4859813084113, 258.42056074766356)",Neisseria,4,8925
"(1100.7555555555555, 401.8333333333333)",Veillonella,4,8926
"(1102.6090909090908, 477.75454545454545)",Veillonella,4,8927
"(1100.8101265822784, 918.2405063291139)",Veillonella,4,8928
"(1104.9240506329113, 1375.2721518987341)",Rothia,4,8929
"(1100.3947368421052, 1589.2368421052631)",Veillonella,4,8930
"(1103.027397260274, 1617.2328767123288)",Fusobacterium,4,8931
"(1100.7283950617284, 1848.1358024691358)",Veillonella,4,8932
"(1103.728971962617, 96.23364485981308)",Fusobacterium,4,8933
"(1101.2300884955753, 992.0088495575221)",Veillonella,4,8935
"(1105.5902777777778, 1161.0833333333333)",Veillonella,4,8936
"(1103.8790322580646, 365.06451612903226)",Veillonella,4,8938
"(1103.2463768115942, 533.1449275362319)",Veillonella,4,8939
"(1103.0674157303372, 703.1348314606741)",Veillonella,4,8940
"(1103.9026548672566, 1830.6902654867256)",Veillonella,4,8941
"(1105.2300884955753, 387.3628318584071)",Veillonella,4,8942
"(1105.8589743589744, 1274.076923076923)",Veillonella,4,8943
"(1104.3, 1471.6)",Fusobacterium,4,8944
"(1109.891156462585, 1919.1020408163265)",Fusobacterium,4,8945
"(1105.900900900901, 441.9549549549549)",Veillonella,4,8946
"(1104.2142857142858, 1261.8857142857144)",Veillonella,4,8947
"(1105.8170731707316, 1409.0975609756097)",Fusobacterium,4,8948
"(1105.9746835443038, 1574.012658227848)",Saccharibacteria,4,8949
"(1105.3333333333333, 546.4285714285714)",Veillonella,4,8950
"(1106.6875, 683.3229166666666)",Veillonella,4,8951
"(1103.9777777777779, 878.7555555555556)",Capnocytophaga,4,8952
"(1104.7407407407406, 906.7592592592592)",Veillonella,4,8953
"(1108.0252525252524, 1212.6010101010102)",Rothia,4,8954
"(1105.409090909091, 1361.1666666666667)",Fusobacterium,4,8955
"(1106.980198019802, 1520.09900990099)",Porphyromonas,4,8956
"(1104.6666666666667, 1723.0)",Fusobacterium,4,8957
"(1106.920634920635, 559.0952380952381)",Veillonella,4,8958
"(1107.2702702702702, 722.5135135135135)",Veillonella,4,8959
"(1108.5865384615386, 858.9326923076923)",Veillonella,4,8960
"(1107.6635514018692, 969.8878504672897)",Veillonella,4,8961
"(1105.8833333333334, 1189.8333333333333)",Veillonella,4,8962
"(1106.5866666666666, 1233.48)",Veillonella,4,8963
"(1106.2222222222222, 1296.2063492063492)",Veillonella,4,8964
"(1107.8661971830986, 1550.6971830985915)",Veillonella,4,8965
"(1110.2727272727273, 492.65909090909093)",Veillonella,4,8966
"(1107.6153846153845, 616.6993006993007)",Neisseria,4,8968
"(1109.5583333333334, 1051.5916666666667)",Neisseria,4,8969
"(1107.675, 1480.725)",Fusobacterium,4,8970
"(1110.8863636363637, 1756.909090909091)",Streptococcus,4,8971
"(1107.7282608695652, 1796.554347826087)",Fusobacterium,4,8972
"(1109.2033898305085, 161.67796610169492)",Fusobacterium,4,8973
"(1110.2808988764045, 635.7640449438202)",Veillonella,4,8974
"(1107.295081967213, 957.655737704918)",Veillonella,4,8975
"(1108.125, 1031.025)",Veillonella,4,8976
"(1109.144144144144, 1600.144144144144)",Veillonella,4,8978
"(1109.2142857142858, 1989.7714285714285)",Neisseria,4,8979
"(1111.46408839779, 121.31491712707182)",Fusobacterium,4,8980
"(1109.2666666666667, 1174.5)",Veillonella,4,8983
"(1112.698795180723, 1458.487951807229)",Fusobacterium,4,8984
"(1113.2307692307693, 1695.0576923076924)",Fusobacterium,4,8985
"(1109.7592592592594, 352.6111111111111)",Veillonella,4,8986
"(1110.235294117647, 662.1029411764706)",Rothia,4,8987
"(1112.1140939597315, 791.8657718120805)",Veillonella,4,8988
"(1111.3655913978494, 1146.5913978494623)",Veillonella,4,8989
"(1110.609589041096, 1440.6438356164383)",Fusobacterium,4,8990
"(1112.7065217391305, 1741.6195652173913)",Fusobacterium,4,8991
"(1112.4380165289256, 147.41322314049586)",Streptococcus,4,8992
"(1122.0247933884298, 208.02892561983472)",Fusobacterium,4,8993
"(1111.5581395348838, 736.3372093023256)",Veillonella,4,8994
"(1111.9318181818182, 1018.3636363636364)",Veillonella,4,8995
"(1111.7363636363636, 1096.4545454545455)",Veillonella,4,8996
"(1116.3480392156862, 1246.0882352941176)",Veillonella,4,8997
"(1112.641304347826, 1424.3260869565217)",Fusobacterium,4,8998
"(1115.3986486486488, 279.0743243243243)",Veillonella,4,9000
"(1114.942196531792, 468.78612716763007)",Veillonella,4,9001
"(1114.5813953488373, 566.9186046511628)",Veillonella,4,9002
"(1112.610294117647, 1863.3676470588234)",Fusobacterium,4,9004
"(1113.9382716049383, 580.2716049382716)",Fusobacterium,4,9005
"(1114.0298507462687, 845.0298507462686)",Veillonella,4,9006
"(1113.9318181818182, 887.4886363636364)",Veillonella,4,9007
"(1113.2102564102563, 938.5692307692308)",Veillonella,4,9008
"(1115.472972972973, 1610.9324324324325)",Fusobacterium,4,9009
"(1114.2133333333334, 693.5333333333333)",Veillonella,4,9010
"(1113.736111111111, 1961.4722222222222)",Veillonella,4,9012
"(1115.3333333333333, 378.60215053763443)",Veillonella,4,9013
"(1115.8169014084508, 777.6056338028169)",Veillonella,4,9015
"(1122.1917808219177, 1068.1872146118722)",Veillonella,4,9016
"(1118.7083333333333, 1116.375)",Veillonella,4,9017
"(1119.7226890756303, 1134.109243697479)",Veillonella,4,9018
"(1122.537142857143, 1340.8057142857142)",Veillonella,4,9019
"(1116.1619047619047, 1360.2571428571428)",Fusobacterium,4,9020
"(1114.7469879518073, 1396.3855421686746)",Fusobacterium,4,9021
"(1119.295081967213, 526.4426229508197)",Neisseria,4,9022
"(1115.6194690265486, 758.2743362831858)",Veillonella,4,9023
"(1116.25, 913.0744680851063)",Veillonella,4,9024
"(1125.8487084870849, 1508.9926199261993)",Porphyromonas,4,9025
"(1120.4012345679012, 1843.1728395061727)",Fusobacterium,4,9026
"(1117.2739726027398, 1874.986301369863)",Fusobacterium,4,9027
"(1118.6690647482014, 174.20863309352518)",Fusobacterium,4,9028
"(1118.0641025641025, 675.5128205128206)",Veillonella,4,9029
"(1117.0, 1579.9756097560976)",Veillonella,4,9032
"(1121.9178082191781, 1732.0616438356165)",Fusobacterium,4,9033
"(1117.02, 1974.0)",Fusobacterium,4,9034
"(1117.8235294117646, 362.8382352941176)",Veillonella,4,9035
"(1118.816091954023, 506.2183908045977)",Veillonella,4,9036
"(1125.7455621301774, 657.9349112426036)",Veillonella,4,9037
"(1118.8428571428572, 831.8857142857142)",Capnocytophaga,4,9039
"(1120.0601503759399, 1191.0075187969924)",Rothia,4,9040
"(1122.4817518248176, 1284.3211678832117)",Veillonella,4,9041
"(1118.6756756756756, 1314.6891891891892)",Veillonella,4,9042
"(1119.5294117647059, 194.8)",Fusobacterium,4,9043
"(1119.959595959596, 233.8989898989899)",Pasteurellaceae,4,9044
"(1123.1520467836258, 261.17543859649123)",Capnocytophaga,4,9045
"(1120.953488372093, 417.09302325581393)",Veillonella,4,9046
"(1119.0338983050847, 549.7457627118644)",Veillonella,4,9047
"(1121.1797752808989, 1389.4157303370787)",Fusobacterium,4,9048
"(1123.063063063063, 612.936936936937)",Neisseria,4,9050
"(1123.641791044776, 742.1567164179105)",Veillonella,4,9051
"(1120.5263157894738, 815.0263157894736)",Fusobacterium,4,9052
"(1120.1666666666667, 974.3)",Veillonella,4,9053
"(1120.967741935484, 1154.8709677419354)",Rothia,4,9054
"(1121.2209302325582, 1490.5813953488373)",Veillonella,4,9056
"(1120.1648351648353, 1824.098901098901)",Fusobacterium,4,9057
"(1120.936507936508, 433.87301587301585)",Veillonella,4,9058
"(1124.358695652174, 447.7880434782609)",Veillonella,4,9059
"(1121.2033898305085, 1265.4322033898304)",Veillonella,4,9060
"(1124.5034013605443, 1713.9795918367347)",Fusobacterium,4,9061
"(1121.9882352941177, 1939.5411764705882)",Veillonella,4,9062
"(1128.439024390244, 490.7154471544715)",Veillonella,4,9063
"(1125.2685185185185, 596.7592592592592)",Veillonella,4,9064
"(1124.0, 1533.882882882883)",Veillonella,4,9065
"(1125.409090909091, 1772.0)",Veillonella,4,9066
"(1128.172093023256, 1789.0279069767441)",Fusobacterium,4,9067
"(1122.5176470588235, 1806.1882352941177)",Fusobacterium,4,9068
"(1121.5384615384614, 1985.1846153846154)",Neisseria,4,9070
"(1123.741935483871, 301.4516129032258)",Veillonella,4,9071
"(1124.1818181818182, 1213.2272727272727)",Veillonella,4,9073
"(1123.0, 1325.142857142857)",Veillonella,4,9074
"(1129.179190751445, 1372.21387283237)",Fusobacterium,4,9075
"(1123.4875, 1477.625)",Veillonella,4,9076
"(1123.5185185185185, 1563.5185185185185)",Veillonella,4,9078
"(1125.5714285714287, 243.64285714285714)",Veillonella,4,9079
"(1125.984251968504, 340.62204724409446)",Veillonella,4,9080
"(1124.3684210526317, 388.64912280701753)",Veillonella,4,9081
"(1132.1693989071039, 131.30054644808743)",Selenomonas,4,9083
"(1124.673076923077, 159.32692307692307)",Fusobacterium,4,9084
"(1128.6022727272727, 827.3977272727273)",Fusobacterium,4,9085
"(1128.642857142857, 1045.2301587301588)",Veillonella,4,9086
"(1129.6236559139784, 1414.741935483871)",Veillonella,4,9087
"(1130.062893081761, 1897.8364779874214)",Fusobacterium,4,9089
"(1127.937062937063, 640.4125874125874)",Veillonella,4,9090
"(1127.6704545454545, 996.4545454545455)",Veillonella,4,9091
"(1128.240506329114, 1024.9240506329113)",Veillonella,4,9092
"(1128.0, 1603.0361445783133)",Veillonella,4,9093
"(1129.6039603960396, 1750.2871287128712)",Neisseria,4,9094
"(1132.6360655737706, 1920.6360655737706)",Fusobacterium,4,9095
"(1128.8970588235295, 1962.9117647058824)",Fusobacterium,4,9096
"(1127.8235294117646, 180.86274509803923)",Fusobacterium,4,9097
"(1129.1538461538462, 558.2884615384615)",Neisseria,4,9098
"(1127.993710691824, 705.4213836477987)",Veillonella,4,9099
"(1129.6082474226805, 850.0412371134021)",Streptococcus,4,9100
"(1133.169590643275, 892.812865497076)",Veillonella,4,9101
"(1128.2428571428572, 1011.3714285714286)",Veillonella,4,9102
"(1129.8804347826087, 1098.7065217391305)",Veillonella,4,9103
"(1135.1897435897436, 1437.4358974358975)",Fusobacterium,4,9104
"(1129.0357142857142, 804.6071428571429)",Veillonella,4,9106
"(1131.424778761062, 874.6106194690266)",Veillonella,4,9107
"(1131.4012345679012, 951.5925925925926)",Veillonella,4,9108
"(1129.060606060606, 1086.090909090909)",Veillonella,4,9109
"(1129.0246913580247, 1691.6296296296296)",Fusobacterium,4,9111
"(1131.5625, 279.2232142857143)",Veillonella,4,9112
"(1129.039603960396, 756.8118811881188)",Veillonella,4,9113
"(1134.82, 931.98)",Veillonella,4,9114
"(1130.845238095238, 978.6309523809524)",Veillonella,4,9115
"(1133.3020134228188, 1228.5704697986578)",Veillonella,4,9116
"(1134.4243902439025, 1857.7024390243903)",Capnocytophaga,4,9118
"(1130.7558139534883, 1877.5232558139535)",Fusobacterium,4,9119
"(1135.5277777777778, 191.50925925925927)",Fusobacterium,4,9120
"(1131.5657894736842, 465.5394736842105)",Veillonella,4,9121
"(1132.1546391752577, 579.9175257731958)",Veillonella,4,9122
"(1130.3522727272727, 775.4772727272727)",Fusobacterium,4,9123
"(1135.8765432098764, 792.7469135802469)",Neisseria,4,9124
"(1134.0, 1353.4264705882354)",Veillonella,4,9126
"(1132.171052631579, 1462.8026315789473)",Veillonella,4,9127
"(1137.5202312138729, 362.95953757225436)",Veillonella,4,9128
"(1133.4848484848485, 1174.1742424242425)",Veillonella,4,9129
"(1135.3392857142858, 383.42857142857144)",Veillonella,4,9130
"(1132.2769230769231, 401.9384615384615)",Veillonella,4,9131
"(1134.2876712328766, 519.1232876712329)",Neisseria,4,9132
"(1132.9166666666667, 674.4880952380952)",Veillonella,4,9133
"(1132.7384615384615, 1074.3384615384616)",Veillonella,4,9134
"(1140.8777777777777, 1830.2222222222222)",Fusobacterium,4,9135
"(1134.0307692307692, 1949.0461538461539)",Veillonella,4,9136
"(1137.340909090909, 164.28030303030303)",Fusobacterium,4,9137
"(1137.3720930232557, 504.3178294573643)",Veillonella,4,9138
"(1134.2112676056338, 533.0281690140845)",Veillonella,4,9139
"(1134.3939393939395, 544.8636363636364)",Veillonella,4,9140
"(1134.8369565217392, 907.8586956521739)",Neisseria,4,9142
"(1133.4016393442623, 1293.049180327869)",Veillonella,4,9143
"(1135.5714285714287, 111.57936507936508)",Streptococcus,4,9144
"(1134.4084507042253, 227.14084507042253)",Fusobacterium,4,9145
"(1138.7785714285715, 318.75)",Veillonella,4,9146
"(1133.948275862069, 1196.448275862069)",Veillonella,4,9147
"(1138.9142857142858, 251.22142857142856)",Neisseria,4,9148
"(1135.921875, 622.96875)",Veillonella,4,9149
"(1136.7238095238095, 1452.8285714285714)",Streptococcus,4,9150
"(1136.296052631579, 1979.9934210526317)",Streptococcus,4,9151
"(1137.9886363636363, 149.70454545454547)",Fusobacterium,4,9152
"(1138.729064039409, 1126.6108374384237)",Veillonella,4,9153
"(1138.6341463414635, 1327.341463414634)",Veillonella,4,9154
"(1137.868263473054, 1546.688622754491)",Veillonella,4,9155
"(1138.311475409836, 1706.155737704918)",Fusobacterium,4,9156
"(1137.7236842105262, 1726.6973684210527)",Fusobacterium,4,9157
"(1138.763888888889, 409.72222222222223)",Veillonella,4,9159
"(1138.5555555555557, 446.4949494949495)",Pasteurellaceae,4,9160
"(1141.1460674157304, 1152.247191011236)",Veillonella,4,9161
"(1142.137440758294, 1247.0805687203792)",Veillonella,4,9162
"(1141.195652173913, 1392.304347826087)",Veillonella,4,9163
"(1137.1830985915492, 1587.8732394366198)",Veillonella,4,9164
"(1143.8690476190477, 1617.2380952380952)",Neisseria,4,9165
"(1144.9955357142858, 225.61607142857142)",Fusobacterium,4,9166
"(1142.2173913043478, 1308.3623188405797)",Veillonella,4,9168
"(1138.9620253164558, 1488.5316455696202)",Rothia,4,9169
"(1142.141414141414, 708.6515151515151)",Veillonella,4,9171
"(1145.1312056737588, 1025.159574468085)",Veillonella,4,9172
"(1141.6888888888889, 1798.611111111111)",Veillonella,4,9173
"(1141.686746987952, 426.87951807228916)",Veillonella,4,9174
"(1141.9583333333333, 475.3611111111111)",Veillonella,4,9175
"(1141.3846153846155, 610.0192307692307)",Veillonella,4,9176
"(1150.5885714285714, 918.2)",Veillonella,4,9177
"(1141.0, 1474.1097560975609)",Rothia,4,9179
"(1141.3762376237623, 1507.2079207920792)",Veillonella,4,9180
"(1146.5935483870967, 598.3935483870968)",Veillonella,4,9182
"(1142.75, 631.7678571428571)",Veillonella,4,9183
"(1146.6090534979423, 992.8971193415638)",Veillonella,4,9184
"(1142.7029702970297, 1258.7227722772277)",Veillonella,4,9185
"(1143.392857142857, 1570.7071428571428)",Rothia,4,9186
"(1149.4205607476636, 1894.303738317757)",Fusobacterium,4,9187
"(1142.014705882353, 567.0441176470588)",Veillonella,4,9188
"(1143.4719101123596, 652.3932584269663)",Veillonella,4,9189
"(1143.1475409836066, 689.8852459016393)",Veillonella,4,9190
"(1141.9655172413793, 756.0689655172414)",Veillonella,4,9191
"(1146.225352112676, 552.8169014084507)",Neisseria,4,9193
"(1144.5528455284552, 1059.7723577235772)",Veillonella,4,9194
"(1143.7355371900826, 1637.809917355372)",Neisseria,4,9195
"(1143.5492957746478, 1872.2394366197184)",Streptococcus,4,9196
"(1145.6767676767677, 267.3939393939394)",Neisseria,4,9197
"(1146.9175257731958, 784.680412371134)",Veillonella,4,9198
"(1146.8219178082193, 814.5753424657535)",Veillonella,4,9199
"(1144.5428571428572, 832.0)",Veillonella,4,9200
"(1145.939024390244, 1106.8292682926829)",Neisseria,4,9201
"(1145.4214285714286, 1189.8785714285714)",Veillonella,4,9202
"(1146.4883720930231, 1273.3255813953488)",Veillonella,4,9203
"(1145.5, 1289.0520833333333)",Veillonella,4,9204
"(1146.7971014492753, 1371.1884057971015)",Capnocytophaga,4,9205
"(1151.5657894736842, 1815.8881578947369)",Neisseria,4,9206
"(1146.0530973451328, 1958.3185840707965)",Veillonella,4,9207
"(1146.625, 106.30681818181819)",Streptococcus,4,9208
"(1146.0333333333333, 873.1)",Veillonella,4,9210
"(1148.144, 946.304)",Veillonella,4,9211
"(1148.351851851852, 1526.4166666666667)",Veillonella,4,9212
"(1152.7433155080214, 392.1711229946524)",Veillonella,4,9214
"(1149.3454545454545, 741.1454545454545)",Veillonella,4,9216
"(1149.2403100775193, 466.0232558139535)",Veillonella,4,9219
"(1147.8360655737704, 538.4262295081967)",Neisseria,4,9220
"(1148.7666666666667, 908.4)",Veillonella,4,9222
"(1149.7058823529412, 976.0147058823529)",Veillonella,4,9223
"(1149.4102564102564, 1601.9358974358975)",Veillonella,4,9224
"(1148.3690476190477, 1734.7261904761904)",Saccharibacteria,4,9225
"(1157.1036036036037, 1752.8963963963963)",Veillonella,4,9226
"(1149.8863636363637, 1771.1022727272727)",Veillonella,4,9227
"(1152.2015503875969, 206.10077519379846)",Fusobacterium,4,9228
"(1151.357142857143, 346.35714285714283)",Veillonella,4,9229
"(1152.635593220339, 526.5338983050848)",Neisseria,4,9230
"(1149.4423076923076, 1044.576923076923)",Veillonella,4,9231
"(1150.6015037593984, 1340.7593984962407)",Veillonella,4,9232
"(1155.3618677042803, 1399.408560311284)",Fusobacterium,4,9233
"(1148.945652173913, 1433.2934782608695)",Fusobacterium,4,9234
"(1149.74, 1655.42)",Neisseria,4,9235
"(1149.8783783783783, 414.63513513513516)",Veillonella,4,9236
"(1154.2558139534883, 1126.922480620155)",Veillonella,4,9237
"(1150.4578313253012, 1859.421686746988)",Veillonella,4,9238
"(1152.1607142857142, 1909.125)",Fusobacterium,4,9239
"(1155.8641304347825, 647.0380434782609)",Veillonella,4,9240
"(1152.5681818181818, 669.2840909090909)",Veillonella,4,9241
"(1150.6166666666666, 767.25)",Veillonella,4,9242
"(1152.5588235294117, 962.2794117647059)",Veillonella,4,9243
"(1150.5729166666667, 1231.96875)",Veillonella,4,9244
"(1152.357142857143, 1378.9464285714287)",Veillonella,4,9246
"(1164.3087719298246, 1571.957894736842)",Capnocytophaga,4,9247
"(1153.2347826086957, 1983.8608695652174)",Veillonella,4,9248
"(1156.954887218045, 832.2631578947369)",Veillonella,4,9249
"(1153.4383561643835, 887.6712328767123)",Veillonella,4,9250
"(1157.4710743801652, 1075.099173553719)",Rothia,4,9251
"(1153.55, 1208.8375)",Veillonella,4,9252
"(1154.313725490196, 1222.0392156862745)",Veillonella,4,9253
"(1153.16, 1455.18)",Veillonella,4,9254
"(1152.7222222222222, 1483.6888888888889)",Veillonella,4,9255
"(1154.1418439716313, 1500.3120567375886)",Veillonella,4,9256
"(1157.9076923076923, 134.52307692307693)",Streptococcus,4,9257
"(1153.0515463917525, 441.6701030927835)",Rothia,4,9258
"(1154.2317073170732, 569.9878048780488)",Veillonella,4,9259
"(1156.4588235294118, 1093.2117647058824)",Prevotella,4,9261
"(1155.801886792453, 1172.4811320754718)",Veillonella,4,9262
"(1155.655172413793, 1555.448275862069)",Streptococcus,4,9263
"(1158.0993788819876, 315.111801242236)",Lautropia,4,9264
"(1159.6763005780347, 862.2427745664739)",Veillonella,4,9265
"(1156.1444444444444, 1008.2888888888889)",Veillonella,4,9266
"(1170.3755868544602, 1803.1596244131456)",Capnocytophaga,4,9268
"(1157.0955882352941, 246.90441176470588)",Neisseria,4,9269
"(1156.1, 718.4333333333333)",Veillonella,4,9270
"(1161.4493670886077, 1423.7848101265822)",Fusobacterium,4,9272
"(1155.159090909091, 1469.2727272727273)",Veillonella,4,9273
"(1156.5230769230768, 1641.9384615384615)",Neisseria,4,9274
"(1156.5555555555557, 625.1428571428571)",Veillonella,4,9275
"(1159.4285714285713, 1296.1809523809525)",Veillonella,4,9276
"(1157.203125, 1789.34375)",Capnocytophaga,4,9277
"(1157.2957746478874, 1965.5352112676057)",Streptococcus,4,9278
"(1161.039603960396, 332.3069306930693)",Veillonella,4,9279
"(1163.1708542713568, 368.03015075376885)",Veillonella,4,9280
"(1161.3431372549019, 930.1960784313726)",Veillonella,4,9281
"(1157.3076923076924, 1105.4615384615386)",Actinomyces,4,9282
"(1160.546511627907, 1368.8139534883721)",Rothia,4,9283
"(1160.8532110091744, 1716.8256880733945)",Rothia,4,9284
"(1164.728, 1847.208)",Veillonella,4,9285
"(1158.4745762711864, 111.55932203389831)",Fusobacterium,4,9286
"(1165.2662721893491, 542.2958579881657)",Neisseria,4,9288
"(1159.1, 684.5777777777778)",Neisseria,4,9289
"(1159.4788732394366, 701.8169014084507)",Neisseria,4,9290
"(1158.448275862069, 895.1379310344828)",Veillonella,4,9291
"(1159.6818181818182, 1943.7727272727273)",Fusobacterium,4,9292
"(1162.672, 586.896)",Veillonella,4,9294
"(1163.2906403940888, 761.551724137931)",Veillonella,4,9295
"(1163.3690476190477, 1000.3809523809524)",Veillonella,4,9296
"(1164.084745762712, 1141.6271186440679)",Veillonella,4,9297
"(1166.1808510638298, 1307.2659574468084)",Veillonella,4,9298
"(1159.811320754717, 1615.7169811320755)",Selenomonas,4,9299
"(1163.0, 86.22093023255815)",Pasteurellaceae,4,9300
"(1164.6339285714287, 407.25892857142856)",Veillonella,4,9301
"(1161.962441314554, 1267.5727699530516)",Veillonella,4,9302
"(1163.8650793650793, 1319.373015873016)",Veillonella,4,9303
"(1164.3312101910828, 1736.1592356687897)",Pasteurellaceae,4,9304
"(1165.8067226890757, 1872.5882352941176)",Veillonella,4,9305
"(1168.7951219512195, 1932.1121951219511)",Neisseria,4,9306
"(1162.6153846153845, 512.6538461538462)",Veillonella,4,9307
"(1163.1864406779662, 571.9152542372881)",Veillonella,4,9308
"(1162.46875, 968.5104166666666)",Veillonella,4,9309
"(1167.5031446540881, 1121.7924528301887)",Veillonella,4,9310
"(1164.9466666666667, 1236.12)",Veillonella,4,9311
"(1162.8484848484848, 1446.2272727272727)",Rothia,4,9312
"(1163.3833333333334, 667.8333333333334)",Veillonella,4,9313
"(1168.2926829268292, 813.780487804878)",Fusobacterium,4,9314
"(1163.5625, 945.6041666666666)",Veillonella,4,9315
"(1164.5068493150684, 1038.164383561644)",Veillonella,4,9316
"(1165.1028037383178, 1052.6355140186915)",Veillonella,4,9317
"(1164.6935483870968, 1190.5645161290322)",Veillonella,4,9318
"(1166.4375, 391.6041666666667)",Veillonella,4,9319
"(1166.4251968503936, 785.8897637795276)",Veillonella,4,9320
"(1164.6543209876543, 1168.888888888889)",Veillonella,4,9322
"(1164.5, 1518.095744680851)",Pasteurellaceae,4,9324
"(1164.5233160621763, 1595.9637305699482)",Veillonella,4,9325
"(1164.4642857142858, 1696.2857142857142)",Veillonella,4,9326
"(1167.0263157894738, 1857.438596491228)",Veillonella,4,9327
"(1170.624203821656, 436.02547770700636)",Veillonella,4,9328
"(1166.8918918918919, 1835.3243243243244)",Veillonella,4,9329
"(1170.2748091603053, 212.38931297709922)",Fusobacterium,4,9330
"(1168.490909090909, 1154.2727272727273)",Veillonella,4,9331
"(1164.75, 1477.1785714285713)",Veillonella,4,9332
"(1164.5245901639344, 1489.032786885246)",Veillonella,4,9333
"(1166.357142857143, 1538.125)",Saccharibacteria,4,9334
"(1165.9298245614036, 1672.157894736842)",Veillonella,4,9335
"(1170.838028169014, 1764.4295774647887)",Veillonella,4,9336
"(1174.348148148148, 196.8)",Fusobacterium,4,9337
"(1167.56, 230.52)",Fusobacterium,4,9338
"(1167.9354838709678, 492.9247311827957)",Veillonella,4,9339
"(1167.6268656716418, 638.3582089552239)",Veillonella,4,9341
"(1167.7142857142858, 879.6753246753246)",Veillonella,4,9342
"(1167.3333333333333, 1210.1286549707602)",Veillonella,4,9343
"(1173.1397849462367, 1889.763440860215)",Veillonella,4,9344
"(1169.8461538461538, 1919.1634615384614)",Fusobacterium,4,9345
"(1168.0263157894738, 1950.8815789473683)",Fusobacterium,4,9346
"(1168.25, 620.1136363636364)",Veillonella,4,9347
"(1167.4190476190477, 898.552380952381)",Veillonella,4,9348
"(1172.5670995670996, 926.030303030303)",Veillonella,4,9349
"(1168.2947368421053, 1404.5894736842106)",Fusobacterium,4,9350
"(1168.0945945945946, 1971.4054054054054)",Fusobacterium,4,9351
"(1170.3142857142857, 450.73333333333335)",Veillonella,4,9352
"(1169.8924731182797, 469.80645161290323)",Veillonella,4,9353
"(1172.2857142857142, 1286.6813186813188)",Veillonella,4,9354
"(1170.241935483871, 1339.3387096774193)",Fusobacterium,4,9355
"(1168.8214285714287, 1815.892857142857)",Veillonella,4,9356
"(1170.5573770491803, 131.62295081967213)",Streptococcus,4,9357
"(1176.8125, 355.32211538461536)",Veillonella,4,9358
"(1172.2272727272727, 418.54545454545456)",Veillonella,4,9359
"(1171.0689655172414, 551.6551724137931)",Neisseria,4,9360
"(1172.2051282051282, 744.4786324786324)",Rothia,4,9361
"(1174.0758620689655, 1785.2206896551725)",Veillonella,4,9363
"(1171.3972602739725, 106.86301369863014)",Porphyromonas,4,9364
"(1172.5342465753424, 849.527397260274)",Fusobacterium,4,9366
"(1175.7608695652175, 714.75)",Veillonella,4,9369
"(1174.4366197183099, 1013.7676056338029)",Veillonella,4,9370
"(1172.7875, 1070.2875)",Veillonella,4,9371
"(1171.741935483871, 1459.6209677419354)",Veillonella,4,9372
"(1174.559633027523, 1907.2477064220184)",Fusobacterium,4,9374
"(1176.048076923077, 117.35576923076923)",Porphyromonas,4,9375
"(1174.057142857143, 254.8095238095238)",Fusobacterium,4,9376
"(1172.849315068493, 528.7123287671233)",Veillonella,4,9378
"(1179.25, 610.9609375)",Neisseria,4,9379
"(1174.4913294797689, 657.3294797687861)",Veillonella,4,9380
"(1173.457627118644, 694.7881355932203)",Veillonella,4,9381
"(1177.2922077922078, 728.2532467532468)",Neisseria,4,9382
"(1174.9652173913043, 1106.121739130435)",Veillonella,4,9383
"(1177.357142857143, 1824.2551020408164)",Veillonella,4,9384
"(1177.09, 235.15)",Fusobacterium,4,9385
"(1175.1346153846155, 1549.7211538461538)",Veillonella,4,9386
"(1175.1927710843374, 1629.0843373493976)",Neisseria,4,9387
"(1179.709090909091, 320.3636363636364)",Veillonella,4,9388
"(1174.9866666666667, 956.36)",Veillonella,4,9389
"(1180.2173913043478, 1088.280193236715)",Rothia,4,9390
"(1176.5180722891566, 1255.0481927710844)",Veillonella,4,9391
"(1175.72, 1390.8)",Rothia,4,9392
"(1182.5026455026455, 1413.1693121693122)",Fusobacterium,4,9393
"(1175.7692307692307, 1614.179487179487)",Selenomonas,4,9394
"(1175.5394736842106, 1678.2236842105262)",Veillonella,4,9395
"(1176.0166666666667, 573.65)",Veillonella,4,9396
"(1177.8172043010752, 591.3010752688172)",Veillonella,4,9397
"(1175.7123287671234, 756.931506849315)",Rothia,4,9399
"(1176.7113402061855, 799.1340206185567)",Pasteurellaceae,4,9400
"(1176.576923076923, 975.974358974359)",Veillonella,4,9401
"(1175.595238095238, 1271.904761904762)",Veillonella,4,9402
"(1177.1408450704225, 1373.9014084507041)",Veillonella,4,9403
"(1175.8846153846155, 1477.5961538461538)",Veillonella,4,9405
"(1178.5809523809523, 1990.5714285714287)",Fusobacterium,4,9407
"(1181.5380434782608, 1356.6902173913043)",Neisseria,4,9409
"(1177.0731707317073, 1493.780487804878)",Veillonella,4,9410
"(1178.9344262295083, 1717.0573770491803)",Neisseria,4,9411
"(1178.3880597014925, 989.820895522388)",Veillonella,4,9412
"(1182.2288135593221, 483.9406779661017)",Veillonella,4,9413
"(1179.1875, 1051.3)",Veillonella,4,9414
"(1180.3055555555557, 1528.9907407407406)",Veillonella,4,9415
"(1179.4666666666667, 1587.0777777777778)",Fusobacterium,4,9416
"(1182.188679245283, 1958.301886792453)",Fusobacterium,4,9417
"(1179.625, 1977.5625)",Fusobacterium,4,9418
"(1182.045871559633, 380.0183486238532)",Actinomyces,4,9419
"(1179.8166666666666, 1037.4)",Veillonella,4,9421
"(1183.3469387755101, 1601.4489795918366)",Neisseria,4,9422
"(1182.2112676056338, 1873.0774647887324)",Veillonella,4,9423
"(1180.851851851852, 561.7407407407408)",Veillonella,4,9424
"(1185.2346368715084, 890.6312849162011)",Veillonella,4,9425
"(1183.6571428571428, 909.1619047619048)",Veillonella,4,9426
"(1183.603550295858, 1238.3491124260354)",Veillonella,4,9427
"(1182.076923076923, 1298.0576923076924)",Veillonella,4,9428
"(1189.5498154981549, 865.6420664206642)",Rothia,4,9430
"(1182.7019867549668, 1142.6490066225165)",Veillonella,4,9431
"(1182.2244897959183, 1168.030612244898)",Veillonella,4,9432
"(1182.8311688311687, 219.66233766233765)",Fusobacterium,4,9433
"(1187.404958677686, 398.8264462809917)",Veillonella,4,9434
"(1185.7885714285715, 821.4971428571429)",Fusobacterium,4,9435
"(1185.5051546391753, 842.2061855670103)",Capnocytophaga,4,9436
"(1184.2608695652175, 1188.141304347826)",Veillonella,4,9437
"(1183.7894736842106, 1437.8333333333333)",Fusobacterium,4,9438
"(1185.5242718446602, 1645.0388349514562)",Rothia,4,9439
"(1186.7383177570093, 1769.6915887850466)",Pasteurellaceae,4,9440
"(1185.0714285714287, 707.9)",Veillonella,4,9441
"(1183.8181818181818, 1309.6477272727273)",Veillonella,4,9442
"(1188.0851063829787, 543.7872340425532)",Fusobacterium,4,9443
"(1187.8974358974358, 633.6564102564103)",Veillonella,4,9444
"(1185.1090909090908, 789.0545454545454)",Veillonella,4,9445
"(1184.7, 965.35)",Veillonella,4,9446
"(1184.9538461538461, 1205.7076923076922)",Veillonella,4,9447
"(1190.092105263158, 1328.4868421052631)",Veillonella,4,9448
"(1186.3879310344828, 1453.896551724138)",Fusobacterium,4,9449
"(1185.493670886076, 1698.3544303797469)",Saccharibacteria,4,9450
"(1184.8235294117646, 1815.1176470588234)",Veillonella,4,9451
"(1187.1417322834645, 242.46456692913387)",Fusobacterium,4,9452
"(1187.620253164557, 531.6075949367089)",Veillonella,4,9453
"(1188.9117647058824, 771.3411764705883)",Veillonella,4,9454
"(1187.5714285714287, 1000.0439560439561)",Veillonella,4,9455
"(1186.6923076923076, 1734.0897435897436)",Fusobacterium,4,9456
"(1190.7471264367816, 1851.5804597701149)",Veillonella,4,9457
"(1190.1478260869565, 448.9130434782609)",Veillonella,4,9459
"(1193.4695652173914, 675.7173913043479)",Neisseria,4,9460
"(1187.0298507462687, 944.4029850746268)",Veillonella,4,9461
"(1189.4833333333333, 1073.75)",Lautropia,4,9462
"(1186.2666666666667, 1123.5666666666666)",Veillonella,4,9463
"(1188.3055555555557, 1504.5777777777778)",Capnocytophaga,4,9464
"(1188.8541666666667, 416.0208333333333)",Veillonella,4,9466
"(1193.1857142857143, 469.4142857142857)",Neisseria,4,9467
"(1189.6933333333334, 601.92)",Veillonella,4,9468
"(1189.892857142857, 1021.8214285714286)",Veillonella,4,9470
"(1187.212962962963, 1262.5185185185185)",Veillonella,4,9471
"(1188.75, 1286.325)",Veillonella,4,9472
"(1187.6860465116279, 1562.5697674418604)",Fusobacterium,4,9473
"(1190.450980392157, 1683.6764705882354)",Veillonella,4,9474
"(1190.872, 583.904)",Veillonella,4,9475
"(1190.6966292134832, 927.7752808988764)",Neisseria,4,9476
"(1188.9607843137255, 974.3529411764706)",Veillonella,4,9477
"(1188.6575342465753, 1040.3150684931506)",Veillonella,4,9478
"(1189.4657534246576, 1395.1917808219177)",Veillonella,4,9479
"(1190.9882352941177, 348.5764705882353)",Fusobacterium,4,9481
"(1192.3559322033898, 1474.1610169491526)",Fusobacterium,4,9482
"(1191.4494382022472, 1545.8988764044943)",Rothia,4,9483
"(1192.6875, 1634.892857142857)",Neisseria,4,9484
"(1194.1353383458647, 1750.857142857143)",Fusobacterium,4,9485
"(1190.817142857143, 1899.64)",Fusobacterium,4,9486
"(1192.0212765957447, 749.9893617021277)",Veillonella,4,9488
"(1195.1209677419354, 1620.266129032258)",Veillonella,4,9490
"(1191.8135593220338, 194.10169491525423)",Fusobacterium,4,9491
"(1193.446153846154, 205.44615384615383)",Fusobacterium,4,9492
"(1197.160621761658, 655.2435233160621)",Veillonella,4,9493
"(1192.4875, 693.3875)",Veillonella,4,9494
"(1194.01, 730.09)",Veillonella,4,9495
"(1192.4588235294118, 1377.5176470588235)",Veillonella,4,9496
"(1191.873417721519, 1582.4177215189873)",Fusobacterium,4,9497
"(1192.4794520547946, 1993.4657534246576)",Fusobacterium,4,9498
"(1194.3296703296703, 1113.3186813186812)",Veillonella,4,9501
"(1193.655172413793, 1342.603448275862)",Fusobacterium,4,9502
"(1195.6153846153845, 1726.065934065934)",Fusobacterium,4,9503
"(1198.6046511627908, 1835.8953488372092)",Veillonella,4,9504
"(1196.0288461538462, 370.9807692307692)",Veillonella,4,9505
"(1195.9607843137255, 431.95098039215685)",Neisseria,4,9506
"(1194.551282051282, 518.3589743589744)",Veillonella,4,9507
"(1195.2, 708.16)",Veillonella,4,9508
"(1194.4752475247524, 801.7920792079208)",Veillonella,4,9509
"(1198.2775330396476, 1223.2555066079294)",Veillonella,4,9510
"(1194.8412698412699, 1274.015873015873)",Veillonella,4,9511
"(1195.8850574712644, 1705.816091954023)",Streptococcus,4,9512
"(1195.5507246376812, 1939.5507246376812)",Streptococcus,4,9513
"(1195.4107142857142, 386.39285714285717)",Actinomyces,4,9514
"(1203.8, 257.64666666666665)",Fusobacterium,4,9515
"(1196.1159420289855, 1132.9855072463768)",Neisseria,4,9517
"(1195.9918032786886, 1166.450819672131)",Veillonella,4,9518
"(1204.0621468926554, 1537.774011299435)",Capnocytophaga,4,9519
"(1198.142857142857, 1979.6285714285714)",Fusobacterium,4,9520
"(1196.6153846153845, 267.89230769230767)",Fusobacterium,4,9521
"(1202.513274336283, 323.5575221238938)",Capnocytophaga,4,9522
"(1201.820359281437, 1602.2095808383233)",Fusobacterium,4,9523
"(1198.1527777777778, 1656.3055555555557)",Veillonella,4,9524
"(1197.7590361445782, 1792.578313253012)",Veillonella,4,9525
"(1203.4160583941605, 1965.7372262773722)",Fusobacterium,4,9526
"(1200.20202020202, 245.85858585858585)",Fusobacterium,4,9528
"(1200.2384615384615, 828.2076923076924)",Fusobacterium,4,9529
"(1200.7777777777778, 880.4938271604939)",Rothia,4,9530
"(1201.81640625, 962.55859375)",Veillonella,4,9531
"(1201.4319526627219, 1058.6686390532545)",Veillonella,4,9532
"(1197.5398230088495, 1307.5398230088495)",Veillonella,4,9533
"(1200.6573033707866, 1406.7977528089887)",Veillonella,4,9534
"(1197.7794117647059, 1486.0882352941176)",Fusobacterium,4,9535
"(1197.5098039215686, 1560.1764705882354)",Fusobacterium,4,9536
"(1197.987341772152, 1919.886075949367)",Capnocytophaga,4,9537
"(1199.6101694915253, 455.9830508474576)",Neisseria,4,9539
"(1201.588785046729, 614.5607476635514)",Veillonella,4,9540
"(1199.1538461538462, 716.2307692307693)",Veillonella,4,9541
"(1199.5064935064936, 785.5194805194806)",Veillonella,4,9542
"(1199.1917808219177, 986.6986301369863)",Rothia,4,9543
"(1204.0050505050506, 1087.409090909091)",Rothia,4,9544
"(1201.3064516129032, 1184.8629032258063)",Veillonella,4,9545
"(1200.46875, 1293.453125)",Veillonella,4,9547
"(1199.1386138613861, 1359.6336633663366)",Veillonella,4,9548
"(1201.5269461077844, 1518.11377245509)",Veillonella,4,9549
"(1200.164383561644, 1568.849315068493)",Fusobacterium,4,9550
"(1204.1618497109826, 312.02890173410407)",Fusobacterium,4,9551
"(1202.8068181818182, 362.45454545454544)",Porphyromonas,4,9552
"(1199.3653846153845, 843.9807692307693)",Fusobacterium,4,9554
"(1201.2068965517242, 1200.9655172413793)",Veillonella,4,9555
"(1203.1032863849766, 1429.530516431925)",Fusobacterium,4,9556
"(1201.144927536232, 1670.927536231884)",Neisseria,4,9557
"(1201.0325203252032, 1817.1138211382113)",Veillonella,4,9558
"(1202.142857142857, 277.04285714285714)",Fusobacterium,4,9559
"(1204.4156626506024, 289.45180722891564)",Fusobacterium,4,9560
"(1200.3559322033898, 336.5762711864407)",Pasteurellaceae,4,9561
"(1201.2962962962963, 407.5)",Veillonella,4,9562
"(1207.5316455696202, 939.4556962025316)",Veillonella,4,9563
"(1200.8070175438597, 1460.1929824561403)",Fusobacterium,4,9564
"(1202.810606060606, 1496.3560606060605)",Fusobacterium,4,9565
"(1200.6271186440679, 1693.322033898305)",Streptococcus,4,9566
"(1209.25, 489.11805555555554)",Veillonella,4,9567
"(1201.9782608695652, 1031.0434782608695)",Veillonella,4,9568
"(1204.4942528735633, 1953.3218390804598)",Fusobacterium,4,9569
"(1207.284946236559, 512.6397849462365)",Capnocytophaga,4,9570
"(1205.878048780488, 1387.7967479674796)",Veillonella,4,9571
"(1206.1746031746031, 395.77777777777777)",Veillonella,4,9572
"(1204.4117647058824, 565.2352941176471)",Veillonella,4,9573
"(1206.2533333333333, 641.2133333333334)",Veillonella,4,9574
"(1205.1224489795918, 904.8877551020408)",Neisseria,4,9575
"(1203.945205479452, 1585.5205479452054)",Capnocytophaga,4,9579
"(1205.8013245033112, 1896.9668874172185)",Veillonella,4,9580
"(1205.0857142857142, 1925.7)",Selenomonas,4,9581
"(1205.1379310344828, 216.47413793103448)",Fusobacterium,4,9582
"(1204.4128440366972, 580.9908256880734)",Neisseria,4,9583
"(1206.4666666666667, 812.9555555555555)",Fusobacterium,4,9584
"(1205.4649681528663, 1259.063694267516)",Veillonella,4,9586
"(1205.9193548387098, 1737.741935483871)",Fusobacterium,4,9587
"(1205.75, 1774.0108695652175)",Streptococcus,4,9588
"(1206.4941176470588, 696.5411764705882)",Veillonella,4,9589
"(1206.7878787878788, 741.929292929293)",Veillonella,4,9590
"(1206.9714285714285, 760.9571428571429)",Veillonella,4,9591
"(1210.4148936170213, 889.3829787234042)",Fusobacterium,4,9592
"(1218.3807531380753, 927.1338912133891)",Veillonella,4,9593
"(1205.8615384615384, 1148.2769230769231)",Veillonella,4,9594
"(1206.2289156626507, 1284.313253012048)",Veillonella,4,9595
"(1207.057471264368, 1878.896551724138)",Veillonella,4,9596
"(1210.132743362832, 129.13274336283186)",Fusobacterium,4,9598
"(1206.137254901961, 199.41176470588235)",Fusobacterium,4,9599
"(1211.094017094017, 236.9145299145299)",Fusobacterium,4,9600
"(1208.035294117647, 346.8705882352941)",Veillonella,4,9601
"(1208.7613636363637, 436.2613636363636)",Neisseria,4,9602
"(1209.2088607594937, 541.1139240506329)",Veillonella,4,9603
"(1209.909090909091, 1240.025974025974)",Veillonella,4,9604
"(1207.4411764705883, 1469.4411764705883)",Veillonella,4,9605
"(1207.4444444444443, 178.55555555555554)",Fusobacterium,4,9608
"(1209.7721518987341, 1690.4683544303798)",Fusobacterium,4,9610
"(1209.8194444444443, 1344.5833333333333)",Veillonella,4,9612
"(1208.446153846154, 1552.7076923076922)",Veillonella,4,9613
"(1211.4, 1619.7333333333333)",Veillonella,4,9614
"(1209.4423076923076, 1643.1538461538462)",Veillonella,4,9615
"(1209.8307692307692, 387.4)",Veillonella,4,9616
"(1209.7666666666667, 472.9888888888889)",Rothia,4,9617
"(1210.1176470588234, 776.655462184874)",Veillonella,4,9618
"(1211.0, 1858.9733333333334)",Veillonella,4,9619
"(1214.4874371859296, 593.9396984924623)",Veillonella,4,9620
"(1213.87, 624.16)",Veillonella,4,9621
"(1211.1904761904761, 836.2261904761905)",Fusobacterium,4,9622
"(1211.1076923076923, 1003.2)",Veillonella,4,9623
"(1214.6907216494844, 1945.721649484536)",Fusobacterium,4,9625
"(1211.4769230769232, 453.7692307692308)",Neisseria,4,9626
"(1213.4011299435028, 720.4350282485875)",Veillonella,4,9627
"(1213.6966292134832, 1016.4719101123595)",Veillonella,4,9628
"(1214.5959595959596, 1173.8080808080808)",Veillonella,4,9629
"(1212.361963190184, 1307.2147239263804)",Veillonella,4,9630
"(1213.2371794871794, 1710.1474358974358)",Fusobacterium,4,9631
"(1216.4220183486239, 1978.4954128440368)",Fusobacterium,4,9632
"(1213.6753246753246, 1993.8701298701299)",Fusobacterium,4,9633
"(1213.845238095238, 852.0595238095239)",Veillonella,4,9634
"(1217.2214285714285, 1728.3428571428572)",Fusobacterium,4,9635
"(1222.9641434262949, 868.5019920318725)",Fusobacterium,4,9638
"(1215.2142857142858, 987.3333333333334)",Veillonella,4,9639
"(1215.9594594594594, 1151.4527027027027)",Veillonella,4,9640
"(1217.076923076923, 1657.6483516483515)",Veillonella,4,9641
"(1215.978021978022, 1873.3846153846155)",Veillonella,4,9642
"(1215.844827586207, 306.37931034482756)",Fusobacterium,4,9644
"(1217.6, 1039.1166666666666)",Veillonella,4,9645
"(1215.641975308642, 1458.3086419753085)",Veillonella,4,9646
"(1215.9789473684211, 1914.3578947368421)",Fusobacterium,4,9647
"(1219.5566037735848, 325.08490566037733)",Fusobacterium,4,9648
"(1218.56, 408.88)",Veillonella,4,9649
"(1217.128205128205, 504.05128205128204)",Veillonella,4,9650
"(1220.40625, 555.13125)",Veillonella,4,9651
"(1217.3505154639174, 672.4432989690722)",Veillonella,4,9652
"(1223.05, 1281.0708333333334)",Veillonella,4,9653
"(1216.575, 1327.925)",Veillonella,4,9654
"(1221.631868131868, 1373.2637362637363)",Veillonella,4,9655
"(1218.0, 1429.086330935252)",Veillonella,4,9656
"(1215.1492537313434, 1572.3283582089553)",Fusobacterium,4,9657
"(1217.5, 189.8181818181818)",Fusobacterium,4,9658
"(1220.3551401869158, 372.5934579439252)",Pasteurellaceae,4,9660
"(1217.7567567567567, 653.8468468468468)",Veillonella,4,9661
"(1227.5906976744186, 1068.8)",Rothia,4,9662
"(1220.5289855072465, 1588.4202898550725)",Fusobacterium,4,9663
"(1219.343949044586, 1683.3694267515923)",Fusobacterium,4,9664
"(1219.8157894736842, 1794.4780701754387)",Neisseria,4,9665
"(1216.4875, 1815.725)",Fusobacterium,4,9666
"(1219.6048387096773, 900.4112903225806)",Fusobacterium,4,9668
"(1224.1658031088082, 965.979274611399)",Veillonella,4,9669
"(1218.159090909091, 1106.534090909091)",Veillonella,4,9670
"(1221.3515625, 1193.84375)",Veillonella,4,9671
"(1217.0943396226414, 1263.1132075471698)",Veillonella,4,9672
"(1223.6260162601627, 1409.9837398373984)",Veillonella,4,9673
"(1220.729411764706, 1494.464705882353)",Veillonella,4,9674
"(1218.7821782178219, 274.3069306930693)",Fusobacterium,4,9675
"(1220.71875, 342.828125)",Pasteurellaceae,4,9676
"(1221.764705882353, 757.625)",Rothia,4,9677
"(1219.3690476190477, 1133.202380952381)",Veillonella,4,9678
"(1221.9915966386554, 1348.4957983193278)",Veillonella,4,9679
"(1223.4516129032259, 1395.7806451612903)",Veillonella,4,9680
"(1226.5185185185185, 1566.3280423280423)",Fusobacterium,4,9681
"(1220.837837837838, 1854.2702702702702)",Veillonella,4,9683
"(1220.5729166666667, 808.7083333333334)",Veillonella,4,9685
"(1222.3620689655172, 1083.9310344827586)",Rothia,4,9686
"(1221.987012987013, 1745.7402597402597)",Fusobacterium,4,9687
"(1220.9610389610389, 174.72727272727272)",Fusobacterium,4,9688
"(1225.360902255639, 289.9398496240602)",Fusobacterium,4,9689
"(1222.958762886598, 635.0515463917526)",Veillonella,4,9690
"(1221.9014084507041, 824.3098591549295)",Veillonella,4,9691
"(1221.6935483870968, 1208.9193548387098)",Veillonella,4,9692
"(1224.2777777777778, 1254.6333333333334)",Veillonella,4,9693
"(1222.7142857142858, 219.46753246753246)",Fusobacterium,4,9694
"(1222.2073170731708, 229.7439024390244)",Fusobacterium,4,9695
"(1228.3617021276596, 748.8794326241135)",Veillonella,4,9696
"(1223.1764705882354, 1168.0823529411764)",Veillonella,4,9697
"(1222.6355140186915, 1224.5607476635514)",Veillonella,4,9698
"(1225.8431372549019, 1550.5947712418301)",Veillonella,4,9700
"(1225.5, 1612.6188524590164)",Veillonella,4,9701
"(1221.7619047619048, 1633.5555555555557)",Lautropia,4,9702
"(1224.4505494505495, 1776.6813186813188)",Fusobacterium,4,9703
"(1223.9056603773586, 446.7830188679245)",Veillonella,4,9704
"(1224.2197802197802, 571.7472527472528)",Veillonella,4,9705
"(1225.9666666666667, 1126.2222222222222)",Veillonella,4,9707
"(1222.9827586206898, 1306.9310344827586)",Veillonella,4,9708
"(1223.3978494623657, 1515.0967741935483)",Streptococcus,4,9709
"(1224.066037735849, 1837.1037735849056)",Veillonella,4,9710
"(1223.52, 1955.67)",Fusobacterium,4,9711
"(1224.6849315068494, 1241.0)",Veillonella,4,9713
"(1228.0136054421769, 262.6190476190476)",Fusobacterium,4,9714
"(1225.392857142857, 910.6071428571429)",Fusobacterium,4,9715
"(1225.4666666666667, 1470.2555555555555)",Veillonella,4,9716
"(1225.976377952756, 1894.6614173228347)",Veillonella,4,9717
"(1229.7931034482758, 524.1465517241379)",Pasteurellaceae,4,9719
"(1228.155172413793, 611.0948275862069)",Veillonella,4,9720
"(1226.1518987341772, 666.4430379746835)",Neisseria,4,9721
"(1229.475, 705.98125)",Neisseria,4,9722
"(1225.0192307692307, 1758.3076923076924)",Capnocytophaga,4,9724
"(1228.1194029850747, 537.2835820895523)",Veillonella,4,9726
"(1228.8791946308725, 1000.3221476510067)",Veillonella,4,9727
"(1237.3201320132014, 1642.6897689768978)",Fusobacterium,4,9728
"(1228.4054054054054, 1922.972972972973)",Veillonella,4,9729
"(1234.0812182741117, 328.4720812182741)",Fusobacterium,4,9731
"(1230.0647058823529, 503.9)",Veillonella,4,9732
"(1228.9568965517242, 781.5344827586207)",Veillonella,4,9733
"(1229.1159420289855, 1318.1014492753623)",Veillonella,4,9734
"(1229.4777777777779, 1821.5777777777778)",Saccharibacteria,4,9735
"(1232.4569536423842, 350.8211920529801)",Veillonella,4,9736
"(1231.0071942446043, 476.6474820143885)",Veillonella,4,9737
"(1233.0978260869565, 726.7717391304348)",Veillonella,4,9738
"(1233.648148148148, 1581.138888888889)",Veillonella,4,9739
"(1232.8064516129032, 1866.9354838709678)",Veillonella,4,9740
"(1231.7134146341464, 187.7560975609756)",Fusobacterium,4,9741
"(1230.75, 457.9117647058824)",Veillonella,4,9742
"(1235.6592592592592, 914.8814814814815)",Fusobacterium,4,9743
"(1231.3432835820895, 1987.8059701492537)",Fusobacterium,4,9745
"(1233.3076923076924, 689.2087912087912)",Veillonella,4,9746
"(1232.4920634920634, 890.6984126984127)",Fusobacterium,4,9747
"(1230.6515151515152, 1178.6666666666667)",Veillonella,4,9748
"(1233.3629032258063, 1335.217741935484)",Veillonella,4,9749
"(1232.611570247934, 1532.1818181818182)",Veillonella,4,9750
"(1236.331550802139, 1668.096256684492)",Selenomonas,4,9751
"(1232.8472222222222, 386.5416666666667)",Rothia,4,9752
"(1232.7260273972602, 596.8219178082192)",Veillonella,4,9753
"(1231.6875, 1022.525)",Veillonella,4,9754
"(1231.686274509804, 1104.8431372549019)",Veillonella,4,9755
"(1236.122807017544, 298.29824561403507)",Fusobacterium,4,9756
"(1233.078947368421, 583.7236842105264)",Neisseria,4,9757
"(1235.5131578947369, 871.3157894736842)",Fusobacterium,4,9758
"(1240.9176954732511, 980.59670781893)",Rothia,4,9759
"(1234.5432098765432, 1249.0)",Veillonella,4,9760
"(1237.6355140186915, 1265.8411214953271)",Veillonella,4,9761
"(1235.1634615384614, 243.82692307692307)",Fusobacterium,4,9762
"(1234.5064102564102, 1447.7948717948718)",Fusobacterium,4,9763
"(1238.1224489795918, 1718.4489795918366)",Fusobacterium,4,9764
"(1234.4769230769232, 1772.246153846154)",Fusobacterium,4,9765
"(1239.5919540229886, 1806.3850574712644)",Fusobacterium,4,9766
"(1237.6976744186047, 310.7093023255814)",Fusobacterium,4,9767
"(1238.0352112676057, 425.2535211267606)",Veillonella,4,9768
"(1238.0978260869565, 553.695652173913)",Veillonella,4,9769
"(1239.3283582089553, 796.276119402985)",Neisseria,4,9770
"(1235.3085106382978, 814.1702127659574)",Veillonella,4,9771
"(1235.7209302325582, 1052.6860465116279)",Veillonella,4,9772
"(1234.676923076923, 1087.8307692307692)",Rothia,4,9773
"(1235.65, 1117.7333333333333)",Neisseria,4,9774
"(1235.6703296703297, 1138.9450549450548)",Veillonella,4,9775
"(1236.5, 1429.6304347826087)",Fusobacterium,4,9776
"(1236.2105263157894, 1691.5)",Fusobacterium,4,9778
"(1240.7727272727273, 1733.7012987012988)",Fusobacterium,4,9779
"(1239.75, 230.05172413793105)",Fusobacterium,4,9780
"(1239.2592592592594, 283.0987654320988)",Fusobacterium,4,9781
"(1235.8690476190477, 402.1190476190476)",Veillonella,4,9782
"(1235.3584905660377, 411.77358490566036)",Veillonella,4,9783
"(1238.6854838709678, 625.516129032258)",Veillonella,4,9784
"(1239.5565610859728, 647.5248868778281)",Veillonella,4,9785
"(1236.25, 841.7142857142857)",Prevotella,4,9787
"(1236.3584905660377, 943.566037735849)",Veillonella,4,9788
"(1236.9058823529413, 1358.1529411764707)",Veillonella,4,9789
"(1241.9463087248323, 1880.0469798657718)",Veillonella,4,9790
"(1240.5282051282052, 210.21025641025642)",Fusobacterium,4,9791
"(1238.2615384615385, 1033.8615384615384)",Veillonella,4,9792
"(1238.2934782608695, 1191.391304347826)",Veillonella,4,9793
"(1238.28125, 1301.5078125)",Veillonella,4,9794
"(1238.7252747252746, 1913.5824175824175)",Veillonella,4,9795
"(1240.043795620438, 367.02919708029196)",Fusobacterium,4,9796
"(1238.203125, 1503.5625)",Veillonella,4,9797
"(1240.5, 1519.7888888888888)",Veillonella,4,9798
"(1238.822429906542, 1752.3271028037384)",Veillonella,4,9799
"(1239.472602739726, 1158.2328767123288)",Veillonella,4,9801
"(1239.6666666666667, 1233.48)",Veillonella,4,9802
"(1240.6707317073171, 1482.5975609756097)",Capnocytophaga,4,9803
"(1240.710843373494, 674.5903614457832)",Neisseria,4,9806
"(1244.4568965517242, 1416.5431034482758)",Veillonella,4,9808
"(1241.381679389313, 1897.5343511450383)",Veillonella,4,9809
"(1240.936507936508, 541.3015873015873)",Veillonella,4,9810
"(1244.2307692307693, 736.5299145299145)",Veillonella,4,9811
"(1243.0537634408602, 928.483870967742)",Veillonella,4,9812
"(1241.2727272727273, 1324.590909090909)",Veillonella,4,9813
"(1241.351851851852, 1403.9074074074074)",Veillonella,4,9814
"(1248.3474903474903, 1462.4440154440153)",Veillonella,4,9815
"(1243.3467741935483, 1619.016129032258)",Rothia,4,9816
"(1245.0602409638554, 174.3132530120482)",Fusobacterium,4,9817
"(1242.4594594594594, 260.05405405405406)",Fusobacterium,4,9818
"(1242.6486486486488, 448.8288288288288)",Pasteurellaceae,4,9819
"(1243.4375, 1388.8958333333333)",Veillonella,4,9820
"(1243.2537313432836, 1857.1492537313434)",Veillonella,4,9821
"(1242.25, 829.7884615384615)",Rothia,4,9822
"(1243.0819672131147, 1278.032786885246)",Veillonella,4,9823
"(1244.6347826086956, 1599.9304347826087)",Rothia,4,9824
"(1244.2758620689656, 1822.9885057471265)",Fusobacterium,4,9825
"(1244.4234234234234, 385.3693693693694)",Rothia,4,9826
"(1250.3430656934306, 772.4379562043796)",Neisseria,4,9827
"(1246.2758620689656, 1019.448275862069)",Veillonella,4,9828
"(1245.448717948718, 1174.9358974358975)",Veillonella,4,9829
"(1246.1363636363637, 466.82954545454544)",Veillonella,4,9831
"(1245.6934306569342, 497.2554744525547)",Veillonella,4,9832
"(1247.2, 601.2916666666666)",Veillonella,4,9833
"(1246.5544554455446, 665.6831683168317)",Neisseria,4,9834
"(1245.0, 853.9821428571429)",Rothia,4,9837
"(1248.5, 1099.1742424242425)",Veillonella,4,9839
"(1250.570588235294, 1350.9411764705883)",Veillonella,4,9840
"(1246.4117647058824, 1374.1529411764707)",Veillonella,4,9841
"(1245.3972602739725, 1703.6575342465753)",Streptococcus,4,9842
"(1245.442857142857, 897.5285714285715)",Fusobacterium,4,9844
"(1247.849315068493, 968.6575342465753)",Rothia,4,9845
"(1248.637037037037, 998.925925925926)",Fusobacterium,4,9846
"(1245.9342105263158, 1138.657894736842)",Veillonella,4,9847
"(1247.1470588235295, 1553.362745098039)",Veillonella,4,9848
"(1247.6753246753246, 1679.025974025974)",Streptococcus,4,9849
"(1247.344827586207, 187.29310344827587)",Fusobacterium,4,9850
"(1254.4918032786886, 361.1693989071038)",Fusobacterium,4,9851
"(1247.6896551724137, 523.1494252873563)",Veillonella,4,9852
"(1247.420634920635, 578.4126984126984)",Pasteurellaceae,4,9853
"(1247.7125, 879.675)",Fusobacterium,4,9854
"(1247.338028169014, 1117.8450704225352)",Veillonella,4,9855
"(1248.6458333333333, 1250.0833333333333)",Veillonella,4,9856
"(1248.1011235955057, 1574.4157303370787)",Veillonella,4,9857
"(1247.1780821917807, 1837.123287671233)",Veillonella,4,9858
"(1255.9844559585492, 342.5284974093264)",Veillonella,4,9859
"(1250.123595505618, 859.5393258426966)",Rothia,4,9860
"(1247.8823529411766, 1288.2156862745098)",Veillonella,4,9861
"(1256.2594142259413, 1785.4351464435147)",Veillonella,4,9862
"(1248.8636363636363, 1980.3818181818183)",Fusobacterium,4,9863
"(1266.2617079889808, 545.900826446281)",Veillonella,4,9864
"(1248.59375, 707.171875)",Veillonella,4,9865
"(1249.7307692307693, 1186.820512820513)",Veillonella,4,9866
"(1258.8428093645484, 1494.1973244147157)",Fusobacterium,4,9867
"(1251.1666666666667, 1755.0238095238096)",Porphyromonas,4,9868
"(1249.5714285714287, 1927.9166666666667)",Veillonella,4,9869
"(1252.5131578947369, 1956.3947368421052)",Veillonella,4,9870
"(1249.9444444444443, 1198.0)",Veillonella,4,9872
"(1251.1278195488721, 1217.984962406015)",Veillonella,4,9873
"(1251.5, 1654.75)",Veillonella,4,9874
"(1250.987012987013, 323.987012987013)",Fusobacterium,4,9875
"(1260.4362416107383, 642.510067114094)",Neisseria,4,9876
"(1254.732283464567, 721.0708661417323)",Veillonella,4,9877
"(1252.126126126126, 1436.4144144144145)",Neisseria,4,9878
"(1254.9932432432433, 414.6689189189189)",Fusobacterium,4,9879
"(1253.298969072165, 839.3092783505155)",Veillonella,4,9880
"(1256.6339285714287, 1301.65625)",Veillonella,4,9881
"(1252.9464285714287, 1543.3035714285713)",Neisseria,4,9882
"(1253.9367088607594, 1844.0506329113923)",Neisseria,4,9883
"(1252.4237288135594, 308.08474576271186)",Fusobacterium,4,9884
"(1254.4736842105262, 696.2631578947369)",Veillonella,4,9885
"(1256.2727272727273, 810.7272727272727)",Veillonella,4,9886
"(1253.0813953488373, 1075.4883720930231)",Veillonella,4,9887
"(1252.8817204301076, 1237.279569892473)",Veillonella,4,9888
"(1255.3733333333332, 1404.9066666666668)",Veillonella,4,9889
"(1256.2, 247.1)",Fusobacterium,4,9891
"(1257.172131147541, 678.5327868852459)",Veillonella,4,9892
"(1254.3566433566434, 926.4195804195804)",Rothia,4,9893
"(1253.5625, 1154.375)",Veillonella,4,9894
"(1254.857142857143, 1320.4126984126983)",Veillonella,4,9895
"(1255.1639344262296, 1941.7377049180327)",Veillonella,4,9896
"(1258.398148148148, 271.93518518518516)",Fusobacterium,4,9897
"(1261.5054347826087, 374.1902173913044)",Fusobacterium,4,9898
"(1255.5301204819277, 398.32530120481925)",Fusobacterium,4,9899
"(1263.625641025641, 782.2307692307693)",Neisseria,4,9900
"(1261.1483050847457, 960.6822033898305)",Veillonella,4,9901
"(1255.6538461538462, 1124.1538461538462)",Veillonella,4,9902
"(1255.4027777777778, 1334.513888888889)",Capnocytophaga,4,9903
"(1256.9878048780488, 1799.9268292682927)",Streptococcus,4,9904
"(1264.6296296296296, 513.8042328042328)",Pasteurellaceae,4,9905
"(1257.63, 1663.36)",Veillonella,4,9907
"(1256.5, 1695.25)",Streptococcus,4,9909
"(1256.5204081632653, 1726.0408163265306)",Neisseria,4,9910
"(1257.2621359223301, 1913.3495145631068)",Veillonella,4,9912
"(1258.5872093023256, 223.58139534883722)",Fusobacterium,4,9913
"(1256.9605263157894, 627.3815789473684)",Neisseria,4,9914
"(1258.4259259259259, 744.6388888888889)",Veillonella,4,9915
"(1258.378787878788, 871.439393939394)",Veillonella,4,9916
"(1260.0859375, 1607.15625)",Veillonella,4,9917
"(1259.2439024390244, 1709.0487804878048)",Campylobacter,4,9918
"(1261.005376344086, 203.89247311827958)",Fusobacterium,4,9919
"(1260.78, 568.21)",Neisseria,4,9920
"(1259.7770700636943, 1050.2229299363057)",Veillonella,4,9921
"(1257.0545454545454, 1170.5454545454545)",Veillonella,4,9922
"(1256.98, 1280.08)",Veillonella,4,9923
"(1258.7285714285715, 1377.057142857143)",Veillonella,4,9924
"(1264.3377483443708, 1590.205298013245)",Veillonella,4,9925
"(1262.3280423280423, 1630.2857142857142)",Veillonella,4,9926
"(1258.969696969697, 1526.1060606060605)",Veillonella,4,9928
"(1261.7563025210084, 1896.436974789916)",Veillonella,4,9929
"(1261.4827586206898, 183.86206896551724)",Fusobacterium,4,9930
"(1259.4268292682927, 483.6463414634146)",Veillonella,4,9931
"(1261.4177215189873, 980.2025316455696)",Veillonella,4,9932
"(1260.514705882353, 1006.7352941176471)",Veillonella,4,9933
"(1262.175, 1108.3)",Veillonella,4,9934
"(1260.1346153846155, 296.5769230769231)",Fusobacterium,4,9935
"(1266.1496062992126, 315.9448818897638)",Fusobacterium,4,9936
"(1262.1666666666667, 889.9603174603175)",Rothia,4,9937
"(1262.6504854368932, 907.5436893203884)",Rothia,4,9938
"(1265.590909090909, 1090.6515151515152)",Veillonella,4,9939
"(1261.5434782608695, 1140.5760869565217)",Veillonella,4,9940
"(1264.7962962962963, 1414.9753086419753)",Veillonella,4,9942
"(1266.564935064935, 1509.0844155844156)",Veillonella,4,9944
"(1266.6824324324325, 1570.7905405405406)",Veillonella,4,9945
"(1261.2345679012346, 1828.148148148148)",Veillonella,4,9946
"(1261.9612903225807, 1866.0258064516129)",Veillonella,4,9947
"(1261.5, 1646.16)",Veillonella,4,9948
"(1263.990990990991, 1813.0)",Fusobacterium,4,9949
"(1263.534090909091, 496.0)",Veillonella,4,9951
"(1263.2333333333333, 1196.2916666666667)",Veillonella,4,9953
"(1264.919191919192, 1553.6868686868686)",Veillonella,4,9954
"(1268.5182926829268, 1994.091463414634)",Veillonella,4,9955
"(1273.546875, 388.390625)",Fusobacterium,4,9956
"(1271.7236842105262, 426.30263157894734)",Fusobacterium,4,9957
"(1263.3942307692307, 1263.6057692307693)",Veillonella,4,9959
"(1264.4594594594594, 1538.1081081081081)",Veillonella,4,9960
"(1265.1917808219177, 284.4931506849315)",Fusobacterium,4,9961
"(1266.0597014925372, 580.3134328358209)",Neisseria,4,9962
"(1265.2166666666667, 824.8666666666667)",Veillonella,4,9963
"(1268.6549295774648, 848.7323943661971)",Rothia,4,9964
"(1268.9754098360656, 1475.327868852459)",Fusobacterium,4,9965
"(1265.0192307692307, 1878.923076923077)",Veillonella,4,9966
"(1266.3612903225805, 1932.5548387096774)",Saccharibacteria,4,9967
"(1272.3777777777777, 229.57037037037037)",Fusobacterium,4,9969
"(1269.4468085106382, 622.5212765957447)",Veillonella,4,9970
"(1266.15, 657.55)",Veillonella,4,9971
"(1268.9107142857142, 994.0089285714286)",Veillonella,4,9972
"(1267.9407407407407, 1032.1185185185186)",Veillonella,4,9973
"(1267.3048780487804, 1166.9634146341464)",Veillonella,4,9975
"(1269.1796116504854, 1355.8592233009708)",Fusobacterium,4,9976
"(1266.8969072164948, 1389.7319587628865)",Veillonella,4,9977
"(1270.907514450867, 1979.4566473988439)",Veillonella,4,9978
"(1269.3333333333333, 594.7011494252873)",Veillonella,4,9979
"(1269.86301369863, 859.917808219178)",Rothia,4,9981
"(1268.9251336898396, 928.8342245989305)",Veillonella,4,9982
"(1270.3241379310346, 1678.1172413793104)",Veillonella,4,9983
"(1267.3793103448277, 1742.896551724138)",Saccharibacteria,4,9984
"(1270.624, 752.136)",Veillonella,4,9986
"(1269.6494845360826, 1434.360824742268)",Neisseria,4,9988
"(1273.7733333333333, 406.3933333333333)",Fusobacterium,4,9990
"(1269.6881720430108, 1012.3118279569892)",Veillonella,4,9992
"(1269.0263157894738, 1329.2894736842106)",Streptococcus,4,9993
"(1272.287356321839, 1903.9310344827586)",Capnocytophaga,4,9994
"(1271.9285714285713, 687.9285714285714)",Neisseria,4,9996
"(1271.5212765957447, 732.9787234042553)",Veillonella,4,9997
"(1274.425120772947, 878.7632850241546)",Rothia,4,9998
"(1270.0224719101125, 1240.9325842696628)",Veillonella,4,10000
"(1270.7, 1315.1571428571428)",Rothia,4,10001
"(1270.25, 1729.4333333333334)",Veillonella,4,10002
"(1270.90756302521, 259.5126050420168)",Fusobacterium,4,10003
"(1273.2470588235294, 608.2352941176471)",Veillonella,4,10004
"(1272.8357142857142, 1125.892857142857)",Veillonella,4,10005
"(1274.010752688172, 327.98924731182797)",Fusobacterium,4,10006
"(1276.1484375, 700.7109375)",Neisseria,4,10008
"(1274.7080291970804, 716.3503649635037)",Veillonella,4,10009
"(1270.9807692307693, 1219.8846153846155)",Veillonella,4,10010
"(1276.3039215686274, 1611.2450980392157)",Veillonella,4,10011
"(1272.2739726027398, 1697.5616438356165)",Veillonella,4,10012
"(1276.8046875, 1718.484375)",Veillonella,4,10013
"(1285.642857142857, 1950.8314285714287)",Veillonella,4,10014
"(1274.7575757575758, 293.24242424242425)",Fusobacterium,4,10015
"(1276.1754385964912, 1772.2105263157894)",Veillonella,4,10016
"(1274.4242424242425, 1105.439393939394)",Veillonella,4,10019
"(1277.6129032258063, 1585.258064516129)",Veillonella,4,10020
"(1275.2317073170732, 1646.4268292682927)",Veillonella,4,10021
"(1274.2745098039215, 172.98039215686273)",Fusobacterium,4,10022
"(1278.4336283185842, 247.78761061946904)",Fusobacterium,4,10023
"(1275.7037037037037, 952.0246913580247)",Veillonella,4,10024
"(1275.5576923076924, 192.1153846153846)",Fusobacterium,4,10025
"(1276.6020408163265, 1179.561224489796)",Veillonella,4,10027
"(1276.888888888889, 1231.736111111111)",Veillonella,4,10028
"(1274.7843137254902, 1268.6470588235295)",Veillonella,4,10029
"(1276.4142857142858, 1282.2428571428572)",Veillonella,4,10030
"(1281.5, 1305.858208955224)",Rothia,4,10031
"(1278.35, 1416.5142857142857)",Veillonella,4,10032
"(1277.5409836065573, 1790.2131147540983)",Veillonella,4,10033
"(1281.60553633218, 1848.5640138408305)",Veillonella,4,10034
"(1275.9268292682927, 1888.6463414634147)",Veillonella,4,10035
"(1276.908163265306, 1919.4591836734694)",Veillonella,4,10036
"(1275.952380952381, 1964.6190476190477)",Veillonella,4,10037
"(1276.948717948718, 816.6923076923077)",Veillonella,4,10038
"(1277.6883116883116, 900.2857142857143)",Veillonella,4,10039
"(1277.375, 1052.09375)",Veillonella,4,10040
"(1278.8989898989898, 213.86868686868686)",Fusobacterium,4,10041
"(1282.9298245614036, 280.280701754386)",Fusobacterium,4,10042
"(1280.034090909091, 1066.2613636363637)",Rothia,4,10043
"(1277.566037735849, 1085.6415094339623)",Veillonella,4,10044
"(1277.1509433962265, 1212.3396226415093)",Veillonella,4,10045
"(1281.8055555555557, 1708.513888888889)",Veillonella,4,10046
"(1278.7685185185185, 1869.1203703703704)",Capnocytophaga,4,10047
"(1285.3057324840765, 350.19745222929936)",Fusobacterium,4,10048
"(1279.0526315789473, 640.3947368421053)",Veillonella,4,10049
"(1283.0357142857142, 764.8571428571429)",Veillonella,4,10050
"(1279.1958762886597, 1153.2474226804125)",Veillonella,4,10051
"(1280.867469879518, 1342.4939759036145)",Rothia,4,10052
"(1280.0675675675675, 1635.1081081081081)",Veillonella,4,10054
"(1280.857142857143, 1690.5238095238096)",Veillonella,4,10055
"(1283.8333333333333, 336.375)",Fusobacterium,4,10056
"(1278.4705882352941, 494.54901960784315)",Veillonella,4,10057
"(1290.959090909091, 805.7954545454545)",Veillonella,4,10058
"(1280.327868852459, 911.6065573770492)",Veillonella,4,10059
"(1281.862745098039, 931.8921568627451)",Veillonella,4,10060
"(1281.804347826087, 963.7282608695652)",Veillonella,4,10061
"(1279.6436781609195, 987.3218390804598)",Veillonella,4,10062
"(1280.4235294117648, 1249.6941176470589)",Veillonella,4,10063
"(1281.739837398374, 368.609756097561)",Fusobacterium,4,10064
"(1281.095238095238, 478.35714285714283)",Actinomyces,4,10065
"(1281.8808290155441, 671.6321243523316)",Neisseria,4,10066
"(1284.5228758169935, 1390.5098039215686)",Veillonella,4,10067
"(1283.0925925925926, 1967.7592592592594)",Veillonella,4,10068
"(1283.3333333333333, 527.1052631578947)",Veillonella,4,10070
"(1282.648148148148, 1201.398148148148)",Veillonella,4,10072
"(1287.2245989304813, 1460.283422459893)",Fusobacterium,4,10073
"(1284.28125, 181.625)",Fusobacterium,4,10075
"(1284.054347826087, 509.94565217391306)",Veillonella,4,10076
"(1283.6, 567.7142857142857)",Neisseria,4,10077
"(1282.5689655172414, 837.8620689655172)",Veillonella,4,10078
"(1283.6190476190477, 1491.892857142857)",Fusobacterium,4,10080
"(1283.6842105263158, 1560.1052631578948)",Neisseria,4,10081
"(1287.7906976744187, 1749.4186046511627)",Rothia,4,10083
"(1283.8823529411766, 266.45098039215685)",Rothia,4,10085
"(1286.5286624203823, 786.2611464968153)",Veillonella,4,10086
"(1285.433734939759, 1018.8915662650602)",Veillonella,4,10087
"(1289.860655737705, 1047.3196721311476)",Rothia,4,10088
"(1287.2108843537414, 1334.2312925170068)",Rothia,4,10089
"(1287.1515151515152, 1614.1439393939395)",Veillonella,4,10090
"(1284.078947368421, 1807.3552631578948)",Fusobacterium,4,10091
"(1285.1791044776119, 713.3880597014926)",Veillonella,4,10092
"(1287.3947368421052, 979.4736842105264)",Veillonella,4,10093
"(1293.8848167539268, 1029.9057591623036)",Rothia,4,10094
"(1284.8987341772151, 1264.1518987341772)",Veillonella,4,10095
"(1287.081081081081, 1734.1981981981983)",Fusobacterium,4,10096
"(1285.6493506493507, 1936.8311688311687)",Veillonella,4,10097
"(1287.0, 168.3235294117647)",Rothia,4,10098
"(1286.5636363636363, 193.96363636363637)",Fusobacterium,4,10099
"(1285.06, 315.78)",Fusobacterium,4,10100
"(1287.5405405405406, 596.8288288288288)",Veillonella,4,10101
"(1288.4285714285713, 844.065934065934)",Veillonella,4,10102
"(1290.6931818181818, 1093.7329545454545)",Veillonella,4,10103
"(1286.4558823529412, 1289.3970588235295)",Fusobacterium,4,10104
"(1285.5588235294117, 1363.0)",Veillonella,4,10106
"(1293.2971014492753, 1424.659420289855)",Veillonella,4,10107
"(1286.642857142857, 1667.142857142857)",Veillonella,4,10108
"(1291.4878048780488, 1821.628048780488)",Veillonella,4,10109
"(1288.655172413793, 152.24137931034483)",Fusobacterium,4,10110
"(1294.837837837838, 298.92432432432435)",Fusobacterium,4,10111
"(1289.9779411764705, 426.6985294117647)",Fusobacterium,4,10112
"(1289.2240663900416, 622.7593360995851)",Rothia,4,10113
"(1287.3974358974358, 864.6538461538462)",Veillonella,4,10114
"(1289.5135135135135, 1077.5945945945946)",Rothia,4,10115
"(1286.5714285714287, 1126.2285714285715)",Veillonella,4,10116
"(1286.6410256410256, 1224.9358974358975)",Veillonella,4,10117
"(1289.52, 1552.62)",Veillonella,4,10118
"(1293.890052356021, 1796.235602094241)",Lautropia,4,10119
"(1287.0631578947368, 1881.221052631579)",Veillonella,4,10120
"(1293.298245614035, 466.8859649122807)",Rothia,4,10121
"(1290.0645161290322, 538.991935483871)",Neisseria,4,10122
"(1287.5384615384614, 752.8615384615384)",Veillonella,4,10123
"(1291.6973684210527, 200.94736842105263)",Fusobacterium,4,10125
"(1292.928, 454.408)",Rothia,4,10126
"(1289.8082191780823, 581.5205479452055)",Veillonella,4,10127
"(1290.2403100775193, 884.4651162790698)",Veillonella,4,10130
"(1289.301886792453, 1058.0754716981132)",Lautropia,4,10132
"(1292.559633027523, 1371.7614678899083)",Streptococcus,4,10134
"(1288.0, 1574.6037735849056)",Neisseria,4,10135
"(1291.9649122807018, 1588.6140350877192)",Veillonella,4,10136
"(1292.576923076923, 1655.871794871795)",Veillonella,4,10137
"(1289.1969696969697, 1978.0)",Veillonella,4,10138
"(1293.132183908046, 241.1494252873563)",Fusobacterium,4,10139
"(1289.3150684931506, 822.945205479452)",Veillonella,4,10140
"(1297.2622950819673, 1161.704918032787)",Actinomyces,4,10141
"(1291.921052631579, 733.4473684210526)",Veillonella,4,10142
"(1295.1056910569105, 1000.650406504065)",Veillonella,4,10143
"(1291.2151898734178, 1142.3417721518988)",Veillonella,4,10144
"(1293.7485714285715, 1185.4571428571428)",Actinomyces,4,10145
"(1292.2025316455697, 1278.6708860759493)",Fusobacterium,4,10146
"(1291.4745762711864, 1698.8135593220338)",Streptococcus,4,10147
"(1290.53125, 1775.390625)",Veillonella,4,10148
"(1293.8391608391607, 1895.4615384615386)",Veillonella,4,10149
"(1291.1470588235295, 1987.7205882352941)",Veillonella,4,10150
"(1294.8301886792453, 358.311320754717)",Fusobacterium,4,10151
"(1293.0454545454545, 899.5)",Veillonella,4,10152
"(1294.057142857143, 1328.0285714285715)",Rothia,4,10153
"(1294.6225490196077, 1921.0196078431372)",Veillonella,4,10154
"(1294.6813186813188, 500.7362637362637)",Neisseria,4,10155
"(1295.1290322580646, 1408.010752688172)",Veillonella,4,10156
"(1304.392523364486, 1646.5841121495328)",Veillonella,4,10157
"(1296.7967032967033, 216.24725274725276)",Fusobacterium,4,10158
"(1295.1197604790418, 395.0419161676647)",Pasteurellaceae,4,10159
"(1298.7122302158273, 483.1223021582734)",Veillonella,4,10160
"(1294.7121212121212, 986.2121212121212)",Veillonella,4,10161
"(1293.7837837837837, 1244.2027027027027)",Veillonella,4,10162
"(1297.9130434782608, 1353.6739130434783)",Veillonella,4,10163
"(1301.105527638191, 277.68341708542715)",Rothia,4,10165
"(1296.6907216494844, 561.319587628866)",Neisseria,4,10166
"(1295.5, 645.75)",Veillonella,4,10167
"(1297.036496350365, 691.9051094890511)",Neisseria,4,10168
"(1296.3333333333333, 772.9333333333333)",Veillonella,4,10169
"(1297.4255319148936, 313.8156028368794)",Fusobacterium,4,10171
"(1296.5432098765432, 375.82716049382714)",Fusobacterium,4,10173
"(1303.52, 952.9666666666667)",Veillonella,4,10175
"(1298.641975308642, 183.320987654321)",Fusobacterium,4,10176
"(1307.4570446735395, 516.828178694158)",Veillonella,4,10177
"(1297.6099290780141, 918.581560283688)",Veillonella,4,10178
"(1296.9285714285713, 969.1857142857143)",Veillonella,4,10179
"(1297.676923076923, 1257.9692307692308)",Veillonella,4,10180
"(1296.3764705882354, 1299.8470588235293)",Rothia,4,10181
"(1300.3555555555556, 1117.2962962962963)",Veillonella,4,10183
"(1307.4350282485875, 1193.3446327683616)",Actinomyces,4,10184
"(1298.4782608695652, 1487.0507246376812)",Veillonella,4,10185
"(1301.573033707865, 146.87640449438203)",Rothia,4,10186
"(1298.8831168831168, 1568.2857142857142)",Veillonella,4,10187
"(1301.0631578947368, 1679.1052631578948)",Streptococcus,4,10188
"(1298.919642857143, 1852.705357142857)",Veillonella,4,10189
"(1299.7692307692307, 1871.128205128205)",Veillonella,4,10190
"(1302.4603174603174, 260.8412698412698)",Rothia,4,10191
"(1299.0, 705.5)",Veillonella,4,10192
"(1300.6206896551723, 721.551724137931)",Veillonella,4,10193
"(1300.68, 746.9333333333333)",Veillonella,4,10194
"(1300.2162162162163, 786.5)",Veillonella,4,10195
"(1300.9404761904761, 1065.7738095238096)",Fusobacterium,4,10196
"(1303.5049504950496, 1392.7821782178219)",Veillonella,4,10197
"(1301.2016806722688, 1518.9915966386554)",Veillonella,4,10198
"(1302.4367816091954, 1781.942528735632)",Streptococcus,4,10199
"(1302.0581395348838, 825.4651162790698)",Veillonella,4,10200
"(1301.0, 1504.406779661017)",Veillonella,4,10202
"(1304.2063492063492, 1712.0079365079366)",Veillonella,4,10203
"(1301.7714285714285, 1833.8428571428572)",Veillonella,4,10204
"(1303.7333333333333, 420.7809523809524)",Fusobacterium,4,10205
"(1301.984375, 581.203125)",Neisseria,4,10206
"(1303.3009708737864, 632.504854368932)",Veillonella,4,10207
"(1302.9239130434783, 871.4130434782609)",Neisseria,4,10208
"(1306.372641509434, 1235.132075471698)",Veillonella,4,10209
"(1306.2173913043478, 1287.495652173913)",Fusobacterium,4,10210
"(1305.0206896551724, 1607.2206896551725)",Veillonella,4,10211
"(1303.2721893491125, 1729.8816568047337)",Veillonella,4,10212
"(1303.62, 171.7)",Rothia,4,10214
"(1303.0, 333.64814814814815)",Fusobacterium,4,10215
"(1303.3831775700935, 656.8598130841121)",Veillonella,4,10216
"(1303.2643678160919, 937.8390804597701)",Veillonella,4,10217
"(1303.3898305084747, 1694.4406779661017)",Veillonella,4,10218
"(1303.4117647058824, 1769.2794117647059)",Fusobacterium,4,10219
"(1302.8030303030303, 1908.3939393939395)",Veillonella,4,10220
"(1306.1568627450981, 1965.5294117647059)",Veillonella,4,10221
"(1311.6863905325445, 194.4792899408284)",Fusobacterium,4,10222
"(1316.3726114649683, 595.5573248407643)",Neisseria,4,10223
"(1306.0347826086957, 613.2347826086957)",Veillonella,4,10224
"(1303.9692307692308, 673.4615384615385)",Veillonella,4,10225
"(1305.0618556701031, 1133.5567010309278)",Veillonella,4,10226
"(1305.990909090909, 1172.7818181818182)",Actinomyces,4,10227
"(1306.2608695652175, 846.0978260869565)",Veillonella,4,10230
"(1305.4876033057851, 1207.2892561983472)",Actinomyces,4,10232
"(1305.475, 1552.025)",Veillonella,4,10233
"(1307.7238095238095, 444.45714285714286)",Fusobacterium,4,10234
"(1306.5714285714287, 495.0952380952381)",Veillonella,4,10235
"(1306.873015873016, 832.4920634920635)",Veillonella,4,10236
"(1306.862745098039, 965.9411764705883)",Veillonella,4,10237
"(1308.159420289855, 1102.0869565217392)",Veillonella,4,10238
"(1311.6666666666667, 1269.8034188034187)",Fusobacterium,4,10239
"(1312.7465753424658, 1531.2602739726028)",Veillonella,4,10240
"(1309.712765957447, 344.79787234042556)",Fusobacterium,4,10242
"(1310.3333333333333, 928.7904761904762)",Veillonella,4,10243
"(1311.0344827586207, 1440.3241379310346)",Veillonella,4,10245
"(1308.0361445783133, 1808.289156626506)",Veillonella,4,10247
"(1312.6791044776119, 130.73134328358208)",Rothia,4,10248
"(1311.1391304347826, 218.97391304347826)",Fusobacterium,4,10249
"(1309.1538461538462, 371.89230769230767)",Fusobacterium,4,10250
"(1314.421052631579, 536.672514619883)",Veillonella,4,10251
"(1310.9338235294117, 906.5367647058823)",Veillonella,4,10252
"(1318.0706319702601, 990.6765799256506)",Veillonella,4,10253
"(1310.3026315789473, 1077.0)",Fusobacterium,4,10254
"(1313.1751412429378, 1748.457627118644)",Veillonella,4,10257
"(1309.7058823529412, 1884.105882352941)",Veillonella,4,10258
"(1312.6915887850466, 1981.4859813084113)",Veillonella,4,10259
"(1309.2978723404256, 238.68085106382978)",Fusobacterium,4,10260
"(1310.8275862068965, 432.4367816091954)",Fusobacterium,4,10261
"(1310.9135802469136, 1010.2345679012345)",Veillonella,4,10262
"(1312.1753246753246, 1307.012987012987)",Rothia,4,10263
"(1309.8345323741007, 1466.6690647482014)",Veillonella,4,10264
"(1313.6712328767123, 358.5753424657534)",Rothia,4,10265
"(1311.8032786885246, 461.05737704918033)",Rothia,4,10266
"(1314.1684210526316, 1034.6736842105263)",Veillonella,4,10267
"(1318.0259067357513, 1062.6683937823834)",Rothia,4,10268
"(1316.296875, 1090.5546875)",Prevotella,4,10269
"(1314.0112994350281, 1415.8022598870057)",Veillonella,4,10270
"(1312.1919191919192, 1946.5959595959596)",Veillonella,4,10271
"(1312.2560975609756, 321.890243902439)",Fusobacterium,4,10272
"(1312.4807692307693, 403.31410256410254)",Streptococcus,4,10273
"(1318.0222222222221, 732.0444444444445)",Veillonella,4,10274
"(1315.5442477876106, 803.9159292035398)",Veillonella,4,10275
"(1314.1470588235295, 1576.8088235294117)",Veillonella,4,10277
"(1315.041237113402, 1588.1649484536083)",Veillonella,4,10278
"(1312.0363636363636, 1868.6363636363637)",Rothia,4,10279
"(1313.0441176470588, 150.35294117647058)",Rothia,4,10280
"(1313.8428571428572, 386.34285714285716)",Fusobacterium,4,10281
"(1312.144927536232, 572.6086956521739)",Veillonella,4,10282
"(1312.9620253164558, 699.632911392405)",Veillonella,4,10283
"(1313.357142857143, 710.9714285714285)",Veillonella,4,10284
"(1313.6526315789474, 777.7052631578947)",Veillonella,4,10285
"(1315.3522727272727, 1564.1931818181818)",Veillonella,4,10286
"(1314.2842105263157, 1706.463157894737)",Veillonella,4,10287
"(1314.2567567567567, 1780.1081081081081)",Veillonella,4,10288
"(1313.2166666666667, 304.06666666666666)",Fusobacterium,4,10289
"(1314.95, 887.5)",Veillonella,4,10290
"(1313.8333333333333, 1024.6833333333334)",Veillonella,4,10291
"(1314.0675675675675, 1219.7702702702702)",Veillonella,4,10292
"(1314.1353383458647, 1489.8345864661653)",Veillonella,4,10293
"(1314.8823529411766, 1511.235294117647)",Veillonella,4,10296
"(1316.0462962962963, 1827.5277777777778)",Veillonella,4,10297
"(1314.9607843137255, 160.07843137254903)",Rothia,4,10298
"(1321.214953271028, 299.14953271028037)",Fusobacterium,4,10299
"(1316.4494382022472, 654.1685393258427)",Veillonella,4,10300
"(1316.44, 1855.7866666666666)",Veillonella,4,10303
"(1317.453488372093, 1901.9767441860465)",Veillonella,4,10304
"(1320.9483870967742, 475.6)",Rothia,4,10306
"(1319.0089285714287, 759.1875)",Veillonella,4,10307
"(1321.139896373057, 851.5544041450777)",Veillonella,4,10308
"(1317.3636363636363, 1382.5636363636363)",Veillonella,4,10309
"(1322.1889763779527, 1547.1968503937007)",Veillonella,4,10310
"(1322.4454545454546, 1601.5545454545454)",Veillonella,4,10311
"(1318.6666666666667, 177.5888888888889)",Fusobacterium,4,10313
"(1319.1868131868132, 285.31868131868134)",Fusobacterium,4,10314
"(1317.8648648648648, 678.5202702702703)",Veillonella,4,10315
"(1318.6842105263158, 922.9473684210526)",Veillonella,4,10316
"(1317.7794117647059, 1121.1617647058824)",Veillonella,4,10317
"(1327.5821428571428, 1142.7571428571428)",Veillonella,4,10318
"(1318.4406779661017, 1665.1016949152543)",Veillonella,4,10319
"(1321.5153846153846, 258.83076923076925)",Fusobacterium,4,10320
"(1319.3333333333333, 608.6862745098039)",Veillonella,4,10321
"(1319.8987341772151, 873.3417721518987)",Veillonella,4,10322
"(1328.4761904761904, 1252.2486772486773)",Fusobacterium,4,10323
"(1319.7769230769231, 1344.7230769230769)",Saccharibacteria,4,10324
"(1326.9425837320575, 500.3492822966507)",Veillonella,4,10325
"(1320.608695652174, 560.2173913043479)",Neisseria,4,10326
"(1318.8214285714287, 834.0892857142857)",Veillonella,4,10327
"(1320.3188405797102, 1367.8260869565217)",Fusobacterium,4,10329
"(1326.5342465753424, 1678.8219178082193)",Veillonella,4,10330
"(1322.270588235294, 236.45882352941177)",Fusobacterium,4,10331
"(1321.0422535211267, 1204.1690140845071)",Actinomyces,4,10332
"(1321.1044776119404, 1392.8955223880596)",Veillonella,4,10333
"(1325.6549295774648, 1730.4366197183099)",Veillonella,4,10335
"(1326.8805970149253, 329.9179104477612)",Fusobacterium,4,10337
"(1325.357142857143, 419.7785714285714)",Fusobacterium,4,10338
"(1321.46, 1082.16)",Rothia,4,10339
"(1323.8103448275863, 1226.2068965517242)",Saccharibacteria,4,10340
"(1322.5227272727273, 1966.2954545454545)",Veillonella,4,10341
"(1324.4578313253012, 949.9457831325301)",Veillonella,4,10343
"(1330.4066666666668, 1023.86)",Veillonella,4,10344
"(1322.9538461538461, 1312.6307692307691)",Rothia,4,10345
"(1327.651851851852, 1503.6666666666667)",Veillonella,4,10346
"(1323.5, 1691.75)",Neisseria,4,10347
"(1324.4805194805194, 1797.8181818181818)",Fusobacterium,4,10348
"(1326.7307692307693, 143.16923076923078)",Fusobacterium,4,10349
"(1324.875, 196.225)",Fusobacterium,4,10350
"(1324.2631578947369, 312.6842105263158)",Fusobacterium,4,10351
"(1324.15503875969, 379.2015503875969)",Fusobacterium,4,10352
"(1328.3089430894308, 579.3089430894308)",Neisseria,4,10353
"(1327.7063492063492, 825.7777777777778)",Veillonella,4,10354
"(1329.6030534351146, 1163.6412213740457)",Actinomyces,4,10355
"(1324.5373134328358, 1181.8358208955224)",Actinomyces,4,10356
"(1324.6625, 1993.3375)",Veillonella,4,10358
"(1326.76, 444.04)",Veillonella,4,10360
"(1325.75, 545.3194444444445)",Pasteurellaceae,4,10361
"(1329.5808823529412, 913.8235294117648)",Veillonella,4,10362
"(1326.7701149425288, 1126.3908045977012)",Veillonella,4,10363
"(1325.7083333333333, 1288.736111111111)",Fusobacterium,4,10364
"(1326.5694444444443, 1362.013888888889)",Rothia,4,10365
"(1325.7835051546392, 1478.979381443299)",Veillonella,4,10367
"(1326.5643564356435, 1876.148514851485)",Veillonella,4,10368
"(1326.7058823529412, 1935.6470588235295)",Veillonella,4,10369
"(1325.672131147541, 168.9016393442623)",Fusobacterium,4,10370
"(1327.7674418604652, 275.9186046511628)",Fusobacterium,4,10371
"(1328.1008403361345, 359.7226890756302)",Fusobacterium,4,10373
"(1325.8939393939395, 784.0454545454545)",Veillonella,4,10374
"(1325.96875, 970.09375)",Veillonella,4,10375
"(1325.24, 1006.94)",Veillonella,4,10376
"(1327.2315789473685, 1427.0315789473684)",Veillonella,4,10378
"(1326.948275862069, 1771.344827586207)",Neisseria,4,10380
"(1327.5495495495495, 1329.3243243243244)",Veillonella,4,10382
"(1326.576923076923, 1658.371794871795)",Veillonella,4,10383
"(1331.578947368421, 1759.9924812030076)",Veillonella,4,10384
"(1327.9565217391305, 1848.7173913043478)",Veillonella,4,10385
"(1332.4840425531916, 704.3829787234042)",Veillonella,4,10386
"(1328.6265060240964, 1211.698795180723)",Actinomyces,4,10389
"(1333.7976878612717, 1278.791907514451)",Fusobacterium,4,10390
"(1329.0172413793102, 1405.948275862069)",Veillonella,4,10391
"(1334.1048951048951, 1442.8951048951049)",Veillonella,4,10392
"(1329.3855421686746, 1585.44578313253)",Veillonella,4,10393
"(1329.6352941176472, 1783.6941176470589)",Streptococcus,4,10394
"(1330.2954545454545, 1949.5)",Veillonella,4,10396
"(1330.1492537313434, 127.44776119402985)",Fusobacterium,4,10397
"(1331.8, 1459.4769230769232)",Neisseria,4,10398
"(1332.438596491228, 638.859649122807)",Veillonella,4,10400
"(1331.7464788732395, 1041.380281690141)",Veillonella,4,10401
"(1333.8333333333333, 1569.621212121212)",Neisseria,4,10402
"(1331.5842696629213, 1892.5393258426966)",Veillonella,4,10403
"(1335.5170068027212, 293.6938775510204)",Fusobacterium,4,10404
"(1332.8072289156626, 493.3975903614458)",Neisseria,4,10405
"(1335.990909090909, 811.9272727272727)",Veillonella,4,10408
"(1335.5354838709677, 1518.858064516129)",Veillonella,4,10409
"(1332.509090909091, 211.0909090909091)",Fusobacterium,4,10410
"(1336.4529914529915, 612.0940170940171)",Veillonella,4,10411
"(1333.0757575757575, 1114.3333333333333)",Veillonella,4,10412
"(1335.1494252873563, 396.2413793103448)",Fusobacterium,4,10415
"(1335.0897435897436, 976.8846153846154)",Veillonella,4,10417
"(1340.2379032258063, 1092.024193548387)",Veillonella,4,10418
"(1333.8839285714287, 1918.3214285714287)",Veillonella,4,10420
"(1337.25, 1975.7978723404256)",Veillonella,4,10421
"(1337.0, 109.12941176470588)",Fusobacterium,4,10422
"(1339.2692307692307, 193.77884615384616)",Fusobacterium,4,10423
"(1338.5917602996255, 232.41573033707866)",Fusobacterium,4,10424
"(1339.2659574468084, 258.77127659574467)",Fusobacterium,4,10425
"(1335.1881188118812, 726.5148514851485)",Veillonella,4,10426
"(1334.7454545454545, 754.5636363636364)",Neisseria,4,10427
"(1338.4713375796177, 890.8407643312102)",Veillonella,4,10428
"(1334.1866666666667, 1185.8533333333332)",Actinomyces,4,10429
"(1339.0064935064936, 1353.4545454545455)",Fusobacterium,4,10430
"(1337.674074074074, 1397.0148148148148)",Veillonella,4,10431
"(1337.9159663865546, 1486.0588235294117)",Veillonella,4,10432
"(1337.1132075471698, 516.3207547169811)",Veillonella,4,10434
"(1336.5505617977528, 657.5168539325842)",Veillonella,4,10435
"(1339.4315789473685, 953.4052631578948)",Veillonella,4,10436
"(1337.0428571428572, 1531.7)",Veillonella,4,10437
"(1337.9444444444443, 1859.5555555555557)",Veillonella,4,10438
"(1338.8809523809523, 436.0595238095238)",Veillonella,4,10439
"(1337.826388888889, 793.0347222222222)",Neisseria,4,10440
"(1338.9795918367347, 1010.7857142857143)",Veillonella,4,10441
"(1338.7671232876712, 161.34246575342465)",Fusobacterium,4,10442
"(1338.450980392157, 174.85294117647058)",Fusobacterium,4,10443
"(1338.7012987012988, 477.90909090909093)",Neisseria,4,10445
"(1339.076923076923, 584.1846153846154)",Veillonella,4,10446
"(1339.7, 1216.7666666666667)",Actinomyces,4,10447
"(1343.7987804878048, 1414.2073170731708)",Veillonella,4,10448
"(1339.5526315789473, 1471.0657894736842)",Veillonella,4,10449
"(1339.5396825396826, 1582.111111111111)",Veillonella,4,10450
"(1348.3446601941748, 1954.6844660194174)",Veillonella,4,10451
"(1340.3097345132744, 319.37168141592923)",Fusobacterium,4,10452
"(1338.8658536585365, 539.7682926829268)",Neisseria,4,10453
"(1343.1454545454546, 560.1636363636363)",Pasteurellaceae,4,10454
"(1343.489898989899, 849.0)",Veillonella,4,10455
"(1341.780487804878, 1055.3597560975609)",Veillonella,4,10457
"(1339.851851851852, 1069.962962962963)",Veillonella,4,10458
"(1338.560606060606, 1547.5151515151515)",Veillonella,4,10459
"(1340.3164556962026, 1607.73417721519)",Veillonella,4,10460
"(1341.8333333333333, 766.4166666666666)",Veillonella,4,10461
"(1339.7820512820513, 996.5769230769231)",Veillonella,4,10462
"(1341.0882352941176, 1796.7745098039215)",Streptococcus,4,10464
"(1340.357142857143, 125.25)",Fusobacterium,4,10465
"(1341.3866666666668, 278.32)",Fusobacterium,4,10466
"(1345.2925170068027, 420.96598639455783)",Fusobacterium,4,10467
"(1343.3655913978494, 671.1935483870968)",Veillonella,4,10468
"(1340.5636363636363, 1126.5272727272727)",Veillonella,4,10469
"(1346.5839416058395, 1333.948905109489)",Veillonella,4,10470
"(1342.78125, 1745.34375)",Veillonella,4,10471
"(1342.1285714285714, 1841.6)",Neisseria,4,10472
"(1346.0388349514562, 15.388349514563107)",Fusobacterium,4,10473
"(1341.2631578947369, 146.3421052631579)",Fusobacterium,4,10474
"(1346.15, 207.34166666666667)",Fusobacterium,4,10475
"(1344.5061728395062, 597.8765432098766)",Veillonella,4,10476
"(1344.5217391304348, 986.2521739130435)",Veillonella,4,10477
"(1345.0253164556962, 1239.1455696202531)",Actinomyces,4,10480
"(1342.32, 1635.94)",Veillonella,4,10481
"(1343.2337662337663, 1829.1818181818182)",Neisseria,4,10484
"(1347.0, 335.73148148148147)",Rothia,4,10485
"(1343.4303797468353, 353.8101265822785)",Fusobacterium,4,10486
"(1343.03007518797, 379.21804511278197)",Fusobacterium,4,10487
"(1343.763888888889, 628.5555555555555)",Neisseria,4,10488
"(1346.0413223140497, 688.6280991735537)",Veillonella,4,10489
"(1343.6883116883116, 827.2337662337662)",Veillonella,4,10490
"(1343.6451612903227, 921.1612903225806)",Veillonella,4,10491
"(1346.7191011235955, 1037.1348314606741)",Veillonella,4,10493
"(1345.0576923076924, 1300.1153846153845)",Veillonella,4,10494
"(1346.107142857143, 1380.6875)",Veillonella,4,10495
"(1346.3726708074535, 1711.6521739130435)",Neisseria,4,10496
"(1346.6914893617022, 523.4255319148937)",Veillonella,4,10497
"(1347.718309859155, 1155.7323943661972)",Actinomyces,4,10498
"(1346.4558823529412, 1436.2941176470588)",Neisseria,4,10499
"(1347.025, 1456.825)",Neisseria,4,10500
"(1347.90099009901, 1498.7524752475247)",Veillonella,4,10501
"(1346.078947368421, 1777.9868421052631)",Veillonella,4,10502
"(1347.7687296416939, 1889.71335504886)",Veillonella,4,10503
"(1345.872340425532, 1991.0851063829787)",Veillonella,4,10504
"(1347.4358974358975, 28.807692307692307)",Fusobacterium,4,10505
"(1345.5, 703.948275862069)",Veillonella,4,10506
"(1345.9, 1319.3)",Veillonella,4,10507
"(1348.2970297029703, 1731.069306930693)",Veillonella,4,10508
"(1346.0679611650485, 1932.106796116505)",Veillonella,4,10509
"(1347.157894736842, 307.36842105263156)",Fusobacterium,4,10510
"(1351.497487437186, 730.1557788944724)",Veillonella,4,10512
"(1347.9692307692308, 780.8153846153846)",Veillonella,4,10513
"(1346.4705882352941, 1115.313725490196)",Veillonella,4,10514
"(1349.049019607843, 1194.8333333333333)",Actinomyces,4,10515
"(1347.9674796747968, 489.2682926829268)",Veillonella,4,10517
"(1349.2857142857142, 912.5238095238095)",Veillonella,4,10518
"(1350.768115942029, 1424.7536231884058)",Veillonella,4,10519
"(1352.2540983606557, 1582.6475409836066)",Veillonella,4,10521
"(1350.945945945946, 290.2522522522523)",Rothia,4,10522
"(1349.2857142857142, 454.0)",Veillonella,4,10523
"(1349.103448275862, 1007.5)",Veillonella,4,10524
"(1354.9748427672955, 1261.245283018868)",Fusobacterium,4,10525
"(1354.4173228346456, 146.71653543307087)",Fusobacterium,4,10527
"(1349.6666666666667, 406.075)",Fusobacterium,4,10529
"(1350.0166666666667, 547.3666666666667)",Veillonella,4,10530
"(1351.4222222222222, 1365.6777777777777)",Veillonella,4,10531
"(1351.1785714285713, 1917.2619047619048)",Veillonella,4,10532
"(1353.7716535433071, 507.7244094488189)",Veillonella,4,10533
"(1351.351851851852, 931.2962962962963)",Veillonella,4,10535
"(1352.3457943925234, 1166.2616822429907)",Actinomyces,4,10537
"(1351.5393258426966, 1280.6404494382023)",Veillonella,4,10538
"(1351.0, 1520.21875)",Veillonella,4,10539
"(1353.2708333333333, 39.677083333333336)",Fusobacterium,4,10540
"(1356.0917874396134, 175.1497584541063)",Fusobacterium,4,10541
"(1352.0151515151515, 573.530303030303)",Veillonella,4,10544
"(1353.7692307692307, 236.6153846153846)",Fusobacterium,4,10546
"(1354.5049504950496, 882.6633663366337)",Veillonella,4,10548
"(1354.4179104477612, 955.9253731343283)",Veillonella,4,10549
"(1356.0567375886526, 378.26241134751774)",Rothia,4,10552
"(1360.2743902439024, 398.5060975609756)",Fusobacterium,4,10553
"(1354.8333333333333, 585.5119047619048)",Veillonella,4,10554
"(1356.66875, 972.25)",Veillonella,4,10555
"(1356.3363636363636, 1063.8909090909092)",Veillonella,4,10556
"(1353.968253968254, 1209.3492063492063)",Actinomyces,4,10557
"(1355.0972222222222, 1224.2222222222222)",Actinomyces,4,10558
"(1353.6545454545455, 1561.3636363636363)",Neisseria,4,10560
"(1354.551724137931, 1689.5402298850574)",Veillonella,4,10561
"(1355.9866666666667, 525.6266666666667)",Neisseria,4,10562
"(1354.1935483870968, 652.5806451612904)",Veillonella,4,10563
"(1354.15625, 899.65625)",Veillonella,4,10564
"(1355.1588785046729, 1129.1682242990655)",Veillonella,4,10565
"(1355.3139534883721, 1607.7674418604652)",Veillonella,4,10566
"(1360.5727272727272, 1971.1181818181817)",Fusobacterium,4,10567
"(1357.3597122302158, 127.12949640287769)",Fusobacterium,4,10568
"(1355.7123287671234, 319.1506849315069)",Fusobacterium,4,10569
"(1358.342105263158, 612.6842105263158)",Veillonella,4,10570
"(1357.2061855670104, 635.0412371134021)",Veillonella,4,10571
"(1357.4303797468353, 832.1392405063291)",Neisseria,4,10572
"(1356.1625, 1472.425)",Veillonella,4,10573
"(1358.146551724138, 1809.1120689655172)",Neisseria,4,10574
"(1355.5087719298247, 1861.877192982456)",Veillonella,4,10575
"(1357.304347826087, 196.40217391304347)",Fusobacterium,4,10576
"(1360.110552763819, 754.5829145728643)",Neisseria,4,10577
"(1358.548611111111, 804.9236111111111)",Veillonella,4,10578
"(1358.9402985074628, 861.4402985074627)",Veillonella,4,10579
"(1360.9918699186992, 1079.69918699187)",Veillonella,4,10580
"(1357.070796460177, 1100.1238938053098)",Veillonella,4,10581
"(1357.7, 1448.0142857142857)",Veillonella,4,10583
"(1357.450980392157, 1534.1764705882354)",Neisseria,4,10584
"(1361.8702702702703, 48.30810810810811)",Fusobacterium,4,10585
"(1357.4791666666667, 267.3645833333333)",Fusobacterium,4,10586
"(1359.9910714285713, 465.6607142857143)",Veillonella,4,10588
"(1358.421052631579, 821.1184210526316)",Veillonella,4,10589
"(1359.1057692307693, 1838.6057692307693)",Veillonella,4,10590
"(1358.8783783783783, 708.2297297297297)",Veillonella,4,10592
"(1359.7702702702702, 1740.7162162162163)",Veillonella,4,10594
"(1362.4227642276423, 777.8373983739838)",Veillonella,4,10595
"(1364.736111111111, 924.5416666666666)",Veillonella,4,10596
"(1360.3488372093022, 1703.6976744186047)",Veillonella,4,10599
"(1363.1339285714287, 1781.5357142857142)",Veillonella,4,10600
"(1369.3660714285713, 12.017857142857142)",Fusobacterium,4,10601
"(1363.8314606741574, 274.7752808988764)",Fusobacterium,4,10602
"(1364.0670103092784, 351.08247422680415)",Rothia,4,10603
"(1370.0051020408164, 419.484693877551)",Fusobacterium,4,10604
"(1362.2857142857142, 444.9166666666667)",Fusobacterium,4,10605
"(1362.8538011695907, 559.2105263157895)",Veillonella,4,10606
"(1361.7809523809524, 999.0666666666667)",Veillonella,4,10607
"(1362.8141592920354, 1018.3893805309734)",Veillonella,4,10608
"(1360.7272727272727, 1142.4025974025974)",Neisseria,4,10609
"(1362.9326923076924, 1237.326923076923)",Actinomyces,4,10610
"(1361.7355371900826, 1321.8595041322315)",Veillonella,4,10611
"(1364.065868263473, 1353.3832335329341)",Fusobacterium,4,10612
"(1361.2115384615386, 1432.4807692307693)",Neisseria,4,10613
"(1367.0384615384614, 1757.5213675213674)",Veillonella,4,10614
"(1364.8137931034482, 1929.3793103448277)",Veillonella,4,10615
"(1360.719298245614, 1995.7719298245613)",Veillonella,4,10616
"(1366.4562737642586, 660.4410646387832)",Neisseria,4,10617
"(1363.3223140495868, 686.198347107438)",Veillonella,4,10618
"(1364.7536231884058, 1179.5652173913043)",Actinomyces,4,10619
"(1362.1641791044776, 1196.2089552238806)",Actinomyces,4,10620
"(1368.190082644628, 1381.1404958677685)",Neisseria,4,10621
"(1363.1460674157304, 1491.0)",Veillonella,4,10622
"(1366.1197604790418, 109.76646706586827)",Fusobacterium,4,10623
"(1362.2758620689656, 307.8103448275862)",Fusobacterium,4,10624
"(1363.9012345679012, 486.60493827160496)",Veillonella,4,10625
"(1364.9662921348315, 937.4157303370787)",Veillonella,4,10626
"(1363.5820895522388, 1157.9850746268658)",Actinomyces,4,10627
"(1365.5503355704698, 1551.248322147651)",Neisseria,4,10628
"(1363.0181818181818, 1874.8181818181818)",Veillonella,4,10630
"(1364.25, 1910.0729166666667)",Veillonella,4,10631
"(1366.1808510638298, 66.38297872340425)",Fusobacterium,4,10632
"(1366.0827067669172, 539.7894736842105)",Veillonella,4,10633
"(1368.2845528455284, 594.5853658536586)",Veillonella,4,10634
"(1368.0325203252032, 983.9756097560976)",Veillonella,4,10635
"(1368.3267326732673, 1445.4950495049504)",Veillonella,4,10636
"(1367.4166666666667, 1727.076923076923)",Veillonella,4,10638
"(1369.911214953271, 213.9158878504673)",Fusobacterium,4,10639
"(1370.7333333333333, 1218.1851851851852)",Actinomyces,4,10640
"(1366.64, 1532.5)",Neisseria,4,10642
"(1370.0650406504064, 1035.341463414634)",Veillonella,4,10645
"(1366.2456140350878, 1523.8245614035088)",Veillonella,4,10646
"(1366.8902439024391, 1888.1951219512196)",Veillonella,4,10647
"(1367.1584158415842, 1945.8118811881188)",Veillonella,4,10648
"(1367.4354838709678, 787.4354838709677)",Veillonella,4,10650
"(1371.1826923076924, 1251.576923076923)",Fusobacterium,4,10651
"(1368.5853658536585, 1416.0487804878048)",Veillonella,4,10652
"(1370.7792207792209, 1510.7142857142858)",Veillonella,4,10653
"(1375.8253968253969, 1610.8201058201057)",Veillonella,4,10654
"(1367.7857142857142, 1985.0892857142858)",Fusobacterium,4,10655
"(1376.775, 31.185)",Fusobacterium,4,10656
"(1367.72, 286.94)",Fusobacterium,4,10657
"(1375.6906779661017, 706.5550847457627)",Veillonella,4,10658
"(1369.857142857143, 894.8877551020408)",Veillonella,4,10659
"(1370.6637931034484, 956.4137931034483)",Veillonella,4,10660
"(1370.8658536585365, 1204.060975609756)",Actinomyces,4,10661
"(1368.0576923076924, 1290.0961538461538)",Veillonella,4,10662
"(1367.48, 188.96)",Rothia,4,10664
"(1370.2298850574712, 1113.2413793103449)",Veillonella,4,10666
"(1371.9450549450548, 1393.010989010989)",Neisseria,4,10667
"(1370.3541666666667, 1472.46875)",Veillonella,4,10668
"(1369.5223880597016, 1581.9850746268658)",Veillonella,4,10669
"(1370.5272727272727, 1664.0636363636363)",Veillonella,4,10670
"(1370.4265734265734, 741.4615384615385)",Veillonella,4,10672
"(1369.7543859649122, 856.578947368421)",Veillonella,4,10673
"(1369.972602739726, 1274.2191780821918)",Veillonella,4,10675
"(1373.0681818181818, 1796.1363636363637)",Veillonella,4,10677
"(1371.0795454545455, 1852.4204545454545)",Veillonella,4,10678
"(1371.8588235294117, 296.6470588235294)",Fusobacterium,4,10679
"(1374.08, 374.392)",Rothia,4,10680
"(1371.8288288288288, 575.7297297297297)",Veillonella,4,10681
"(1372.1208791208792, 1055.923076923077)",Veillonella,4,10683
"(1372.5862068965516, 1125.9080459770114)",Veillonella,4,10684
"(1371.8695652173913, 1639.376811594203)",Veillonella,4,10686
"(1371.6, 1866.2615384615385)",Veillonella,4,10687
"(1376.5555555555557, 223.97222222222223)",Fusobacterium,4,10690
"(1373.5842696629213, 387.4157303370786)",Rothia,4,10691
"(1372.7359550561798, 811.6404494382023)",Veillonella,4,10692
"(1372.8, 1072.6307692307691)",Veillonella,4,10694
"(1372.0704225352113, 1317.887323943662)",Veillonella,4,10695
"(1372.7857142857142, 1492.6142857142856)",Veillonella,4,10696
"(1374.7402597402597, 1351.857142857143)",Fusobacterium,4,10698
"(1376.7650602409637, 1817.44578313253)",Veillonella,4,10699
"(1377.0239520958085, 91.69461077844312)",Fusobacterium,4,10700
"(1374.0247933884298, 256.10743801652893)",Fusobacterium,4,10701
"(1376.3023255813953, 361.5581395348837)",Rothia,4,10702
"(1376.2209302325582, 434.8720930232558)",Fusobacterium,4,10703
"(1379.0353982300885, 651.6017699115044)",Veillonella,4,10704
"(1377.611650485437, 997.1553398058253)",Veillonella,4,10705
"(1375.2533333333333, 1169.8533333333332)",Actinomyces,4,10706
"(1376.7252747252746, 1547.098901098901)",Veillonella,4,10708
"(1375.2203389830509, 883.4067796610169)",Veillonella,4,10713
"(1377.9736842105262, 1404.7763157894738)",Neisseria,4,10714
"(1380.71875, 1529.390625)",Veillonella,4,10715
"(1377.8285714285714, 1591.152380952381)",Veillonella,4,10716
"(1379.9219512195123, 1710.7268292682927)",Veillonella,4,10717
"(1375.4285714285713, 1976.984126984127)",Fusobacterium,4,10718
"(1375.9649122807018, 335.56140350877195)",Rothia,4,10720
"(1378.2222222222222, 467.9673202614379)",Fusobacterium,4,10721
"(1377.9084967320262, 516.59477124183)",Veillonella,4,10722
"(1375.732142857143, 1152.982142857143)",Corynebacterium,4,10723
"(1378.0394736842106, 246.8815789473684)",Fusobacterium,4,10724
"(1376.5849056603774, 308.47169811320754)",Rothia,4,10725
"(1377.1625, 619.4625)",Veillonella,4,10726
"(1380.486301369863, 1013.082191780822)",Veillonella,4,10727
"(1377.4285714285713, 1108.8714285714286)",Veillonella,4,10728
"(1379.855855855856, 1372.4954954954956)",Neisseria,4,10729
"(1378.38, 826.38)",Veillonella,4,10731
"(1378.8039215686274, 1025.0588235294117)",Veillonella,4,10732
"(1379.7375, 272.3625)",Fusobacterium,4,10733
"(1384.1176470588234, 686.3137254901961)",Veillonella,4,10735
"(1380.7131147540983, 913.6475409836065)",Veillonella,4,10736
"(1381.3629032258063, 1330.266129032258)",Veillonella,4,10738
"(1379.6764705882354, 1739.7205882352941)",Veillonella,4,10739
"(1385.969512195122, 400.5487804878049)",Fusobacterium,4,10740
"(1380.1477272727273, 719.8409090909091)",Veillonella,4,10741
"(1385.781914893617, 758.2127659574468)",Veillonella,4,10742
"(1384.252336448598, 859.8457943925233)",Veillonella,4,10743
"(1381.9921875, 1187.21875)",Actinomyces,4,10744
"(1380.3239436619717, 1421.7323943661972)",Veillonella,4,10745
"(1385.4829268292683, 1874.0390243902439)",Veillonella,4,10746
"(1380.787037037037, 1894.3148148148148)",Veillonella,4,10747
"(1381.1118421052631, 489.42763157894734)",Prevotella,4,10749
"(1381.8076923076924, 552.4358974358975)",Pasteurellaceae,4,10750
"(1380.4, 781.9619047619047)",Veillonella,4,10751
"(1381.3225806451612, 794.9193548387096)",Veillonella,4,10752
"(1381.2857142857142, 842.8095238095239)",Veillonella,4,10753
"(1382.138888888889, 971.5462962962963)",Veillonella,4,10754
"(1382.264705882353, 1162.2205882352941)",Actinomyces,4,10755
"(1385.2575757575758, 1231.9242424242425)",Actinomyces,4,10756
"(1381.7058823529412, 1759.764705882353)",Veillonella,4,10758
"(1382.3088235294117, 1783.2941176470588)",Veillonella,4,10759
"(1380.92, 1953.32)",Actinomyces,4,10760
"(1384.353982300885, 234.99115044247787)",Fusobacterium,4,10761
"(1385.177570093458, 1043.9906542056074)",Veillonella,4,10762
"(1381.921875, 1138.546875)",Actinomyces,4,10763
"(1384.1029411764705, 319.9852941176471)",Fusobacterium,4,10765
"(1383.4556962025317, 563.9873417721519)",Veillonella,4,10767
"(1383.1764705882354, 896.4235294117647)",Veillonella,4,10768
"(1388.9930555555557, 1470.5902777777778)",Neisseria,4,10769
"(1389.2611464968154, 1917.6305732484077)",Veillonella,4,10770
"(1388.3409961685825, 1970.6666666666667)",Fusobacterium,4,10771
"(1387.0671140939598, 1251.2818791946308)",Fusobacterium,4,10773
"(1388.30081300813, 1560.1544715447155)",Veillonella,4,10774
"(1388.2857142857142, 11.857142857142858)",Fusobacterium,4,10775
"(1384.12, 291.14)",Campylobacter,4,10776
"(1384.8676470588234, 1205.8676470588234)",Actinomyces,4,10777
"(1385.9375, 1308.9125)",Veillonella,4,10778
"(1386.326923076923, 1987.25)",Fusobacterium,4,10779
"(1386.6714285714286, 427.3)",Streptococcus,4,10780
"(1386.9565217391305, 584.895652173913)",Veillonella,4,10781
"(1386.5, 1407.828125)",Veillonella,4,10783
"(1386.7272727272727, 1543.784090909091)",Veillonella,4,10785
"(1387.2972972972973, 449.36036036036035)",Fusobacterium,4,10786
"(1387.2957746478874, 1643.8309859154929)",Veillonella,4,10788
"(1392.7277486910996, 670.8376963350786)",Veillonella,4,10790
"(1387.7654320987654, 994.0987654320987)",Veillonella,4,10791
"(1390.1195652173913, 1060.7934782608695)",Veillonella,4,10792
"(1390.6436781609195, 1215.9310344827586)",Actinomyces,4,10793
"(1389.3, 1262.65)",Fusobacterium,4,10794
"(1392.2290076335878, 1355.351145038168)",Veillonella,4,10795
"(1390.982142857143, 1387.705357142857)",Neisseria,4,10796
"(1387.984375, 304.6875)",Fusobacterium,4,10797
"(1390.7070707070707, 1124.888888888889)",Actinomyces,4,10798
"(1392.75, 1139.6346153846155)",Pasteurellaceae,4,10799
"(1391.5172413793102, 1370.3563218390805)",Veillonella,4,10800
"(1390.4776119402984, 771.6567164179105)",Veillonella,4,10801
"(1391.5675675675675, 932.6036036036036)",Veillonella,4,10802
"(1389.0983606557377, 949.1803278688525)",Veillonella,4,10803
"(1397.7010869565217, 961.320652173913)",Veillonella,4,10804
"(1392.9929577464789, 1084.7323943661972)",Veillonella,4,10805
"(1392.1904761904761, 1633.7857142857142)",Veillonella,4,10806
"(1389.976377952756, 1937.7007874015749)",Veillonella,4,10807
"(1396.1347517730496, 629.0709219858156)",Veillonella,4,10808
"(1394.1909090909091, 727.3954545454545)",Neisseria,4,10809
"(1393.1685393258426, 1603.7303370786517)",Veillonella,4,10811
"(1392.8369565217392, 1747.7173913043478)",Veillonella,4,10813
"(1390.5, 1836.225)",Rothia,4,10815
"(1391.84, 353.05333333333334)",Rothia,4,10816
"(1394.9214285714286, 500.87857142857143)",Veillonella,4,10817
"(1393.080357142857, 825.5535714285714)",Veillonella,4,10818
"(1394.0272727272727, 1156.1454545454546)",Actinomyces,4,10819
"(1396.0294117647059, 1430.0)",Neisseria,4,10821
"(1391.2592592592594, 1672.0)",Veillonella,4,10822
"(1393.4857142857143, 384.8857142857143)",Fusobacterium,4,10823
"(1393.5853658536585, 477.3821138211382)",Veillonella,4,10824
"(1392.9326923076924, 524.0961538461538)",Veillonella,4,10825
"(1398.0378787878788, 612.8636363636364)",Prevotella,4,10826
"(1391.8255813953488, 791.7325581395348)",Veillonella,4,10827
"(1397.9942857142858, 871.0742857142857)",Veillonella,4,10828
"(1396.102189781022, 1657.8248175182482)",Veillonella,4,10829
"(1394.3636363636363, 1807.2651515151515)",Veillonella,4,10830
"(1393.6567164179105, 705.5820895522388)",Veillonella,4,10831
"(1393.858695652174, 913.4239130434783)",Veillonella,4,10832
"(1393.8918918918919, 1031.4864864864865)",Veillonella,4,10833
"(1399.8101265822784, 1727.9050632911392)",Veillonella,4,10834
"(1398.5, 31.423076923076923)",Fusobacterium,4,10835
"(1401.3136363636363, 370.7818181818182)",Fusobacterium,4,10836
"(1395.0857142857142, 891.7285714285714)",Veillonella,4,10837
"(1398.8461538461538, 1575.176923076923)",Veillonella,4,10839
"(1394.4406779661017, 1897.9661016949153)",Neisseria,4,10841
"(1400.632911392405, 423.4240506329114)",Fusobacterium,4,10842
"(1397.3589743589744, 453.12820512820514)",Fusobacterium,4,10843
"(1395.8314606741574, 542.4831460674158)",Veillonella,4,10844
"(1401.5529411764705, 1176.164705882353)",Actinomyces,4,10845
"(1397.8080808080808, 1290.0151515151515)",Veillonella,4,10846
"(1401.6294416243654, 1337.5837563451776)",Veillonella,4,10847
"(1399.236559139785, 1760.0)",Veillonella,4,10848
"(1397.6178861788617, 563.7967479674796)",Veillonella,4,10849
"(1396.6415094339623, 655.2641509433962)",Veillonella,4,10850
"(1399.0227272727273, 977.0909090909091)",Veillonella,4,10851
"(1396.9333333333334, 1320.7066666666667)",Veillonella,4,10852
"(1403.1235294117646, 1845.4705882352941)",Fusobacterium,4,10853
"(1396.890625, 1886.78125)",Veillonella,4,10854
"(1398.7727272727273, 291.89772727272725)",Fusobacterium,4,10855
"(1397.2921348314608, 311.5168539325843)",Fusobacterium,4,10856
"(1398.076923076923, 340.6307692307692)",Fusobacterium,4,10857
"(1401.8064516129032, 1010.8629032258065)",Veillonella,4,10858
"(1398.3529411764705, 1071.5686274509803)",Veillonella,4,10859
"(1399.392405063291, 810.0632911392405)",Veillonella,4,10861
"(1399.9733333333334, 439.16)",Fusobacterium,4,10863
"(1399.7313432835822, 593.1940298507462)",Veillonella,4,10864
"(1400.258064516129, 738.9354838709677)",Neisseria,4,10865
"(1399.5333333333333, 1101.3)",Veillonella,4,10866
"(1401.4516129032259, 1207.8709677419354)",Actinomyces,4,10867
"(1399.8181818181818, 1405.2878787878788)",Veillonella,4,10868
"(1403.2941176470588, 1414.7058823529412)",Veillonella,4,10869
"(1402.1683168316831, 1536.6930693069307)",Veillonella,4,10870
"(1402.9638554216867, 1636.433734939759)",Veillonella,4,10871
"(1402.0958904109589, 1930.3972602739725)",Veillonella,4,10872
"(1403.162162162162, 996.2792792792793)",Veillonella,4,10873
"(1403.127659574468, 1230.3085106382978)",Actinomyces,4,10875
"(1403.469696969697, 1379.4848484848485)",Veillonella,4,10877
"(1402.4285714285713, 1464.267857142857)",Neisseria,4,10878
"(1402.253164556962, 1516.0886075949368)",Veillonella,4,10879
"(1401.642857142857, 1948.6964285714287)",Veillonella,4,10880
"(1406.5409836065573, 403.4972677595628)",Prevotella,4,10881
"(1405.2142857142858, 1053.3979591836735)",Veillonella,4,10882
"(1410.3900709219859, 1793.531914893617)",Veillonella,4,10883
"(1401.948275862069, 1818.9137931034484)",Veillonella,4,10884
"(1408.8808510638298, 1862.3234042553192)",Veillonella,4,10886
"(1407.4636363636364, 1994.1363636363637)",Veillonella,4,10887
"(1406.4767441860465, 640.6627906976744)",Veillonella,4,10888
"(1404.5802469135801, 763.4074074074074)",Neisseria,4,10889
"(1406.976377952756, 780.1496062992126)",Veillonella,4,10890
"(1403.9076923076923, 798.2615384615384)",Veillonella,4,10891
"(1409.9640718562873, 686.7365269461078)",Veillonella,4,10893
"(1405.6265060240964, 702.0602409638554)",Veillonella,4,10894
"(1405.3972602739725, 1195.835616438356)",Actinomyces,4,10895
"(1405.5, 1255.3552631578948)",Neisseria,4,10896
"(1410.0058139534883, 1775.4186046511627)",Veillonella,4,10897
"(1406.009708737864, 1964.0485436893205)",Veillonella,4,10898
"(1406.6438356164383, 353.6849315068493)",Fusobacterium,4,10899
"(1410.3574879227053, 832.7826086956521)",Veillonella,4,10900
"(1410.0852713178294, 855.015503875969)",Veillonella,4,10901
"(1408.5233644859813, 1114.8411214953271)",Lautropia,4,10902
"(1406.0757575757575, 1126.8939393939395)",Porphyromonas,4,10903
"(1407.6, 751.2166666666667)",Veillonella,4,10904
"(1407.0422535211267, 899.5774647887324)",Veillonella,4,10906
"(1412.4486486486487, 927.6567567567567)",Rothia,4,10907
"(1414.3988439306358, 1220.7803468208092)",Actinomyces,4,10908
"(1411.042372881356, 1476.9830508474577)",Neisseria,4,10909
"(1406.5961538461538, 1978.9615384615386)",Veillonella,4,10910
"(1414.344262295082, 1314.6926229508197)",Veillonella,4,10912
"(1418.9456066945606, 1597.7196652719665)",Veillonella,4,10913
"(1414.8156996587031, 1658.6860068259386)",Veillonella,4,10914
"(1409.049180327869, 1741.1803278688524)",Veillonella,4,10915
"(1412.125, 12.13888888888889)",Fusobacterium,4,10916
"(1409.6347826086956, 310.53913043478263)",Fusobacterium,4,10917
"(1418.1237623762377, 489.91089108910893)",Fusobacterium,4,10918
"(1409.0641025641025, 551.7820512820513)",Veillonella,4,10919
"(1411.46, 1147.24)",Actinomyces,4,10920
"(1408.65, 1164.9833333333333)",Actinomyces,4,10921
"(1413.3372093023256, 1398.0232558139535)",Neisseria,4,10922
"(1414.3740458015268, 1806.8931297709923)",Rothia,4,10923
"(1410.3809523809523, 585.6825396825396)",Veillonella,4,10925
"(1410.132075471698, 601.622641509434)",Veillonella,4,10926
"(1410.6315789473683, 1384.9649122807018)",Veillonella,4,10927
"(1410.6990291262136, 1919.2718446601941)",Veillonella,4,10928
"(1412.5, 29.46969696969697)",Fusobacterium,4,10929
"(1410.9178082191781, 572.013698630137)",Veillonella,4,10930
"(1412.0947368421052, 668.5684210526316)",Veillonella,4,10931
"(1411.2716049382716, 1090.0246913580247)",Veillonella,4,10932
"(1414.348148148148, 1369.5925925925926)",Veillonella,4,10933
"(1421.6386138613861, 1246.7425742574258)",Veillonella,4,10936
"(1414.7142857142858, 1532.9880952380952)",Veillonella,4,10937
"(1414.0860215053763, 1883.0967741935483)",Veillonella,4,10938
"(1413.6641791044776, 326.75373134328356)",Fusobacterium,4,10939
"(1412.6172839506173, 444.5679012345679)",Fusobacterium,4,10940
"(1418.0252100840337, 476.16806722689074)",Fusobacterium,4,10941
"(1415.686274509804, 727.7254901960785)",Veillonella,4,10942
"(1413.1224489795918, 981.5918367346939)",Veillonella,4,10943
"(1416.2650602409637, 1431.566265060241)",Neisseria,4,10944
"(1416.0350877192982, 1906.5438596491229)",Veillonella,4,10945
"(1415.7473684210527, 517.0421052631579)",Fusobacterium,4,10946
"(1414.1176470588234, 740.5441176470588)",Veillonella,4,10947
"(1413.955223880597, 811.2985074626865)",Veillonella,4,10948
"(1415.157894736842, 1016.578947368421)",Neisseria,4,10949
"(1414.173076923077, 1520.8461538461538)",Veillonella,4,10951
"(1418.9802631578948, 1950.1381578947369)",Fusobacterium,4,10952
"(1415.6352941176472, 340.81176470588235)",Fusobacterium,4,10953
"(1417.1703703703704, 456.73333333333335)",Fusobacterium,4,10954
"(1416.0851063829787, 1070.8191489361702)",Veillonella,4,10955
"(1415.7714285714285, 1205.7714285714285)",Corynebacterium,4,10956
"(1419.4539007092199, 1342.0354609929077)",Porphyromonas,4,10958
"(1416.2931034482758, 1984.603448275862)",Veillonella,4,10959
"(1418.4943820224719, 529.3370786516854)",Fusobacterium,4,10961
"(1417.5111111111112, 872.2333333333333)",Veillonella,4,10963
"(1417.4342105263158, 882.75)",Veillonella,4,10964
"(1420.7635135135135, 1188.662162162162)",Actinomyces,4,10965
"(1419.4819277108434, 770.6144578313254)",Neisseria,4,10967
"(1421.65, 382.0)",Fusobacterium,4,10968
"(1418.9333333333334, 616.7047619047619)",Veillonella,4,10969
"(1423.0862944162436, 792.2081218274112)",Veillonella,4,10970
"(1417.8271604938273, 899.0987654320987)",Veillonella,4,10971
"(1420.1011235955057, 1038.876404494382)",Veillonella,4,10972
"(1425.607142857143, 1359.35)",Veillonella,4,10973
"(1419.5373134328358, 1731.6268656716418)",Veillonella,4,10974
"(1423.8341232227488, 364.3744075829384)",Fusobacterium,4,10975
"(1420.514563106796, 421.3883495145631)",Fusobacterium,4,10976
"(1424.6126126126126, 462.35135135135135)",Fusobacterium,4,10977
"(1425.6620689655172, 558.4551724137931)",Veillonella,4,10978
"(1420.485294117647, 628.1323529411765)",Veillonella,4,10979
"(1421.56, 641.23)",Veillonella,4,10980
"(1422.2152777777778, 1412.5694444444443)",Veillonella,4,10981
"(1420.5074626865671, 1612.0597014925372)",Veillonella,4,10982
"(1422.313725490196, 1756.6568627450981)",Neisseria,4,10983
"(1423.7657657657658, 716.1711711711712)",Veillonella,4,10984
"(1421.1971830985915, 755.6901408450705)",Veillonella,4,10985
"(1422.1780821917807, 844.4383561643835)",Veillonella,4,10986
"(1422.8064516129032, 410.7741935483871)",Fusobacterium,4,10989
"(1421.5081967213114, 590.2459016393443)",Veillonella,4,10990
"(1422.808988764045, 703.3370786516854)",Veillonella,4,10991
"(1425.178947368421, 1125.7263157894736)",Porphyromonas,4,10992
"(1424.2291666666667, 1300.3125)",Veillonella,4,10993
"(1425.6141732283465, 1382.9212598425197)",Veillonella,4,10994
"(1424.421052631579, 1065.842105263158)",Veillonella,4,10998
"(1428.1811594202898, 1508.7101449275362)",Veillonella,4,11000
"(1426.4212765957448, 1831.6212765957446)",Veillonella,4,11001
"(1424.2857142857142, 1166.8163265306123)",Actinomyces,4,11002
"(1425.5641025641025, 1446.923076923077)",Neisseria,4,11003
"(1425.2481751824816, 1974.3941605839416)",Veillonella,4,11004
"(1423.8431372549019, 961.4607843137255)",Veillonella,4,11005
"(1427.2330097087379, 1531.5339805825242)",Veillonella,4,11006
"(1426.4545454545455, 671.959595959596)",Veillonella,4,11007
"(1426.7166666666667, 686.3833333333333)",Veillonella,4,11008
"(1426.351851851852, 743.0925925925926)",Veillonella,4,11009
"(1424.6666666666667, 988.4333333333333)",Veillonella,4,11011
"(1430.4328358208954, 1087.1641791044776)",Veillonella,4,11012
"(1427.4468085106382, 1281.7021276595744)",Veillonella,4,11013
"(1428.358695652174, 1854.3369565217392)",Veillonella,4,11014
"(1427.5757575757575, 25.151515151515152)",Fusobacterium,4,11015
"(1427.6486486486488, 388.9189189189189)",Rothia,4,11016
"(1427.5, 1743.7142857142858)",Veillonella,4,11018
"(1428.3364485981308, 1766.3177570093458)",Veillonella,4,11019
"(1427.9814814814815, 1926.2222222222222)",Fusobacterium,4,11020
"(1429.5338345864661, 928.0977443609023)",Veillonella,4,11021
"(1433.5070422535211, 1026.2957746478874)",Veillonella,4,11022
"(1429.3239436619717, 1101.9577464788733)",Veillonella,4,11023
"(1429.2962962962963, 400.94444444444446)",Rothia,4,11024
"(1438.2233676975945, 423.4810996563574)",Fusobacterium,4,11025
"(1433.3846153846155, 502.38461538461536)",Fusobacterium,4,11027
"(1432.678391959799, 1793.4020100502512)",Neisseria,4,11031
"(1433.5384615384614, 1955.076923076923)",Fusobacterium,4,11033
"(1430.6463414634147, 530.6829268292682)",Veillonella,4,11034
"(1432.3211009174313, 654.3394495412844)",Neisseria,4,11035
"(1433.0747663551401, 997.0841121495328)",Veillonella,4,11037
"(1433.09375, 1936.91875)",Fusobacterium,4,11039
"(1432.1333333333334, 1179.25)",Actinomyces,4,11040
"(1432.2948717948718, 1227.1153846153845)",Actinomyces,4,11041
"(1437.0661157024792, 1293.2644628099174)",Veillonella,4,11042
"(1430.3818181818183, 1868.8363636363636)",Capnocytophaga,4,11043
"(1432.2142857142858, 852.5428571428571)",Veillonella,4,11044
"(1432.909090909091, 876.8409090909091)",Veillonella,4,11045
"(1432.3333333333333, 1039.3529411764705)",Veillonella,4,11046
"(1434.8977272727273, 1305.1363636363637)",Veillonella,4,11047
"(1437.1854304635763, 1914.76821192053)",Veillonella,4,11048
"(1434.0487804878048, 580.9268292682926)",Veillonella,4,11049
"(1433.821052631579, 627.0105263157894)",Veillonella,4,11050
"(1433.716049382716, 890.9135802469136)",Veillonella,4,11051
"(1435.7844827586207, 910.6034482758621)",Veillonella,4,11052
"(1433.371794871795, 1146.4551282051282)",Actinomyces,4,11053
"(1434.7558139534883, 1210.860465116279)",Actinomyces,4,11054
"(1434.5590551181103, 1656.3622047244094)",Veillonella,4,11055
"(1435.4921875, 1723.625)",Veillonella,4,11056
"(1436.8529411764705, 12.014705882352942)",Fusobacterium,4,11057
"(1434.967741935484, 442.98387096774195)",Fusobacterium,4,11058
"(1436.8333333333333, 568.5333333333333)",Fusobacterium,4,11059
"(1436.1666666666667, 1325.7241379310344)",Veillonella,4,11060
"(1435.1463414634147, 1419.9756097560976)",Veillonella,4,11061
"(1435.9096385542168, 1886.2168674698796)",Veillonella,4,11063
"(1435.475, 599.1375)",Veillonella,4,11064
"(1435.6029411764705, 612.3382352941177)",Veillonella,4,11065
"(1434.9850746268658, 945.4179104477612)",Veillonella,4,11066
"(1435.4262295081967, 1074.655737704918)",Veillonella,4,11067
"(1441.9032258064517, 699.5752688172043)",Veillonella,4,11069
"(1435.7818181818182, 732.0909090909091)",Veillonella,4,11070
"(1436.3444444444444, 773.6222222222223)",Veillonella,4,11071
"(1437.338028169014, 1050.5774647887324)",Veillonella,4,11072
"(1439.8484848484848, 1277.060606060606)",Veillonella,4,11073
"(1436.9833333333333, 746.9833333333333)",Veillonella,4,11075
"(1437.695652173913, 805.6304347826087)",Veillonella,4,11076
"(1437.949152542373, 825.1440677966102)",Veillonella,4,11077
"(1438.2857142857142, 1693.6263736263736)",Veillonella,4,11079
"(1439.7962962962963, 721.6851851851852)",Veillonella,4,11081
"(1439.4939759036145, 1114.867469879518)",Fusobacterium,4,11082
"(1439.4606741573034, 1190.7303370786517)",Actinomyces,4,11083
"(1440.3164556962026, 1199.8227848101267)",Actinomyces,4,11084
"(1438.8837209302326, 1463.9767441860465)",Veillonella,4,11086
"(1442.3541666666667, 1746.9270833333333)",Veillonella,4,11087
"(1438.26582278481, 464.59493670886076)",Fusobacterium,4,11088
"(1441.21, 1012.13)",Veillonella,4,11089
"(1443.218487394958, 1239.7310924369747)",Fusobacterium,4,11090
"(1439.4705882352941, 1737.1764705882354)",Veillonella,4,11091
"(1444.8088235294117, 479.68382352941177)",Fusobacterium,4,11092
"(1442.75, 510.2236842105263)",Rothia,4,11093
"(1441.0289855072465, 1538.768115942029)",Veillonella,4,11096
"(1441.0530973451328, 1612.1681415929204)",Veillonella,4,11097
"(1441.9918699186992, 1837.9430894308944)",Veillonella,4,11098
"(1440.9391891891892, 1858.8243243243244)",Fusobacterium,4,11099
"(1450.8214285714287, 22.12857142857143)",Fusobacterium,4,11100
"(1441.3092783505156, 682.5051546391752)",Veillonella,4,11101
"(1441.9117647058824, 973.7745098039215)",Veillonella,4,11102
"(1445.469387755102, 1354.0816326530612)",Corynebacterium,4,11103
"(1442.642857142857, 1519.455357142857)",Veillonella,4,11104
"(1442.0958904109589, 1595.5890410958905)",Veillonella,4,11105
"(1445.6515837104073, 1968.945701357466)",Fusobacterium,4,11106
"(1444.0681818181818, 641.3787878787879)",Neisseria,4,11107
"(1448.3612565445026, 770.3246073298429)",Veillonella,4,11108
"(1444.5083333333334, 791.775)",Neisseria,4,11109
"(1443.4266666666667, 1101.16)",Veillonella,4,11111
"(1443.8636363636363, 1707.3363636363636)",Veillonella,4,11112
"(1443.3176470588235, 1771.9176470588236)",Rothia,4,11113
"(1443.0642201834862, 1988.4954128440368)",Pasteurellaceae,4,11114
"(1445.9178082191781, 614.4246575342465)",Veillonella,4,11115
"(1444.6533333333334, 664.0933333333334)",Rothia,4,11116
"(1443.171875, 857.828125)",Veillonella,4,11117
"(1441.9818181818182, 1136.3454545454545)",Actinomyces,4,11118
"(1443.7945205479452, 1369.0684931506848)",Saccharibacteria,4,11119
"(1447.1136363636363, 1787.6022727272727)",Rothia,4,11120
"(1449.7843137254902, 523.3790849673203)",Fusobacterium,4,11121
"(1448.128205128205, 1581.6153846153845)",Fusobacterium,4,11122
"(1455.365625, 1665.546875)",Veillonella,4,11123
"(1445.191011235955, 1759.808988764045)",Veillonella,4,11124
"(1450.7987012987012, 443.8376623376623)",Fusobacterium,4,11125
"(1448.0677966101696, 921.8559322033898)",Veillonella,4,11127
"(1448.4660194174758, 843.1941747572815)",Pasteurellaceae,4,11128
"(1447.3472222222222, 989.9305555555555)",Veillonella,4,11129
"(1448.5074626865671, 1125.7462686567164)",Fusobacterium,4,11130
"(1447.3055555555557, 589.9444444444445)",Veillonella,4,11131
"(1449.5992647058824, 885.4632352941177)",Rothia,4,11132
"(1447.5684210526315, 1220.9368421052632)",Actinomyces,4,11134
"(1448.081300813008, 1267.0325203252032)",Veillonella,4,11135
"(1454.2829457364342, 1319.391472868217)",Veillonella,4,11136
"(1447.7575757575758, 1806.2525252525252)",Neisseria,4,11138
"(1448.6753246753246, 552.8441558441558)",Fusobacterium,4,11139
"(1455.291891891892, 1140.0756756756757)",Actinomyces,4,11140
"(1453.2042253521126, 1300.5140845070423)",Veillonella,4,11141
"(1455.5389221556886, 1949.6646706586826)",Veillonella,4,11142
"(1451.236111111111, 735.6111111111111)",Veillonella,4,11143
"(1450.4239130434783, 959.0652173913044)",Veillonella,4,11144
"(1449.4787234042553, 1076.7340425531916)",Veillonella,4,11145
"(1448.5833333333333, 1169.236111111111)",Actinomyces,4,11146
"(1456.1747572815534, 12.029126213592233)",Fusobacterium,4,11147
"(1452.3762376237623, 499.18811881188117)",Fusobacterium,4,11148
"(1456.462962962963, 655.7407407407408)",Rothia,4,11149
"(1451.3939393939395, 717.9242424242424)",Veillonella,4,11150
"(1453.1758241758241, 1458.2637362637363)",Veillonella,4,11152
"(1451.0757575757575, 603.7575757575758)",Pasteurellaceae,4,11153
"(1455.2470588235294, 944.5882352941177)",Veillonella,4,11155
"(1450.688524590164, 1004.688524590164)",Veillonella,4,11156
"(1452.2190476190476, 1039.4761904761904)",Veillonella,4,11157
"(1450.4642857142858, 1209.75)",Actinomyces,4,11158
"(1451.4, 1717.1)",Veillonella,4,11159
"(1457.746835443038, 1287.1708860759493)",Veillonella,4,11160
"(1455.469387755102, 538.2857142857143)",Veillonella,4,11162
"(1454.6565656565656, 571.979797979798)",Streptococcus,4,11163
"(1456.3157894736842, 758.1263157894737)",Veillonella,4,11164
"(1453.2424242424242, 1021.1818181818181)",Veillonella,4,11165
"(1453.140625, 1251.828125)",Veillonella,4,11167
"(1453.6824644549763, 1885.39336492891)",Veillonella,4,11168
"(1454.0, 463.5238095238095)",Fusobacterium,4,11169
"(1458.6516853932585, 621.8033707865169)",Veillonella,4,11170
"(1455.3333333333333, 1860.3174603174602)",Veillonella,4,11172
"(1454.280701754386, 672.1228070175439)",Veillonella,4,11173
"(1455.7764705882353, 827.2705882352941)",Pasteurellaceae,4,11174
"(1455.3956834532373, 1739.7913669064749)",Prevotella,4,11175
"(1457.2879581151833, 1832.2303664921467)",Fusobacterium,4,11176
"(1455.893203883495, 1918.2427184466019)",Veillonella,4,11177
"(1458.65, 1115.66)",Corynebacterium,4,11179
"(1455.1272727272728, 1409.0545454545454)",Rothia,4,11181
"(1457.2173913043478, 1510.6521739130435)",Veillonella,4,11182
"(1456.2985074626865, 1625.4328358208954)",Veillonella,4,11184
"(1456.8025477707006, 1691.0700636942674)",Veillonella,4,11185
"(1457.1, 1188.8142857142857)",Actinomyces,4,11186
"(1460.6161616161617, 848.2929292929293)",Veillonella,4,11187
"(1458.4915254237287, 862.9830508474577)",Veillonella,4,11188
"(1459.655844155844, 982.5194805194806)",Veillonella,4,11189
"(1459.462962962963, 1601.4814814814815)",Veillonella,4,11190
"(1461.3229166666667, 492.8958333333333)",Fusobacterium,4,11191
"(1462.8720930232557, 790.046511627907)",Veillonella,4,11192
"(1460.4777777777779, 807.6444444444444)",Veillonella,4,11193
"(1461.6846153846154, 1065.8)",Veillonella,4,11194
"(1460.6770833333333, 1103.8229166666667)",Fusobacterium,4,11195
"(1460.2238805970148, 1399.6268656716418)",Veillonella,4,11196
"(1460.2875, 1584.5125)",Veillonella,4,11197
"(1469.8056680161944, 435.5991902834008)",Fusobacterium,4,11198
"(1461.2613636363637, 476.07954545454544)",Fusobacterium,4,11200
"(1462.5639534883721, 698.8139534883721)",Veillonella,4,11202
"(1460.396551724138, 1375.2931034482758)",Streptococcus,4,11204
"(1462.9520958083833, 1984.682634730539)",Fusobacterium,4,11205
"(1462.4126984126983, 1779.6031746031747)",Veillonella,4,11207
"(1463.560975609756, 680.719512195122)",Pasteurellaceae,4,11208
"(1464.634328358209, 1793.9253731343283)",Rothia,4,11210
"(1465.148148148148, 1850.8765432098764)",Veillonella,4,11211
"(1465.637254901961, 560.7843137254902)",Fusobacterium,4,11212
"(1463.4363636363637, 1033.090909090909)",Veillonella,4,11214
"(1475.0456140350877, 1271.9894736842105)",Fusobacterium,4,11216
"(1464.4705882352941, 511.0735294117647)",Fusobacterium,4,11217
"(1464.5217391304348, 577.4927536231884)",Fusobacterium,4,11218
"(1466.6833333333334, 890.4833333333333)",Veillonella,4,11219
"(1466.8061224489795, 902.1734693877551)",Veillonella,4,11220
"(1466.3839285714287, 919.6875)",Veillonella,4,11221
"(1465.3833333333334, 1000.225)",Veillonella,4,11222
"(1465.2626262626263, 1361.7676767676767)",Saccharibacteria,4,11223
"(1464.5504587155963, 1544.6605504587155)",Fusobacterium,4,11224
"(1466.6923076923076, 1015.2747252747253)",Veillonella,4,11226
"(1465.8227848101267, 1047.4556962025317)",Veillonella,4,11227
"(1466.1716417910447, 1153.3805970149253)",Veillonella,4,11228
"(1466.7446808510638, 1384.9468085106382)",Streptococcus,4,11229
"(1466.6272727272728, 1760.3545454545454)",Veillonella,4,11230
"(1470.4285714285713, 645.664596273292)",Fusobacterium,4,11231
"(1467.504347826087, 721.3217391304348)",Veillonella,4,11232
"(1466.6626506024097, 740.8192771084338)",Pasteurellaceae,4,11233
"(1467.2380952380952, 860.6507936507936)",Veillonella,4,11234
"(1469.204678362573, 1927.157894736842)",Prevotella,4,11235
"(1472.0336134453783, 604.7310924369748)",Veillonella,4,11236
"(1466.8266666666666, 965.7466666666667)",Veillonella,4,11237
"(1466.4920634920634, 1180.1746031746031)",Actinomyces,4,11238
"(1468.7567567567567, 1197.0720720720722)",Actinomyces,4,11239
"(1467.0, 1254.7619047619048)",Rothia,4,11241
"(1474.3791469194314, 1315.777251184834)",Veillonella,4,11242
"(1469.1296296296296, 1511.648148148148)",Fusobacterium,4,11243
"(1467.7142857142858, 1528.1285714285714)",Fusobacterium,4,11244
"(1468.0569105691056, 1902.9674796747968)",Veillonella,4,11245
"(1474.7487684729065, 1947.4827586206898)",Fusobacterium,4,11246
"(1469.2631578947369, 1965.578947368421)",Fusobacterium,4,11247
"(1470.5431034482758, 459.0948275862069)",Fusobacterium,4,11248
"(1472.8431372549019, 529.5490196078431)",Fusobacterium,4,11249
"(1467.342105263158, 770.1578947368421)",Veillonella,4,11250
"(1473.720430107527, 1030.6236559139784)",Pasteurellaceae,4,11251
"(1471.9946808510638, 1880.6063829787233)",Fusobacterium,4,11253
"(1471.0727272727272, 877.6363636363636)",Veillonella,4,11255
"(1469.5483870967741, 1236.6989247311828)",Porphyromonas,4,11256
"(1474.201388888889, 1558.173611111111)",Veillonella,4,11257
"(1471.2265625, 1639.671875)",Fusobacterium,4,11258
"(1469.6333333333334, 1729.5666666666666)",Selenomonas,4,11259
"(1474.1538461538462, 548.5076923076923)",Fusobacterium,4,11260
"(1471.7261904761904, 1407.4761904761904)",Rothia,4,11261
"(1472.8986486486488, 1618.4864864864865)",Veillonella,4,11262
"(1470.5128205128206, 806.5384615384615)",Veillonella,4,11264
"(1472.7037037037037, 830.641975308642)",Veillonella,4,11265
"(1472.4222222222222, 1291.0)",Veillonella,4,11266
"(1471.72, 1588.9733333333334)",Veillonella,4,11267
"(1471.4285714285713, 1815.978021978022)",Fusobacterium,4,11268
"(1474.752380952381, 22.35238095238095)",Fusobacterium,4,11269
"(1470.8867924528302, 497.33962264150944)",Fusobacterium,4,11270
"(1473.7878787878788, 942.9090909090909)",Veillonella,4,11271
"(1476.7337662337663, 1680.2337662337663)",Prevotella,4,11274
"(1480.3598130841121, 1776.6308411214952)",Lautropia,4,11275
"(1475.7375, 478.6625)",Fusobacterium,4,11276
"(1474.5584415584415, 592.1818181818181)",Fusobacterium,4,11277
"(1475.7738095238096, 665.4880952380952)",Pasteurellaceae,4,11278
"(1474.1549295774648, 1097.338028169014)",Actinomyces,4,11280
"(1474.72131147541, 1130.0)",Actinomyces,4,11281
"(1476.1304347826087, 1176.0)",Actinomyces,4,11282
"(1477.6131386861314, 1450.8102189781023)",Neisseria,4,11283
"(1475.4252873563219, 786.264367816092)",Veillonella,4,11284
"(1476.3376623376623, 927.025974025974)",Veillonella,4,11285
"(1478.5961538461538, 1217.2371794871794)",Actinomyces,4,11286
"(1476.6272727272728, 1697.7)",Saccharibacteria,4,11287
"(1478.0, 1744.2113821138212)",Veillonella,4,11288
"(1476.9565217391305, 847.0173913043478)",Rothia,4,11289
"(1475.8840579710145, 1839.7246376811595)",Fusobacterium,4,11290
"(1478.371794871795, 630.5897435897435)",Rothia,4,11292
"(1479.6969696969697, 683.0833333333334)",Pasteurellaceae,4,11293
"(1482.4175257731958, 708.4278350515464)",Veillonella,4,11294
"(1485.9178082191781, 1243.8013698630136)",Rothia,4,11295
"(1478.0, 1973.4426229508197)",Fusobacterium,4,11296
"(1483.6538461538462, 728.9711538461538)",Veillonella,4,11297
"(1477.837837837838, 754.8108108108108)",Veillonella,4,11298
"(1482.453781512605, 1018.6134453781513)",Actinomyces,4,11299
"(1478.5479452054794, 1068.3013698630136)",Actinomyces,4,11300
"(1477.4259259259259, 1375.3703703703704)",Veillonella,4,11301
"(1481.7396449704142, 1487.2544378698226)",Fusobacterium,4,11302
"(1484.5563909774437, 1603.3082706766918)",Veillonella,4,11303
"(1478.82, 1650.46)",Veillonella,4,11304
"(1482.2380952380952, 490.04761904761904)",Fusobacterium,4,11306
"(1480.6984126984128, 508.9920634920635)",Fusobacterium,4,11307
"(1479.8431372549019, 575.6862745098039)",Streptococcus,4,11308
"(1483.4492753623188, 975.7198067632851)",Actinomyces,4,11309
"(1482.8766233766235, 1713.844155844156)",Veillonella,4,11310
"(1477.8235294117646, 1802.1029411764705)",Fusobacterium,4,11311
"(1478.2105263157894, 1857.1929824561403)",Rothia,4,11312
"(1484.1764705882354, 11.705882352941176)",Fusobacterium,4,11313
"(1482.0782608695652, 995.5217391304348)",Veillonella,4,11314
"(1481.171717171717, 1042.5757575757575)",Veillonella,4,11315
"(1486.8742857142856, 1112.5657142857142)",Porphyromonas,4,11316
"(1483.619718309859, 1296.4788732394366)",Veillonella,4,11317
"(1480.2, 1467.88)",Fusobacterium,4,11318
"(1487.9927797833934, 1536.494584837545)",Selenomonas,4,11319
"(1485.7479674796748, 1835.4878048780488)",Fusobacterium,4,11320
"(1487.9238578680204, 1988.8274111675128)",Fusobacterium,4,11321
"(1482.5070422535211, 746.056338028169)",Veillonella,4,11322
"(1484.4363636363637, 1161.209090909091)",Fusobacterium,4,11323
"(1481.013698630137, 1520.2054794520548)",Veillonella,4,11324
"(1481.8354430379748, 1820.620253164557)",Veillonella,4,11325
"(1485.5864661654136, 621.6691729323309)",Rothia,4,11327
"(1485.0555555555557, 766.2777777777778)",Veillonella,4,11328
"(1481.844827586207, 955.7413793103449)",Veillonella,4,11329
"(1483.9891304347825, 1392.141304347826)",Veillonella,4,11330
"(1484.5813953488373, 1752.8488372093022)",Veillonella,4,11331
"(1486.7403846153845, 1143.576923076923)",Actinomyces,4,11332
"(1486.6842105263158, 865.0175438596491)",Veillonella,4,11335
"(1483.4605263157894, 893.328947368421)",Rothia,4,11336
"(1484.32, 906.78)",Veillonella,4,11337
"(1487.2472527472528, 1571.8956043956043)",Veillonella,4,11338
"(1484.9310344827586, 1664.1724137931035)",Veillonella,4,11339
"(1483.377358490566, 1848.1698113207547)",Rothia,4,11340
"(1489.3636363636363, 656.5909090909091)",Neisseria,4,11341
"(1488.221590909091, 1898.1704545454545)",Fusobacterium,4,11344
"(1486.7936507936508, 1920.063492063492)",Fusobacterium,4,11345
"(1490.314049586777, 25.355371900826448)",Fusobacterium,4,11346
"(1488.6, 810.0363636363636)",Veillonella,4,11347
"(1493.857142857143, 831.0541871921182)",Veillonella,4,11348
"(1486.125, 1229.875)",Fusobacterium,4,11349
"(1487.4021739130435, 1412.358695652174)",Veillonella,4,11351
"(1488.5402298850574, 1864.0344827586207)",Rothia,4,11352
"(1495.2820512820513, 1302.076923076923)",Veillonella,4,11353
"(1489.790909090909, 1627.5)",Rothia,4,11354
"(1489.0531914893618, 1975.840425531915)",Fusobacterium,4,11355
"(1488.496183206107, 457.99236641221376)",Actinomyces,4,11356
"(1488.85, 780.85)",Veillonella,4,11357
"(1494.0305676855896, 927.4323144104803)",Rothia,4,11358
"(1489.9240506329113, 1007.0506329113924)",Actinomyces,4,11360
"(1489.7169811320755, 1074.801886792453)",Veillonella,4,11361
"(1493.0578512396694, 1318.099173553719)",Veillonella,4,11362
"(1490.7985611510792, 1507.5827338129495)",Fusobacterium,4,11363
"(1490.9634146341464, 1930.8658536585365)",Fusobacterium,4,11364
"(1490.8395061728395, 1941.6172839506173)",Prevotella,4,11365
"(1495.4066985645934, 605.3732057416267)",Fusobacterium,4,11366
"(1494.9097222222222, 882.0555555555555)",Veillonella,4,11367
"(1493.2027027027027, 1173.1756756756756)",Fusobacterium,4,11368
"(1506.4289215686274, 1283.2573529411766)",Rothia,4,11369
"(1491.560975609756, 1729.0)",Veillonella,4,11370
"(1494.336, 477.08)",Fusobacterium,4,11372
"(1497.530303030303, 536.2575757575758)",Fusobacterium,4,11373
"(1493.0820895522388, 553.5970149253732)",Veillonella,4,11374
"(1490.701754385965, 851.0526315789474)",Veillonella,4,11375
"(1491.9140625, 1263.3046875)",Veillonella,4,11376
"(1492.7071428571428, 1793.1642857142858)",Fusobacterium,4,11379
"(1498.8352272727273, 1882.9261363636363)",Veillonella,4,11380
"(1504.8599221789884, 497.58365758754866)",Fusobacterium,4,11381
"(1500.0666666666666, 670.6)",Fusobacterium,4,11382
"(1495.7777777777778, 1338.6491228070176)",Veillonella,4,11384
"(1493.6373626373627, 1591.989010989011)",Veillonella,4,11385
"(1494.051724137931, 1813.3879310344828)",Veillonella,4,11386
"(1491.8125, 1956.078125)",Capnocytophaga,4,11387
"(1495.892561983471, 1440.0743801652893)",Veillonella,4,11388
"(1492.611111111111, 1763.2592592592594)",Veillonella,4,11389
"(1496.611650485437, 703.8252427184466)",Veillonella,4,11390
"(1496.121951219512, 1543.5487804878048)",Fusobacterium,4,11392
"(1494.111111111111, 1641.079365079365)",Rothia,4,11393
"(1495.9183673469388, 516.1020408163265)",Fusobacterium,4,11394
"(1497.9333333333334, 772.8)",Veillonella,4,11396
"(1498.5391705069123, 904.1889400921659)",Rothia,4,11397
"(1497.4723926380368, 1089.3374233128834)",Veillonella,4,11398
"(1496.0208333333333, 1355.7708333333333)",Neisseria,4,11399
"(1497.3095238095239, 573.0)",Fusobacterium,4,11400
"(1496.472972972973, 1033.581081081081)",Veillonella,4,11401
"(1498.7076923076922, 1679.5384615384614)",Veillonella,4,11403
"(1500.497382198953, 1699.2931937172775)",Veillonella,4,11404
"(1499.3333333333333, 12.19047619047619)",Fusobacterium,4,11405
"(1497.2837837837837, 688.7702702702703)",Actinomyces,4,11406
"(1497.3361344537816, 736.436974789916)",Veillonella,4,11407
"(1496.3207547169811, 1187.7358490566037)",Veillonella,4,11408
"(1502.0366492146597, 1411.8376963350786)",Rothia,4,11409
"(1502.6967213114754, 755.2704918032787)",Veillonella,4,11410
"(1498.7578947368422, 792.3684210526316)",Veillonella,4,11411
"(1499.9943820224719, 1146.0674157303372)",Fusobacterium,4,11413
"(1498.3050847457628, 1623.8813559322034)",Prevotella,4,11414
"(1499.3488372093022, 1757.3372093023256)",Veillonella,4,11415
"(1500.8395061728395, 1906.469135802469)",Fusobacterium,4,11416
"(1499.4957264957266, 634.1623931623932)",Veillonella,4,11417
"(1499.1206896551723, 1199.396551724138)",Veillonella,4,11418
"(1502.3532110091744, 1475.2385321100917)",Rothia,4,11419
"(1498.051724137931, 1654.7586206896551)",Fusobacterium,4,11420
"(1501.0291262135922, 1740.388349514563)",Veillonella,4,11421
"(1499.2, 1827.08)",Fusobacterium,4,11422
"(1499.7428571428572, 441.01428571428573)",Fusobacterium,4,11423
"(1505.8055555555557, 942.0611111111111)",Fusobacterium,4,11424
"(1500.9710144927535, 1228.4057971014493)",Veillonella,4,11425
"(1505.1118881118882, 1391.2937062937062)",Fusobacterium,4,11426
"(1501.1666666666667, 1847.4871794871794)",Fusobacterium,4,11427
"(1509.9866666666667, 466.5)",Veillonella,4,11428
"(1502.7073170731708, 1043.5)",Veillonella,4,11430
"(1501.8076923076924, 1424.6153846153845)",Rothia,4,11431
"(1504.8666666666666, 827.8777777777777)",Veillonella,4,11432
"(1503.126582278481, 848.5316455696203)",Veillonella,4,11433
"(1503.8309859154929, 1118.7323943661972)",Fusobacterium,4,11434
"(1508.8055555555557, 1557.423611111111)",Veillonella,4,11435
"(1504.2558139534883, 1964.0)",Veillonella,4,11436
"(1504.5375, 650.0375)",Neisseria,4,11437
"(1505.6052631578948, 719.078947368421)",Veillonella,4,11438
"(1509.7732558139535, 1055.7325581395348)",Fusobacterium,4,11439
"(1504.64, 1165.0666666666666)",Capnocytophaga,4,11440
"(1505.1694915254238, 1378.6610169491526)",Veillonella,4,11441
"(1505.0806451612902, 1578.8709677419354)",Veillonella,4,11442
"(1509.0167597765362, 1723.8435754189943)",Veillonella,4,11443
"(1504.5263157894738, 1936.4736842105262)",Neisseria,4,11444
"(1504.4137931034484, 860.0344827586207)",Veillonella,4,11445
"(1506.2761904761905, 1495.0190476190476)",Fusobacterium,4,11447
"(1506.12, 1508.5733333333333)",Fusobacterium,4,11448
"(1505.138888888889, 1804.4027777777778)",Neisseria,4,11449
"(1506.6930693069307, 1610.6435643564357)",Veillonella,4,11452
"(1507.6966292134832, 1920.7977528089887)",Veillonella,4,11453
"(1514.2813852813854, 1948.813852813853)",Fusobacterium,4,11454
"(1512.155737704918, 25.631147540983605)",Fusobacterium,4,11455
"(1508.9304347826087, 588.0956521739131)",Streptococcus,4,11456
"(1507.922077922078, 897.6363636363636)",Veillonella,4,11457
"(1511.9767441860465, 1984.4186046511627)",Veillonella,4,11458
"(1507.6101694915253, 780.3389830508474)",Veillonella,4,11459
"(1510.4257425742574, 812.5148514851485)",Veillonella,4,11460
"(1509.79012345679, 1136.0617283950617)",Fusobacterium,4,11461
"(1507.877358490566, 1329.8962264150944)",Veillonella,4,11462
"(1511.58984375, 1531.3046875)",Rothia,4,11463
"(1508.1375, 1774.35)",Veillonella,4,11464
"(1507.8589743589744, 1361.7948717948718)",Veillonella,4,11467
"(1510.8916666666667, 1655.7083333333333)",Veillonella,4,11468
"(1509.9120879120878, 1860.5384615384614)",Veillonella,4,11469
"(1515.4117647058824, 11.717647058823529)",Rothia,4,11470
"(1509.673076923077, 634.8269230769231)",Pasteurellaceae,4,11471
"(1514.0198675496688, 1092.5629139072848)",Rothia,4,11472
"(1514.1104294478528, 1206.601226993865)",Veillonella,4,11473
"(1511.1216216216217, 1316.2702702702702)",Veillonella,4,11474
"(1513.8513513513512, 1633.1216216216217)",Veillonella,4,11475
"(1514.3457943925234, 1892.1588785046729)",Veillonella,4,11478
"(1518.4135802469136, 520.5370370370371)",Fusobacterium,4,11479
"(1510.4590163934427, 689.1475409836065)",Neisseria,4,11480
"(1511.2295081967213, 701.0)",Neisseria,4,11481
"(1514.9606299212599, 734.6771653543307)",Pasteurellaceae,4,11482
"(1512.2222222222222, 1188.1358024691358)",Lautropia,4,11484
"(1512.2641509433963, 1234.8207547169811)",Veillonella,4,11485
"(1512.984, 1836.712)",Rothia,4,11486
"(1510.76, 1995.78)",Veillonella,4,11487
"(1512.236111111111, 450.5416666666667)",Fusobacterium,4,11488
"(1512.5569620253164, 482.2911392405063)",Fusobacterium,4,11489
"(1513.7252747252746, 566.8681318681319)",Veillonella,4,11490
"(1514.4888888888888, 606.0)",Streptococcus,4,11491
"(1512.8539325842696, 881.8539325842696)",Veillonella,4,11492
"(1511.6612903225807, 1256.5483870967741)",Rothia,4,11493
"(1512.5344827586207, 533.551724137931)",Fusobacterium,4,11494
"(1516.0806451612902, 769.8467741935484)",Veillonella,4,11495
"(1521.0610328638497, 1034.8028169014085)",Veillonella,4,11496
"(1515.626984126984, 1593.2619047619048)",Rothia,4,11497
"(1520.513392857143, 1686.1160714285713)",Veillonella,4,11498
"(1519.2515337423313, 1752.5092024539877)",Veillonella,4,11499
"(1515.75, 1435.8977272727273)",Rothia,4,11501
"(1517.3057324840765, 1706.8152866242037)",Veillonella,4,11502
"(1516.1518987341772, 1815.860759493671)",Veillonella,4,11503
"(1519.8273381294964, 620.0647482014389)",Veillonella,4,11504
"(1514.896551724138, 864.6379310344828)",Veillonella,4,11505
"(1516.2894736842106, 1403.0526315789473)",Rothia,4,11506
"(1514.5094339622642, 1669.6603773584907)",Fusobacterium,4,11507
"(1515.3181818181818, 1972.3030303030303)",Veillonella,4,11508
"(1526.1942148760331, 919.4710743801653)",Prevotella,4,11509
"(1521.3782383419689, 1301.7512953367875)",Veillonella,4,11510
"(1519.883870967742, 1345.0193548387097)",Veillonella,4,11511
"(1528.8924731182797, 437.03225806451616)",Neisseria,4,11512
"(1519.5121951219512, 670.4024390243902)",Pasteurellaceae,4,11513
"(1518.7733333333333, 946.3066666666666)",Fusobacterium,4,11514
"(1522.9655172413793, 1109.3862068965518)",Fusobacterium,4,11515
"(1517.7123287671234, 1144.4383561643835)",Fusobacterium,4,11516
"(1520.658536585366, 1180.0426829268292)",Fusobacterium,4,11517
"(1519.3482142857142, 1477.232142857143)",Veillonella,4,11518
"(1518.3308823529412, 1793.2426470588234)",Rothia,4,11519
"(1522.298245614035, 485.9035087719298)",Fusobacterium,4,11520
"(1517.7272727272727, 655.2424242424242)",Lautropia,4,11521
"(1518.125, 710.8035714285714)",Pasteurellaceae,4,11522
"(1520.9368421052632, 788.1263157894737)",Veillonella,4,11524
"(1518.7831325301204, 802.2168674698795)",Veillonella,4,11525
"(1520.8942307692307, 829.5576923076923)",Veillonella,4,11526
"(1519.2105263157894, 1369.3368421052633)",Veillonella,4,11528
"(1519.7407407407406, 1572.7111111111112)",Fusobacterium,4,11529
"(1518.063492063492, 1616.4761904761904)",Veillonella,4,11531
"(1520.5357142857142, 1733.0595238095239)",Veillonella,4,11532
"(1522.1315789473683, 847.1140350877193)",Veillonella,4,11533
"(1521.125, 1073.4296875)",Veillonella,4,11534
"(1522.715909090909, 1120.6818181818182)",Fusobacterium,4,11535
"(1521.025641025641, 1519.025641025641)",Veillonella,4,11536
"(1521.079365079365, 1552.2222222222222)",Veillonella,4,11537
"(1521.0, 549.943820224719)",Fusobacterium,4,11538
"(1524.1914893617022, 1247.776595744681)",Rothia,4,11539
"(1521.1782178217823, 1500.5346534653465)",Prevotella,4,11540
"(1527.6447368421052, 31.54605263157895)",Fusobacterium,4,11542
"(1522.313253012048, 582.5421686746988)",Veillonella,4,11543
"(1529.9662921348315, 898.8033707865169)",Veillonella,4,11544
"(1526.2868852459017, 1386.0573770491803)",Veillonella,4,11545
"(1522.7816091954023, 1420.344827586207)",Veillonella,4,11546
"(1523.923076923077, 687.5454545454545)",Veillonella,4,11547
"(1527.493023255814, 1323.4790697674418)",Fusobacterium,4,11548
"(1524.364238410596, 1878.112582781457)",Veillonella,4,11549
"(1526.1057692307693, 1265.6153846153845)",Veillonella,4,11550
"(1525.784946236559, 1452.758064516129)",Veillonella,4,11551
"(1522.8305084745762, 1856.8135593220338)",Prevotella,4,11553
"(1531.1552795031057, 1990.1739130434783)",Veillonella,4,11554
"(1526.5466666666666, 758.04)",Pasteurellaceae,4,11555
"(1526.0666666666666, 879.8)",Veillonella,4,11556
"(1525.3703703703704, 963.1111111111111)",Fusobacterium,4,11557
"(1526.1, 1964.3)",Veillonella,4,11558
"(1525.859375, 567.921875)",Streptococcus,4,11559
"(1529.6969696969697, 590.2323232323232)",Veillonella,4,11560
"(1533.5728155339805, 638.8009708737864)",Porphyromonas,4,11561
"(1533.0875576036867, 942.5023041474655)",Fusobacterium,4,11563
"(1527.235294117647, 1095.9607843137255)",Rothia,4,11564
"(1526.698113207547, 1156.8867924528302)",Actinomyces,4,11565
"(1527.7325581395348, 1235.546511627907)",Veillonella,4,11566
"(1526.0980392156862, 1649.137254901961)",Veillonella,4,11567
"(1529.3357142857142, 504.65)",Fusobacterium,4,11568
"(1528.142857142857, 1772.5)",Veillonella,4,11569
"(1528.3636363636363, 1619.4848484848485)",Veillonella,4,11570
"(1529.72, 1666.688)",Veillonella,4,11571
"(1529.7590361445782, 1718.6506024096386)",Veillonella,4,11572
"(1528.1803278688524, 1745.3934426229507)",Veillonella,4,11573
"(1535.3777777777777, 768.5037037037036)",Veillonella,4,11574
"(1529.0631578947368, 1052.9157894736843)",Actinomyces,4,11575
"(1530.8055555555557, 1218.638888888889)",Veillonella,4,11576
"(1528.4225352112676, 1807.4929577464789)",Veillonella,4,11577
"(1533.3285714285714, 12.385714285714286)",Fusobacterium,4,11578
"(1532.4733333333334, 538.18)",Fusobacterium,4,11579
"(1530.857142857143, 705.2755102040817)",Rothia,4,11580
"(1530.6759259259259, 1142.0092592592594)",Fusobacterium,4,11581
"(1535.0448717948718, 1565.0576923076924)",Veillonella,4,11582
"(1531.1411764705883, 1791.2117647058824)",Fusobacterium,4,11583
"(1530.6, 1827.6827586206896)",Veillonella,4,11584
"(1536.0, 861.7803468208092)",Veillonella,4,11586
"(1534.7785714285715, 1594.0071428571428)",Veillonella,4,11588
"(1542.3795918367348, 468.56326530612245)",Neisseria,4,11589
"(1531.4035087719299, 723.438596491228)",Veillonella,4,11590
"(1535.142857142857, 1085.938775510204)",Rothia,4,11591
"(1532.3960396039604, 1501.0891089108911)",Veillonella,4,11592
"(1533.7272727272727, 1641.9338842975208)",Veillonella,4,11593
"(1531.4313725490197, 1703.4705882352941)",Veillonella,4,11594
"(1533.5454545454545, 1973.3636363636363)",Veillonella,4,11595
"(1534.0597014925372, 782.4328358208955)",Veillonella,4,11596
"(1536.6622516556292, 806.9006622516556)",Veillonella,4,11597
"(1536.6131386861314, 1481.6058394160584)",Veillonella,4,11600
"(1533.688524590164, 521.7868852459017)",Fusobacterium,4,11601
"(1534.6442307692307, 609.2211538461538)",Lautropia,4,11602
"(1534.8181818181818, 663.5844155844156)",Streptococcus,4,11603
"(1538.136690647482, 830.6330935251799)",Rothia,4,11604
"(1537.0873786407767, 966.747572815534)",Fusobacterium,4,11605
"(1537.0, 1349.0389610389611)",Veillonella,4,11606
"(1536.2803738317757, 1126.411214953271)",Fusobacterium,4,11607
"(1538.8506493506493, 1369.8506493506493)",Veillonella,4,11608
"(1538.0176991150443, 1064.858407079646)",Veillonella,4,11610
"(1539.9239130434783, 1203.9347826086957)",Veillonella,4,11611
"(1536.890756302521, 1288.781512605042)",Veillonella,4,11612
"(1539.5802469135801, 1404.3148148148148)",Veillonella,4,11613
"(1536.3229166666667, 1538.9375)",Veillonella,4,11614
"(1536.0378787878788, 1852.7954545454545)",Veillonella,4,11615
"(1536.909090909091, 484.1818181818182)",Fusobacterium,4,11616
"(1537.5, 651.8928571428571)",Streptococcus,4,11617
"(1541.9464285714287, 668.0803571428571)",Streptococcus,4,11618
"(1539.406779661017, 698.271186440678)",Fusobacterium,4,11619
"(1540.7766990291261, 1257.116504854369)",Rothia,4,11620
"(1542.1010101010102, 1461.020202020202)",Rothia,4,11622
"(1539.4117647058824, 1962.4117647058824)",Veillonella,4,11623
"(1540.1923076923076, 1611.7615384615385)",Veillonella,4,11624
"(1539.9318181818182, 1689.9431818181818)",Veillonella,4,11625
"(1540.3135593220338, 43.720338983050844)",Fusobacterium,4,11626
"(1543.105, 567.775)",Fusobacterium,4,11627
"(1548.7628865979382, 1077.9690721649486)",Actinomyces,4,11628
"(1541.948051948052, 1509.5584415584415)",Veillonella,4,11629
"(1539.547619047619, 1756.126984126984)",Veillonella,4,11630
"(1540.16091954023, 1887.4597701149426)",Veillonella,4,11631
"(1545.7348837209302, 739.6511627906976)",Veillonella,4,11632
"(1541.3902439024391, 1238.60162601626)",Rothia,4,11634
"(1546.7267080745341, 623.4658385093168)",Veillonella,4,11636
"(1541.1375, 682.6125)",Veillonella,4,11637
"(1540.7575757575758, 1026.378787878788)",Lautropia,4,11638
"(1544.9623655913979, 516.1827956989247)",Fusobacterium,4,11639
"(1542.9074074074074, 849.0)",Veillonella,4,11640
"(1541.9411764705883, 1422.0294117647059)",Streptococcus,4,11641
"(1542.6966292134832, 1776.6516853932585)",Veillonella,4,11642
"(1542.712643678161, 1812.9195402298851)",Veillonella,4,11643
"(1545.3971631205675, 714.2553191489362)",Veillonella,4,11644
"(1545.5545454545454, 903.0272727272727)",Veillonella,4,11645
"(1546.5666666666666, 1016.1416666666667)",Pasteurellaceae,4,11646
"(1543.0602409638554, 1045.3975903614457)",Pasteurellaceae,4,11647
"(1543.967213114754, 1139.8852459016393)",Fusobacterium,4,11648
"(1549.8080808080808, 1526.328282828283)",Veillonella,4,11649
"(1544.6641791044776, 1101.1641791044776)",Fusobacterium,4,11650
"(1545.9901960784314, 1381.9313725490197)",Veillonella,4,11651
"(1544.3857142857144, 1495.6714285714286)",Veillonella,4,11652
"(1552.8019323671497, 1668.7246376811595)",Veillonella,4,11653
"(1545.774193548387, 1314.516129032258)",Porphyromonas,4,11654
"(1550.751633986928, 1650.4052287581699)",Veillonella,4,11655
"(1547.4050632911392, 50.20253164556962)",Fusobacterium,4,11656
"(1546.8076923076924, 483.8269230769231)",Fusobacterium,4,11657
"(1544.8703703703704, 887.0555555555555)",Veillonella,4,11658
"(1553.7709497206704, 973.0167597765363)",Fusobacterium,4,11659
"(1553.4926108374384, 1264.2167487684728)",Rothia,4,11660
"(1546.4158415841584, 1739.2871287128712)",Veillonella,4,11661
"(1545.9583333333333, 1984.3333333333333)",Veillonella,4,11662
"(1549.017391304348, 590.6260869565217)",Rothia,4,11663
"(1552.0238095238096, 1052.1507936507937)",Actinomyces,4,11664
"(1549.8947368421052, 1157.621052631579)",Corynebacterium,4,11665
"(1547.2432432432433, 1435.2432432432433)",Streptococcus,4,11667
"(1549.0094339622642, 1630.3584905660377)",Veillonella,4,11669
"(1548.8540925266905, 1710.423487544484)",Veillonella,4,11670
"(1548.2592592592594, 531.7592592592592)",Fusobacterium,4,11671
"(1547.9891304347825, 546.4021739130435)",Fusobacterium,4,11672
"(1548.2747252747254, 785.8681318681319)",Veillonella,4,11673
"(1549.4137931034484, 985.8965517241379)",Fusobacterium,4,11675
"(1548.3653846153845, 1395.6346153846155)",Veillonella,4,11676
"(1547.06, 1845.32)",Veillonella,4,11677
"(1550.1461538461538, 1871.7923076923078)",Veillonella,4,11678
"(1556.1214953271028, 448.60747663551405)",Fusobacterium,4,11679
"(1558.4388489208634, 500.78776978417267)",Fusobacterium,4,11680
"(1549.8909090909092, 923.1090909090909)",Rothia,4,11681
"(1548.8833333333334, 1329.4166666666667)",Veillonella,4,11682
"(1550.6153846153845, 1551.3846153846155)",Veillonella,4,11683
"(1550.5084745762713, 1956.7966101694915)",Veillonella,4,11684
"(1552.3084112149534, 1124.5514018691588)",Fusobacterium,4,11685
"(1551.719298245614, 1224.5701754385964)",Actinomyces,4,11686
"(1549.990476190476, 1828.8857142857144)",Veillonella,4,11687
"(1551.6046511627908, 763.5968992248062)",Veillonella,4,11688
"(1551.9466666666667, 1032.68)",Veillonella,4,11689
"(1559.1494845360826, 1573.9381443298969)",Veillonella,4,11690
"(1551.1478260869565, 1790.4695652173914)",Veillonella,4,11691
"(1554.679012345679, 692.1604938271605)",Actinomyces,4,11693
"(1553.0, 875.8928571428571)",Rothia,4,11694
"(1558.5094339622642, 1242.5220125786163)",Veillonella,4,11696
"(1552.0307692307692, 1281.2615384615385)",Rothia,4,11697
"(1554.4014598540145, 28.37956204379562)",Fusobacterium,4,11699
"(1555.713043478261, 606.4173913043478)",Rothia,4,11700
"(1554.121951219512, 955.5121951219512)",Veillonella,4,11702
"(1555.2387096774194, 1600.8)",Veillonella,4,11703
"(1558.974358974359, 11.576923076923077)",Rothia,4,11704
"(1556.3736263736264, 674.8681318681319)",Lautropia,4,11705
"(1559.5027322404371, 855.8415300546449)",Rothia,4,11706
"(1556.164383561644, 1681.3287671232877)",Veillonella,4,11707
"(1555.2345679012346, 1945.8395061728395)",Veillonella,4,11708
"(1554.017543859649, 816.421052631579)",Veillonella,4,11709
"(1554.235294117647, 1187.6274509803923)",Porphyromonas,4,11711
"(1557.976377952756, 1449.244094488189)",Veillonella,4,11712
"(1555.7604166666667, 1616.40625)",Veillonella,4,11713
"(1555.219512195122, 1886.9634146341464)",Veillonella,4,11714
"(1559.065868263473, 836.7784431137725)",Veillonella,4,11716
"(1557.032967032967, 1107.6373626373627)",Actinomyces,4,11717
"(1556.4226804123712, 1148.8762886597938)",Corynebacterium,4,11718
"(1555.4827586206898, 1405.6379310344828)",Neisseria,4,11719
"(1561.1363636363637, 1420.7727272727273)",Veillonella,4,11720
"(1557.0444444444445, 1977.4)",Veillonella,4,11721
"(1564.0989583333333, 1348.6770833333333)",Fusobacterium,4,11722
"(1558.1025641025642, 1471.0384615384614)",Fusobacterium,4,11723
"(1559.1486486486488, 933.6891891891892)",Rothia,4,11724
"(1558.3194444444443, 1365.2708333333333)",Veillonella,4,11725
"(1557.4133333333334, 1808.16)",Veillonella,4,11726
"(1567.0838323353294, 468.62874251497004)",Neisseria,4,11727
"(1559.3174603174602, 1067.5555555555557)",Actinomyces,4,11728
"(1559.716049382716, 1387.6543209876543)",Veillonella,4,11729
"(1561.0056179775281, 1503.9775280898875)",Veillonella,4,11730
"(1559.7967479674796, 1848.9105691056911)",Veillonella,4,11731
"(1566.5469798657718, 574.2953020134228)",Rothia,4,11732
"(1561.7745098039215, 706.9607843137255)",Veillonella,4,11734
"(1562.1772151898733, 774.367088607595)",Rothia,4,11735
"(1563.2781954887218, 1198.2932330827068)",Actinomyces,4,11736
"(1564.5036496350365, 1487.051094890511)",Rothia,4,11737
"(1561.3116883116884, 1546.4025974025974)",Veillonella,4,11738
"(1560.2073170731708, 1588.158536585366)",Veillonella,4,11739
"(1561.7228915662652, 1747.1506024096386)",Veillonella,4,11740
"(1563.5454545454545, 54.57575757575758)",Rothia,4,11741
"(1561.132530120482, 487.9156626506024)",Fusobacterium,4,11742
"(1560.88, 721.8)",Veillonella,4,11743
"(1562.5641025641025, 736.1196581196581)",Veillonella,4,11744
"(1564.4329896907216, 797.1907216494845)",Veillonella,4,11745
"(1567.2888888888888, 991.3629629629629)",Saccharibacteria,4,11746
"(1561.8157894736842, 1174.1973684210527)",Porphyromonas,4,11747
"(1562.0824742268042, 1772.9690721649486)",Veillonella,4,11748
"(1563.0, 1819.0162601626016)",Veillonella,4,11749
"(1560.7682926829268, 1908.3292682926829)",Veillonella,4,11750
"(1563.5217391304348, 870.5652173913044)",Veillonella,4,11751
"(1570.7518248175184, 895.8029197080292)",Rothia,4,11752
"(1562.3896103896104, 1024.0389610389611)",Veillonella,4,11753
"(1567.1144278606964, 1297.323383084577)",Veillonella,4,11754
"(1565.171270718232, 1318.0552486187846)",Fusobacterium,4,11755
"(1565.4916666666666, 1720.0333333333333)",Veillonella,4,11757
"(1568.5141242937852, 526.4915254237288)",Veillonella,4,11758
"(1569.7971014492753, 914.7632850241546)",Rothia,4,11759
"(1566.359375, 1141.953125)",Actinomyces,4,11760
"(1563.6575342465753, 1162.3698630136987)",Actinomyces,4,11761
"(1565.1555555555556, 1277.5666666666666)",Rothia,4,11762
"(1567.5214285714285, 1532.2714285714285)",Veillonella,4,11763
"(1564.0619469026549, 1866.8761061946902)",Veillonella,4,11764
"(1565.388888888889, 551.2592592592592)",Fusobacterium,4,11765
"(1564.1690140845071, 754.0281690140845)",Veillonella,4,11766
"(1564.2549019607843, 1116.549019607843)",Actinomyces,4,11768
"(1567.969298245614, 1638.421052631579)",Veillonella,4,11769
"(1568.8427947598254, 1699.0)",Veillonella,4,11770
"(1564.96875, 38.671875)",Fusobacterium,4,11771
"(1565.328125, 1007.15625)",Fusobacterium,4,11772
"(1568.2612612612613, 1791.7387387387387)",Veillonella,4,11773
"(1566.4475524475524, 636.2097902097902)",Veillonella,4,11774
"(1566.3333333333333, 1183.8333333333333)",Actinomyces,4,11775
"(1568.2592592592594, 1961.3796296296296)",Veillonella,4,11777
"(1568.8083333333334, 816.9416666666667)",Veillonella,4,11778
"(1567.8867924528302, 1212.9056603773586)",Actinomyces,4,11779
"(1569.0535714285713, 659.8214285714286)",Veillonella,4,11780
"(1569.0266666666666, 1052.2933333333333)",Veillonella,4,11781
"(1567.12, 1406.52)",Veillonella,4,11782
"(1570.0697674418604, 1668.6744186046512)",Veillonella,4,11783
"(1568.5588235294117, 29.08823529411765)",Fusobacterium,4,11785
"(1570.3157894736842, 600.0526315789474)",Veillonella,4,11786
"(1569.2068965517242, 1978.8706896551723)",Veillonella,4,11788
"(1568.576923076923, 691.6538461538462)",Veillonella,4,11789
"(1569.9333333333334, 830.9833333333333)",Veillonella,4,11790
"(1575.608, 950.096)",Veillonella,4,11791
"(1576.3734939759036, 1475.855421686747)",Rothia,4,11792
"(1573.3037974683543, 11.468354430379748)",Rothia,4,11793
"(1571.698795180723, 60.795180722891565)",Fusobacterium,4,11794
"(1571.380281690141, 615.8169014084507)",Neisseria,4,11795
"(1570.8235294117646, 1064.8823529411766)",Actinomyces,4,11796
"(1575.1442307692307, 1430.1538461538462)",Veillonella,4,11798
"(1571.432098765432, 1733.8024691358025)",Veillonella,4,11799
"(1570.5087719298247, 1806.3508771929824)",Lautropia,4,11800
"(1573.2517985611512, 1883.7482014388488)",Veillonella,4,11801
"(1575.514563106796, 779.4563106796116)",Veillonella,4,11802
"(1573.640350877193, 964.9912280701755)",Veillonella,4,11803
"(1573.40625, 1332.5234375)",Fusobacterium,4,11805
"(1572.9268292682927, 1564.3536585365853)",Veillonella,4,11806
"(1572.4673913043478, 1603.8369565217392)",Veillonella,4,11807
"(1573.875, 1903.8083333333334)",Veillonella,4,11808
"(1576.4059405940593, 935.3762376237623)",Veillonella,4,11810
"(1574.4351851851852, 1106.0092592592594)",Fusobacterium,4,11811
"(1574.888888888889, 1129.6339869281046)",Fusobacterium,4,11812
"(1574.9888888888888, 1085.6555555555556)",Fusobacterium,4,11813
"(1574.3103448275863, 1462.4655172413793)",Rothia,4,11814
"(1580.5470588235294, 483.1823529411765)",Neisseria,4,11815
"(1575.1090909090908, 649.8)",Veillonella,4,11816
"(1576.9342105263158, 1018.4736842105264)",Fusobacterium,4,11817
"(1579.081300813008, 1346.4471544715448)",Fusobacterium,4,11818
"(1576.8461538461538, 1836.6442307692307)",Veillonella,4,11819
"(1577.6666666666667, 544.1140350877193)",Veillonella,4,11820
"(1579.2299465240642, 733.2620320855615)",Veillonella,4,11821
"(1578.235602094241, 757.8219895287958)",Veillonella,4,11822
"(1577.279569892473, 864.516129032258)",Veillonella,4,11823
"(1579.7142857142858, 1383.3095238095239)",Veillonella,4,11827
"(1577.241935483871, 1576.1774193548388)",Veillonella,4,11828
"(1582.4318181818182, 50.09848484848485)",Rothia,4,11829
"(1578.6637168141592, 981.1769911504425)",Veillonella,4,11830
"(1584.7717391304348, 1553.3152173913043)",Veillonella,4,11831
"(1577.5294117647059, 1858.6176470588234)",Veillonella,4,11832
"(1577.3978494623657, 1921.2903225806451)",Veillonella,4,11833
"(1579.4583333333333, 594.7222222222222)",Veillonella,4,11834
"(1579.4736842105262, 878.1052631578947)",Rothia,4,11836
"(1581.847619047619, 1153.9333333333334)",Actinomyces,4,11838
"(1577.725, 1519.4625)",Veillonella,4,11839
"(1582.9741935483871, 506.06451612903226)",Fusobacterium,4,11841
"(1578.1818181818182, 1209.3333333333333)",Actinomyces,4,11842
"(1582.3428571428572, 1234.2785714285715)",Lautropia,4,11843
"(1590.8006993006993, 1276.451048951049)",Veillonella,4,11844
"(1578.7333333333333, 1403.56)",Veillonella,4,11845
"(1582.91, 69.67)",Fusobacterium,4,11847
"(1581.525641025641, 717.6794871794872)",Veillonella,4,11848
"(1579.4054054054054, 1167.7837837837837)",Actinomyces,4,11849
"(1583.4857142857143, 1310.5428571428572)",Veillonella,4,11850
"(1581.877358490566, 1536.1132075471698)",Veillonella,4,11851
"(1581.5280898876404, 1807.426966292135)",Veillonella,4,11852
"(1581.1296296296296, 24.90740740740741)",Rothia,4,11853
"(1581.936170212766, 690.968085106383)",Pasteurellaceae,4,11855
"(1583.941605839416, 791.8467153284671)",Veillonella,4,11856
"(1581.5841584158416, 1184.851485148515)",Actinomyces,4,11857
"(1581.6262626262626, 1625.828282828283)",Veillonella,4,11859
"(1589.259375, 570.884375)",Veillonella,4,11860
"(1582.8125, 622.984375)",Veillonella,4,11861
"(1582.3428571428572, 809.3428571428572)",Rothia,4,11862
"(1583.9866666666667, 1119.2133333333334)",Fusobacterium,4,11863
"(1582.4318181818182, 1257.6666666666667)",Lautropia,4,11864
"(1583.25, 1760.361111111111)",Veillonella,4,11865
"(1583.3936170212767, 1789.8936170212767)",Capnocytophaga,4,11866
"(1583.0601503759399, 836.3984962406015)",Veillonella,4,11867
"(1585.9905660377358, 1070.2075471698113)",Actinomyces,4,11868
"(1590.721052631579, 1422.1947368421052)",Veillonella,4,11869
"(1583.948717948718, 1439.371794871795)",Rothia,4,11870
"(1583.2111111111112, 1589.5777777777778)",Veillonella,4,11871
"(1584.4086021505377, 1663.4516129032259)",Veillonella,4,11873
"(1583.0, 1676.0338983050847)",Veillonella,4,11874
"(1583.53125, 1726.859375)",Veillonella,4,11875
"(1586.878787878788, 11.1010101010101)",Fusobacterium,4,11876
"(1584.3333333333333, 36.03174603174603)",Fusobacterium,4,11877
"(1584.695652173913, 668.2826086956521)",Veillonella,4,11878
"(1587.1100917431193, 1005.2477064220184)",Rothia,4,11879
"(1587.2262773722628, 1291.2335766423357)",Veillonella,4,11880
"(1584.908163265306, 1607.9285714285713)",Veillonella,4,11881
"(1584.8869565217392, 1691.9565217391305)",Veillonella,4,11882
"(1585.52, 1713.2266666666667)",Veillonella,4,11883
"(1590.5652173913043, 1938.6739130434783)",Veillonella,4,11884
"(1585.6962025316457, 1973.7215189873418)",Veillonella,4,11885
"(1586.2957746478874, 1197.056338028169)",Actinomyces,4,11886
"(1586.0454545454545, 1362.3295454545455)",Veillonella,4,11887
"(1593.358024691358, 1825.5123456790122)",Veillonella,4,11888
"(1591.9632352941176, 529.5882352941177)",Veillonella,4,11889
"(1590.6105263157895, 591.6105263157895)",Veillonella,4,11890
"(1588.23, 1100.33)",Actinomyces,4,11891
"(1589.2695035460993, 1494.014184397163)",Veillonella,4,11892
"(1587.920792079208, 1746.1881188118812)",Veillonella,4,11893
"(1588.986111111111, 817.8888888888889)",Rothia,4,11894
"(1588.4864864864865, 889.1756756756756)",Veillonella,4,11895
"(1587.056338028169, 1041.0845070422536)",Fusobacterium,4,11897
"(1588.2166666666667, 1084.8666666666666)",Actinomyces,4,11898
"(1589.5188679245282, 1454.3207547169811)",Veillonella,4,11899
"(1588.1323529411766, 1883.6617647058824)",Veillonella,4,11900
"(1588.859649122807, 1901.2368421052631)",Veillonella,4,11901
"(1587.892857142857, 1140.7857142857142)",Fusobacterium,4,11902
"(1591.5174825174824, 633.7482517482517)",Veillonella,4,11904
"(1589.855421686747, 961.7590361445783)",Veillonella,4,11906
"(1590.3170731707316, 1395.378048780488)",Veillonella,4,11907
"(1591.4285714285713, 1644.2197802197802)",Veillonella,4,11908
"(1597.7151515151515, 1786.0727272727272)",Veillonella,4,11909
"(1602.4929577464789, 1956.4647887323943)",Neisseria,4,11910
"(1591.38, 909.17)",Veillonella,4,11911
"(1590.75, 1213.5714285714287)",Actinomyces,4,11912
"(1597.7660550458716, 1330.6009174311926)",Rothia,4,11913
"(1591.0819672131147, 1770.1967213114754)",Veillonella,4,11915
"(1592.8728813559321, 548.8813559322034)",Veillonella,4,11917
"(1595.58, 650.22)",Rothia,4,11918
"(1593.725, 989.0)",Rothia,4,11919
"(1592.4366197183099, 1523.8450704225352)",Veillonella,4,11921
"(1594.9512195121952, 1844.9837398373984)",Veillonella,4,11922
"(1592.375, 727.6964285714286)",Veillonella,4,11924
"(1594.030303030303, 867.5909090909091)",Veillonella,4,11925
"(1593.5151515151515, 975.4848484848485)",Rothia,4,11926
"(1596.1685393258426, 1027.4943820224719)",Fusobacterium,4,11927
"(1593.351851851852, 1127.5185185185185)",Prevotella,4,11928
"(1597.6990291262136, 1479.9708737864078)",Veillonella,4,11929
"(1597.963157894737, 1572.7947368421053)",Veillonella,4,11930
"(1594.4303797468353, 1703.620253164557)",Veillonella,4,11931
"(1593.7719298245613, 1814.4561403508771)",Veillonella,4,11932
"(1592.7283950617284, 1914.320987654321)",Veillonella,4,11933
"(1594.9622641509434, 76.37735849056604)",Fusobacterium,4,11934
"(1598.896, 686.704)",Veillonella,4,11935
"(1593.6272727272728, 753.0454545454545)",Veillonella,4,11936
"(1594.3552631578948, 775.421052631579)",Veillonella,4,11937
"(1593.7272727272727, 933.3090909090909)",Veillonella,4,11938
"(1594.4057971014493, 1169.3188405797102)",Actinomyces,4,11939
"(1595.3150684931506, 1923.849315068493)",Veillonella,4,11940
"(1598.3, 707.0705882352942)",Pasteurellaceae,4,11941
"(1600.58940397351, 807.5496688741722)",Veillonella,4,11942
"(1594.7285714285715, 1063.5)",Rothia,4,11943
"(1598.4945054945056, 1411.3406593406594)",Rothia,4,11944
"(1595.581081081081, 1632.2162162162163)",Veillonella,4,11945
"(1599.3076923076924, 849.6778846153846)",Veillonella,4,11946
"(1595.357142857143, 1183.5892857142858)",Actinomyces,4,11947
"(1597.310924369748, 1462.3697478991596)",Veillonella,4,11948
"(1596.4634146341464, 1738.2317073170732)",Veillonella,4,11949
"(1595.3714285714286, 1866.0857142857142)",Veillonella,4,11950
"(1598.5727272727272, 44.236363636363635)",Fusobacterium,4,11951
"(1599.3714285714286, 762.9428571428572)",Veillonella,4,11953
"(1598.2533333333333, 1014.2933333333333)",Rothia,4,11954
"(1597.0416666666667, 1241.5416666666667)",Actinomyces,4,11955
"(1597.0377358490566, 1591.6792452830189)",Veillonella,4,11956
"(1598.3493975903614, 609.3012048192771)",Veillonella,4,11957
"(1601.276595744681, 1115.5212765957447)",Actinomyces,4,11958
"(1598.6, 1224.5857142857142)",Actinomyces,4,11959
"(1601.6153846153845, 1255.7278106508875)",Actinomyces,4,11960
"(1599.2093023255813, 1308.139534883721)",Veillonella,4,11961
"(1598.1340206185566, 1545.1237113402062)",Veillonella,4,11962
"(1601.1214285714286, 1657.9857142857143)",Veillonella,4,11963
"(1601.0842105263157, 1686.8842105263159)",Veillonella,4,11964
"(1601.1938775510205, 10.73469387755102)",Fusobacterium,4,11965
"(1599.015625, 951.28125)",Rothia,4,11967
"(1601.596685082873, 1363.6519337016575)",Veillonella,4,11969
"(1600.9310344827586, 1617.4224137931035)",Veillonella,4,11970
"(1598.4727272727273, 1758.418181818182)",Veillonella,4,11971
"(1602.0, 495.4384615384615)",Fusobacterium,4,11972
"(1604.0934579439252, 560.0)",Veillonella,4,11973
"(1601.7254901960785, 625.8039215686274)",Veillonella,4,11974
"(1608.1913043478262, 514.1478260869566)",Rothia,4,11979
"(1603.980198019802, 660.980198019802)",Veillonella,4,11980
"(1602.8532110091744, 1039.48623853211)",Fusobacterium,4,11981
"(1601.7851851851851, 1199.7407407407406)",Actinomyces,4,11983
"(1601.113924050633, 1672.240506329114)",Veillonella,4,11984
"(1603.2643678160919, 1877.551724137931)",Veillonella,4,11985
"(1602.64, 1905.256)",Veillonella,4,11986
"(1605.5663716814158, 80.22123893805309)",Fusobacterium,4,11987
"(1602.8026315789473, 675.671052631579)",Veillonella,4,11988
"(1603.2051282051282, 1137.051282051282)",Fusobacterium,4,11989
"(1602.9857142857143, 1150.5285714285715)",Fusobacterium,4,11990
"(1601.7169811320755, 1715.0377358490566)",Veillonella,4,11991
"(1602.3333333333333, 1804.7283950617284)",Veillonella,4,11992
"(1604.3653846153845, 1079.5576923076924)",Rothia,4,11995
"(1602.6901408450703, 1100.0)",Rothia,4,11996
"(1612.0518134715026, 1516.0932642487046)",Veillonella,4,11998
"(1609.2307692307693, 828.2692307692307)",Fusobacterium,4,11999
"(1603.02, 964.32)",Veillonella,4,12000
"(1606.2941176470588, 1533.1932773109243)",Veillonella,4,12001
"(1605.2571428571428, 925.6285714285714)",Veillonella,4,12002
"(1608.2528735632184, 1500.9770114942528)",Rothia,4,12003
"(1604.6216216216217, 1597.6351351351352)",Veillonella,4,12004
"(1606.4431818181818, 1971.9545454545455)",Veillonella,4,12005
"(1607.7983193277312, 59.747899159663866)",Fusobacterium,4,12006
"(1608.5, 788.1818181818181)",Veillonella,4,12007
"(1606.9741379310344, 891.9827586206897)",Veillonella,4,12008
"(1608.875, 912.2980769230769)",Veillonella,4,12009
"(1607.4027777777778, 1170.75)",Actinomyces,4,12010
"(1607.3506493506493, 1439.7142857142858)",Veillonella,4,12011
"(1610.4573643410852, 641.1317829457364)",Rothia,4,12013
"(1609.6788990825687, 940.8440366972477)",Veillonella,4,12014
"(1607.729411764706, 996.7411764705882)",Veillonella,4,12015
"(1608.4761904761904, 1932.0555555555557)",Veillonella,4,12016
"(1607.8450704225352, 741.4507042253521)",Veillonella,4,12017
"(1611.6548223350253, 1397.989847715736)",Pasteurellaceae,4,12018
"(1610.408163265306, 1724.795918367347)",Veillonella,4,12020
"(1610.8139534883721, 1781.139534883721)",Veillonella,4,12021
"(1615.2781456953642, 958.774834437086)",Rothia,4,12022
"(1608.78, 1472.98)",Rothia,4,12024
"(1610.9064748201438, 1644.0575539568345)",Veillonella,4,12025
"(1609.7179487179487, 1739.9102564102564)",Veillonella,4,12026
"(1610.7524752475247, 1862.069306930693)",Veillonella,4,12027
"(1621.4536585365854, 11.014634146341463)",Fusobacterium,4,12028
"(1614.6780821917807, 90.15753424657534)",Fusobacterium,4,12029
"(1618.4038461538462, 533.8910256410256)",Veillonella,4,12030
"(1611.3695652173913, 981.4673913043479)",Neisseria,4,12031
"(1611.5121951219512, 1990.7560975609756)",Veillonella,4,12032
"(1612.2903225806451, 48.53225806451613)",Fusobacterium,4,12033
"(1611.141304347826, 617.5217391304348)",Veillonella,4,12034
"(1617.0093457943926, 1123.0280373831777)",Actinomyces,4,12036
"(1611.5487804878048, 1339.3170731707316)",Rothia,4,12037
"(1610.3103448275863, 1458.051724137931)",Rothia,4,12038
"(1612.8260869565217, 34.22826086956522)",Fusobacterium,4,12039
"(1611.8048780487804, 722.219512195122)",Veillonella,4,12040
"(1613.5, 773.6818181818181)",Veillonella,4,12041
"(1617.2846715328467, 1430.1824817518248)",Veillonella,4,12042
"(1613.1166666666666, 1589.6333333333334)",Veillonella,4,12043
"(1611.9021739130435, 1846.1195652173913)",Veillonella,4,12045
"(1614.381443298969, 845.1649484536083)",Rothia,4,12047
"(1613.90625, 1112.421875)",Veillonella,4,12049
"(1612.4363636363637, 1221.6181818181817)",Actinomyces,4,12050
"(1612.5585585585586, 1894.5675675675675)",Veillonella,4,12051
"(1615.3846153846155, 1088.2051282051282)",Capnocytophaga,4,12053
"(1615.1909090909091, 1206.5272727272727)",Actinomyces,4,12054
"(1620.3236714975844, 1560.8019323671497)",Veillonella,4,12055
"(1617.5460992907801, 1765.4113475177305)",Veillonella,4,12056
"(1614.4117647058824, 1826.6941176470589)",Veillonella,4,12057
"(1615.8315789473684, 580.8105263157895)",Veillonella,4,12058
"(1616.0229885057472, 759.183908045977)",Veillonella,4,12059
"(1617.9528301886792, 894.5)",Veillonella,4,12060
"(1615.342995169082, 1058.502415458937)",Fusobacterium,4,12061
"(1614.445945945946, 1236.054054054054)",Saccharibacteria,4,12062
"(1615.0470588235294, 1268.1529411764707)",Actinomyces,4,12063
"(1618.2564102564102, 1353.5641025641025)",Rothia,4,12064
"(1616.1125, 1682.3875)",Veillonella,4,12065
"(1618.7197802197802, 1704.3461538461538)",Veillonella,4,12066
"(1616.7037037037037, 1377.8024691358025)",Veillonella,4,12067
"(1617.1728395061727, 1607.2345679012346)",Veillonella,4,12068
"(1618.4561403508771, 738.578947368421)",Veillonella,4,12069
"(1618.2881355932204, 1100.949152542373)",Veillonella,4,12070
"(1619.804347826087, 1189.463768115942)",Actinomyces,4,12071
"(1617.5555555555557, 1489.7619047619048)",Veillonella,4,12073
"(1617.450980392157, 689.5686274509804)",Veillonella,4,12074
"(1618.0714285714287, 862.6734693877551)",Veillonella,4,12075
"(1622.361111111111, 879.675925925926)",Veillonella,4,12076
"(1622.0, 1028.9506726457398)",Rothia,4,12077
"(1621.2390438247012, 1143.6653386454184)",Fusobacterium,4,12078
"(1619.93006993007, 1624.3076923076924)",Veillonella,4,12079
"(1619.2539682539682, 567.2222222222222)",Veillonella,4,12081
"(1620.3, 679.2333333333333)",Veillonella,4,12082
"(1622.3833333333334, 1257.9416666666666)",Actinomyces,4,12084
"(1625.0833333333333, 1505.0576923076924)",Rothia,4,12085
"(1621.627659574468, 1540.723404255319)",Veillonella,4,12086
"(1620.517543859649, 1661.5438596491229)",Veillonella,4,12087
"(1623.3081395348838, 1974.1162790697674)",Veillonella,4,12088
"(1624.9076086956522, 61.266304347826086)",Fusobacterium,4,12089
"(1621.2954545454545, 656.8863636363636)",Veillonella,4,12090
"(1621.2954545454545, 712.7613636363636)",Veillonella,4,12091
"(1626.6666666666667, 1228.9693486590038)",Veillonella,4,12092
"(1620.5652173913043, 1298.136645962733)",Actinomyces,4,12093
"(1623.2900763358778, 1451.328244274809)",Veillonella,4,12094
"(1624.4344827586208, 1940.3379310344828)",Veillonella,4,12095
"(1621.0487804878048, 922.5121951219512)",Veillonella,4,12096
"(1621.6851851851852, 1329.962962962963)",Pasteurellaceae,4,12098
"(1621.7837837837837, 1475.162162162162)",Rothia,4,12099
"(1620.4363636363637, 1875.0)",Veillonella,4,12100
"(1634.4605263157894, 1007.9122807017544)",Veillonella,4,12101
"(1624.7058823529412, 1385.4901960784314)",Veillonella,4,12102
"(1626.541095890411, 1576.8082191780823)",Veillonella,4,12103
"(1622.5434782608695, 1804.75)",Veillonella,4,12104
"(1624.3666666666666, 631.925)",Pasteurellaceae,4,12105
"(1630.0915492957747, 703.112676056338)",Veillonella,4,12106
"(1623.1147540983607, 1639.4918032786886)",Veillonella,4,12109
"(1623.0533333333333, 1888.4133333333334)",Veillonella,4,12110
"(1626.9052631578948, 41.294736842105266)",Rothia,4,12112
"(1627.1243523316061, 509.4300518134715)",Veillonella,4,12113
"(1623.7460317460318, 748.031746031746)",Veillonella,4,12114
"(1627.0696517412935, 803.2636815920398)",Rothia,4,12115
"(1631.591304347826, 984.1260869565217)",Rothia,4,12116
"(1623.5645161290322, 1065.225806451613)",Fusobacterium,4,12117
"(1625.6379310344828, 1177.844827586207)",Rothia,4,12118
"(1624.396551724138, 1369.2241379310344)",Rothia,4,12119
"(1629.5746268656717, 1420.0149253731342)",Rothia,4,12120
"(1625.361111111111, 1829.0069444444443)",Veillonella,4,12121
"(1626.3617021276596, 598.9148936170212)",Veillonella,4,12122
"(1627.5853658536585, 1311.3048780487804)",Pasteurellaceae,4,12123
"(1630.8364779874214, 97.18867924528301)",Fusobacterium,4,12124
"(1626.576923076923, 787.0576923076923)",Rothia,4,12126
"(1627.5714285714287, 1527.3904761904762)",Rothia,4,12127
"(1625.5849056603774, 1720.6792452830189)",Veillonella,4,12128
"(1625.1607142857142, 1736.9107142857142)",Veillonella,4,12129
"(1626.9222222222222, 1748.411111111111)",Veillonella,4,12130
"(1634.4857142857143, 616.6457142857142)",Prevotella,4,12131
"(1629.5754716981132, 934.8867924528302)",Neisseria,4,12132
"(1626.597014925373, 1400.9850746268658)",Rothia,4,12133
"(1631.236111111111, 1869.0277777777778)",Veillonella,4,12134
"(1628.0701754385964, 560.0175438596491)",Veillonella,4,12135
"(1628.4769230769232, 1081.3153846153846)",Veillonella,4,12136
"(1627.7164179104477, 1208.6716417910447)",Saccharibacteria,4,12137
"(1630.4024390243903, 1247.6463414634147)",Fusobacterium,4,12138
"(1631.2919254658384, 1281.5093167701864)",Actinomyces,4,12139
"(1629.1029411764705, 1592.5294117647059)",Veillonella,4,12140
"(1632.783950617284, 1669.5432098765432)",Veillonella,4,12141
"(1627.6036036036037, 1789.009009009009)",Veillonella,4,12142
"(1631.0879120879122, 1845.6373626373627)",Veillonella,4,12143
"(1631.453125, 1902.9322916666667)",Veillonella,4,12144
"(1629.9066666666668, 670.4266666666666)",Veillonella,4,12145
"(1628.7922077922078, 771.4675324675325)",Veillonella,4,12146
"(1630.179487179487, 830.5128205128206)",Veillonella,4,12147
"(1630.1162790697674, 848.3023255813954)",Veillonella,4,12148
"(1633.6853146853148, 1690.9160839160838)",Veillonella,4,12150
"(1631.979797979798, 27.757575757575758)",Rothia,4,12151
"(1637.125748502994, 539.562874251497)",Veillonella,4,12152
"(1631.6145251396647, 727.977653631285)",Veillonella,4,12154
"(1632.2173913043478, 903.6594202898551)",Veillonella,4,12155
"(1629.516129032258, 1469.0967741935483)",Rothia,4,12157
"(1631.9032258064517, 1964.774193548387)",Veillonella,4,12158
"(1635.1625, 495.1125)",Veillonella,4,12159
"(1633.608695652174, 645.5652173913044)",Veillonella,4,12160
"(1631.5757575757575, 865.560606060606)",Veillonella,4,12161
"(1631.7272727272727, 959.6136363636364)",Rothia,4,12162
"(1633.1121495327102, 1606.1495327102805)",Veillonella,4,12165
"(1633.21875, 1711.671875)",Veillonella,4,12166
"(1635.0949367088608, 75.9620253164557)",Rothia,4,12167
"(1632.0288461538462, 1168.0673076923076)",Fusobacterium,4,12168
"(1633.2295081967213, 1646.2622950819673)",Veillonella,4,12169
"(1639.4388185654009, 1950.084388185654)",Veillonella,4,12170
"(1634.4736842105262, 680.3684210526316)",Veillonella,4,12171
"(1634.2371134020618, 1114.8865979381444)",Rothia,4,12172
"(1640.9761904761904, 1434.9345238095239)",Lautropia,4,12173
"(1637.9610389610389, 1631.2727272727273)",Veillonella,4,12174
"(1635.52688172043, 1762.967741935484)",Veillonella,4,12175
"(1637.5378151260504, 969.6806722689075)",Rothia,4,12176
"(1640.5761589403974, 1334.6423841059602)",Actinomyces,4,12177
"(1637.697247706422, 569.5963302752293)",Veillonella,4,12178
"(1636.3076923076924, 1405.3384615384616)",Veillonella,4,12179
"(1637.7954545454545, 56.10606060606061)",Rothia,4,12180
"(1636.5344827586207, 1262.7586206896551)",Actinomyces,4,12182
"(1636.9610389610389, 1304.142857142857)",Veillonella,4,12183
"(1641.2525252525252, 1489.6026936026935)",Rothia,4,12184
"(1639.6415094339623, 1728.7641509433963)",Veillonella,4,12185
"(1636.2467532467533, 1834.935064935065)",Veillonella,4,12186
"(1640.4026845637584, 1056.3087248322147)",Veillonella,4,12187
"(1637.7313432835822, 1126.8507462686566)",Rothia,4,12188
"(1639.993710691824, 1362.301886792453)",Veillonella,4,12189
"(1639.462962962963, 1590.037037037037)",Streptococcus,4,12190
"(1640.2906976744187, 748.1976744186046)",Veillonella,4,12191
"(1638.4313725490197, 816.9607843137255)",Prevotella,4,12192
"(1639.9615384615386, 1547.5615384615385)",Veillonella,4,12193
"(1640.8309859154929, 780.0985915492957)",Veillonella,4,12195
"(1640.0344827586207, 887.8965517241379)",Veillonella,4,12196
"(1640.5875, 1451.1125)",Veillonella,4,12197
"(1639.896551724138, 1798.7931034482758)",Veillonella,4,12198
"(1649.7118055555557, 113.23263888888889)",Fusobacterium,4,12199
"(1643.141414141414, 857.8282828282828)",Veillonella,4,12201
"(1645.9117647058824, 1029.5735294117646)",Veillonella,4,12203
"(1640.9586776859503, 1094.2148760330579)",Rothia,4,12204
"(1640.7115384615386, 1750.75)",Veillonella,4,12205
"(1642.9886363636363, 1462.840909090909)",Veillonella,4,12206
"(1641.6, 1520.95)",Veillonella,4,12207
"(1642.9662921348315, 1647.2134831460673)",Veillonella,4,12208
"(1641.76, 1825.4133333333334)",Veillonella,4,12209
"(1643.6279069767443, 554.8488372093024)",Veillonella,4,12210
"(1644.1842105263158, 767.8947368421053)",Veillonella,4,12211
"(1644.3829787234042, 1069.223404255319)",Veillonella,4,12212
"(1646.5885167464114, 1140.0095693779904)",Fusobacterium,4,12213
"(1644.3253968253969, 1176.4920634920634)",Rothia,4,12214
"(1645.3461538461538, 1577.6346153846155)",Veillonella,4,12215
"(1644.111111111111, 1865.1888888888889)",Veillonella,4,12216
"(1649.1607142857142, 1923.2589285714287)",Veillonella,4,12217
"(1643.5777777777778, 1994.9222222222222)",Fusobacterium,4,12218
"(1648.537037037037, 677.0370370370371)",Veillonella,4,12220
"(1644.4098360655737, 1563.5901639344263)",Veillonella,4,12221
"(1647.6444444444444, 1786.0444444444445)",Veillonella,4,12223
"(1648.9433962264152, 8.566037735849056)",Veillonella,4,12224
"(1648.632, 1155.992)",Rothia,4,12225
"(1648.248322147651, 1676.0805369127518)",Veillonella,4,12226
"(1646.6144578313254, 1775.44578313253)",Veillonella,4,12227
"(1645.55421686747, 38.54216867469879)",Fusobacterium,4,12228
"(1646.958762886598, 83.79381443298969)",Fusobacterium,4,12229
"(1650.6013986013986, 524.0559440559441)",Neisseria,4,12230
"(1647.0777777777778, 704.8777777777777)",Pasteurellaceae,4,12231
"(1646.5094339622642, 718.2830188679245)",Veillonella,4,12232
"(1646.9759036144578, 874.6265060240963)",Veillonella,4,12233
"(1647.9745762711864, 954.1864406779661)",Veillonella,4,12234
"(1645.8271604938273, 1272.4444444444443)",Rothia,4,12235
"(1646.9154929577464, 1420.338028169014)",Saccharibacteria,4,12236
"(1648.314049586777, 1705.4545454545455)",Veillonella,4,12237
"(1650.8671875, 730.28125)",Veillonella,4,12238
"(1648.2162162162163, 801.9459459459459)",Veillonella,4,12239
"(1650.9307692307693, 1618.4384615384615)",Veillonella,4,12240
"(1649.131868131868, 1739.868131868132)",Veillonella,4,12241
"(1649.7719298245613, 648.4912280701755)",Veillonella,4,12242
"(1651.860465116279, 660.8953488372093)",Veillonella,4,12243
"(1648.1948051948052, 904.6103896103896)",Veillonella,4,12244
"(1649.2345679012346, 1808.9012345679012)",Veillonella,4,12245
"(1648.1975308641975, 1972.7530864197531)",Veillonella,4,12246
"(1649.322033898305, 614.3559322033898)",Veillonella,4,12247
"(1649.659090909091, 630.9772727272727)",Neisseria,4,12248
"(1649.0689655172414, 1116.8103448275863)",Rothia,4,12249
"(1652.7075471698113, 1299.9811320754718)",Actinomyces,4,12250
"(1649.7, 1406.06)",Neisseria,4,12251
"(1651.2325581395348, 1904.9147286821706)",Veillonella,4,12252
"(1656.7196261682243, 505.2943925233645)",Rothia,4,12253
"(1649.6538461538462, 755.3653846153846)",Veillonella,4,12254
"(1653.6277372262773, 936.5328467153284)",Veillonella,4,12255
"(1650.2025316455697, 982.6075949367089)",Veillonella,4,12256
"(1650.5094339622642, 1003.9811320754717)",Veillonella,4,12257
"(1650.1311475409836, 1319.5573770491803)",Actinomyces,4,12258
"(1654.3636363636363, 23.068181818181817)",Prevotella,4,12259
"(1652.9777777777779, 788.7111111111111)",Veillonella,4,12260
"(1651.2702702702702, 814.6891891891892)",Veillonella,4,12261
"(1657.632, 834.396)",Veillonella,4,12262
"(1654.3193277310925, 1539.0504201680671)",Veillonella,4,12263
"(1654.0904761904762, 1847.5)",Veillonella,4,12264
"(1651.1847826086957, 1883.2826086956522)",Veillonella,4,12265
"(1651.8311688311687, 596.6363636363636)",Veillonella,4,12266
"(1652.3488372093022, 1345.7209302325582)",Rothia,4,12267
"(1652.911111111111, 1596.4777777777779)",Veillonella,4,12268
"(1654.076923076923, 919.1868131868132)",Veillonella,4,12270
"(1654.3483146067415, 1086.6179775280898)",Veillonella,4,12271
"(1659.6871794871795, 1478.9435897435897)",Fusobacterium,4,12272
"(1654.9605263157894, 1503.4605263157894)",Veillonella,4,12273
"(1653.9823008849557, 1519.2477876106195)",Veillonella,4,12274
"(1652.3846153846155, 1758.7307692307693)",Veillonella,4,12275
"(1657.44776119403, 1947.915422885572)",Veillonella,4,12276
"(1657.6328125, 1104.4609375)",Veillonella,4,12278
"(1653.9444444444443, 1984.4027777777778)",Veillonella,4,12279
"(1655.7474747474748, 562.7575757575758)",Veillonella,4,12280
"(1658.168, 890.92)",Veillonella,4,12282
"(1656.6960784313726, 970.3039215686274)",Veillonella,4,12283
"(1657.439024390244, 1171.2073170731708)",Fusobacterium,4,12284
"(1657.3125, 1365.5714285714287)",Veillonella,4,12286
"(1661.8402777777778, 1558.375)",Veillonella,4,12287
"(1656.0786516853932, 50.640449438202246)",Veillonella,4,12288
"(1659.9674796747968, 69.3089430894309)",Rothia,4,12289
"(1657.4098360655737, 740.1311475409836)",Veillonella,4,12290
"(1658.1587301587301, 752.5714285714286)",Neisseria,4,12291
"(1655.741935483871, 1444.258064516129)",Veillonella,4,12293
"(1663.513422818792, 583.0671140939597)",Veillonella,4,12294
"(1657.4827586206898, 1050.1724137931035)",Veillonella,4,12295
"(1658.6, 1824.4615384615386)",Veillonella,4,12296
"(1659.0681818181818, 1280.4545454545455)",Veillonella,4,12297
"(1658.433734939759, 1796.8192771084337)",Veillonella,4,12298
"(1657.2745098039215, 1866.4117647058824)",Veillonella,4,12299
"(1663.016129032258, 1894.3629032258063)",Veillonella,4,12300
"(1662.3720930232557, 35.27906976744186)",Prevotella,4,12301
"(1661.6666666666667, 85.54166666666667)",Fusobacterium,4,12302
"(1664.9160839160838, 546.2727272727273)",Veillonella,4,12303
"(1659.474358974359, 1126.820512820513)",Rothia,4,12304
"(1659.054054054054, 1771.1891891891892)",Veillonella,4,12307
"(1661.76, 691.16)",Veillonella,4,12308
"(1663.1932773109243, 766.2436974789916)",Veillonella,4,12309
"(1660.979381443299, 1329.3505154639174)",Actinomyces,4,12310
"(1660.1176470588234, 1962.6274509803923)",Veillonella,4,12312
"(1664.3879310344828, 130.07758620689654)",Rothia,4,12313
"(1661.8470588235293, 674.8352941176471)",Veillonella,4,12314
"(1660.9655172413793, 715.2413793103449)",Veillonella,4,12316
"(1661.1304347826087, 1429.3478260869565)",Veillonella,4,12317
"(1669.3870967741937, 1488.1612903225807)",Fusobacterium,4,12318
"(1666.2324324324325, 1645.6054054054055)",Veillonella,4,12319
"(1660.9272727272728, 1689.490909090909)",Veillonella,4,12320
"(1664.2371794871794, 1723.9551282051282)",Veillonella,4,12321
"(1673.94140625, 1882.13671875)",Veillonella,4,12322
"(1665.79375, 1068.675)",Veillonella,4,12323
"(1661.8939393939395, 1393.0151515151515)",Neisseria,4,12324
"(1664.9621212121212, 1414.2727272727273)",Rothia,4,12325
"(1662.4761904761904, 1577.0357142857142)",Veillonella,4,12326
"(1668.23417721519, 12.158227848101266)",Rothia,4,12327
"(1664.1006711409395, 612.3557046979865)",Veillonella,4,12328
"(1662.5263157894738, 781.7368421052631)",Veillonella,4,12329
"(1663.1707317073171, 798.560975609756)",Veillonella,4,12330
"(1667.0375939849623, 868.9624060150376)",Veillonella,4,12331
"(1665.2626262626263, 1001.4242424242424)",Veillonella,4,12332
"(1661.701754385965, 1701.9649122807018)",Neisseria,4,12333
"(1664.804347826087, 1989.0108695652175)",Veillonella,4,12334
"(1663.7027027027027, 636.0900900900901)",Veillonella,4,12335
"(1665.8085106382978, 1180.3191489361702)",Fusobacterium,4,12336
"(1664.9868421052631, 1509.1842105263158)",Veillonella,4,12337
"(1665.1627906976744, 1744.6744186046512)",Veillonella,4,12338
"(1663.549019607843, 1759.3725490196077)",Veillonella,4,12339
"(1669.2272727272727, 908.6212121212121)",Veillonella,4,12341
"(1666.5454545454545, 1116.2121212121212)",Veillonella,4,12342
"(1664.5855855855855, 1146.837837837838)",Rothia,4,12343
"(1669.3588235294117, 1605.4176470588236)",Veillonella,4,12344
"(1667.6760563380283, 1672.1690140845071)",Veillonella,4,12345
"(1665.6530612244899, 1224.438775510204)",Actinomyces,4,12346
"(1667.0853658536585, 1353.5731707317073)",Fusobacterium,4,12347
"(1666.42, 1632.5)",Veillonella,4,12348
"(1668.140625, 740.90625)",Veillonella,4,12349
"(1673.2102272727273, 850.8920454545455)",Veillonella,4,12350
"(1667.5903614457832, 927.9156626506024)",Veillonella,4,12351
"(1667.5816326530612, 953.3979591836735)",Veillonella,4,12352
"(1667.36, 1263.96)",Lautropia,4,12353
"(1666.509090909091, 1312.9272727272728)",Rothia,4,12354
"(1667.0555555555557, 1590.1888888888889)",Veillonella,4,12355
"(1668.5223880597016, 1620.7910447761194)",Veillonella,4,12356
"(1666.88, 1811.48)",Veillonella,4,12357
"(1672.260162601626, 1908.2113821138212)",Veillonella,4,12358
"(1675.389090909091, 109.55636363636364)",Fusobacterium,4,12359
"(1669.9318181818182, 653.6931818181819)",Veillonella,4,12360
"(1670.69918699187, 809.6260162601626)",Veillonella,4,12361
"(1670.0550458715597, 1458.7798165137615)",Rothia,4,12362
"(1672.1287128712872, 517.9702970297029)",Veillonella,4,12363
"(1672.0196078431372, 1164.4705882352941)",Fusobacterium,4,12364
"(1670.2613636363637, 1443.7045454545455)",Rothia,4,12365
"(1671.3563218390805, 1288.5747126436781)",Veillonella,4,12368
"(1670.7605633802816, 1401.605633802817)",Actinomyces,4,12369
"(1672.4718309859154, 1534.894366197183)",Veillonella,4,12370
"(1672.1363636363637, 1837.8484848484848)",Veillonella,4,12371
"(1674.8560606060605, 55.484848484848484)",Fusobacterium,4,12372
"(1673.1851851851852, 718.0648148148148)",Pasteurellaceae,4,12373
"(1672.0172413793102, 733.2068965517242)",Veillonella,4,12374
"(1673.6758620689654, 1045.1724137931035)",Veillonella,4,12375
"(1674.4942528735633, 1323.5862068965516)",Fusobacterium,4,12376
"(1673.2467532467533, 1342.935064935065)",Fusobacterium,4,12377
"(1672.5121951219512, 1472.060975609756)",Fusobacterium,4,12378
"(1678.2543352601156, 1939.9826589595375)",Veillonella,4,12380
"(1673.7123287671234, 788.4931506849315)",Neisseria,4,12382
"(1675.024193548387, 1095.3709677419354)",Veillonella,4,12383
"(1673.0166666666667, 1757.0833333333333)",Veillonella,4,12385
"(1677.3831775700935, 532.6728971962617)",Veillonella,4,12387
"(1677.0357142857142, 1381.5416666666667)",Fusobacterium,4,12389
"(1676.1067415730338, 1798.4831460674156)",Veillonella,4,12390
"(1675.6190476190477, 90.76190476190476)",Fusobacterium,4,12392
"(1676.962962962963, 939.3086419753087)",Veillonella,4,12393
"(1681.3503184713377, 1189.1656050955414)",Fusobacterium,4,12394
"(1674.9469026548672, 1693.6637168141592)",Veillonella,4,12395
"(1675.8842105263159, 831.578947368421)",Veillonella,4,12396
"(1676.9397590361446, 980.5301204819277)",Veillonella,4,12397
"(1676.320987654321, 1859.3333333333333)",Veillonella,4,12398
"(1677.631067961165, 144.48543689320388)",Fusobacterium,4,12399
"(1680.8608695652174, 617.8869565217391)",Pasteurellaceae,4,12400
"(1676.622807017544, 689.3333333333334)",Veillonella,4,12401
"(1679.4301075268818, 780.6881720430108)",Neisseria,4,12402
"(1678.178947368421, 73.66315789473684)",Rothia,4,12403
"(1678.686567164179, 630.6567164179105)",Pasteurellaceae,4,12404
"(1678.9473684210527, 642.3157894736842)",Veillonella,4,12405
"(1682.3880597014925, 762.1343283582089)",Veillonella,4,12406
"(1678.4035087719299, 996.8421052631579)",Veillonella,4,12407
"(1679.1931818181818, 1147.0454545454545)",Rothia,4,12409
"(1678.9142857142858, 1276.0)",Rothia,4,12410
"(1679.2735849056603, 1428.9811320754718)",Rothia,4,12411
"(1680.4305555555557, 1297.8472222222222)",Actinomyces,4,12412
"(1679.1938775510205, 1518.6734693877552)",Rothia,4,12413
"(1681.110294117647, 1778.2941176470588)",Veillonella,4,12415
"(1682.5104166666667, 1818.8541666666667)",Veillonella,4,12416
"(1680.063829787234, 1983.936170212766)",Veillonella,4,12417
"(1679.5, 559.3636363636364)",Pasteurellaceae,4,12418
"(1682.888888888889, 889.1717171717172)",Veillonella,4,12419
"(1682.450867052023, 1365.5375722543354)",Fusobacterium,4,12420
"(1681.3617021276596, 1926.212765957447)",Capnocytophaga,4,12422
"(1687.5180722891566, 488.5100401606426)",Neisseria,4,12423
"(1684.0978260869565, 507.6630434782609)",Veillonella,4,12424
"(1684.6407766990292, 572.2912621359224)",Veillonella,4,12425
"(1681.3968253968253, 664.2380952380952)",Neisseria,4,12426
"(1682.0280373831777, 1072.1214953271028)",Veillonella,4,12427
"(1679.9818181818182, 1551.7454545454545)",Rothia,4,12428
"(1688.8827160493827, 86.50617283950618)",Fusobacterium,4,12430
"(1682.1864406779662, 673.3389830508474)",Veillonella,4,12431
"(1683.041095890411, 820.2054794520548)",Veillonella,4,12432
"(1681.686274509804, 876.2549019607843)",Veillonella,4,12433
"(1686.8471337579617, 1670.904458598726)",Veillonella,4,12434
"(1684.3225806451612, 135.40322580645162)",Fusobacterium,4,12435
"(1683.4788732394366, 747.943661971831)",Veillonella,4,12436
"(1681.888888888889, 956.3518518518518)",Veillonella,4,12437
"(1684.8641975308642, 1105.8395061728395)",Veillonella,4,12438
"(1682.5555555555557, 1178.2222222222222)",Fusobacterium,4,12439
"(1684.5487804878048, 1263.939024390244)",Actinomyces,4,12440
"(1686.0869565217392, 1585.3739130434783)",Veillonella,4,12441
"(1688.6050420168067, 11.672268907563025)",Fusobacterium,4,12442
"(1687.3142857142857, 592.45)",Veillonella,4,12443
"(1684.472972972973, 1330.6891891891892)",Actinomyces,4,12444
"(1686.4157303370787, 1353.1011235955057)",Fusobacterium,4,12445
"(1683.7444444444445, 1407.3111111111111)",Lautropia,4,12446
"(1682.9855072463768, 1567.2028985507247)",Veillonella,4,12447
"(1684.0149253731342, 1638.5373134328358)",Veillonella,4,12448
"(1689.5309734513273, 1725.3141592920354)",Veillonella,4,12449
"(1694.8468085106383, 165.37446808510637)",Fusobacterium,4,12450
"(1685.2407407407406, 920.4444444444445)",Veillonella,4,12453
"(1686.281690140845, 30.3943661971831)",Fusobacterium,4,12454
"(1687.4202898550725, 606.2173913043479)",Veillonella,4,12455
"(1688.4770642201836, 702.4678899082569)",Veillonella,4,12456
"(1686.9411764705883, 735.4705882352941)",Veillonella,4,12457
"(1686.128205128205, 966.4487179487179)",Veillonella,4,12459
"(1688.2561983471073, 1160.0)",Rothia,4,12460
"(1687.6078431372548, 1248.1568627450981)",Actinomyces,4,12461
"(1688.4264705882354, 1319.3529411764705)",Actinomyces,4,12462
"(1686.3285714285714, 1461.3714285714286)",Veillonella,4,12463
"(1692.3874643874644, 1618.823361823362)",Veillonella,4,12464
"(1686.8602150537633, 1699.8924731182797)",Veillonella,4,12465
"(1689.6379310344828, 521.5172413793103)",Veillonella,4,12466
"(1686.8701298701299, 1201.5584415584415)",Saccharibacteria,4,12467
"(1691.6705882352942, 1485.235294117647)",Fusobacterium,4,12468
"(1686.8166666666666, 1868.6333333333334)",Veillonella,4,12470
"(1692.1666666666667, 721.8611111111111)",Pasteurellaceae,4,12471
"(1690.09, 907.33)",Veillonella,4,12472
"(1688.8247422680413, 1761.9484536082475)",Veillonella,4,12473
"(1693.31843575419, 1425.6536312849162)",Veillonella,4,12474
"(1687.7924528301887, 1446.4528301886792)",Rothia,4,12475
"(1691.2843137254902, 1507.0294117647059)",Veillonella,4,12476
"(1689.313432835821, 1652.686567164179)",Veillonella,4,12477
"(1689.7432432432433, 1910.6891891891892)",Veillonella,4,12478
"(1696.4372294372295, 41.76623376623377)",Fusobacterium,4,12479
"(1690.06, 123.44)",Fusobacterium,4,12480
"(1692.4476190476191, 992.9095238095238)",Veillonella,4,12481
"(1691.225806451613, 1285.247311827957)",Actinomyces,4,12482
"(1691.6060606060605, 59.34848484848485)",Fusobacterium,4,12484
"(1691.8367346938776, 839.3469387755102)",Veillonella,4,12485
"(1692.4948453608247, 948.2061855670103)",Veillonella,4,12486
"(1692.8597560975609, 1036.408536585366)",Veillonella,4,12487
"(1691.078125, 1088.0625)",Veillonella,4,12488
"(1691.8358208955224, 1596.5671641791046)",Veillonella,4,12490
"(1690.6727272727273, 1686.8363636363636)",Veillonella,4,12491
"(1691.1754385964912, 1792.3859649122808)",Veillonella,4,12492
"(1693.029702970297, 1834.148514851485)",Veillonella,4,12493
"(1695.0135135135135, 95.16216216216216)",Fusobacterium,4,12494
"(1693.219512195122, 552.520325203252)",Veillonella,4,12495
"(1693.0677966101696, 637.271186440678)",Veillonella,4,12496
"(1692.6470588235295, 654.3333333333334)",Veillonella,4,12497
"(1691.076923076923, 683.4769230769231)",Veillonella,4,12498
"(1695.396449704142, 1525.378698224852)",Rothia,4,12499
"(1695.1953125, 1542.8671875)",Veillonella,4,12500
"(1698.9126984126983, 1928.3015873015872)",Veillonella,4,12501
"(1693.4096385542168, 856.3373493975904)",Veillonella,4,12503
"(1695.041095890411, 891.0)",Veillonella,4,12504
"(1694.6338028169014, 71.77464788732394)",Fusobacterium,4,12505
"(1693.8714285714286, 114.72857142857143)",Fusobacterium,4,12506
"(1696.4583333333333, 774.0208333333334)",Veillonella,4,12507
"(1700.4855072463768, 874.6159420289855)",Veillonella,4,12508
"(1694.7586206896551, 1394.8275862068965)",Neisseria,4,12509
"(1695.025974025974, 1575.3636363636363)",Veillonella,4,12510
"(1695.1333333333334, 1892.7333333333333)",Veillonella,4,12511
"(1695.0, 621.6533333333333)",Neisseria,4,12512
"(1693.9122807017543, 1017.7719298245614)",Veillonella,4,12513
"(1700.0223880597016, 1176.3955223880596)",Rothia,4,12515
"(1697.3142857142857, 1307.4285714285713)",Rothia,4,12516
"(1694.873015873016, 1949.888888888889)",Veillonella,4,12518
"(1697.0365853658536, 930.7682926829268)",Veillonella,4,12519
"(1697.6538461538462, 1052.5096153846155)",Veillonella,4,12520
"(1696.1612903225807, 1256.0806451612902)",Pasteurellaceae,4,12521
"(1695.625, 1863.107142857143)",Veillonella,4,12522
"(1697.9782608695652, 583.6195652173913)",Veillonella,4,12524
"(1699.1456310679612, 807.5631067961165)",Veillonella,4,12525
"(1698.1012658227849, 1556.8101265822784)",Veillonella,4,12527
"(1698.142857142857, 1745.8241758241759)",Veillonella,4,12528
"(1697.6666666666667, 1069.9333333333334)",Rothia,4,12530
"(1698.8235294117646, 139.11764705882354)",Fusobacterium,4,12532
"(1698.8958333333333, 750.25)",Veillonella,4,12533
"(1699.2247191011236, 787.8988764044943)",Veillonella,4,12534
"(1699.6493506493507, 1280.7792207792209)",Rothia,4,12535
"(1699.9855072463768, 1882.7971014492753)",Veillonella,4,12536
"(1701.622807017544, 1197.8508771929824)",Pasteurellaceae,4,12538
"(1701.8833333333334, 1332.8166666666666)",Rothia,4,12540
"(1700.3055555555557, 1656.486111111111)",Veillonella,4,12541
"(1703.0595238095239, 154.3452380952381)",Rothia,4,12542
"(1702.280701754386, 1130.561403508772)",Veillonella,4,12543
"(1701.7323943661972, 1452.2887323943662)",Veillonella,4,12544
"(1708.2222222222222, 1705.438596491228)",Veillonella,4,12545
"(1701.5394736842106, 1802.2236842105262)",Veillonella,4,12546
"(1701.9157303370787, 1818.191011235955)",Veillonella,4,12547
"(1701.9642857142858, 1941.5238095238096)",Veillonella,4,12548
"(1711.0704225352113, 10.985915492957746)",Rothia,4,12549
"(1703.3411764705882, 24.341176470588234)",Rothia,4,12550
"(1703.072463768116, 1097.2173913043478)",Veillonella,4,12551
"(1702.5616438356165, 1146.027397260274)",Veillonella,4,12552
"(1705.4851485148515, 1321.7326732673268)",Fusobacterium,4,12553
"(1701.0333333333333, 1769.0)",Veillonella,4,12555
"(1701.6507936507937, 1847.3809523809523)",Veillonella,4,12556
"(1704.3305084745762, 1908.7796610169491)",Veillonella,4,12558
"(1704.6521739130435, 506.8623188405797)",Rothia,4,12559
"(1705.1060606060605, 936.0454545454545)",Neisseria,4,12560
"(1709.459595959596, 1347.5353535353536)",Veillonella,4,12561
"(1703.2777777777778, 1411.736111111111)",Veillonella,4,12562
"(1704.608695652174, 1690.4239130434783)",Veillonella,4,12563
"(1706.2413793103449, 89.44827586206897)",Fusobacterium,4,12564
"(1706.106796116505, 610.2621359223301)",Veillonella,4,12565
"(1703.0588235294117, 903.4705882352941)",Veillonella,4,12567
"(1708.327380952381, 924.7142857142857)",Veillonella,4,12568
"(1704.4625, 1086.575)",Veillonella,4,12569
"(1703.2133333333334, 1163.1333333333334)",Rothia,4,12570
"(1707.5737704918033, 693.0655737704918)",Pasteurellaceae,4,12574
"(1706.054347826087, 706.3804347826087)",Neisseria,4,12575
"(1705.9080459770114, 732.2988505747127)",Veillonella,4,12576
"(1706.0, 1545.4)",Veillonella,4,12577
"(1708.5409836065573, 1784.622950819672)",Veillonella,4,12578
"(1706.1267605633802, 953.1971830985915)",Veillonella,4,12583
"(1707.4273504273503, 1003.5470085470085)",Veillonella,4,12584
"(1707.8783783783783, 1114.3648648648648)",Veillonella,4,12585
"(1710.4166666666667, 1593.6923076923076)",Veillonella,4,12586
"(1708.1634615384614, 60.04807692307692)",Rothia,4,12587
"(1708.0533333333333, 490.3333333333333)",Rothia,4,12588
"(1707.698795180723, 541.6024096385543)",Veillonella,4,12589
"(1709.4157303370787, 595.8876404494382)",Veillonella,4,12590
"(1706.4545454545455, 654.1454545454545)",Veillonella,4,12591
"(1707.1785714285713, 1216.3392857142858)",Actinomyces,4,12592
"(1708.5040650406504, 1476.2032520325204)",Veillonella,4,12593
"(1706.5797101449275, 1494.3333333333333)",Veillonella,4,12594
"(1706.3826086956522, 1965.5478260869565)",Veillonella,4,12596
"(1706.86, 112.32)",Fusobacterium,4,12597
"(1708.5822784810127, 124.9493670886076)",Fusobacterium,4,12598
"(1707.7868852459017, 576.5081967213115)",Pasteurellaceae,4,12599
"(1709.3058823529411, 665.964705882353)",Veillonella,4,12600
"(1709.4301075268818, 859.5376344086021)",Veillonella,4,12601
"(1709.165137614679, 1023.3119266055046)",Veillonella,4,12602
"(1709.1625, 1520.025)",Rothia,4,12603
"(1710.0537634408602, 101.60215053763442)",Fusobacterium,4,12604
"(1713.385026737968, 188.475935828877)",Fusobacterium,4,12605
"(1714.8050314465409, 1293.446540880503)",Rothia,4,12606
"(1713.0, 1510.2025316455697)",Rothia,4,12608
"(1709.8823529411766, 1644.1911764705883)",Veillonella,4,12609
"(1711.79, 524.65)",Rothia,4,12610
"(1713.703947368421, 754.2697368421053)",Veillonella,4,12611
"(1713.1553398058252, 771.1067961165048)",Veillonella,4,12612
"(1710.7536231884058, 1573.5652173913043)",Veillonella,4,12613
"(1712.0181818181818, 899.4181818181818)",Veillonella,4,12614
"(1711.729411764706, 1060.8235294117646)",Veillonella,4,12615
"(1714.3630952380952, 1396.3333333333333)",Veillonella,4,12617
"(1712.5492957746478, 1608.7042253521126)",Veillonella,4,12618
"(1711.4415584415585, 1735.1818181818182)",Veillonella,4,12619
"(1713.4285714285713, 1854.8333333333333)",Veillonella,4,12620
"(1714.6408450704225, 791.6619718309859)",Veillonella,4,12622
"(1713.603448275862, 1367.1637931034484)",Veillonella,4,12624
"(1711.7272727272727, 1383.5272727272727)",Veillonella,4,12625
"(1713.3495145631068, 1426.893203883495)",Veillonella,4,12626
"(1711.2833333333333, 1553.7333333333333)",Veillonella,4,12627
"(1713.1153846153845, 79.17307692307692)",Fusobacterium,4,12628
"(1718.0806451612902, 1539.024193548387)",Veillonella,4,12629
"(1714.4033613445379, 1662.6470588235295)",Veillonella,4,12630
"(1713.8961038961038, 1679.1168831168832)",Veillonella,4,12631
"(1715.3418803418804, 1891.2393162393162)",Veillonella,4,12632
"(1716.920792079208, 675.5445544554456)",Veillonella,4,12633
"(1713.4117647058824, 820.5735294117648)",Veillonella,4,12634
"(1721.9052631578948, 1450.1473684210525)",Rothia,4,12636
"(1715.046357615894, 1762.4701986754967)",Veillonella,4,12637
"(1715.8, 133.3)",Fusobacterium,4,12638
"(1718.835294117647, 1163.4882352941177)",Veillonella,4,12639
"(1719.3820224719102, 1638.6741573033707)",Veillonella,4,12642
"(1714.8166666666666, 1720.8333333333333)",Veillonella,4,12643
"(1714.4655172413793, 1748.344827586207)",Veillonella,4,12644
"(1714.2068965517242, 1873.603448275862)",Veillonella,4,12646
"(1717.2602739726028, 566.6164383561644)",Veillonella,4,12647
"(1718.2614379084966, 837.6993464052288)",Veillonella,4,12648
"(1715.6833333333334, 1995.1)",Fusobacterium,4,12649
"(1726.1184834123223, 498.91469194312793)",Rothia,4,12650
"(1718.0594059405942, 628.1287128712871)",Veillonella,4,12651
"(1720.3898305084747, 884.5932203389831)",Veillonella,4,12652
"(1718.2714285714285, 917.1857142857143)",Veillonella,4,12653
"(1718.5, 961.054347826087)",Veillonella,4,12654
"(1717.4761904761904, 1048.2738095238096)",Veillonella,4,12655
"(1716.9607843137255, 1100.9803921568628)",Veillonella,4,12656
"(1718.7841726618706, 1201.431654676259)",Veillonella,4,12657
"(1717.1037735849056, 1799.0754716981132)",Veillonella,4,12658
"(1718.1826923076924, 1981.7211538461538)",Rothia,4,12660
"(1717.514705882353, 32.544117647058826)",Fusobacterium,4,12661
"(1718.26582278481, 47.68354430379747)",Rothia,4,12662
"(1721.3037974683543, 586.7088607594936)",Veillonella,4,12664
"(1721.3655913978494, 1525.8924731182797)",Veillonella,4,12665
"(1722.2969696969697, 1619.5757575757575)",Veillonella,4,12666
"(1718.7666666666667, 1928.1333333333334)",Veillonella,4,12667
"(1717.4857142857143, 1937.7142857142858)",Veillonella,4,12668
"(1721.2166666666667, 24.016666666666666)",Fusobacterium,4,12669
"(1721.7903225806451, 119.37096774193549)",Fusobacterium,4,12670
"(1719.6744186046512, 646.5)",Veillonella,4,12671
"(1720.1142857142856, 807.4571428571429)",Veillonella,4,12672
"(1723.7043010752689, 1410.7956989247311)",Veillonella,4,12673
"(1721.7578947368422, 1500.4315789473685)",Veillonella,4,12674
"(1720.8208955223881, 1912.910447761194)",Veillonella,4,12675
"(1722.8012422360248, 731.27950310559)",Veillonella,4,12676
"(1723.8778625954199, 939.7709923664122)",Rothia,4,12677
"(1720.8641975308642, 1122.4197530864199)",Veillonella,4,12678
"(1720.4155844155844, 1144.3636363636363)",Veillonella,4,12679
"(1720.439393939394, 1218.3484848484848)",Pasteurellaceae,4,12680
"(1721.5316455696202, 1277.139240506329)",Prevotella,4,12681
"(1721.625, 1811.7272727272727)",Veillonella,4,12682
"(1722.283950617284, 1867.4444444444443)",Veillonella,4,12683
"(1726.1989528795812, 150.37696335078533)",Fusobacterium,4,12684
"(1723.1162790697674, 165.80232558139534)",Rothia,4,12685
"(1721.559633027523, 204.06422018348624)",Rothia,4,12686
"(1722.3578947368421, 482.2842105263158)",Rothia,4,12687
"(1720.0, 1000.703125)",Veillonella,4,12689
"(1722.0, 1068.0645161290322)",Veillonella,4,12690
"(1726.4758620689656, 1081.2413793103449)",Veillonella,4,12691
"(1725.1341463414635, 1774.341463414634)",Veillonella,4,12692
"(1724.3882352941177, 619.9058823529411)",Veillonella,4,12694
"(1726.3354838709677, 856.7935483870967)",Veillonella,4,12695
"(1724.5753424657535, 1312.7534246575342)",Rothia,4,12697
"(1729.5844155844156, 1963.1103896103896)",Fusobacterium,4,12698
"(1725.1744186046512, 519.9767441860465)",Rothia,4,12699
"(1722.6125, 1473.9)",Rothia,4,12701
"(1724.7522123893805, 1588.283185840708)",Veillonella,4,12702
"(1723.551724137931, 1841.051724137931)",Veillonella,4,12703
"(1730.4220183486239, 64.0045871559633)",Fusobacterium,4,12704
"(1723.7931034482758, 80.01724137931035)",Fusobacterium,4,12705
"(1725.1258741258741, 1698.2937062937062)",Veillonella,4,12707
"(1724.5576923076924, 692.0769230769231)",Pasteurellaceae,4,12708
"(1726.7701149425288, 1031.896551724138)",Veillonella,4,12709
"(1728.1605839416059, 1331.5182481751824)",Rothia,4,12710
"(1728.0338983050847, 1658.2542372881355)",Veillonella,4,12711
"(1728.0549450549452, 1878.010989010989)",Neisseria,4,12712
"(1732.642857142857, 10.584415584415584)",Fusobacterium,4,12713
"(1732.6988847583643, 541.2899628252788)",Veillonella,4,12714
"(1727.357142857143, 764.3214285714286)",Veillonella,4,12716
"(1725.4492753623188, 985.7101449275362)",Fusobacterium,4,12718
"(1725.4375, 1108.75)",Neisseria,4,12719
"(1731.016304347826, 1443.3315217391305)",Rothia,4,12721
"(1726.5974025974026, 1488.5974025974026)",Veillonella,4,12722
"(1726.5735294117646, 1902.0588235294117)",Veillonella,4,12723
"(1728.0172413793102, 90.74137931034483)",Rothia,4,12724
"(1727.5955056179776, 605.685393258427)",Veillonella,4,12725
"(1733.5737704918033, 658.3852459016393)",Veillonella,4,12726
"(1734.1868131868132, 1231.5879120879122)",Rothia,4,12727
"(1726.5925925925926, 1351.5555555555557)",Veillonella,4,12728
"(1729.784, 216.448)",Rothia,4,12730
"(1727.704081632653, 799.030612244898)",Veillonella,4,12731
"(1728.530303030303, 1300.439393939394)",Rothia,4,12732
"(1728.436170212766, 1726.6489361702127)",Veillonella,4,12733
"(1732.438202247191, 1825.7303370786517)",Veillonella,4,12734
"(1730.7272727272727, 708.9818181818182)",Veillonella,4,12735
"(1729.2156862745098, 1570.5392156862745)",Veillonella,4,12736
"(1730.9444444444443, 40.233333333333334)",Rothia,4,12737
"(1736.3823529411766, 822.2764705882353)",Veillonella,4,12738
"(1734.5813953488373, 971.7383720930233)",Selenomonas,4,12739
"(1729.9268292682927, 1371.8292682926829)",Veillonella,4,12740
"(1731.6396396396397, 1678.900900900901)",Veillonella,4,12741
"(1730.474358974359, 1947.7179487179487)",Fusobacterium,4,12742
"(1741.6493506493507, 900.047619047619)",Veillonella,4,12744
"(1731.3260869565217, 1207.9565217391305)",Veillonella,4,12745
"(1735.6050420168067, 1385.0756302521008)",Veillonella,4,12746
"(1732.5393258426966, 1603.741573033708)",Veillonella,4,12747
"(1733.1639344262296, 1787.6147540983607)",Veillonella,4,12748
"(1733.097014925373, 182.8507462686567)",Veillonella,4,12749
"(1731.657894736842, 682.3815789473684)",Veillonella,4,12751
"(1731.8101265822784, 1004.0886075949367)",Fusobacterium,4,12752
"(1733.2894736842106, 1519.842105263158)",Veillonella,4,12755
"(1732.0681818181818, 565.6818181818181)",Veillonella,4,12756
"(1733.5744680851064, 1046.223404255319)",Veillonella,4,12757
"(1732.7123287671234, 1634.3287671232877)",Veillonella,4,12758
"(1733.7027027027027, 1760.9594594594594)",Veillonella,4,12759
"(1734.0985915492959, 1841.4084507042253)",Veillonella,4,12760
"(1737.6612903225807, 582.2983870967741)",Veillonella,4,12761
"(1734.7534246575342, 778.5616438356165)",Veillonella,4,12762
"(1739.041095890411, 1558.1575342465753)",Neisseria,4,12763
"(1734.5217391304348, 1736.7717391304348)",Veillonella,4,12764
"(1736.8333333333333, 1926.5555555555557)",Veillonella,4,12765
"(1733.2432432432433, 1986.2972972972973)",Fusobacterium,4,12766
"(1736.3068181818182, 136.13636363636363)",Fusobacterium,4,12767
"(1736.0694444444443, 637.6944444444445)",Veillonella,4,12768
"(1740.8950276243095, 1091.9779005524863)",Veillonella,4,12769
"(1737.111111111111, 1135.037037037037)",Neisseria,4,12770
"(1737.8488372093022, 1197.3139534883721)",Rothia,4,12771
"(1741.7853658536585, 1303.770731707317)",Rothia,4,12772
"(1738.5357142857142, 1806.75)",Veillonella,4,12773
"(1734.5633802816901, 479.943661971831)",Rothia,4,12775
"(1738.890052356021, 941.7225130890052)",Rothia,4,12776
"(1738.547619047619, 1285.6309523809523)",Rothia,4,12777
"(1739.5714285714287, 118.64285714285714)",Fusobacterium,4,12779
"(1737.0714285714287, 879.3928571428571)",Veillonella,4,12780
"(1740.1875, 1340.6964285714287)",Rothia,4,12781
"(1738.360465116279, 1417.1279069767443)",Veillonella,4,12782
"(1742.7, 1506.7)",Veillonella,4,12783
"(1738.9761904761904, 1537.095238095238)",Veillonella,4,12784
"(1738.7590361445782, 1646.44578313253)",Veillonella,4,12785
"(1737.3368421052633, 1712.7684210526315)",Veillonella,4,12787
"(1739.1081081081081, 197.95945945945945)",Neisseria,4,12788
"(1737.44, 742.52)",Veillonella,4,12790
"(1743.2290076335878, 990.7557251908397)",Veillonella,4,12791
"(1738.16, 1023.6)",Veillonella,4,12792
"(1742.291390728477, 1069.6556291390727)",Veillonella,4,12793
"(1742.9447852760736, 229.41717791411043)",Rothia,4,12796
"(1740.2727272727273, 246.9318181818182)",Rothia,4,12797
"(1738.8059701492537, 1394.3432835820895)",Veillonella,4,12799
"(1742.9947643979058, 1478.4921465968587)",Veillonella,4,12800
"(1740.482142857143, 1823.0714285714287)",Veillonella,4,12801
"(1740.3557692307693, 1855.673076923077)",Veillonella,4,12802
"(1741.2745098039215, 1890.049019607843)",Veillonella,4,12803
"(1740.7205882352941, 29.0)",Rothia,4,12804
"(1744.0349650349651, 84.7972027972028)",Fusobacterium,4,12805
"(1741.5833333333333, 212.25)",Prevotella,4,12806
"(1742.8372093023256, 515.6569767441861)",Rothia,4,12807
"(1741.2068965517242, 598.6034482758621)",Veillonella,4,12808
"(1741.9586776859503, 617.5619834710744)",Veillonella,4,12809
"(1739.9885057471265, 694.1379310344828)",Pasteurellaceae,4,12810
"(1742.9173553719008, 1117.5702479338843)",Veillonella,4,12811
"(1742.8130841121495, 1403.7009345794393)",Veillonella,4,12812
"(1743.1650485436894, 469.1067961165049)",Rothia,4,12814
"(1742.659090909091, 793.6477272727273)",Veillonella,4,12817
"(1743.7534246575342, 1350.5342465753424)",Rothia,4,12819
"(1748.9752650176679, 1625.3886925795052)",Veillonella,4,12820
"(1744.0714285714287, 673.7222222222222)",Veillonella,4,12821
"(1743.4025974025974, 728.1558441558442)",Veillonella,4,12822
"(1745.1028037383178, 757.8971962616822)",Veillonella,4,12823
"(1748.5431034482758, 871.6034482758621)",Veillonella,4,12824
"(1745.3152173913043, 158.79347826086956)",Veillonella,4,12827
"(1743.6026490066224, 854.5033112582781)",Veillonella,4,12828
"(1743.12, 1218.45)",Rothia,4,12829
"(1747.3025210084033, 1653.9663865546217)",Veillonella,4,12830
"(1744.2903225806451, 1872.3763440860216)",Veillonella,4,12831
"(1747.944055944056, 555.4615384615385)",Pasteurellaceae,4,12832
"(1750.1473684210525, 775.7105263157895)",Veillonella,4,12833
"(1744.2837837837837, 1752.1486486486488)",Veillonella,4,12836
"(1748.1192052980132, 1907.794701986755)",Veillonella,4,12837
"(1747.7919463087248, 1944.476510067114)",Rothia,4,12838
"(1745.8253968253969, 1007.3333333333334)",Veillonella,4,12839
"(1747.608695652174, 1369.208695652174)",Veillonella,4,12840
"(1746.490909090909, 1047.581818181818)",Veillonella,4,12841
"(1748.1636363636364, 1531.490909090909)",Veillonella,4,12842
"(1748.421875, 1598.71875)",Veillonella,4,12843
"(1751.6666666666667, 1675.2716049382716)",Veillonella,4,12844
"(1747.6666666666667, 1995.9333333333334)",Rothia,4,12845
"(1751.4923076923078, 10.646153846153846)",Fusobacterium,4,12846
"(1748.2777777777778, 495.1388888888889)",Rothia,4,12847
"(1748.9285714285713, 714.9166666666666)",Veillonella,4,12848
"(1748.7542372881355, 1256.2372881355932)",Veillonella,4,12849
"(1751.9807692307693, 1729.0192307692307)",Veillonella,4,12851
"(1747.6964285714287, 1775.5892857142858)",Veillonella,4,12852
"(1751.9606741573034, 177.3426966292135)",Rothia,4,12853
"(1752.0218579234972, 580.8852459016393)",Veillonella,4,12854
"(1751.6019417475727, 1441.106796116505)",Veillonella,4,12855
"(1748.629213483146, 1794.3483146067415)",Veillonella,4,12856
"(1750.1772151898733, 1836.886075949367)",Veillonella,4,12857
"(1750.4728682170542, 1961.4728682170542)",Rothia,4,12858
"(1749.6184210526317, 47.5921052631579)",Fusobacterium,4,12859
"(1751.3, 144.38571428571427)",Rothia,4,12860
"(1750.625, 458.5833333333333)",Rothia,4,12861
"(1755.8630952380952, 950.3988095238095)",Rothia,4,12863
"(1751.0714285714287, 1144.3809523809523)",Veillonella,4,12864
"(1753.9382716049383, 1464.4197530864199)",Rothia,4,12865
"(1749.8285714285714, 1702.3142857142857)",Veillonella,4,12866
"(1750.313432835821, 1987.2089552238806)",Fusobacterium,4,12867
"(1751.2, 610.075)",Veillonella,4,12869
"(1758.0443548387098, 629.4274193548387)",Veillonella,4,12870
"(1751.8450704225352, 740.7042253521126)",Veillonella,4,12871
"(1751.2631578947369, 913.3684210526316)",Rothia,4,12872
"(1751.5285714285715, 1328.9857142857143)",Rothia,4,12873
"(1753.5982905982905, 1425.4358974358975)",Veillonella,4,12874
"(1753.5766423357663, 1548.021897810219)",Rothia,4,12875
"(1756.1941747572816, 1579.1553398058252)",Veillonella,4,12876
"(1751.4166666666667, 1927.5277777777778)",Capnocytophaga,4,12877
"(1752.525, 61.8)",Fusobacterium,4,12878
"(1751.9661016949153, 481.77966101694915)",Rothia,4,12879
"(1756.482142857143, 1234.3169642857142)",Rothia,4,12880
"(1753.1166666666666, 1715.3333333333333)",Veillonella,4,12881
"(1757.3174603174602, 34.91269841269841)",Fusobacterium,4,12883
"(1756.294642857143, 806.2678571428571)",Veillonella,4,12884
"(1760.8881578947369, 935.9736842105264)",Veillonella,4,12885
"(1754.9315068493152, 983.6301369863014)",Veillonella,4,12886
"(1752.7288135593221, 1130.2711864406779)",Veillonella,4,12888
"(1756.927868852459, 1286.7016393442623)",Rothia,4,12889
"(1751.622641509434, 1822.6603773584907)",Veillonella,4,12890
"(1754.736, 244.544)",Rothia,4,12891
"(1755.6984126984128, 835.4126984126984)",Veillonella,4,12892
"(1756.0119047619048, 1385.142857142857)",Veillonella,4,12893
"(1754.859375, 194.359375)",Neisseria,4,12894
"(1756.3962264150944, 602.6981132075472)",Veillonella,4,12895
"(1754.9242424242425, 1010.6666666666666)",Veillonella,4,12896
"(1755.9076923076923, 1520.1846153846154)",Rothia,4,12897
"(1755.0428571428572, 1860.1714285714286)",Veillonella,4,12898
"(1757.1184210526317, 492.05263157894734)",Rothia,4,12899
"(1757.2233009708739, 533.8252427184466)",Veillonella,4,12900
"(1760.9724137931034, 691.1379310344828)",Veillonella,4,12902
"(1757.5816326530612, 1108.1938775510205)",Veillonella,4,12903
"(1759.3217391304347, 1191.9913043478261)",Veillonella,4,12904
"(1755.9157894736843, 1880.8105263157895)",Veillonella,4,12905
"(1760.345238095238, 1978.9583333333333)",Rothia,4,12906
"(1759.1666666666667, 512.3)",Veillonella,4,12907
"(1757.014705882353, 704.0735294117648)",Veillonella,4,12908
"(1756.2222222222222, 817.8055555555555)",Veillonella,4,12909
"(1757.2615384615385, 1039.8923076923077)",Veillonella,4,12910
"(1757.3055555555557, 1057.9444444444443)",Veillonella,4,12911
"(1757.8363636363636, 754.0545454545454)",Veillonella,4,12914
"(1758.358208955224, 1404.8507462686566)",Veillonella,4,12916
"(1757.2857142857142, 1659.1904761904761)",Veillonella,4,12917
"(1759.7636363636364, 130.47272727272727)",Rothia,4,12918
"(1759.7011494252874, 268.4367816091954)",Rothia,4,12919
"(1758.1168831168832, 1360.8311688311687)",Saccharibacteria,4,12920
"(1759.3936170212767, 1750.5744680851064)",Veillonella,4,12921
"(1761.0632911392406, 899.3544303797469)",Veillonella,4,12922
"(1763.4243902439025, 1491.9463414634147)",Rothia,4,12923
"(1759.6, 1914.7636363636364)",Fusobacterium,4,12925
"(1763.5562913907286, 75.45033112582782)",Rothia,4,12926
"(1764.3285714285714, 118.18571428571428)",Rothia,4,12927
"(1765.042105263158, 860.0105263157894)",Veillonella,4,12929
"(1760.969696969697, 1072.439393939394)",Veillonella,4,12930
"(1759.2727272727273, 1791.090909090909)",Veillonella,4,12932
"(1764.5929203539822, 1843.3982300884957)",Veillonella,4,12933
"(1766.888, 1891.872)",Veillonella,4,12934
"(1763.0947368421052, 286.17894736842106)",Rothia,4,12935
"(1762.0625, 730.5625)",Veillonella,4,12936
"(1767.2723004694835, 915.5821596244132)",Rothia,4,12937
"(1762.9259259259259, 975.2222222222222)",Veillonella,4,12938
"(1763.5402298850574, 1026.4942528735633)",Veillonella,4,12939
"(1762.1159420289855, 1255.4202898550725)",Veillonella,4,12940
"(1768.2722513089004, 1272.4869109947645)",Rothia,4,12941
"(1761.2264150943397, 1318.9245283018868)",Veillonella,4,12942
"(1760.9897959183672, 1605.6632653061224)",Veillonella,4,12943
"(1763.4056603773586, 148.96226415094338)",Rothia,4,12946
"(1767.8698630136987, 604.1301369863014)",Veillonella,4,12947
"(1767.8235294117646, 881.156862745098)",Veillonella,4,12948
"(1764.5785123966941, 1129.4628099173553)",Veillonella,4,12949
"(1768.072625698324, 1307.4692737430169)",Veillonella,4,12950
"(1764.030303030303, 1395.2272727272727)",Veillonella,4,12951
"(1765.4146341463415, 1420.1829268292684)",Veillonella,4,12952
"(1764.0862068965516, 448.94827586206895)",Rothia,4,12954
"(1764.2058823529412, 1169.6911764705883)",Veillonella,4,12955
"(1764.3363636363636, 1640.3)",Veillonella,4,12956
"(1764.1809523809525, 1823.2761904761905)",Veillonella,4,12957
"(1770.7719298245613, 11.046783625730994)",Fusobacterium,4,12958
"(1765.141592920354, 471.6194690265487)",Rothia,4,12960
"(1765.712765957447, 790.7553191489362)",Veillonella,4,12961
"(1765.438596491228, 1508.859649122807)",Fusobacterium,4,12962
"(1767.71875, 1872.1458333333333)",Veillonella,4,12963
"(1769.2429906542056, 672.4485981308411)",Veillonella,4,12964
"(1767.5176470588235, 846.4588235294118)",Veillonella,4,12965
"(1767.057471264368, 998.1264367816092)",Veillonella,4,12966
"(1779.183800623053, 1338.0404984423676)",Veillonella,4,12967
"(1767.6349206349207, 1457.0873015873017)",Prevotella,4,12968
"(1767.0102040816328, 1738.3877551020407)",Veillonella,4,12969
"(1767.2695652173913, 1929.6260869565217)",Veillonella,4,12970
"(1776.8909952606634, 559.3270142180095)",Rothia,4,12972
"(1767.5811965811965, 769.042735042735)",Veillonella,4,12973
"(1768.2952380952381, 1563.5047619047618)",Rothia,4,12975
"(1773.5726495726497, 1950.3931623931624)",Rothia,4,12976
"(1769.5892857142858, 165.75)",Veillonella,4,12977
"(1768.3809523809523, 192.91666666666666)",Veillonella,4,12978
"(1769.4358974358975, 490.1025641025641)",Rothia,4,12979
"(1768.2058823529412, 568.6323529411765)",Veillonella,4,12980
"(1769.7313432835822, 652.6119402985074)",Veillonella,4,12981
"(1767.611111111111, 720.6444444444444)",Veillonella,4,12982
"(1767.5072463768115, 747.0289855072464)",Veillonella,4,12983
"(1774.3795620437957, 1015.1240875912408)",Veillonella,4,12984
"(1770.0406976744187, 1694.2732558139535)",Veillonella,4,12986
"(1768.7113402061855, 1766.9896907216496)",Veillonella,4,12987
"(1769.6948051948052, 1801.6168831168832)",Veillonella,4,12988
"(1770.5074626865671, 47.1044776119403)",Fusobacterium,4,12989
"(1769.1951219512196, 213.3170731707317)",Rothia,4,12990
"(1771.1166666666666, 244.95833333333334)",Rothia,4,12991
"(1770.1969696969697, 1096.3333333333333)",Capnocytophaga,4,12994
"(1769.844827586207, 1158.155172413793)",Veillonella,4,12995
"(1768.1818181818182, 1442.1038961038962)",Veillonella,4,12996
"(1768.7176470588236, 1670.0470588235294)",Veillonella,4,12997
"(1770.4310344827586, 253.41379310344828)",Rothia,4,12999
"(1773.3157894736842, 807.4661654135339)",Veillonella,4,13000
"(1769.12, 1063.5)",Veillonella,4,13001
"(1773.692857142857, 1549.1357142857144)",Rothia,4,13002
"(1771.3483146067415, 1620.3820224719102)",Veillonella,4,13003
"(1769.2142857142858, 1781.7)",Veillonella,4,13005
"(1771.5, 295.14473684210526)",Rothia,4,13006
"(1771.328125, 1358.578125)",Actinomyces,4,13007
"(1777.4405594405594, 1911.1608391608393)",Veillonella,4,13009
"(1775.7349397590363, 33.08433734939759)",Rothia,4,13010
"(1778.0353982300885, 91.28318584070796)",Rothia,4,13011
"(1778.590909090909, 594.2121212121212)",Veillonella,4,13012
"(1775.1145833333333, 628.40625)",Neisseria,4,13013
"(1774.1518987341772, 740.5316455696203)",Veillonella,4,13014
"(1772.02, 952.16)",Capnocytophaga,4,13015
"(1775.7928571428572, 1216.9071428571428)",Veillonella,4,13016
"(1773.426966292135, 1535.3033707865168)",Veillonella,4,13017
"(1772.9259259259259, 1853.2716049382716)",Veillonella,4,13019
"(1776.6747967479675, 707.0162601626016)",Veillonella,4,13021
"(1773.35, 868.8)",Veillonella,4,13022
"(1771.313432835821, 1118.4328358208954)",Veillonella,4,13023
"(1773.84, 1405.9333333333334)",Veillonella,4,13025
"(1774.7184466019417, 104.27184466019418)",Rothia,4,13027
"(1774.5882352941176, 227.7764705882353)",Rothia,4,13028
"(1776.5714285714287, 1201.9142857142858)",Veillonella,4,13031
"(1778.2, 1242.8814814814814)",Veillonella,4,13032
"(1775.2477064220184, 1604.651376146789)",Veillonella,4,13033
"(1775.7096774193549, 513.016129032258)",Veillonella,4,13034
"(1774.25, 525.3529411764706)",Veillonella,4,13035
"(1779.0533333333333, 830.4622222222222)",Veillonella,4,13036
"(1777.246153846154, 1028.4153846153847)",Veillonella,4,13037
"(1775.2972972972973, 1259.1756756756756)",Veillonella,4,13038
"(1774.4329896907216, 1476.298969072165)",Rothia,4,13039
"(1774.532258064516, 1511.1290322580646)",Fusobacterium,4,13040
"(1777.6235294117646, 278.47058823529414)",Rothia,4,13041
"(1780.4580152671756, 438.78625954198475)",Rothia,4,13042
"(1779.1368421052632, 470.4736842105263)",Rothia,4,13043
"(1780.0675675675675, 1367.2905405405406)",Veillonella,4,13044
"(1775.3636363636363, 1989.6909090909091)",Fusobacterium,4,13046
"(1777.4310344827586, 80.48275862068965)",Rothia,4,13047
"(1776.5714285714287, 144.80519480519482)",Rothia,4,13048
"(1777.4788732394366, 181.04225352112675)",Neisseria,4,13049
"(1778.939393939394, 928.4545454545455)",Veillonella,4,13050
"(1780.2830188679245, 990.9622641509434)",Veillonella,4,13051
"(1776.8275862068965, 1177.9827586206898)",Veillonella,4,13053
"(1777.5190476190476, 1580.6142857142856)",Veillonella,4,13054
"(1778.0727272727272, 1830.490909090909)",Veillonella,4,13055
"(1783.6410256410256, 1869.4679487179487)",Veillonella,4,13056
"(1777.7037037037037, 58.111111111111114)",Rothia,4,13057
"(1779.1808510638298, 333.24468085106383)",Rothia,4,13058
"(1777.5, 757.16)",Veillonella,4,13059
"(1779.4526315789474, 966.4526315789474)",Veillonella,4,13060
"(1778.75, 1048.4318181818182)",Veillonella,4,13061
"(1778.607142857143, 1102.1904761904761)",Veillonella,4,13062
"(1780.1603773584907, 1289.0283018867924)",Streptococcus,4,13063
"(1778.4222222222222, 1425.4)",Veillonella,4,13064
"(1780.212765957447, 483.48936170212767)",Rothia,4,13065
"(1782.6808510638298, 1516.6808510638298)",Fusobacterium,4,13066
"(1780.3684210526317, 1968.2842105263157)",Saccharibacteria,4,13067
"(1782.138888888889, 70.125)",Rothia,4,13069
"(1781.972972972973, 446.97297297297297)",Rothia,4,13071
"(1779.9, 455.2857142857143)",Rothia,4,13072
"(1780.0266666666666, 789.64)",Veillonella,4,13074
"(1782.6880733944954, 901.6605504587156)",Veillonella,4,13075
"(1779.943661971831, 1138.5352112676057)",Veillonella,4,13076
"(1785.5298013245033, 260.25165562913907)",Rothia,4,13079
"(1780.6923076923076, 539.2747252747253)",Veillonella,4,13081
"(1780.4736842105262, 686.8684210526316)",Veillonella,4,13082
"(1782.4651162790697, 941.1860465116279)",Veillonella,4,13083
"(1780.0, 1066.7358490566037)",Veillonella,4,13084
"(1785.9433962264152, 1075.0094339622642)",Streptococcus,4,13085
"(1787.3959390862944, 1493.5989847715737)",Veillonella,4,13086
"(1781.0, 1682.451923076923)",Veillonella,4,13087
"(1782.1046025104602, 1749.2259414225941)",Veillonella,4,13088
"(1782.36, 132.0)",Fusobacterium,4,13089
"(1787.4891304347825, 209.9076086956522)",Veillonella,4,13090
"(1784.534090909091, 307.54545454545456)",Rothia,4,13091
"(1782.5915492957747, 1152.8591549295775)",Veillonella,4,13092
"(1782.2307692307693, 1479.7692307692307)",Fusobacterium,4,13093
"(1781.4426229508197, 1713.1967213114754)",Veillonella,4,13094
"(1782.9180327868853, 1922.8196721311476)",Veillonella,4,13095
"(1783.2456140350878, 1127.842105263158)",Veillonella,4,13097
"(1783.0172413793102, 1447.344827586207)",Veillonella,4,13098
"(1784.5119047619048, 1462.404761904762)",Rothia,4,13099
"(1783.3561643835617, 1729.2876712328766)",Veillonella,4,13100
"(1784.258064516129, 1768.0806451612902)",Veillonella,4,13101
"(1785.212643678161, 1784.8735632183907)",Veillonella,4,13102
"(1786.0204081632653, 1890.6224489795918)",Veillonella,4,13103
"(1786.607142857143, 9.797619047619047)",Fusobacterium,4,13104
"(1785.4605263157894, 320.38157894736844)",Rothia,4,13105
"(1788.057142857143, 642.8190476190476)",Veillonella,4,13106
"(1784.0, 661.7142857142857)",Veillonella,4,13107
"(1785.6805555555557, 1229.7222222222222)",Veillonella,4,13108
"(1784.3939393939395, 1412.5)",Veillonella,4,13109
"(1789.625, 615.3984375)",Neisseria,4,13111
"(1785.4528301886792, 695.4528301886793)",Veillonella,4,13112
"(1788.0943396226414, 1009.5)",Veillonella,4,13114
"(1785.0, 164.56626506024097)",Fusobacterium,4,13115
"(1788.438596491228, 856.8421052631579)",Veillonella,4,13116
"(1792.923076923077, 874.0604395604396)",Veillonella,4,13117
"(1786.92, 887.4133333333333)",Veillonella,4,13118
"(1785.84, 1119.44)",Neisseria,4,13120
"(1786.71875, 1392.96875)",Veillonella,4,13121
"(1786.828125, 1817.78125)",Veillonella,4,13122
"(1787.2205882352941, 1936.0882352941176)",Veillonella,4,13123
"(1784.7636363636364, 1995.1818181818182)",Rothia,4,13124
"(1787.4137931034484, 281.3965517241379)",Rothia,4,13125
"(1786.3098591549297, 1087.4647887323943)",Selenomonas,4,13127
"(1788.1904761904761, 1180.547619047619)",Fusobacterium,4,13128
"(1786.9615384615386, 1194.2692307692307)",Veillonella,4,13129
"(1788.686274509804, 1539.8823529411766)",Rothia,4,13130
"(1787.9322033898304, 1653.9406779661017)",Veillonella,4,13131
"(1787.1666666666667, 26.72222222222222)",Fusobacterium,4,13132
"(1795.4565217391305, 83.33333333333333)",Rothia,4,13133
"(1792.5853658536585, 125.0)",Rothia,4,13134
"(1792.0344827586207, 674.6206896551724)",Veillonella,4,13135
"(1790.3658536585365, 1622.7378048780488)",Veillonella,4,13136
"(1790.2432432432433, 149.6081081081081)",Rothia,4,13138
"(1788.6603773584907, 466.8301886792453)",Fusobacterium,4,13139
"(1790.10989010989, 725.6923076923077)",Veillonella,4,13140
"(1789.0481927710844, 743.0602409638554)",Veillonella,4,13141
"(1787.9610389610389, 1269.4285714285713)",Veillonella,4,13142
"(1801.6105263157895, 1299.8350877192981)",Veillonella,4,13143
"(1794.7062937062938, 1316.7412587412587)",Veillonella,4,13144
"(1794.4172185430464, 1438.364238410596)",Veillonella,4,13145
"(1794.0, 1981.7209302325582)",Fusobacterium,4,13146
"(1791.4803921568628, 193.09803921568627)",Neisseria,4,13148
"(1794.3620689655172, 431.6034482758621)",Rothia,4,13149
"(1789.4363636363637, 491.7818181818182)",Fusobacterium,4,13150
"(1791.0958904109589, 515.1369863013699)",Rothia,4,13151
"(1791.3483146067415, 530.8089887640449)",Rothia,4,13152
"(1793.0884955752213, 1256.929203539823)",Veillonella,4,13154
"(1792.3125, 59.925)",Rothia,4,13155
"(1790.2542372881355, 110.0677966101695)",Rothia,4,13156
"(1793.1037735849056, 239.3490566037736)",Veillonella,4,13158
"(1794.7914110429447, 1700.6564417177915)",Veillonella,4,13160
"(1796.4410480349345, 1854.6724890829694)",Veillonella,4,13161
"(1794.090909090909, 296.5181818181818)",Rothia,4,13162
"(1796.5785714285714, 583.3785714285714)",Veillonella,4,13163
"(1795.171875, 764.7395833333334)",Veillonella,4,13164
"(1793.0166666666667, 1160.6833333333334)",Streptococcus,4,13165
"(1791.9375, 1376.03125)",Veillonella,4,13166
"(1795.396694214876, 1951.8595041322315)",Fusobacterium,4,13168
"(1793.0684931506848, 348.67123287671234)",Rothia,4,13169
"(1794.6194690265486, 550.8761061946902)",Veillonella,4,13170
"(1793.5405405405406, 590.581081081081)",Veillonella,4,13171
"(1793.741935483871, 689.6774193548387)",Veillonella,4,13172
"(1795.8308823529412, 812.3970588235294)",Veillonella,4,13173
"(1792.9315068493152, 1104.6438356164383)",Veillonella,4,13174
"(1797.054347826087, 831.695652173913)",Veillonella,4,13175
"(1795.3008849557523, 989.6637168141593)",Veillonella,4,13176
"(1795.9716981132076, 1642.1509433962265)",Veillonella,4,13177
"(1792.2830188679245, 1716.4528301886792)",Veillonella,4,13178
"(1794.2575757575758, 1928.2424242424242)",Veillonella,4,13179
"(1798.3068181818182, 10.625)",Fusobacterium,4,13180
"(1795.7777777777778, 177.35802469135803)",Veillonella,4,13181
"(1795.7068965517242, 325.63793103448273)",Rothia,4,13182
"(1797.9, 500.88461538461536)",Fusobacterium,4,13184
"(1795.8962264150944, 1145.933962264151)",Streptococcus,4,13185
"(1796.056338028169, 1174.5492957746478)",Rothia,4,13186
"(1794.125, 1211.875)",Veillonella,4,13187
"(1795.017543859649, 1524.5263157894738)",Veillonella,4,13188
"(1796.6842105263158, 1579.6466165413533)",Veillonella,4,13189
"(1795.9906542056074, 1799.4953271028037)",Veillonella,4,13190
"(1796.6027397260275, 944.8082191780821)",Streptococcus,4,13191
"(1796.5762711864406, 1049.2881355932204)",Streptococcus,4,13192
"(1794.76, 1468.36)",Veillonella,4,13194
"(1799.125, 455.9583333333333)",Rothia,4,13195
"(1799.0213903743315, 789.572192513369)",Veillonella,4,13196
"(1797.8469387755101, 925.6530612244898)",Streptococcus,4,13197
"(1798.1194029850747, 1061.8805970149253)",Veillonella,4,13198
"(1801.340425531915, 1276.6808510638298)",Actinomyces,4,13199
"(1796.4310344827586, 1535.7068965517242)",Rothia,4,13200
"(1798.6, 1679.9066666666668)",Selenomonas,4,13201
"(1799.547619047619, 1811.4642857142858)",Veillonella,4,13202
"(1796.857142857143, 1967.892857142857)",Fusobacterium,4,13203
"(1797.1451612903227, 1995.741935483871)",Rothia,4,13204
"(1797.857142857143, 41.92063492063492)",Fusobacterium,4,13205
"(1798.032967032967, 257.54945054945057)",Rothia,4,13206
"(1802.637037037037, 1423.6)",Veillonella,4,13207
"(1798.1090909090908, 1456.5636363636363)",Rothia,4,13208
"(1800.741573033708, 158.22471910112358)",Rothia,4,13209
"(1801.6101694915253, 902.271186440678)",Rothia,4,13211
"(1800.59, 1012.35)",Veillonella,4,13212
"(1798.55, 1078.8833333333334)",Veillonella,4,13213
"(1798.9, 1201.0428571428572)",Veillonella,4,13214
"(1801.272, 1362.056)",Veillonella,4,13215
"(1800.3688524590164, 1509.049180327869)",Rothia,4,13216
"(1800.09243697479, 1906.0084033613446)",Veillonella,4,13217
"(1802.6947368421052, 526.5052631578948)",Rothia,4,13218
"(1801.5164835164835, 661.8131868131868)",Rothia,4,13219
"(1801.0459770114942, 958.5402298850574)",Streptococcus,4,13220
"(1802.3434343434344, 975.2828282828283)",Veillonella,4,13221
"(1800.1967213114754, 1091.3934426229507)",Veillonella,4,13222
"(1800.1382978723404, 1118.9893617021276)",Veillonella,4,13223
"(1800.3620689655172, 1245.1724137931035)",Veillonella,4,13224
"(1800.759493670886, 1552.0506329113923)",Rothia,4,13225
"(1802.225806451613, 1593.505376344086)",Veillonella,4,13226
"(1799.6875, 1766.8522727272727)",Veillonella,4,13227
"(1802.1975308641975, 24.938271604938272)",Rothia,4,13228
"(1803.6147540983607, 222.5327868852459)",Veillonella,4,13230
"(1805.6639344262296, 423.22131147540983)",Rothia,4,13231
"(1801.6363636363637, 600.4363636363636)",Veillonella,4,13232
"(1803.6451612903227, 621.6989247311828)",Veillonella,4,13233
"(1801.235294117647, 652.6862745098039)",Veillonella,4,13234
"(1803.235294117647, 1408.9411764705883)",Veillonella,4,13236
"(1802.8732394366198, 318.8169014084507)",Rothia,4,13237
"(1807.3862068965518, 705.2689655172413)",Veillonella,4,13238
"(1804.8638743455497, 1749.5130890052355)",Veillonella,4,13239
"(1801.892561983471, 1823.7851239669421)",Veillonella,4,13240
"(1803.5443037974683, 276.0886075949367)",Rothia,4,13241
"(1804.6555555555556, 446.84444444444443)",Rothia,4,13242
"(1803.621212121212, 859.6666666666666)",Veillonella,4,13243
"(1803.0714285714287, 1232.1714285714286)",Veillonella,4,13244
"(1804.1967213114754, 1348.655737704918)",Veillonella,4,13245
"(1804.5460992907801, 1608.6170212765958)",Veillonella,4,13246
"(1807.107142857143, 1884.5039682539682)",Veillonella,4,13247
"(1804.5806451612902, 45.08064516129032)",Rothia,4,13248
"(1805.4262295081967, 66.08196721311475)",Rothia,4,13249
"(1806.710843373494, 137.0)",Rothia,4,13250
"(1805.0595238095239, 637.8333333333334)",Neisseria,4,13251
"(1808.050505050505, 841.0909090909091)",Neisseria,4,13252
"(1803.4833333333333, 1496.5166666666667)",Veillonella,4,13253
"(1806.953488372093, 1665.0387596899225)",Veillonella,4,13254
"(1805.7515151515152, 1722.9030303030304)",Veillonella,4,13255
"(1807.2142857142858, 94.4)",Rothia,4,13256
"(1807.1869918699188, 109.15447154471545)",Rothia,4,13257
"(1804.1149425287356, 478.8045977011494)",Prevotella,4,13258
"(1807.888, 686.44)",Veillonella,4,13259
"(1805.0, 727.2898550724638)",Veillonella,4,13260
"(1806.79, 749.83)",Veillonella,4,13261
"(1808.6944444444443, 1040.1851851851852)",Veillonella,4,13262
"(1804.581818181818, 1102.8727272727272)",Veillonella,4,13263
"(1805.6849315068494, 1128.835616438356)",Veillonella,4,13264
"(1806.0666666666666, 1215.52)",Veillonella,4,13265
"(1804.7142857142858, 1790.920634920635)",Veillonella,4,13267
"(1806.0787401574803, 1937.9606299212599)",Fusobacterium,4,13268
"(1806.82, 146.02)",Rothia,4,13270
"(1809.832167832168, 257.7132867132867)",Rothia,4,13271
"(1810.15503875969, 336.8217054263566)",Rothia,4,13272
"(1810.9191176470588, 543.7647058823529)",Pasteurellaceae,4,13273
"(1810.1774193548388, 1002.1290322580645)",Veillonella,4,13274
"(1808.9885057471265, 1266.0114942528735)",Streptococcus,4,13275
"(1806.3382352941176, 1323.7058823529412)",Veillonella,4,13276
"(1805.7721518987341, 1383.860759493671)",Veillonella,4,13277
"(1809.5196078431372, 197.45098039215685)",Rothia,4,13279
"(1807.888888888889, 291.3809523809524)",Rothia,4,13280
"(1807.9777777777779, 885.4555555555555)",Rothia,4,13281
"(1807.8815789473683, 1029.0263157894738)",Veillonella,4,13282
"(1808.942857142857, 1474.2285714285715)",Veillonella,4,13283
"(1809.3461538461538, 1566.3846153846155)",Veillonella,4,13284
"(1810.1190476190477, 11.488095238095237)",Fusobacterium,4,13285
"(1809.5866666666666, 914.9333333333333)",Rothia,4,13286
"(1809.0729166666667, 1161.0625)",Veillonella,4,13287
"(1809.4931506849316, 1185.1986301369864)",Rothia,4,13288
"(1811.2945205479452, 1452.041095890411)",Rothia,4,13289
"(1814.122699386503, 306.55214723926383)",Rothia,4,13291
"(1811.5078125, 350.0390625)",Rothia,4,13292
"(1812.967032967033, 122.17582417582418)",Rothia,4,13293
"(1811.3333333333333, 239.47619047619048)",Rothia,4,13294
"(1814.816, 513.128)",Fusobacterium,4,13295
"(1814.387878787879, 1065.678787878788)",Veillonella,4,13297
"(1809.0133333333333, 1525.16)",Rothia,4,13298
"(1810.896551724138, 37.1551724137931)",Fusobacterium,4,13299
"(1813.5593220338983, 187.11864406779662)",Rothia,4,13300
"(1813.7894736842106, 610.9473684210526)",Veillonella,4,13301
"(1813.858064516129, 654.1354838709677)",Veillonella,4,13302
"(1814.9130434782608, 853.695652173913)",Veillonella,4,13303
"(1816.7232142857142, 1344.0357142857142)",Rothia,4,13305
"(1811.1894736842105, 1375.0736842105264)",Veillonella,4,13306
"(1812.4176470588236, 1967.9588235294118)",Veillonella,4,13307
"(1812.8428571428572, 175.62857142857143)",Fusobacterium,4,13308
"(1814.5882352941176, 438.03921568627453)",Rothia,4,13309
"(1812.2972972972973, 562.6486486486486)",Veillonella,4,13310
"(1814.245283018868, 874.6981132075472)",Rothia,4,13312
"(1812.4, 967.6181818181818)",Veillonella,4,13313
"(1816.9214285714286, 986.6857142857143)",Veillonella,4,13314
"(1813.0338983050847, 1082.1694915254238)",Rothia,4,13315
"(1812.8660714285713, 1647.7410714285713)",Veillonella,4,13317
"(1816.895652173913, 283.7913043478261)",Rothia,4,13318
"(1814.6842105263158, 769.828947368421)",Veillonella,4,13320
"(1812.6235294117646, 947.3294117647059)",Streptococcus,4,13321
"(1814.5212765957447, 793.6170212765958)",Veillonella,4,13324
"(1816.734375, 64.6875)",Rothia,4,13326
"(1814.619718309859, 78.53521126760563)",Rothia,4,13327
"(1820.2713178294573, 674.2635658914729)",Veillonella,4,13328
"(1814.5555555555557, 735.4761904761905)",Veillonella,4,13329
"(1815.0377358490566, 1113.132075471698)",Streptococcus,4,13330
"(1822.3023255813953, 1492.920265780731)",Fusobacterium,4,13331
"(1815.8831168831168, 1587.922077922078)",Veillonella,4,13333
"(1813.7462686567164, 1687.9402985074628)",Veillonella,4,13334
"(1817.6398104265402, 1837.483412322275)",Veillonella,4,13335
"(1816.7459016393443, 1915.4016393442623)",Veillonella,4,13336
"(1815.8934426229507, 1990.2377049180327)",Rothia,4,13337
"(1826.4166666666667, 502.1666666666667)",Fusobacterium,4,13338
"(1816.7525773195875, 589.8453608247422)",Veillonella,4,13339
"(1817.9739130434782, 810.7652173913043)",Rothia,4,13340
"(1827.8385650224216, 1621.8923766816145)",Veillonella,4,13341
"(1818.6315789473683, 1765.8195488721803)",Veillonella,4,13342
"(1820.1980198019803, 359.6831683168317)",Rothia,4,13345
"(1819.7304964539007, 835.113475177305)",Neisseria,4,13346
"(1817.140625, 1125.59375)",Streptococcus,4,13348
"(1817.56, 1139.3333333333333)",Streptococcus,4,13349
"(1820.936170212766, 1196.1170212765958)",Rothia,4,13350
"(1816.4810126582279, 1288.8987341772151)",Veillonella,4,13351
"(1822.8950276243095, 1786.1160220994475)",Veillonella,4,13353
"(1819.6825396825398, 10.65079365079365)",Rothia,4,13354
"(1820.216, 529.76)",Pasteurellaceae,4,13356
"(1823.0344827586207, 626.8275862068965)",Veillonella,4,13357
"(1820.9753086419753, 694.9753086419753)",Pasteurellaceae,4,13358
"(1820.7356321839081, 722.2183908045977)",Pasteurellaceae,4,13359
"(1818.3557692307693, 1399.3076923076924)",Veillonella,4,13361
"(1822.1722222222222, 1546.1777777777777)",Veillonella,4,13362
"(1820.3233532934132, 1707.9820359281437)",Veillonella,4,13363
"(1818.12, 1797.3866666666668)",Veillonella,4,13364
"(1819.578125, 1857.890625)",Veillonella,4,13365
"(1819.9739130434782, 1902.3565217391304)",Veillonella,4,13366
"(1819.093023255814, 1320.3255813953488)",Veillonella,4,13367
"(1820.030303030303, 1635.010101010101)",Veillonella,4,13368
"(1819.1911764705883, 134.7058823529412)",Rothia,4,13369
"(1821.5869565217392, 761.2608695652174)",Veillonella,4,13370
"(1820.9607843137255, 896.2450980392157)",Rothia,4,13371
"(1824.313432835821, 1277.7089552238806)",Fusobacterium,4,13372
"(1822.707423580786, 1429.292576419214)",Veillonella,4,13373
"(1821.159090909091, 1817.625)",Veillonella,4,13375
"(1819.7654320987654, 1943.5925925925926)",Fusobacterium,4,13376
"(1826.021897810219, 413.08029197080293)",Veillonella,4,13377
"(1825.3162393162393, 1023.3846153846154)",Veillonella,4,13378
"(1820.840579710145, 1235.376811594203)",Selenomonas,4,13379
"(1823.530487804878, 1363.1341463414635)",Rothia,4,13381
"(1825.6363636363637, 46.763636363636365)",Rothia,4,13382
"(1823.0296296296297, 210.4)",Rothia,4,13383
"(1822.4827586206898, 1010.6781609195402)",Saccharibacteria,4,13384
"(1825.6636363636364, 1383.3181818181818)",Rothia,4,13385
"(1824.6736842105263, 226.97894736842105)",Rothia,4,13386
"(1824.5384615384614, 326.8241758241758)",Rothia,4,13387
"(1827.723404255319, 864.3723404255319)",Neisseria,4,13388
"(1823.7272727272727, 954.1168831168832)",Streptococcus,4,13389
"(1826.2264150943397, 1108.2830188679245)",Streptococcus,4,13390
"(1822.7254901960785, 1156.1960784313726)",Veillonella,4,13391
"(1822.295081967213, 1208.5409836065573)",Streptococcus,4,13392
"(1823.7142857142858, 1518.987012987013)",Rothia,4,13393
"(1823.16091954023, 1675.3218390804598)",Veillonella,4,13394
"(1828.3953488372092, 84.38372093023256)",Rothia,4,13395
"(1830.9264705882354, 114.9656862745098)",Prevotella,4,13396
"(1825.6470588235295, 244.51470588235293)",Fusobacterium,4,13397
"(1827.8896551724138, 430.6413793103448)",Rothia,4,13398
"(1824.0819672131147, 937.688524590164)",Capnocytophaga,4,13399
"(1824.768115942029, 1093.2608695652175)",Veillonella,4,13401
"(1824.1818181818182, 1409.2363636363636)",Veillonella,4,13402
"(1823.984126984127, 1873.031746031746)",Veillonella,4,13403
"(1826.076923076923, 34.14102564102564)",Fusobacterium,4,13404
"(1834.4285714285713, 398.23308270676694)",Rothia,4,13405
"(1824.590909090909, 569.0)",Veillonella,4,13406
"(1826.9514563106795, 707.9029126213592)",Pasteurellaceae,4,13407
"(1825.7, 776.5571428571428)",Veillonella,4,13408
"(1828.635761589404, 1746.0529801324503)",Veillonella,4,13409
"(1828.445652173913, 1956.7826086956522)",Veillonella,4,13410
"(1825.7169811320755, 167.1509433962264)",Rothia,4,13411
"(1829.5037593984962, 972.9022556390977)",Streptococcus,4,13412
"(1827.6470588235295, 1039.2156862745098)",Veillonella,4,13413
"(1829.2375, 1060.65)",Saccharibacteria,4,13414
"(1826.746835443038, 1180.873417721519)",Streptococcus,4,13415
"(1827.05, 1642.8333333333333)",Veillonella,4,13416
"(1828.9615384615386, 1807.9615384615386)",Veillonella,4,13417
"(1828.2, 1923.1555555555556)",Veillonella,4,13418
"(1826.622950819672, 179.63934426229508)",Rothia,4,13419
"(1828.595238095238, 261.6904761904762)",Rothia,4,13420
"(1834.889447236181, 370.0603015075377)",Rothia,4,13421
"(1829.939393939394, 790.8787878787879)",Veillonella,4,13422
"(1829.302752293578, 1249.6880733944954)",Veillonella,4,13424
"(1829.11875, 1301.225)",Rothia,4,13425
"(1830.2587412587413, 1465.6713286713286)",Fusobacterium,4,13426
"(1832.4967320261437, 186.34640522875816)",Rothia,4,13427
"(1832.5431034482758, 553.9396551724138)",Rothia,4,13428
"(1830.0625, 737.0625)",Veillonella,4,13430
"(1830.78125, 909.9625)",Rothia,4,13431
"(1830.8677685950413, 1167.1322314049587)",Selenomonas,4,13432
"(1830.2359550561798, 152.1123595505618)",Rothia,4,13435
"(1831.4814814814815, 646.6234567901234)",Veillonella,4,13436
"(1831.842105263158, 821.7894736842105)",Veillonella,4,13437
"(1828.8591549295775, 1219.8028169014085)",Veillonella,4,13438
"(1830.7927927927929, 1581.018018018018)",Veillonella,4,13439
"(1834.4710743801652, 1609.98347107438)",Veillonella,4,13440
"(1834.6284403669724, 1656.9311926605506)",Veillonella,4,13441
"(1830.268817204301, 1689.8172043010752)",Veillonella,4,13442
"(1834.1416666666667, 10.525)",Fusobacterium,4,13443
"(1830.8625, 297.775)",Rothia,4,13444
"(1832.758064516129, 923.7741935483871)",Rothia,4,13446
"(1830.24, 1120.84)",Streptococcus,4,13447
"(1838.248730964467, 93.45685279187818)",Rothia,4,13448
"(1832.0253164556962, 136.73417721518987)",Veillonella,4,13449
"(1831.5102040816328, 1556.7142857142858)",Veillonella,4,13450
"(1832.3125, 1601.25)",Veillonella,4,13451
"(1831.4924242424242, 1888.2727272727273)",Veillonella,4,13452
"(1830.8846153846155, 1942.051282051282)",Fusobacterium,4,13453
"(1831.3258426966293, 1973.0898876404494)",Veillonella,4,13454
"(1834.6770833333333, 59.520833333333336)",Fusobacterium,4,13455
"(1832.0394736842106, 588.2763157894736)",Pasteurellaceae,4,13456
"(1839.097014925373, 661.7686567164179)",Veillonella,4,13457
"(1833.2105263157894, 884.4315789473684)",Fusobacterium,4,13458
"(1834.378205128205, 1446.929487179487)",Rothia,4,13459
"(1833.7625, 230.4125)",Rothia,4,13460
"(1831.92, 341.48)",Rothia,4,13461
"(1835.607476635514, 721.8598130841121)",Veillonella,4,13462
"(1832.7761194029852, 1990.8955223880596)",Veillonella,4,13463
"(1834.9611650485438, 807.0291262135922)",Veillonella,4,13464
"(1836.3932584269662, 832.6067415730337)",Pasteurellaceae,4,13465
"(1838.22, 248.25)",Rothia,4,13467
"(1837.547619047619, 682.5595238095239)",Pasteurellaceae,4,13468
"(1836.2285714285715, 934.8571428571429)",Rothia,4,13469
"(1834.9866666666667, 1004.1733333333333)",Streptococcus,4,13470
"(1834.8684210526317, 1261.9342105263158)",Streptococcus,4,13471
"(1835.3125, 1488.15625)",Fusobacterium,4,13472
"(1837.4295302013422, 1719.8053691275168)",Veillonella,4,13473
"(1836.18, 1760.49)",Veillonella,4,13474
"(1836.8275862068965, 766.0229885057471)",Veillonella,4,13477
"(1843.3061224489795, 847.030612244898)",Pasteurellaceae,4,13478
"(1836.6164383561643, 1079.6986301369864)",Veillonella,4,13479
"(1836.9326923076924, 1145.3461538461538)",Veillonella,4,13480
"(1837.5746268656717, 1232.6194029850747)",Veillonella,4,13481
"(1836.4807692307693, 1505.2307692307693)",Rothia,4,13482
"(1835.016393442623, 1858.72131147541)",Veillonella,4,13483
"(1836.1894736842105, 203.7578947368421)",Rothia,4,13484
"(1842.911111111111, 287.6222222222222)",Rothia,4,13485
"(1838.9791666666667, 610.25)",Veillonella,4,13486
"(1839.2941176470588, 991.5098039215686)",Streptococcus,4,13487
"(1837.5555555555557, 1131.3174603174602)",Streptococcus,4,13488
"(1836.1272727272728, 1318.8)",Veillonella,4,13489
"(1842.878205128205, 353.9935897435897)",Rothia,4,13490
"(1844.0127551020407, 957.9719387755102)",Fusobacterium,4,13491
"(1839.896, 1206.608)",Veillonella,4,13492
"(1840.4262295081967, 1332.139344262295)",Veillonella,4,13493
"(1839.55, 1355.275)",Veillonella,4,13494
"(1839.5212765957447, 1408.436170212766)",Veillonella,4,13495
"(1841.5116279069769, 1527.9922480620155)",Rothia,4,13496
"(1840.4880952380952, 1702.1785714285713)",Veillonella,4,13497
"(1840.9084507042253, 1777.7042253521126)",Veillonella,4,13498
"(1837.8591549295775, 1907.2112676056338)",Veillonella,4,13499
"(1843.357142857143, 330.3357142857143)",Rothia,4,13500
"(1842.1810344827586, 575.8362068965517)",Rothia,4,13501
"(1839.5409836065573, 1391.5901639344263)",Veillonella,4,13502
"(1838.6082474226805, 1430.6907216494844)",Veillonella,4,13503
"(1842.0700636942674, 38.554140127388536)",Fusobacterium,4,13504
"(1841.9473684210527, 1093.2421052631578)",Streptococcus,4,13506
"(1839.7766990291261, 1276.4660194174758)",Veillonella,4,13507
"(1844.8360655737704, 1372.7540983606557)",Rothia,4,13508
"(1843.3932584269662, 1478.2696629213483)",Fusobacterium,4,13509
"(1841.1910828025477, 1824.0127388535032)",Veillonella,4,13511
"(1841.6268656716418, 134.70149253731344)",Veillonella,4,13512
"(1843.1707317073171, 491.7682926829268)",Fusobacterium,4,13513
"(1846.6962025316457, 522.626582278481)",Neisseria,4,13514
"(1842.859375, 862.1875)",Veillonella,4,13515
"(1841.109375, 1590.671875)",Veillonella,4,13517
"(1841.4117647058824, 1022.5882352941177)",Veillonella,4,13519
"(1843.2380952380952, 1037.857142857143)",Veillonella,4,13520
"(1846.12, 1107.8)",Veillonella,4,13521
"(1843.3947368421052, 1418.6842105263158)",Veillonella,4,13522
"(1842.8245614035088, 1681.017543859649)",Veillonella,4,13524
"(1841.2692307692307, 1793.448717948718)",Veillonella,4,13525
"(1845.1290322580646, 1942.3440860215053)",Veillonella,4,13526
"(1844.7333333333333, 157.5047619047619)",Fusobacterium,4,13527
"(1843.4810126582279, 744.8227848101266)",Pasteurellaceae,4,13530
"(1850.3891891891892, 890.4594594594595)",Rothia,4,13531
"(1843.7704918032787, 1124.7704918032787)",Neisseria,4,13532
"(1853.5571955719556, 1851.3173431734317)",Veillonella,4,13533
"(1845.4711538461538, 1983.3846153846155)",Veillonella,4,13534
"(1848.5111111111112, 104.71111111111111)",Rothia,4,13535
"(1845.0804597701149, 216.8505747126437)",Rothia,4,13536
"(1845.75, 425.22222222222223)",Rothia,4,13537
"(1844.0631578947368, 629.8)",Pasteurellaceae,4,13538
"(1844.1754385964912, 1735.2543859649122)",Veillonella,4,13539
"(1845.9379310344827, 1867.8620689655172)",Veillonella,4,13540
"(1848.1764705882354, 1909.450980392157)",Veillonella,4,13541
"(1843.5797101449275, 1970.2028985507247)",Veillonella,4,13542
"(1848.3777777777777, 10.677777777777777)",Fusobacterium,4,13543
"(1845.8703703703704, 66.72222222222223)",Fusobacterium,4,13544
"(1848.4189944134077, 924.8826815642458)",Rothia,4,13545
"(1844.9176470588236, 1067.4705882352941)",Veillonella,4,13546
"(1844.592105263158, 1892.3815789473683)",Veillonella,4,13547
"(1848.868263473054, 697.556886227545)",Veillonella,4,13549
"(1852.78125, 188.30208333333334)",Rothia,4,13550
"(1846.188679245283, 234.9245283018868)",Rothia,4,13551
"(1849.9344262295083, 1011.4918032786885)",Fusobacterium,4,13552
"(1846.5, 1194.7)",Streptococcus,4,13553
"(1849.2868852459017, 1493.6147540983607)",Fusobacterium,4,13555
"(1848.6896551724137, 1575.816091954023)",Veillonella,4,13556
"(1847.7837837837837, 1641.7747747747749)",Veillonella,4,13557
"(1854.2395209580839, 1923.88622754491)",Veillonella,4,13558
"(1852.6826923076924, 173.2596153846154)",Rothia,4,13560
"(1853.618556701031, 387.91752577319585)",Rothia,4,13561
"(1854.8295964125562, 402.0269058295964)",Rothia,4,13562
"(1853.5469387755102, 777.3469387755102)",Veillonella,4,13563
"(1848.1851851851852, 979.2592592592592)",Fusobacterium,4,13564
"(1847.9324324324325, 1166.7702702702702)",Veillonella,4,13565
"(1850.2479338842975, 1242.5454545454545)",Selenomonas,4,13566
"(1852.6199095022625, 1319.4253393665158)",Veillonella,4,13567
"(1849.438596491228, 1553.390350877193)",Veillonella,4,13568
"(1847.9733333333334, 1598.08)",Veillonella,4,13569
"(1849.3584905660377, 297.07547169811323)",Rothia,4,13571
"(1851.8072289156626, 371.1686746987952)",Rothia,4,13573
"(1850.1290322580646, 505.4516129032258)",Neisseria,4,13574
"(1849.6302521008404, 813.8739495798319)",Veillonella,4,13575
"(1849.7254901960785, 1297.4575163398692)",Veillonella,4,13576
"(1851.5, 120.25454545454545)",Neisseria,4,13578
"(1854.8156028368794, 209.81560283687944)",Rothia,4,13579
"(1859.326923076923, 727.9679487179487)",Veillonella,4,13580
"(1855.4195402298851, 758.1091954022988)",Veillonella,4,13581
"(1852.3333333333333, 1152.4408602150538)",Veillonella,4,13582
"(1851.7692307692307, 1219.7564102564102)",Veillonella,4,13583
"(1853.1221374045801, 1258.5114503816794)",Veillonella,4,13584
"(1851.2539682539682, 244.46031746031747)",Rothia,4,13585
"(1851.076923076923, 271.09615384615387)",Rothia,4,13586
"(1850.921875, 309.890625)",Rothia,4,13587
"(1851.5833333333333, 562.1180555555555)",Veillonella,4,13588
"(1853.9285714285713, 797.2214285714285)",Veillonella,4,13589
"(1851.6792452830189, 939.2264150943396)",Rothia,4,13590
"(1854.0648148148148, 1357.0185185185185)",Veillonella,4,13591
"(1852.673611111111, 1449.9652777777778)",Fusobacterium,4,13592
"(1851.4204545454545, 1623.7272727272727)",Veillonella,4,13593
"(1854.353448275862, 669.0258620689655)",Veillonella,4,13594
"(1853.8316831683169, 715.960396039604)",Veillonella,4,13595
"(1852.6461538461538, 1140.2307692307693)",Prevotella,4,13596
"(1852.126984126984, 1877.5079365079366)",Veillonella,4,13597
"(1853.2457627118645, 145.65254237288136)",Veillonella,4,13598
"(1858.0, 259.875)",Rothia,4,13599
"(1855.0666666666666, 595.7833333333333)",Veillonella,4,13600
"(1858.9871794871794, 648.4871794871794)",Veillonella,4,13601
"(1856.862745098039, 1057.8431372549019)",Veillonella,4,13602
"(1855.0641025641025, 1077.5641025641025)",Veillonella,4,13603
"(1853.3529411764705, 1185.4313725490197)",Veillonella,4,13604
"(1852.3396226415093, 1414.3584905660377)",Veillonella,4,13605
"(1853.1857142857143, 1434.6)",Rothia,4,13606
"(1852.8, 1802.1)",Veillonella,4,13607
"(1854.323076923077, 435.5230769230769)",Rothia,4,13608
"(1854.593220338983, 822.7627118644068)",Veillonella,4,13609
"(1853.9605263157894, 1121.921052631579)",Streptococcus,4,13610
"(1855.9166666666667, 25.642857142857142)",Rothia,4,13612
"(1855.6538461538462, 619.1538461538462)",Veillonella,4,13614
"(1857.958762886598, 866.2164948453608)",Veillonella,4,13616
"(1857.989898989899, 1029.7070707070707)",Fusobacterium,4,13617
"(1857.5202702702702, 1509.4594594594594)",Fusobacterium,4,13619
"(1856.061224489796, 1737.6734693877552)",Streptococcus,4,13620
"(1859.8287671232877, 1759.7328767123288)",Veillonella,4,13621
"(1855.4622641509434, 1779.622641509434)",Veillonella,4,13622
"(1857.4597701149426, 1045.6206896551723)",Veillonella,4,13623
"(1857.90625, 1606.21875)",Veillonella,4,13624
"(1859.1194029850747, 1710.8507462686566)",Veillonella,4,13625
"(1855.7916666666667, 1834.4027777777778)",Veillonella,4,13626
"(1855.967741935484, 1953.0967741935483)",Veillonella,4,13627
"(1861.3257575757575, 1990.8939393939395)",Veillonella,4,13628
"(1856.258064516129, 231.90322580645162)",Rothia,4,13629
"(1857.9102564102564, 342.37179487179486)",Rothia,4,13631
"(1861.822033898305, 373.64406779661016)",Rothia,4,13632
"(1857.7042253521126, 1403.0845070422536)",Veillonella,4,13634
"(1863.7388535031846, 1669.0828025477706)",Veillonella,4,13635
"(1856.1923076923076, 420.59615384615387)",Rothia,4,13637
"(1857.9076923076923, 683.276923076923)",Veillonella,4,13638
"(1858.5094339622642, 834.8867924528302)",Veillonella,4,13639
"(1860.122641509434, 1341.6509433962265)",Veillonella,4,13640
"(1861.1818181818182, 1391.5568181818182)",Rothia,4,13642
"(1860.94776119403, 1816.358208955224)",Veillonella,4,13643
"(1864.544217687075, 10.666666666666666)",Fusobacterium,4,13644
"(1861.6442307692307, 40.48076923076923)",Fusobacterium,4,13645
"(1865.761658031088, 493.2849740932642)",Veillonella,4,13646
"(1860.780487804878, 1094.3333333333333)",Selenomonas,4,13647
"(1859.1411764705883, 1973.2)",Veillonella,4,13649
"(1864.0532544378698, 64.24260355029585)",Rothia,4,13650
"(1864.9666666666667, 85.52777777777777)",Rothia,4,13651
"(1860.372340425532, 1200.3617021276596)",Streptococcus,4,13652
"(1864.4363636363637, 1525.5363636363636)",Fusobacterium,4,13654
"(1862.4395604395604, 1682.131868131868)",Veillonella,4,13656
"(1860.7166666666667, 246.95)",Rothia,4,13657
"(1860.882882882883, 278.43243243243245)",Rothia,4,13658
"(1863.5913978494623, 1422.258064516129)",Fusobacterium,4,13659
"(1865.6175115207373, 1484.036866359447)",Fusobacterium,4,13660
"(1860.4142857142858, 1580.8285714285714)",Veillonella,4,13661
"(1868.9957983193278, 1940.2058823529412)",Rothia,4,13662
"(1864.3921568627452, 853.5686274509804)",Veillonella,4,13663
"(1863.3181818181818, 880.8484848484849)",Fusobacterium,4,13664
"(1864.21875, 913.125)",Fusobacterium,4,13665
"(1862.9054054054054, 958.9054054054054)",Rothia,4,13666
"(1867.5064102564102, 976.8076923076923)",Lautropia,4,13667
"(1861.9577464788733, 1267.605633802817)",Selenomonas,4,13668
"(1861.8961038961038, 1289.4415584415585)",Fusobacterium,4,13669
"(1871.7974683544303, 405.8818565400844)",Rothia,4,13672
"(1862.4545454545455, 993.3181818181819)",Fusobacterium,4,13674
"(1864.4096385542168, 1552.4578313253012)",Veillonella,4,13675
"(1864.1342281879195, 1644.2080536912752)",Veillonella,4,13676
"(1863.948051948052, 299.3246753246753)",Rothia,4,13679
"(1865.2328767123288, 1182.150684931507)",Veillonella,4,13680
"(1866.8139534883721, 1223.7596899224807)",Streptococcus,4,13681
"(1864.9344262295083, 1463.2622950819673)",Rothia,4,13682
"(1865.21875, 352.046875)",Rothia,4,13683
"(1867.1836734693877, 516.8877551020408)",Veillonella,4,13684
"(1865.1454545454546, 586.0545454545454)",Veillonella,4,13685
"(1870.2, 635.5133333333333)",Veillonella,4,13686
"(1873.0614525139665, 1070.7709497206704)",Rothia,4,13687
"(1865.595744680851, 1160.0531914893618)",Veillonella,4,13688
"(1865.2278481012659, 1242.3544303797469)",Veillonella,4,13689
"(1869.6014492753623, 1704.6739130434783)",Veillonella,4,13690
"(1865.659090909091, 1908.5454545454545)",Veillonella,4,13691
"(1868.2433333333333, 557.6066666666667)",Veillonella,4,13692
"(1866.5443037974683, 1134.2025316455697)",Selenomonas,4,13693
"(1866.9444444444443, 1358.736111111111)",Veillonella,4,13694
"(1865.375, 1563.453125)",Veillonella,4,13695
"(1868.7211538461538, 1792.451923076923)",Veillonella,4,13696
"(1868.0689655172414, 155.26436781609195)",Rothia,4,13697
"(1870.132450331126, 431.34437086092714)",Rothia,4,13698
"(1869.5577889447236, 929.964824120603)",Rothia,4,13699
"(1867.338028169014, 1109.8028169014085)",Veillonella,4,13700
"(1869.3333333333333, 1616.060606060606)",Veillonella,4,13701
"(1868.0204081632653, 1775.0408163265306)",Veillonella,4,13702
"(1873.6935483870968, 531.1532258064516)",Veillonella,4,13703
"(1867.9421487603306, 698.4214876033058)",Veillonella,4,13704
"(1868.8088235294117, 742.3970588235294)",Veillonella,4,13705
"(1868.2953020134228, 1443.0268456375838)",Rothia,4,13706
"(1868.8620689655172, 1883.7816091954023)",Fusobacterium,4,13707
"(1869.215909090909, 1960.1818181818182)",Veillonella,4,13708
"(1869.6991150442477, 135.61946902654867)",Rothia,4,13709
"(1868.4807692307693, 170.48076923076923)",Rothia,4,13710
"(1871.4897959183672, 198.21768707482994)",Rothia,4,13711
"(1868.5333333333333, 1375.1333333333334)",Veillonella,4,13714
"(1870.0819672131147, 1740.2377049180327)",Veillonella,4,13715
"(1872.2561983471073, 221.53719008264463)",Rothia,4,13716
"(1870.7710843373493, 316.5903614457831)",Rothia,4,13717
"(1872.8709677419354, 623.6021505376344)",Veillonella,4,13718
"(1871.4672897196263, 829.4579439252336)",Veillonella,4,13719
"(1870.191011235955, 1124.876404494382)",Veillonella,4,13720
"(1873.0927835051546, 1257.5051546391753)",Veillonella,4,13721
"(1871.1546391752577, 1327.5257731958764)",Veillonella,4,13722
"(1872.3908045977012, 288.6551724137931)",Rothia,4,13723
"(1875.6666666666667, 333.3643410852713)",Rothia,4,13724
"(1869.967741935484, 780.2903225806451)",Prevotella,4,13725
"(1872.73, 813.0)",Veillonella,4,13726
"(1872.2666666666667, 1310.1333333333334)",Veillonella,4,13727
"(1872.5180722891566, 1411.3373493975903)",Rothia,4,13728
"(1870.1705426356589, 1591.0)",Veillonella,4,13729
"(1871.948051948052, 1845.5194805194806)",Veillonella,4,13731
"(1872.2183908045977, 1871.1954022988505)",Streptococcus,4,13732
"(1873.3559322033898, 33.152542372881356)",Fusobacterium,4,13733
"(1876.2888888888888, 377.02222222222224)",Rothia,4,13736
"(1871.7826086956522, 793.304347826087)",Rothia,4,13737
"(1875.0625, 900.34375)",Veillonella,4,13738
"(1873.246153846154, 1051.9769230769232)",Rothia,4,13739
"(1874.0566037735848, 1541.9716981132076)",Rothia,4,13740
"(1873.9166666666667, 1570.654761904762)",Veillonella,4,13741
"(1873.1666666666667, 1833.2948717948718)",Veillonella,4,13742
"(1880.64598540146, 109.56204379562044)",Veillonella,4,13743
"(1884.0905511811025, 241.0748031496063)",Rothia,4,13744
"(1880.7032967032967, 876.0384615384615)",Veillonella,4,13745
"(1875.1973684210527, 1685.8684210526317)",Veillonella,4,13746
"(1874.1960784313726, 1810.4901960784314)",Veillonella,4,13747
"(1878.9579831932774, 163.63025210084032)",Rothia,4,13749
"(1875.7191011235955, 346.24719101123594)",Rothia,4,13750
"(1876.945945945946, 1033.4054054054054)",Fusobacterium,4,13751
"(1874.2428571428572, 1291.9142857142858)",Veillonella,4,13752
"(1876.0588235294117, 1506.7142857142858)",Veillonella,4,13753
"(1880.904761904762, 1896.3214285714287)",Veillonella,4,13755
"(1878.1127819548872, 1923.8496240601503)",Pasteurellaceae,4,13756
"(1873.94, 1200.64)",Selenomonas,4,13758
"(1875.313432835821, 1475.7164179104477)",Rothia,4,13759
"(1875.1509433962265, 1626.5094339622642)",Fusobacterium,4,13760
"(1875.65, 47.766666666666666)",Rothia,4,13761
"(1875.8620689655172, 749.7126436781609)",Neisseria,4,13762
"(1879.2797202797203, 766.2867132867133)",Veillonella,4,13763
"(1877.186274509804, 1084.5)",Rothia,4,13764
"(1876.8285714285714, 1280.1857142857143)",Veillonella,4,13766
"(1875.425, 1388.9875)",Veillonella,4,13767
"(1880.42, 1531.52)",Rothia,4,13768
"(1876.232142857143, 1755.25)",Veillonella,4,13769
"(1876.56, 1966.66)",Veillonella,4,13770
"(1880.2432432432433, 685.009009009009)",Veillonella,4,13771
"(1878.659574468085, 1722.595744680851)",Veillonella,4,13774
"(1879.1707317073171, 1771.378048780488)",Veillonella,4,13775
"(1881.0632911392406, 1976.3037974683543)",Veillonella,4,13776
"(1883.3529411764705, 10.450980392156863)",Fusobacterium,4,13777
"(1880.2622950819673, 185.1639344262295)",Rothia,4,13778
"(1881.1898734177216, 304.2911392405063)",Rothia,4,13779
"(1879.247191011236, 590.9550561797753)",Veillonella,4,13780
"(1879.164383561644, 731.986301369863)",Veillonella,4,13781
"(1878.9333333333334, 1003.4133333333333)",Fusobacterium,4,13782
"(1878.0714285714287, 1209.7857142857142)",Veillonella,4,13783
"(1884.5859872611466, 1429.6751592356688)",Fusobacterium,4,13784
"(1881.2932330827068, 1459.3533834586467)",Rothia,4,13785
"(1879.6698113207547, 263.62264150943395)",Rothia,4,13786
"(1883.7465753424658, 280.55479452054794)",Rothia,4,13787
"(1881.1684210526316, 519.2)",Veillonella,4,13788
"(1884.3516483516485, 1345.7802197802198)",Veillonella,4,13790
"(1877.446153846154, 1657.0923076923077)",Rothia,4,13792
"(1879.7636363636364, 1820.1454545454546)",Veillonella,4,13793
"(1880.462962962963, 25.12962962962963)",Fusobacterium,4,13794
"(1879.9565217391305, 70.1159420289855)",Rothia,4,13795
"(1882.368932038835, 504.6601941747573)",Veillonella,4,13796
"(1881.467213114754, 918.672131147541)",Rothia,4,13797
"(1882.4537037037037, 1557.9259259259259)",Veillonella,4,13798
"(1879.7702702702702, 1989.445945945946)",Veillonella,4,13799
"(1880.2542372881355, 85.64406779661017)",Rothia,4,13800
"(1882.1694915254238, 433.4406779661017)",Rothia,4,13802
"(1881.0947368421052, 717.421052631579)",Veillonella,4,13803
"(1881.7, 1141.35)",Veillonella,4,13804
"(1880.878787878788, 1368.560606060606)",Rothia,4,13805
"(1882.8088235294117, 1740.9558823529412)",Veillonella,4,13807
"(1883.5, 418.484375)",Rothia,4,13808
"(1882.7755102040817, 573.3673469387755)",Rothia,4,13809
"(1883.7777777777778, 671.3571428571429)",Veillonella,4,13810
"(1886.1805555555557, 703.9375)",Veillonella,4,13811
"(1884.7572815533981, 837.5825242718447)",Veillonella,4,13812
"(1883.3194444444443, 965.7430555555555)",Rothia,4,13813
"(1885.8923076923077, 990.3461538461538)",Fusobacterium,4,13814
"(1882.0093457943926, 1106.177570093458)",Rothia,4,13815
"(1882.1460674157304, 1167.629213483146)",Veillonella,4,13816
"(1886.912162162162, 1187.1283783783783)",Veillonella,4,13817
"(1885.689075630252, 1229.0084033613446)",Veillonella,4,13818
"(1884.2586206896551, 1398.655172413793)",Rothia,4,13819
"(1884.7068965517242, 1649.0)",Rothia,4,13820
"(1885.9637305699482, 146.84455958549222)",Rothia,4,13821
"(1883.76582278481, 1591.8227848101267)",Veillonella,4,13822
"(1883.923076923077, 55.84615384615385)",Fusobacterium,4,13824
"(1890.44, 1153.91)",Veillonella,4,13825
"(1896.2468513853905, 1518.007556675063)",Rothia,4,13826
"(1887.4957264957266, 1605.8803418803418)",Veillonella,4,13827
"(1883.509090909091, 1672.6181818181817)",Veillonella,4,13828
"(1887.7863247863247, 1913.2564102564102)",Veillonella,4,13829
"(1885.7619047619048, 217.23809523809524)",Rothia,4,13830
"(1888.1117647058823, 1793.664705882353)",Rothia,4,13832
"(1890.8818181818183, 545.3363636363637)",Veillonella,4,13834
"(1886.9921875, 789.8125)",Veillonella,4,13835
"(1887.0902777777778, 855.1111111111111)",Veillonella,4,13836
"(1887.6770833333333, 1127.7708333333333)",Rothia,4,13838
"(1885.875, 1247.0555555555557)",Veillonella,4,13839
"(1889.0, 1414.9791666666667)",Fusobacterium,4,13841
"(1890.7324840764331, 1480.9171974522294)",Fusobacterium,4,13842
"(1887.9512195121952, 40.73170731707317)",Fusobacterium,4,13843
"(1894.4824120603016, 389.2964824120603)",Rothia,4,13845
"(1888.894117647059, 822.0)",Veillonella,4,13846
"(1887.984126984127, 1216.6507936507937)",Veillonella,4,13847
"(1888.987012987013, 1384.6753246753246)",Rothia,4,13848
"(1885.4, 1631.2363636363636)",Rothia,4,13849
"(1892.4711538461538, 295.0576923076923)",Rothia,4,13851
"(1887.6933333333334, 408.25333333333333)",Rothia,4,13852
"(1891.4432989690722, 615.6907216494845)",Veillonella,4,13853
"(1888.021978021978, 1264.4945054945056)",Veillonella,4,13854
"(1888.0535714285713, 1615.9464285714287)",Veillonella,4,13856
"(1888.6404494382023, 1708.2359550561798)",Veillonella,4,13857
"(1889.1833333333334, 1725.6833333333334)",Veillonella,4,13858
"(1890.1603053435115, 1846.6030534351146)",Rothia,4,13860
"(1889.2727272727273, 631.2727272727273)",Veillonella,4,13862
"(1890.3370786516855, 904.7303370786517)",Veillonella,4,13863
"(1891.179856115108, 938.5395683453237)",Veillonella,4,13864
"(1890.5973154362416, 1021.3758389261745)",Fusobacterium,4,13865
"(1889.8985507246377, 1203.6666666666667)",Veillonella,4,13866
"(1891.5192307692307, 1279.576923076923)",Veillonella,4,13867
"(1893.4878048780488, 1448.7560975609756)",Rothia,4,13868
"(1888.2156862745098, 1863.8823529411766)",Saccharibacteria,4,13869
"(1889.6463414634147, 1877.8048780487804)",Streptococcus,4,13870
"(1889.9479166666667, 1950.84375)",Veillonella,4,13871
"(1897.606936416185, 182.5491329479769)",Rothia,4,13872
"(1888.826923076923, 356.84615384615387)",Rothia,4,13873
"(1890.623188405797, 599.8840579710145)",Veillonella,4,13874
"(1889.595744680851, 1319.7517730496454)",Veillonella,4,13875
"(1893.6144578313254, 1406.2771084337348)",Rothia,4,13876
"(1889.7058823529412, 316.9117647058824)",Rothia,4,13877
"(1892.3552631578948, 341.69736842105266)",Rothia,4,13878
"(1892.3188405797102, 749.5797101449275)",Veillonella,4,13879
"(1892.7919463087248, 1049.1006711409395)",Veillonella,4,13881
"(1897.4820359281437, 1076.131736526946)",Fusobacterium,4,13882
"(1894.4468085106382, 1117.7021276595744)",Veillonella,4,13883
"(1892.517857142857, 1743.732142857143)",Veillonella,4,13884
"(1891.9255319148936, 1759.063829787234)",Veillonella,4,13885
"(1891.6266666666668, 1776.56)",Veillonella,4,13886
"(1891.0277777777778, 1819.5555555555557)",Veillonella,4,13887
"(1893.1571428571428, 652.4285714285714)",Neisseria,4,13890
"(1895.568345323741, 1098.6762589928057)",Fusobacterium,4,13891
"(1898.1860465116279, 1375.546511627907)",Rothia,4,13892
"(1895.7238095238095, 1658.8190476190475)",Veillonella,4,13893
"(1893.298969072165, 76.69587628865979)",Fusobacterium,4,13894
"(1894.0493827160494, 269.0246913580247)",Rothia,4,13895
"(1894.7307692307693, 804.474358974359)",Veillonella,4,13897
"(1897.2820512820513, 1573.7008547008547)",Veillonella,4,13898
"(1899.9483870967742, 1834.9870967741936)",Veillonella,4,13899
"(1896.1411764705883, 27.48235294117647)",Rothia,4,13900
"(1896.8097826086957, 499.35869565217394)",Veillonella,4,13902
"(1894.676923076923, 692.0615384615385)",Veillonella,4,13903
"(1895.2888888888888, 727.8666666666667)",Veillonella,4,13904
"(1903.7623762376238, 1549.1584158415842)",Veillonella,4,13905
"(1896.4874371859296, 1686.0854271356784)",Veillonella,4,13906
"(1897.7285714285715, 1935.5285714285715)",Rothia,4,13907
"(1896.5168539325844, 1004.4494382022472)",Rothia,4,13908
"(1901.0121212121212, 132.72121212121212)",Rothia,4,13909
"(1897.943820224719, 372.5168539325843)",Rothia,4,13910
"(1896.8131868131868, 585.2417582417582)",Veillonella,4,13911
"(1895.2417582417581, 771.2857142857143)",Rothia,4,13912
"(1899.0206896551724, 1169.7724137931034)",Selenomonas,4,13915
"(1897.341463414634, 1241.9634146341464)",Veillonella,4,13916
"(1898.371794871795, 1355.6923076923076)",Veillonella,4,13917
"(1896.752380952381, 1643.9809523809524)",Veillonella,4,13918
"(1900.214953271028, 10.654205607476635)",Fusobacterium,4,13919
"(1901.6796875, 633.7421875)",Veillonella,4,13920
"(1896.1538461538462, 1628.826923076923)",Rothia,4,13921
"(1897.9528301886792, 58.764150943396224)",Fusobacterium,4,13922
"(1900.2022471910113, 535.2584269662922)",Neisseria,4,13924
"(1899.6136363636363, 560.8636363636364)",Rothia,4,13925
"(1900.561403508772, 667.6023391812865)",Neisseria,4,13926
"(1899.47311827957, 1331.720430107527)",Veillonella,4,13927
"(1904.3785046728972, 1900.8738317757009)",Veillonella,4,13928
"(1902.0568181818182, 39.20454545454545)",Rothia,4,13929
"(1898.4526315789474, 100.36842105263158)",Fusobacterium,4,13930
"(1899.1707317073171, 253.26829268292684)",Rothia,4,13931
"(1899.135593220339, 325.49152542372883)",Rothia,4,13932
"(1898.75, 358.5769230769231)",Rothia,4,13933
"(1897.5263157894738, 416.56140350877195)",Rothia,4,13934
"(1898.857142857143, 430.15714285714284)",Rothia,4,13935
"(1902.4556962025317, 739.0632911392405)",Veillonella,4,13936
"(1904.110465116279, 961.2325581395348)",Rothia,4,13937
"(1902.0945945945946, 992.9594594594595)",Rothia,4,13938
"(1901.7333333333333, 978.96)",Rothia,4,13940
"(1900.713043478261, 1295.608695652174)",Veillonella,4,13941
"(1900.4888888888888, 1589.8666666666666)",Fusobacterium,4,13944
"(1900.1060606060605, 1613.6818181818182)",Veillonella,4,13945
"(1902.9351851851852, 202.42592592592592)",Rothia,4,13946
"(1903.8989898989898, 223.33333333333334)",Rothia,4,13947
"(1901.2962962962963, 870.1666666666666)",Veillonella,4,13948
"(1901.3484848484848, 1145.939393939394)",Veillonella,4,13949
"(1900.3728813559321, 1256.5593220338983)",Streptococcus,4,13951
"(1905.8176795580112, 1490.3149171270718)",Rothia,4,13952
"(1901.7777777777778, 1970.5641025641025)",Rothia,4,13953
"(1902.3692307692309, 149.4923076923077)",Rothia,4,13954
"(1902.0, 276.0365853658537)",Rothia,4,13955
"(1908.6733668341708, 568.929648241206)",Rothia,4,13956
"(1902.9242424242425, 931.3333333333334)",Veillonella,4,13958
"(1906.4858757062148, 852.0451977401129)",Veillonella,4,13959
"(1903.078947368421, 882.9473684210526)",Veillonella,4,13960
"(1904.6969696969697, 1713.2878787878788)",Veillonella,4,13961
"(1903.5353535353536, 1732.8181818181818)",Veillonella,4,13962
"(1905.5069444444443, 1864.4097222222222)",Veillonella,4,13963
"(1910.3052631578948, 415.2631578947368)",Rothia,4,13966
"(1904.0217391304348, 1192.0434782608695)",Veillonella,4,13967
"(1911.3015384615385, 1778.4307692307693)",Veillonella,4,13968
"(1904.5631067961165, 1805.8349514563106)",Veillonella,4,13969
"(1905.1538461538462, 1885.8307692307692)",Veillonella,4,13970
"(1905.0777777777778, 1953.2888888888888)",Veillonella,4,13971
"(1909.8108108108108, 171.83783783783784)",Rothia,4,13972
"(1904.9789473684211, 306.33684210526314)",Rothia,4,13973
"(1905.5443037974683, 338.65822784810126)",Rothia,4,13974
"(1905.3699421965318, 826.5317919075145)",Veillonella,4,13976
"(1905.1666666666667, 1030.6376811594203)",Veillonella,4,13977
"(1905.3508771929824, 1448.3508771929824)",Rothia,4,13979
"(1913.768060836502, 1598.7034220532319)",Rothia,4,13980
"(1907.5505617977528, 604.7977528089888)",Pasteurellaceae,4,13982
"(1907.025641025641, 914.474358974359)",Pasteurellaceae,4,13983
"(1906.0740740740741, 1131.8148148148148)",Veillonella,4,13984
"(1906.6119402985075, 1272.7164179104477)",Veillonella,4,13985
"(1908.7288135593221, 1322.6864406779662)",Veillonella,4,13986
"(1910.3921568627452, 1665.3235294117646)",Veillonella,4,13987
"(1909.7222222222222, 345.22222222222223)",Rothia,4,13988
"(1915.15, 718.9208333333333)",Veillonella,4,13989
"(1910.9202898550725, 762.7101449275362)",Veillonella,4,13991
"(1910.4148936170213, 788.2340425531914)",Veillonella,4,13992
"(1907.0641025641025, 1232.3974358974358)",Veillonella,4,13993
"(1907.076923076923, 1464.3653846153845)",Fusobacterium,4,13994
"(1909.6702127659576, 1646.4893617021276)",Rothia,4,13995
"(1908.0, 317.2)",Rothia,4,13997
"(1913.0443037974683, 586.6012658227849)",Veillonella,4,13998
"(1922.5878787878787, 650.8636363636364)",Veillonella,4,13999
"(1907.8064516129032, 687.1935483870968)",Veillonella,4,14000
"(1912.581818181818, 1423.3909090909092)",Rothia,4,14001
"(1908.732142857143, 1753.8839285714287)",Veillonella,4,14002
"(1911.4259259259259, 75.20370370370371)",Fusobacterium,4,14003
"(1909.9368421052632, 442.37894736842105)",Rothia,4,14004
"(1910.9142857142858, 1062.3809523809523)",Fusobacterium,4,14005
"(1913.9265536723165, 1397.3050847457628)",Fusobacterium,4,14007
"(1911.5686274509803, 1217.7549019607843)",Veillonella,4,14009
"(1911.264705882353, 1683.2549019607843)",Veillonella,4,14011
"(1915.5981308411215, 39.32710280373832)",Rothia,4,14012
"(1910.986111111111, 356.125)",Rothia,4,14014
"(1912.7536231884058, 401.1449275362319)",Rothia,4,14015
"(1911.6984126984128, 925.6666666666666)",Veillonella,4,14016
"(1914.0616740088105, 1012.1321585903083)",Rothia,4,14017
"(1911.606334841629, 1108.0497737556561)",Veillonella,4,14018
"(1915.6601941747572, 1203.7475728155339)",Veillonella,4,14019
"(1911.7037037037037, 1261.1666666666667)",Veillonella,4,14020
"(1913.8214285714287, 1438.642857142857)",Rothia,4,14021
"(1912.5314685314686, 1623.7482517482517)",Veillonella,4,14022
"(1917.6482758620689, 10.324137931034484)",Fusobacterium,4,14023
"(1913.6338028169014, 111.63380281690141)",Rothia,4,14025
"(1912.5740740740741, 270.99074074074076)",Rothia,4,14026
"(1916.1654676258993, 808.7194244604317)",Veillonella,4,14027
"(1922.5342465753424, 1342.9041095890411)",Rothia,4,14028
"(1913.6451612903227, 199.08602150537635)",Rothia,4,14029
"(1913.4354838709678, 327.8225806451613)",Rothia,4,14030
"(1916.751879699248, 376.57894736842104)",Rothia,4,14031
"(1913.611111111111, 545.6)",Veillonella,4,14033
"(1917.7808988764045, 672.3539325842696)",Veillonella,4,14034
"(1914.4628099173553, 947.6115702479339)",Rothia,4,14035
"(1913.741573033708, 1926.4831460674156)",Veillonella,4,14036
"(1912.8923076923077, 1994.5692307692307)",Rothia,4,14037
"(1916.9791666666667, 59.520833333333336)",Fusobacterium,4,14038
"(1913.767857142857, 286.125)",Rothia,4,14039
"(1915.44776119403, 904.9701492537314)",Veillonella,4,14040
"(1916.3465346534654, 1177.1287128712872)",Veillonella,4,14041
"(1915.0, 1249.876923076923)",Veillonella,4,14042
"(1914.2878787878788, 1310.0)",Veillonella,4,14043
"(1914.476510067114, 1531.765100671141)",Veillonella,4,14044
"(1914.6101694915253, 1851.322033898305)",Veillonella,4,14045
"(1918.1559633027523, 154.88073394495413)",Fusobacterium,4,14046
"(1916.18, 447.04)",Rothia,4,14048
"(1918.5354330708662, 494.00787401574803)",Veillonella,4,14049
"(1915.4622641509434, 875.0188679245283)",Veillonella,4,14050
"(1918.595744680851, 892.7659574468086)",Rothia,4,14051
"(1916.415254237288, 981.5677966101695)",Rothia,4,14052
"(1918.6, 1160.7904761904763)",Veillonella,4,14053
"(1914.5568181818182, 1974.215909090909)",Rothia,4,14054
"(1915.886075949367, 245.55696202531647)",Rothia,4,14055
"(1920.5566037735848, 259.47169811320754)",Rothia,4,14056
"(1916.4021739130435, 698.4239130434783)",Veillonella,4,14057
"(1916.13698630137, 1046.0821917808219)",Veillonella,4,14058
"(1916.8383838383838, 1147.3737373737374)",Veillonella,4,14059
"(1917.219512195122, 1295.3292682926829)",Veillonella,4,14060
"(1917.0188679245282, 1505.5188679245282)",Veillonella,4,14061
"(1917.295081967213, 1940.8032786885246)",Veillonella,4,14064
"(1920.041095890411, 87.53424657534246)",Rothia,4,14065
"(1918.3357664233577, 140.16788321167883)",Rothia,4,14067
"(1916.4615384615386, 233.75384615384615)",Rothia,4,14068
"(1919.0806451612902, 431.03225806451616)",Rothia,4,14069
"(1918.0970873786407, 1084.1941747572816)",Veillonella,4,14070
"(1920.6204379562043, 1831.9270072992701)",Veillonella,4,14073
"(1921.1184210526317, 1192.6842105263158)",Rothia,4,14074
"(1921.126213592233, 1410.4466019417475)",Fusobacterium,4,14075
"(1919.957627118644, 1714.584745762712)",Veillonella,4,14076
"(1919.4939759036145, 1985.1927710843374)",Rothia,4,14077
"(1921.2018348623853, 309.39449541284404)",Rothia,4,14078
"(1925.2469879518073, 529.8192771084338)",Veillonella,4,14079
"(1922.6363636363637, 1065.6272727272728)",Fusobacterium,4,14081
"(1923.8853503184714, 1466.4585987261146)",Veillonella,4,14084
"(1924.7531380753137, 1737.7866108786611)",Veillonella,4,14085
"(1923.095238095238, 34.01190476190476)",Fusobacterium,4,14086
"(1921.4157303370787, 1804.5955056179776)",Veillonella,4,14087
"(1920.4, 1887.2142857142858)",Veillonella,4,14088
"(1921.842105263158, 217.22368421052633)",Rothia,4,14089
"(1920.46875, 780.1875)",Actinomyces,4,14090
"(1922.4791666666667, 837.25)",Veillonella,4,14092
"(1923.876712328767, 1910.6438356164383)",Rothia,4,14095
"(1924.6262626262626, 507.77777777777777)",Veillonella,4,14098
"(1928.8794642857142, 744.7901785714286)",Veillonella,4,14099
"(1925.2561983471073, 1326.1818181818182)",Veillonella,4,14100
"(1925.1571428571428, 1488.1642857142858)",Veillonella,4,14101
"(1924.938775510204, 1565.7755102040817)",Veillonella,4,14102
"(1926.0873015873017, 191.68253968253967)",Rothia,4,14103
"(1927.801282051282, 555.2371794871794)",Veillonella,4,14104
"(1922.298245614035, 932.7894736842105)",Veillonella,4,14105
"(1924.816091954023, 962.6206896551724)",Fusobacterium,4,14106
"(1924.7912087912089, 997.054945054945)",Rothia,4,14107
"(1923.377049180328, 1760.72131147541)",Veillonella,4,14108
"(1924.0, 1868.1306818181818)",Veillonella,4,14110
"(1924.327868852459, 181.27868852459017)",Rothia,4,14111
"(1926.6363636363637, 355.0)",Rothia,4,14113
"(1924.875, 603.9444444444445)",Veillonella,4,14115
"(1926.1758241758241, 859.0934065934066)",Veillonella,4,14116
"(1924.7534246575342, 103.5068493150685)",Rothia,4,14117
"(1924.7605633802816, 1240.5211267605634)",Veillonella,4,14120
"(1927.0229885057472, 1551.1724137931035)",Veillonella,4,14121
"(1926.908163265306, 1626.5510204081634)",Rothia,4,14122
"(1925.16091954023, 1792.6666666666667)",Veillonella,4,14123
"(1930.4930555555557, 291.1111111111111)",Rothia,4,14125
"(1928.9910714285713, 921.9196428571429)",Neisseria,4,14127
"(1925.2075471698113, 1183.433962264151)",Veillonella,4,14128
"(1927.191011235955, 1644.9550561797753)",Veillonella,4,14129
"(1927.7755102040817, 1894.6122448979593)",Veillonella,4,14130
"(1927.107142857143, 1963.297619047619)",Veillonella,4,14131
"(1928.6515151515152, 404.1287878787879)",Rothia,4,14134
"(1928.6206896551723, 635.7931034482758)",Neisseria,4,14135
"(1931.5202312138729, 1306.5953757225434)",Veillonella,4,14136
"(1929.5726495726497, 1516.8461538461538)",Veillonella,4,14137
"(1928.842105263158, 1692.4473684210527)",Veillonella,4,14138
"(1928.371794871795, 379.0)",Rothia,4,14141
"(1927.4814814814815, 574.7222222222222)",Veillonella,4,14142
"(1928.828125, 789.953125)",Pasteurellaceae,4,14143
"(1928.2692307692307, 1035.8846153846155)",Rothia,4,14144
"(1927.6323529411766, 1670.9411764705883)",Veillonella,4,14145
"(1932.9322033898304, 66.55932203389831)",Fusobacterium,4,14146
"(1929.1029411764705, 116.72058823529412)",Fusobacterium,4,14147
"(1931.5243902439024, 165.5731707317073)",Rothia,4,14148
"(1928.7424242424242, 707.4545454545455)",Neisseria,4,14149
"(1928.5, 882.56)",Veillonella,4,14150
"(1930.0102040816328, 1264.795918367347)",Veillonella,4,14152
"(1931.3252032520325, 1380.6747967479675)",Fusobacterium,4,14153
"(1928.9180327868853, 1534.327868852459)",Veillonella,4,14154
"(1932.4814814814815, 1587.4722222222222)",Veillonella,4,14155
"(1928.4606741573034, 1928.5393258426966)",Veillonella,4,14156
"(1930.6124031007753, 441.6511627906977)",Rothia,4,14157
"(1930.867469879518, 615.7951807228916)",Veillonella,4,14158
"(1930.5960591133005, 1120.1330049261085)",Rothia,4,14160
"(1931.7962962962963, 267.81481481481484)",Rothia,4,14161
"(1939.503448275862, 491.44827586206895)",Prevotella,4,14162
"(1932.991452991453, 807.0512820512821)",Veillonella,4,14164
"(1934.7169811320755, 976.2830188679245)",Fusobacterium,4,14165
"(1933.28, 991.63)",Rothia,4,14166
"(1931.4285714285713, 1095.857142857143)",Rothia,4,14167
"(1933.8241758241759, 1252.065934065934)",Veillonella,4,14169
"(1939.10625, 10.13125)",Fusobacterium,4,14170
"(1933.3243243243244, 341.6081081081081)",Rothia,4,14171
"(1932.8064516129032, 363.8225806451613)",Rothia,4,14172
"(1934.4786324786326, 718.2649572649573)",Neisseria,4,14174
"(1936.4903225806452, 824.8129032258065)",Veillonella,4,14175
"(1931.3653846153845, 950.9807692307693)",Fusobacterium,4,14176
"(1934.1824817518248, 1014.0875912408759)",Rothia,4,14177
"(1933.4126984126983, 1142.6349206349207)",Veillonella,4,14178
"(1932.2439024390244, 1283.7073170731708)",Veillonella,4,14179
"(1932.6597222222222, 1427.673611111111)",Rothia,4,14181
"(1934.0786516853932, 1809.2134831460673)",Rothia,4,14182
"(1936.877192982456, 1952.093567251462)",Rothia,4,14183
"(1936.7984496124031, 224.24031007751938)",Rothia,4,14185
"(1935.2435897435898, 1165.2051282051282)",Veillonella,4,14187
"(1935.7440476190477, 1767.1488095238096)",Rothia,4,14189
"(1933.7575757575758, 1979.490909090909)",Rothia,4,14191
"(1940.4127906976744, 420.54651162790697)",Rothia,4,14193
"(1934.046875, 671.4375)",Neisseria,4,14194
"(1935.7105263157894, 1084.4473684210527)",Rothia,4,14195
"(1936.954248366013, 1199.1633986928105)",Veillonella,4,14196
"(1934.5466666666666, 1235.48)",Veillonella,4,14197
"(1935.3904761904762, 1407.5714285714287)",Fusobacterium,4,14198
"(1934.7032967032967, 1607.5274725274726)",Veillonella,4,14199
"(1934.8783783783783, 1684.2432432432433)",Veillonella,4,14200
"(1935.5555555555557, 1752.1234567901236)",Rothia,4,14201
"(1934.642857142857, 212.94642857142858)",Rothia,4,14202
"(1936.5486725663716, 585.9203539823009)",Veillonella,4,14203
"(1936.4032258064517, 1074.725806451613)",Rothia,4,14204
"(1934.8309859154929, 1216.5070422535211)",Veillonella,4,14205
"(1935.4270833333333, 1446.03125)",Veillonella,4,14206
"(1942.6592592592592, 1541.0962962962963)",Veillonella,4,14207
"(1941.5419847328244, 1638.8931297709923)",Veillonella,4,14208
"(1937.716049382716, 80.66666666666667)",Rothia,4,14209
"(1935.9875, 776.0125)",Veillonella,4,14211
"(1943.5272727272727, 844.9545454545455)",Veillonella,4,14212
"(1937.1538461538462, 895.2615384615384)",Pasteurellaceae,4,14213
"(1936.2435897435898, 1364.7307692307693)",Fusobacterium,4,14214
"(1940.5625, 328.575)",Rothia,4,14215
"(1940.3, 910.0363636363636)",Rothia,4,14216
"(1936.9770114942528, 1062.2183908045977)",Fusobacterium,4,14217
"(1939.054347826087, 1482.695652173913)",Veillonella,4,14218
"(1940.237037037037, 1718.4666666666667)",Veillonella,4,14219
"(1937.3676470588234, 1840.3676470588234)",Veillonella,4,14220
"(1940.0084033613446, 45.80672268907563)",Fusobacterium,4,14221
"(1937.5333333333333, 104.73333333333333)",Rothia,4,14222
"(1939.6442307692307, 129.80769230769232)",Rothia,4,14223
"(1937.3373493975903, 386.28915662650604)",Rothia,4,14225
"(1938.781512605042, 1178.18487394958)",Veillonella,4,14226
"(1942.7692307692307, 1552.965811965812)",Veillonella,4,14227
"(1942.9406392694063, 1791.13698630137)",Rothia,4,14228
"(1942.1176470588234, 171.80392156862746)",Rothia,4,14229
"(1942.4479166666667, 267.9791666666667)",Rothia,4,14230
"(1941.1949685534591, 516.9622641509434)",Neisseria,4,14232
"(1939.377358490566, 761.8490566037735)",Veillonella,4,14233
"(1940.0240963855422, 1825.4096385542168)",Veillonella,4,14234
"(1943.2204724409448, 1886.1102362204724)",Rothia,4,14235
"(1951.876404494382, 1905.9325842696628)",Veillonella,4,14236
"(1940.9148936170213, 240.72340425531914)",Rothia,4,14237
"(1943.1122448979593, 402.6938775510204)",Rothia,4,14238
"(1940.6825396825398, 537.1111111111111)",Veillonella,4,14239
"(1940.3559322033898, 631.1864406779661)",Neisseria,4,14240
"(1940.54, 868.4)",Veillonella,4,14241
"(1943.8529411764705, 922.343137254902)",Neisseria,4,14242
"(1940.0192307692307, 1869.3653846153845)",Veillonella,4,14243
"(1942.06, 308.61)",Rothia,4,14245
"(1941.763440860215, 686.5591397849462)",Neisseria,4,14246
"(1943.5037593984962, 1048.187969924812)",Rothia,4,14248
"(1941.0461538461539, 1663.6153846153845)",Veillonella,4,14249
"(1944.10989010989, 1919.6923076923076)",Veillonella,4,14250
"(1942.8857142857144, 27.97142857142857)",Rothia,4,14251
"(1949.1358695652175, 569.7934782608696)",Veillonella,4,14252
"(1943.0729166666667, 703.1145833333334)",Neisseria,4,14253
"(1942.15, 882.0833333333334)",Neisseria,4,14254
"(1942.1627906976744, 1296.8953488372092)",Veillonella,4,14255
"(1942.236559139785, 1327.720430107527)",Veillonella,4,14256
"(1942.1984126984128, 1570.2222222222222)",Rothia,4,14257
"(1947.6323529411766, 113.0220588235294)",Rothia,4,14259
"(1945.638888888889, 253.44444444444446)",Rothia,4,14260
"(1948.4516129032259, 793.2193548387097)",Veillonella,4,14262
"(1943.2297297297298, 964.081081081081)",Veillonella,4,14263
"(1944.638888888889, 1104.9444444444443)",Rothia,4,14264
"(1942.7924528301887, 1134.6415094339623)",Rothia,4,14265
"(1943.9173553719008, 1351.1818181818182)",Rothia,4,14267
"(1943.0, 1592.9137931034484)",Veillonella,4,14268
"(1942.6323529411766, 1933.1617647058824)",Veillonella,4,14269
"(1943.8987341772151, 151.48101265822785)",Rothia,4,14270
"(1944.6, 943.8285714285714)",Neisseria,4,14272
"(1951.787037037037, 1032.263888888889)",Rothia,4,14273
"(1952.3970276008492, 1386.1974522292994)",Rothia,4,14274
"(1947.7911111111111, 1467.3777777777777)",Veillonella,4,14275
"(1945.4117647058824, 1623.5647058823529)",Veillonella,4,14276
"(1945.4660194174758, 1739.116504854369)",Veillonella,4,14277
"(1957.9795081967213, 1806.5737704918033)",Pasteurellaceae,4,14278
"(1948.92, 57.96)",Rothia,4,14279
"(1947.7983870967741, 545.1290322580645)",Veillonella,4,14282
"(1944.016129032258, 560.5967741935484)",Veillonella,4,14283
"(1946.5288461538462, 611.8942307692307)",Veillonella,4,14284
"(1945.2823529411764, 996.6117647058824)",Fusobacterium,4,14285
"(1944.7735849056603, 1011.3018867924528)",Rothia,4,14286
"(1945.0, 1227.2714285714285)",Veillonella,4,14287
"(1946.0550458715597, 1271.2752293577983)",Veillonella,4,14288
"(1946.4065934065934, 91.43956043956044)",Rothia,4,14289
"(1948.2658959537573, 443.60115606936415)",Rothia,4,14292
"(1948.9719626168223, 592.0560747663551)",Veillonella,4,14293
"(1955.149090909091, 1250.4327272727273)",Veillonella,4,14295
"(1949.3941605839416, 1679.4744525547446)",Veillonella,4,14296
"(1946.1475409836066, 210.0)",Rothia,4,14297
"(1947.2264150943397, 374.1509433962264)",Rothia,4,14298
"(1950.125, 1340.7083333333333)",Veillonella,4,14299
"(1947.969465648855, 1512.0229007633588)",Veillonella,4,14300
"(1951.7847222222222, 1659.4583333333333)",Veillonella,4,14301
"(1950.0162601626016, 285.0243902439024)",Rothia,4,14302
"(1953.7179487179487, 660.2871794871795)",Veillonella,4,14304
"(1952.9870967741936, 751.8322580645162)",Veillonella,4,14305
"(1947.2666666666667, 1122.5666666666666)",Rothia,4,14306
"(1951.5454545454545, 1359.8264462809918)",Rothia,4,14307
"(1950.763888888889, 1419.8055555555557)",Veillonella,4,14308
"(1952.4791666666667, 1580.5729166666667)",Rothia,4,14309
"(1948.0617283950617, 1965.2962962962963)",Veillonella,4,14310
"(1949.4545454545455, 185.5818181818182)",Rothia,4,14311
"(1948.8382352941176, 778.1029411764706)",Veillonella,4,14312
"(1949.1529411764707, 1086.2470588235294)",Rothia,4,14313
"(1951.1767955801106, 1849.1602209944751)",Veillonella,4,14314
"(1950.03125, 1982.6875)",Rothia,4,14315
"(1949.921568627451, 135.84313725490196)",Rothia,4,14316
"(1953.9761904761904, 499.8333333333333)",Veillonella,4,14317
"(1951.8532110091744, 895.2018348623853)",Veillonella,4,14318
"(1948.9558823529412, 1064.1470588235295)",Rothia,4,14319
"(1953.4140625, 1491.4296875)",Veillonella,4,14320
"(1950.4666666666667, 1696.9)",Veillonella,4,14321
"(1948.8490566037735, 1771.7735849056603)",Rothia,4,14322
"(1950.7222222222222, 344.2962962962963)",Rothia,4,14324
"(1952.8068181818182, 624.4204545454545)",Veillonella,4,14325
"(1951.5555555555557, 716.2037037037037)",Neisseria,4,14326
"(1958.3366336633662, 814.937293729373)",Rothia,4,14327
"(1950.952380952381, 1315.3015873015872)",Rothia,4,14328
"(1957.7096774193549, 1610.10599078341)",Rothia,4,14329
"(1951.191011235955, 979.9101123595506)",Fusobacterium,4,14331
"(1952.8387096774193, 1016.9032258064516)",Fusobacterium,4,14332
"(1954.1, 1439.923076923077)",Veillonella,4,14333
"(1960.4213483146068, 1773.7556179775281)",Rothia,4,14334
"(1953.2368421052631, 1931.092105263158)",Veillonella,4,14335
"(1956.5523809523809, 11.085714285714285)",Fusobacterium,4,14336
"(1957.4845360824743, 730.8762886597938)",Veillonella,4,14338
"(1952.0388349514562, 1182.009708737864)",Veillonella,4,14339
"(1953.297619047619, 1202.8214285714287)",Veillonella,4,14340
"(1955.623188405797, 410.7826086956522)",Rothia,4,14343
"(1954.9529411764706, 1150.5294117647059)",Veillonella,4,14346
"(1954.7283950617284, 1293.1851851851852)",Veillonella,4,14347
"(1954.958904109589, 1867.6986301369864)",Rothia,4,14348
"(1956.5420560747664, 42.046728971962615)",Rothia,4,14349
"(1957.4166666666667, 73.50595238095238)",Rothia,4,14350
"(1955.45, 241.75)",Rothia,4,14352
"(1956.2796610169491, 305.46610169491527)",Rothia,4,14353
"(1958.1801801801803, 519.1261261261261)",Veillonella,4,14355
"(1955.8, 675.0833333333334)",Veillonella,4,14356
"(1954.8032786885246, 1566.032786885246)",Veillonella,4,14357
"(1954.4833333333333, 1646.3166666666666)",Veillonella,4,14358
"(1955.9857142857143, 160.52857142857144)",Rothia,4,14360
"(1955.0746268656717, 175.53731343283582)",Rothia,4,14361
"(1956.5797101449275, 225.7826086956522)",Rothia,4,14362
"(1957.069306930693, 638.6138613861386)",Neisseria,4,14363
"(1955.6477272727273, 873.4772727272727)",Rothia,4,14365
"(1958.9908256880733, 1595.605504587156)",Fusobacterium,4,14366
"(1958.2222222222222, 430.07936507936506)",Rothia,4,14367
"(1960.674074074074, 962.8962962962963)",Veillonella,4,14369
"(1956.95, 1006.8)",Rothia,4,14370
"(1959.19, 1074.03)",Veillonella,4,14371
"(1958.6236559139784, 1829.1290322580646)",Veillonella,4,14373
"(1958.5181818181818, 1981.5363636363636)",Rothia,4,14374
"(1959.745283018868, 129.9433962264151)",Rothia,4,14375
"(1958.7758620689656, 215.44827586206895)",Rothia,4,14376
"(1968.6826923076924, 321.69711538461536)",Rothia,4,14377
"(1961.5819672131147, 382.4672131147541)",Rothia,4,14378
"(1961.5933014354066, 545.1435406698564)",Veillonella,4,14379
"(1960.0833333333333, 913.780303030303)",Veillonella,4,14380
"(1961.6682242990655, 1122.4532710280373)",Rothia,4,14382
"(1958.780487804878, 1165.6829268292684)",Veillonella,4,14383
"(1956.1090909090908, 1327.0181818181818)",Veillonella,4,14384
"(1960.8629032258063, 1888.5887096774193)",Fusobacterium,4,14385
"(1958.0, 1951.7926829268292)",Veillonella,4,14386
"(1959.21875, 260.40625)",Rothia,4,14387
"(1960.6704545454545, 930.7045454545455)",Neisseria,4,14388
"(1964.8588235294117, 194.49411764705883)",Rothia,4,14390
"(1960.027027027027, 1231.3243243243244)",Veillonella,4,14391
"(1960.969465648855, 1267.7175572519084)",Veillonella,4,14392
"(1967.7027027027027, 1302.3783783783783)",Veillonella,4,14393
"(1963.9268292682927, 1751.3170731707316)",Veillonella,4,14394
"(1965.0357142857142, 354.3482142857143)",Rothia,4,14395
"(1963.8818181818183, 777.1454545454545)",Veillonella,4,14397
"(1962.2912621359224, 852.3398058252427)",Veillonella,4,14398
"(1961.551282051282, 1962.2307692307693)",Veillonella,4,14399
"(1965.2056737588653, 95.9645390070922)",Rothia,4,14400
"(1964.5192307692307, 442.97115384615387)",Rothia,4,14401
"(1970.5978647686832, 588.3879003558719)",Veillonella,4,14402
"(1965.9057591623036, 1723.9790575916231)",Veillonella,4,14403
"(1963.9464285714287, 143.51785714285714)",Rothia,4,14404
"(1965.3465346534654, 271.1287128712871)",Rothia,4,14405
"(1967.2824858757062, 609.9435028248588)",Veillonella,4,14407
"(1965.311320754717, 882.7264150943396)",Veillonella,4,14408
"(1968.75, 1936.0119047619048)",Veillonella,4,14410
"(1970.2929292929293, 114.79292929292929)",Rothia,4,14411
"(1964.5396825396826, 368.87301587301585)",Rothia,4,14413
"(1965.2142857142858, 709.8775510204082)",Neisseria,4,14414
"(1966.295918367347, 837.1428571428571)",Veillonella,4,14415
"(1963.1195652173913, 1191.7608695652175)",Veillonella,4,14416
"(1967.6827586206896, 1208.7655172413793)",Veillonella,4,14417
"(1964.2990654205607, 1343.2897196261683)",Veillonella,4,14418
"(1969.6883116883116, 1464.2207792207791)",Veillonella,4,14419
"(1963.9705882352941, 1534.9411764705883)",Veillonella,4,14420
"(1963.8333333333333, 1551.2261904761904)",Veillonella,4,14421
"(1965.8765432098764, 287.22222222222223)",Rothia,4,14422
"(1965.5961538461538, 413.21153846153845)",Rothia,4,14423
"(1965.9021739130435, 691.2391304347826)",Veillonella,4,14425
"(1965.6756756756756, 942.081081081081)",Veillonella,4,14426
"(1965.4628099173553, 985.2231404958678)",Veillonella,4,14427
"(1967.3246753246754, 1420.2532467532467)",Veillonella,4,14428
"(1974.5740072202166, 1507.404332129964)",Rothia,4,14429
"(1971.2347826086957, 10.4)",Fusobacterium,4,14430
"(1964.2153846153847, 29.70769230769231)",Rothia,4,14431
"(1965.8548387096773, 244.69354838709677)",Rothia,4,14432
"(1969.1512605042017, 1056.3025210084033)",Prevotella,4,14433
"(1968.1652173913044, 1360.9565217391305)",Veillonella,4,14435
"(1965.584745762712, 1633.6525423728813)",Veillonella,4,14436
"(1970.1166666666666, 207.81666666666666)",Rothia,4,14437
"(1967.2842105263157, 226.4)",Rothia,4,14438
"(1969.52688172043, 1106.784946236559)",Rothia,4,14440
"(1972.515337423313, 1668.9447852760736)",Rothia,4,14441
"(1966.5762711864406, 1843.1186440677966)",Veillonella,4,14442
"(1969.6373626373627, 179.3846153846154)",Rothia,4,14443
"(1969.754716981132, 568.5283018867924)",Veillonella,4,14445
"(1968.1971830985915, 767.3802816901408)",Veillonella,4,14446
"(1968.3645833333333, 1575.6041666666667)",Veillonella,4,14448
"(1969.0229885057472, 1701.4252873563219)",Veillonella,4,14449
"(1969.4, 1821.2736842105264)",Pasteurellaceae,4,14450
"(1969.1884057971015, 399.231884057971)",Rothia,4,14453
"(1971.1809523809525, 898.9047619047619)",Veillonella,4,14454
"(1971.1602564102564, 1038.9679487179487)",Prevotella,4,14455
"(1970.2941176470588, 1142.4607843137255)",Veillonella,4,14456
"(1973.9, 1445.4846153846154)",Veillonella,4,14457
"(1972.952380952381, 1867.5238095238096)",Veillonella,4,14458
"(1970.2467532467533, 49.116883116883116)",Rothia,4,14459
"(1970.553846153846, 58.46153846153846)",Rothia,4,14460
"(1971.5945945945946, 301.2072072072072)",Rothia,4,14461
"(1974.8851674641148, 639.0717703349283)",Veillonella,4,14462
"(1971.5176470588235, 720.435294117647)",Veillonella,4,14463
"(1970.6052631578948, 799.2894736842105)",Veillonella,4,14464
"(1972.4076086956522, 1398.6521739130435)",Veillonella,4,14465
"(1969.3636363636363, 1983.8333333333333)",Rothia,4,14467
"(1975.3076923076924, 488.68531468531467)",Rothia,4,14468
"(1978.4746835443038, 511.22151898734177)",Veillonella,4,14469
"(1974.4186046511627, 675.4651162790698)",Veillonella,4,14470
"(1971.24, 867.4)",Veillonella,4,14471
"(1971.4556962025317, 1331.9240506329113)",Veillonella,4,14473
"(1972.0531914893618, 1685.8085106382978)",Veillonella,4,14474
"(1972.875, 77.25)",Prevotella,4,14475
"(1980.902097902098, 1017.9545454545455)",Veillonella,4,14477
"(1972.3013698630136, 1487.9315068493152)",Veillonella,4,14478
"(1972.2368421052631, 1652.9342105263158)",Veillonella,4,14479
"(1975.0987654320988, 153.19753086419752)",Rothia,4,14480
"(1973.2878787878788, 230.8030303030303)",Rothia,4,14481
"(1973.1648351648353, 527.7032967032967)",Veillonella,4,14482
"(1972.3118279569892, 1159.6236559139784)",Rothia,4,14483
"(1976.4324324324325, 1996.918918918919)",Rothia,4,14484
"(1973.3333333333333, 735.6933333333334)",Veillonella,4,14485
"(1976.8039215686274, 1089.9803921568628)",Rothia,4,14486
"(1974.8990825688074, 1232.211009174312)",Veillonella,4,14487
"(1975.9464285714287, 1735.892857142857)",Veillonella,4,14488
"(1976.202380952381, 1813.6904761904761)",Pasteurellaceae,4,14489
"(1973.9855072463768, 1968.7826086956522)",Veillonella,4,14490
"(1976.6744186046512, 130.0)",Rothia,4,14492
"(1977.025974025974, 371.6233766233766)",Rothia,4,14493
"(1977.2878787878788, 387.7878787878788)",Rothia,4,14494
"(1975.2325581395348, 416.2093023255814)",Rothia,4,14495
"(1975.7101449275362, 972.7391304347826)",Neisseria,4,14496
"(1978.098901098901, 1072.901098901099)",Prevotella,4,14497
"(1975.5376344086021, 1177.279569892473)",Veillonella,4,14498
"(1979.639534883721, 1774.5348837209303)",Veillonella,4,14499
"(1976.313253012048, 1952.4819277108434)",Veillonella,4,14500
"(1976.095238095238, 251.8095238095238)",Rothia,4,14501
"(1976.2386363636363, 1749.375)",Veillonella,4,14502
"(1978.840425531915, 1916.1808510638298)",Veillonella,4,14503
"(1980.3089430894308, 338.3252032520325)",Rothia,4,14504
"(1976.8852459016393, 994.7213114754098)",Veillonella,4,14505
"(1979.2307692307693, 1108.8615384615384)",Rothia,4,14506
"(1979.0857142857142, 1217.1571428571428)",Veillonella,4,14507
"(1978.6538461538462, 1285.7692307692307)",Veillonella,4,14508
"(1977.0925925925926, 1601.3055555555557)",Veillonella,4,14509
"(1978.517857142857, 1836.0982142857142)",Veillonella,4,14510
"(1978.10989010989, 1898.3626373626373)",Veillonella,4,14511
"(1980.5, 195.63235294117646)",Rothia,4,14512
"(1979.7704918032787, 622.9344262295082)",Neisseria,4,14514
"(1980.302752293578, 927.9633027522935)",Neisseria,4,14515
"(1982.53125, 1129.90625)",Rothia,4,14516
"(1982.84, 1310.24)",Veillonella,4,14517
"(1978.4183673469388, 1353.1020408163265)",Veillonella,4,14518
"(1979.1724137931035, 1479.6379310344828)",Veillonella,4,14519
"(1980.1119402985075, 1535.9253731343283)",Rothia,4,14520
"(1978.066037735849, 1557.433962264151)",Veillonella,4,14521
"(1979.3013698630136, 1627.349315068493)",Rothia,4,14522
"(1985.2148760330579, 942.4876033057851)",Veillonella,4,14523
"(1980.2530864197531, 1253.0493827160494)",Veillonella,4,14524
"(1982.546511627907, 1326.3953488372092)",Veillonella,4,14525
"(1979.1147540983607, 1427.8032786885246)",Veillonella,4,14526
"(1980.121212121212, 87.27272727272727)",Veillonella,4,14527
"(1979.09375, 270.71875)",Rothia,4,14528
"(1985.6517857142858, 541.0178571428571)",Veillonella,4,14529
"(1986.2245989304813, 572.7914438502673)",Veillonella,4,14530
"(1981.469135802469, 665.0)",Veillonella,4,14531
"(1980.967213114754, 741.4918032786885)",Veillonella,4,14532
"(1981.142857142857, 816.2142857142857)",Veillonella,4,14533
"(1982.8861788617887, 849.0731707317074)",Veillonella,4,14534
"(1985.7739130434782, 102.13913043478261)",Rothia,4,14536
"(1988.6824324324325, 144.31756756756758)",Rothia,4,14537
"(1984.3636363636363, 1851.4297520661157)",Veillonella,4,14538
"(1982.918918918919, 65.89189189189189)",Rothia,4,14539
"(1981.3214285714287, 357.82142857142856)",Rothia,4,14540
"(1981.8125, 444.421875)",Rothia,4,14541
"(1985.9551282051282, 891.2115384615385)",Veillonella,4,14542
"(1986.031847133758, 956.7707006369427)",Neisseria,4,14543
"(1983.958041958042, 1576.0839160839162)",Veillonella,4,14544
"(1983.4193548387098, 9.612903225806452)",Fusobacterium,4,14545
"(1982.734375, 39.984375)",Rothia,4,14546
"(1983.6475409836066, 1384.811475409836)",Veillonella,4,14549
"(1984.4027777777778, 1700.4375)",Veillonella,4,14550
"(1986.6515151515152, 1796.3636363636363)",Veillonella,4,14551
"(1983.1568627450981, 1963.9607843137255)",Lautropia,4,14552
"(1984.7747747747749, 175.0900900900901)",Fusobacterium,4,14553
"(1990.926605504587, 224.63761467889907)",Rothia,4,14554
"(1987.0823529411764, 305.3411764705882)",Rothia,4,14556
"(1990.9358974358975, 484.7692307692308)",Rothia,4,14557
"(1984.0, 769.5)",Neisseria,4,14558
"(1985.871794871795, 798.6217948717949)",Prevotella,4,14559
"(1988.740506329114, 912.9873417721519)",Neisseria,4,14561
"(1983.22, 1036.54)",Veillonella,4,14562
"(1987.3176470588235, 1893.070588235294)",Veillonella,4,14564
"(1989.4197530864199, 1985.1234567901236)",Veillonella,4,14565
"(1986.4875, 602.225)",Neisseria,4,14567
"(1987.4324324324325, 1460.0608108108108)",Veillonella,4,14568
"(1984.775, 1490.9375)",Veillonella,4,14569
"(1991.0752688172042, 51.51075268817204)",Rothia,4,14570
"(1989.4475524475524, 984.3426573426574)",Neisseria,4,14572
"(1988.6666666666667, 1051.7723577235772)",Veillonella,4,14573
"(1989.3552631578948, 1152.7236842105262)",Veillonella,4,14574
"(1986.5454545454545, 1196.7532467532467)",Veillonella,4,14575
"(1988.0, 1649.142857142857)",Veillonella,4,14576
"(1988.2745098039215, 720.7549019607843)",Veillonella,4,14577
"(1989.7676767676767, 752.1111111111111)",Veillonella,4,14578
"(1990.8155339805826, 1879.2330097087379)",Veillonella,4,14579
"(1990.3416666666667, 1928.5333333333333)",Veillonella,4,14580
"(1991.5833333333333, 198.2948717948718)",Rothia,4,14581
"(1988.05, 530.3166666666667)",Veillonella,4,14582
"(1992.5094339622642, 290.3018867924528)",Rothia,4,14583
"(1993.7079646017698, 1033.7610619469026)",Veillonella,4,14584
"(1990.4921875, 1114.5234375)",Rothia,4,14585
"(1992.2025316455697, 1217.0569620253164)",Veillonella,4,14587
"(1990.6043956043957, 127.47252747252747)",Veillonella,4,14588
"(1992.0084033613446, 420.65546218487395)",Rothia,4,14589
"(1992.6451612903227, 873.1774193548387)",Veillonella,4,14590
"(1991.1084337349398, 1343.6506024096386)",Veillonella,4,14591
"(1992.0121951219512, 1422.1829268292684)",Veillonella,4,14592
"(1992.6354679802955, 1601.8866995073893)",Rothia,4,14593
"(1991.7534246575342, 1718.4657534246576)",Veillonella,4,14594
"(1990.7674418604652, 1730.9883720930231)",Veillonella,4,14595
"(1993.5227272727273, 1761.9772727272727)",Veillonella,4,14596
"(1992.4684684684685, 1811.063063063063)",Prevotella,4,14597
"(1993.525, 10.9)",Fusobacterium,4,14598
"(1991.9222222222222, 383.3)",Rothia,4,14600
"(1991.2929292929293, 438.6161616161616)",Rothia,4,14601
"(1992.3009708737864, 704.504854368932)",Neisseria,4,14602
"(1991.4814814814815, 1081.031746031746)",Rothia,4,14603
"(1993.8088235294117, 1410.014705882353)",Veillonella,4,14604
"(1990.2956521739131, 1751.017391304348)",Veillonella,4,14605
"(1991.864406779661, 24.576271186440678)",Rothia,4,14606
"(1992.6634615384614, 77.22115384615384)",Rothia,4,14607
"(1992.5701754385964, 159.94736842105263)",Rothia,4,14608
"(1993.031746031746, 181.96825396825398)",Rothia,4,14609
"(1992.8783783783783, 323.63513513513516)",Rothia,4,14610
"(1992.175, 370.0375)",Rothia,4,14611
"(1992.854961832061, 621.9770992366413)",Neisseria,4,14612
"(1993.686567164179, 1134.2686567164178)",Rothia,4,14613
"(1992.724409448819, 1285.5039370078741)",Veillonella,4,14614
"(1992.89010989011, 1360.9120879120878)",Veillonella,4,14615
"(1992.8732394366198, 1396.338028169014)",Veillonella,4,14616
"(1993.672131147541, 1442.2377049180327)",Veillonella,4,14617
"(1993.8971962616822, 1479.9065420560748)",Veillonella,4,14618
"(1992.9610389610389, 1520.7272727272727)",Veillonella,4,14619
"(1992.6041666666667, 1629.2291666666667)",Rothia,4,14620
"(1991.8265895953757, 1673.8092485549132)",Veillonella,4,14621
"(1993.7945205479452, 1824.5342465753424)",Rothia,4,14622
"(1993.0, 1947.5714285714287)",Veillonella,4,14623
"(1992.8081395348838, 349.04651162790697)",Rothia,4,14624
"(1994.2077922077922, 503.2077922077922)",Veillonella,4,14625
"(1994.4418604651162, 730.6860465116279)",Veillonella,4,14626
"(1993.0714285714287, 1098.892857142857)",Rothia,4,14627
"(1993.5301204819277, 1232.5421686746988)",Veillonella,4,14628
"(1992.7156862745098, 1561.0588235294117)",Veillonella,4,14630
"(1994.3835616438357, 1776.5342465753424)",Veillonella,4,14631
"(1993.2264150943397, 33.18867924528302)",Rothia,4,14632
"(1993.3870967741937, 114.2258064516129)",Rothia,4,14633
"(1993.225806451613, 245.61290322580646)",Rothia,4,14634
"(1993.3367346938776, 262.4183673469388)",Rothia,4,14635
"(1993.0961538461538, 393.13461538461536)",Rothia,4,14636
"(1993.8524590163934, 821.5245901639345)",Veillonella,4,14637
"(1994.047619047619, 838.5357142857143)",Veillonella,4,14638
"(1994.3846153846155, 1331.0)",Veillonella,4,14639
"(1994.44, 1968.81)",Veillonella,4,14640
"(1994.173076923077, 403.7307692307692)",Rothia,4,14641
"(1995.1194029850747, 557.8059701492538)",Veillonella,4,14642
"(1994.037037037037, 595.3333333333334)",Veillonella,4,14643
"(1994.640625, 662.859375)",Prevotella,4,14644
"(1995.2711864406779, 685.271186440678)",Veillonella,4,14645
"(1994.6307692307691, 770.4)",Rothia,4,14646
"(1995.4285714285713, 1188.984126984127)",Veillonella,4,14647
"(1994.2, 1268.4)",Veillonella,4,14648
"(1995.2564102564102, 1839.320512820513)",Lautropia,4,14649
"(1995.472972972973, 1864.5)",Rothia,4,14650
"(1995.9, 1248.6142857142856)",Veillonella,4,14656
"(1995.7209302325582, 1503.3372093023256)",Veillonella,4,14657
"(1995.438596491228, 1536.877192982456)",Rothia,4,14658
"(1996.1746031746031, 1378.126984126984)",Veillonella,4,14661
