coord,sciname,tile,label
"(3.9452054794520546, 187.013698630137)",Selenomonas,0,2
"(4.635294117647059, 227.28235294117647)",Porphyromonas,0,3
"(7.184357541899441, 258.3631284916201)",Neisseria,0,4
"(3.973333333333333, 295.82666666666665)",Neisseria,0,5
"(5.465346534653466, 384.66336633663366)",Veillonella,0,6
"(2.2033898305084745, 415.33898305084745)",Veillonella,0,7
"(5.852941176470588, 471.9901960784314)",Veillonella,0,8
"(3.8555555555555556, 577.7222222222222)",Veillonella,0,10
"(4.352112676056338, 743.6901408450705)",Capnocytophaga,0,11
"(5.865853658536586, 866.6219512195122)",Neisseria,0,12
"(3.4482758620689653, 896.5)",Veillonella,0,13
"(5.713114754098361, 948.0081967213115)",Neisseria,0,14
"(5.703125, 974.640625)",Neisseria,0,15
"(5.101010101010101, 997.10101010101)",Neisseria,0,16
"(3.8823529411764706, 1092.9411764705883)",Neisseria,0,18
"(12.775933609958507, 1251.746887966805)",Neisseria,0,21
"(4.419354838709677, 1362.52688172043)",Neisseria,0,22
"(4.484848484848484, 1466.5151515151515)",Neisseria,0,23
"(7.792592592592593, 1480.4592592592592)",Neisseria,0,24
"(5.489795918367347, 1501.9183673469388)",Neisseria,0,25
"(5.803921568627451, 1516.921568627451)",Neisseria,0,26
"(5.192660550458716, 1584.0550458715597)",Neisseria,0,27
"(3.054726368159204, 1642.039800995025)",Neisseria,0,28
"(5.857142857142857, 1676.5)",Neisseria,0,29
"(8.965217391304348, 1842.7826086956522)",Neisseria,0,31
"(4.051282051282051, 1876.7435897435898)",Neisseria,0,32
"(8.059139784946236, 1925.532258064516)",Neisseria,0,33
"(3.4805194805194803, 1945.4025974025974)",Neisseria,0,34
"(8.783783783783784, 1957.144144144144)",Neisseria,0,35
"(5.413793103448276, 1986.5632183908046)",Neisseria,0,36
"(10.625766871165645, 1720.3067484662577)",Neisseria,0,37
"(6.762962962962963, 806.6148148148148)",Streptococcus,0,39
"(6.426966292134831, 1214.258426966292)",Neisseria,0,40
"(6.2375, 1347.1625)",Neisseria,0,41
"(7.541666666666667, 620.8333333333334)",Selenomonas,0,43
"(8.0, 647.0)",Streptococcus,0,44
"(6.974683544303797, 682.493670886076)",Neisseria,0,45
"(13.392857142857142, 1187.3080357142858)",Neisseria,0,46
"(11.875739644970414, 1755.5621301775147)",Neisseria,0,47
"(7.22, 1868.08)",Neisseria,0,48
"(13.06081081081081, 173.23648648648648)",Neisseria,0,50
"(9.307692307692308, 404.0879120879121)",Veillonella,0,51
"(13.078014184397164, 454.8510638297872)",Veillonella,0,52
"(9.630952380952381, 594.9642857142857)",Veillonella,0,53
"(9.780821917808218, 607.9041095890411)",Veillonella,0,54
"(7.705882352941177, 789.3333333333334)",Corynebacterium,0,55
"(14.91025641025641, 1329.4102564102564)",Neisseria,0,56
"(11.142857142857142, 1554.6258503401361)",Neisseria,0,57
"(7.91764705882353, 1901.3764705882354)",Neisseria,0,58
"(11.337078651685394, 551.5880149812734)",Streptococcus,0,59
"(9.069767441860465, 776.9767441860465)",Treponema,0,60
"(13.093457943925234, 1152.3084112149534)",Neisseria,0,63
"(8.397058823529411, 1376.6470588235295)",Neisseria,0,64
"(9.626506024096386, 1692.3493975903614)",Neisseria,0,65
"(10.2875, 1776.1375)",Neisseria,0,66
"(10.4375, 141.675)",Neisseria,0,67
"(12.085561497326204, 1390.8288770053475)",Neisseria,0,68
"(10.434343434343434, 1737.0707070707072)",Neisseria,0,69
"(9.924137931034483, 1805.7793103448275)",Neisseria,0,70
"(10.89873417721519, 209.21518987341773)",Veillonella,0,71
"(10.944444444444445, 343.2638888888889)",Veillonella,0,72
"(12.5, 1031.5192307692307)",Neisseria,0,74
"(13.34108527131783, 1050.7364341085272)",Neisseria,0,75
"(14.852713178294573, 1453.7596899224807)",Neisseria,0,77
"(11.333333333333334, 761.3333333333334)",Treponema,0,78
"(14.186440677966102, 1228.635593220339)",Neisseria,0,80
"(14.36, 1537.89)",Neisseria,0,81
"(12.835616438356164, 1662.876712328767)",Neisseria,0,82
"(12.137254901960784, 1855.6274509803923)",Neisseria,0,83
"(12.222222222222221, 1973.3827160493827)",Neisseria,0,84
"(15.09375, 631.6145833333334)",Veillonella,0,85
"(13.833333333333334, 906.6666666666666)",Neisseria,0,86
"(15.080459770114942, 953.6781609195402)",Neisseria,0,87
"(14.878787878787879, 1300.4141414141413)",Neisseria,0,88
"(13.472972972972974, 1412.554054054054)",Neisseria,0,89
"(17.728813559322035, 277.89830508474574)",Neisseria,0,91
"(24.04605263157895, 1023.171052631579)",Neisseria,0,92
"(12.850746268656716, 1279.2089552238806)",Neisseria,0,93
"(16.703389830508474, 1426.7627118644068)",Neisseria,0,94
"(14.82258064516129, 439.16129032258067)",Veillonella,0,95
"(14.821428571428571, 996.0535714285714)",Neisseria,0,96
"(15.234567901234568, 1602.4074074074074)",Neisseria,0,97
"(16.04705882352941, 1785.3882352941177)",Neisseria,0,98
"(17.086021505376344, 306.03225806451616)",Neisseria,0,99
"(16.98936170212766, 420.21276595744683)",Veillonella,0,100
"(15.91044776119403, 1125.865671641791)",Neisseria,0,101
"(21.340425531914892, 1165.6312056737588)",Neisseria,0,102
"(17.226666666666667, 1625.92)",Neisseria,0,103
"(20.61006289308176, 1644.9308176100628)",Neisseria,0,104
"(18.555555555555557, 195.00925925925927)",Neisseria,0,105
"(16.825581395348838, 980.2558139534884)",Neisseria,0,108
"(18.87037037037037, 154.35185185185185)",Neisseria,0,110
"(19.5, 356.7307692307692)",Veillonella,0,111
"(17.7027027027027, 1140.418918918919)",Neisseria,0,113
"(20.03191489361702, 1199.1063829787233)",Neisseria,0,114
"(20.65024630541872, 1492.896551724138)",Neisseria,0,115
"(17.724770642201836, 1886.5229357798164)",Neisseria,0,116
"(20.414285714285715, 374.14285714285717)",Veillonella,0,117
"(19.897196261682243, 578.3457943925233)",Veillonella,0,118
"(26.75, 612.7214285714285)",Veillonella,0,119
"(19.48314606741573, 654.9775280898876)",Veillonella,0,120
"(20.06024096385542, 689.7831325301205)",Pasteurellaceae,0,121
"(24.25, 706.420731707317)",Corynebacterium,0,122
"(22.380368098159508, 749.7055214723927)",Treponema,0,123
"(18.5, 788.0)",Treponema,0,124
"(19.65, 1313.8333333333333)",Neisseria,0,126
"(24.924137931034483, 1368.2413793103449)",Neisseria,0,127
"(19.580246913580247, 1574.8641975308642)",Neisseria,0,128
"(19.021505376344088, 1826.52688172043)",Neisseria,0,129
"(20.662337662337663, 225.5974025974026)",Veillonella,0,130
"(19.873684210526317, 242.26315789473685)",Veillonella,0,131
"(21.725, 597.8625)",Veillonella,0,132
"(21.925531914893618, 673.2765957446809)",Porphyromonas,0,133
"(23.88826815642458, 808.3016759776536)",Corynebacterium,0,134
"(20.830985915492956, 939.3661971830986)",Neisseria,0,135
"(22.696969696969695, 727.1590909090909)",Streptococcus,0,137
"(25.81512605042017, 776.09243697479)",Neisseria,0,138
"(20.560606060606062, 858.2121212121212)",Veillonella,0,139
"(20.831460674157302, 1094.1460674157304)",Neisseria,0,140
"(22.413333333333334, 1589.4666666666667)",Neisseria,0,141
"(20.945454545454545, 1962.5636363636363)",Neisseria,0,144
"(24.388349514563107, 75.97087378640776)",Neisseria,0,145
"(22.914529914529915, 403.4957264957265)",Veillonella,0,146
"(23.51851851851852, 1005.6913580246913)",Neisseria,0,147
"(23.58139534883721, 1268.4341085271317)",Neisseria,0,148
"(22.683823529411764, 1518.4117647058824)",Neisseria,0,149
"(29.09032258064516, 1906.7354838709678)",Neisseria,0,150
"(25.445945945945947, 638.4054054054054)",Veillonella,0,151
"(24.873684210526317, 877.9263157894737)",Neisseria,0,152
"(23.296875, 1437.59375)",Neisseria,0,153
"(23.489583333333332, 1701.5208333333333)",Neisseria,0,154
"(22.158730158730158, 1848.0)",Neisseria,0,155
"(31.649006622516556, 257.8675496688742)",Treponema,0,156
"(24.50632911392405, 290.34177215189874)",Actinomyces,0,157
"(27.074380165289256, 1468.190082644628)",Neisseria,0,158
"(31.722826086956523, 1758.2989130434783)",Neisseria,0,159
"(24.626506024096386, 1918.879518072289)",Neisseria,0,160
"(24.464788732394368, 1934.0281690140846)",Neisseria,0,161
"(31.409523809523808, 179.6952380952381)",Neisseria,0,162
"(26.0126582278481, 347.2911392405063)",Veillonella,0,163
"(25.0, 1107.4920634920634)",Neisseria,0,164
"(26.967032967032967, 1683.6153846153845)",Neisseria,0,165
"(25.26153846153846, 1811.2307692307693)",Neisseria,0,166
"(28.08730158730159, 1989.142857142857)",Neisseria,0,167
"(35.90780141843972, 212.62056737588654)",Veillonella,0,168
"(26.104166666666668, 435.4895833333333)",Veillonella,0,169
"(27.453488372093023, 474.27906976744185)",Veillonella,0,170
"(28.211009174311926, 1216.119266055046)",Neisseria,0,171
"(28.18831168831169, 1344.987012987013)",Neisseria,0,172
"(25.569444444444443, 1733.1805555555557)",Neisseria,0,173
"(27.795454545454547, 324.59090909090907)",Neisseria,0,174
"(31.686274509803923, 961.1830065359477)",Neisseria,0,175
"(28.772727272727273, 986.6136363636364)",Neisseria,0,176
"(27.0, 1775.04)",Neisseria,0,177
"(27.372093023255815, 1865.0581395348838)",Neisseria,0,178
"(28.626984126984127, 162.02380952380952)",Veillonella,0,179
"(29.433962264150942, 1394.6603773584907)",Neisseria,0,181
"(35.31428571428572, 1564.3657142857144)",Neisseria,0,182
"(28.08421052631579, 1664.3157894736842)",Neisseria,0,183
"(28.202898550724637, 1949.4347826086957)",Neisseria,0,184
"(30.7, 626.4285714285714)",Streptococcus,0,185
"(29.196969696969695, 1314.0454545454545)",Neisseria,0,186
"(29.380434782608695, 1550.3152173913043)",Neisseria,0,187
"(30.527131782945737, 896.7596899224807)",Veillonella,0,190
"(33.58653846153846, 1607.1923076923076)",Neisseria,0,192
"(32.009009009009006, 1714.882882882883)",Neisseria,0,193
"(31.51948051948052, 1742.4285714285713)",Neisseria,0,194
"(31.890625, 271.640625)",Neisseria,0,195
"(30.8125, 1410.2625)",Neisseria,0,198
"(32.05154639175258, 1837.1649484536083)",Neisseria,0,199
"(32.22222222222222, 1876.111111111111)",Neisseria,0,200
"(30.661016949152543, 386.23728813559325)",Veillonella,0,201
"(31.89189189189189, 863.7702702702703)",Veillonella,0,203
"(36.02857142857143, 1143.1918367346939)",Neisseria,0,205
"(34.090090090090094, 1245.2072072072071)",Neisseria,0,206
"(33.27272727272727, 1536.7613636363637)",Neisseria,0,207
"(34.89772727272727, 585.8522727272727)",Veillonella,0,208
"(35.836363636363636, 669.9272727272727)",Selenomonas,0,209
"(32.86153846153846, 791.2615384615384)",Veillonella,0,210
"(37.3963963963964, 1230.162162162162)",Neisseria,0,212
"(36.017341040462426, 1299.3988439306358)",Neisseria,0,213
"(34.101010101010104, 1519.6868686868686)",Neisseria,0,214
"(32.75925925925926, 1580.8148148148148)",Neisseria,0,215
"(32.1875, 1625.046875)",Neisseria,0,216
"(34.32786885245902, 1790.6967213114754)",Neisseria,0,217
"(33.44615384615385, 1889.8)",Neisseria,0,218
"(35.526881720430104, 397.1505376344086)",Veillonella,0,219
"(35.648936170212764, 554.1170212765958)",Veillonella,0,220
"(33.20634920634921, 654.6984126984127)",Streptococcus,0,221
"(34.57142857142857, 736.2380952380952)",Treponema,0,222
"(34.329268292682926, 1452.6097560975609)",Neisseria,0,223
"(35.06349206349206, 27.88888888888889)",Neisseria,0,225
"(38.986577181208055, 89.79865771812081)",Neisseria,0,226
"(36.401315789473685, 239.04605263157896)",Treponema,0,227
"(36.37234042553192, 305.56382978723406)",Veillonella,0,228
"(35.04347826086956, 427.39130434782606)",Veillonella,0,229
"(39.06703910614525, 687.5083798882681)",Corynebacterium,0,230
"(35.28169014084507, 818.7042253521126)",Neisseria,0,231
"(36.0, 1012.425)",Neisseria,0,232
"(35.18279569892473, 1426.2903225806451)",Neisseria,0,235
"(36.68131868131868, 192.34065934065933)",Treponema,0,237
"(35.859154929577464, 1195.8450704225352)",Neisseria,0,239
"(38.24657534246575, 1926.86301369863)",Neisseria,0,240
"(40.74766355140187, 368.0747663551402)",Veillonella,0,241
"(37.339285714285715, 374.73214285714283)",Veillonella,0,242
"(39.24561403508772, 1099.298245614035)",Neisseria,0,244
"(40.450450450450454, 1815.9279279279278)",Neisseria,0,247
"(43.25874125874126, 1951.3916083916083)",Neisseria,0,248
"(39.31372549019608, 283.4901960784314)",Actinomyces,0,249
"(37.544117647058826, 747.8823529411765)",Treponema,0,250
"(40.06194690265487, 940.4955752212389)",Neisseria,0,251
"(39.861702127659576, 1853.0)",Neisseria,0,252
"(42.0531914893617, 493.5159574468085)",Veillonella,0,253
"(39.97894736842105, 641.0421052631579)",Pasteurellaceae,0,254
"(41.192, 848.816)",Neisseria,0,255
"(45.285714285714285, 971.3533834586466)",Neisseria,0,256
"(40.416666666666664, 1502.8809523809523)",Neisseria,0,257
"(39.81308411214953, 1648.3644859813085)",Neisseria,0,258
"(41.426086956521736, 154.57391304347826)",Neisseria,0,259
"(40.50515463917526, 1698.041237113402)",Neisseria,0,261
"(42.62111801242236, 1727.136645962733)",Neisseria,0,262
"(41.195402298850574, 1973.8735632183907)",Neisseria,0,263
"(41.81818181818182, 414.8181818181818)",Veillonella,0,264
"(41.6, 830.3294117647059)",Pasteurellaceae,0,265
"(43.723270440251575, 880.2767295597484)",Veillonella,0,266
"(43.351851851851855, 1000.9722222222222)",Neisseria,0,267
"(40.79347826086956, 1033.5)",Neisseria,0,268
"(41.35, 1125.3375)",Neisseria,0,269
"(43.390243902439025, 1174.9268292682927)",Neisseria,0,270
"(43.5, 1257.5)",Neisseria,0,271
"(43.125, 1275.9791666666667)",Neisseria,0,272
"(53.0625, 442.01704545454544)",Veillonella,0,273
"(44.23134328358209, 467.3059701492537)",Veillonella,0,274
"(48.50218340611354, 725.2838427947598)",Streptococcus,0,275
"(44.247933884297524, 1365.603305785124)",Neisseria,0,276
"(46.25, 1987.5125)",Neisseria,0,277
"(46.27049180327869, 766.1967213114754)",Veillonella,0,279
"(45.89, 801.48)",Streptococcus,0,280
"(42.806451612903224, 1343.3225806451612)",Neisseria,0,281
"(43.4375, 1461.55)",Neisseria,0,282
"(44.214285714285715, 352.92857142857144)",Pasteurellaceae,0,283
"(46.66225165562914, 593.5562913907285)",Veillonella,0,285
"(46.5, 784.8534482758621)",Streptococcus,0,287
"(44.06666666666667, 1315.9666666666667)",Neisseria,0,288
"(45.00689655172414, 1411.7862068965517)",Neisseria,0,289
"(47.17197452229299, 1581.8343949044586)",Neisseria,0,290
"(43.6764705882353, 1680.0588235294117)",Neisseria,0,291
"(45.888888888888886, 1938.063492063492)",Neisseria,0,292
"(50.57142857142857, 519.4761904761905)",Veillonella,0,293
"(47.894444444444446, 616.0388888888889)",Streptococcus,0,294
"(46.17777777777778, 1207.3555555555556)",Neisseria,0,297
"(47.60215053763441, 314.8817204301075)",Neisseria,0,298
"(50.09478672985782, 1387.8578199052133)",Neisseria,0,299
"(46.689922480620154, 1833.3565891472867)",Neisseria,0,300
"(51.72781065088758, 246.55029585798817)",Neisseria,0,302
"(49.2962962962963, 703.2222222222222)",Streptococcus,0,303
"(49.00689655172414, 1328.4275862068966)",Neisseria,0,304
"(47.10958904109589, 1436.164383561644)",Neisseria,0,305
"(52.390243902439025, 1487.8731707317072)",Neisseria,0,306
"(46.48245614035088, 1522.7456140350878)",Neisseria,0,307
"(46.07142857142857, 1795.9571428571428)",Neisseria,0,308
"(55.179310344827584, 226.75862068965517)",Treponema,0,309
"(49.43076923076923, 261.75384615384615)",Streptococcus,0,310
"(54.45192307692308, 539.7451923076923)",Neisseria,0,312
"(48.18181818181818, 922.2727272727273)",Veillonella,0,313
"(48.60204081632653, 1112.1530612244899)",Neisseria,0,314
"(52.654545454545456, 1187.1727272727273)",Neisseria,0,315
"(50.44954128440367, 1450.2568807339449)",Neisseria,0,316
"(53.55172413793103, 1538.698275862069)",Neisseria,0,317
"(48.1078431372549, 1603.5196078431372)",Neisseria,0,318
"(51.723684210526315, 1624.0526315789473)",Neisseria,0,319
"(47.33846153846154, 1744.8)",Neisseria,0,320
"(54.20754716981132, 1901.9056603773586)",Neisseria,0,321
"(53.367816091954026, 296.71264367816093)",Neisseria,0,322
"(50.166666666666664, 1884.4888888888888)",Neisseria,0,323
"(53.926829268292686, 744.5365853658536)",Streptococcus,0,324
"(50.73015873015873, 985.5714285714286)",Neisseria,0,325
"(50.582089552238806, 1088.5671641791046)",Neisseria,0,326
"(51.708333333333336, 1218.0277777777778)",Neisseria,0,327
"(50.68354430379747, 1663.2911392405063)",Neisseria,0,328
"(51.58252427184466, 1868.0388349514562)",Neisseria,0,329
"(51.125, 382.140625)",Veillonella,0,330
"(51.93650793650794, 809.5396825396825)",Treponema,0,331
"(56.140625, 1649.4296875)",Neisseria,0,332
"(52.36144578313253, 1762.4819277108434)",Neisseria,0,333
"(56.48412698412698, 1775.5238095238096)",Neisseria,0,334
"(52.04477611940298, 51.343283582089555)",Veillonella,0,335
"(52.41891891891892, 344.1081081081081)",Neisseria,0,336
"(54.20224719101124, 426.03370786516854)",Veillonella,0,337
"(55.69655172413793, 940.3310344827586)",Neisseria,0,338
"(55.04132231404959, 650.3223140495868)",Streptococcus,0,339
"(53.130434782608695, 901.1478260869566)",Veillonella,0,340
"(54.25242718446602, 1136.2718446601941)",Treponema,0,342
"(54.1764705882353, 1552.9764705882353)",Neisseria,0,344
"(57.291666666666664, 476.1041666666667)",Veillonella,0,346
"(53.80701754385965, 562.8070175438596)",Veillonella,0,347
"(54.15853658536585, 573.390243902439)",Veillonella,0,348
"(55.37096774193548, 1011.1290322580645)",Neisseria,0,349
"(58.27272727272727, 1295.3181818181818)",Neisseria,0,350
"(55.372549019607845, 1307.1176470588234)",Neisseria,0,351
"(53.75, 1706.8823529411766)",Neisseria,0,352
"(55.773109243697476, 1959.4621848739496)",Neisseria,0,353
"(55.186440677966104, 326.8813559322034)",Neisseria,0,354
"(59.136, 817.576)",Neisseria,0,355
"(56.30232558139535, 957.1860465116279)",Neisseria,0,356
"(60.09815950920245, 1158.478527607362)",Neisseria,0,358
"(55.83185840707964, 1687.5398230088495)",Neisseria,0,359
"(56.885714285714286, 1992.5428571428572)",Neisseria,0,360
"(55.771929824561404, 287.10526315789474)",Veillonella,0,361
"(58.51020408163265, 635.4387755102041)",Veillonella,0,363
"(59.42142857142857, 1348.3785714285714)",Neisseria,0,364
"(59.671875, 1425.3828125)",Neisseria,0,365
"(57.825581395348834, 1568.360465116279)",Neisseria,0,366
"(55.775, 1804.85)",Neisseria,0,367
"(59.93181818181818, 270.95454545454544)",Neisseria,0,368
"(58.449438202247194, 363.3258426966292)",Veillonella,0,369
"(57.7752808988764, 396.9887640449438)",Veillonella,0,370
"(57.04225352112676, 456.80281690140845)",Veillonella,0,371
"(57.08474576271186, 833.4067796610169)",Neisseria,0,372
"(57.755102040816325, 852.2448979591836)",Veillonella,0,373
"(63.0, 1271.9556962025317)",Neisseria,0,374
"(58.45454545454545, 1851.8686868686868)",Neisseria,0,375
"(59.40944881889764, 678.3228346456693)",Pasteurellaceae,0,376
"(59.666666666666664, 867.8641975308642)",Neisseria,0,377
"(59.84313725490196, 970.5686274509804)",Neisseria,0,378
"(62.67368421052632, 1517.4315789473685)",Neisseria,0,380
"(58.71621621621622, 1976.7027027027027)",Neisseria,0,382
"(72.74433656957929, 1102.5566343042071)",Neisseria,0,384
"(61.129411764705885, 1399.9176470588236)",Neisseria,0,385
"(60.64705882352941, 1819.1411764705883)",Neisseria,0,386
"(59.851851851851855, 310.1111111111111)",Neisseria,0,387
"(60.55102040816327, 1743.4795918367347)",Neisseria,0,388
"(60.90163934426229, 336.1639344262295)",Neisseria,0,390
"(60.96551724137931, 620.1724137931035)",Veillonella,0,391
"(62.65263157894737, 1121.1368421052632)",Neisseria,0,392
"(64.59322033898304, 1361.8305084745762)",Neisseria,0,393
"(68.17105263157895, 762.7697368421053)",Treponema,0,395
"(62.0375, 785.2875)",Treponema,0,396
"(63.675324675324674, 997.3766233766233)",Neisseria,0,397
"(67.00854700854701, 1171.5811965811965)",Neisseria,0,398
"(69.2, 1217.1771428571428)",Neisseria,0,399
"(63.27710843373494, 1237.132530120482)",Neisseria,0,400
"(63.13846153846154, 1259.0)",Neisseria,0,401
"(65.62204724409449, 1475.5039370078741)",Neisseria,0,402
"(66.07853403141361, 494.5183246073298)",Veillonella,0,405
"(64.84, 586.36)",Streptococcus,0,406
"(71.22598870056497, 884.4689265536723)",Neisseria,0,407
"(65.00961538461539, 1327.5961538461538)",Neisseria,0,409
"(65.86301369863014, 1411.8219178082193)",Neisseria,0,410
"(63.398148148148145, 1446.2777777777778)",Neisseria,0,411
"(62.973333333333336, 1608.5066666666667)",Neisseria,0,413
"(64.16666666666667, 1721.2549019607843)",Neisseria,0,414
"(67.33653846153847, 1925.9134615384614)",Neisseria,0,415
"(64.29166666666667, 696.0138888888889)",Pasteurellaceae,0,416
"(68.23728813559322, 928.6101694915254)",Neisseria,0,417
"(66.5703125, 1702.625)",Neisseria,0,419
"(72.31782945736434, 380.17054263565893)",Veillonella,0,420
"(66.76923076923077, 421.5824175824176)",Veillonella,0,421
"(64.27826086956522, 609.1826086956522)",Selenomonas,0,422
"(64.85714285714286, 895.8571428571429)",Pasteurellaceae,0,423
"(65.875, 951.34375)",Neisseria,0,424
"(64.84883720930233, 1141.1162790697674)",Neisseria,0,425
"(64.41509433962264, 1939.188679245283)",Neisseria,0,426
"(71.82022471910112, 1314.370786516854)",Neisseria,0,429
"(67.64035087719299, 1662.0701754385964)",Neisseria,0,430
"(71.24778761061947, 212.63716814159292)",Treponema,0,431
"(68.36263736263736, 713.7142857142857)",Veillonella,0,433
"(68.77333333333333, 828.9866666666667)",Neisseria,0,434
"(68.6923076923077, 1378.2735042735044)",Neisseria,0,435
"(70.75806451612904, 1788.25)",Neisseria,0,436
"(68.34920634920636, 280.77777777777777)",Neisseria,0,438
"(69.68831168831169, 749.3766233766233)",Streptococcus,0,439
"(69.4927536231884, 1194.1014492753623)",Neisseria,0,440
"(70.89473684210526, 1458.7631578947369)",Neisseria,0,441
"(68.80434782608695, 1584.9130434782608)",Veillonella,0,442
"(68.36666666666666, 1674.65)",Neisseria,0,443
"(70.2159090909091, 1947.6477272727273)",Neisseria,0,444
"(68.42857142857143, 519.1111111111111)",Veillonella,0,445
"(69.140625, 665.71875)",Streptococcus,0,446
"(70.98425196850394, 846.503937007874)",Treponema,0,447
"(69.58064516129032, 963.5967741935484)",Neisseria,0,448
"(69.72413793103448, 1570.1896551724137)",Neisseria,0,449
"(69.453125, 1621.875)",Neisseria,0,450
"(68.57333333333334, 1910.84)",Veillonella,0,451
"(69.83050847457628, 246.135593220339)",Veillonella,0,452
"(69.71428571428571, 459.6233766233766)",Veillonella,0,453
"(70.50769230769231, 684.9384615384615)",Veillonella,0,454
"(73.04347826086956, 913.7826086956521)",Veillonella,0,455
"(76.14728682170542, 1011.7596899224807)",Neisseria,0,456
"(71.46031746031746, 556.3015873015873)",Veillonella,0,459
"(71.45762711864407, 735.0)",Treponema,0,460
"(72.24, 776.3733333333333)",Corynebacterium,0,461
"(75.92086330935251, 1497.1942446043165)",Neisseria,0,462
"(71.9, 1639.725)",Neisseria,0,463
"(71.06060606060606, 1865.3333333333333)",Neisseria,0,464
"(70.27777777777777, 1885.0555555555557)",Actinomyces,0,465
"(71.17391304347827, 1961.7826086956522)",Neisseria,0,466
"(72.53086419753086, 1839.2469135802469)",Neisseria,0,468
"(73.51086956521739, 1991.8260869565217)",Neisseria,0,469
"(73.53846153846153, 147.55384615384617)",Veillonella,0,470
"(74.11764705882354, 1248.5176470588235)",Neisseria,0,471
"(72.8688524590164, 1761.5409836065573)",Neisseria,0,472
"(74.91428571428571, 537.1857142857143)",Veillonella,0,473
"(75.0873786407767, 632.0)",Porphyromonas,0,474
"(74.25714285714285, 866.3142857142857)",Neisseria,0,475
"(73.62121212121212, 986.4090909090909)",Neisseria,0,476
"(74.74324324324324, 1152.7297297297298)",Neisseria,0,477
"(76.44067796610169, 1340.6271186440679)",Neisseria,0,478
"(72.93243243243244, 1745.1891891891892)",Neisseria,0,479
"(77.83739837398375, 232.73170731707316)",Neisseria,0,480
"(75.89285714285714, 324.5)",Pasteurellaceae,0,481
"(75.29577464788733, 506.1830985915493)",Veillonella,0,482
"(78.63, 1293.18)",Neisseria,0,483
"(74.79661016949153, 1770.3389830508474)",Neisseria,0,485
"(80.14285714285714, 411.0)",Veillonella,0,487
"(76.64383561643835, 441.3150684931507)",Selenomonas,0,488
"(75.96938775510205, 592.765306122449)",Veillonella,0,489
"(76.64788732394366, 653.7887323943662)",Streptococcus,0,490
"(78.2016806722689, 813.4621848739496)",Neisseria,0,491
"(77.21052631578948, 1135.3333333333333)",Neisseria,0,493
"(79.85567010309278, 1511.8969072164948)",Neisseria,0,494
"(77.3013698630137, 1543.3424657534247)",Neisseria,0,495
"(76.67948717948718, 1603.8333333333333)",Neisseria,0,496
"(75.77049180327869, 1815.377049180328)",Neisseria,0,497
"(77.42682926829268, 353.4512195121951)",Neisseria,0,498
"(81.61739130434782, 565.8695652173913)",Veillonella,0,499
"(78.86, 1183.33)",Neisseria,0,500
"(78.85148514851485, 613.0990099009902)",Streptococcus,0,501
"(77.08333333333333, 1447.8)",Neisseria,0,503
"(78.33333333333333, 1666.7916666666667)",Neisseria,0,504
"(79.60204081632654, 1796.204081632653)",Neisseria,0,505
"(80.87012987012987, 428.9220779220779)",Veillonella,0,506
"(80.77272727272727, 523.6477272727273)",Veillonella,0,507
"(82.57391304347826, 795.4173913043478)",Neisseria,0,509
"(80.6989247311828, 995.7741935483871)",Neisseria,0,510
"(82.11570247933884, 1204.4876033057851)",Neisseria,0,511
"(80.65217391304348, 1647.1304347826087)",Neisseria,0,513
"(83.01851851851852, 338.23148148148147)",Actinomyces,0,515
"(80.29824561403508, 454.6666666666667)",Streptococcus,0,516
"(82.97647058823529, 766.6941176470589)",Porphyromonas,0,519
"(84.13934426229508, 840.2295081967213)",Streptococcus,0,520
"(81.71604938271605, 1232.851851851852)",Neisseria,0,521
"(83.8695652173913, 1275.8447204968943)",Neisseria,0,522
"(82.18840579710145, 1632.9565217391305)",Neisseria,0,523
"(80.15, 1873.7333333333333)",Neisseria,0,524
"(83.05882352941177, 973.6143790849674)",Neisseria,0,526
"(85.45569620253164, 1391.4367088607594)",Neisseria,0,527
"(80.52631578947368, 1854.0210526315789)",Neisseria,0,528
"(81.43434343434343, 1907.3535353535353)",Veillonella,0,529
"(81.06153846153846, 1964.7384615384615)",Neisseria,0,530
"(83.6027397260274, 549.3698630136986)",Streptococcus,0,532
"(82.7710843373494, 731.855421686747)",Treponema,0,533
"(85.15853658536585, 924.7682926829268)",Neisseria,0,534
"(82.28915662650603, 953.4578313253012)",Veillonella,0,536
"(82.86075949367088, 1411.3417721518988)",Neisseria,0,537
"(84.53932584269663, 1437.2022471910113)",Neisseria,0,538
"(83.08421052631579, 1565.8105263157895)",Neisseria,0,539
"(85.63157894736842, 386.75)",Veillonella,0,540
"(81.84615384615384, 686.9038461538462)",Veillonella,0,541
"(83.42553191489361, 711.0425531914893)",Fusobacterium,0,542
"(86.00840336134453, 860.8991596638656)",Neisseria,0,543
"(85.0958904109589, 1245.5479452054794)",Neisseria,0,544
"(84.19444444444444, 1353.9907407407406)",Neisseria,0,545
"(83.0625, 1584.1375)",Neisseria,0,546
"(85.86206896551724, 1617.3724137931035)",Neisseria,0,547
"(84.26, 1936.54)",Neisseria,0,548
"(85.65942028985508, 903.2536231884058)",Veillonella,0,549
"(85.55, 1371.4)",Neisseria,0,551
"(87.7439024390244, 1426.4878048780488)",Neisseria,0,552
"(84.44444444444444, 1889.111111111111)",Veillonella,0,554
"(86.04545454545455, 1977.6363636363637)",Neisseria,0,555
"(85.15151515151516, 1687.3030303030303)",Neisseria,0,556
"(85.88414634146342, 1706.5975609756097)",Neisseria,0,557
"(96.37440758293839, 247.58767772511848)",Veillonella,0,558
"(87.47899159663865, 471.56302521008405)",Veillonella,0,559
"(87.5340909090909, 486.8181818181818)",Veillonella,0,560
"(91.47826086956522, 880.6260869565217)",Neisseria,0,561
"(86.95652173913044, 1079.4673913043478)",Neisseria,0,562
"(86.5607476635514, 1123.1121495327102)",Neisseria,0,563
"(85.31481481481481, 1306.5)",Neisseria,0,564
"(85.63636363636364, 1742.7878787878788)",Neisseria,0,565
"(86.17391304347827, 1778.9855072463768)",Neisseria,0,566
"(87.375, 207.0625)",Neisseria,0,567
"(88.0, 303.7543859649123)",Streptococcus,0,568
"(87.44444444444444, 663.8555555555556)",Streptococcus,0,570
"(86.98275862068965, 1165.2931034482758)",Veillonella,0,572
"(87.09322033898304, 1529.3983050847457)",Neisseria,0,573
"(87.58823529411765, 1596.485294117647)",Neisseria,0,574
"(87.62121212121212, 1951.409090909091)",Neisseria,0,575
"(88.7875, 225.975)",Neisseria,0,576
"(89.0, 601.0340909090909)",Veillonella,0,577
"(88.77777777777777, 782.574074074074)",Actinomyces,0,578
"(90.02739726027397, 1818.6027397260275)",Neisseria,0,579
"(88.29166666666667, 1842.736111111111)",Neisseria,0,580
"(90.05940594059406, 372.6237623762376)",Veillonella,0,581
"(88.73417721518987, 510.34177215189874)",Veillonella,0,582
"(91.34426229508196, 1962.688524590164)",Neisseria,0,583
"(91.63636363636364, 537.5584415584416)",Streptococcus,0,584
"(90.7948717948718, 582.9102564102565)",Veillonella,0,585
"(89.66037735849056, 1010.3962264150944)",Neisseria,0,586
"(89.78571428571429, 1092.2142857142858)",Neisseria,0,587
"(92.0, 1111.035294117647)",Neisseria,0,588
"(92.4326923076923, 1450.8942307692307)",Neisseria,0,589
"(91.8046875, 1476.7421875)",Neisseria,0,590
"(90.23529411764706, 1726.985294117647)",Neisseria,0,591
"(90.3076923076923, 1761.3974358974358)",Neisseria,0,592
"(94.02255639097744, 452.390977443609)",Streptococcus,0,593
"(91.14473684210526, 629.8947368421053)",Veillonella,0,594
"(91.08974358974359, 1154.2179487179487)",Veillonella,0,595
"(92.31818181818181, 1502.030303030303)",Neisseria,0,596
"(92.01612903225806, 1863.258064516129)",Neisseria,0,597
"(93.11111111111111, 1878.5833333333333)",Neisseria,0,598
"(96.5233644859813, 31.149532710280372)",Neisseria,0,600
"(91.3170731707317, 321.0975609756098)",Streptococcus,0,601
"(102.36496350364963, 1062.1058394160584)",Treponema,0,602
"(93.62222222222222, 1793.7777777777778)",Neisseria,0,604
"(93.85507246376811, 751.4347826086956)",Selenomonas,0,605
"(93.9080459770115, 811.6091954022988)",Neisseria,0,606
"(95.7, 1328.4615384615386)",Neisseria,0,607
"(92.76470588235294, 1809.235294117647)",Neisseria,0,608
"(95.52564102564102, 1898.5961538461538)",Veillonella,0,609
"(94.92436974789916, 1922.9579831932774)",Neisseria,0,610
"(96.47222222222223, 353.8703703703704)",Neisseria,0,611
"(93.73015873015873, 400.1904761904762)",Streptococcus,0,612
"(94.24742268041237, 428.6082474226804)",Selenomonas,0,613
"(97.40229885057471, 502.44827586206895)",Selenomonas,0,614
"(96.16455696202532, 685.5189873417721)",Saccharibacteria,0,615
"(94.64634146341463, 949.3658536585366)",Neisseria,0,616
"(94.63235294117646, 1174.8235294117646)",Neisseria,0,617
"(96.04878048780488, 1224.1341463414635)",Neisseria,0,618
"(96.52739726027397, 1259.0068493150684)",Neisseria,0,619
"(94.93150684931507, 1294.3972602739725)",Neisseria,0,620
"(96.74444444444444, 1311.8111111111111)",Neisseria,0,621
"(99.375, 1343.5535714285713)",Neisseria,0,622
"(95.28, 1635.12)",Neisseria,0,623
"(96.65306122448979, 648.8469387755102)",Streptococcus,0,625
"(94.56923076923077, 706.8923076923077)",Treponema,0,626
"(96.28070175438596, 763.9824561403509)",Treponema,0,627
"(98.02941176470588, 911.9705882352941)",Neisseria,0,628
"(96.22413793103448, 997.1379310344828)",Neisseria,0,629
"(99.5886075949367, 1140.9746835443038)",Neisseria,0,630
"(97.24324324324324, 1575.2342342342342)",Neisseria,0,631
"(98.35714285714286, 216.67142857142858)",Veillonella,0,632
"(97.57142857142857, 525.6714285714286)",Veillonella,0,633
"(101.38805970149254, 725.5149253731344)",Veillonella,0,634
"(100.77011494252874, 981.4080459770115)",Neisseria,0,635
"(98.32515337423312, 1373.0184049079755)",Neisseria,0,637
"(96.93103448275862, 554.948275862069)",Neisseria,0,639
"(98.80597014925372, 673.2985074626865)",Pasteurellaceae,0,640
"(100.91566265060241, 965.8072289156627)",Neisseria,0,641
"(98.7394366197183, 1410.556338028169)",Neisseria,0,643
"(98.27777777777777, 1464.5925925925926)",Neisseria,0,644
"(101.98048780487805, 617.8731707317073)",Saccharibacteria,0,645
"(100.56043956043956, 933.9010989010989)",Neisseria,0,646
"(100.76699029126213, 1205.6019417475727)",Neisseria,0,647
"(101.38271604938272, 1444.962962962963)",Neisseria,0,648
"(99.88235294117646, 1644.6764705882354)",Neisseria,0,649
"(99.71212121212122, 1719.8484848484848)",Neisseria,0,650
"(99.11494252873563, 1836.9310344827586)",Neisseria,0,651
"(99.08450704225352, 1940.661971830986)",Neisseria,0,652
"(104.6, 1234.2733333333333)",Neisseria,0,654
"(101.6910569105691, 1279.8536585365853)",Neisseria,0,655
"(101.41052631578947, 1555.2947368421053)",Neisseria,0,656
"(100.04494382022472, 1596.2808988764045)",Neisseria,0,657
"(101.71014492753623, 1694.5072463768115)",Neisseria,0,658
"(104.70370370370371, 415.68148148148146)",Streptococcus,0,659
"(101.93975903614458, 569.9759036144578)",Porphyromonas,0,661
"(106.16107382550335, 781.4563758389262)",Neisseria,0,662
"(106.16091954022988, 1534.7816091954023)",Neisseria,0,664
"(101.16949152542372, 1736.084745762712)",Neisseria,0,665
"(101.140625, 1775.203125)",Neisseria,0,666
"(102.45299145299145, 1992.017094017094)",Neisseria,0,667
"(107.40178571428571, 796.9464285714286)",Neisseria,0,668
"(104.29166666666667, 1099.1875)",Neisseria,0,669
"(104.0, 363.08196721311475)",Veillonella,0,670
"(104.55882352941177, 375.27941176470586)",Veillonella,0,671
"(105.07751937984496, 473.17054263565893)",Selenomonas,0,672
"(108.5219123505976, 843.3824701195219)",Neisseria,0,673
"(103.82828282828282, 1663.6363636363637)",Neisseria,0,674
"(102.82417582417582, 1951.901098901099)",Neisseria,0,675
"(108.74074074074075, 586.3925925925926)",Saccharibacteria,0,676
"(106.20618556701031, 822.2474226804123)",Treponema,0,677
"(104.21505376344086, 1430.3978494623657)",Neisseria,0,678
"(104.6046511627907, 1810.7558139534883)",Neisseria,0,679
"(106.90816326530613, 396.01020408163265)",Corynebacterium,0,681
"(107.29565217391304, 698.6695652173913)",Treponema,0,682
"(104.84615384615384, 744.0)",Neisseria,0,683
"(108.37288135593221, 866.8644067796611)",Veillonella,0,684
"(106.35, 896.44)",Neisseria,0,685
"(105.45744680851064, 1612.1914893617022)",Neisseria,0,687
"(106.88764044943821, 316.07865168539325)",Veillonella,0,689
"(108.72941176470589, 996.8823529411765)",Neisseria,0,690
"(110.38414634146342, 1115.0853658536585)",Neisseria,0,691
"(114.5, 1166.5076923076922)",Neisseria,0,692
"(106.95945945945945, 1191.027027027027)",Neisseria,0,693
"(109.14814814814815, 1300.851851851852)",Neisseria,0,694
"(111.87292817679558, 1509.4806629834254)",Neisseria,0,695
"(106.1969696969697, 1749.4242424242425)",Neisseria,0,696
"(108.74626865671642, 1758.9402985074628)",Neisseria,0,697
"(106.75438596491227, 1871.122807017544)",Neisseria,0,698
"(110.83739837398375, 439.8943089430894)",Porphyromonas,0,699
"(106.83823529411765, 458.5147058823529)",Porphyromonas,0,700
"(113.12578616352201, 552.1761006289308)",Neisseria,0,701
"(107.13793103448276, 661.7413793103449)",Streptococcus,0,702
"(112.06666666666666, 810.1619047619048)",Veillonella,0,703
"(108.6025641025641, 1215.5128205128206)",Neisseria,0,704
"(107.64044943820225, 1494.2696629213483)",Neisseria,0,705
"(109.75229357798165, 535.4954128440367)",Neisseria,0,706
"(109.58064516129032, 761.3225806451613)",Campylobacter,0,707
"(109.48837209302326, 1784.3372093023256)",Neisseria,0,709
"(108.59154929577464, 1883.5774647887324)",Neisseria,0,711
"(110.44155844155844, 99.48051948051948)",Veillonella,0,712
"(110.59550561797752, 143.46067415730337)",Veillonella,0,713
"(108.24528301886792, 498.47169811320754)",Veillonella,0,714
"(108.65151515151516, 956.2424242424242)",Neisseria,0,715
"(109.16470588235295, 1259.9529411764706)",Neisseria,0,716
"(109.0, 1860.418181818182)",Neisseria,0,717
"(109.26865671641791, 1965.3432835820895)",Neisseria,0,718
"(112.30841121495327, 599.9906542056075)",Saccharibacteria,0,719
"(111.25806451612904, 1387.021505376344)",Neisseria,0,720
"(110.45112781954887, 1471.3082706766918)",Neisseria,0,721
"(112.10569105691057, 1579.878048780488)",Neisseria,0,722
"(110.17647058823529, 1975.8431372549019)",Neisseria,0,723
"(110.77777777777777, 681.3174603174604)",Veillonella,0,725
"(113.8445945945946, 881.6621621621622)",Neisseria,0,726
"(111.07936507936508, 1314.2222222222222)",Neisseria,0,727
"(111.08928571428571, 1640.625)",Neisseria,0,728
"(115.9322033898305, 1729.2627118644068)",Neisseria,0,729
"(115.256, 226.672)",Veillonella,0,731
"(113.08235294117647, 344.01176470588234)",Veillonella,0,732
"(120.62745098039215, 379.63398692810455)",Veillonella,0,733
"(114.37037037037037, 706.5555555555555)",Treponema,0,734
"(113.06741573033707, 1402.1348314606741)",Neisseria,0,735
"(112.88636363636364, 648.9772727272727)",Streptococcus,0,737
"(114.5813953488372, 914.0581395348837)",Neisseria,0,738
"(118.13888888888889, 943.5902777777778)",Neisseria,0,739
"(120.67464114832536, 1560.5023923444976)",Neisseria,0,740
"(113.19117647058823, 1712.3382352941176)",Neisseria,0,741
"(116.65573770491804, 568.2868852459017)",Veillonella,0,742
"(114.1604938271605, 1361.79012345679)",Neisseria,0,743
"(116.80281690140845, 1447.6549295774648)",Neisseria,0,744
"(115.71084337349397, 486.4096385542169)",Veillonella,0,747
"(117.59558823529412, 1629.514705882353)",Neisseria,0,748
"(116.45911949685535, 1682.062893081761)",Neisseria,0,749
"(114.84166666666667, 1831.5333333333333)",Neisseria,0,750
"(118.04, 508.864)",Veillonella,0,751
"(118.31914893617021, 1099.1702127659576)",Neisseria,0,753
"(116.22340425531915, 1138.904255319149)",Neisseria,0,754
"(120.36458333333333, 1606.9166666666667)",Neisseria,0,755
"(117.87323943661971, 1649.6478873239437)",Neisseria,0,756
"(116.1969696969697, 1904.6666666666667)",Neisseria,0,757
"(118.63333333333334, 424.2888888888889)",Veillonella,0,758
"(117.89024390243902, 1185.7439024390244)",Neisseria,0,760
"(117.15584415584415, 1233.3636363636363)",Neisseria,0,761
"(118.26256983240224, 1274.9441340782123)",Neisseria,0,762
"(117.41666666666667, 1851.3333333333333)",Neisseria,0,763
"(123.03389830508475, 241.67796610169492)",Veillonella,0,764
"(118.02, 450.22)",Streptococcus,0,765
"(117.85185185185185, 631.3888888888889)",Streptococcus,0,766
"(119.04395604395604, 1331.978021978022)",Neisseria,0,767
"(122.70430107526882, 1421.505376344086)",Neisseria,0,768
"(119.71428571428571, 1768.8961038961038)",Neisseria,0,769
"(118.93939393939394, 1992.6969696969697)",Neisseria,0,771
"(122.11347517730496, 1001.4468085106383)",Neisseria,0,773
"(119.17857142857143, 1523.2857142857142)",Neisseria,0,774
"(121.6236559139785, 1696.3010752688172)",Neisseria,0,775
"(119.73493975903614, 1796.0963855421687)",Neisseria,0,776
"(122.34513274336283, 1975.4690265486727)",Neisseria,0,777
"(119.83018867924528, 391.5660377358491)",Streptococcus,0,778
"(119.12903225806451, 677.741935483871)",Veillonella,0,780
"(125.86390532544378, 770.6390532544378)",Neisseria,0,782
"(120.82105263157895, 1484.157894736842)",Neisseria,0,784
"(125.24475524475524, 1663.8531468531469)",Neisseria,0,785
"(126.0, 477.0366972477064)",Streptococcus,0,786
"(120.05555555555556, 539.3518518518518)",Veillonella,0,787
"(121.5, 961.578947368421)",Veillonella,0,788
"(121.74757281553399, 1248.4563106796118)",Neisseria,0,789
"(126.9585798816568, 751.6390532544378)",Veillonella,0,791
"(125.05982905982906, 1957.1538461538462)",Neisseria,0,794
"(126.2621359223301, 526.1456310679612)",Veillonella,0,795
"(124.03636363636363, 813.4181818181818)",Veillonella,0,796
"(125.50381679389314, 1215.4656488549617)",Neisseria,0,797
"(123.55813953488372, 1746.4186046511627)",Neisseria,0,799
"(128.04285714285714, 458.37857142857143)",Veillonella,0,800
"(124.22222222222223, 865.9629629629629)",Veillonella,0,801
"(124.2967032967033, 1317.2967032967033)",Neisseria,0,802
"(126.93636363636364, 1589.909090909091)",Neisseria,0,803
"(125.27027027027027, 1780.2432432432433)",Neisseria,0,804
"(124.16666666666667, 1870.4777777777779)",Neisseria,0,805
"(124.4367816091954, 1891.5172413793102)",Neisseria,0,807
"(126.73255813953489, 411.95348837209303)",Streptococcus,0,808
"(124.93548387096774, 715.8870967741935)",Neisseria,0,809
"(126.86274509803921, 798.9313725490196)",Neisseria,0,810
"(125.52112676056338, 1203.2112676056338)",Neisseria,0,811
"(125.63934426229508, 1391.8688524590164)",Neisseria,0,812
"(125.8157894736842, 1943.3815789473683)",Pasteurellaceae,0,813
"(129.648, 437.08)",Veillonella,0,814
"(126.11940298507463, 639.8805970149253)",Streptococcus,0,815
"(130.4131736526946, 685.9401197604791)",Neisseria,0,816
"(127.6875, 919.6160714285714)",Neisseria,0,817
"(126.75342465753425, 1718.9041095890411)",Neisseria,0,818
"(135.59751037344398, 1757.4979253112033)",Neisseria,0,819
"(129.23076923076923, 349.4945054945055)",Veillonella,0,820
"(131.46853146853147, 582.3776223776224)",Streptococcus,0,821
"(128.40277777777777, 665.3888888888889)",Veillonella,0,822
"(127.71794871794872, 830.0769230769231)",Neisseria,0,823
"(130.91338582677164, 887.6299212598425)",Neisseria,0,824
"(129.48765432098764, 1126.1234567901236)",Neisseria,0,825
"(126.56923076923077, 1304.8153846153846)",Neisseria,0,826
"(131.4070796460177, 1344.203539823009)",Neisseria,0,827
"(126.97142857142858, 1358.2428571428572)",Neisseria,0,828
"(130.4746835443038, 1373.3037974683543)",Neisseria,0,829
"(126.68, 1706.46)",Neisseria,0,830
"(129.5568181818182, 1193.1704545454545)",Neisseria,0,833
"(132.6359223300971, 1440.1796116504854)",Neisseria,0,834
"(132.0222222222222, 1548.9666666666667)",Neisseria,0,835
"(130.8421052631579, 1639.578947368421)",Neisseria,0,836
"(130.06976744186048, 363.8953488372093)",Veillonella,0,837
"(128.07692307692307, 1146.1538461538462)",Neisseria,0,838
"(128.044776119403, 1506.1194029850747)",Neisseria,0,840
"(131.10309278350516, 1573.3505154639174)",Neisseria,0,841
"(130.0952380952381, 1810.142857142857)",Neisseria,0,842
"(128.50943396226415, 1906.2641509433963)",Neisseria,0,843
"(129.94444444444446, 617.9583333333334)",Streptococcus,0,844
"(129.88505747126436, 1836.6781609195402)",Neisseria,0,846
"(132.925, 490.875)",Gemella,0,847
"(131.57971014492753, 601.8985507246376)",Veillonella,0,848
"(134.17391304347825, 650.9782608695652)",Treponema,0,849
"(136.10344827586206, 841.1793103448276)",Veillonella,0,850
"(131.34146341463415, 986.8048780487804)",Neisseria,0,851
"(131.425, 1526.7625)",Neisseria,0,852
"(135.5958904109589, 1928.0479452054794)",Neisseria,0,853
"(135.25688073394497, 512.4220183486239)",Veillonella,0,854
"(134.8139534883721, 1479.3372093023256)",Neisseria,0,855
"(132.5483870967742, 1732.6774193548388)",Neisseria,0,856
"(134.75, 1849.4895833333333)",Neisseria,0,857
"(136.6891891891892, 399.7972972972973)",Streptococcus,0,858
"(135.1206896551724, 1104.8879310344828)",Neisseria,0,859
"(133.9923076923077, 1159.2230769230769)",Corynebacterium,0,860
"(132.95890410958904, 1262.6849315068494)",Neisseria,0,861
"(133.44927536231884, 1993.7826086956522)",Neisseria,0,862
"(134.88976377952756, 558.5669291338583)",Veillonella,0,863
"(133.2972972972973, 1624.337837837838)",Neisseria,0,865
"(134.95652173913044, 1650.6376811594203)",Pasteurellaceae,0,866
"(135.32608695652175, 1791.25)",Neisseria,0,867
"(134.36363636363637, 543.939393939394)",Veillonella,0,868
"(135.73717948717947, 1233.7820512820513)",Neisseria,0,869
"(137.96875, 1276.0833333333333)",Neisseria,0,870
"(136.5054945054945, 1297.6483516483515)",Neisseria,0,871
"(135.51785714285714, 1407.8035714285713)",Neisseria,0,872
"(136.5056179775281, 1465.8651685393259)",Neisseria,0,873
"(137.83157894736843, 1609.3052631578948)",Neisseria,0,874
"(136.06060606060606, 1981.9545454545455)",Neisseria,0,875
"(136.30666666666667, 722.0266666666666)",Treponema,0,876
"(136.9591836734694, 901.8469387755102)",Veillonella,0,877
"(139.5, 1004.06)",Neisseria,0,878
"(136.08064516129033, 1178.6290322580646)",Neisseria,0,879
"(136.22641509433961, 1701.5283018867924)",Neisseria,0,881
"(139.72142857142856, 942.5714285714286)",Neisseria,0,882
"(137.83544303797467, 1250.9240506329113)",Neisseria,0,883
"(136.26923076923077, 1330.371794871795)",Neisseria,0,884
"(141.08965517241379, 1389.9172413793103)",Neisseria,0,885
"(138.40506329113924, 1533.3417721518988)",Neisseria,0,886
"(147.96923076923076, 1587.1384615384616)",Neisseria,0,887
"(138.2741935483871, 499.1290322580645)",Veillonella,0,889
"(139.66666666666666, 820.9313725490196)",Veillonella,0,890
"(140.72033898305085, 1496.5254237288136)",Neisseria,0,891
"(138.64912280701753, 1964.280701754386)",Neisseria,0,893
"(141.90322580645162, 103.28225806451613)",Neisseria,0,894
"(145.32167832167832, 432.83916083916085)",Veillonella,0,895
"(140.20253164556962, 697.8354430379746)",Neisseria,0,896
"(138.92753623188406, 1911.376811594203)",Neisseria,0,897
"(140.21311475409837, 736.2295081967213)",Treponema,0,898
"(146.0810810810811, 1321.2216216216216)",Neisseria,0,899
"(140.34328358208955, 1773.2388059701493)",Neisseria,0,900
"(140.10576923076923, 1885.5192307692307)",Neisseria,0,901
"(141.925, 413.7625)",Streptococcus,0,902
"(141.48, 625.84)",Streptococcus,0,903
"(141.47222222222223, 667.6111111111111)",Veillonella,0,904
"(142.92207792207793, 908.8831168831168)",Veillonella,0,905
"(145.75213675213675, 1204.5811965811965)",Neisseria,0,906
"(141.546875, 1359.046875)",Neisseria,0,907
"(140.5, 1449.5625)",Neisseria,0,908
"(141.78481012658227, 1947.493670886076)",Neisseria,0,909
"(142.7258064516129, 473.0483870967742)",Veillonella,0,910
"(145.62698412698413, 926.5555555555555)",Neisseria,0,912
"(149.37956204379563, 995.7737226277372)",Neisseria,0,913
"(141.67924528301887, 1664.0)",Neisseria,0,915
"(144.03636363636363, 446.1454545454545)",Veillonella,0,916
"(143.51388888888889, 460.1111111111111)",Veillonella,0,917
"(142.875, 958.0)",Neisseria,0,918
"(142.74193548387098, 1140.6451612903227)",Neisseria,0,919
"(146.94, 1342.9)",Neisseria,0,920
"(144.81176470588235, 1717.4941176470588)",Neisseria,0,921
"(144.8, 1862.74)",Neisseria,0,922
"(146.17, 1969.86)",Neisseria,0,923
"(144.32773109243698, 596.8571428571429)",Neisseria,0,924
"(150.41964285714286, 707.7142857142857)",Treponema,0,925
"(143.43103448275863, 1216.2931034482758)",Neisseria,0,927
"(145.23529411764707, 1730.4558823529412)",Neisseria,0,928
"(149.46951219512195, 394.9878048780488)",Veillonella,0,929
"(148.04575163398692, 1120.6797385620914)",Neisseria,0,930
"(146.9512195121951, 1471.9512195121952)",Neisseria,0,931
"(149.82222222222222, 1520.6222222222223)",Neisseria,0,932
"(145.66666666666666, 1625.88)",Neisseria,0,933
"(145.94565217391303, 1803.3260869565217)",Neisseria,0,934
"(144.72058823529412, 1833.1764705882354)",Neisseria,0,935
"(151.38509316770185, 540.8198757763976)",Veillonella,0,936
"(150.89528795811518, 972.0104712041884)",Neisseria,0,937
"(146.2077922077922, 1189.7402597402597)",Neisseria,0,938
"(149.67241379310346, 1287.2758620689656)",Neisseria,0,939
"(145.74242424242425, 1552.5)",Neisseria,0,940
"(147.09, 650.39)",Treponema,0,941
"(149.21782178217822, 757.8217821782179)",Neisseria,0,942
"(148.93, 1567.6)",Neisseria,0,943
"(149.6231884057971, 1606.5942028985507)",Neisseria,0,944
"(146.2258064516129, 1817.725806451613)",Neisseria,0,945
"(146.46153846153845, 1908.3846153846155)",Neisseria,0,946
"(151.18705035971223, 1100.1151079136691)",Neisseria,0,947
"(148.22881355932202, 1688.8983050847457)",Neisseria,0,950
"(148.09459459459458, 1703.4324324324325)",Neisseria,0,951
"(155.63309352517985, 89.9568345323741)",Neisseria,0,953
"(156.01388888888889, 484.7291666666667)",Veillonella,0,954
"(151.6734693877551, 579.6020408163265)",Veillonella,0,955
"(150.4375, 688.2410714285714)",Treponema,0,956
"(153.43333333333334, 775.7380952380952)",Neisseria,0,957
"(149.22962962962964, 1167.8592592592593)",Neisseria,0,958
"(150.59259259259258, 1505.7222222222222)",Neisseria,0,959
"(149.9777777777778, 1641.2222222222222)",Neisseria,0,960
"(151.66666666666666, 523.5679012345679)",Selenomonas,0,962
"(155.01895734597156, 560.7345971563981)",Veillonella,0,963
"(153.11926605504587, 807.8256880733945)",Veillonella,0,964
"(153.23333333333332, 824.3333333333334)",Veillonella,0,965
"(149.6, 1401.3666666666666)",Neisseria,0,966
"(150.6315789473684, 1674.0210526315789)",Neisseria,0,967
"(153.0120481927711, 1922.421686746988)",Neisseria,0,968
"(153.13432835820896, 608.8358208955224)",Veillonella,0,969
"(152.2755905511811, 1361.9527559055118)",Neisseria,0,970
"(153.83809523809524, 1752.2761904761905)",Neisseria,0,971
"(151.00806451612902, 1783.1774193548388)",Neisseria,0,972
"(151.65333333333334, 1897.4533333333334)",Neisseria,0,973
"(155.11453744493392, 1258.8370044052863)",Neisseria,0,974
"(153.08928571428572, 1382.2142857142858)",Neisseria,0,975
"(151.40540540540542, 1437.1216216216217)",Neisseria,0,976
"(152.125, 1986.1944444444443)",Neisseria,0,977
"(155.36065573770492, 430.0983606557377)",Veillonella,0,978
"(154.56043956043956, 497.9340659340659)",Streptococcus,0,979
"(155.85714285714286, 1312.0977443609022)",Neisseria,0,981
"(159.31159420289856, 1490.3260869565217)",Neisseria,0,982
"(153.44776119402985, 1656.089552238806)",Neisseria,0,983
"(155.12844036697248, 1149.6605504587155)",Neisseria,0,985
"(157.2336448598131, 252.42990654205607)",Treponema,0,987
"(154.0943396226415, 414.07547169811323)",Veillonella,0,988
"(157.0561797752809, 674.1348314606741)",Treponema,0,989
"(156.78688524590163, 794.672131147541)",Selenomonas,0,990
"(157.84112149532712, 1232.943925233645)",Neisseria,0,991
"(157.16831683168317, 1946.7920792079208)",Neisseria,0,992
"(158.2058823529412, 231.69117647058823)",Neisseria,0,993
"(158.34285714285716, 659.1428571428571)",Neisseria,0,994
"(159.46226415094338, 912.7075471698113)",Veillonella,0,995
"(157.2537313432836, 988.5970149253732)",Neisseria,0,996
"(158.1595744680851, 1133.159574468085)",Neisseria,0,997
"(159.9512195121951, 1202.8902439024391)",Neisseria,0,998
"(162.22314049586777, 1396.107438016529)",Neisseria,0,999
"(158.1875, 1562.9791666666667)",Neisseria,0,1000
"(160.85882352941175, 1765.4470588235295)",Neisseria,0,1001
"(159.9236641221374, 107.09160305343511)",Neisseria,0,1002
"(158.95890410958904, 944.6301369863014)",Neisseria,0,1003
"(157.5581395348837, 1476.2558139534883)",Neisseria,0,1004
"(160.04123711340208, 1511.4123711340205)",Neisseria,0,1005
"(169.2941176470588, 1547.5614973262032)",Neisseria,0,1006
"(158.97590361445782, 1822.3614457831325)",Neisseria,0,1007
"(159.80180180180182, 747.8198198198198)",Saccharibacteria,0,1008
"(158.88888888888889, 1536.263888888889)",Neisseria,0,1009
"(158.43939393939394, 1713.1818181818182)",Neisseria,0,1010
"(161.5909090909091, 1877.4924242424242)",Neisseria,0,1011
"(159.63076923076923, 1914.8923076923077)",Neisseria,0,1012
"(161.09756097560975, 446.0487804878049)",Veillonella,0,1013
"(162.74489795918367, 1165.1122448979593)",Neisseria,0,1014
"(160.73170731707316, 1184.9105691056911)",Neisseria,0,1015
"(159.91044776119404, 1628.5223880597016)",Neisseria,0,1016
"(160.60294117647058, 1856.1985294117646)",Neisseria,0,1017
"(162.77227722772278, 593.3069306930693)",Veillonella,0,1018
"(161.0, 716.08)",Saccharibacteria,0,1019
"(163.79084967320262, 1299.4313725490197)",Neisseria,0,1020
"(161.0, 1417.65625)",Neisseria,0,1021
"(161.98876404494382, 1458.112359550562)",Neisseria,0,1022
"(161.8709677419355, 1834.1774193548388)",Neisseria,0,1023
"(165.06206896551726, 930.8689655172413)",Neisseria,0,1025
"(163.1056338028169, 1677.8169014084508)",Neisseria,0,1026
"(164.7826086956522, 1731.3130434782609)",Neisseria,0,1027
"(163.703125, 459.296875)",Veillonella,0,1028
"(163.3, 765.4166666666666)",Treponema,0,1029
"(164.48101265822785, 1647.4050632911392)",Neisseria,0,1030
"(163.15942028985506, 1807.2463768115942)",Neisseria,0,1031
"(166.02586206896552, 1967.2586206896551)",Neisseria,0,1032
"(169.46368715083798, 1993.4189944134077)",Corynebacterium,0,1033
"(163.96428571428572, 515.3214285714286)",Veillonella,0,1034
"(165.08333333333334, 576.9166666666666)",Veillonella,0,1035
"(165.72251308900525, 622.7434554973822)",Streptococcus,0,1036
"(170.61650485436894, 677.747572815534)",Corynebacterium,0,1037
"(168.99212598425197, 1245.0472440944882)",Neisseria,0,1038
"(165.95833333333334, 1344.5729166666667)",Neisseria,0,1039
"(164.16666666666666, 1440.2380952380952)",Pasteurellaceae,0,1040
"(164.60824742268042, 1603.9175257731958)",Neisseria,0,1041
"(166.2125, 641.2875)",Treponema,0,1042
"(165.29126213592232, 836.242718446602)",Veillonella,0,1043
"(167.84831460674158, 1366.1179775280898)",Neisseria,0,1044
"(165.1214953271028, 1699.1869158878505)",Neisseria,0,1045
"(166.26388888888889, 415.0138888888889)",Veillonella,0,1047
"(168.85714285714286, 533.0204081632653)",Veillonella,0,1048
"(167.93506493506493, 1222.5064935064936)",Neisseria,0,1049
"(168.25555555555556, 1621.7666666666667)",Neisseria,0,1050
"(167.88732394366198, 1749.3098591549297)",Neisseria,0,1051
"(169.66666666666666, 269.0833333333333)",Veillonella,0,1053
"(171.78688524590163, 425.5409836065574)",Veillonella,0,1054
"(169.54545454545453, 871.7171717171717)",Neisseria,0,1056
"(167.79569892473117, 957.0)",Veillonella,0,1057
"(171.8969696969697, 1120.0545454545454)",Neisseria,0,1058
"(167.989898989899, 1899.3737373737374)",Neisseria,0,1059
"(170.55555555555554, 474.7083333333333)",Veillonella,0,1061
"(171.11046511627907, 983.9709302325581)",Neisseria,0,1063
"(170.4140625, 1277.0234375)",Neisseria,0,1064
"(173.57843137254903, 1339.1029411764705)",Neisseria,0,1065
"(177.94545454545454, 1520.7636363636364)",Neisseria,0,1066
"(168.7536231884058, 1592.391304347826)",Neisseria,0,1067
"(172.19444444444446, 1787.0648148148148)",Neisseria,0,1068
"(170.16176470588235, 706.3088235294117)",Treponema,0,1069
"(175.70212765957447, 734.5053191489362)",Fusobacterium,0,1070
"(175.93548387096774, 1501.9806451612903)",Neisseria,0,1071
"(170.42307692307693, 1981.2307692307693)",Neisseria,0,1072
"(173.77027027027026, 227.52702702702703)",Neisseria,0,1073
"(173.05102040816325, 548.530612244898)",Streptococcus,0,1074
"(174.5981308411215, 805.018691588785)",Treponema,0,1075
"(171.45454545454547, 906.8383838383838)",Veillonella,0,1076
"(172.13888888888889, 1151.3194444444443)",Neisseria,0,1077
"(173.31632653061226, 1200.5102040816328)",Neisseria,0,1078
"(170.8, 1571.6545454545455)",Neisseria,0,1079
"(174.24096385542168, 1763.433734939759)",Neisseria,0,1081
"(171.56603773584905, 1939.8490566037735)",Neisseria,0,1082
"(179.2512077294686, 789.8550724637681)",Neisseria,0,1083
"(178.58715596330276, 1640.788990825688)",Neisseria,0,1084
"(176.98387096774192, 1215.475806451613)",Neisseria,0,1086
"(173.48, 1463.8666666666666)",Neisseria,0,1087
"(174.87058823529412, 1582.4823529411765)",Neisseria,0,1088
"(172.9142857142857, 560.2571428571429)",Veillonella,0,1090
"(177.7984496124031, 655.4651162790698)",Pasteurellaceae,0,1091
"(172.88235294117646, 1827.6274509803923)",Neisseria,0,1092
"(172.36470588235295, 1850.5176470588235)",Neisseria,0,1093
"(174.66666666666666, 483.3137254901961)",Veillonella,0,1094
"(175.97222222222223, 1169.736111111111)",Neisseria,0,1095
"(176.265625, 1652.609375)",Neisseria,0,1096
"(174.63366336633663, 1878.1584158415842)",Neisseria,0,1097
"(177.1139240506329, 94.29113924050633)",Veillonella,0,1098
"(176.9016393442623, 256.04918032786884)",Neisseria,0,1099
"(177.58196721311475, 460.655737704918)",Veillonella,0,1100
"(180.12121212121212, 611.8636363636364)",Veillonella,0,1101
"(176.87387387387386, 887.4144144144144)",Veillonella,0,1102
"(176.81944444444446, 1319.1944444444443)",Neisseria,0,1103
"(177.86075949367088, 1407.3037974683543)",Neisseria,0,1104
"(176.1153846153846, 1423.0)",Neisseria,0,1105
"(183.752688172043, 1441.1935483870968)",Neisseria,0,1106
"(175.6851851851852, 1808.7777777777778)",Neisseria,0,1108
"(179.14367816091954, 1924.3333333333333)",Neisseria,0,1109
"(178.25, 585.7708333333334)",Veillonella,0,1110
"(178.61344537815125, 768.9831932773109)",Neisseria,0,1111
"(177.9855072463768, 1095.2173913043478)",Neisseria,0,1112
"(179.59259259259258, 1140.9506172839506)",Neisseria,0,1113
"(176.79746835443038, 1295.0632911392406)",Neisseria,0,1114
"(184.58695652173913, 1534.2391304347825)",Neisseria,0,1115
"(184.81447963800906, 1702.5339366515836)",Neisseria,0,1116
"(178.82758620689654, 207.8735632183908)",Veillonella,0,1117
"(179.00735294117646, 514.0220588235294)",Veillonella,0,1118
"(179.44155844155844, 819.5454545454545)",Veillonella,0,1119
"(180.12941176470588, 1613.764705882353)",Neisseria,0,1120
"(186.27014218009478, 862.5592417061612)",Neisseria,0,1122
"(180.77272727272728, 1663.2386363636363)",Neisseria,0,1123
"(180.50746268656715, 233.6417910447761)",Neisseria,0,1124
"(180.63636363636363, 493.3246753246753)",Veillonella,0,1125
"(181.45263157894738, 928.3263157894737)",Neisseria,0,1126
"(184.76296296296297, 1111.1703703703704)",Neisseria,0,1127
"(181.95604395604394, 1189.6593406593406)",Neisseria,0,1128
"(183.4041095890411, 1310.7123287671234)",Neisseria,0,1130
"(180.6326530612245, 1680.591836734694)",Neisseria,0,1131
"(188.19431279620852, 962.4407582938388)",Neisseria,0,1133
"(181.65625, 1483.9791666666667)",Neisseria,0,1134
"(182.41463414634146, 1731.4268292682927)",Neisseria,0,1135
"(181.65942028985506, 1386.1159420289855)",Neisseria,0,1136
"(180.82608695652175, 1749.5942028985507)",Neisseria,0,1137
"(182.0909090909091, 1826.3636363636363)",Neisseria,0,1138
"(182.4468085106383, 1900.6914893617022)",Neisseria,0,1139
"(183.77215189873417, 1943.0886075949368)",Treponema,0,1140
"(182.86206896551724, 527.1206896551724)",Veillonella,0,1141
"(183.09615384615384, 911.4230769230769)",Veillonella,0,1143
"(184.16949152542372, 1154.1186440677966)",Neisseria,0,1144
"(183.01470588235293, 1598.25)",Neisseria,0,1145
"(183.16831683168317, 1796.8118811881188)",Neisseria,0,1147
"(182.7076923076923, 1841.1538461538462)",Neisseria,0,1148
"(186.2521739130435, 979.2782608695652)",Neisseria,0,1149
"(185.68965517241378, 1252.1724137931035)",Neisseria,0,1150
"(186.88333333333333, 1970.5166666666667)",Corynebacterium,0,1153
"(185.47540983606558, 676.9016393442623)",Treponema,0,1154
"(185.69736842105263, 1565.578947368421)",Neisseria,0,1156
"(184.72058823529412, 1958.6911764705883)",Streptococcus,0,1157
"(194.36704119850188, 241.05992509363296)",Veillonella,0,1158
"(186.26582278481013, 635.8860759493671)",Veillonella,0,1159
"(188.54285714285714, 831.7857142857143)",Porphyromonas,0,1160
"(187.96385542168676, 900.1325301204819)",Veillonella,0,1161
"(192.2913907284768, 1267.1655629139073)",Neisseria,0,1162
"(186.32394366197184, 1280.661971830986)",Neisseria,0,1163
"(186.44791666666666, 1362.5416666666667)",Neisseria,0,1164
"(187.96428571428572, 1743.4107142857142)",Neisseria,0,1165
"(188.11320754716982, 1588.0)",Neisseria,0,1167
"(189.90677966101694, 1629.2711864406779)",Neisseria,0,1168
"(187.22857142857143, 1874.6285714285714)",Neisseria,0,1169
"(187.35227272727272, 436.07954545454544)",Treponema,0,1170
"(188.40625, 649.46875)",Pasteurellaceae,0,1171
"(188.76724137931035, 709.448275862069)",Corynebacterium,0,1172
"(190.5875, 1418.3875)",Neisseria,0,1173
"(191.5, 202.92391304347825)",Veillonella,0,1174
"(193.72340425531914, 601.5212765957447)",Streptococcus,0,1175
"(189.96875, 779.875)",Veillonella,0,1176
"(189.66, 1205.8)",Neisseria,0,1178
"(194.93893129770993, 1716.8931297709923)",Neisseria,0,1179
"(191.53398058252426, 472.58252427184465)",Veillonella,0,1180
"(190.38805970149255, 845.3134328358209)",Neisseria,0,1181
"(198.06, 1224.045)",Neisseria,0,1182
"(194.73394495412845, 1429.467889908257)",Neisseria,0,1183
"(191.7840909090909, 1920.4545454545455)",Treponema,0,1184
"(194.77142857142857, 1996.4095238095238)",Porphyromonas,0,1185
"(192.7, 755.3888888888889)",Neisseria,0,1186
"(191.36507936507937, 1130.2063492063492)",Neisseria,0,1187
"(191.75138121546962, 1170.2375690607735)",Neisseria,0,1188
"(198.20238095238096, 1243.3035714285713)",Neisseria,0,1189
"(199.4180790960452, 1288.8305084745762)",Neisseria,0,1190
"(195.16770186335404, 1458.7701863354037)",Neisseria,0,1191
"(192.38805970149255, 1985.910447761194)",Fusobacterium,0,1192
"(192.85507246376812, 667.2898550724638)",Streptococcus,0,1194
"(193.61682242990653, 726.7196261682243)",Treponema,0,1195
"(192.01298701298703, 811.6233766233767)",Selenomonas,0,1196
"(194.6283185840708, 1344.504424778761)",Neisseria,0,1197
"(194.4954954954955, 1759.2702702702702)",Neisseria,0,1198
"(193.07258064516128, 1813.4354838709678)",Neisseria,0,1199
"(195.08823529411765, 446.8137254901961)",Veillonella,0,1201
"(193.16417910447763, 1400.2686567164178)",Neisseria,0,1202
"(194.11206896551724, 1542.75)",Neisseria,0,1203
"(194.96153846153845, 1611.1410256410256)",Neisseria,0,1204
"(193.92857142857142, 1773.9857142857143)",Neisseria,0,1205
"(196.109243697479, 1855.3865546218487)",Neisseria,0,1206
"(199.4433962264151, 1874.698113207547)",Neisseria,0,1208
"(193.8235294117647, 1891.137254901961)",Neisseria,0,1209
"(198.35838150289018, 690.9826589595376)",Streptococcus,0,1210
"(195.2923076923077, 1481.6307692307691)",Neisseria,0,1211
"(194.72727272727272, 1650.439393939394)",Neisseria,0,1212
"(201.38323353293413, 500.0419161676647)",Veillonella,0,1213
"(197.46666666666667, 517.7523809523809)",Veillonella,0,1214
"(195.58620689655172, 624.5689655172414)",Veillonella,0,1215
"(197.60927152317882, 882.2847682119206)",Neisseria,0,1217
"(198.25, 944.8548387096774)",Veillonella,0,1219
"(195.50632911392404, 1498.5696202531647)",Neisseria,0,1220
"(197.044776119403, 1598.7761194029852)",Neisseria,0,1221
"(195.55555555555554, 1788.904761904762)",Neisseria,0,1223
"(198.6086956521739, 212.31521739130434)",Veillonella,0,1224
"(197.33333333333334, 590.5909090909091)",Streptococcus,0,1225
"(199.3416149068323, 922.1242236024844)",Neisseria,0,1226
"(198.38888888888889, 1100.9444444444443)",Neisseria,0,1227
"(199.67708333333334, 1193.3958333333333)",Neisseria,0,1228
"(199.05384615384617, 1556.9)",Neisseria,0,1229
"(197.8095238095238, 1575.1904761904761)",Neisseria,0,1230
"(199.15686274509804, 1734.421568627451)",Neisseria,0,1231
"(203.1214953271028, 854.8411214953271)",Neisseria,0,1232
"(197.6140350877193, 1303.4736842105262)",Neisseria,0,1233
"(197.375, 1372.9166666666667)",Neisseria,0,1234
"(200.9609375, 1904.28125)",Neisseria,0,1235
"(199.65432098765433, 1141.4567901234568)",Neisseria,0,1236
"(199.01739130434783, 1386.5652173913043)",Neisseria,0,1237
"(200.99285714285713, 1512.3428571428572)",Neisseria,0,1238
"(203.40944881889763, 1935.2283464566929)",Neisseria,0,1239
"(198.89565217391305, 1953.5304347826086)",Corynebacterium,0,1240
"(209.8617886178862, 621.329268292683)",Veillonella,0,1241
"(208.18781725888326, 654.6649746192893)",Streptococcus,0,1242
"(204.23846153846154, 790.4692307692308)",Veillonella,0,1243
"(198.94736842105263, 1635.5263157894738)",Neisseria,0,1245
"(203.7787610619469, 1665.9823008849557)",Neisseria,0,1246
"(201.88311688311688, 1796.3636363636363)",Neisseria,0,1247
"(201.98979591836735, 636.9795918367347)",Veillonella,0,1248
"(201.9090909090909, 817.7171717171717)",Fusobacterium,0,1249
"(203.17073170731706, 1585.7073170731708)",Neisseria,0,1250
"(203.05154639175257, 1119.9690721649486)",Actinomyces,0,1251
"(207.88950276243094, 87.22651933701657)",Streptococcus,0,1252
"(206.05454545454546, 836.3636363636364)",Neisseria,0,1253
"(203.3013698630137, 979.0958904109589)",Veillonella,0,1254
"(205.8, 1152.4571428571428)",Neisseria,0,1255
"(203.32584269662922, 1313.7865168539327)",Neisseria,0,1256
"(202.90833333333333, 1686.1083333333333)",Neisseria,0,1257
"(204.6283185840708, 480.53097345132744)",Veillonella,0,1258
"(210.8116883116883, 750.7337662337662)",Veillonella,0,1259
"(203.484375, 995.765625)",Neisseria,0,1260
"(208.28877005347593, 1366.6310160427809)",Neisseria,0,1261
"(203.64788732394365, 1836.4225352112676)",Neisseria,0,1262
"(205.83505154639175, 30.15463917525773)",Neisseria,0,1264
"(207.6629213483146, 1407.3370786516855)",Neisseria,0,1265
"(206.6338028169014, 1481.5492957746478)",Neisseria,0,1266
"(211.0774193548387, 1976.8967741935485)",Veillonella,0,1267
"(207.18333333333334, 514.4333333333333)",Veillonella,0,1268
"(206.84810126582278, 1921.4810126582279)",Neisseria,0,1269
"(216.16814159292036, 715.9247787610619)",Streptococcus,0,1270
"(212.45562130177515, 1646.094674556213)",Neisseria,0,1271
"(206.1090909090909, 1810.2727272727273)",Neisseria,0,1272
"(210.08, 734.61)",Veillonella,0,1273
"(215.03108808290156, 905.9740932642487)",Veillonella,0,1274
"(208.82142857142858, 1183.6607142857142)",Neisseria,0,1275
"(209.30769230769232, 1570.5384615384614)",Neisseria,0,1276
"(215.78333333333333, 1885.8833333333334)",Neisseria,0,1277
"(210.8074074074074, 674.237037037037)",Corynebacterium,0,1278
"(208.54237288135593, 1961.322033898305)",Corynebacterium,0,1280
"(210.7549019607843, 591.5392156862745)",Corynebacterium,0,1281
"(210.52173913043478, 1092.641304347826)",Neisseria,0,1282
"(215.35365853658536, 1353.6768292682927)",Neisseria,0,1283
"(210.075, 1441.3166666666666)",Neisseria,0,1284
"(214.07758620689654, 1496.6379310344828)",Neisseria,0,1285
"(210.57471264367817, 1539.9540229885058)",Neisseria,0,1286
"(210.58333333333334, 1768.5694444444443)",Neisseria,0,1287
"(214.39823008849558, 245.30973451327435)",Neisseria,0,1288
"(217.37209302325581, 807.2093023255813)",Veillonella,0,1289
"(212.7391304347826, 1132.2753623188405)",Neisseria,0,1290
"(211.4070796460177, 1264.283185840708)",Neisseria,0,1291
"(213.65185185185186, 1519.2296296296297)",Neisseria,0,1292
"(211.0, 1600.5)",Neisseria,0,1293
"(211.59756097560975, 1781.0365853658536)",Neisseria,0,1295
"(213.84873949579833, 215.56302521008402)",Neisseria,0,1296
"(215.18260869565216, 470.75652173913045)",Veillonella,0,1297
"(212.5194805194805, 1198.6233766233765)",Neisseria,0,1299
"(213.56578947368422, 1615.9605263157894)",Neisseria,0,1300
"(216.26530612244898, 1627.8673469387754)",Neisseria,0,1301
"(214.13095238095238, 1744.6904761904761)",Neisseria,0,1302
"(219.91370558375635, 77.76649746192894)",Corynebacterium,0,1303
"(213.13533834586465, 881.0526315789474)",Veillonella,0,1304
"(212.9655172413793, 1337.1264367816093)",Neisseria,0,1305
"(213.59574468085106, 1715.6489361702127)",Neisseria,0,1306
"(220.3816425120773, 1852.463768115942)",Neisseria,0,1307
"(212.36363636363637, 1994.7878787878788)",Porphyromonas,0,1308
"(216.61946902654867, 863.2654867256637)",Neisseria,0,1309
"(220.32638888888889, 943.9861111111111)",Neisseria,0,1310
"(213.71428571428572, 999.0)",Neisseria,0,1311
"(216.71653543307087, 1175.6299212598426)",Neisseria,0,1312
"(217.54189944134077, 1242.8882681564246)",Neisseria,0,1313
"(217.07758620689654, 1293.603448275862)",Neisseria,0,1314
"(213.8684210526316, 1464.1315789473683)",Neisseria,0,1315
"(214.0625, 1870.984375)",Neisseria,0,1316
"(214.84615384615384, 1949.2564102564102)",Porphyromonas,0,1317
"(217.4949494949495, 53.45454545454545)",Neisseria,0,1318
"(214.5, 1395.0882352941176)",Neisseria,0,1319
"(215.8426966292135, 1422.426966292135)",Neisseria,0,1320
"(218.72340425531914, 1690.5851063829787)",Neisseria,0,1321
"(216.01724137931035, 700.7241379310345)",Porphyromonas,0,1322
"(216.60377358490567, 774.1037735849056)",Veillonella,0,1323
"(215.38805970149255, 920.3731343283582)",Veillonella,0,1324
"(220.05357142857142, 1557.419642857143)",Neisseria,0,1325
"(216.40243902439025, 1835.5975609756097)",Neisseria,0,1326
"(221.98224852071007, 1154.6094674556214)",Neisseria,0,1327
"(217.2394366197183, 1276.7042253521126)",Neisseria,0,1328
"(217.57746478873239, 1474.056338028169)",Neisseria,0,1329
"(217.75, 1586.765625)",Neisseria,0,1330
"(217.7962962962963, 503.962962962963)",Veillonella,0,1331
"(221.3804347826087, 687.0217391304348)",Treponema,0,1332
"(220.19230769230768, 1103.8)",Neisseria,0,1333
"(217.9126213592233, 1216.9417475728155)",Neisseria,0,1334
"(218.78205128205127, 1387.2051282051282)",Neisseria,0,1335
"(221.9673913043478, 1409.4130434782608)",Neisseria,0,1336
"(219.5, 1799.078125)",Neisseria,0,1337
"(221.12987012987014, 1664.3766233766235)",Neisseria,0,1339
"(225.03056768558952, 830.0873362445415)",Neisseria,0,1340
"(220.6, 986.5888888888888)",Neisseria,0,1341
"(224.35374149659864, 1127.5)",Neisseria,0,1342
"(222.23809523809524, 35.682539682539684)",Neisseria,0,1343
"(225.53125, 1813.0833333333333)",Neisseria,0,1344
"(220.49056603773585, 1819.7358490566037)",Neisseria,0,1345
"(222.80851063829786, 1906.712765957447)",Streptococcus,0,1346
"(221.93975903614458, 1930.0240963855422)",Streptococcus,0,1347
"(228.00806451612902, 1004.75)",Neisseria,0,1348
"(225.0326086956522, 1447.195652173913)",Neisseria,0,1349
"(222.89285714285714, 1485.3035714285713)",Neisseria,0,1350
"(225.55072463768116, 1740.072463768116)",Neisseria,0,1351
"(222.94230769230768, 597.0673076923077)",Neisseria,0,1352
"(226.56603773584905, 1306.3207547169811)",Neisseria,0,1353
"(225.0108695652174, 1606.0978260869565)",Neisseria,0,1355
"(222.7887323943662, 1759.056338028169)",Neisseria,0,1356
"(224.36363636363637, 662.560606060606)",Treponema,0,1357
"(224.53246753246754, 1531.6363636363637)",Neisseria,0,1358
"(222.92, 1571.44)",Neisseria,0,1359
"(225.88135593220338, 1707.7627118644068)",Neisseria,0,1360
"(224.8125, 1988.4732142857142)",Porphyromonas,0,1361
"(226.46153846153845, 1228.4423076923076)",Neisseria,0,1362
"(228.64893617021278, 1266.0744680851064)",Neisseria,0,1363
"(225.05769230769232, 1433.8076923076924)",Neisseria,0,1364
"(227.3827160493827, 1775.679012345679)",Neisseria,0,1365
"(227.128, 1964.344)",Streptococcus,0,1366
"(227.14583333333334, 641.3854166666666)",Porphyromonas,0,1367
"(228.31851851851852, 740.5333333333333)",Neisseria,0,1368
"(230.54205607476635, 45.5607476635514)",Neisseria,0,1369
"(229.2888888888889, 616.8666666666667)",Neisseria,0,1370
"(228.43835616438355, 876.5205479452055)",Neisseria,0,1371
"(229.85576923076923, 1189.25)",Neisseria,0,1373
"(231.32954545454547, 1253.159090909091)",Neisseria,0,1374
"(230.775, 1338.4666666666667)",Neisseria,0,1375
"(229.59649122807016, 1372.4736842105262)",Neisseria,0,1376
"(228.5, 1917.35)",Streptococcus,0,1378
"(229.1315789473684, 677.5526315789474)",Treponema,0,1379
"(230.47692307692307, 935.4307692307692)",Neisseria,0,1380
"(231.21505376344086, 1105.0860215053763)",Neisseria,0,1381
"(228.54901960784315, 1281.8235294117646)",Neisseria,0,1382
"(232.1980198019802, 897.1881188118812)",Pasteurellaceae,0,1383
"(233.63716814159292, 1323.787610619469)",Neisseria,0,1384
"(230.375, 1516.3875)",Neisseria,0,1385
"(232.18796992481202, 1865.766917293233)",Neisseria,0,1386
"(234.4957264957265, 245.23076923076923)",Veillonella,0,1387
"(235.47115384615384, 577.7163461538462)",Neisseria,0,1388
"(231.4262295081967, 857.2786885245902)",Neisseria,0,1389
"(232.1764705882353, 1540.8431372549019)",Neisseria,0,1390
"(231.54545454545453, 1827.3454545454545)",Neisseria,0,1392
"(234.83928571428572, 699.3690476190476)",Streptococcus,0,1393
"(237.3, 1293.7818181818182)",Neisseria,0,1395
"(241.09178743961354, 1369.0048309178744)",Neisseria,0,1396
"(232.584, 1394.36)",Neisseria,0,1397
"(234.56493506493507, 1497.1753246753246)",Neisseria,0,1398
"(233.82022471910113, 1590.6741573033707)",Neisseria,0,1399
"(233.21428571428572, 713.0)",Treponema,0,1400
"(232.92307692307693, 768.5846153846154)",Veillonella,0,1401
"(232.89830508474577, 1456.9830508474577)",Neisseria,0,1402
"(239.46103896103895, 1554.6818181818182)",Neisseria,0,1403
"(232.72093023255815, 1641.406976744186)",Neisseria,0,1404
"(232.55172413793105, 1719.4022988505747)",Neisseria,0,1405
"(236.79569892473117, 923.8064516129032)",Neisseria,0,1406
"(236.19540229885058, 1625.4137931034484)",Neisseria,0,1407
"(235.6375, 1771.775)",Neisseria,0,1408
"(239.21134020618555, 1946.840206185567)",Streptococcus,0,1410
"(236.536, 604.712)",Neisseria,0,1411
"(237.0625, 1216.5703125)",Neisseria,0,1412
"(234.3763440860215, 1572.784946236559)",Neisseria,0,1413
"(242.39636363636365, 1686.9963636363636)",Neisseria,0,1415
"(241.33333333333334, 1796.7575757575758)",Neisseria,0,1416
"(238.53608247422682, 1900.5154639175257)",Neisseria,0,1417
"(238.0, 650.0512820512821)",Veillonella,0,1418
"(238.37, 1234.7)",Neisseria,0,1419
"(237.8359375, 1418.5390625)",Neisseria,0,1420
"(239.69473684210527, 628.421052631579)",Streptococcus,0,1422
"(237.5, 779.765625)",Veillonella,0,1423
"(236.12, 1274.52)",Neisseria,0,1424
"(239.67021276595744, 911.0106382978723)",Veillonella,0,1426
"(239.4189189189189, 1811.1486486486488)",Neisseria,0,1427
"(242.74193548387098, 1000.3790322580645)",Neisseria,0,1428
"(239.08247422680412, 1477.6494845360826)",Neisseria,0,1429
"(240.0705882352941, 1656.4823529411765)",Neisseria,0,1430
"(241.2709677419355, 1924.7354838709678)",Streptococcus,0,1432
"(240.3235294117647, 794.75)",Neisseria,0,1433
"(240.13, 809.98)",Neisseria,0,1434
"(240.24752475247524, 1166.6138613861385)",Neisseria,0,1435
"(250.18817204301075, 1462.5698924731182)",Neisseria,0,1436
"(240.7536231884058, 1527.6521739130435)",Neisseria,0,1437
"(240.858407079646, 1604.513274336283)",Neisseria,0,1438
"(242.76543209876544, 1831.4197530864199)",Neisseria,0,1440
"(247.87083333333334, 726.0083333333333)",Veillonella,0,1441
"(242.5921052631579, 1140.4473684210527)",Neisseria,0,1442
"(242.15555555555557, 1198.4555555555555)",Neisseria,0,1443
"(241.49425287356323, 1445.057471264368)",Neisseria,0,1444
"(241.8, 1969.1933333333334)",Porphyromonas,0,1445
"(244.7405857740586, 670.7656903765691)",Corynebacterium,0,1446
"(242.986301369863, 875.8972602739726)",Neisseria,0,1447
"(242.74324324324326, 1017.1351351351351)",Neisseria,0,1448
"(241.77477477477478, 1124.126126126126)",Neisseria,0,1449
"(242.3684210526316, 1181.701754385965)",Neisseria,0,1450
"(242.2394366197183, 1306.7605633802816)",Neisseria,0,1451
"(244.2528735632184, 1877.6091954022988)",Neisseria,0,1452
"(245.51470588235293, 88.05882352941177)",Streptococcus,0,1453
"(245.77227722772278, 747.2970297029703)",Treponema,0,1454
"(245.66071428571428, 829.7857142857143)",Neisseria,0,1455
"(246.08270676691728, 940.9022556390977)",Neisseria,0,1456
"(246.31132075471697, 1391.566037735849)",Neisseria,0,1457
"(244.01694915254237, 1856.050847457627)",Neisseria,0,1458
"(245.67021276595744, 1994.5425531914893)",Porphyromonas,0,1459
"(248.80620155038758, 1644.2790697674418)",Neisseria,0,1461
"(246.1046511627907, 1720.7790697674418)",Neisseria,0,1462
"(248.3846153846154, 1212.0)",Neisseria,0,1463
"(246.85436893203882, 1264.0)",Neisseria,0,1464
"(245.6271186440678, 1339.915254237288)",Neisseria,0,1465
"(247.18446601941747, 1703.9417475728155)",Neisseria,0,1466
"(246.16129032258064, 1749.741935483871)",Neisseria,0,1467
"(246.67796610169492, 759.4067796610169)",Neisseria,0,1468
"(247.95, 1248.25)",Neisseria,0,1469
"(252.96951219512195, 1577.9939024390244)",Neisseria,0,1470
"(248.15454545454546, 1763.0272727272727)",Neisseria,0,1471
"(246.85454545454544, 1842.490909090909)",Neisseria,0,1472
"(249.84285714285716, 630.3857142857142)",Veillonella,0,1473
"(253.22388059701493, 706.5074626865671)",Corynebacterium,0,1474
"(249.32142857142858, 853.1428571428571)",Neisseria,0,1475
"(249.59036144578315, 1593.4819277108434)",Neisseria,0,1476
"(248.85, 42.166666666666664)",Veillonella,0,1477
"(251.61818181818182, 1507.581818181818)",Neisseria,0,1479
"(249.6851851851852, 1539.0555555555557)",Neisseria,0,1480
"(251.95145631067962, 28.067961165048544)",Veillonella,0,1481
"(252.43157894736842, 688.0)",Veillonella,0,1482
"(255.2, 1013.723076923077)",Neisseria,0,1483
"(251.75454545454545, 1286.5181818181818)",Neisseria,0,1484
"(251.8030303030303, 1408.5)",Neisseria,0,1486
"(254.95483870967743, 1895.4967741935484)",Neisseria,0,1487
"(252.63440860215053, 1326.3655913978494)",Neisseria,0,1488
"(251.58333333333334, 1732.1166666666666)",Neisseria,0,1489
"(255.16417910447763, 1931.6940298507463)",Streptococcus,0,1490
"(253.75892857142858, 782.3571428571429)",Actinomyces,0,1492
"(258.8051948051948, 903.6363636363636)",Neisseria,0,1493
"(253.8815789473684, 871.2894736842105)",Veillonella,0,1494
"(253.92307692307693, 1132.923076923077)",Neisseria,0,1496
"(257.37931034482756, 1491.8620689655172)",Neisseria,0,1498
"(255.88805970149255, 648.0074626865671)",Neisseria,0,1499
"(262.29787234042556, 762.3936170212766)",Veillonella,0,1500
"(255.63076923076923, 981.8923076923077)",Veillonella,0,1501
"(263.78403755868544, 1175.8169014084508)",Neisseria,0,1502
"(254.31521739130434, 1421.9891304347825)",Neisseria,0,1503
"(256.8976377952756, 1475.7952755905512)",Neisseria,0,1504
"(258.37, 1833.27)",Neisseria,0,1505
"(255.3956043956044, 1116.967032967033)",Neisseria,0,1506
"(254.6451612903226, 1232.0)",Veillonella,0,1507
"(257.25, 1660.1145833333333)",Neisseria,0,1508
"(257.2025316455696, 254.17088607594937)",Veillonella,0,1509
"(255.86206896551724, 623.1379310344828)",Veillonella,0,1510
"(258.29375, 808.06875)",Pasteurellaceae,0,1511
"(257.03846153846155, 1445.5961538461538)",Neisseria,0,1512
"(261.5851063829787, 1550.0212765957447)",Neisseria,0,1513
"(257.7597402597403, 1626.2532467532467)",Neisseria,0,1514
"(260.6322580645161, 1868.4709677419355)",Neisseria,0,1515
"(263.87301587301585, 614.6666666666666)",Veillonella,0,1516
"(262.05, 928.0666666666667)",Veillonella,0,1517
"(264.76151761517616, 959.1653116531165)",Veillonella,0,1518
"(257.01176470588234, 1525.0823529411764)",Neisseria,0,1519
"(257.9056603773585, 1744.0943396226414)",Neisseria,0,1520
"(257.2028985507246, 1848.8260869565217)",Neisseria,0,1521
"(258.09708737864077, 1964.7281553398059)",Porphyromonas,0,1522
"(262.7135416666667, 1027.0625)",Neisseria,0,1524
"(257.74285714285713, 1217.942857142857)",Neisseria,0,1525
"(260.32941176470587, 1562.1529411764707)",Neisseria,0,1526
"(257.8474576271187, 1605.4237288135594)",Neisseria,0,1527
"(257.8888888888889, 1818.5555555555557)",Neisseria,0,1528
"(259.424, 1368.288)",Neisseria,0,1529
"(258.4, 1950.6)",Porphyromonas,0,1530
"(260.53956834532374, 1197.388489208633)",Neisseria,0,1531
"(261.94871794871796, 1251.7264957264956)",Neisseria,0,1532
"(263.578125, 1276.703125)",Neisseria,0,1533
"(259.59375, 1339.90625)",Neisseria,0,1534
"(263.75, 1702.6357142857144)",Neisseria,0,1535
"(261.24285714285713, 596.5)",Veillonella,0,1536
"(262.1641791044776, 852.1940298507462)",Neisseria,0,1537
"(262.66346153846155, 1396.1057692307693)",Neisseria,0,1538
"(260.7096774193548, 1683.4193548387098)",Neisseria,0,1539
"(265.82481751824815, 1756.4452554744526)",Neisseria,0,1540
"(260.53333333333336, 1984.9444444444443)",Porphyromonas,0,1541
"(263.64497041420117, 824.9585798816568)",Veillonella,0,1542
"(261.8809523809524, 1304.357142857143)",Neisseria,0,1543
"(265.5377358490566, 672.0188679245283)",Treponema,0,1544
"(263.1896551724138, 1316.344827586207)",Neisseria,0,1545
"(270.64406779661016, 1509.8305084745762)",Neisseria,0,1546
"(263.6470588235294, 1672.25)",Neisseria,0,1547
"(263.68224299065423, 1805.0934579439252)",Neisseria,0,1549
"(266.4148936170213, 1936.2659574468084)",Fusobacterium,0,1551
"(265.6333333333333, 877.0888888888888)",Veillonella,0,1552
"(265.15555555555557, 1103.0814814814814)",Neisseria,0,1553
"(265.6, 1782.5375)",Neisseria,0,1554
"(267.86746987951807, 1429.8433734939758)",Neisseria,0,1555
"(268.23275862068965, 1596.3620689655172)",Neisseria,0,1556
"(264.27868852459017, 1733.016393442623)",Neisseria,0,1557
"(272.5806451612903, 745.2451612903226)",Treponema,0,1559
"(269.88235294117646, 1132.8823529411766)",Neisseria,0,1560
"(267.3703703703704, 1143.2592592592594)",Neisseria,0,1561
"(268.56190476190477, 1353.6571428571428)",Neisseria,0,1562
"(268.91803278688525, 630.0655737704918)",Veillonella,0,1564
"(270.8888888888889, 650.5751633986928)",Treponema,0,1565
"(270.52317880794703, 707.3046357615895)",Streptococcus,0,1566
"(271.0285714285714, 1378.9785714285715)",Neisseria,0,1567
"(269.2795698924731, 1618.720430107527)",Neisseria,0,1568
"(268.672131147541, 1957.016393442623)",Streptococcus,0,1569
"(270.60759493670884, 1994.012658227848)",Streptococcus,0,1570
"(271.08181818181816, 987.6363636363636)",Neisseria,0,1571
"(274.265306122449, 1258.6054421768708)",Neisseria,0,1572
"(270.2, 1645.4705882352941)",Neisseria,0,1573
"(281.8237885462555, 1412.3788546255507)",Neisseria,0,1574
"(275.36301369863014, 1527.6849315068494)",Neisseria,0,1575
"(272.12631578947367, 773.0)",Streptococcus,0,1578
"(271.3225806451613, 1205.52688172043)",Neisseria,0,1579
"(276.4550264550264, 1223.2275132275133)",Neisseria,0,1580
"(271.49295774647885, 1497.225352112676)",Neisseria,0,1581
"(273.38271604938274, 794.1234567901234)",Neisseria,0,1583
"(276.54, 900.38)",Neisseria,0,1584
"(270.8243243243243, 1716.0945945945946)",Neisseria,0,1586
"(272.296875, 1917.59375)",Veillonella,0,1587
"(278.7243243243243, 722.7135135135135)",Treponema,0,1588
"(273.1354166666667, 1456.90625)",Neisseria,0,1590
"(276.14018691588785, 841.5700934579439)",Neisseria,0,1592
"(274.7230769230769, 1552.6)",Neisseria,0,1593
"(273.51666666666665, 1574.8333333333333)",Neisseria,0,1594
"(274.54368932038835, 1681.106796116505)",Neisseria,0,1595
"(278.34090909090907, 667.3863636363636)",Neisseria,0,1597
"(280.0708333333333, 1036.9541666666667)",Neisseria,0,1598
"(280.67973856209153, 1891.424836601307)",Neisseria,0,1600
"(274.47058823529414, 1943.8039215686274)",Porphyromonas,0,1601
"(280.1290322580645, 1980.720430107527)",Porphyromonas,0,1602
"(277.02597402597405, 600.3376623376623)",Veillonella,0,1603
"(276.2105263157895, 855.8421052631579)",Neisseria,0,1604
"(278.80172413793105, 1097.5862068965516)",Neisseria,0,1605
"(279.04347826086956, 1121.1847826086957)",Neisseria,0,1606
"(277.93203883495147, 1288.116504854369)",Neisseria,0,1608
"(275.45454545454544, 1312.5324675324675)",Neisseria,0,1609
"(276.9051724137931, 1659.646551724138)",Neisseria,0,1610
"(276.925, 1744.35)",Neisseria,0,1611
"(277.5681818181818, 1856.6060606060605)",Neisseria,0,1612
"(283.8740740740741, 610.6370370370371)",Veillonella,0,1613
"(278.6235294117647, 682.3058823529411)",Selenomonas,0,1614
"(277.19101123595505, 1473.573033707865)",Neisseria,0,1615
"(276.8, 1563.54)",Neisseria,0,1616
"(282.4741379310345, 1969.396551724138)",Streptococcus,0,1617
"(279.6, 1587.27)",Neisseria,0,1618
"(278.93548387096774, 1729.279569892473)",Neisseria,0,1619
"(278.6774193548387, 1951.9193548387098)",Porphyromonas,0,1620
"(280.125, 875.1931818181819)",Veillonella,0,1621
"(281.4921465968586, 929.9005235602094)",Streptococcus,0,1622
"(283.6470588235294, 1707.1176470588234)",Neisseria,0,1623
"(278.25, 1875.7625)",Neisseria,0,1624
"(283.3811881188119, 818.2227722772277)",Neisseria,0,1625
"(280.16923076923075, 973.2923076923076)",Veillonella,0,1626
"(279.7402597402597, 1393.948051948052)",Neisseria,0,1627
"(285.2388663967611, 1770.1133603238866)",Neisseria,0,1628
"(280.9240506329114, 249.59493670886076)",Veillonella,0,1629
"(282.50666666666666, 1429.3333333333333)",Neisseria,0,1630
"(281.4561403508772, 1838.157894736842)",Neisseria,0,1631
"(284.60526315789474, 1907.9122807017543)",Veillonella,0,1632
"(285.56410256410254, 1324.6410256410256)",Neisseria,0,1634
"(286.33009708737865, 1512.368932038835)",Neisseria,0,1635
"(282.7142857142857, 1539.6)",Neisseria,0,1636
"(282.38655462184875, 1801.3193277310925)",Neisseria,0,1637
"(286.448, 1302.8)",Neisseria,0,1640
"(283.90697674418607, 1340.6162790697674)",Neisseria,0,1641
"(287.58715596330273, 1485.6880733944954)",Neisseria,0,1642
"(285.1186440677966, 795.9661016949152)",Neisseria,0,1643
"(283.25454545454545, 1630.2363636363636)",Neisseria,0,1644
"(282.97777777777776, 1817.6666666666667)",Neisseria,0,1645
"(284.92537313432837, 633.776119402985)",Veillonella,0,1646
"(286.5833333333333, 1271.952380952381)",Neisseria,0,1647
"(287.57664233576645, 1368.992700729927)",Neisseria,0,1648
"(286.704347826087, 1691.2260869565218)",Neisseria,0,1650
"(286.10714285714283, 1932.4166666666667)",Porphyromonas,0,1651
"(286.2295081967213, 650.311475409836)",Gemella,0,1652
"(290.1698113207547, 957.8867924528302)",Veillonella,0,1653
"(297.1189189189189, 1056.8945945945945)",Neisseria,0,1654
"(284.8076923076923, 1617.8557692307693)",Neisseria,0,1655
"(293.44444444444446, 1746.7251461988303)",Neisseria,0,1656
"(289.1058823529412, 736.5705882352942)",Neisseria,0,1657
"(287.55056179775283, 1141.2808988764045)",Neisseria,0,1658
"(291.31617647058823, 1442.235294117647)",Neisseria,0,1659
"(291.3157894736842, 691.4526315789474)",Neisseria,0,1660
"(292.25925925925924, 888.5308641975308)",Selenomonas,0,1661
"(288.8673469387755, 1231.0816326530612)",Neisseria,0,1662
"(291.07339449541286, 1458.1467889908256)",Neisseria,0,1663
"(288.1967213114754, 1653.1311475409836)",Neisseria,0,1664
"(291.2142857142857, 1831.5510204081634)",Neisseria,0,1665
"(288.8333333333333, 1994.5)",Corynebacterium,0,1666
"(291.44, 805.21)",Veillonella,0,1667
"(290.4109589041096, 1110.1917808219177)",Neisseria,0,1668
"(291.0652173913044, 1254.1739130434783)",Neisseria,0,1669
"(289.8426966292135, 1567.112359550562)",Neisseria,0,1670
"(289.47222222222223, 1945.9583333333333)",Streptococcus,0,1671
"(290.18461538461537, 778.5153846153846)",Veillonella,0,1672
"(291.9240506329114, 936.9873417721519)",Corynebacterium,0,1673
"(295.9782608695652, 1608.0652173913043)",Neisseria,0,1674
"(290.3333333333333, 1871.59375)",Neisseria,0,1675
"(292.3783783783784, 1498.3648648648648)",Neisseria,0,1676
"(294.95, 1470.58)",Neisseria,0,1677
"(293.63157894736844, 1641.701754385965)",Neisseria,0,1678
"(292.6515151515151, 1676.4242424242425)",Neisseria,0,1679
"(295.3063063063063, 1126.3333333333333)",Neisseria,0,1681
"(292.8666666666667, 625.8333333333334)",Veillonella,0,1682
"(295.5168539325843, 1581.2247191011236)",Neisseria,0,1683
"(295.18367346938777, 1845.9183673469388)",Neisseria,0,1685
"(293.81481481481484, 1917.6666666666667)",Fusobacterium,0,1686
"(295.4756097560976, 761.4634146341464)",Veillonella,0,1687
"(300.56, 831.76)",Veillonella,0,1688
"(295.3, 850.6833333333333)",Veillonella,0,1689
"(294.39622641509436, 909.8301886792453)",Selenomonas,0,1690
"(296.7263157894737, 1721.0947368421052)",Neisseria,0,1691
"(297.89166666666665, 674.6083333333333)",Veillonella,0,1692
"(300.0722891566265, 705.8192771084338)",Neisseria,0,1693
"(296.09090909090907, 865.3376623376623)",Neisseria,0,1694
"(296.865, 1533.985)",Neisseria,0,1696
"(297.0175438596491, 1667.3508771929824)",Neisseria,0,1697
"(296.0147058823529, 1818.264705882353)",Neisseria,0,1698
"(296.75, 1970.1617647058824)",Fusobacterium,0,1699
"(296.5483870967742, 967.2903225806451)",Veillonella,0,1701
"(298.61764705882354, 981.7647058823529)",Neisseria,0,1702
"(297.0163934426229, 1147.4754098360656)",Neisseria,0,1703
"(302.9259259259259, 1226.9444444444443)",Neisseria,0,1704
"(300.20512820512823, 1279.179487179487)",Neisseria,0,1705
"(305.16312056737587, 1483.163120567376)",Neisseria,0,1707
"(302.20512820512823, 618.7521367521367)",Porphyromonas,0,1709
"(299.9764705882353, 1240.8823529411766)",Neisseria,0,1710
"(300.72131147540983, 1295.0245901639344)",Neisseria,0,1711
"(300.4124293785311, 1342.129943502825)",Neisseria,0,1712
"(299.32894736842104, 1430.5)",Neisseria,0,1713
"(298.14285714285717, 1983.75)",Porphyromonas,0,1714
"(300.7866666666667, 635.12)",Veillonella,0,1715
"(299.9380530973451, 1175.2654867256638)",Veillonella,0,1716
"(299.87654320987656, 1383.0246913580247)",Neisseria,0,1717
"(301.8958333333333, 1861.9479166666667)",Neisseria,0,1719
"(304.18404907975463, 1631.2331288343557)",Neisseria,0,1721
"(299.1864406779661, 1687.5084745762713)",Neisseria,0,1722
"(299.5409836065574, 1783.9180327868853)",Neisseria,0,1723
"(302.3137254901961, 94.97058823529412)",Treponema,0,1724
"(300.94594594594594, 921.2837837837837)",Selenomonas,0,1725
"(300.47058823529414, 1796.5294117647059)",Neisseria,0,1726
"(303.8253968253968, 1952.4285714285713)",Streptococcus,0,1727
"(303.79661016949154, 1106.0338983050847)",Neisseria,0,1728
"(302.1904761904762, 1261.2539682539682)",Neisseria,0,1729
"(303.55670103092785, 1313.8453608247423)",Neisseria,0,1730
"(302.3032786885246, 1884.639344262295)",Neisseria,0,1731
"(303.9866666666667, 1937.0)",Streptococcus,0,1732
"(303.96385542168673, 111.59036144578313)",Streptococcus,0,1733
"(305.68831168831167, 813.9350649350649)",Veillonella,0,1734
"(307.9153846153846, 889.3384615384615)",Veillonella,0,1735
"(307.89444444444445, 1032.0277777777778)",Veillonella,0,1736
"(303.6666666666667, 1366.8095238095239)",Neisseria,0,1737
"(304.25555555555553, 1706.611111111111)",Neisseria,0,1738
"(307.06382978723406, 5.964539007092198)",Pasteurellaceae,0,1740
"(309.4188034188034, 956.9145299145299)",Veillonella,0,1742
"(305.5609756097561, 1409.5365853658536)",Neisseria,0,1743
"(309.0733333333333, 1657.2133333333334)",Neisseria,0,1744
"(306.82191780821915, 1995.7808219178082)",Corynebacterium,0,1745
"(312.3945945945946, 1136.4378378378378)",Neisseria,0,1746
"(307.32941176470587, 1567.3647058823528)",Neisseria,0,1748
"(307.38028169014086, 1899.9577464788733)",Porphyromonas,0,1749
"(315.33522727272725, 1912.9943181818182)",Fusobacterium,0,1750
"(306.7040816326531, 742.4183673469388)",Neisseria,0,1751
"(307.2352941176471, 1394.921568627451)",Neisseria,0,1752
"(307.15238095238095, 1734.5714285714287)",Neisseria,0,1754
"(307.59302325581393, 1924.7906976744187)",Porphyromonas,0,1755
"(311.29896907216494, 752.6288659793814)",Veillonella,0,1756
"(309.1621621621622, 872.581081081081)",Veillonella,0,1757
"(308.05263157894734, 939.6)",Veillonella,0,1758
"(310.83673469387753, 973.5816326530612)",Veillonella,0,1759
"(312.71830985915494, 1455.694835680751)",Neisseria,0,1761
"(309.469696969697, 1547.8181818181818)",Neisseria,0,1762
"(309.265306122449, 1767.3061224489795)",Neisseria,0,1764
"(315.25414364640886, 1783.3701657458564)",Neisseria,0,1765
"(308.3478260869565, 1835.9130434782608)",Neisseria,0,1766
"(311.2808988764045, 722.5393258426966)",Neisseria,0,1767
"(311.6, 1117.525)",Neisseria,0,1768
"(308.68333333333334, 1973.8)",Porphyromonas,0,1769
"(312.95620437956205, 858.2773722627737)",Veillonella,0,1770
"(311.3076923076923, 1046.9871794871794)",Veillonella,0,1772
"(315.75396825396825, 1422.5079365079366)",Neisseria,0,1773
"(309.20754716981133, 1520.9245283018868)",Neisseria,0,1774
"(310.4470588235294, 1690.070588235294)",Neisseria,0,1775
"(311.4230769230769, 773.3717948717949)",Veillonella,0,1776
"(312.38823529411764, 840.9058823529411)",Veillonella,0,1777
"(317.11340206185565, 1436.7113402061855)",Veillonella,0,1779
"(310.5, 1674.5)",Neisseria,0,1780
"(316.43119266055044, 1714.633027522936)",Neisseria,0,1781
"(311.54117647058825, 1851.5529411764705)",Neisseria,0,1782
"(313.05405405405406, 793.1351351351351)",Neisseria,0,1784
"(312.7710843373494, 1268.012048192771)",Neisseria,0,1785
"(312.3703703703704, 1512.8641975308642)",Neisseria,0,1786
"(314.353982300885, 1801.9646017699115)",Neisseria,0,1787
"(312.1929824561403, 1874.3684210526317)",Veillonella,0,1789
"(312.780487804878, 998.219512195122)",Corynebacterium,0,1790
"(314.7319587628866, 1163.298969072165)",Neisseria,0,1791
"(313.56779661016947, 1208.2711864406779)",Neisseria,0,1792
"(317.43243243243245, 113.56216216216217)",Corynebacterium,0,1793
"(316.4712643678161, 1531.528735632184)",Neisseria,0,1794
"(317.0138888888889, 1605.6875)",Neisseria,0,1795
"(315.2061855670103, 911.7835051546392)",Pasteurellaceae,0,1796
"(320.0617283950617, 1147.8765432098764)",Neisseria,0,1797
"(318.6965517241379, 1375.9655172413793)",Neisseria,0,1798
"(316.9230769230769, 1622.7307692307693)",Neisseria,0,1799
"(317.0595238095238, 631.0)",Veillonella,0,1800
"(317.58730158730157, 986.8412698412699)",Neisseria,0,1801
"(316.1474358974359, 1289.8846153846155)",Neisseria,0,1802
"(315.86764705882354, 1319.5588235294117)",Neisseria,0,1803
"(316.8636363636364, 1360.8333333333333)",Neisseria,0,1804
"(317.5189873417722, 822.5189873417721)",Veillonella,0,1805
"(318.3510638297872, 1013.3404255319149)",Veillonella,0,1806
"(317.0485436893204, 1343.621359223301)",Neisseria,0,1807
"(317.7, 1405.3125)",Neisseria,0,1808
"(319.18954248366015, 1498.7843137254902)",Neisseria,0,1809
"(318.2307692307692, 1961.1025641025642)",Streptococcus,0,1811
"(319.1587301587302, 1557.2063492063492)",Neisseria,0,1812
"(319.7866666666667, 1633.6933333333334)",Neisseria,0,1813
"(320.5, 1826.698275862069)",Neisseria,0,1814
"(323.0632911392405, 1945.9620253164558)",Porphyromonas,0,1815
"(322.2207792207792, 12.707792207792208)",Neisseria,0,1816
"(326.38853503184714, 876.8216560509554)",Veillonella,0,1817
"(323.54594594594596, 1751.281081081081)",Neisseria,0,1819
"(318.4782608695652, 1889.7971014492753)",Fusobacterium,0,1820
"(322.0487804878049, 1061.7073170731708)",Neisseria,0,1821
"(320.6585365853659, 1868.6910569105692)",Neisseria,0,1822
"(323.94594594594594, 1698.8648648648648)",Neisseria,0,1823
"(322.35, 949.7)",Corynebacterium,0,1824
"(325.76190476190476, 1471.8503401360545)",Neisseria,0,1825
"(325.234693877551, 1587.969387755102)",Neisseria,0,1827
"(321.86206896551727, 1978.448275862069)",Porphyromonas,0,1828
"(325.037037037037, 745.1666666666666)",Neisseria,0,1829
"(324.98850574712645, 811.6666666666666)",Neisseria,0,1830
"(323.3333333333333, 1236.0430107526881)",Neisseria,0,1831
"(323.5840707964602, 1256.0)",Neisseria,0,1832
"(323.59493670886076, 1309.6835443037974)",Neisseria,0,1833
"(327.3137254901961, 1546.5)",Neisseria,0,1834
"(323.72463768115944, 1676.376811594203)",Neisseria,0,1835
"(324.2526315789474, 1727.8736842105263)",Neisseria,0,1836
"(332.90909090909093, 941.8716577540107)",Actinomyces,0,1838
"(324.4225352112676, 1656.5915492957747)",Neisseria,0,1840
"(323.83098591549293, 1846.8309859154929)",Neisseria,0,1841
"(325.75384615384615, 1927.2307692307693)",Fusobacterium,0,1842
"(324.2857142857143, 845.8214285714286)",Neisseria,0,1843
"(324.9776119402985, 1085.4701492537313)",Neisseria,0,1846
"(325.5964912280702, 1106.7894736842106)",Neisseria,0,1847
"(330.92561983471074, 902.2148760330579)",Veillonella,0,1848
"(327.0925925925926, 984.5370370370371)",Streptococcus,0,1849
"(326.8709677419355, 1216.6344086021506)",Neisseria,0,1850
"(327.1975308641975, 771.7407407407408)",Veillonella,0,1851
"(327.7361111111111, 1276.7916666666667)",Neisseria,0,1852
"(327.79545454545456, 1396.340909090909)",Neisseria,0,1853
"(332.0670103092784, 1902.9845360824743)",Porphyromonas,0,1854
"(326.74074074074076, 972.6666666666666)",Porphyromonas,0,1855
"(329.6279069767442, 1042.5697674418604)",Treponema,0,1856
"(329.0104166666667, 1123.0625)",Neisseria,0,1857
"(329.75757575757575, 27.181818181818183)",Neisseria,0,1858
"(328.85074626865674, 796.8955223880597)",Veillonella,0,1860
"(332.55696202531647, 1767.9556962025317)",Neisseria,0,1861
"(330.8288288288288, 1803.4054054054054)",Neisseria,0,1862
"(335.29007633587787, 761.1297709923664)",Neisseria,0,1863
"(330.92537313432837, 786.5223880597015)",Veillonella,0,1864
"(332.9024390243902, 1154.0243902439024)",Neisseria,0,1865
"(329.1896551724138, 1327.7068965517242)",Treponema,0,1866
"(330.85185185185185, 1360.3950617283951)",Neisseria,0,1867
"(336.73, 1445.64)",Neisseria,0,1868
"(330.6081081081081, 1534.7162162162163)",Neisseria,0,1869
"(332.716814159292, 999.2831858407079)",Corynebacterium,0,1870
"(334.975, 1338.6083333333333)",Neisseria,0,1871
"(335.4621848739496, 1409.857142857143)",Neisseria,0,1872
"(331.7142857142857, 1607.6571428571428)",Neisseria,0,1873
"(332.8020833333333, 1883.3229166666667)",Treponema,0,1874
"(335.26063829787233, 832.7978723404256)",Neisseria,0,1875
"(333.247311827957, 1517.9139784946237)",Neisseria,0,1877
"(333.5824175824176, 1621.2637362637363)",Neisseria,0,1878
"(335.68674698795184, 959.8795180722891)",Porphyromonas,0,1880
"(332.6986301369863, 1013.3561643835617)",Streptococcus,0,1881
"(335.5977011494253, 1105.6666666666667)",Neisseria,0,1882
"(334.54464285714283, 713.5892857142857)",Neisseria,0,1884
"(334.2826086956522, 854.6739130434783)",Neisseria,0,1885
"(337.48, 1222.12)",Neisseria,0,1886
"(334.44615384615383, 1487.0923076923077)",Neisseria,0,1887
"(337.22641509433964, 1852.066037735849)",Neisseria,0,1888
"(337.144578313253, 37.373493975903614)",Veillonella,0,1889
"(334.5344827586207, 115.6896551724138)",Treponema,0,1890
"(334.49152542372883, 1030.9830508474577)",Streptococcus,0,1891
"(335.25, 1379.5961538461538)",Neisseria,0,1892
"(336.8020833333333, 1500.3958333333333)",Neisseria,0,1893
"(336.4875, 1582.7375)",Neisseria,0,1894
"(336.06451612903226, 1705.0967741935483)",Neisseria,0,1895
"(336.17857142857144, 134.39285714285714)",Porphyromonas,0,1896
"(336.89473684210526, 1068.2105263157894)",Streptococcus,0,1897
"(336.0175438596491, 1082.0)",Veillonella,0,1898
"(336.4271844660194, 1306.0)",Veillonella,0,1899
"(338.280487804878, 1739.378048780488)",Neisseria,0,1900
"(339.3888888888889, 1791.8055555555557)",Neisseria,0,1901
"(337.7217391304348, 1979.7391304347825)",Porphyromonas,0,1902
"(340.376, 58.52)",Veillonella,0,1903
"(337.3424657534247, 724.7397260273973)",Neisseria,0,1904
"(337.61224489795916, 1686.795918367347)",Neisseria,0,1905
"(336.5, 1718.7272727272727)",Neisseria,0,1906
"(344.3224299065421, 1866.8831775700935)",Neisseria,0,1907
"(337.02150537634407, 1960.784946236559)",Porphyromonas,0,1908
"(337.2181818181818, 974.4545454545455)",Corynebacterium,0,1910
"(338.31666666666666, 1143.0666666666666)",Neisseria,0,1911
"(338.3333333333333, 1277.7894736842106)",Neisseria,0,1912
"(339.7821782178218, 1635.2178217821781)",Neisseria,0,1913
"(342.6330275229358, 1237.1926605504586)",Neisseria,0,1914
"(347.7692307692308, 1594.5934065934066)",Neisseria,0,1915
"(339.5959595959596, 1653.3737373737374)",Neisseria,0,1916
"(341.66101694915255, 993.6101694915254)",Porphyromonas,0,1917
"(348.37125748502996, 1266.3592814371257)",Neisseria,0,1918
"(341.51612903225805, 1512.9032258064517)",Neisseria,0,1919
"(343.3139534883721, 1814.8139534883721)",Neisseria,0,1920
"(339.76190476190476, 1929.4126984126983)",Fusobacterium,0,1921
"(341.921568627451, 1942.4901960784314)",Porphyromonas,0,1922
"(341.06451612903226, 1092.5967741935483)",Veillonella,0,1923
"(342.5, 1133.2083333333333)",Veillonella,0,1924
"(342.6090909090909, 1251.7272727272727)",Neisseria,0,1925
"(343.46153846153845, 1322.7692307692307)",Veillonella,0,1926
"(343.125, 1426.9125)",Neisseria,0,1927
"(340.19354838709677, 1556.6451612903227)",Veillonella,0,1928
"(343.75949367088606, 956.3544303797469)",Actinomyces,0,1931
"(341.8481012658228, 1350.7848101265822)",Neisseria,0,1932
"(344.04395604395603, 1613.0)",Neisseria,0,1933
"(343.40860215053766, 742.8387096774194)",Neisseria,0,1934
"(343.234375, 816.609375)",Neisseria,0,1935
"(343.1411764705882, 895.1882352941177)",Veillonella,0,1936
"(344.5897435897436, 1287.2564102564102)",Neisseria,0,1937
"(344.85555555555555, 1477.2444444444445)",Neisseria,0,1938
"(349.3063063063063, 1678.5675675675675)",Neisseria,0,1940
"(343.82456140350877, 122.2280701754386)",Corynebacterium,0,1941
"(344.1686746987952, 796.1927710843373)",Veillonella,0,1942
"(345.5326086956522, 919.4782608695652)",Veillonella,0,1943
"(345.88421052631577, 1056.9894736842105)",Treponema,0,1945
"(344.7142857142857, 1727.7857142857142)",Neisseria,0,1946
"(345.3205128205128, 19.756410256410255)",Neisseria,0,1947
"(345.4, 880.9538461538461)",Veillonella,0,1948
"(346.24285714285713, 1121.642857142857)",Veillonella,0,1949
"(348.47222222222223, 1524.513888888889)",Neisseria,0,1950
"(344.0, 1538.6363636363637)",Neisseria,0,1951
"(352.7413793103448, 1899.867816091954)",Porphyromonas,0,1952
"(344.7258064516129, 1916.967741935484)",Porphyromonas,0,1953
"(347.30555555555554, 1167.986111111111)",Neisseria,0,1954
"(347.23943661971833, 1394.6760563380283)",Neisseria,0,1955
"(347.7191011235955, 1462.573033707865)",Neisseria,0,1956
"(349.8804347826087, 33.18478260869565)",Veillonella,0,1957
"(350.2559523809524, 1021.4761904761905)",Porphyromonas,0,1958
"(348.7216494845361, 1369.2164948453608)",Neisseria,0,1959
"(347.4731182795699, 1568.752688172043)",Neisseria,0,1960
"(347.2156862745098, 1751.9019607843138)",Neisseria,0,1961
"(352.67605633802816, 1981.1173708920187)",Porphyromonas,0,1962
"(350.02521008403363, 184.47899159663865)",Neisseria,0,1963
"(347.3723404255319, 849.2234042553191)",Neisseria,0,1964
"(350.6347826086957, 872.2086956521739)",Veillonella,0,1965
"(350.50704225352115, 1552.0281690140846)",Veillonella,0,1968
"(350.7578947368421, 1740.3157894736842)",Neisseria,0,1969
"(349.7362637362637, 96.01098901098901)",Veillonella,0,1970
"(349.1188118811881, 754.3168316831683)",Treponema,0,1971
"(350.3478260869565, 934.0652173913044)",Pasteurellaceae,0,1972
"(349.7830188679245, 981.8490566037735)",Saccharibacteria,0,1973
"(350.125, 1834.2291666666667)",Streptococcus,0,1974
"(353.9220779220779, 782.5909090909091)",Veillonella,0,1976
"(349.03225806451616, 1075.1290322580646)",Corynebacterium,0,1977
"(354.965034965035, 1419.4685314685314)",Neisseria,0,1978
"(352.11965811965814, 1502.6068376068376)",Neisseria,0,1979
"(350.60919540229884, 1763.3908045977012)",Neisseria,0,1980
"(357.2671232876712, 1303.0479452054794)",Neisseria,0,1981
"(355.14070351758795, 1703.6934673366834)",Neisseria,0,1982
"(352.2692307692308, 1801.2307692307693)",Neisseria,0,1983
"(351.8481012658228, 1959.4177215189873)",Fusobacterium,0,1984
"(353.3796296296296, 1101.3333333333333)",Veillonella,0,1985
"(355.0272727272727, 1146.4272727272728)",Neisseria,0,1986
"(353.2197802197802, 1224.6923076923076)",Neisseria,0,1987
"(353.5, 1437.171875)",Neisseria,0,1988
"(355.0925925925926, 1653.2962962962963)",Neisseria,0,1989
"(354.3134328358209, 1719.9701492537313)",Neisseria,0,1990
"(354.2, 1884.164705882353)",Veillonella,0,1991
"(357.6900584795322, 969.8947368421053)",Veillonella,0,1992
"(355.55555555555554, 1487.4444444444443)",Neisseria,0,1993
"(356.0, 1617.4772727272727)",Neisseria,0,1994
"(358.28476821192055, 1919.8807947019868)",Porphyromonas,0,1995
"(355.41269841269843, 11.158730158730158)",Neisseria,0,1996
"(355.3953488372093, 827.8604651162791)",Veillonella,0,1997
"(360.17857142857144, 1288.3714285714286)",Neisseria,0,1998
"(357.7914110429448, 1321.3435582822085)",Neisseria,0,1999
"(355.7730061349693, 1347.846625766871)",Neisseria,0,2000
"(360.7621359223301, 1397.6650485436894)",Neisseria,0,2001
"(356.5, 1468.0)",Neisseria,0,2002
"(355.9166666666667, 1783.7738095238096)",Neisseria,0,2004
"(356.45054945054943, 1114.9120879120878)",Neisseria,0,2005
"(355.61290322580646, 1532.741935483871)",Pasteurellaceae,0,2006
"(358.10309278350513, 1820.7319587628865)",Neisseria,0,2007
"(358.6896551724138, 810.4137931034483)",Veillonella,0,2009
"(358.1545454545454, 896.2727272727273)",Veillonella,0,2010
"(362.6143790849673, 943.3071895424837)",Veillonella,0,2011
"(362.5365853658537, 1670.4227642276423)",Neisseria,0,2012
"(358.7763157894737, 119.98684210526316)",Neisseria,0,2013
"(358.32380952380953, 915.7904761904762)",Veillonella,0,2014
"(357.969696969697, 1086.2575757575758)",Veillonella,0,2015
"(365.0261780104712, 1573.869109947644)",Neisseria,0,2016
"(359.4264705882353, 1384.6764705882354)",Neisseria,0,2019
"(364.3821138211382, 711.8211382113822)",Veillonella,0,2021
"(359.4875, 853.3375)",Veillonella,0,2022
"(361.15277777777777, 1170.8055555555557)",Neisseria,0,2023
"(365.7808219178082, 1455.5753424657535)",Neisseria,0,2024
"(364.5144927536232, 1516.0144927536232)",Neisseria,0,2025
"(362.1545454545454, 1851.7727272727273)",Veillonella,0,2026
"(364.910447761194, 1042.2189054726368)",Treponema,0,2027
"(363.56692913385825, 1063.0)",Porphyromonas,0,2028
"(361.9277108433735, 1130.132530120482)",Neisseria,0,2029
"(365.1940298507463, 1275.8059701492537)",Neisseria,0,2030
"(362.0722891566265, 1630.7831325301204)",Neisseria,0,2032
"(363.31111111111113, 1732.0111111111112)",Neisseria,0,2033
"(365.27906976744185, 195.93023255813952)",Neisseria,0,2035
"(362.425, 1257.425)",Neisseria,0,2036
"(360.87692307692305, 1944.3076923076924)",Porphyromonas,0,2037
"(364.30357142857144, 796.5892857142857)",Veillonella,0,2038
"(363.53846153846155, 1006.8791208791209)",Veillonella,0,2040
"(364.56666666666666, 1363.9444444444443)",Neisseria,0,2041
"(364.0625, 1692.8125)",Neisseria,0,2043
"(364.01960784313724, 990.3921568627451)",Saccharibacteria,0,2044
"(367.1363636363636, 1778.7329545454545)",Neisseria,0,2045
"(369.6054054054054, 1836.827027027027)",Neisseria,0,2046
"(367.86813186813185, 837.978021978022)",Veillonella,0,2047
"(369.5878378378378, 856.7702702702703)",Veillonella,0,2048
"(365.5, 1222.8714285714286)",Neisseria,0,2049
"(366.68918918918916, 1933.1351351351352)",Porphyromonas,0,2051
"(366.8414634146341, 1953.0365853658536)",Porphyromonas,0,2052
"(366.0701754385965, 775.7368421052631)",Veillonella,0,2053
"(367.8545454545455, 1158.0454545454545)",Neisseria,0,2054
"(370.68932038834953, 1336.3203883495146)",Neisseria,0,2055
"(369.34653465346537, 1746.9405940594058)",Neisseria,0,2056
"(368.3821138211382, 1802.260162601626)",Neisseria,0,2057
"(368.41975308641975, 23.320987654320987)",Neisseria,0,2058
"(370.18367346938777, 1589.469387755102)",Neisseria,0,2060
"(371.08490566037733, 1656.3301886792453)",Neisseria,0,2061
"(369.8085106382979, 1477.340425531915)",Neisseria,0,2062
"(371.25, 1533.7916666666667)",Neisseria,0,2063
"(374.0480769230769, 1376.1442307692307)",Neisseria,0,2065
"(372.5813953488372, 1981.2480620155038)",Corynebacterium,0,2066
"(370.35185185185185, 46.907407407407405)",Neisseria,0,2067
"(371.24590163934425, 818.8688524590164)",Veillonella,0,2069
"(369.84615384615387, 1103.576923076923)",Porphyromonas,0,2070
"(372.3098591549296, 1141.1830985915492)",Veillonella,0,2071
"(370.8777777777778, 1352.9777777777779)",Neisseria,0,2072
"(375.1756756756757, 1409.6891891891892)",Neisseria,0,2073
"(374.0, 1504.0)",Neisseria,0,2074
"(371.3880597014925, 1642.1641791044776)",Neisseria,0,2075
"(380.4228855721393, 696.1641791044776)",Neisseria,0,2076
"(371.93333333333334, 786.6)",Veillonella,0,2077
"(375.80829015544043, 1241.6476683937824)",Neisseria,0,2078
"(373.1036585365854, 1554.4329268292684)",Neisseria,0,2079
"(371.7027027027027, 1612.9279279279278)",Neisseria,0,2080
"(374.42, 1758.64)",Neisseria,0,2081
"(376.1418918918919, 1817.7972972972973)",Veillonella,0,2082
"(373.7974683544304, 1901.0506329113923)",Fusobacterium,0,2083
"(374.91954022988506, 1729.2758620689656)",Neisseria,0,2084
"(374.26666666666665, 887.3833333333333)",Veillonella,0,2085
"(375.63829787234044, 921.1063829787234)",Veillonella,0,2086
"(373.34343434343435, 969.3333333333334)",Veillonella,0,2087
"(374.3131313131313, 1084.2525252525252)",Treponema,0,2088
"(375.61538461538464, 1182.7884615384614)",Neisseria,0,2089
"(377.36036036036035, 1443.3153153153153)",Neisseria,0,2090
"(374.384, 1880.016)",Veillonella,0,2092
"(379.3814432989691, 1119.0618556701031)",Treponema,0,2093
"(375.9759036144578, 1295.5060240963855)",Neisseria,0,2094
"(375.18840579710144, 1429.608695652174)",Neisseria,0,2095
"(379.6953125, 1943.078125)",Porphyromonas,0,2096
"(375.80281690140845, 11.450704225352112)",Neisseria,0,2097
"(375.2830188679245, 182.35849056603774)",Corynebacterium,0,2098
"(377.4237288135593, 1062.4830508474577)",Streptococcus,0,2099
"(378.71794871794873, 167.84615384615384)",Corynebacterium,0,2101
"(378.632183908046, 901.1034482758621)",Veillonella,0,2102
"(377.1132075471698, 998.0)",Pasteurellaceae,0,2103
"(380.65492957746477, 1218.8309859154929)",Neisseria,0,2105
"(380.0121212121212, 1321.9030303030304)",Neisseria,0,2106
"(379.5034965034965, 1624.5804195804196)",Neisseria,0,2107
"(377.70786516853934, 1682.5056179775281)",Neisseria,0,2108
"(382.1888111888112, 1914.4405594405594)",Porphyromonas,0,2109
"(377.3, 1963.5285714285715)",Corynebacterium,0,2110
"(378.3728813559322, 938.3559322033898)",Veillonella,0,2111
"(385.7228260869565, 1491.7445652173913)",Corynebacterium,0,2112
"(380.56962025316454, 56.0)",Veillonella,0,2113
"(379.0, 775.0)",Veillonella,0,2114
"(383.3888888888889, 835.7098765432099)",Veillonella,0,2115
"(379.88235294117646, 1698.8)",Neisseria,0,2116
"(378.5, 1858.6442307692307)",Treponema,0,2117
"(381.6645569620253, 871.626582278481)",Veillonella,0,2118
"(381.3478260869565, 1130.0579710144928)",Treponema,0,2119
"(380.3333333333333, 1468.7121212121212)",Neisseria,0,2120
"(382.6578947368421, 1790.2456140350878)",Neisseria,0,2121
"(381.0, 30.267857142857142)",Neisseria,0,2122
"(381.86764705882354, 953.3529411764706)",Veillonella,0,2123
"(382.0576923076923, 1278.9038461538462)",Neisseria,0,2125
"(385.57142857142856, 1365.2197802197802)",Neisseria,0,2126
"(383.22857142857146, 1394.0285714285715)",Neisseria,0,2127
"(379.5081967213115, 1994.4262295081967)",Fusobacterium,0,2128
"(384.51428571428573, 1200.1333333333334)",Neisseria,0,2129
"(383.0135135135135, 1580.662162162162)",Neisseria,0,2130
"(385.8264462809917, 1667.900826446281)",Neisseria,0,2131
"(385.8095238095238, 1767.1587301587301)",Neisseria,0,2132
"(383.5421686746988, 974.3855421686746)",Veillonella,0,2135
"(384.19867549668874, 1159.0)",Veillonella,0,2138
"(383.4736842105263, 76.28070175438596)",Neisseria,0,2139
"(386.89677419354837, 815.8451612903226)",Veillonella,0,2140
"(384.5405405405405, 1730.7567567567567)",Neisseria,0,2141
"(383.54, 1039.56)",Corynebacterium,0,2142
"(388.1685393258427, 1105.0)",Treponema,0,2143
"(387.9078014184397, 1347.8510638297873)",Neisseria,0,2144
"(388.4782608695652, 1744.391304347826)",Neisseria,0,2145
"(388.0425531914894, 798.2234042553191)",Veillonella,0,2146
"(394.265306122449, 911.6938775510204)",Veillonella,0,2147
"(387.15384615384613, 1050.6813186813188)",Corynebacterium,0,2148
"(392.2157894736842, 1597.1105263157895)",Neisseria,0,2149
"(391.3008130081301, 1648.8170731707316)",Neisseria,0,2150
"(386.67123287671234, 1839.2876712328766)",Veillonella,0,2151
"(388.3809523809524, 1954.9285714285713)",Streptococcus,0,2152
"(388.89908256880733, 179.44036697247705)",Treponema,0,2153
"(391.18260869565216, 1030.8521739130435)",Corynebacterium,0,2154
"(388.44871794871796, 1550.8846153846155)",Neisseria,0,2155
"(389.1411764705882, 1567.3176470588235)",Neisseria,0,2156
"(396.1875, 1712.7291666666667)",Neisseria,0,2157
"(390.0133333333333, 1990.64)",Porphyromonas,0,2158
"(395.31159420289856, 14.55072463768116)",Neisseria,0,2159
"(390.45454545454544, 942.1969696969697)",Veillonella,0,2160
"(389.86746987951807, 1084.0240963855422)",Corynebacterium,0,2161
"(389.22352941176473, 1265.3411764705882)",Neisseria,0,2162
"(393.6141304347826, 1434.2065217391305)",Neisseria,0,2163
"(389.9384615384615, 1532.9384615384615)",Neisseria,0,2164
"(388.35087719298247, 1870.6315789473683)",Fusobacterium,0,2165
"(391.7432432432432, 1926.581081081081)",Streptococcus,0,2166
"(391.6470588235294, 68.91176470588235)",Selenomonas,0,2167
"(389.2, 225.31666666666666)",Selenomonas,0,2168
"(390.7631578947368, 1802.7368421052631)",Neisseria,0,2171
"(391.75, 716.2934782608696)",Veillonella,0,2173
"(390.67857142857144, 959.3333333333334)",Veillonella,0,2175
"(393.4433962264151, 1018.5094339622641)",Actinomyces,0,2176
"(391.3917525773196, 1250.9896907216496)",Neisseria,0,2177
"(390.6923076923077, 1458.6025641025642)",Neisseria,0,2178
"(399.42962962962963, 57.577777777777776)",Veillonella,0,2179
"(394.15, 1138.825)",Corynebacterium,0,2180
"(391.8454545454546, 1236.1727272727273)",Neisseria,0,2181
"(391.7826086956522, 1413.4782608695652)",Neisseria,0,2182
"(393.7142857142857, 1692.6122448979593)",Neisseria,0,2183
"(393.6794871794872, 887.6282051282051)",Veillonella,0,2184
"(393.3333333333333, 928.4285714285714)",Veillonella,0,2185
"(398.9313725490196, 1196.549019607843)",Neisseria,0,2186
"(393.54545454545456, 1825.935064935065)",Neisseria,0,2187
"(394.2340425531915, 1856.3085106382978)",Corynebacterium,0,2188
"(394.12295081967216, 1884.9426229508197)",Porphyromonas,0,2189
"(402.452736318408, 1066.363184079602)",Treponema,0,2191
"(394.5888888888889, 1292.2)",Neisseria,0,2192
"(394.7323943661972, 1580.1267605633802)",Neisseria,0,2193
"(395.62025316455697, 259.73417721518985)",Neisseria,0,2195
"(397.0, 855.1940298507462)",Veillonella,0,2196
"(397.3205128205128, 1372.679487179487)",Neisseria,0,2197
"(396.32894736842104, 1506.4868421052631)",Treponema,0,2198
"(401.27894736842103, 1975.6842105263158)",Porphyromonas,0,2200
"(398.1442307692308, 34.11538461538461)",Porphyromonas,0,2202
"(396.1010101010101, 196.87878787878788)",Corynebacterium,0,2204
"(403.25, 1122.157894736842)",Treponema,0,2205
"(399.71, 1678.71)",Neisseria,0,2206
"(397.1014492753623, 1469.7826086956522)",Neisseria,0,2207
"(398.2654867256637, 1524.5486725663716)",Neisseria,0,2208
"(401.3727272727273, 1610.5363636363636)",Neisseria,0,2209
"(396.94871794871796, 1905.2435897435898)",Porphyromonas,0,2210
"(398.8709677419355, 780.1451612903226)",Veillonella,0,2211
"(397.5, 1152.4242424242425)",Veillonella,0,2212
"(402.27672955974845, 1306.559748427673)",Neisseria,0,2213
"(398.8421052631579, 1626.877192982456)",Neisseria,0,2214
"(400.1111111111111, 1729.0444444444445)",Neisseria,0,2215
"(409.6, 225.94117647058823)",Neisseria,0,2217
"(399.72131147540983, 873.4262295081967)",Veillonella,0,2218
"(399.75409836065575, 1009.7868852459017)",Pasteurellaceae,0,2219
"(400.76223776223776, 1330.5594405594406)",Neisseria,0,2221
"(401.86, 679.52)",Veillonella,0,2222
"(402.6808510638298, 693.4042553191489)",Veillonella,0,2223
"(404.2388888888889, 992.9611111111111)",Veillonella,0,2224
"(402.0642201834862, 1045.605504587156)",Corynebacterium,0,2225
"(403.241610738255, 1100.3221476510066)",Treponema,0,2226
"(402.8252427184466, 1214.6699029126214)",Neisseria,0,2227
"(402.31182795698925, 1400.5913978494623)",Neisseria,0,2228
"(401.84090909090907, 1640.715909090909)",Neisseria,0,2229
"(402.8607594936709, 1814.0506329113923)",Neisseria,0,2230
"(403.7906976744186, 205.95348837209303)",Treponema,0,2232
"(402.09090909090907, 247.54545454545453)",Neisseria,0,2233
"(405.0083333333333, 832.4583333333334)",Veillonella,0,2234
"(403.68055555555554, 892.4027777777778)",Streptococcus,0,2235
"(407.6943005181347, 1348.0362694300518)",Neisseria,0,2236
"(403.04424778761063, 1545.9823008849557)",Neisseria,0,2237
"(407.9148936170213, 189.86170212765958)",Corynebacterium,0,2239
"(403.16279069767444, 948.2790697674419)",Veillonella,0,2240
"(406.78195488721803, 1273.8045112781954)",Neisseria,0,2241
"(405.04, 1420.09)",Neisseria,0,2242
"(406.0952380952381, 1746.3238095238096)",Neisseria,0,2243
"(403.4109589041096, 1782.7397260273972)",Neisseria,0,2244
"(403.7415730337079, 1871.1797752808989)",Streptococcus,0,2245
"(402.672131147541, 1956.72131147541)",Porphyromonas,0,2246
"(403.962962962963, 290.14814814814815)",Streptococcus,0,2247
"(405.495652173913, 711.2086956521739)",Neisseria,0,2248
"(410.4871794871795, 1231.8589743589744)",Neisseria,0,2250
"(404.72289156626505, 1384.0722891566265)",Neisseria,0,2251
"(404.609375, 1446.8125)",Neisseria,0,2252
"(406.3421052631579, 556.3245614035088)",Veillonella,0,2255
"(405.63440860215053, 967.8387096774194)",Veillonella,0,2256
"(406.42045454545456, 1175.659090909091)",Veillonella,0,2258
"(406.5925925925926, 1257.4814814814815)",Veillonella,0,2259
"(407.1046511627907, 43.151162790697676)",Streptococcus,0,2261
"(405.2068965517241, 269.7586206896552)",Porphyromonas,0,2262
"(408.59722222222223, 933.0833333333334)",Veillonella,0,2263
"(406.3068181818182, 1795.0568181818182)",Veillonella,0,2264
"(409.7794871794872, 109.77435897435898)",Veillonella,0,2265
"(406.41818181818184, 1925.8363636363636)",Porphyromonas,0,2267
"(408.2133333333333, 373.7733333333333)",Veillonella,0,2268
"(408.1756756756757, 725.0540540540541)",Veillonella,0,2269
"(411.24, 1495.4933333333333)",Neisseria,0,2270
"(410.37974683544303, 1944.240506329114)",Porphyromonas,0,2271
"(410.2761904761905, 1029.5523809523809)",Actinomyces,0,2273
"(410.1573033707865, 1477.2247191011236)",Neisseria,0,2274
"(409.5, 1700.2682926829268)",Neisseria,0,2275
"(410.1923076923077, 178.25)",Corynebacterium,0,2276
"(412.325, 882.375)",Veillonella,0,2277
"(411.6530612244898, 1283.6836734693877)",Neisseria,0,2278
"(414.1192660550459, 1833.0275229357799)",Porphyromonas,0,2279
"(416.0483870967742, 1866.4516129032259)",Porphyromonas,0,2280
"(413.015873015873, 1886.1746031746031)",Porphyromonas,0,2281
"(413.53846153846155, 14.584615384615384)",Veillonella,0,2282
"(415.53809523809525, 857.9285714285714)",Porphyromonas,0,2283
"(415.4320987654321, 907.0)",Streptococcus,0,2284
"(412.1923076923077, 1373.1538461538462)",Neisseria,0,2286
"(411.52830188679246, 1437.8301886792453)",Neisseria,0,2287
"(413.2894736842105, 1524.4526315789474)",Neisseria,0,2288
"(414.55128205128204, 772.0384615384615)",Veillonella,0,2290
"(416.5416666666667, 1564.125)",Veillonella,0,2291
"(412.56716417910445, 1666.4626865671642)",Neisseria,0,2293
"(414.0495049504951, 1907.1683168316831)",Porphyromonas,0,2295
"(414.18260869565216, 77.98260869565217)",Veillonella,0,2296
"(416.392, 283.456)",Veillonella,0,2298
"(416.40909090909093, 389.77272727272725)",Veillonella,0,2299
"(416.25, 674.1578947368421)",Veillonella,0,2300
"(416.0810810810811, 942.4054054054054)",Neisseria,0,2301
"(419.096, 1020.432)",Actinomyces,0,2302
"(416.94011976047904, 1086.7365269461077)",Corynebacterium,0,2303
"(416.18461538461537, 1296.2769230769231)",Neisseria,0,2304
"(416.7980769230769, 1764.3653846153845)",Neisseria,0,2305
"(417.28333333333336, 306.4)",Veillonella,0,2306
"(416.0204081632653, 981.265306122449)",Veillonella,0,2307
"(415.74603174603175, 1394.1746031746031)",Neisseria,0,2308
"(417.0169491525424, 1927.6101694915253)",Fusobacterium,0,2309
"(418.5, 204.47321428571428)",Corynebacterium,0,2310
"(417.1290322580645, 568.8064516129032)",Neisseria,0,2311
"(419.38524590163934, 1051.655737704918)",Corynebacterium,0,2312
"(417.4230769230769, 1134.423076923077)",Treponema,0,2313
"(426.4321608040201, 1145.7587939698492)",Corynebacterium,0,2314
"(417.9878048780488, 1163.121951219512)",Veillonella,0,2315
"(420.2950819672131, 1216.877049180328)",Neisseria,0,2316
"(415.85714285714283, 1316.5)",Neisseria,0,2317
"(418.314606741573, 1423.9775280898875)",Neisseria,0,2318
"(424.20540540540543, 1583.1405405405405)",Neisseria,0,2319
"(420.68548387096774, 1619.6290322580646)",Neisseria,0,2320
"(418.74233128834356, 1726.3190184049079)",Neisseria,0,2321
"(417.04285714285714, 1807.3285714285714)",Neisseria,0,2322
"(421.6829268292683, 1182.2926829268292)",Veillonella,0,2325
"(420.10280373831773, 1408.803738317757)",Neisseria,0,2326
"(418.9382716049383, 1458.8271604938273)",Neisseria,0,2327
"(417.8474576271187, 1605.3389830508474)",Neisseria,0,2329
"(420.3814432989691, 1641.0824742268042)",Neisseria,0,2330
"(418.7073170731707, 1978.3902439024391)",Fusobacterium,0,2331
"(419.47457627118644, 185.57627118644066)",Streptococcus,0,2332
"(421.20512820512823, 837.3846153846154)",Neisseria,0,2333
"(420.3775510204082, 921.3469387755102)",Veillonella,0,2334
"(420.34567901234567, 1678.530864197531)",Neisseria,0,2335
"(421.7142857142857, 687.968253968254)",Veillonella,0,2336
"(421.4159292035398, 1196.8761061946902)",Neisseria,0,2337
"(420.1267605633803, 1331.5352112676057)",Neisseria,0,2339
"(421.13675213675214, 28.487179487179485)",Veillonella,0,2340
"(421.9230769230769, 46.14102564102564)",Pasteurellaceae,0,2341
"(420.9019607843137, 717.9607843137255)",Veillonella,0,2343
"(427.76623376623377, 949.1363636363636)",Neisseria,0,2344
"(422.02222222222224, 1386.2333333333333)",Neisseria,0,2345
"(423.54615384615386, 1443.0923076923077)",Neisseria,0,2346
"(426.7751937984496, 1825.015503875969)",Treponema,0,2347
"(422.82608695652175, 703.304347826087)",Veillonella,0,2348
"(422.7857142857143, 1692.6714285714286)",Neisseria,0,2349
"(433.69620253164555, 1796.1729957805908)",Neisseria,0,2351
"(423.0673076923077, 1948.7403846153845)",Porphyromonas,0,2352
"(430.0729927007299, 1975.3211678832117)",Porphyromonas,0,2353
"(422.09615384615387, 812.4230769230769)",Veillonella,0,2354
"(423.5285714285714, 1659.5)",Neisseria,0,2355
"(427.8828828828829, 6.117117117117117)",Selenomonas,0,2356
"(425.81889763779526, 62.48031496062992)",Veillonella,0,2357
"(426.8129496402878, 798.2086330935252)",Veillonella,0,2358
"(425.5508474576271, 965.0847457627119)",Neisseria,0,2359
"(427.01190476190476, 316.14285714285717)",Treponema,0,2361
"(429.5974025974026, 726.9480519480519)",Veillonella,0,2363
"(426.5952380952381, 1303.297619047619)",Neisseria,0,2365
"(424.3835616438356, 1531.0821917808219)",Neisseria,0,2366
"(426.728813559322, 1783.9661016949153)",Neisseria,0,2367
"(428.70588235294116, 297.19607843137254)",Neisseria,0,2368
"(429.8235294117647, 575.5955882352941)",Veillonella,0,2369
"(424.8301886792453, 868.8867924528302)",Treponema,0,2370
"(427.9156626506024, 990.6746987951807)",Veillonella,0,2371
"(428.036036036036, 1120.3243243243244)",Treponema,0,2372
"(428.4055944055944, 1365.923076923077)",Neisseria,0,2373
"(425.0952380952381, 1483.0)",Neisseria,0,2374
"(426.29761904761904, 1856.7380952380952)",Fusobacterium,0,2375
"(425.91379310344826, 1961.1206896551723)",Porphyromonas,0,2376
"(428.8984375, 120.0859375)",Veillonella,0,2377
"(427.04938271604937, 241.66666666666666)",Actinomyces,0,2378
"(429.824, 1099.056)",Treponema,0,2379
"(431.5402298850575, 1267.7643678160919)",Neisseria,0,2380
"(427.22641509433964, 1286.3207547169811)",Neisseria,0,2381
"(426.7549019607843, 1710.9019607843138)",Neisseria,0,2382
"(428.8235294117647, 1918.1323529411766)",Porphyromonas,0,2383
"(430.975, 213.275)",Treponema,0,2384
"(427.8524590163934, 276.9672131147541)",Streptococcus,0,2385
"(431.63713080168776, 886.2067510548524)",Fusobacterium,0,2386
"(428.96666666666664, 1012.7666666666667)",Veillonella,0,2387
"(429.3888888888889, 1321.861111111111)",Neisseria,0,2389
"(428.8727272727273, 1548.3818181818183)",Neisseria,0,2390
"(427.8333333333333, 1596.1833333333334)",Neisseria,0,2391
"(433.25714285714287, 1883.4714285714285)",Fusobacterium,0,2392
"(432.359477124183, 1899.4705882352941)",Porphyromonas,0,2393
"(430.31182795698925, 1249.3010752688172)",Neisseria,0,2394
"(429.314606741573, 1349.8651685393259)",Neisseria,0,2395
"(431.7217391304348, 1772.8521739130435)",Neisseria,0,2396
"(429.0, 1929.0344827586207)",Porphyromonas,0,2397
"(428.79661016949154, 1988.6610169491526)",Fusobacterium,0,2398
"(432.77272727272725, 662.5378787878788)",Veillonella,0,2399
"(432.94444444444446, 783.5079365079365)",Neisseria,0,2400
"(433.6701030927835, 821.8659793814433)",Veillonella,0,2401
"(431.33561643835617, 1072.013698630137)",Corynebacterium,0,2402
"(439.51801801801804, 1173.6486486486488)",Treponema,0,2403
"(431.0, 1468.4505494505495)",Neisseria,0,2404
"(431.7875, 1497.6)",Neisseria,0,2405
"(432.1458333333333, 1608.5972222222222)",Neisseria,0,2407
"(430.3076923076923, 1807.8076923076924)",Neisseria,0,2408
"(432.5681818181818, 749.1704545454545)",Veillonella,0,2409
"(433.5308641975309, 1334.6172839506173)",Neisseria,0,2413
"(435.3333333333333, 154.96396396396398)",Actinomyces,0,2414
"(438.29, 907.61)",Corynebacterium,0,2415
"(441.78767123287673, 1050.9931506849316)",Actinomyces,0,2416
"(433.3376623376623, 1209.2077922077922)",Neisseria,0,2417
"(437.7785714285714, 1232.6)",Neisseria,0,2418
"(436.6058394160584, 1653.7737226277372)",Neisseria,0,2419
"(434.3703703703704, 185.2685185185185)",Corynebacterium,0,2420
"(437.33838383838383, 857.8282828282828)",Fusobacterium,0,2421
"(435.1470588235294, 1412.2696078431372)",Neisseria,0,2422
"(434.68, 1314.08)",Neisseria,0,2423
"(437.82105263157894, 1567.6105263157895)",Neisseria,0,2424
"(434.8181818181818, 1673.0)",Neisseria,0,2425
"(435.1182795698925, 1750.6451612903227)",Neisseria,0,2426
"(436.67605633802816, 307.7323943661972)",Veillonella,0,2429
"(442.37254901960785, 683.7745098039215)",Neisseria,0,2430
"(438.56302521008405, 1032.218487394958)",Actinomyces,0,2431
"(439.11475409836066, 1130.344262295082)",Treponema,0,2432
"(437.76576576576576, 76.98198198198199)",Veillonella,0,2434
"(437.9222222222222, 700.1444444444444)",Veillonella,0,2435
"(444.5738636363636, 715.2556818181819)",Neisseria,0,2436
"(441.5487179487179, 1008.625641025641)",Veillonella,0,2437
"(437.0113636363636, 1387.3295454545455)",Neisseria,0,2439
"(436.92753623188406, 1534.1739130434783)",Neisseria,0,2440
"(437.4875, 1867.1875)",Porphyromonas,0,2442
"(439.0, 135.72033898305085)",Veillonella,0,2443
"(440.0840336134454, 924.8739495798319)",Veillonella,0,2444
"(438.25742574257424, 1955.7821782178219)",Porphyromonas,0,2445
"(438.2, 770.4833333333333)",Veillonella,0,2447
"(441.793893129771, 1295.4045801526718)",Neisseria,0,2448
"(440.8262910798122, 1729.7887323943662)",Neisseria,0,2449
"(440.87640449438203, 1093.9550561797753)",Treponema,0,2451
"(439.64150943396226, 1278.9245283018868)",Neisseria,0,2452
"(439.968253968254, 1434.3015873015872)",Neisseria,0,2453
"(439.4830508474576, 1633.8559322033898)",Neisseria,0,2454
"(441.6034482758621, 1766.4310344827586)",Neisseria,0,2455
"(443.3703703703704, 94.53703703703704)",Veillonella,0,2456
"(441.6, 246.6375)",Pasteurellaceae,0,2457
"(442.1931818181818, 499.9318181818182)",Veillonella,0,2459
"(442.52272727272725, 630.8409090909091)",Treponema,0,2460
"(443.1162790697674, 945.9302325581396)",Actinomyces,0,2461
"(441.8076923076923, 972.6346153846154)",Veillonella,0,2462
"(442.527397260274, 1479.4246575342465)",Neisseria,0,2464
"(445.3391812865497, 1704.4035087719299)",Neisseria,0,2465
"(440.04, 1914.1)",Fusobacterium,0,2466
"(443.7008547008547, 229.8803418803419)",Corynebacterium,0,2467
"(443.8369565217391, 259.4021739130435)",Veillonella,0,2468
"(441.9404761904762, 276.17857142857144)",Porphyromonas,0,2469
"(450.5344129554656, 809.2186234817814)",Neisseria,0,2470
"(445.54285714285714, 1217.6380952380953)",Neisseria,0,2471
"(442.53333333333336, 1518.911111111111)",Neisseria,0,2472
"(442.8279569892473, 1556.6989247311828)",Saccharibacteria,0,2473
"(443.97014925373134, 1593.902985074627)",Neisseria,0,2474
"(444.52054794520546, 1813.7260273972602)",Treponema,0,2475
"(443.0833333333333, 23.47222222222222)",Veillonella,0,2476
"(443.7402597402597, 45.16883116883117)",Streptococcus,0,2477
"(446.4178082191781, 837.8219178082192)",Veillonella,0,2478
"(445.14285714285717, 324.1344537815126)",Veillonella,0,2480
"(442.89473684210526, 1347.6842105263158)",Neisseria,0,2481
"(448.7647058823529, 1627.6470588235295)",Neisseria,0,2482
"(444.3626373626374, 1682.2637362637363)",Neisseria,0,2483
"(444.2972972972973, 1828.8783783783783)",Fusobacterium,0,2484
"(442.82, 1931.68)",Porphyromonas,0,2485
"(445.2, 110.86666666666666)",Streptococcus,0,2486
"(448.02608695652174, 402.8695652173913)",Corynebacterium,0,2487
"(450.14285714285717, 895.1932773109244)",Fusobacterium,0,2488
"(445.0246913580247, 1250.567901234568)",Neisseria,0,2489
"(449.09322033898303, 1308.584745762712)",Neisseria,0,2490
"(444.1607142857143, 1356.9107142857142)",Veillonella,0,2491
"(449.88, 1375.42)",Neisseria,0,2492
"(447.0892857142857, 1947.6785714285713)",Porphyromonas,0,2493
"(446.52830188679246, 171.58490566037736)",Veillonella,0,2495
"(456.5, 296.0)",Neisseria,0,2496
"(450.30864197530866, 791.6666666666666)",Neisseria,0,2497
"(447.078125, 1141.359375)",Fusobacterium,0,2498
"(447.5433526011561, 1451.942196531792)",Neisseria,0,2499
"(447.320987654321, 1847.1604938271605)",Fusobacterium,0,2500
"(447.74242424242425, 1885.4848484848485)",Fusobacterium,0,2501
"(445.94736842105266, 1974.578947368421)",Porphyromonas,0,2502
"(450.0888888888889, 655.9555555555555)",Fusobacterium,0,2503
"(447.0, 759.0)",Veillonella,0,2504
"(447.7708333333333, 873.4375)",Fusobacterium,0,2505
"(450.9171270718232, 1200.9779005524863)",Neisseria,0,2506
"(451.49557522123894, 1611.3893805309735)",Neisseria,0,2507
"(447.327868852459, 1858.1475409836066)",Fusobacterium,0,2508
"(452.53225806451616, 1910.3064516129032)",Porphyromonas,0,2509
"(451.7927927927928, 1924.162162162162)",Porphyromonas,0,2510
"(448.76785714285717, 988.4642857142857)",Veillonella,0,2511
"(449.3727272727273, 1068.2272727272727)",Actinomyces,0,2512
"(458.6980198019802, 1750.430693069307)",Pasteurellaceae,0,2513
"(450.2736842105263, 1780.2421052631578)",Neisseria,0,2514
"(450.2118644067797, 155.33898305084745)",Veillonella,0,2515
"(451.30555555555554, 197.63194444444446)",Streptococcus,0,2516
"(452.34234234234236, 72.26126126126127)",Veillonella,0,2517
"(451.8625954198473, 456.7022900763359)",Veillonella,0,2518
"(451.2361111111111, 1272.1527777777778)",Neisseria,0,2519
"(450.70588235294116, 1320.3921568627452)",Neisseria,0,2520
"(452.36470588235295, 1397.0235294117647)",Neisseria,0,2521
"(450.78409090909093, 1649.7613636363637)",Neisseria,0,2523
"(452.72222222222223, 214.66666666666666)",Treponema,0,2524
"(452.6923076923077, 415.8615384615385)",Veillonella,0,2525
"(452.92413793103447, 1415.2206896551725)",Neisseria,0,2526
"(454.13286713286715, 1531.2867132867134)",Neisseria,0,2527
"(453.1067961165049, 1572.514563106796)",Neisseria,0,2528
"(454.56390977443607, 16.796992481203006)",Veillonella,0,2531
"(453.8955223880597, 56.04477611940298)",Gemella,0,2532
"(454.98823529411766, 123.6470588235294)",Streptococcus,0,2533
"(453.6111111111111, 272.31481481481484)",Selenomonas,0,2534
"(455.7313432835821, 598.9776119402985)",Veillonella,0,2535
"(457.8198198198198, 829.4144144144144)",Neisseria,0,2536
"(453.1896551724138, 1261.844827586207)",Neisseria,0,2538
"(453.81720430107526, 1488.4301075268818)",Neisseria,0,2539
"(457.11805555555554, 1981.6458333333333)",Fusobacterium,0,2540
"(454.4583333333333, 1040.5416666666667)",Actinomyces,0,2542
"(456.0128205128205, 1872.3846153846155)",Streptococcus,0,2543
"(455.3972602739726, 775.6438356164383)",Veillonella,0,2544
"(454.9154929577465, 1243.338028169014)",Neisseria,0,2545
"(455.55555555555554, 1359.7777777777778)",Veillonella,0,2546
"(455.6969696969697, 1550.0151515151515)",Neisseria,0,2547
"(455.7014925373134, 1690.5074626865671)",Neisseria,0,2548
"(454.6727272727273, 1793.5272727272727)",Neisseria,0,2549
"(458.125, 1895.2613636363637)",Porphyromonas,0,2550
"(453.8225806451613, 1939.225806451613)",Fusobacterium,0,2551
"(457.54545454545456, 244.3801652892562)",Treponema,0,2552
"(456.30864197530866, 312.08641975308643)",Neisseria,0,2553
"(457.8421052631579, 697.0)",Treponema,0,2554
"(456.79611650485435, 737.4368932038835)",Veillonella,0,2555
"(456.73972602739724, 882.1780821917808)",Corynebacterium,0,2556
"(460.8831168831169, 941.0974025974026)",Porphyromonas,0,2558
"(457.60377358490564, 975.7735849056604)",Actinomyces,0,2559
"(459.20661157024796, 1283.4214876033059)",Neisseria,0,2560
"(457.46153846153845, 1346.8589743589744)",Neisseria,0,2561
"(457.6162790697674, 854.8604651162791)",Veillonella,0,2562
"(467.4125, 909.7958333333333)",Fusobacterium,0,2563
"(460.2971014492754, 1099.623188405797)",Corynebacterium,0,2564
"(457.09411764705885, 1110.4941176470588)",Treponema,0,2565
"(459.0952380952381, 1436.9285714285713)",Neisseria,0,2566
"(458.1948051948052, 1502.1298701298701)",Streptococcus,0,2567
"(458.6666666666667, 1623.3181818181818)",Neisseria,0,2568
"(458.6885245901639, 1959.4098360655737)",Porphyromonas,0,2570
"(459.4453781512605, 337.546218487395)",Neisseria,0,2571
"(459.2814371257485, 676.6407185628742)",Streptococcus,0,2572
"(464.0670103092784, 1135.9381443298969)",Corynebacterium,0,2573
"(460.0486111111111, 1160.0416666666667)",Treponema,0,2574
"(459.7676767676768, 1727.1313131313132)",Veillonella,0,2575
"(459.9655172413793, 1813.0)",Porphyromonas,0,2576
"(459.25, 42.5)",Neisseria,0,2578
"(458.1645569620253, 101.15189873417721)",Veillonella,0,2579
"(465.65402843601896, 360.4881516587678)",Porphyromonas,0,2580
"(463.3115577889447, 759.6231155778894)",Neisseria,0,2581
"(459.9357142857143, 1469.95)",Neisseria,0,2582
"(460.25, 1013.015625)",Actinomyces,0,2583
"(460.8390804597701, 1060.8045977011495)",Actinomyces,0,2584
"(464.6831683168317, 1392.5049504950496)",Neisseria,0,2585
"(468.25925925925924, 108.36296296296297)",Porphyromonas,0,2587
"(463.59313725490193, 145.80882352941177)",Veillonella,0,2588
"(465.79487179487177, 372.56410256410254)",Porphyromonas,0,2589
"(461.2586206896552, 478.6810344827586)",Veillonella,0,2590
"(463.34065934065933, 506.11538461538464)",Neisseria,0,2591
"(461.94444444444446, 1596.0238095238096)",Neisseria,0,2592
"(461.9217391304348, 1834.3130434782609)",Porphyromonas,0,2593
"(460.62264150943395, 1883.5283018867924)",Fusobacterium,0,2594
"(467.6173469387755, 1080.892857142857)",Actinomyces,0,2596
"(465.8742857142857, 1222.5142857142857)",Neisseria,0,2597
"(462.49152542372883, 1298.2542372881355)",Neisseria,0,2598
"(464.241935483871, 1358.1129032258063)",Veillonella,0,2599
"(462.0652173913044, 1667.5434782608695)",Neisseria,0,2601
"(464.3939393939394, 1686.1818181818182)",Neisseria,0,2602
"(463.6774193548387, 3.3548387096774195)",Neisseria,0,2604
"(469.0531914893617, 1194.0744680851064)",Streptococcus,0,2605
"(463.82608695652175, 1773.0579710144928)",Veillonella,0,2607
"(463.0759493670886, 1864.8481012658228)",Porphyromonas,0,2608
"(465.05194805194805, 395.61038961038963)",Treponema,0,2609
"(466.14516129032256, 992.9677419354839)",Veillonella,0,2611
"(467.6929133858268, 1026.8503937007874)",Actinomyces,0,2612
"(465.09090909090907, 1578.534090909091)",Neisseria,0,2613
"(470.65185185185186, 15.051851851851852)",Veillonella,0,2614
"(466.35238095238094, 87.07619047619048)",Streptococcus,0,2615
"(467.4916666666667, 212.18333333333334)",Streptococcus,0,2616
"(466.48837209302326, 268.16279069767444)",Streptococcus,0,2617
"(466.05102040816325, 661.2244897959183)",Corynebacterium,0,2619
"(465.6666666666667, 708.0666666666667)",Streptococcus,0,2620
"(466.09589041095893, 862.068493150685)",Veillonella,0,2621
"(468.8310810810811, 1326.587837837838)",Neisseria,0,2623
"(463.6181818181818, 1422.2545454545455)",Neisseria,0,2624
"(465.3728813559322, 1495.6101694915253)",Saccharibacteria,0,2625
"(464.85393258426967, 1655.4157303370787)",Neisseria,0,2626
"(471.6455696202532, 30.531645569620252)",Neisseria,0,2627
"(466.8169014084507, 820.2112676056338)",Neisseria,0,2628
"(471.45454545454544, 850.5252525252525)",Neisseria,0,2629
"(469.89032258064515, 1049.1032258064515)",Actinomyces,0,2630
"(465.6063829787234, 1256.5)",Neisseria,0,2631
"(467.14285714285717, 1449.6153846153845)",Neisseria,0,2632
"(466.9, 1702.525)",Neisseria,0,2633
"(470.3815028901734, 1792.3121387283236)",Treponema,0,2634
"(468.4, 283.6222222222222)",Veillonella,0,2635
"(472.412, 1929.344)",Porphyromonas,0,2636
"(470.1515151515151, 169.13636363636363)",Selenomonas,0,2638
"(470.14285714285717, 321.5238095238095)",Neisseria,0,2639
"(469.3246753246753, 970.4415584415584)",Actinomyces,0,2640
"(469.01234567901236, 1007.1481481481482)",Actinomyces,0,2641
"(469.17054263565893, 1559.1705426356589)",Neisseria,0,2643
"(469.05970149253733, 1631.2089552238806)",Neisseria,0,2644
"(471.3478260869565, 70.78260869565217)",Actinomyces,0,2645
"(470.32876712328766, 1236.4657534246576)",Neisseria,0,2646
"(472.9527559055118, 1311.6850393700788)",Neisseria,0,2647
"(470.85593220338984, 1375.2542372881355)",Neisseria,0,2648
"(468.7096774193548, 1539.774193548387)",Neisseria,0,2649
"(469.375, 125.40277777777777)",Pasteurellaceae,0,2650
"(470.79761904761904, 587.1071428571429)",Neisseria,0,2651
"(472.79661016949154, 719.5847457627119)",Streptococcus,0,2652
"(470.1190476190476, 804.9404761904761)",Veillonella,0,2653
"(470.8469387755102, 1273.3367346938776)",Neisseria,0,2654
"(471.49532710280374, 1853.5046728971963)",Fusobacterium,0,2655
"(476.8036809815951, 1909.4049079754602)",Porphyromonas,0,2656
"(477.1549815498155, 1987.70110701107)",Fusobacterium,0,2657
"(473.1651376146789, 193.86238532110093)",Veillonella,0,2658
"(475.4375, 226.80625)",Treponema,0,2659
"(470.79661016949154, 734.7796610169491)",Capnocytophaga,0,2660
"(472.14606741573033, 877.4943820224719)",Neisseria,0,2661
"(471.1940298507463, 984.4626865671642)",Actinomyces,0,2662
"(472.6, 1247.676923076923)",Neisseria,0,2663
"(470.98275862068965, 1615.1379310344828)",Neisseria,0,2664
"(475.3286713286713, 1517.8741258741259)",Neisseria,0,2668
"(471.969696969697, 1762.9545454545455)",Veillonella,0,2669
"(473.96875, 254.0)",Streptococcus,0,2670
"(474.7118644067797, 1292.9322033898304)",Neisseria,0,2671
"(477.3292682926829, 1483.5182926829268)",Neisseria,0,2672
"(474.89516129032256, 1644.8629032258063)",Neisseria,0,2673
"(476.36893203883494, 1877.9320388349515)",Porphyromonas,0,2674
"(474.3222222222222, 343.0)",Neisseria,0,2675
"(476.37373737373736, 1160.030303030303)",Treponema,0,2678
"(474.18279569892474, 1346.741935483871)",Neisseria,0,2679
"(474.6730769230769, 1968.5673076923076)",Porphyromonas,0,2680
"(475.4375, 705.4375)",Corynebacterium,0,2683
"(479.4727272727273, 1123.8484848484848)",Treponema,0,2684
"(477.18367346938777, 1410.4897959183672)",Neisseria,0,2685
"(476.3779069767442, 1716.3255813953488)",Neisseria,0,2687
"(479.5263157894737, 1783.778947368421)",Neisseria,0,2688
"(476.75, 519.1911764705883)",Neisseria,0,2690
"(477.8085106382979, 1176.095744680851)",Treponema,0,2691
"(475.46315789473687, 1600.2842105263157)",Neisseria,0,2692
"(477.3731343283582, 377.1044776119403)",Porphyromonas,0,2693
"(482.5692307692308, 385.5692307692308)",Treponema,0,2694
"(479.268115942029, 744.1159420289855)",Treponema,0,2695
"(478.37931034482756, 781.528735632184)",Streptococcus,0,2696
"(480.45714285714286, 834.7485714285714)",Neisseria,0,2697
"(478.625, 890.8055555555555)",Neisseria,0,2698
"(482.2719298245614, 1391.9649122807018)",Neisseria,0,2699
"(480.5743243243243, 1828.3648648648648)",Fusobacterium,0,2700
"(480.53125, 54.59375)",Veillonella,0,2701
"(478.896, 483.896)",Treponema,0,2702
"(482.2608695652174, 631.4830917874397)",Neisseria,0,2703
"(478.2421052631579, 652.4421052631579)",Veillonella,0,2704
"(478.3611111111111, 1844.236111111111)",Fusobacterium,0,2706
"(479.438202247191, 151.38202247191012)",Actinomyces,0,2707
"(478.3285714285714, 266.01428571428573)",Treponema,0,2708
"(481.7543859649123, 501.6929824561403)",Veillonella,0,2709
"(483.6986301369863, 761.9360730593608)",Treponema,0,2710
"(484.377245508982, 1016.8622754491018)",Actinomyces,0,2711
"(479.8809523809524, 1146.25)",Corynebacterium,0,2712
"(484.09022556390977, 1805.3533834586467)",Fusobacterium,0,2713
"(479.0344827586207, 1887.9655172413793)",Porphyromonas,0,2714
"(479.3703703703704, 91.35185185185185)",Streptococcus,0,2715
"(482.5742574257426, 179.32673267326732)",Pasteurellaceae,0,2716
"(482.25252525252523, 301.74747474747477)",Veillonella,0,2717
"(481.6774193548387, 1094.3118279569892)",Treponema,0,2718
"(487.6774193548387, 1425.8494623655913)",Neisseria,0,2719
"(482.26, 1453.08)",Neisseria,0,2720
"(484.62576687116564, 1693.4601226993866)",Neisseria,0,2721
"(485.2748091603053, 919.412213740458)",Selenomonas,0,2722
"(482.27272727272725, 1441.2337662337663)",Neisseria,0,2723
"(485.4347826086956, 1567.3478260869565)",Neisseria,0,2724
"(484.8189655172414, 1866.6206896551723)",Fusobacterium,0,2725
"(480.96491228070175, 1956.2105263157894)",Porphyromonas,0,2726
"(483.72727272727275, 200.94545454545454)",Veillonella,0,2727
"(482.95652173913044, 818.9420289855072)",Veillonella,0,2728
"(482.375, 1037.7142857142858)",Pasteurellaceae,0,2730
"(483.025, 1502.5)",Neisseria,0,2731
"(482.79661016949154, 1548.2203389830509)",Neisseria,0,2732
"(482.8938053097345, 1628.796460176991)",Neisseria,0,2733
"(485.2929292929293, 40.07070707070707)",Veillonella,0,2734
"(484.9527559055118, 238.37007874015748)",Treponema,0,2735
"(485.4782608695652, 959.6521739130435)",Corynebacterium,0,2736
"(483.5243902439024, 974.1829268292682)",Actinomyces,0,2737
"(483.6857142857143, 1204.9142857142858)",Fusobacterium,0,2738
"(483.0632911392405, 1536.4303797468353)",Neisseria,0,2739
"(483.27272727272725, 1736.8030303030303)",Neisseria,0,2740
"(485.85, 111.11)",Streptococcus,0,2741
"(484.5238095238095, 284.14285714285717)",Neisseria,0,2742
"(483.72131147540983, 686.8688524590164)",Treponema,0,2744
"(484.24844720496895, 1263.5341614906831)",Neisseria,0,2745
"(486.11538461538464, 1590.1846153846154)",Neisseria,0,2746
"(488.44242424242424, 1672.1757575757576)",Neisseria,0,2747
"(485.7692307692308, 140.65384615384616)",Streptococcus,0,2748
"(486.23853211009174, 324.6605504587156)",Neisseria,0,2749
"(486.8816568047337, 674.491124260355)",Treponema,0,2751
"(486.67676767676767, 937.2323232323232)",Corynebacterium,0,2752
"(486.825, 1058.2625)",Actinomyces,0,2753
"(484.37704918032784, 1279.1311475409836)",Neisseria,0,2754
"(485.30434782608694, 1337.9855072463768)",Neisseria,0,2755
"(486.15584415584414, 1367.6103896103896)",Neisseria,0,2756
"(489.5888888888889, 1652.4666666666667)",Neisseria,0,2757
"(488.39080459770116, 698.6781609195402)",Treponema,0,2758
"(490.9423868312757, 992.9094650205761)",Corynebacterium,0,2759
"(487.140625, 67.328125)",Veillonella,0,2760
"(490.9017857142857, 127.17857142857143)",Streptococcus,0,2761
"(488.39252336448595, 1352.4579439252336)",Neisseria,0,2762
"(490.7888888888889, 1381.2111111111112)",Neisseria,0,2763
"(488.98924731182797, 1469.6666666666667)",Neisseria,0,2764
"(488.5875, 1607.3)",Neisseria,0,2765
"(489.74468085106383, 856.936170212766)",Veillonella,0,2766
"(496.1326530612245, 1171.6734693877552)",Treponema,0,2767
"(488.38461538461536, 1223.2857142857142)",Neisseria,0,2768
"(488.2207792207792, 1521.7272727272727)",Neisseria,0,2769
"(487.0120481927711, 1936.4698795180723)",Porphyromonas,0,2770
"(490.10714285714283, 80.26785714285714)",Pasteurellaceae,0,2772
"(494.46666666666664, 349.31111111111113)",Corynebacterium,0,2773
"(490.8222222222222, 367.1)",Neisseria,0,2774
"(488.9594594594595, 616.3378378378378)",Corynebacterium,0,2776
"(490.62626262626264, 801.8383838383838)",Neisseria,0,2777
"(495.9240506329114, 1045.4683544303798)",Actinomyces,0,2778
"(490.57894736842104, 1639.0701754385964)",Neisseria,0,2779
"(495.0439024390244, 1718.3658536585365)",Neisseria,0,2780
"(488.6862745098039, 1856.4117647058824)",Fusobacterium,0,2781
"(492.94240837696333, 262.7958115183246)",Streptococcus,0,2782
"(490.5744680851064, 657.1595744680851)",Streptococcus,0,2783
"(489.62857142857143, 879.7142857142857)",Veillonella,0,2784
"(493.55333333333334, 899.9133333333333)",Neisseria,0,2785
"(491.3098591549296, 1081.7605633802816)",Corynebacterium,0,2786
"(492.1333333333333, 1241.9333333333334)",Neisseria,0,2787
"(492.030303030303, 1304.8030303030303)",Neisseria,0,2788
"(489.9310344827586, 16.155172413793103)",Veillonella,0,2789
"(490.74242424242425, 91.63636363636364)",Streptococcus,0,2791
"(491.63157894736844, 291.57894736842104)",Neisseria,0,2792
"(495.62264150943395, 723.3333333333334)",Treponema,0,2794
"(492.06779661016947, 1069.6949152542372)",Actinomyces,0,2795
"(490.344262295082, 1837.9016393442623)",Fusobacterium,0,2796
"(491.7294117647059, 1883.8823529411766)",Porphyromonas,0,2797
"(490.75, 1954.6145833333333)",Porphyromonas,0,2799
"(494.3298969072165, 1031.2886597938145)",Corynebacterium,0,2800
"(493.04545454545456, 1894.6666666666667)",Porphyromonas,0,2801
"(496.68888888888887, 1974.4277777777777)",Fusobacterium,0,2802
"(496.88461538461536, 212.63076923076923)",Veillonella,0,2803
"(494.0846153846154, 1142.0307692307692)",Fusobacterium,0,2804
"(493.328125, 1403.5)",Neisseria,0,2805
"(496.078431372549, 5.46078431372549)",Neisseria,0,2806
"(494.953125, 470.4375)",Treponema,0,2807
"(498.29545454545456, 787.2613636363636)",Veillonella,0,2808
"(494.02564102564105, 871.2435897435897)",Veillonella,0,2809
"(495.7378640776699, 1196.2621359223301)",Fusobacterium,0,2810
"(492.89285714285717, 1455.1785714285713)",Neisseria,0,2811
"(495.43373493975906, 1494.3855421686746)",Neisseria,0,2812
"(499.3093525179856, 1810.6906474820144)",Fusobacterium,0,2813
"(496.9404761904762, 171.82142857142858)",Veillonella,0,2814
"(497.8144329896907, 447.45360824742266)",Actinomyces,0,2815
"(495.6666666666667, 594.3478260869565)",Neisseria,0,2816
"(497.25252525252523, 1286.7272727272727)",Neisseria,0,2817
"(496.3009708737864, 1787.2718446601941)",Neisseria,0,2818
"(495.530303030303, 155.3939393939394)",Veillonella,0,2819
"(496.8720930232558, 580.3255813953489)",Veillonella,0,2820
"(495.9080459770115, 710.4022988505748)",Treponema,0,2821
"(496.4326923076923, 1097.7596153846155)",Treponema,0,2822
"(496.3888888888889, 1121.8194444444443)",Corynebacterium,0,2823
"(497.5492957746479, 1759.8661971830986)",Veillonella,0,2824
"(497.67, 1905.15)",Porphyromonas,0,2825
"(496.7826086956522, 192.17391304347825)",Pasteurellaceae,0,2826
"(499.63013698630135, 307.2054794520548)",Veillonella,0,2827
"(497.3010752688172, 414.0752688172043)",Streptococcus,0,2829
"(502.8473282442748, 761.412213740458)",Treponema,0,2832
"(497.3764705882353, 823.2588235294118)",Neisseria,0,2833
"(497.1967213114754, 1262.5081967213114)",Neisseria,0,2835
"(497.01408450704224, 1536.4366197183099)",Neisseria,0,2836
"(498.53691275167785, 1628.496644295302)",Neisseria,0,2837
"(500.0612244897959, 1738.8231292517007)",Veillonella,0,2838
"(498.3720930232558, 1993.1744186046512)",Fusobacterium,0,2839
"(502.32142857142856, 72.41071428571429)",Actinomyces,0,2840
"(498.73846153846154, 280.16923076923075)",Corynebacterium,0,2842
"(497.390625, 429.40625)",Treponema,0,2843
"(497.60759493670884, 839.367088607595)",Selenomonas,0,2844
"(498.56976744186045, 935.3837209302326)",Fusobacterium,0,2845
"(501.28915662650604, 966.8192771084338)",Treponema,0,2846
"(498.609756097561, 1942.2926829268292)",Porphyromonas,0,2847
"(501.03478260869565, 643.304347826087)",Fusobacterium,0,2849
"(499.1025641025641, 689.5641025641025)",Corynebacterium,0,2850
"(498.11267605633805, 748.0422535211268)",Treponema,0,2851
"(500.9886363636364, 1186.7272727272727)",Porphyromonas,0,2852
"(498.45714285714286, 1547.3428571428572)",Neisseria,0,2853
"(503.46153846153845, 1922.051282051282)",Porphyromonas,0,2854
"(501.424, 953.68)",Corynebacterium,0,2855
"(504.4074074074074, 1003.3703703703703)",Corynebacterium,0,2856
"(502.2061855670103, 1372.6701030927834)",Neisseria,0,2857
"(503.14406779661016, 1507.2457627118645)",Neisseria,0,2858
"(501.9622641509434, 1575.314465408805)",Neisseria,0,2859
"(499.8901098901099, 1870.076923076923)",Fusobacterium,0,2861
"(501.0806451612903, 144.6290322580645)",Veillonella,0,2863
"(505.24852071005915, 250.72781065088756)",Treponema,0,2864
"(503.3697478991597, 334.4201680672269)",Neisseria,0,2865
"(501.70588235294116, 553.0235294117647)",Veillonella,0,2866
"(502.46835443037975, 1326.3227848101267)",Neisseria,0,2868
"(508.59574468085106, 1473.0)",Neisseria,0,2869
"(500.56, 1661.92)",Neisseria,0,2870
"(501.8985507246377, 113.89855072463769)",Streptococcus,0,2871
"(504.48979591836735, 231.30612244897958)",Veillonella,0,2872
"(503.1085271317829, 371.26356589147287)",Neisseria,0,2873
"(504.90291262135923, 493.873786407767)",Treponema,0,2874
"(504.27868852459017, 542.5245901639345)",Porphyromonas,0,2875
"(505.28205128205127, 912.5042735042736)",Neisseria,0,2876
"(503.57954545454544, 1344.409090909091)",Neisseria,0,2877
"(502.2763157894737, 1441.0394736842106)",Neisseria,0,2878
"(506.2916666666667, 19.1875)",Actinomyces,0,2880
"(504.83098591549293, 404.3098591549296)",Streptococcus,0,2881
"(511.4136546184739, 1230.55421686747)",Neisseria,0,2882
"(502.5, 1835.2068965517242)",Porphyromonas,0,2883
"(508.4485981308411, 32.74766355140187)",Corynebacterium,0,2884
"(504.4406779661017, 45.40677966101695)",Actinomyces,0,2885
"(505.36879432624113, 676.113475177305)",Fusobacterium,0,2886
"(510.05325443786984, 1113.775147928994)",Corynebacterium,0,2887
"(510.56140350877195, 1452.8947368421052)",Neisseria,0,2888
"(505.5338345864662, 1848.654135338346)",Porphyromonas,0,2889
"(506.9423076923077, 1064.3653846153845)",Corynebacterium,0,2890
"(504.85333333333335, 1081.36)",Corynebacterium,0,2891
"(506.3137254901961, 1272.3921568627452)",Neisseria,0,2892
"(505.87692307692305, 1357.6461538461538)",Neisseria,0,2893
"(508.5952380952381, 1393.3412698412699)",Neisseria,0,2894
"(506.887417218543, 1424.523178807947)",Neisseria,0,2895
"(507.6904761904762, 1654.3333333333333)",Neisseria,0,2896
"(510.2313432835821, 1825.597014925373)",Fusobacterium,0,2897
"(506.09090909090907, 390.05454545454546)",Fusobacterium,0,2898
"(506.7654320987654, 567.5679012345679)",Veillonella,0,2899
"(509.1642857142857, 619.8928571428571)",Capnocytophaga,0,2900
"(505.3939393939394, 661.8030303030303)",Fusobacterium,0,2901
"(509.4623655913978, 805.5913978494624)",Actinomyces,0,2902
"(508.92035398230087, 90.47787610619469)",Veillonella,0,2903
"(508.62105263157895, 136.02105263157895)",Streptococcus,0,2904
"(508.078125, 482.34375)",Corynebacterium,0,2905
"(507.2906976744186, 734.953488372093)",Neisseria,0,2906
"(506.72222222222223, 1020.8981481481482)",Treponema,0,2908
"(508.75714285714287, 1301.6285714285714)",Neisseria,0,2909
"(517.1043165467626, 292.1151079136691)",Streptococcus,0,2910
"(513.8636363636364, 600.9090909090909)",Veillonella,0,2911
"(515.0544217687075, 861.3401360544218)",Neisseria,0,2912
"(510.85820895522386, 892.5223880597015)",Neisseria,0,2913
"(508.2970297029703, 1249.980198019802)",Neisseria,0,2914
"(516.5365853658536, 1522.439024390244)",Neisseria,0,2916
"(510.1025641025641, 1800.3589743589744)",Fusobacterium,0,2917
"(510.2043010752688, 270.48387096774195)",Streptococcus,0,2918
"(508.469696969697, 423.3939393939394)",Actinomyces,0,2919
"(509.49514563106794, 464.3203883495146)",Corynebacterium,0,2920
"(511.4795321637427, 919.0350877192982)",Treponema,0,2922
"(510.1168831168831, 1563.5844155844156)",Neisseria,0,2923
"(516.7058823529412, 1618.4764705882353)",Neisseria,0,2924
"(509.0520833333333, 1887.6770833333333)",Fusobacterium,0,2925
"(512.5142857142857, 1931.9333333333334)",Fusobacterium,0,2926
"(515.1827956989247, 106.3763440860215)",Saccharibacteria,0,2927
"(511.7890625, 197.5546875)",Streptococcus,0,2928
"(511.375, 846.34375)",Neisseria,0,2929
"(511.7654320987654, 983.7777777777778)",Fusobacterium,0,2930
"(509.5211267605634, 1098.8309859154929)",Fusobacterium,0,2931
"(510.48148148148147, 1606.7530864197531)",Neisseria,0,2932
"(511.53333333333336, 1703.2333333333333)",Neisseria,0,2933
"(511.30645161290323, 585.3870967741935)",Streptococcus,0,2934
"(525.7468671679198, 822.9323308270676)",Neisseria,0,2935
"(513.9852941176471, 873.5294117647059)",Neisseria,0,2936
"(513.2517482517483, 160.5034965034965)",Veillonella,0,2937
"(518.4, 177.60689655172413)",Streptococcus,0,2938
"(515.2533333333333, 962.8533333333334)",Fusobacterium,0,2939
"(512.4873949579832, 1543.0168067226891)",Neisseria,0,2940
"(512.8405797101449, 1685.1884057971015)",Neisseria,0,2941
"(511.3939393939394, 1906.2575757575758)",Fusobacterium,0,2942
"(513.3207547169811, 1312.132075471698)",Neisseria,0,2945
"(513.0769230769231, 1493.9102564102564)",Neisseria,0,2946
"(513.9295774647887, 1670.7887323943662)",Neisseria,0,2947
"(513.7916666666666, 1863.0833333333333)",Fusobacterium,0,2948
"(521.992, 3.592)",Neisseria,0,2949
"(520.9835164835165, 57.36813186813187)",Pasteurellaceae,0,2950
"(516.9626865671642, 349.6940298507463)",Actinomyces,0,2951
"(518.2761904761904, 685.5142857142857)",Fusobacterium,0,2953
"(513.8133333333334, 776.2666666666667)",Veillonella,0,2954
"(516.0491803278688, 934.3934426229508)",Fusobacterium,0,2955
"(515.2815533980582, 1038.2815533980583)",Corynebacterium,0,2956
"(514.5151515151515, 1285.989898989899)",Neisseria,0,2957
"(515.1975308641976, 1406.0987654320988)",Neisseria,0,2958
"(518.6382978723404, 1635.354609929078)",Neisseria,0,2959
"(515.989898989899, 1755.4747474747476)",Neisseria,0,2960
"(515.0695652173913, 1951.9913043478261)",Fusobacterium,0,2961
"(515.9466666666667, 719.6133333333333)",Streptococcus,0,2963
"(515.7049180327868, 747.3770491803278)",Corynebacterium,0,2964
"(516.7305699481865, 1777.4715025906735)",Neisseria,0,2965
"(516.5679012345679, 1876.888888888889)",Porphyromonas,0,2966
"(515.2210526315789, 1969.2315789473685)",Porphyromonas,0,2967
"(514.9692307692308, 1986.6923076923076)",Porphyromonas,0,2968
"(516.7181818181818, 122.06363636363636)",Veillonella,0,2969
"(516.5454545454545, 214.56060606060606)",Veillonella,0,2970
"(519.03125, 328.90625)",Streptococcus,0,2971
"(516.7096774193549, 413.3440860215054)",Treponema,0,2972
"(519.53125, 436.6770833333333)",Actinomyces,0,2973
"(526.5927835051547, 975.8453608247422)",Treponema,0,2974
"(527.0, 1135.6017699115043)",Treponema,0,2975
"(517.7083333333334, 1185.3583333333333)",Fusobacterium,0,2976
"(519.5438596491229, 191.21052631578948)",Streptococcus,0,2977
"(517.5737704918033, 383.1803278688525)",Streptococcus,0,2978
"(522.5106382978723, 1481.5886524822695)",Neisseria,0,2979
"(521.9078014184397, 312.02836879432624)",Veillonella,0,2980
"(517.3529411764706, 369.9852941176471)",Streptococcus,0,2981
"(517.9620253164557, 1168.886075949367)",Corynebacterium,0,2982
"(519.1354166666666, 1319.2291666666667)",Neisseria,0,2983
"(517.8701298701299, 1337.2857142857142)",Neisseria,0,2984
"(520.2718446601941, 947.4174757281553)",Treponema,0,2986
"(520.4012345679013, 1010.4567901234568)",Fusobacterium,0,2987
"(518.85, 1079.1142857142856)",Corynebacterium,0,2988
"(518.7241379310345, 1375.6379310344828)",Neisseria,0,2989
"(520.3282442748092, 1574.8167938931297)",Neisseria,0,2990
"(521.1061946902655, 1813.0265486725664)",Porphyromonas,0,2991
"(520.5593220338983, 557.0)",Fusobacterium,0,2992
"(522.7202797202797, 762.986013986014)",Treponema,0,2993
"(522.5632183908046, 1050.7931034482758)",Treponema,0,2994
"(524.5824175824176, 1360.4395604395604)",Neisseria,0,2995
"(523.0188679245283, 1653.182389937107)",Neisseria,0,2996
"(525.5119047619048, 509.07738095238096)",Actinomyces,0,2997
"(519.6666666666666, 1205.6031746031747)",Actinomyces,0,2999
"(522.5288461538462, 1253.6538461538462)",Neisseria,0,3000
"(525.6962962962963, 1431.7481481481482)",Neisseria,0,3001
"(520.9850746268656, 1505.8059701492537)",Neisseria,0,3002
"(524.1682242990654, 1601.177570093458)",Neisseria,0,3003
"(527.0793650793651, 32.38095238095238)",Veillonella,0,3004
"(523.9208633093525, 143.29496402877697)",Veillonella,0,3005
"(526.8342857142857, 401.4685714285714)",Actinomyces,0,3006
"(528.6604938271605, 485.38271604938274)",Actinomyces,0,3007
"(522.974358974359, 707.7051282051282)",Treponema,0,3008
"(522.7446808510638, 889.7978723404256)",Veillonella,0,3009
"(527.566037735849, 1116.3459119496856)",Fusobacterium,0,3010
"(521.4411764705883, 1147.7941176470588)",Treponema,0,3011
"(525.520325203252, 1269.0243902439024)",Neisseria,0,3012
"(521.7575757575758, 1298.439393939394)",Neisseria,0,3013
"(522.9375, 1715.0625)",Neisseria,0,3014
"(521.5094339622641, 1737.0188679245282)",Veillonella,0,3015
"(520.9850746268656, 1890.55223880597)",Fusobacterium,0,3016
"(525.957627118644, 253.83898305084745)",Veillonella,0,3017
"(523.9880952380952, 734.547619047619)",Treponema,0,3018
"(523.3286713286714, 1844.4055944055945)",Fusobacterium,0,3019
"(525.0, 1919.0285714285715)",Fusobacterium,0,3020
"(525.3058823529411, 1416.1764705882354)",Neisseria,0,3021
"(529.6842105263158, 225.8684210526316)",Veillonella,0,3023
"(524.9264705882352, 272.75)",Veillonella,0,3024
"(528.5514018691589, 577.1121495327103)",Neisseria,0,3025
"(527.0485436893204, 693.2038834951456)",Fusobacterium,0,3026
"(525.8571428571429, 920.2987012987013)",Neisseria,0,3027
"(525.4705882352941, 1097.5)",Fusobacterium,0,3029
"(527.875, 1727.9910714285713)",Neisseria,0,3030
"(526.1847826086956, 1798.9673913043478)",Corynebacterium,0,3031
"(527.1647058823529, 79.6)",Streptococcus,0,3032
"(526.4903846153846, 795.0576923076923)",Veillonella,0,3033
"(527.2528735632184, 991.4942528735633)",Corynebacterium,0,3034
"(527.9074074074074, 1373.351851851852)",Neisseria,0,3035
"(527.424, 1556.112)",Neisseria,0,3036
"(525.719298245614, 1904.421052631579)",Fusobacterium,0,3037
"(526.5, 16.5)",Streptococcus,0,3038
"(526.4078947368421, 617.171052631579)",Capnocytophaga,0,3039
"(529.5438596491229, 1025.9298245614036)",Corynebacterium,0,3040
"(528.3461538461538, 206.0897435897436)",Porphyromonas,0,3042
"(528.0784313725491, 1223.7254901960785)",Veillonella,0,3045
"(528.9322033898305, 1330.2881355932204)",Neisseria,0,3046
"(527.2063492063492, 1398.4761904761904)",Neisseria,0,3047
"(528.1379310344828, 1984.6379310344828)",Porphyromonas,0,3048
"(530.3589743589744, 591.1153846153846)",Treponema,0,3050
"(532.2540983606557, 1284.3852459016393)",Neisseria,0,3051
"(530.0172413793103, 1444.2758620689656)",Neisseria,0,3052
"(532.1173184357542, 1703.9720670391062)",Neisseria,0,3053
"(530.3551401869158, 1745.2803738317757)",Veillonella,0,3054
"(528.9480519480519, 1829.3376623376623)",Fusobacterium,0,3055
"(530.6133333333333, 1931.6133333333332)",Porphyromonas,0,3056
"(531.75, 452.2142857142857)",Veillonella,0,3058
"(530.934065934066, 720.6593406593406)",Treponema,0,3059
"(529.3529411764706, 1498.7794117647059)",Neisseria,0,3061
"(533.6293706293707, 1533.5944055944055)",Neisseria,0,3062
"(540.7833333333333, 1681.2666666666667)",Neisseria,0,3063
"(529.9823008849557, 1865.0973451327434)",Porphyromonas,0,3064
"(534.2844827586207, 158.79310344827587)",Veillonella,0,3066
"(531.2317073170732, 376.5853658536585)",Streptococcus,0,3067
"(536.8472906403941, 860.9113300492611)",Corynebacterium,0,3068
"(532.4758620689655, 1159.6275862068965)",Porphyromonas,0,3069
"(535.6050420168067, 299.6302521008403)",Actinomyces,0,3070
"(531.9629629629629, 1071.4444444444443)",Treponema,0,3071
"(534.9514563106796, 1179.1456310679612)",Fusobacterium,0,3072
"(537.0709677419355, 1236.6903225806452)",Neisseria,0,3073
"(534.8598130841121, 1345.7570093457944)",Neisseria,0,3074
"(534.5223880597015, 1397.2388059701493)",Neisseria,0,3075
"(535.1450381679389, 1464.7786259541986)",Neisseria,0,3076
"(534.0879120879121, 1973.857142857143)",Fusobacterium,0,3077
"(533.4731182795699, 119.44086021505376)",Veillonella,0,3078
"(532.8076923076923, 188.69230769230768)",Veillonella,0,3079
"(532.5454545454545, 351.24242424242425)",Streptococcus,0,3080
"(533.4675324675325, 472.15584415584414)",Veillonella,0,3081
"(534.8783783783783, 953.1148648648649)",Streptococcus,0,3082
"(533.2962962962963, 1013.3703703703703)",Treponema,0,3083
"(534.4468085106383, 1213.1914893617022)",Actinomyces,0,3085
"(534.8947368421053, 1590.9605263157894)",Neisseria,0,3087
"(535.2121212121212, 498.1515151515151)",Veillonella,0,3089
"(539.6917808219179, 1299.5616438356165)",Neisseria,0,3091
"(537.5977011494252, 1409.5402298850574)",Neisseria,0,3092
"(535.0980392156863, 1758.1568627450981)",Neisseria,0,3093
"(534.6571428571428, 1785.3285714285714)",Neisseria,0,3094
"(536.9041095890411, 1822.3287671232877)",Fusobacterium,0,3095
"(533.3958333333334, 1957.6354166666667)",Porphyromonas,0,3096
"(536.6075949367089, 234.60759493670886)",Veillonella,0,3097
"(535.6851851851852, 742.4814814814815)",Treponema,0,3098
"(535.780487804878, 1316.841463414634)",Neisseria,0,3099
"(534.8518518518518, 1891.101851851852)",Fusobacterium,0,3100
"(537.1538461538462, 265.88461538461536)",Pasteurellaceae,0,3101
"(536.7880794701987, 323.66887417218544)",Neisseria,0,3102
"(537.3118279569892, 776.0)",Treponema,0,3104
"(539.125, 914.0328947368421)",Neisseria,0,3105
"(537.463768115942, 1061.4492753623188)",Treponema,0,3106
"(537.375, 69.29166666666667)",Veillonella,0,3107
"(541.8979591836735, 524.6870748299319)",Porphyromonas,0,3108
"(540.2323232323232, 604.969696969697)",Veillonella,0,3109
"(537.7723577235772, 705.0650406504066)",Fusobacterium,0,3110
"(537.6363636363636, 756.7121212121212)",Treponema,0,3111
"(539.2933333333333, 891.9466666666667)",Veillonella,0,3112
"(537.4722222222222, 932.5)",Veillonella,0,3113
"(537.2705882352941, 1628.1764705882354)",Neisseria,0,3114
"(538.9418604651163, 1643.093023255814)",Neisseria,0,3115
"(540.564, 432.416)",Actinomyces,0,3118
"(539.0408163265306, 840.5612244897959)",Saccharibacteria,0,3119
"(538.9462365591398, 1103.3010752688172)",Fusobacterium,0,3120
"(540.2151898734177, 1332.0253164556962)",Neisseria,0,3121
"(542.0392156862745, 1655.5392156862745)",Neisseria,0,3122
"(540.1030927835052, 93.81443298969072)",Pasteurellaceae,0,3123
"(543.5289256198347, 250.59504132231405)",Neisseria,0,3124
"(540.9108910891089, 279.5940594059406)",Pasteurellaceae,0,3125
"(541.4285714285714, 336.92857142857144)",Neisseria,0,3126
"(543.035294117647, 399.65294117647056)",Neisseria,0,3127
"(539.85, 1484.6875)",Neisseria,0,3129
"(539.939393939394, 1500.3333333333333)",Neisseria,0,3130
"(539.5072463768116, 1813.3478260869565)",Fusobacterium,0,3131
"(541.8541666666666, 140.57291666666666)",Veillonella,0,3133
"(541.4216867469879, 178.2289156626506)",Streptococcus,0,3134
"(552.0826086956522, 742.8347826086956)",Neisseria,0,3135
"(544.04, 1050.44)",Treponema,0,3136
"(544.4035087719299, 1456.1140350877192)",Neisseria,0,3137
"(544.9663461538462, 1515.5673076923076)",Neisseria,0,3138
"(541.2875, 1548.1)",Neisseria,0,3139
"(541.530303030303, 1573.8560606060605)",Neisseria,0,3140
"(541.1630434782609, 1610.25)",Neisseria,0,3141
"(539.5, 1906.4423076923076)",Fusobacterium,0,3142
"(540.59375, 1924.765625)",Fusobacterium,0,3143
"(541.7058823529412, 1938.7941176470588)",Fusobacterium,0,3144
"(539.9615384615385, 1273.0384615384614)",Neisseria,0,3146
"(542.0178571428571, 1669.642857142857)",Neisseria,0,3147
"(548.4166666666666, 1837.5740740740741)",Porphyromonas,0,3149
"(540.5857142857143, 1855.3)",Fusobacterium,0,3150
"(542.9719626168225, 103.42056074766356)",Neisseria,0,3151
"(542.1666666666666, 990.0833333333334)",Treponema,0,3152
"(542.0307692307692, 1986.753846153846)",Fusobacterium,0,3155
"(544.0744680851063, 16.74468085106383)",Neisseria,0,3156
"(542.7555555555556, 40.544444444444444)",Veillonella,0,3157
"(542.6282051282051, 363.88461538461536)",Actinomyces,0,3158
"(544.2394366197183, 1879.887323943662)",Streptococcus,0,3161
"(545.968085106383, 194.63829787234042)",Actinomyces,0,3162
"(543.8275862068965, 618.8793103448276)",Selenomonas,0,3163
"(544.5959595959596, 1076.4141414141413)",Fusobacterium,0,3164
"(543.297619047619, 1092.107142857143)",Fusobacterium,0,3165
"(545.0777777777778, 1421.6888888888889)",Neisseria,0,3166
"(545.4057971014493, 1717.6739130434783)",Neisseria,0,3167
"(544.7450980392157, 1804.5098039215686)",Treponema,0,3168
"(545.6, 1030.8736842105263)",Treponema,0,3169
"(545.36, 1371.88)",Neisseria,0,3170
"(545.5441176470588, 1776.3676470588234)",Veillonella,0,3171
"(548.1965811965812, 1972.128205128205)",Fusobacterium,0,3172
"(550.6341463414634, 76.11585365853658)",Veillonella,0,3173
"(546.25, 459.4117647058824)",Veillonella,0,3174
"(547.358024691358, 669.0617283950618)",Veillonella,0,3175
"(547.5714285714286, 795.1571428571428)",Corynebacterium,0,3176
"(546.9931972789116, 1164.9795918367347)",Campylobacter,0,3178
"(546.8987341772151, 1443.0379746835442)",Neisseria,0,3179
"(548.7311827956989, 1015.3333333333334)",Treponema,0,3180
"(547.0879120879121, 1120.967032967033)",Treponema,0,3181
"(547.4428571428572, 1432.9714285714285)",Neisseria,0,3183
"(547.9903846153846, 1474.7596153846155)",Neisseria,0,3184
"(548.6488095238095, 1952.577380952381)",Fusobacterium,0,3185
"(554.4031007751938, 53.310077519379846)",Veillonella,0,3186
"(549.9509803921569, 163.00980392156862)",Veillonella,0,3187
"(548.2727272727273, 375.40909090909093)",Streptococcus,0,3188
"(549.5, 587.25)",Treponema,0,3189
"(548.1349693251534, 633.0613496932515)",Veillonella,0,3190
"(549.375, 1908.609375)",Streptococcus,0,3191
"(549.4732142857143, 133.10714285714286)",Streptococcus,0,3192
"(550.271186440678, 534.9830508474577)",Fusobacterium,0,3193
"(552.5333333333333, 727.7933333333333)",Neisseria,0,3194
"(551.1794871794872, 761.7179487179487)",Treponema,0,3195
"(548.9649122807018, 823.5964912280701)",Veillonella,0,3197
"(550.4, 1857.0)",Fusobacterium,0,3199
"(551.0128205128206, 277.9102564102564)",Pasteurellaceae,0,3200
"(550.3855421686746, 476.26506024096386)",Streptococcus,0,3201
"(549.4677419354839, 509.66129032258067)",Streptococcus,0,3202
"(552.9603174603175, 1209.8015873015872)",Neisseria,0,3204
"(550.6788990825688, 1227.633027522936)",Veillonella,0,3205
"(549.3846153846154, 1920.3384615384616)",Porphyromonas,0,3206
"(550.939393939394, 227.6818181818182)",Streptococcus,0,3207
"(551.1034482758621, 427.6896551724138)",Actinomyces,0,3210
"(552.2898550724638, 499.7028985507246)",Porphyromonas,0,3211
"(551.4109589041096, 955.4109589041096)",Treponema,0,3213
"(552.625, 973.0576923076923)",Corynebacterium,0,3214
"(552.7384615384616, 1286.5692307692307)",Neisseria,0,3215
"(554.1160714285714, 1595.4910714285713)",Neisseria,0,3216
"(555.0300751879699, 1621.3533834586467)",Neisseria,0,3217
"(552.6407766990292, 1693.4660194174758)",Neisseria,0,3218
"(550.2, 1759.4333333333334)",Neisseria,0,3219
"(551.2151898734177, 779.7341772151899)",Fusobacterium,0,3221
"(553.595041322314, 1318.793388429752)",Neisseria,0,3222
"(552.8731343283582, 1342.634328358209)",Neisseria,0,3223
"(551.8461538461538, 1646.6538461538462)",Neisseria,0,3225
"(552.7384615384616, 1662.6)",Neisseria,0,3226
"(554.0, 1743.878048780488)",Neisseria,0,3227
"(552.30081300813, 1895.439024390244)",Streptococcus,0,3228
"(554.8020833333334, 180.78125)",Actinomyces,0,3229
"(556.017094017094, 256.55555555555554)",Actinomyces,0,3231
"(552.6363636363636, 356.3636363636364)",Streptococcus,0,3232
"(558.3804347826087, 414.6358695652174)",Neisseria,0,3233
"(553.6896551724138, 997.3793103448276)",Fusobacterium,0,3236
"(555.3986486486486, 1189.1148648648648)",Neisseria,0,3237
"(553.453125, 1247.921875)",Veillonella,0,3238
"(554.6896551724138, 1377.1149425287356)",Neisseria,0,3239
"(558.3057324840764, 1398.1719745222929)",Neisseria,0,3240
"(562.0064935064935, 1634.3246753246754)",Neisseria,0,3241
"(555.8875, 154.35)",Pasteurellaceae,0,3242
"(559.3207547169811, 888.2075471698113)",Porphyromonas,0,3243
"(557.1328125, 908.5234375)",Streptococcus,0,3244
"(555.3795620437957, 1144.7956204379561)",Treponema,0,3245
"(561.2277992277992, 1870.7992277992278)",Streptococcus,0,3246
"(554.5, 299.94827586206895)",Neisseria,0,3247
"(559.3532338308457, 656.4825870646766)",Neisseria,0,3248
"(559.0116959064327, 929.6549707602339)",Neisseria,0,3249
"(555.9684210526316, 1819.6631578947367)",Fusobacterium,0,3250
"(560.1945945945946, 119.6108108108108)",Actinomyces,0,3251
"(556.0363636363636, 334.6818181818182)",Veillonella,0,3252
"(556.9305555555555, 872.0138888888889)",Veillonella,0,3253
"(558.990099009901, 1107.7029702970297)",Treponema,0,3254
"(557.9285714285714, 1414.857142857143)",Neisseria,0,3255
"(555.671052631579, 1557.8026315789473)",Neisseria,0,3256
"(564.6494252873563, 1787.132183908046)",Veillonella,0,3258
"(560.1315789473684, 5.342105263157895)",Veillonella,0,3259
"(557.969387755102, 30.948979591836736)",Actinomyces,0,3260
"(562.7983193277311, 483.93277310924367)",Corynebacterium,0,3262
"(563.165, 604.78)",Streptococcus,0,3263
"(555.9864864864865, 1063.7027027027027)",Corynebacterium,0,3264
"(555.8571428571429, 1985.5357142857142)",Fusobacterium,0,3265
"(559.3861386138614, 387.73267326732673)",Actinomyces,0,3266
"(567.1486486486486, 623.3716216216217)",Fusobacterium,0,3267
"(560.8716577540107, 1092.572192513369)",Treponema,0,3268
"(562.6848484848484, 1275.0727272727272)",Veillonella,0,3269
"(559.9032258064516, 1304.3118279569892)",Neisseria,0,3270
"(559.1139240506329, 1362.6582278481012)",Neisseria,0,3271
"(557.6781609195402, 1541.9540229885058)",Neisseria,0,3272
"(560.3466666666667, 1567.7066666666667)",Neisseria,0,3273
"(559.4578313253012, 1933.4578313253012)",Fusobacterium,0,3274
"(559.828125, 452.765625)",Pasteurellaceae,0,3275
"(560.7266666666667, 525.4333333333333)",Streptococcus,0,3276
"(559.9215686274509, 807.1764705882352)",Treponema,0,3277
"(562.6551724137931, 834.3879310344828)",Neisseria,0,3278
"(560.0347826086957, 1045.7652173913043)",Treponema,0,3279
"(560.7032967032967, 1123.8461538461538)",Treponema,0,3280
"(563.28125, 1485.4140625)",Neisseria,0,3282
"(560.7954545454545, 1582.034090909091)",Neisseria,0,3283
"(560.056179775281, 1705.6741573033707)",Neisseria,0,3284
"(559.9318181818181, 1803.1363636363637)",Fusobacterium,0,3285
"(560.9102564102565, 856.7820512820513)",Neisseria,0,3286
"(559.9154929577464, 1513.0985915492959)",Neisseria,0,3288
"(560.275, 94.5125)",Pasteurellaceae,0,3289
"(561.3584905660377, 466.20754716981133)",Porphyromonas,0,3290
"(563.805, 703.815)",Fusobacterium,0,3291
"(566.6827586206897, 1451.5931034482758)",Neisseria,0,3294
"(566.8985507246376, 984.4106280193237)",Fusobacterium,0,3295
"(562.2333333333333, 1204.1)",Neisseria,0,3296
"(563.9850746268656, 1436.1791044776119)",Neisseria,0,3297
"(562.0845070422536, 1468.2112676056338)",Neisseria,0,3298
"(562.3030303030303, 1503.6060606060605)",Neisseria,0,3299
"(562.3, 1756.7571428571428)",Veillonella,0,3300
"(561.7460317460317, 1773.126984126984)",Veillonella,0,3301
"(564.7266666666667, 1948.3666666666666)",Porphyromonas,0,3302
"(566.3688524590164, 37.459016393442624)",Pasteurellaceae,0,3303
"(562.8688524590164, 319.0163934426229)",Actinomyces,0,3304
"(573.3540669856459, 343.9043062200957)",Neisseria,0,3305
"(561.972602739726, 371.972602739726)",Veillonella,0,3306
"(563.828947368421, 788.2763157894736)",Corynebacterium,0,3307
"(565.8835616438356, 1671.2123287671234)",Neisseria,0,3308
"(564.0428571428571, 195.8)",Veillonella,0,3309
"(567.6778523489933, 278.1140939597315)",Corynebacterium,0,3310
"(567.41, 442.2)",Veillonella,0,3311
"(568.840206185567, 763.1649484536083)",Fusobacterium,0,3312
"(566.7354838709678, 956.4129032258064)",Neisseria,0,3313
"(570.8473684210526, 1022.4736842105264)",Treponema,0,3314
"(564.5, 1527.445652173913)",Neisseria,0,3316
"(567.1428571428571, 1725.890756302521)",Neisseria,0,3317
"(567.1443298969073, 1977.1237113402062)",Fusobacterium,0,3319
"(567.8446601941747, 230.44660194174756)",Veillonella,0,3320
"(564.0689655172414, 294.08620689655174)",Veillonella,0,3321
"(569.047619047619, 1080.345238095238)",Fusobacterium,0,3322
"(564.6338028169014, 1649.0845070422536)",Neisseria,0,3323
"(567.96, 686.54)",Treponema,0,3324
"(568.2989690721649, 1217.1134020618556)",Treponema,0,3325
"(566.3375, 1330.6125)",Neisseria,0,3326
"(568.7768595041322, 1843.6280991735537)",Porphyromonas,0,3327
"(572.1785714285714, 147.64285714285714)",Veillonella,0,3328
"(567.45, 1059.8625)",Corynebacterium,0,3329
"(567.6276595744681, 1824.1808510638298)",Porphyromonas,0,3330
"(571.2121212121212, 1898.7878787878788)",Streptococcus,0,3331
"(566.6545454545454, 1910.8545454545454)",Corynebacterium,0,3332
"(568.0588235294117, 101.88235294117646)",Veillonella,0,3333
"(574.0367647058823, 211.85294117647058)",Actinomyces,0,3334
"(567.6923076923077, 506.61538461538464)",Streptococcus,0,3335
"(569.8103448275862, 1747.5)",Neisseria,0,3336
"(570.6833333333333, 726.0416666666666)",Veillonella,0,3337
"(570.1807228915662, 1001.4939759036145)",Treponema,0,3338
"(575.6516853932584, 1295.9325842696628)",Neisseria,0,3339
"(569.7945205479452, 1354.2054794520548)",Neisseria,0,3340
"(575.4130434782609, 1418.1884057971015)",Neisseria,0,3341
"(570.76, 74.78)",Veillonella,0,3342
"(568.75, 117.14285714285714)",Actinomyces,0,3343
"(571.1046511627907, 261.75581395348837)",Veillonella,0,3344
"(573.1176470588235, 780.9764705882353)",Treponema,0,3345
"(570.875, 802.85)",Campylobacter,0,3346
"(570.6944444444445, 849.25)",Streptococcus,0,3347
"(570.0945945945946, 871.3918918918919)",Neisseria,0,3348
"(569.75, 923.2333333333333)",Veillonella,0,3349
"(576.0943396226415, 1035.5566037735848)",Fusobacterium,0,3350
"(573.2272727272727, 1131.1818181818182)",Treponema,0,3351
"(569.8372093023256, 1164.9651162790697)",Veillonella,0,3352
"(570.7307692307693, 1230.3461538461538)",Neisseria,0,3353
"(569.439393939394, 1543.8484848484848)",Neisseria,0,3354
"(570.7058823529412, 1559.2470588235294)",Neisseria,0,3355
"(570.3030303030303, 1605.7272727272727)",Neisseria,0,3356
"(570.4190476190477, 182.96190476190475)",Veillonella,0,3357
"(573.5454545454545, 362.43939393939394)",Neisseria,0,3358
"(573.9805825242719, 463.6796116504854)",Streptococcus,0,3359
"(572.1339285714286, 671.7053571428571)",Capnocytophaga,0,3360
"(572.3739837398374, 894.0487804878048)",Veillonella,0,3361
"(572.4943820224719, 1260.7303370786517)",Veillonella,0,3362
"(571.9459459459459, 1371.837837837838)",Neisseria,0,3363
"(577.3153846153846, 1386.2076923076922)",Neisseria,0,3364
"(572.1538461538462, 1468.5494505494505)",Neisseria,0,3365
"(570.7142857142857, 1708.1571428571428)",Neisseria,0,3366
"(578.0370370370371, 1739.2444444444445)",Neisseria,0,3367
"(580.780269058296, 1141.9596412556054)",Streptococcus,0,3368
"(573.5581395348837, 1656.0232558139535)",Veillonella,0,3369
"(575.0, 1853.0344827586207)",Fusobacterium,0,3370
"(577.0578512396694, 166.56198347107437)",Pasteurellaceae,0,3372
"(573.7325581395348, 329.2325581395349)",Neisseria,0,3373
"(579.421875, 490.1875)",Porphyromonas,0,3374
"(573.2205882352941, 940.3823529411765)",Neisseria,0,3375
"(573.0967741935484, 1619.5645161290322)",Neisseria,0,3377
"(574.0430107526881, 1805.989247311828)",Streptococcus,0,3378
"(581.4285714285714, 246.4857142857143)",Veillonella,0,3379
"(575.75, 398.22222222222223)",Neisseria,0,3380
"(573.5645161290323, 1111.5645161290322)",Treponema,0,3381
"(575.5804878048781, 1505.0585365853658)",Neisseria,0,3382
"(586.0583657587549, 1685.68093385214)",Veillonella,0,3384
"(573.8333333333334, 1876.5666666666666)",Porphyromonas,0,3385
"(576.5833333333334, 639.3425925925926)",Porphyromonas,0,3387
"(574.6301369863014, 828.7671232876712)",Veillonella,0,3388
"(581.2207792207793, 916.7012987012987)",Streptococcus,0,3389
"(578.0631578947368, 1319.178947368421)",Neisseria,0,3390
"(574.8026315789474, 1767.328947368421)",Neisseria,0,3391
"(577.7421875, 298.0703125)",Treponema,0,3392
"(577.188679245283, 477.811320754717)",Fusobacterium,0,3393
"(577.8139534883721, 518.015503875969)",Fusobacterium,0,3394
"(575.8076923076923, 905.6538461538462)",Fusobacterium,0,3395
"(581.1418439716313, 1343.9645390070923)",Neisseria,0,3397
"(577.0363636363636, 1401.581818181818)",Neisseria,0,3398
"(578.5537190082645, 1824.1487603305786)",Porphyromonas,0,3399
"(576.463768115942, 1920.9420289855072)",Streptococcus,0,3400
"(576.9538461538461, 380.95384615384614)",Neisseria,0,3401
"(577.4509803921569, 741.5588235294117)",Veillonella,0,3403
"(576.1333333333333, 967.8)",Treponema,0,3404
"(578.2987012987013, 1176.2207792207791)",Veillonella,0,3405
"(584.4251968503937, 1225.5590551181103)",Neisseria,0,3406
"(577.0526315789474, 1252.1052631578948)",Veillonella,0,3407
"(576.7246376811594, 1571.8840579710145)",Neisseria,0,3408
"(585.3843416370107, 128.36654804270464)",Neisseria,0,3409
"(578.7045454545455, 415.85227272727275)",Saccharibacteria,0,3410
"(579.9166666666666, 430.9861111111111)",Corynebacterium,0,3411
"(585.1136363636364, 1238.1742424242425)",Neisseria,0,3412
"(580.6422018348624, 1280.073394495413)",Pasteurellaceae,0,3413
"(579.625, 16.0546875)",Neisseria,0,3415
"(579.9583333333334, 315.1666666666667)",Neisseria,0,3416
"(581.939024390244, 1908.9634146341464)",Porphyromonas,0,3417
"(583.2433862433862, 1969.3492063492063)",Fusobacterium,0,3418
"(579.94, 52.355)",Neisseria,0,3419
"(580.5571428571428, 452.5857142857143)",Streptococcus,0,3420
"(586.3832116788321, 655.6678832116788)",Fusobacterium,0,3421
"(580.3614457831326, 855.0963855421687)",Streptococcus,0,3422
"(583.8661417322835, 880.6456692913385)",Streptococcus,0,3423
"(581.9262295081967, 1050.827868852459)",Porphyromonas,0,3424
"(583.9759036144578, 1584.2048192771085)",Neisseria,0,3425
"(582.6144578313254, 1701.3855421686746)",Neisseria,0,3426
"(582.0892857142857, 792.9642857142857)",Fusobacterium,0,3427
"(583.6478873239437, 936.0985915492957)",Veillonella,0,3428
"(583.2222222222222, 1012.0864197530864)",Treponema,0,3429
"(583.2558139534884, 1363.6860465116279)",Neisseria,0,3432
"(581.6372549019608, 1536.4803921568628)",Neisseria,0,3433
"(583.2755102040817, 1945.7857142857142)",Porphyromonas,0,3434
"(583.2413793103449, 195.79310344827587)",Veillonella,0,3435
"(587.024, 283.184)",Pasteurellaceae,0,3436
"(585.6545454545454, 497.94545454545454)",Porphyromonas,0,3437
"(588.1583333333333, 1073.5666666666666)",Corynebacterium,0,3439
"(588.1011235955057, 1429.191011235955)",Neisseria,0,3441
"(588.8488372093024, 1712.7151162790697)",Neisseria,0,3442
"(584.843137254902, 1873.862745098039)",Fusobacterium,0,3443
"(583.5454545454545, 714.7424242424242)",Treponema,0,3444
"(585.1269841269841, 839.7460317460317)",Neisseria,0,3445
"(585.1034482758621, 1446.344827586207)",Neisseria,0,3446
"(583.8055555555555, 1483.8055555555557)",Neisseria,0,3447
"(592.0576131687243, 1516.8683127572017)",Neisseria,0,3448
"(585.8653846153846, 1629.451923076923)",Neisseria,0,3449
"(586.4302325581396, 1729.4302325581396)",Veillonella,0,3450
"(585.3035714285714, 1780.892857142857)",Veillonella,0,3451
"(587.0736842105263, 182.10526315789474)",Actinomyces,0,3452
"(583.9655172413793, 673.6379310344828)",Porphyromonas,0,3453
"(586.2293577981651, 776.1284403669724)",Treponema,0,3454
"(589.050925925926, 959.3333333333334)",Neisseria,0,3455
"(586.125, 994.125)",Veillonella,0,3456
"(586.94, 1555.75)",Neisseria,0,3457
"(586.5639097744361, 1602.142857142857)",Neisseria,0,3458
"(587.9426229508197, 1661.016393442623)",Veillonella,0,3459
"(584.8020833333334, 1991.0833333333333)",Fusobacterium,0,3460
"(586.9266055045872, 266.3761467889908)",Neisseria,0,3461
"(587.5904761904762, 684.152380952381)",Porphyromonas,0,3462
"(587.0, 1754.3222222222223)",Neisseria,0,3463
"(585.8225806451613, 694.516129032258)",Porphyromonas,0,3466
"(590.9012345679013, 720.2592592592592)",Neisseria,0,3467
"(588.4683544303797, 815.5949367088608)",Veillonella,0,3468
"(588.7741935483871, 981.1935483870968)",Veillonella,0,3469
"(587.4705882352941, 1110.485294117647)",Treponema,0,3470
"(594.2471910112359, 1261.378277153558)",Veillonella,0,3471
"(587.7333333333333, 1378.3333333333333)",Neisseria,0,3472
"(587.4074074074074, 1466.851851851852)",Neisseria,0,3473
"(588.5671641791045, 1892.0149253731342)",Streptococcus,0,3474
"(590.2448979591836, 1935.9591836734694)",Fusobacterium,0,3475
"(589.1407407407407, 369.6148148148148)",Neisseria,0,3476
"(589.3815789473684, 800.6447368421053)",Treponema,0,3477
"(588.6133333333333, 828.6133333333333)",Veillonella,0,3478
"(588.7, 1157.44)",Veillonella,0,3479
"(588.1492537313433, 1189.3880597014925)",Veillonella,0,3480
"(588.9677419354839, 1804.6559139784947)",Corynebacterium,0,3482
"(596.968253968254, 23.642857142857142)",Veillonella,0,3483
"(588.9333333333333, 88.63809523809523)",Actinomyces,0,3484
"(589.179104477612, 353.0)",Veillonella,0,3485
"(588.8965517241379, 628.6206896551724)",Streptococcus,0,3486
"(591.52, 738.36)",Neisseria,0,3487
"(592.4256756756756, 755.7297297297297)",Neisseria,0,3488
"(592.8962264150944, 867.3207547169811)",Veillonella,0,3489
"(590.6338028169014, 1401.9577464788733)",Veillonella,0,3490
"(592.5619047619048, 1495.4)",Neisseria,0,3491
"(588.9074074074074, 1852.1666666666667)",Fusobacterium,0,3492
"(590.1571428571428, 6.085714285714285)",Neisseria,0,3493
"(593.1044776119403, 317.76119402985074)",Streptococcus,0,3494
"(595.2165605095541, 699.624203821656)",Treponema,0,3495
"(593.7189189189189, 898.1351351351351)",Treponema,0,3496
"(595.0294117647059, 1481.862745098039)",Neisseria,0,3497
"(590.8536585365854, 1570.6097560975609)",Neisseria,0,3498
"(589.9215686274509, 1922.9019607843138)",Fusobacterium,0,3500
"(590.9677419354839, 1061.8870967741937)",Treponema,0,3501
"(591.7586206896551, 1644.051724137931)",Veillonella,0,3502
"(591.3387096774194, 1863.983870967742)",Porphyromonas,0,3503
"(591.875, 154.33333333333334)",Veillonella,0,3504
"(600.5075376884422, 219.26633165829145)",Actinomyces,0,3505
"(595.2736842105263, 841.2842105263157)",Neisseria,0,3506
"(591.5857142857143, 932.1571428571428)",Veillonella,0,3507
"(598.9920634920635, 1826.7222222222222)",Fusobacterium,0,3508
"(592.84, 1842.72)",Fusobacterium,0,3509
"(591.433962264151, 1961.377358490566)",Fusobacterium,0,3510
"(594.2235294117647, 1022.3411764705883)",Streptococcus,0,3511
"(593.074074074074, 1087.6913580246915)",Campylobacter,0,3512
"(593.5824175824176, 1317.3846153846155)",Neisseria,0,3513
"(596.0412371134021, 1415.9381443298969)",Neisseria,0,3514
"(596.3983050847457, 1765.542372881356)",Neisseria,0,3516
"(596.3230769230769, 51.84615384615385)",Neisseria,0,3517
"(592.4761904761905, 62.46031746031746)",Neisseria,0,3518
"(593.7, 164.16666666666666)",Veillonella,0,3519
"(594.3636363636364, 387.05454545454546)",Veillonella,0,3520
"(597.6542056074767, 464.9626168224299)",Neisseria,0,3521
"(593.6964285714286, 523.6428571428571)",Streptococcus,0,3522
"(596.65, 1034.0)",Fusobacterium,0,3523
"(595.3495145631068, 1949.4271844660195)",Fusobacterium,0,3524
"(595.4137931034483, 111.10344827586206)",Neisseria,0,3525
"(598.1896551724138, 407.26724137931035)",Veillonella,0,3526
"(595.7901234567901, 428.22222222222223)",Veillonella,0,3527
"(602.390625, 449.453125)",Pasteurellaceae,0,3528
"(601.1907894736842, 1008.25)",Neisseria,0,3529
"(596.6272727272727, 1281.7636363636364)",Neisseria,0,3530
"(594.2037037037037, 1302.9259259259259)",Neisseria,0,3531
"(597.3066666666666, 495.18666666666667)",Porphyromonas,0,3532
"(595.7333333333333, 545.7619047619048)",Treponema,0,3533
"(595.8225806451613, 673.1774193548387)",Fusobacterium,0,3534
"(596.6774193548387, 1100.6451612903227)",Treponema,0,3535
"(598.0819672131148, 1120.0901639344263)",Treponema,0,3536
"(599.3684210526316, 509.37593984962405)",Porphyromonas,0,3537
"(597.6212121212121, 1442.7575757575758)",Neisseria,0,3539
"(596.8076923076923, 1456.0384615384614)",Neisseria,0,3540
"(596.2169811320755, 1909.6792452830189)",Fusobacterium,0,3541
"(599.3176470588236, 196.31764705882352)",Actinomyces,0,3542
"(598.8823529411765, 728.9558823529412)",Veillonella,0,3543
"(598.6043956043956, 1049.3956043956043)",Fusobacterium,0,3544
"(598.3787878787879, 1215.530303030303)",Veillonella,0,3545
"(598.4880952380952, 1620.4642857142858)",Neisseria,0,3546
"(598.6382978723404, 560.7340425531914)",Porphyromonas,0,3547
"(597.4705882352941, 777.8235294117648)",Neisseria,0,3548
"(600.0408163265306, 1151.2755102040817)",Actinomyces,0,3549
"(602.3796296296297, 1350.6851851851852)",Neisseria,0,3550
"(600.6951219512196, 1373.7682926829268)",Neisseria,0,3551
"(598.927536231884, 1391.463768115942)",Neisseria,0,3552
"(605.6497175141243, 1589.4745762711864)",Veillonella,0,3553
"(598.0980392156863, 1874.6274509803923)",Streptococcus,0,3554
"(602.6, 35.86153846153846)",Selenomonas,0,3556
"(598.9811320754717, 78.50943396226415)",Neisseria,0,3557
"(600.7987012987013, 257.33116883116884)",Pasteurellaceae,0,3558
"(600.5932203389831, 481.0)",Veillonella,0,3559
"(600.51, 641.73)",Veillonella,0,3560
"(601.7857142857143, 1337.8095238095239)",Neisseria,0,3561
"(600.8644067796611, 233.01694915254237)",Pasteurellaceae,0,3564
"(601.0, 348.72972972972974)",Neisseria,0,3565
"(600.9186991869918, 576.7235772357724)",Corynebacterium,0,3566
"(604.8571428571429, 1698.104761904762)",Veillonella,0,3567
"(604.3021582733813, 1781.31654676259)",Neisseria,0,3568
"(603.6881720430108, 377.0)",Veillonella,0,3569
"(601.6666666666666, 767.3666666666667)",Neisseria,0,3571
"(602.71875, 854.859375)",Neisseria,0,3572
"(604.5602836879433, 923.3829787234042)",Treponema,0,3575
"(601.6129032258065, 988.0483870967741)",Veillonella,0,3576
"(607.3689320388349, 1602.378640776699)",Veillonella,0,3579
"(605.6206896551724, 123.82758620689656)",Actinomyces,0,3580
"(607.7546012269938, 325.0920245398773)",Streptococcus,0,3581
"(608.0927152317881, 538.6688741721854)",Corynebacterium,0,3582
"(602.90625, 1926.6875)",Streptococcus,0,3583
"(605.1348314606741, 175.32584269662922)",Veillonella,0,3584
"(604.7, 284.2142857142857)",Veillonella,0,3585
"(605.140350877193, 791.1491228070175)",Veillonella,0,3586
"(609.4754098360655, 1103.2622950819673)",Treponema,0,3587
"(612.4771573604061, 1132.9289340101523)",Treponema,0,3588
"(605.15, 1743.8428571428572)",Neisseria,0,3589
"(612.2142857142857, 4.922077922077922)",Neisseria,0,3590
"(607.077922077922, 101.61688311688312)",Neisseria,0,3591
"(605.632911392405, 306.1518987341772)",Streptococcus,0,3592
"(608.5588235294117, 839.1666666666666)",Neisseria,0,3594
"(605.6923076923077, 1432.2615384615385)",Neisseria,0,3595
"(605.2857142857143, 1528.131868131868)",Veillonella,0,3596
"(605.3239436619718, 1655.4788732394366)",Veillonella,0,3597
"(606.9705882352941, 1670.078431372549)",Neisseria,0,3598
"(606.340206185567, 1807.9690721649486)",Porphyromonas,0,3599
"(608.1726618705036, 1886.0575539568345)",Fusobacterium,0,3600
"(605.6266666666667, 957.12)",Veillonella,0,3602
"(605.6086956521739, 1064.9420289855072)",Fusobacterium,0,3603
"(606.1935483870968, 1209.1451612903227)",Veillonella,0,3604
"(608.6, 1226.9777777777779)",Fusobacterium,0,3605
"(607.1309523809524, 1268.404761904762)",Veillonella,0,3606
"(608.8809523809524, 1683.607142857143)",Veillonella,0,3607
"(610.14, 705.9866666666667)",Fusobacterium,0,3608
"(608.8787878787879, 1314.7676767676767)",Neisseria,0,3609
"(607.0470588235294, 1567.105882352941)",Veillonella,0,3610
"(607.4444444444445, 1634.4444444444443)",Veillonella,0,3611
"(611.2262773722628, 1848.087591240876)",Fusobacterium,0,3612
"(614.4661654135339, 390.57894736842104)",Streptococcus,0,3613
"(612.130081300813, 944.8617886178862)",Veillonella,0,3614
"(614.3755656108598, 1238.9004524886877)",Fusobacterium,0,3615
"(607.6262626262626, 1298.79797979798)",Neisseria,0,3616
"(609.1612903225806, 1402.9354838709678)",Veillonella,0,3617
"(608.6111111111111, 1863.537037037037)",Porphyromonas,0,3618
"(608.1153846153846, 360.5)",Treponema,0,3619
"(609.40625, 525.171875)",Corynebacterium,0,3620
"(610.4245283018868, 685.7358490566038)",Porphyromonas,0,3622
"(610.6333333333333, 906.7)",Streptococcus,0,3623
"(610.7073170731708, 978.3658536585366)",Neisseria,0,3624
"(610.3214285714286, 1420.1904761904761)",Neisseria,0,3625
"(609.6197183098592, 1712.605633802817)",Neisseria,0,3626
"(611.5316455696203, 1725.240506329114)",Neisseria,0,3627
"(608.8727272727273, 1834.2727272727273)",Fusobacterium,0,3628
"(625.455223880597, 1934.5820895522388)",Fusobacterium,0,3629
"(609.4, 138.52307692307693)",Pasteurellaceae,0,3630
"(612.1009174311927, 564.9357798165138)",Corynebacterium,0,3631
"(610.6923076923077, 820.8601398601398)",Treponema,0,3632
"(611.54375, 1177.80625)",Neisseria,0,3633
"(611.9514563106796, 1461.2233009708739)",Neisseria,0,3635
"(613.7266666666667, 1489.8533333333332)",Neisseria,0,3636
"(610.1285714285714, 1615.4285714285713)",Neisseria,0,3637
"(611.5576923076923, 49.47115384615385)",Veillonella,0,3638
"(611.0, 81.27142857142857)",Streptococcus,0,3639
"(614.3815789473684, 202.26315789473685)",Veillonella,0,3640
"(612.015873015873, 269.6190476190476)",Veillonella,0,3642
"(613.8023255813954, 291.19767441860466)",Veillonella,0,3643
"(611.8095238095239, 402.42857142857144)",Veillonella,0,3644
"(614.7263157894737, 417.3157894736842)",Veillonella,0,3645
"(614.2170542635658, 503.93798449612405)",Fusobacterium,0,3647
"(610.7764705882353, 588.2235294117647)",Streptococcus,0,3648
"(611.4025974025974, 741.4545454545455)",Veillonella,0,3649
"(612.9319727891157, 1080.843537414966)",Fusobacterium,0,3650
"(614.1588785046729, 1328.5140186915887)",Neisseria,0,3651
"(611.1269841269841, 1446.4761904761904)",Neisseria,0,3652
"(611.0, 1504.5774647887324)",Neisseria,0,3653
"(611.9607843137255, 65.45098039215686)",Corynebacterium,0,3655
"(612.9655172413793, 227.08620689655172)",Pasteurellaceae,0,3656
"(618.4803149606299, 372.1023622047244)",Veillonella,0,3657
"(612.1788617886178, 1027.739837398374)",Capnocytophaga,0,3658
"(613.9714285714285, 1386.695238095238)",Neisseria,0,3659
"(614.5695364238411, 1911.6688741721855)",Fusobacterium,0,3660
"(614.9014084507043, 152.25352112676057)",Veillonella,0,3661
"(613.5972222222222, 341.6388888888889)",Treponema,0,3662
"(620.9420289855072, 767.2270531400966)",Veillonella,0,3663
"(615.8157894736842, 871.5)",Veillonella,0,3665
"(613.0178571428571, 996.3571428571429)",Saccharibacteria,0,3666
"(612.8656716417911, 1050.8507462686566)",Fusobacterium,0,3667
"(613.71875, 1518.9375)",Neisseria,0,3668
"(615.3809523809524, 189.95238095238096)",Veillonella,0,3670
"(613.3636363636364, 476.8961038961039)",Neisseria,0,3671
"(614.9509803921569, 725.5686274509804)",Actinomyces,0,3672
"(613.7037037037037, 1645.2222222222222)",Neisseria,0,3675
"(614.9787234042553, 1754.0212765957447)",Neisseria,0,3676
"(614.3804347826087, 1793.445652173913)",Veillonella,0,3677
"(614.5972222222222, 466.4861111111111)",Neisseria,0,3678
"(616.1709844559585, 609.7772020725389)",Porphyromonas,0,3679
"(620.8166666666667, 166.06666666666666)",Veillonella,0,3680
"(616.1052631578947, 624.25)",Porphyromonas,0,3682
"(615.9642857142857, 1005.8392857142857)",Veillonella,0,3683
"(616.4927536231884, 1148.304347826087)",Treponema,0,3684
"(618.7535211267606, 1550.1690140845071)",Neisseria,0,3685
"(616.8571428571429, 486.5357142857143)",Neisseria,0,3687
"(619.3703703703703, 30.098765432098766)",Streptococcus,0,3690
"(618.0757575757576, 309.25757575757575)",Veillonella,0,3691
"(618.3064516129032, 920.4354838709677)",Veillonella,0,3692
"(619.2156862745098, 1018.1960784313726)",Neisseria,0,3693
"(622.7745098039215, 1356.5294117647059)",Neisseria,0,3694
"(622.8181818181819, 1823.2666666666667)",Porphyromonas,0,3695
"(620.2375, 1896.3125)",Porphyromonas,0,3696
"(621.4714828897338, 643.5931558935362)",Porphyromonas,0,3698
"(619.3217391304348, 665.7130434782608)",Porphyromonas,0,3699
"(620.068493150685, 1341.8082191780823)",Neisseria,0,3701
"(624.5196078431372, 100.09313725490196)",Streptococcus,0,3702
"(623.8494623655914, 223.06451612903226)",Actinomyces,0,3703
"(619.5370370370371, 281.5740740740741)",Veillonella,0,3704
"(625.4117647058823, 573.344537815126)",Corynebacterium,0,3705
"(626.6951219512196, 806.7743902439024)",Veillonella,0,3706
"(620.2371134020618, 850.0618556701031)",Veillonella,0,3707
"(622.4953271028037, 893.8411214953271)",Neisseria,0,3708
"(621.1617647058823, 1532.7794117647059)",Neisseria,0,3710
"(620.8172043010753, 1866.268817204301)",Porphyromonas,0,3711
"(621.3207547169811, 593.8301886792453)",Porphyromonas,0,3713
"(620.9864864864865, 1374.3513513513512)",Neisseria,0,3716
"(622.3595505617977, 1437.4831460674156)",Neisseria,0,3717
"(621.0882352941177, 1738.5294117647059)",Neisseria,0,3718
"(622.2337662337662, 1764.2337662337663)",Neisseria,0,3719
"(622.0571428571428, 143.75714285714287)",Veillonella,0,3720
"(622.1805555555555, 554.5833333333334)",Corynebacterium,0,3721
"(622.375, 790.125)",Veillonella,0,3722
"(622.6666666666666, 1040.878787878788)",Actinomyces,0,3723
"(625.3394495412844, 1113.7798165137615)",Fusobacterium,0,3724
"(622.7888888888889, 1621.7333333333333)",Veillonella,0,3725
"(622.64, 1657.2533333333333)",Neisseria,0,3726
"(625.4545454545455, 1803.7181818181818)",Veillonella,0,3727
"(624.8026315789474, 180.51315789473685)",Actinomyces,0,3729
"(626.2604166666666, 258.8541666666667)",Veillonella,0,3730
"(623.763440860215, 433.02150537634407)",Veillonella,0,3731
"(623.0, 526.4307692307692)",Neisseria,0,3732
"(624.8494623655914, 958.9032258064516)",Porphyromonas,0,3733
"(626.016, 1063.792)",Treponema,0,3734
"(630.0864197530864, 1097.9938271604938)",Fusobacterium,0,3735
"(623.8064516129032, 1162.1935483870968)",Neisseria,0,3736
"(623.044776119403, 1569.358208955224)",Neisseria,0,3737
"(626.6160714285714, 1640.8035714285713)",Neisseria,0,3738
"(623.921052631579, 127.02631578947368)",Actinomyces,0,3742
"(623.8939393939394, 449.90909090909093)",Streptococcus,0,3743
"(624.8666666666667, 543.56)",Corynebacterium,0,3744
"(625.2666666666667, 979.0666666666667)",Neisseria,0,3745
"(624.956834532374, 1307.7913669064749)",Neisseria,0,3746
"(625.3552631578947, 1400.3552631578948)",Neisseria,0,3747
"(626.3047619047619, 1416.5238095238096)",Neisseria,0,3748
"(627.796052631579, 1469.203947368421)",Neisseria,0,3749
"(625.1285714285714, 1713.5428571428572)",Veillonella,0,3750
"(625.5, 211.11290322580646)",Actinomyces,0,3752
"(628.8470588235294, 240.86470588235295)",Veillonella,0,3753
"(626.024, 353.768)",Streptococcus,0,3754
"(632.3361344537815, 747.8991596638656)",Treponema,0,3755
"(626.0851063829788, 931.9787234042553)",Veillonella,0,3756
"(629.4691358024692, 1285.7283950617284)",Neisseria,0,3757
"(625.3650793650794, 1583.4603174603174)",Veillonella,0,3758
"(623.90625, 1690.0)",Veillonella,0,3759
"(625.6296296296297, 317.462962962963)",Veillonella,0,3761
"(629.5801526717557, 701.9389312977099)",Treponema,0,3762
"(626.9692307692308, 1022.8153846153846)",Neisseria,0,3763
"(627.8414634146342, 1082.9878048780488)",Fusobacterium,0,3764
"(626.0813953488372, 1143.2906976744187)",Corynebacterium,0,3765
"(633.8644067796611, 1238.8474576271187)",Fusobacterium,0,3766
"(643.7808219178082, 1501.3858447488585)",Neisseria,0,3767
"(627.2345679012345, 1728.283950617284)",Neisseria,0,3769
"(628.6422018348624, 1785.5779816513761)",Veillonella,0,3770
"(629.2077922077922, 60.22077922077922)",Veillonella,0,3771
"(626.7878787878788, 333.77777777777777)",Streptococcus,0,3772
"(627.84, 460.12)",Streptococcus,0,3773
"(627.7538461538461, 492.12307692307695)",Neisseria,0,3774
"(628.4691358024692, 822.1604938271605)",Neisseria,0,3775
"(627.1547619047619, 995.8452380952381)",Streptococcus,0,3776
"(629.255172413793, 1600.0827586206897)",Veillonella,0,3777
"(631.0676691729324, 300.56390977443607)",Veillonella,0,3778
"(630.605504587156, 511.1926605504587)",Corynebacterium,0,3779
"(632.7142857142857, 583.795918367347)",Actinomyces,0,3780
"(632.5390070921986, 1049.936170212766)",Neisseria,0,3782
"(629.8878504672897, 1847.9158878504672)",Porphyromonas,0,3783
"(631.1975308641976, 408.1358024691358)",Veillonella,0,3784
"(629.140350877193, 1385.9473684210527)",Neisseria,0,3785
"(631.0, 424.5308641975309)",Streptococcus,0,3787
"(632.1940298507462, 474.05223880597015)",Streptococcus,0,3788
"(633.6038961038961, 1334.422077922078)",Neisseria,0,3789
"(631.1139240506329, 393.5189873417722)",Veillonella,0,3790
"(632.2777777777778, 657.5666666666667)",Porphyromonas,0,3792
"(633.6736842105263, 689.9157894736842)",Porphyromonas,0,3793
"(633.7005076142132, 718.6040609137056)",Streptococcus,0,3794
"(632.525641025641, 1174.974358974359)",Streptococcus,0,3795
"(631.3166666666667, 1556.5166666666667)",Neisseria,0,3796
"(632.8805970149253, 1816.55223880597)",Porphyromonas,0,3798
"(633.155737704918, 277.7049180327869)",Actinomyces,0,3799
"(633.0588235294117, 369.1470588235294)",Veillonella,0,3800
"(633.078125, 783.546875)",Neisseria,0,3802
"(631.4615384615385, 840.0461538461539)",Capnocytophaga,0,3803
"(637.5879396984925, 852.6884422110553)",Capnocytophaga,0,3804
"(631.746835443038, 1671.3417721518988)",Veillonella,0,3805
"(634.8041237113403, 1909.7113402061855)",Fusobacterium,0,3806
"(637.9666666666667, 9.653333333333334)",Veillonella,0,3807
"(633.4347826086956, 38.06521739130435)",Veillonella,0,3808
"(633.3846153846154, 83.94505494505495)",Veillonella,0,3809
"(634.1212121212121, 627.3484848484849)",Corynebacterium,0,3811
"(635.8813559322034, 674.0762711864406)",Corynebacterium,0,3812
"(634.3666666666667, 1369.4)",Neisseria,0,3813
"(637.7410071942446, 1520.4028776978416)",Neisseria,0,3814
"(635.1585365853658, 194.20731707317074)",Veillonella,0,3816
"(634.6507936507936, 558.4761904761905)",Corynebacterium,0,3817
"(642.2831858407079, 945.2654867256637)",Saccharibacteria,0,3818
"(633.3103448275862, 1492.6896551724137)",Neisseria,0,3820
"(635.0224719101124, 1740.943820224719)",Neisseria,0,3821
"(637.1630434782609, 158.08152173913044)",Veillonella,0,3823
"(634.8064516129032, 539.1935483870968)",Corynebacterium,0,3824
"(646.8848167539267, 1029.6492146596859)",Neisseria,0,3826
"(635.051724137931, 1871.655172413793)",Porphyromonas,0,3827
"(639.5909090909091, 23.375)",Selenomonas,0,3829
"(636.75, 51.15)",Neisseria,0,3830
"(636.3157894736842, 593.8947368421053)",Corynebacterium,0,3831
"(635.8088235294117, 920.4558823529412)",Porphyromonas,0,3832
"(641.2586206896551, 1131.6666666666667)",Neisseria,0,3833
"(641.6346153846154, 1316.974358974359)",Neisseria,0,3834
"(636.7539682539683, 1539.357142857143)",Neisseria,0,3835
"(638.8089887640449, 1888.6179775280898)",Fusobacterium,0,3836
"(639.7525773195877, 179.50515463917526)",Veillonella,0,3837
"(640.5259259259259, 376.0444444444444)",Veillonella,0,3838
"(647.375, 731.7777777777778)",Porphyromonas,0,3839
"(637.2280701754386, 1015.8947368421053)",Neisseria,0,3840
"(636.625, 1625.4375)",Veillonella,0,3841
"(638.8905109489051, 1706.4963503649635)",Veillonella,0,3842
"(638.7738095238095, 1771.0595238095239)",Veillonella,0,3843
"(639.7555555555556, 525.8666666666667)",Corynebacterium,0,3844
"(641.8990825688073, 635.2752293577981)",Fusobacterium,0,3845
"(639.1785714285714, 876.1309523809524)",Capnocytophaga,0,3846
"(639.1640625, 1442.2578125)",Neisseria,0,3848
"(638.5555555555555, 1996.2962962962963)",Porphyromonas,0,3850
"(639.4305555555555, 127.06944444444444)",Veillonella,0,3851
"(638.74, 223.4)",Actinomyces,0,3852
"(638.0533333333333, 318.0933333333333)",Veillonella,0,3853
"(638.8214285714286, 904.6071428571429)",Neisseria,0,3854
"(638.8676470588235, 1418.3823529411766)",Neisseria,0,3855
"(638.7012987012987, 1571.857142857143)",Veillonella,0,3856
"(641.1075949367089, 1651.1962025316457)",Veillonella,0,3857
"(641.4601769911504, 1855.6106194690265)",Fusobacterium,0,3858
"(642.375, 356.25)",Corynebacterium,0,3859
"(641.5762711864406, 454.4406779661017)",Streptococcus,0,3860
"(639.5454545454545, 829.8909090909091)",Capnocytophaga,0,3861
"(641.425, 1300.3375)",Neisseria,0,3862
"(639.71875, 1393.96875)",Neisseria,0,3863
"(641.6265060240963, 108.74698795180723)",Veillonella,0,3864
"(640.7614678899082, 211.55045871559633)",Actinomyces,0,3865
"(642.2151898734177, 617.2025316455696)",Corynebacterium,0,3868
"(644.1634615384615, 1481.2788461538462)",Neisseria,0,3869
"(646.24, 1722.272)",Veillonella,0,3870
"(645.5425531914893, 140.91489361702128)",Neisseria,0,3871
"(647.335403726708, 505.7950310559006)",Corynebacterium,0,3872
"(643.8048780487804, 1005.219512195122)",Treponema,0,3874
"(641.5616438356165, 1465.2876712328766)",Neisseria,0,3875
"(646.0993377483444, 254.51655629139074)",Actinomyces,0,3876
"(643.4047619047619, 1080.702380952381)",Veillonella,0,3877
"(646.3544303797469, 1353.3164556962026)",Neisseria,0,3878
"(645.2727272727273, 1612.7613636363637)",Veillonella,0,3879
"(643.3, 1676.6833333333334)",Veillonella,0,3880
"(643.1031746031746, 1754.7619047619048)",Neisseria,0,3881
"(649.7588652482269, 1787.886524822695)",Veillonella,0,3882
"(645.3472222222222, 1802.111111111111)",Actinomyces,0,3883
"(645.6434108527131, 1832.3333333333333)",Porphyromonas,0,3884
"(645.4117647058823, 1899.3382352941176)",Fusobacterium,0,3885
"(643.1914893617021, 339.01063829787233)",Corynebacterium,0,3886
"(644.3968253968254, 465.8888888888889)",Corynebacterium,0,3887
"(646.1779661016949, 545.2881355932203)",Corynebacterium,0,3888
"(655.5974025974026, 601.6796536796537)",Corynebacterium,0,3889
"(643.2068965517242, 769.9310344827586)",Treponema,0,3890
"(644.6388888888889, 1557.513888888889)",Veillonella,0,3891
"(644.8235294117648, 816.5588235294117)",Neisseria,0,3892
"(645.2342342342342, 980.6936936936937)",Saccharibacteria,0,3893
"(648.1477272727273, 1067.4204545454545)",Fusobacterium,0,3894
"(647.6162790697674, 70.46511627906976)",Neisseria,0,3895
"(646.25, 92.64285714285714)",Pasteurellaceae,0,3896
"(645.3818181818182, 199.96363636363637)",Veillonella,0,3897
"(646.7377049180328, 684.4262295081967)",Corynebacterium,0,3898
"(648.8165680473372, 788.5680473372781)",Neisseria,0,3899
"(648.0183486238532, 966.183486238532)",Saccharibacteria,0,3900
"(645.1186440677966, 1879.322033898305)",Porphyromonas,0,3901
"(645.9477611940298, 1918.813432835821)",Porphyromonas,0,3902
"(648.390243902439, 234.78048780487805)",Veillonella,0,3904
"(647.1384615384616, 286.7076923076923)",Veillonella,0,3905
"(650.7075471698113, 651.0377358490566)",Fusobacterium,0,3906
"(650.6, 1205.9689655172415)",Fusobacterium,0,3907
"(648.3563218390805, 1273.3103448275863)",Neisseria,0,3908
"(647.078125, 1332.03125)",Neisseria,0,3909
"(648.5802469135803, 1596.4444444444443)",Veillonella,0,3910
"(649.4561403508771, 1816.201754385965)",Fusobacterium,0,3911
"(648.44, 274.44)",Veillonella,0,3912
"(652.6549295774648, 302.5)",Pasteurellaceae,0,3913
"(651.5405405405405, 411.85135135135135)",Veillonella,0,3914
"(649.2428571428571, 699.0142857142857)",Corynebacterium,0,3915
"(647.1636363636363, 916.3636363636364)",Fusobacterium,0,3916
"(647.9054054054054, 1153.2972972972973)",Veillonella,0,3917
"(647.7564102564103, 1233.1410256410256)",Neisseria,0,3918
"(648.1460674157304, 1288.191011235955)",Neisseria,0,3919
"(652.2647058823529, 1412.9705882352941)",Neisseria,0,3920
"(648.8823529411765, 169.2549019607843)",Veillonella,0,3922
"(655.9312977099237, 426.44274809160305)",Actinomyces,0,3923
"(648.953125, 585.046875)",Treponema,0,3924
"(651.7581699346405, 1050.4705882352941)",Veillonella,0,3925
"(652.2647058823529, 345.8970588235294)",Corynebacterium,0,3928
"(649.6212121212121, 665.1212121212121)",Corynebacterium,0,3931
"(651.5977011494252, 1110.2931034482758)",Neisseria,0,3935
"(653.8303571428571, 1451.6517857142858)",Neisseria,0,3936
"(649.1029411764706, 1574.1617647058824)",Veillonella,0,3937
"(652.077922077922, 31.233766233766232)",Neisseria,0,3940
"(651.8243243243244, 49.12162162162162)",Actinomyces,0,3941
"(651.9527559055118, 322.4724409448819)",Pasteurellaceae,0,3942
"(654.6463414634146, 813.2926829268292)",Neisseria,0,3944
"(655.22, 1166.88)",Neisseria,0,3947
"(651.0983606557377, 1867.8852459016393)",Fusobacterium,0,3948
"(653.0652173913044, 864.6739130434783)",Fusobacterium,0,3950
"(654.5354330708661, 1181.5748031496064)",Fusobacterium,0,3951
"(652.5364238410596, 1382.7880794701987)",Neisseria,0,3952
"(652.7156862745098, 1540.950980392157)",Neisseria,0,3953
"(653.0794701986755, 1698.2781456953642)",Veillonella,0,3954
"(653.2923076923076, 188.15384615384616)",Pasteurellaceae,0,3955
"(653.7118644067797, 616.8983050847457)",Saccharibacteria,0,3956
"(653.655737704918, 1401.4590163934427)",Neisseria,0,3957
"(655.125, 1525.2833333333333)",Neisseria,0,3958
"(653.1698113207547, 1629.745283018868)",Veillonella,0,3959
"(652.5970149253732, 1772.2985074626865)",Veillonella,0,3960
"(655.9411764705883, 1943.235294117647)",Fusobacterium,0,3961
"(654.7682926829268, 119.60975609756098)",Selenomonas,0,3962
"(657.448275862069, 399.1264367816092)",Porphyromonas,0,3963
"(653.3076923076923, 574.8269230769231)",Corynebacterium,0,3965
"(663.6720430107526, 1010.8172043010753)",Treponema,0,3966
"(653.9833333333333, 1090.4)",Porphyromonas,0,3967
"(658.2079207920792, 5.405940594059406)",Veillonella,0,3969
"(655.0, 156.3235294117647)",Veillonella,0,3970
"(655.6375, 207.8125)",Veillonella,0,3971
"(658.360824742268, 1430.1134020618556)",Neisseria,0,3972
"(657.6829268292682, 1478.8170731707316)",Neisseria,0,3973
"(655.3220338983051, 1844.1016949152543)",Fusobacterium,0,3975
"(657.9629629629629, 373.18518518518516)",Veillonella,0,3976
"(658.2485207100592, 841.9822485207101)",Fusobacterium,0,3978
"(654.8636363636364, 892.969696969697)",Porphyromonas,0,3979
"(656.7850467289719, 995.607476635514)",Corynebacterium,0,3980
"(656.2602739726027, 1465.6438356164383)",Neisseria,0,3981
"(656.6071428571429, 96.5)",Veillonella,0,3982
"(660.9238095238095, 497.2952380952381)",Neisseria,0,3984
"(657.4659090909091, 529.6136363636364)",Actinomyces,0,3985
"(657.4137931034483, 547.1896551724138)",Corynebacterium,0,3986
"(656.9864864864865, 1314.5135135135135)",Neisseria,0,3987
"(657.8428571428572, 1613.2)",Veillonella,0,3988
"(660.9489795918367, 1882.0408163265306)",Porphyromonas,0,3990
"(659.056338028169, 223.49295774647888)",Neisseria,0,3991
"(659.2857142857143, 248.93506493506493)",Veillonella,0,3992
"(665.453781512605, 387.19747899159665)",Streptococcus,0,3993
"(658.0506329113924, 469.46835443037975)",Veillonella,0,3994
"(663.4844720496894, 927.7173913043479)",Fusobacterium,0,3995
"(658.5882352941177, 1361.514705882353)",Veillonella,0,3996
"(662.2990654205607, 78.72897196261682)",Selenomonas,0,3998
"(659.9540229885057, 135.73563218390805)",Veillonella,0,3999
"(659.22, 705.8)",Corynebacterium,0,4000
"(660.3809523809524, 752.0119047619048)",Veillonella,0,4001
"(665.7299578059071, 1912.2362869198312)",Fusobacterium,0,4003
"(663.3037037037037, 687.4222222222222)",Fusobacterium,0,4004
"(659.4494382022472, 1138.7977528089887)",Veillonella,0,4005
"(661.64, 1300.496)",Veillonella,0,4006
"(660.5340909090909, 1559.875)",Veillonella,0,4007
"(660.8395061728395, 1576.0617283950617)",Veillonella,0,4008
"(663.6095238095238, 43.78095238095238)",Neisseria,0,4009
"(663.3375, 336.7)",Fusobacterium,0,4010
"(666.2978723404256, 455.21276595744683)",Treponema,0,4011
"(663.0, 1279.2421052631578)",Neisseria,0,4014
"(661.3764705882353, 1330.6470588235295)",Neisseria,0,4015
"(664.4516129032259, 1658.4301075268818)",Veillonella,0,4017
"(665.2183098591549, 353.88732394366195)",Neisseria,0,4018
"(663.4301075268817, 824.9569892473119)",Neisseria,0,4020
"(661.9846153846154, 880.5384615384615)",Porphyromonas,0,4021
"(663.9811320754717, 1744.377358490566)",Corynebacterium,0,4023
"(669.0995670995671, 1834.2857142857142)",Fusobacterium,0,4025
"(662.6323529411765, 165.02941176470588)",Streptococcus,0,4026
"(664.8413793103448, 274.28275862068966)",Actinomyces,0,4027
"(667.4754098360655, 304.7950819672131)",Veillonella,0,4028
"(666.3108108108108, 620.8648648648649)",Corynebacterium,0,4029
"(663.5087719298245, 666.0350877192982)",Fusobacterium,0,4030
"(662.2535211267606, 973.9718309859155)",Saccharibacteria,0,4031
"(664.7971014492754, 1895.0434782608695)",Fusobacterium,0,4035
"(664.609756097561, 237.9512195121951)",Veillonella,0,4037
"(666.5480769230769, 516.7884615384615)",Neisseria,0,4038
"(665.4107142857143, 558.4642857142857)",Corynebacterium,0,4039
"(669.2131147540983, 583.6475409836065)",Corynebacterium,0,4040
"(664.3725490196078, 652.7647058823529)",Fusobacterium,0,4041
"(664.4051724137931, 721.1379310344828)",Fusobacterium,0,4042
"(667.578947368421, 1154.8315789473684)",Neisseria,0,4043
"(664.6666666666666, 1228.7066666666667)",Fusobacterium,0,4044
"(666.5365853658536, 1593.5691056910568)",Veillonella,0,4045
"(666.2954545454545, 322.1931818181818)",Veillonella,0,4048
"(665.3230769230769, 480.83076923076925)",Neisseria,0,4049
"(665.1044776119403, 772.1044776119403)",Neisseria,0,4050
"(665.0, 1027.6949152542372)",Corynebacterium,0,4051
"(668.6119402985074, 1213.1940298507463)",Fusobacterium,0,4052
"(665.3458646616541, 1375.5263157894738)",Neisseria,0,4053
"(664.5, 1405.5441176470588)",Neisseria,0,4054
"(664.6727272727272, 1860.9636363636364)",Porphyromonas,0,4055
"(667.7552447552448, 1116.9160839160838)",Treponema,0,4056
"(668.4888888888889, 1349.5111111111112)",Neisseria,0,4057
"(669.4876033057851, 1504.4462809917356)",Neisseria,0,4058
"(665.5593220338983, 1682.2711864406779)",Veillonella,0,4059
"(666.3882352941176, 1706.7529411764706)",Veillonella,0,4060
"(669.5034482758621, 1784.503448275862)",Veillonella,0,4061
"(675.2191780821918, 570.3972602739726)",Corynebacterium,0,4062
"(668.4311926605504, 1626.6880733944954)",Veillonella,0,4063
"(667.4683544303797, 1815.493670886076)",Veillonella,0,4064
"(675.2785714285715, 57.75)",Selenomonas,0,4065
"(668.1058823529412, 103.92941176470588)",Neisseria,0,4066
"(667.7662337662338, 183.33766233766235)",Actinomyces,0,4067
"(673.0759493670886, 195.51898734177215)",Veillonella,0,4068
"(668.528735632184, 431.0919540229885)",Neisseria,0,4069
"(667.7808219178082, 808.6438356164383)",Neisseria,0,4070
"(682.0622009569378, 869.9712918660288)",Neisseria,0,4071
"(668.1785714285714, 914.1607142857143)",Campylobacter,0,4073
"(668.7037037037037, 956.7870370370371)",Neisseria,0,4074
"(672.1656441717791, 1542.2883435582821)",Neisseria,0,4075
"(680.8739837398374, 1645.780487804878)",Veillonella,0,4076
"(669.4943820224719, 116.59550561797752)",Veillonella,0,4077
"(669.7317073170732, 540.9146341463414)",Actinomyces,0,4078
"(671.8120805369127, 1088.6241610738255)",Veillonella,0,4079
"(669.4, 1102.9454545454546)",Veillonella,0,4080
"(673.981308411215, 1608.96261682243)",Neisseria,0,4081
"(672.8776978417267, 13.151079136690647)",Neisseria,0,4082
"(671.9741379310345, 637.7241379310345)",Corynebacterium,0,4083
"(671.7672413793103, 700.3965517241379)",Fusobacterium,0,4084
"(670.4142857142857, 1417.4)",Neisseria,0,4085
"(670.0793650793651, 1454.3968253968253)",Neisseria,0,4086
"(672.5096153846154, 1520.5673076923076)",Neisseria,0,4087
"(670.5915492957746, 36.91549295774648)",Neisseria,0,4088
"(673.6105263157895, 258.7263157894737)",Actinomyces,0,4089
"(673.3333333333334, 671.2888888888889)",Fusobacterium,0,4090
"(674.5353535353536, 853.3737373737374)",Fusobacterium,0,4091
"(675.5777777777778, 887.8666666666667)",Corynebacterium,0,4092
"(672.1590909090909, 1322.7954545454545)",Neisseria,0,4094
"(672.7457627118644, 1362.6949152542372)",Neisseria,0,4095
"(670.8153846153846, 1469.2769230769231)",Actinomyces,0,4096
"(671.35, 1937.69)",Fusobacterium,0,4097
"(672.0519480519481, 216.96103896103895)",Pasteurellaceae,0,4098
"(674.5858585858585, 492.64646464646466)",Neisseria,0,4099
"(674.078947368421, 728.75)",Fusobacterium,0,4100
"(674.1951219512196, 752.3414634146342)",Fusobacterium,0,4101
"(672.3703703703703, 980.358024691358)",Neisseria,0,4102
"(674.0941176470589, 994.7176470588236)",Streptococcus,0,4103
"(672.8648648648649, 133.3783783783784)",Veillonella,0,4104
"(673.8648648648649, 1141.1351351351352)",Neisseria,0,4105
"(675.3975155279503, 1169.7329192546583)",Neisseria,0,4106
"(673.5, 1389.9516129032259)",Neisseria,0,4107
"(675.0289855072464, 1718.1304347826087)",Veillonella,0,4109
"(675.3559322033898, 91.79661016949153)",Actinomyces,0,4110
"(678.5407407407407, 1042.437037037037)",Neisseria,0,4112
"(680.6666666666666, 1057.094017094017)",Neisseria,0,4113
"(673.6101694915254, 1126.1694915254238)",Veillonella,0,4114
"(680.3893805309734, 1339.646017699115)",Actinomyces,0,4115
"(682.1656441717791, 1582.7546012269938)",Veillonella,0,4116
"(674.3378378378378, 1733.7297297297298)",Veillonella,0,4117
"(673.5494505494505, 1762.1868131868132)",Neisseria,0,4118
"(676.1632653061224, 1949.0816326530612)",Porphyromonas,0,4119
"(675.7794117647059, 369.1029411764706)",Neisseria,0,4120
"(678.9, 906.73)",Fusobacterium,0,4121
"(675.5416666666666, 1072.6944444444443)",Veillonella,0,4122
"(680.4384615384615, 1290.1)",Neisseria,0,4123
"(680.6236559139785, 1443.258064516129)",Neisseria,0,4124
"(680.6092715231788, 1560.2119205298013)",Veillonella,0,4125
"(677.1057692307693, 1669.9615384615386)",Veillonella,0,4126
"(678.75, 418.2625)",Neisseria,0,4127
"(675.8928571428571, 445.3809523809524)",Neisseria,0,4128
"(678.3109243697479, 774.655462184874)",Prevotella,0,4129
"(676.390625, 1301.734375)",Veillonella,0,4130
"(678.4146341463414, 1401.9512195121952)",Neisseria,0,4131
"(675.4411764705883, 1863.4117647058824)",Porphyromonas,0,4132
"(679.2558139534884, 511.0232558139535)",Neisseria,0,4134
"(679.1284403669724, 654.6880733944954)",Fusobacterium,0,4135
"(680.1777777777778, 1480.5444444444445)",Neisseria,0,4136
"(678.1372549019608, 30.862745098039216)",Neisseria,0,4137
"(682.7981220657277, 74.24413145539906)",Veillonella,0,4138
"(679.7921348314607, 159.56179775280899)",Corynebacterium,0,4139
"(678.3943661971831, 229.2394366197183)",Veillonella,0,4140
"(678.1774193548387, 528.758064516129)",Veillonella,0,4141
"(678.5434782608696, 606.1086956521739)",Corynebacterium,0,4142
"(681.104, 839.688)",Veillonella,0,4143
"(680.939024390244, 1428.2682926829268)",Neisseria,0,4144
"(678.1967213114754, 1797.3934426229507)",Neisseria,0,4145
"(681.7790055248619, 1877.8232044198894)",Porphyromonas,0,4146
"(683.1090909090909, 325.5)",Veillonella,0,4148
"(680.4705882352941, 242.91176470588235)",Veillonella,0,4149
"(680.4285714285714, 314.25396825396825)",Neisseria,0,4150
"(680.2054794520548, 473.6575342465753)",Actinomyces,0,4151
"(681.7666666666667, 593.3333333333334)",Treponema,0,4152
"(680.9873417721519, 795.2911392405064)",Corynebacterium,0,4153
"(686.2905405405405, 806.0878378378378)",Actinomyces,0,4154
"(687.6, 999.5764705882353)",Corynebacterium,0,4155
"(680.8987341772151, 1023.6708860759494)",Veillonella,0,4156
"(682.7350427350427, 1383.5726495726497)",Neisseria,0,4157
"(681.9051094890511, 1687.8832116788321)",Veillonella,0,4158
"(680.6612903225806, 111.91935483870968)",Corynebacterium,0,4159
"(680.493670886076, 816.8987341772151)",Neisseria,0,4161
"(682.2977099236641, 1229.0534351145038)",Streptococcus,0,4162
"(680.9902912621359, 1902.3592233009708)",Fusobacterium,0,4163
"(687.5388888888889, 282.1)",Veillonella,0,4164
"(684.6744186046511, 377.22093023255815)",Neisseria,0,4165
"(686.8235294117648, 555.2132352941177)",Porphyromonas,0,4166
"(684.0366972477065, 1600.9724770642201)",Pasteurellaceae,0,4167
"(682.7011494252873, 1628.5172413793102)",Veillonella,0,4168
"(684.2613636363636, 1751.3295454545455)",Neisseria,0,4169
"(681.6896551724138, 1814.4655172413793)",Fusobacterium,0,4170
"(689.0388888888889, 1850.6555555555556)",Porphyromonas,0,4171
"(686.7952755905512, 43.07086614173228)",Streptococcus,0,4172
"(684.716049382716, 175.7037037037037)",Actinomyces,0,4173
"(685.3298969072165, 618.1443298969073)",Porphyromonas,0,4174
"(685.4742268041238, 1275.2886597938145)",Saccharibacteria,0,4175
"(682.7450980392157, 1355.9411764705883)",Prevotella,0,4176
"(682.8867924528302, 1925.2075471698113)",Porphyromonas,0,4177
"(684.2075471698113, 1958.6792452830189)",Streptococcus,0,4178
"(684.0806451612904, 139.30645161290323)",Pasteurellaceae,0,4179
"(689.3315508021391, 735.9465240641712)",Treponema,0,4180
"(683.5975609756098, 916.2926829268292)",Fusobacterium,0,4181
"(688.0350877192982, 1216.4473684210527)",Treponema,0,4182
"(683.4623655913979, 1462.4086021505377)",Neisseria,0,4183
"(684.952380952381, 1514.4920634920634)",Neisseria,0,4184
"(685.1960784313726, 124.82352941176471)",Selenomonas,0,4185
"(686.1612903225806, 363.2741935483871)",Veillonella,0,4186
"(685.5340909090909, 431.875)",Veillonella,0,4187
"(684.71875, 711.046875)",Fusobacterium,0,4188
"(686.1379310344828, 1117.7356321839081)",Veillonella,0,4189
"(690.1304347826087, 1154.8521739130435)",Veillonella,0,4190
"(685.9864864864865, 1711.2837837837837)",Veillonella,0,4191
"(686.2903225806451, 1771.9193548387098)",Saccharibacteria,0,4192
"(685.9066666666666, 1829.3066666666666)",Porphyromonas,0,4193
"(687.4158415841584, 393.4752475247525)",Neisseria,0,4194
"(686.3333333333334, 460.74603174603175)",Actinomyces,0,4195
"(688.2674418604652, 927.8139534883721)",Fusobacterium,0,4196
"(688.3558282208589, 980.1840490797546)",Fusobacterium,0,4197
"(688.71, 1103.69)",Neisseria,0,4198
"(689.566037735849, 1139.0188679245282)",Neisseria,0,4199
"(688.3977272727273, 1310.625)",Pasteurellaceae,0,4200
"(689.6875, 23.166666666666668)",Neisseria,0,4201
"(689.434065934066, 206.98901098901098)",Veillonella,0,4202
"(688.9423076923077, 538.7019230769231)",Veillonella,0,4203
"(687.3714285714286, 1727.6285714285714)",Neisseria,0,4205
"(689.4150943396227, 1914.0188679245282)",Fusobacterium,0,4206
"(689.560975609756, 408.4390243902439)",Neisseria,0,4207
"(689.5168539325842, 892.4157303370787)",Treponema,0,4210
"(695.0862944162436, 942.8781725888325)",Fusobacterium,0,4211
"(690.8468468468468, 1327.8108108108108)",Neisseria,0,4212
"(688.2894736842105, 1367.8157894736842)",Streptococcus,0,4213
"(691.304347826087, 1415.27950310559)",Neisseria,0,4214
"(694.136, 95.964)",Corynebacterium,0,4215
"(688.9090909090909, 265.1515151515151)",Veillonella,0,4216
"(692.8813559322034, 581.2457627118644)",Treponema,0,4217
"(690.2282608695652, 754.6086956521739)",Fusobacterium,0,4218
"(689.5, 961.4102564102565)",Fusobacterium,0,4219
"(688.5849056603773, 1083.9811320754718)",Veillonella,0,4220
"(687.9090909090909, 1487.4363636363637)",Neisseria,0,4221
"(691.6197183098592, 1741.225352112676)",Actinomyces,0,4222
"(690.7313432835821, 117.82089552238806)",Veillonella,0,4223
"(689.741935483871, 186.06451612903226)",Actinomyces,0,4224
"(692.3559322033898, 216.96610169491527)",Neisseria,0,4225
"(690.758064516129, 251.80645161290323)",Pasteurellaceae,0,4226
"(688.625, 300.85714285714283)",Neisseria,0,4227
"(692.4638554216867, 342.45180722891564)",Veillonella,0,4228
"(692.3161764705883, 680.4044117647059)",Corynebacterium,0,4229
"(694.31875, 695.53125)",Neisseria,0,4230
"(693.4227642276422, 824.780487804878)",Neisseria,0,4232
"(691.2203389830509, 851.0169491525423)",Veillonella,0,4233
"(689.15, 1069.7666666666667)",Veillonella,0,4234
"(694.3130699088146, 1179.80547112462)",Neisseria,0,4235
"(694.6209150326797, 1203.3660130718954)",Neisseria,0,4236
"(690.6567164179105, 767.0746268656717)",Fusobacterium,0,4238
"(692.3636363636364, 1497.8961038961038)",Neisseria,0,4239
"(691.8018867924528, 1540.0754716981132)",Veillonella,0,4240
"(691.3880597014926, 1814.0597014925372)",Fusobacterium,0,4241
"(691.9861111111111, 1995.4166666666667)",Porphyromonas,0,4242
"(694.6744186046511, 487.72093023255815)",Corynebacterium,0,4245
"(694.068493150685, 1260.6301369863013)",Saccharibacteria,0,4246
"(692.9885057471264, 1671.4022988505747)",Veillonella,0,4247
"(691.5980392156863, 1895.313725490196)",Porphyromonas,0,4248
"(696.5083798882681, 1951.7765363128492)",Fusobacterium,0,4249
"(692.9761904761905, 521.7619047619048)",Pasteurellaceae,0,4250
"(697.0909090909091, 567.1313131313132)",Fusobacterium,0,4251
"(696.0162162162162, 650.3459459459459)",Fusobacterium,0,4252
"(695.7127659574468, 1523.968085106383)",Neisseria,0,4253
"(695.6266666666667, 1612.7333333333333)",Veillonella,0,4254
"(694.3529411764706, 1931.8)",Porphyromonas,0,4255
"(694.25, 146.05263157894737)",Actinomyces,0,4256
"(695.4356435643564, 1033.4554455445545)",Neisseria,0,4257
"(698.3692307692307, 1275.8538461538462)",Actinomyces,0,4258
"(697.7589285714286, 1565.3839285714287)",Veillonella,0,4259
"(698.2561983471074, 1759.4297520661157)",Neisseria,0,4260
"(693.9196428571429, 1788.0892857142858)",Corynebacterium,0,4261
"(693.8285714285714, 1802.2857142857142)",Fusobacterium,0,4262
"(695.8695652173913, 614.2028985507246)",Streptococcus,0,4263
"(696.056338028169, 719.8450704225352)",Porphyromonas,0,4264
"(694.4905660377359, 1344.3396226415093)",Treponema,0,4265
"(699.464, 1301.072)",Actinomyces,0,4266
"(700.4453781512605, 241.07563025210084)",Veillonella,0,4267
"(699.2482269503546, 314.41843971631204)",Veillonella,0,4268
"(697.6, 472.2153846153846)",Actinomyces,0,4269
"(698.4298245614035, 596.2719298245614)",Porphyromonas,0,4270
"(698.7640449438202, 881.1573033707865)",Neisseria,0,4271
"(702.7731958762887, 919.9484536082474)",Capnocytophaga,0,4272
"(701.1555555555556, 1058.2166666666667)",Veillonella,0,4273
"(705.3348837209302, 1090.6232558139534)",Treponema,0,4274
"(697.8014184397163, 1433.8439716312057)",Neisseria,0,4275
"(702.7843137254902, 1472.078431372549)",Neisseria,0,4276
"(698.2818181818182, 844.1272727272727)",Veillonella,0,4277
"(707.8015873015873, 1015.3333333333334)",Treponema,0,4278
"(699.2234636871508, 1397.854748603352)",Neisseria,0,4279
"(698.4742268041238, 1872.4020618556701)",Porphyromonas,0,4280
"(700.6440677966102, 295.1525423728813)",Veillonella,0,4281
"(698.3508771929825, 417.0)",Leptotrichia,0,4282
"(700.3232323232323, 444.25252525252523)",Neisseria,0,4283
"(701.0240963855422, 777.4578313253012)",Fusobacterium,0,4284
"(700.2873563218391, 906.9425287356322)",Fusobacterium,0,4285
"(699.5357142857143, 1360.4642857142858)",Neisseria,0,4286
"(703.3617021276596, 1552.5744680851064)",Veillonella,0,4287
"(699.3857142857142, 1705.7142857142858)",Veillonella,0,4288
"(700.5294117647059, 176.41176470588235)",Veillonella,0,4289
"(699.9444444444445, 196.44444444444446)",Veillonella,0,4290
"(699.3030303030303, 1453.3939393939395)",Neisseria,0,4292
"(703.8046875, 1834.3671875)",Porphyromonas,0,4293
"(702.513698630137, 60.678082191780824)",Actinomyces,0,4295
"(703.5227272727273, 275.53409090909093)",Selenomonas,0,4296
"(701.3296703296703, 380.7692307692308)",Veillonella,0,4297
"(703.9416666666667, 511.1166666666667)",Neisseria,0,4298
"(700.6363636363636, 794.9090909090909)",Porphyromonas,0,4299
"(701.4303797468355, 1125.9493670886077)",Veillonella,0,4300
"(701.0, 1624.1315789473683)",Veillonella,0,4301
"(702.3205128205128, 1658.179487179487)",Veillonella,0,4302
"(701.3220338983051, 1818.949152542373)",Fusobacterium,0,4303
"(701.3333333333334, 1923.037037037037)",Fusobacterium,0,4304
"(702.2820512820513, 161.03846153846155)",Actinomyces,0,4305
"(710.2258064516129, 464.1326164874552)",Neisseria,0,4307
"(704.9326923076923, 543.6538461538462)",Veillonella,0,4308
"(703.0128205128206, 969.4102564102565)",Fusobacterium,0,4309
"(703.4615384615385, 1884.6461538461538)",Porphyromonas,0,4310
"(703.531914893617, 1988.9893617021276)",Porphyromonas,0,4311
"(704.3648648648649, 76.39189189189189)",Actinomyces,0,4312
"(702.964705882353, 133.03529411764706)",Neisseria,0,4313
"(703.93006993007, 1594.048951048951)",Neisseria,0,4315
"(705.3636363636364, 1681.8961038961038)",Veillonella,0,4316
"(702.0776699029126, 1729.0679611650485)",Veillonella,0,4317
"(703.4090909090909, 1970.1818181818182)",Porphyromonas,0,4319
"(704.0833333333334, 528.7)",Actinomyces,0,4320
"(710.5978260869565, 1319.7391304347825)",Neisseria,0,4321
"(705.3265306122449, 1489.9897959183672)",Neisseria,0,4322
"(705.0196078431372, 41.71568627450981)",Actinomyces,0,4324
"(709.5340909090909, 809.6704545454545)",Fusobacterium,0,4326
"(705.1384615384616, 982.3538461538461)",Porphyromonas,0,4327
"(703.2526315789473, 1244.0631578947368)",Fusobacterium,0,4328
"(708.8736263736264, 1347.3791208791208)",Neisseria,0,4329
"(710.8527607361963, 1639.7361963190185)",Veillonella,0,4330
"(705.6794871794872, 1773.5128205128206)",Veillonella,0,4331
"(705.9397590361446, 1794.1927710843374)",Streptococcus,0,4332
"(705.4366197183099, 1851.3239436619717)",Fusobacterium,0,4333
"(708.3855421686746, 1938.6626506024097)",Porphyromonas,0,4335
"(705.8383838383838, 340.050505050505)",Veillonella,0,4336
"(707.3483146067416, 364.65168539325845)",Veillonella,0,4337
"(711.436170212766, 402.4255319148936)",Neisseria,0,4338
"(713.4187192118227, 430.90147783251234)",Neisseria,0,4339
"(713.8776371308016, 566.3544303797469)",Fusobacterium,0,4340
"(708.7426470588235, 861.8676470588235)",Fusobacterium,0,4342
"(710.5275590551181, 1286.6535433070867)",Neisseria,0,4344
"(711.1959459459459, 1528.6824324324325)",Neisseria,0,4345
"(708.2575757575758, 111.81818181818181)",Corynebacterium,0,4346
"(710.6458333333334, 625.4270833333334)",Fusobacterium,0,4347
"(707.1666666666666, 1508.388888888889)",Neisseria,0,4348
"(709.675925925926, 1895.0185185185185)",Porphyromonas,0,4349
"(708.5966386554621, 493.7647058823529)",Porphyromonas,0,4351
"(709.2127659574468, 765.2340425531914)",Fusobacterium,0,4352
"(710.5384615384615, 989.7032967032967)",Fusobacterium,0,4353
"(707.7222222222222, 1147.0277777777778)",Streptococcus,0,4354
"(709.6235294117647, 1219.835294117647)",Veillonella,0,4355
"(709.1410256410256, 1580.7820512820513)",Neisseria,0,4356
"(717.7347670250896, 708.0860215053764)",Fusobacterium,0,4358
"(712.162962962963, 1040.2444444444445)",Neisseria,0,4359
"(710.7439024390244, 1713.9024390243903)",Neisseria,0,4360
"(712.7, 149.7)",Actinomyces,0,4361
"(710.8055555555555, 752.5555555555555)",Fusobacterium,0,4363
"(711.1076923076923, 786.0307692307692)",Fusobacterium,0,4364
"(709.7727272727273, 932.7272727272727)",Fusobacterium,0,4365
"(713.5747126436781, 1107.9080459770114)",Neisseria,0,4366
"(713.1931034482759, 1744.448275862069)",Neisseria,0,4367
"(711.4920634920635, 28.317460317460316)",Porphyromonas,0,4368
"(712.2470588235294, 195.7764705882353)",Veillonella,0,4369
"(712.7121212121212, 286.6060606060606)",Streptococcus,0,4370
"(712.1527777777778, 301.27777777777777)",Streptococcus,0,4371
"(710.9880952380952, 584.5595238095239)",Porphyromonas,0,4372
"(711.2631578947369, 607.8157894736842)",Fusobacterium,0,4373
"(711.6111111111111, 1069.3555555555556)",Veillonella,0,4374
"(714.203007518797, 1267.172932330827)",Veillonella,0,4375
"(712.2786885245902, 1443.532786885246)",Neisseria,0,4376
"(713.5793650793651, 1614.7142857142858)",Veillonella,0,4377
"(714.1057692307693, 11.85576923076923)",Streptococcus,0,4378
"(712.6792452830189, 266.62264150943395)",Veillonella,0,4379
"(718.8133971291866, 337.85645933014354)",Veillonella,0,4380
"(711.4545454545455, 649.9454545454546)",Fusobacterium,0,4381
"(711.3, 693.2)",Fusobacterium,0,4382
"(716.0643274853801, 732.0409356725146)",Treponema,0,4383
"(714.112426035503, 842.1479289940828)",Fusobacterium,0,4384
"(712.1636363636363, 907.8)",Fusobacterium,0,4385
"(719.1204188481676, 1174.4293193717278)",Neisseria,0,4387
"(712.7534246575342, 1207.3424657534247)",Veillonella,0,4388
"(711.5070422535211, 1809.380281690141)",Porphyromonas,0,4390
"(714.8227848101266, 90.62025316455696)",Actinomyces,0,4391
"(721.35, 313.98571428571427)",Streptococcus,0,4392
"(713.1785714285714, 1240.607142857143)",Neisseria,0,4393
"(713.656, 1462.752)",Neisseria,0,4394
"(715.5471698113207, 1854.566037735849)",Fusobacterium,0,4395
"(716.8037974683544, 1977.9303797468353)",Fusobacterium,0,4396
"(715.3176470588236, 253.47058823529412)",Pasteurellaceae,0,4397
"(714.953125, 675.484375)",Fusobacterium,0,4398
"(717.7753623188406, 885.5434782608696)",Fusobacterium,0,4399
"(716.2093023255813, 943.8023255813954)",Fusobacterium,0,4400
"(713.955223880597, 1399.6716417910447)",Neisseria,0,4401
"(719.4166666666666, 1565.5185185185185)",Neisseria,0,4402
"(718.8132530120482, 1819.9096385542168)",Porphyromonas,0,4403
"(714.4642857142857, 1921.1190476190477)",Fusobacterium,0,4405
"(714.4492753623189, 102.4927536231884)",Saccharibacteria,0,4406
"(715.6888888888889, 232.82222222222222)",Selenomonas,0,4407
"(717.0140845070423, 391.22535211267603)",Veillonella,0,4408
"(720.0714285714286, 1128.6369047619048)",Actinomyces,0,4410
"(716.5221238938053, 1873.0530973451328)",Fusobacterium,0,4411
"(714.6630434782609, 1959.0108695652175)",Porphyromonas,0,4412
"(717.3484848484849, 590.7272727272727)",Fusobacterium,0,4413
"(724.7061224489796, 1162.2408163265306)",Neisseria,0,4414
"(715.4719101123595, 1188.4044943820224)",Veillonella,0,4415
"(720.2355072463768, 1662.5289855072465)",Neisseria,0,4416
"(719.256157635468, 126.5615763546798)",Neisseria,0,4417
"(721.004761904762, 1380.7666666666667)",Neisseria,0,4418
"(721.062015503876, 1414.5038759689924)",Neisseria,0,4419
"(720.4625, 1995.3875)",Porphyromonas,0,4420
"(717.5194805194806, 66.85714285714286)",Neisseria,0,4421
"(719.609756097561, 165.1951219512195)",Selenomonas,0,4422
"(718.8991596638656, 448.8067226890756)",Neisseria,0,4423
"(720.0481927710844, 522.9638554216867)",Streptococcus,0,4424
"(718.7, 602.84)",Corynebacterium,0,4425
"(720.5130434782609, 974.9652173913043)",Fusobacterium,0,4427
"(724.2540983606557, 1333.6065573770493)",Neisseria,0,4428
"(720.2845528455284, 1784.6504065040651)",Actinomyces,0,4429
"(721.6394557823129, 482.29931972789115)",Neisseria,0,4430
"(725.1231884057971, 535.2391304347826)",Veillonella,0,4431
"(720.2647058823529, 642.5588235294117)",Fusobacterium,0,4432
"(720.4347826086956, 1578.2463768115942)",Neisseria,0,4433
"(720.2028985507246, 1692.0)",Veillonella,0,4434
"(722.1349693251534, 1761.9079754601228)",Veillonella,0,4436
"(721.7563025210084, 1909.2521008403362)",Porphyromonas,0,4437
"(721.978947368421, 804.8421052631579)",Fusobacterium,0,4440
"(719.4098360655738, 823.655737704918)",Streptococcus,0,4441
"(720.188679245283, 1230.9433962264152)",Neisseria,0,4442
"(718.7931034482758, 1501.1379310344828)",Neisseria,0,4443
"(723.1844660194175, 1722.6019417475727)",Veillonella,0,4444
"(722.8602150537635, 863.6344086021505)",Fusobacterium,0,4445
"(726.0387596899225, 988.3255813953489)",Fusobacterium,0,4447
"(722.6, 1300.825)",Actinomyces,0,4448
"(721.9615384615385, 1351.8589743589744)",Neisseria,0,4449
"(727.5253164556962, 1431.7151898734178)",Neisseria,0,4450
"(724.5631067961165, 1515.3203883495146)",Neisseria,0,4451
"(722.5151515151515, 1543.8939393939395)",Veillonella,0,4452
"(721.1129032258065, 1840.4032258064517)",Fusobacterium,0,4453
"(729.0166666666667, 202.79444444444445)",Selenomonas,0,4454
"(721.8392857142857, 382.35714285714283)",Neisseria,0,4455
"(724.5076923076923, 742.0461538461539)",Fusobacterium,0,4456
"(722.6538461538462, 768.4807692307693)",Fusobacterium,0,4457
"(722.2461538461539, 898.4153846153846)",Fusobacterium,0,4458
"(725.5392156862745, 1934.5196078431372)",Porphyromonas,0,4462
"(726.2362204724409, 785.9527559055118)",Fusobacterium,0,4463
"(725.4933333333333, 910.92)",Fusobacterium,0,4464
"(723.7777777777778, 1056.0444444444445)",Fusobacterium,0,4465
"(723.8319327731092, 1488.3865546218487)",Neisseria,0,4466
"(723.9684210526316, 29.726315789473684)",Veillonella,0,4467
"(727.9427083333334, 413.5625)",Treponema,0,4468
"(724.4, 549.0)",Streptococcus,0,4469
"(726.3364485981308, 618.373831775701)",Porphyromonas,0,4470
"(724.7156862745098, 952.7647058823529)",Fusobacterium,0,4471
"(727.362831858407, 1199.2389380530974)",Veillonella,0,4473
"(726.12, 1797.2933333333333)",Streptococcus,0,4474
"(723.4237288135594, 1892.5593220338983)",Fusobacterium,0,4476
"(725.3709677419355, 79.20967741935483)",Neisseria,0,4477
"(726.28125, 505.20625)",Veillonella,0,4478
"(726.9411764705883, 1240.8588235294117)",Treponema,0,4480
"(728.1071428571429, 1883.4910714285713)",Fusobacterium,0,4481
"(726.578125, 830.578125)",Fusobacterium,0,4482
"(724.8461538461538, 1035.173076923077)",Fusobacterium,0,4483
"(726.1, 1704.8)",Neisseria,0,4484
"(729.0787401574803, 101.54330708661418)",Neisseria,0,4486
"(732.6223776223776, 178.82517482517483)",Veillonella,0,4487
"(726.5507246376811, 224.6231884057971)",Actinomyces,0,4488
"(727.934065934066, 1005.6923076923077)",Fusobacterium,0,4491
"(727.289156626506, 1075.3855421686746)",Veillonella,0,4492
"(729.7575757575758, 1359.3838383838383)",Neisseria,0,4493
"(727.546511627907, 1596.406976744186)",Veillonella,0,4494
"(727.4444444444445, 1958.7037037037037)",Porphyromonas,0,4495
"(730.6758241758242, 663.8241758241758)",Fusobacterium,0,4496
"(727.7333333333333, 1138.9666666666667)",Actinomyces,0,4497
"(726.9714285714285, 1219.7428571428572)",Veillonella,0,4498
"(727.5892857142857, 1287.892857142857)",Neisseria,0,4499
"(731.5153374233129, 1450.0920245398772)",Neisseria,0,4500
"(730.9421487603306, 66.38842975206612)",Actinomyces,0,4501
"(728.4126984126984, 150.14285714285714)",Neisseria,0,4502
"(730.3846153846154, 330.2649572649573)",Veillonella,0,4503
"(729.4248366013072, 1625.1699346405228)",Pasteurellaceae,0,4506
"(729.3770491803278, 282.8196721311475)",Veillonella,0,4507
"(736.4009216589861, 568.1612903225806)",Porphyromonas,0,4508
"(735.28, 817.408)",Fusobacterium,0,4509
"(728.1764705882352, 1272.921568627451)",Saccharibacteria,0,4511
"(733.1985294117648, 1472.0073529411766)",Neisseria,0,4512
"(729.2181818181818, 1920.3818181818183)",Porphyromonas,0,4514
"(733.234693877551, 378.14285714285717)",Neisseria,0,4515
"(736.3247422680413, 634.4948453608248)",Corynebacterium,0,4516
"(736.0194174757281, 1022.2815533980582)",Fusobacterium,0,4518
"(732.9640287769785, 1113.6187050359713)",Neisseria,0,4519
"(731.978947368421, 1642.4315789473685)",Pasteurellaceae,0,4520
"(731.9215686274509, 1828.7058823529412)",Porphyromonas,0,4521
"(731.75, 1857.0185185185185)",Fusobacterium,0,4522
"(732.2258064516129, 240.95967741935485)",Pasteurellaceae,0,4524
"(732.59375, 719.625)",Fusobacterium,0,4525
"(738.1418439716313, 842.6524822695036)",Fusobacterium,0,4526
"(731.1764705882352, 875.3529411764706)",Fusobacterium,0,4527
"(733.3936170212766, 1554.6170212765958)",Neisseria,0,4528
"(734.5092592592592, 18.75925925925926)",Gemella,0,4529
"(734.0340909090909, 123.63636363636364)",Neisseria,0,4530
"(731.7121212121212, 448.54545454545456)",Saccharibacteria,0,4531
"(734.8490566037735, 1402.698113207547)",Neisseria,0,4533
"(735.7810218978102, 1525.8394160583941)",Neisseria,0,4534
"(734.4545454545455, 1676.6931818181818)",Veillonella,0,4535
"(734.7093023255813, 46.81395348837209)",Veillonella,0,4537
"(734.1612903225806, 355.7096774193548)",Neisseria,0,4538
"(737.1195652173913, 423.5652173913044)",Treponema,0,4539
"(734.6567164179105, 743.2835820895523)",Corynebacterium,0,4540
"(734.5943396226415, 1091.933962264151)",Veillonella,0,4541
"(737.8588235294118, 139.09411764705882)",Veillonella,0,4542
"(736.6228070175439, 296.9824561403509)",Neisseria,0,4543
"(734.8524590163935, 761.6065573770492)",Fusobacterium,0,4545
"(735.2096774193549, 858.241935483871)",Porphyromonas,0,4546
"(735.8245614035088, 1575.9122807017543)",Neisseria,0,4547
"(740.3412698412699, 1799.8333333333333)",Fusobacterium,0,4548
"(738.0, 348.1449275362319)",Actinomyces,0,4549
"(737.0581395348837, 584.0232558139535)",Fusobacterium,0,4551
"(736.9122807017544, 914.561403508772)",Fusobacterium,0,4552
"(736.3333333333334, 940.6857142857143)",Fusobacterium,0,4553
"(750.3264781491002, 1040.1285347043702)",Fusobacterium,0,4554
"(738.4565217391304, 1246.141304347826)",Neisseria,0,4555
"(735.0, 1492.0)",Neisseria,0,4556
"(738.2, 1505.0111111111112)",Neisseria,0,4557
"(736.2409638554217, 1736.566265060241)",Veillonella,0,4558
"(739.4725274725274, 224.0989010989011)",Pasteurellaceae,0,4559
"(740.8552631578947, 681.546052631579)",Fusobacterium,0,4561
"(737.578125, 772.3125)",Treponema,0,4562
"(736.1428571428571, 1013.4464285714286)",Fusobacterium,0,4563
"(737.5661764705883, 1262.7426470588234)",Corynebacterium,0,4564
"(737.1147540983607, 1389.049180327869)",Neisseria,0,4565
"(736.6704545454545, 1981.465909090909)",Porphyromonas,0,4567
"(739.5370370370371, 479.962962962963)",Veillonella,0,4569
"(737.8461538461538, 612.2307692307693)",Porphyromonas,0,4570
"(739.2361111111111, 894.2916666666666)",Porphyromonas,0,4571
"(736.4179104477612, 967.7462686567164)",Fusobacterium,0,4572
"(737.9857142857143, 1343.2285714285715)",Neisseria,0,4573
"(739.3771929824561, 1372.8157894736842)",Neisseria,0,4574
"(739.0480769230769, 1700.9326923076924)",Neisseria,0,4575
"(740.6687116564417, 1754.3742331288342)",Neisseria,0,4576
"(740.44, 1892.9933333333333)",Fusobacterium,0,4577
"(739.9722222222222, 521.5138888888889)",Pasteurellaceae,0,4580
"(738.3207547169811, 536.5849056603773)",Veillonella,0,4581
"(742.3333333333334, 601.025641025641)",Porphyromonas,0,4582
"(739.6534653465346, 791.5544554455446)",Fusobacterium,0,4583
"(740.1294117647059, 995.2352941176471)",Fusobacterium,0,4584
"(738.2982456140351, 1212.578947368421)",Neisseria,0,4585
"(739.2236842105264, 1324.328947368421)",Neisseria,0,4586
"(738.8301886792453, 1815.3962264150944)",Fusobacterium,0,4587
"(741.1, 33.016666666666666)",Streptococcus,0,4588
"(744.3225806451613, 93.34838709677419)",Veillonella,0,4589
"(740.546511627907, 155.7325581395349)",Actinomyces,0,4590
"(740.3333333333334, 307.4347826086956)",Neisseria,0,4591
"(743.231884057971, 459.3188405797101)",Neisseria,0,4592
"(741.2717391304348, 552.8478260869565)",Actinomyces,0,4593
"(741.6039603960396, 705.3069306930693)",Fusobacterium,0,4595
"(743.5167464114833, 1070.9952153110048)",Fusobacterium,0,4596
"(740.6931818181819, 1138.3636363636363)",Neisseria,0,4597
"(742.5703422053232, 1173.9771863117871)",Neisseria,0,4598
"(741.2783505154639, 1229.4845360824743)",Veillonella,0,4599
"(742.45, 1838.275)",Porphyromonas,0,4600
"(746.1176470588235, 367.1397058823529)",Neisseria,0,4601
"(743.9768786127167, 1285.1734104046243)",Neisseria,0,4602
"(740.3389830508474, 1605.4237288135594)",Veillonella,0,4603
"(740.4705882352941, 1659.3382352941176)",Pasteurellaceae,0,4604
"(741.8650306748466, 1925.276073619632)",Fusobacterium,0,4606
"(745.3967391304348, 1953.8804347826087)",Fusobacterium,0,4607
"(747.1056338028169, 15.014084507042254)",Porphyromonas,0,4608
"(749.0371747211896, 61.70631970260223)",Neisseria,0,4609
"(743.4810126582279, 283.82278481012656)",Neisseria,0,4610
"(746.4150943396227, 737.0377358490566)",Fusobacterium,0,4611
"(744.2641509433962, 807.7169811320755)",Fusobacterium,0,4612
"(742.8101265822785, 872.7594936708861)",Fusobacterium,0,4613
"(743.5504587155963, 1301.1559633027523)",Neisseria,0,4614
"(742.925925925926, 1538.567901234568)",Veillonella,0,4615
"(743.5533980582525, 113.57281553398059)",Actinomyces,0,4616
"(743.038961038961, 1589.6623376623377)",Veillonella,0,4617
"(745.9090909090909, 1873.20202020202)",Porphyromonas,0,4618
"(744.8243243243244, 723.027027027027)",Treponema,0,4619
"(746.15625, 927.7291666666666)",Fusobacterium,0,4620
"(746.0194174757281, 1973.3300970873786)",Fusobacterium,0,4622
"(746.3, 316.74)",Neisseria,0,4623
"(745.0166666666667, 389.46666666666664)",Treponema,0,4624
"(748.8048780487804, 426.5)",Neisseria,0,4625
"(745.3787878787879, 750.9545454545455)",Fusobacterium,0,4626
"(749.858064516129, 958.9032258064516)",Fusobacterium,0,4627
"(752.5529010238907, 1199.2935153583617)",Neisseria,0,4628
"(744.4416666666667, 1619.25)",Neisseria,0,4629
"(746.1571428571428, 269.42857142857144)",Streptococcus,0,4631
"(748.1401869158879, 334.1775700934579)",Neisseria,0,4632
"(747.2702702702703, 506.9864864864865)",Veillonella,0,4633
"(752.4228571428572, 141.06857142857143)",Veillonella,0,4637
"(748.4020618556701, 194.7422680412371)",Neisseria,0,4638
"(747.1142857142858, 211.02857142857144)",Streptococcus,0,4639
"(750.4074074074074, 404.320987654321)",Neisseria,0,4640
"(748.3648648648649, 901.7972972972973)",Fusobacterium,0,4641
"(748.3253012048193, 973.1084337349398)",Corynebacterium,0,4643
"(749.8265895953757, 1153.9884393063585)",Neisseria,0,4645
"(746.5818181818182, 1432.7272727272727)",Veillonella,0,4646
"(749.5337423312883, 1460.803680981595)",Neisseria,0,4647
"(747.0857142857143, 1635.0)",Neisseria,0,4648
"(755.2434210526316, 1678.2631578947369)",Neisseria,0,4649
"(748.6024096385543, 442.12048192771084)",Pasteurellaceae,0,4650
"(748.7777777777778, 494.015873015873)",Selenomonas,0,4651
"(751.7837837837837, 539.4864864864865)",Veillonella,0,4652
"(751.5564516129032, 658.8790322580645)",Fusobacterium,0,4653
"(753.44, 762.0)",Fusobacterium,0,4654
"(749.0491803278688, 1129.950819672131)",Neisseria,0,4655
"(751.0825688073395, 1421.2293577981652)",Neisseria,0,4656
"(751.0, 1492.2782608695652)",Neisseria,0,4657
"(748.4179104477612, 1649.3880597014925)",Veillonella,0,4658
"(750.010752688172, 1724.47311827957)",Neisseria,0,4659
"(750.0519480519481, 172.58441558441558)",Veillonella,0,4660
"(749.3461538461538, 349.5)",Saccharibacteria,0,4661
"(751.3764705882353, 1348.4941176470588)",Neisseria,0,4662
"(750.0413793103448, 1568.8896551724138)",Veillonella,0,4663
"(754.0459770114943, 1851.551724137931)",Porphyromonas,0,4664
"(750.6421052631579, 1118.1368421052632)",Veillonella,0,4666
"(753.9545454545455, 1219.7363636363636)",Streptococcus,0,4667
"(750.5555555555555, 1383.3968253968253)",Neisseria,0,4668
"(750.4776119402985, 1395.7014925373135)",Neisseria,0,4669
"(751.4642857142857, 1696.1785714285713)",Neisseria,0,4670
"(751.1780821917808, 1712.2739726027398)",Neisseria,0,4671
"(754.4732142857143, 1808.8214285714287)",Porphyromonas,0,4672
"(751.5915492957746, 1825.2394366197184)",Streptococcus,0,4673
"(752.9565217391304, 1995.408695652174)",Corynebacterium,0,4674
"(752.0674157303371, 616.7640449438202)",Corynebacterium,0,4675
"(753.9568965517242, 634.1896551724138)",Fusobacterium,0,4676
"(752.2333333333333, 793.05)",Fusobacterium,0,4678
"(749.8627450980392, 820.1764705882352)",Fusobacterium,0,4679
"(756.0625, 888.23125)",Fusobacterium,0,4680
"(755.9060402684564, 36.0)",Veillonella,0,4681
"(754.92, 80.04)",Veillonella,0,4682
"(752.3917525773196, 243.89690721649484)",Veillonella,0,4683
"(751.620253164557, 1091.620253164557)",Porphyromonas,0,4684
"(756.6666666666666, 1252.3565891472867)",Neisseria,0,4685
"(753.0776699029126, 1319.3300970873786)",Neisseria,0,4686
"(756.6018518518518, 1507.5740740740741)",Neisseria,0,4687
"(754.5866666666667, 160.2)",Neisseria,0,4688
"(753.6310679611651, 259.11650485436894)",Veillonella,0,4689
"(751.8095238095239, 1895.873015873016)",Porphyromonas,0,4692
"(752.5, 1920.0135135135135)",Porphyromonas,0,4693
"(754.7532467532468, 299.3636363636364)",Streptococcus,0,4694
"(754.2592592592592, 466.22222222222223)",Veillonella,0,4695
"(759.3457943925233, 727.8130841121496)",Fusobacterium,0,4696
"(754.8965517241379, 1009.4942528735633)",Fusobacterium,0,4697
"(754.6881720430108, 1266.032258064516)",Corynebacterium,0,4698
"(759.604938271605, 1365.20987654321)",Corynebacterium,0,4699
"(755.8144329896908, 1520.3298969072166)",Neisseria,0,4700
"(754.719298245614, 525.421052631579)",Actinomyces,0,4702
"(758.0, 591.5964912280701)",Fusobacterium,0,4703
"(760.4654088050314, 777.0880503144654)",Fusobacterium,0,4704
"(758.5280898876405, 1104.3595505617977)",Veillonella,0,4705
"(757.7282608695652, 225.3695652173913)",Actinomyces,0,4706
"(758.0, 344.9516129032258)",Corynebacterium,0,4708
"(756.25, 711.0)",Porphyromonas,0,4709
"(755.9722222222222, 849.125)",Fusobacterium,0,4710
"(761.2792792792793, 869.1351351351351)",Fusobacterium,0,4711
"(755.5090909090909, 1234.418181818182)",Veillonella,0,4712
"(761.8135593220339, 1550.6694915254238)",Veillonella,0,4713
"(756.7123287671233, 1600.164383561644)",Veillonella,0,4714
"(761.05625, 116.7)",Actinomyces,0,4716
"(759.4895104895105, 830.965034965035)",Fusobacterium,0,4718
"(757.8507462686567, 1063.3731343283582)",Porphyromonas,0,4719
"(761.6587301587301, 1144.5396825396826)",Neisseria,0,4720
"(758.1747572815534, 1437.6990291262136)",Neisseria,0,4721
"(757.12, 1536.39)",Neisseria,0,4722
"(758.3934426229508, 358.8032786885246)",Corynebacterium,0,4724
"(757.8115942028985, 555.536231884058)",Veillonella,0,4725
"(761.7631578947369, 905.328947368421)",Fusobacterium,0,4726
"(758.0, 918.5)",Streptococcus,0,4727
"(757.3076923076923, 993.8269230769231)",Fusobacterium,0,4728
"(757.7076923076924, 1329.8307692307692)",Neisseria,0,4729
"(759.2678571428571, 981.3035714285714)",Fusobacterium,0,4730
"(758.8314606741573, 1302.5056179775281)",Neisseria,0,4731
"(762.2613636363636, 1476.0625)",Neisseria,0,4732
"(767.8305084745763, 372.29661016949154)",Treponema,0,4735
"(761.622641509434, 698.4433962264151)",Streptococcus,0,4737
"(760.4166666666666, 947.5833333333334)",Capnocytophaga,0,4739
"(761.5128205128206, 1617.2948717948718)",Veillonella,0,4740
"(764.3956834532374, 1970.9928057553957)",Fusobacterium,0,4741
"(760.3943661971831, 442.3098591549296)",Veillonella,0,4743
"(763.4253731343283, 509.6268656716418)",Corynebacterium,0,4744
"(765.2786885245902, 811.155737704918)",Fusobacterium,0,4745
"(761.9883720930233, 1278.9302325581396)",Corynebacterium,0,4746
"(762.5396825396825, 1590.5714285714287)",Veillonella,0,4747
"(760.3252032520326, 1876.5284552845528)",Fusobacterium,0,4748
"(774.8988095238095, 1582.8869047619048)",Veillonella,0,4750
"(761.5871559633027, 1901.5504587155963)",Porphyromonas,0,4751
"(762.3421052631579, 1924.3026315789473)",Porphyromonas,0,4752
"(769.081081081081, 274.86486486486484)",Actinomyces,0,4753
"(764.2631578947369, 314.36842105263156)",Streptococcus,0,4754
"(766.7517730496454, 1389.7163120567375)",Neisseria,0,4757
"(763.2307692307693, 1650.5384615384614)",Veillonella,0,4758
"(764.8846153846154, 1687.3589743589744)",Neisseria,0,4759
"(764.140350877193, 1735.8157894736842)",Veillonella,0,4760
"(765.7362637362637, 546.945054945055)",Veillonella,0,4761
"(763.8426966292135, 681.685393258427)",Fusobacterium,0,4762
"(766.9785714285714, 1076.7285714285715)",Porphyromonas,0,4763
"(765.8985507246376, 1338.623188405797)",Neisseria,0,4764
"(763.929292929293, 1408.2121212121212)",Neisseria,0,4765
"(768.5038167938932, 181.36641221374046)",Neisseria,0,4766
"(774.9861111111111, 736.8055555555555)",Streptococcus,0,4767
"(766.3958333333334, 853.8229166666666)",Fusobacterium,0,4768
"(764.5714285714286, 928.5)",Neisseria,0,4769
"(770.1262135922331, 73.18446601941747)",Neisseria,0,4770
"(765.8333333333334, 567.5)",Neisseria,0,4772
"(769.4077669902913, 1021.0485436893204)",Fusobacterium,0,4773
"(774.2857142857143, 1200.6847290640394)",Neisseria,0,4776
"(766.3384615384615, 1241.6923076923076)",Veillonella,0,4777
"(768.8347107438017, 1718.1239669421489)",Neisseria,0,4779
"(766.6301369863014, 1985.6986301369864)",Porphyromonas,0,4781
"(768.4020618556701, 9.855670103092784)",Pasteurellaceae,0,4782
"(768.4302325581396, 42.5)",Veillonella,0,4783
"(770.1450381679389, 486.30534351145036)",Veillonella,0,4784
"(769.014598540146, 619.8540145985402)",Veillonella,0,4785
"(766.7123287671233, 794.6712328767123)",Fusobacterium,0,4786
"(771.7263157894737, 1350.2315789473685)",Neisseria,0,4787
"(765.7462686567164, 1457.1194029850747)",Neisseria,0,4788
"(773.3697916666666, 1701.9583333333333)",Veillonella,0,4790
"(769.3846153846154, 425.4230769230769)",Veillonella,0,4791
"(767.3921568627451, 881.5098039215686)",Fusobacterium,0,4792
"(768.5344827586207, 970.3103448275862)",Fusobacterium,0,4793
"(767.125, 992.5357142857143)",Corynebacterium,0,4794
"(769.7142857142857, 1046.0714285714287)",Fusobacterium,0,4795
"(768.820895522388, 1228.7313432835822)",Pasteurellaceae,0,4796
"(767.8032786885246, 1423.344262295082)",Neisseria,0,4797
"(770.1578947368421, 1446.7473684210527)",Neisseria,0,4798
"(768.8095238095239, 1501.3968253968253)",Veillonella,0,4799
"(768.081081081081, 1665.4864864864865)",Neisseria,0,4800
"(768.702380952381, 1939.6904761904761)",Fusobacterium,0,4801
"(770.6666666666666, 57.964285714285715)",Streptococcus,0,4802
"(774.9372693726938, 97.05166051660517)",Streptococcus,0,4803
"(770.4659090909091, 215.6590909090909)",Veillonella,0,4804
"(769.2089552238806, 258.56716417910445)",Veillonella,0,4805
"(770.9012345679013, 287.7901234567901)",Neisseria,0,4806
"(768.9397590361446, 464.89156626506025)",Neisseria,0,4807
"(769.5189873417721, 525.8481012658228)",Actinomyces,0,4808
"(768.9454545454546, 585.6909090909091)",Veillonella,0,4809
"(770.90625, 662.15625)",Streptococcus,0,4810
"(771.379746835443, 748.8607594936709)",Porphyromonas,0,4811
"(768.4857142857143, 1007.7142857142857)",Fusobacterium,0,4812
"(769.9830508474577, 1110.2372881355932)",Veillonella,0,4813
"(771.2, 1319.9166666666667)",Neisseria,0,4814
"(769.5353535353536, 1823.010101010101)",Porphyromonas,0,4815
"(770.3690476190476, 1844.857142857143)",Porphyromonas,0,4816
"(770.5333333333333, 26.433333333333334)",Veillonella,0,4817
"(774.9538461538461, 404.06666666666666)",Neisseria,0,4819
"(772.4, 704.6588235294117)",Streptococcus,0,4820
"(772.375, 1127.0)",Veillonella,0,4821
"(770.3239436619718, 1168.4929577464789)",Neisseria,0,4822
"(770.8076923076923, 149.32692307692307)",Actinomyces,0,4824
"(772.5505617977528, 202.46067415730337)",Neisseria,0,4825
"(770.7285714285714, 301.6142857142857)",Porphyromonas,0,4826
"(773.5342465753424, 312.9178082191781)",Porphyromonas,0,4827
"(776.1257142857143, 644.0171428571429)",Selenomonas,0,4828
"(772.0745341614906, 1531.4782608695652)",Neisseria,0,4830
"(770.9411764705883, 1568.549019607843)",Pasteurellaceae,0,4831
"(771.7142857142857, 136.03896103896105)",Actinomyces,0,4832
"(771.75, 230.3125)",Actinomyces,0,4833
"(772.1538461538462, 330.3296703296703)",Pasteurellaceae,0,4834
"(771.6, 343.6545454545454)",Actinomyces,0,4835
"(772.6027397260274, 910.8493150684932)",Fusobacterium,0,4836
"(776.5783132530121, 1144.0843373493976)",Neisseria,0,4838
"(773.7966101694915, 1217.8135593220338)",Neisseria,0,4839
"(773.2676056338029, 1951.0422535211267)",Fusobacterium,0,4841
"(776.9783783783784, 1370.5621621621622)",Neisseria,0,4842
"(773.0898876404494, 1863.7191011235955)",Fusobacterium,0,4843
"(780.2477876106195, 536.6725663716815)",Veillonella,0,4844
"(777.8993710691824, 1265.7044025157234)",Neisseria,0,4845
"(774.2151898734177, 1632.1518987341772)",Neisseria,0,4846
"(775.5, 192.0)",Neisseria,0,4847
"(774.6545454545454, 563.7454545454545)",Veillonella,0,4849
"(774.5964912280701, 691.3859649122807)",Fusobacterium,0,4850
"(775.1910112359551, 1648.2359550561798)",Neisseria,0,4851
"(778.5625, 576.475)",Actinomyces,0,4854
"(776.8589743589744, 719.1153846153846)",Fusobacterium,0,4855
"(775.6034482758621, 765.4137931034483)",Fusobacterium,0,4856
"(778.1294117647059, 844.0705882352942)",Fusobacterium,0,4857
"(777.6911764705883, 948.4558823529412)",Fusobacterium,0,4858
"(778.0190476190476, 978.0285714285715)",Fusobacterium,0,4859
"(777.1881188118812, 1089.2970297029703)",Fusobacterium,0,4860
"(777.9831932773109, 1488.2857142857142)",Neisseria,0,4861
"(777.5932203389831, 384.3898305084746)",Corynebacterium,0,4863
"(779.0514705882352, 442.4485294117647)",Veillonella,0,4864
"(780.4583333333334, 604.0763888888889)",Veillonella,0,4865
"(777.5384615384615, 822.1538461538462)",Fusobacterium,0,4866
"(776.3510638297872, 886.031914893617)",Fusobacterium,0,4868
"(778.6631578947369, 1280.5052631578947)",Neisseria,0,4870
"(777.4411764705883, 1303.6078431372548)",Neisseria,0,4871
"(777.7471264367816, 1431.5057471264367)",Neisseria,0,4872
"(777.561403508772, 499.36842105263156)",Lautropia,0,4873
"(777.7666666666667, 919.9666666666667)",Fusobacterium,0,4874
"(780.1346153846154, 1031.6442307692307)",Fusobacterium,0,4875
"(777.8684210526316, 1406.140350877193)",Neisseria,0,4876
"(779.5945945945946, 1460.027027027027)",Neisseria,0,4877
"(778.9818181818182, 679.4181818181818)",Fusobacterium,0,4879
"(781.2654320987655, 779.9135802469136)",Fusobacterium,0,4881
"(780.6638655462185, 805.6470588235294)",Fusobacterium,0,4882
"(781.1304347826087, 931.6739130434783)",Fusobacterium,0,4883
"(781.512987012987, 1566.3311688311687)",Veillonella,0,4885
"(780.5797101449275, 1920.768115942029)",Porphyromonas,0,4886
"(785.1105769230769, 154.81730769230768)",Corynebacterium,0,4887
"(784.693641618497, 1607.9537572254335)",Veillonella,0,4888
"(783.0852713178294, 1824.6899224806202)",Porphyromonas,0,4889
"(781.3577235772358, 1898.8048780487804)",Fusobacterium,0,4891
"(784.5405405405405, 511.0)",Neisseria,0,4893
"(782.5730337078652, 830.370786516854)",Fusobacterium,0,4894
"(781.6363636363636, 858.5909090909091)",Fusobacterium,0,4895
"(784.9550561797753, 898.943820224719)",Fusobacterium,0,4896
"(785.8251366120219, 997.3169398907104)",Fusobacterium,0,4897
"(781.29203539823, 1066.6637168141592)",Fusobacterium,0,4899
"(781.7857142857143, 1664.5238095238096)",Neisseria,0,4901
"(782.6, 1980.7333333333333)",Fusobacterium,0,4903
"(783.1025641025641, 348.7307692307692)",Veillonella,0,4905
"(782.8888888888889, 756.7083333333334)",Fusobacterium,0,4906
"(782.6190476190476, 1470.5396825396826)",Neisseria,0,4908
"(784.0142857142857, 34.77142857142857)",Veillonella,0,4910
"(791.9301075268817, 551.6129032258065)",Treponema,0,4911
"(789.7664835164835, 1179.0357142857142)",Neisseria,0,4912
"(785.2528735632184, 73.70114942528735)",Veillonella,0,4913
"(784.6086956521739, 525.1594202898551)",Actinomyces,0,4914
"(785.1125, 1681.8375)",Veillonella,0,4917
"(784.325, 1929.725)",Porphyromonas,0,4918
"(785.525641025641, 175.44871794871796)",Veillonella,0,4919
"(789.9217391304347, 1043.9304347826087)",Porphyromonas,0,4920
"(786.6857142857143, 1514.8857142857144)",Neisseria,0,4922
"(790.1985815602837, 54.63120567375886)",Neisseria,0,4923
"(785.7692307692307, 126.37820512820512)",Pasteurellaceae,0,4924
"(787.0370370370371, 270.1604938271605)",Neisseria,0,4925
"(787.4148936170212, 303.3191489361702)",Veillonella,0,4926
"(787.1527777777778, 419.5833333333333)",Actinomyces,0,4927
"(791.625, 475.125)",Porphyromonas,0,4928
"(796.7906976744187, 1104.460465116279)",Fusobacterium,0,4929
"(784.8082191780821, 1115.6027397260275)",Fusobacterium,0,4930
"(792.1715976331361, 1155.8639053254437)",Neisseria,0,4931
"(788.0980392156863, 1720.9117647058824)",Neisseria,0,4932
"(786.7818181818182, 210.74545454545455)",Veillonella,0,4933
"(789.4521739130435, 286.88695652173914)",Veillonella,0,4934
"(787.5641025641025, 617.8974358974359)",Veillonella,0,4936
"(789.9512195121952, 1226.2439024390244)",Veillonella,0,4937
"(788.2621359223301, 1335.2524271844661)",Veillonella,0,4938
"(792.0243902439024, 1635.3821138211383)",Veillonella,0,4939
"(789.5981308411215, 1649.0280373831777)",Neisseria,0,4940
"(787.86, 229.09)",Neisseria,0,4942
"(787.6415094339623, 490.3207547169811)",Streptococcus,0,4943
"(788.5584415584416, 589.6623376623377)",Neisseria,0,4945
"(790.2261904761905, 726.952380952381)",Fusobacterium,0,4947
"(794.0232558139535, 872.2713178294574)",Fusobacterium,0,4948
"(794.2517006802722, 1018.9727891156463)",Fusobacterium,0,4949
"(791.6716417910447, 1208.4253731343283)",Fusobacterium,0,4950
"(790.7551020408164, 1251.765306122449)",Neisseria,0,4951
"(789.25, 1436.3676470588234)",Neisseria,0,4952
"(790.5145631067961, 1533.6601941747572)",Neisseria,0,4953
"(789.1533333333333, 1870.5533333333333)",Porphyromonas,0,4955
"(787.4027777777778, 1954.638888888889)",Fusobacterium,0,4956
"(790.1910112359551, 669.1123595505618)",Veillonella,0,4957
"(788.7264150943396, 698.1132075471698)",Streptococcus,0,4958
"(789.9495798319327, 961.1512605042017)",Fusobacterium,0,4959
"(794.4128440366973, 1691.9174311926606)",Neisseria,0,4960
"(794.1532846715329, 1845.036496350365)",Porphyromonas,0,4961
"(789.7818181818182, 245.1090909090909)",Porphyromonas,0,4962
"(791.1037735849056, 371.1698113207547)",Saccharibacteria,0,4963
"(789.8493150684932, 1080.3424657534247)",Fusobacterium,0,4965
"(792.3384615384615, 23.661538461538463)",Veillonella,0,4966
"(795.6803278688525, 1969.7540983606557)",Porphyromonas,0,4969
"(792.6037735849056, 82.24528301886792)",Veillonella,0,4970
"(791.6976744186046, 193.2906976744186)",Actinomyces,0,4973
"(792.7352941176471, 324.96078431372547)",Neisseria,0,4974
"(792.0666666666667, 388.7866666666667)",Pasteurellaceae,0,4975
"(796.7, 456.90833333333336)",Veillonella,0,4976
"(792.2376237623762, 885.4653465346535)",Fusobacterium,0,4977
"(794.8496240601504, 1384.5263157894738)",Neisseria,0,4978
"(792.5061728395061, 1416.8641975308642)",Neisseria,0,4979
"(793.4597701149426, 1475.7471264367816)",Veillonella,0,4980
"(794.2340425531914, 1122.1702127659576)",Fusobacterium,0,4982
"(794.6216216216217, 1352.5)",Treponema,0,4983
"(794.6464646464647, 1367.7777777777778)",Campylobacter,0,4984
"(793.9875, 1449.275)",Neisseria,0,4985
"(797.7179487179487, 1952.5384615384614)",Corynebacterium,0,4987
"(794.54, 16.46)",Veillonella,0,4988
"(797.3125, 850.4375)",Fusobacterium,0,4991
"(794.1411764705882, 1062.6235294117646)",Veillonella,0,4992
"(795.0337078651686, 1402.7191011235955)",Neisseria,0,4993
"(794.0472440944882, 1560.283464566929)",Neisseria,0,4994
"(797.568493150685, 1670.013698630137)",Neisseria,0,4995
"(796.0898876404494, 407.34831460674155)",Actinomyces,0,4996
"(795.7, 575.0444444444445)",Neisseria,0,4997
"(796.5196078431372, 768.1078431372549)",Fusobacterium,0,4998
"(794.5, 947.0232558139535)",Fusobacterium,0,5000
"(797.9078947368421, 1309.75)",Neisseria,0,5001
"(795.5520833333334, 1497.15625)",Neisseria,0,5002
"(800.3661971830986, 1906.150234741784)",Fusobacterium,0,5003
"(798.0, 1942.04)",Porphyromonas,0,5004
"(799.9612403100775, 1136.1317829457364)",Fusobacterium,0,5007
"(802.5429864253393, 1263.5203619909503)",Neisseria,0,5008
"(800.0375939849624, 1283.796992481203)",Neisseria,0,5009
"(797.4545454545455, 1623.844155844156)",Veillonella,0,5010
"(799.7432432432432, 254.27027027027026)",Corynebacterium,0,5012
"(796.1636363636363, 306.5272727272727)",Actinomyces,0,5013
"(800.8778625954199, 625.0763358778626)",Treponema,0,5014
"(799.3303571428571, 643.2410714285714)",Neisseria,0,5015
"(796.2878787878788, 910.6666666666666)",Treponema,0,5016
"(796.3090909090909, 1888.6)",Fusobacterium,0,5018
"(800.6836734693877, 510.1734693877551)",Neisseria,0,5019
"(799.2222222222222, 601.875)",Treponema,0,5020
"(798.8571428571429, 658.4285714285714)",Treponema,0,5021
"(800.1333333333333, 491.92)",Streptococcus,0,5022
"(799.4320987654321, 810.395061728395)",Fusobacterium,0,5023
"(800.2394366197183, 1241.056338028169)",Neisseria,0,5024
"(805.6442307692307, 1832.2788461538462)",Streptococcus,0,5025
"(808.6666666666666, 1922.8548387096773)",Fusobacterium,0,5026
"(802.0090909090909, 32.39090909090909)",Veillonella,0,5027
"(799.2153846153847, 170.92307692307693)",Actinomyces,0,5028
"(803.8473282442748, 225.12977099236642)",Neisseria,0,5029
"(806.3798076923077, 678.2451923076923)",Streptococcus,0,5030
"(801.3431952662722, 708.810650887574)",Fusobacterium,0,5031
"(801.6944444444445, 737.375)",Streptococcus,0,5032
"(801.5, 752.4625)",Veillonella,0,5033
"(802.5411764705882, 1005.4)",Fusobacterium,0,5035
"(801.4672897196261, 1089.9252336448599)",Fusobacterium,0,5036
"(802.0823529411765, 69.28235294117647)",Neisseria,0,5037
"(801.0298507462686, 211.80597014925374)",Neisseria,0,5038
"(802.5225806451613, 352.23225806451615)",Veillonella,0,5039
"(803.7966101694915, 793.6440677966102)",Fusobacterium,0,5040
"(801.0246913580247, 971.7777777777778)",Fusobacterium,0,5041
"(812.3811659192825, 1029.3094170403588)",Fusobacterium,0,5042
"(801.0188679245283, 1341.5471698113208)",Neisseria,0,5043
"(800.7924528301887, 1487.5094339622642)",Neisseria,0,5044
"(804.3265306122449, 1578.0204081632653)",Veillonella,0,5045
"(800.8703703703703, 1982.4444444444443)",Fusobacterium,0,5046
"(800.8157894736842, 127.51754385964912)",Neisseria,0,5047
"(803.2560975609756, 272.2560975609756)",Streptococcus,0,5048
"(804.8378378378378, 394.1711711711712)",Actinomyces,0,5049
"(803.1034482758621, 443.41379310344826)",Streptococcus,0,5050
"(809.3895348837209, 538.8837209302326)",Corynebacterium,0,5051
"(803.1025641025641, 1518.3461538461538)",Neisseria,0,5052
"(803.6410256410256, 823.9871794871794)",Fusobacterium,0,5053
"(803.5922330097087, 984.5728155339806)",Fusobacterium,0,5054
"(806.4285714285714, 1218.0194805194806)",Treponema,0,5055
"(806.0593220338983, 1438.1101694915253)",Neisseria,0,5056
"(805.1550387596899, 1608.1860465116279)",Neisseria,0,5057
"(806.4867256637168, 1857.58407079646)",Fusobacterium,0,5058
"(804.0181818181818, 52.74545454545454)",Neisseria,0,5059
"(804.6125, 201.9625)",Veillonella,0,5060
"(807.125, 285.625)",Actinomyces,0,5061
"(804.5396825396825, 525.6666666666666)",Treponema,0,5062
"(804.6116504854369, 1460.3980582524273)",Neisseria,0,5063
"(805.0941176470589, 97.2235294117647)",Neisseria,0,5064
"(805.6533333333333, 143.13333333333333)",Actinomyces,0,5065
"(805.3918918918919, 241.4189189189189)",Actinomyces,0,5066
"(805.8108108108108, 1534.054054054054)",Veillonella,0,5067
"(806.9176470588235, 158.87058823529412)",Selenomonas,0,5068
"(809.7658536585366, 421.69756097560975)",Actinomyces,0,5069
"(806.3739837398374, 916.1382113821138)",Corynebacterium,0,5070
"(807.578947368421, 1054.078947368421)",Veillonella,0,5071
"(809.6170212765958, 1076.1702127659576)",Capnocytophaga,0,5072
"(807.3177570093458, 1550.7383177570093)",Veillonella,0,5073
"(807.1604278074866, 1656.7700534759358)",Neisseria,0,5074
"(808.144, 309.504)",Porphyromonas,0,5076
"(808.4, 994.6461538461539)",Fusobacterium,0,5078
"(806.85, 1174.05)",Veillonella,0,5079
"(809.7692307692307, 1360.9038461538462)",Neisseria,0,5080
"(808.060606060606, 1590.9545454545455)",Veillonella,0,5081
"(818.5374449339207, 1683.2511013215858)",Neisseria,0,5082
"(807.875, 82.328125)",Veillonella,0,5083
"(808.4666666666667, 190.36)",Veillonella,0,5084
"(807.8378378378378, 565.2972972972973)",Corynebacterium,0,5085
"(808.4177215189874, 587.0)",Veillonella,0,5086
"(810.5197368421053, 936.8618421052631)",Corynebacterium,0,5087
"(810.6388888888889, 1154.5625)",Veillonella,0,5088
"(808.0649350649351, 1420.012987012987)",Neisseria,0,5089
"(809.8444444444444, 14.122222222222222)",Streptococcus,0,5090
"(809.3692307692307, 376.66153846153844)",Actinomyces,0,5091
"(814.925, 499.725)",Neisseria,0,5092
"(810.675, 1196.3375)",Fusobacterium,0,5093
"(811.4886363636364, 1235.0)",Neisseria,0,5094
"(811.3813559322034, 1324.915254237288)",Neisseria,0,5095
"(808.3108108108108, 1473.0675675675675)",Neisseria,0,5096
"(813.2988505747127, 51.14942528735632)",Veillonella,0,5098
"(816.8521739130434, 515.991304347826)",Neisseria,0,5099
"(809.5593220338983, 715.728813559322)",Porphyromonas,0,5100
"(810.457627118644, 1404.3559322033898)",Neisseria,0,5102
"(810.8985507246376, 841.2173913043479)",Fusobacterium,0,5103
"(816.1928571428572, 897.5571428571428)",Fusobacterium,0,5104
"(815.8130081300814, 955.6178861788618)",Fusobacterium,0,5105
"(811.4197530864197, 1493.5555555555557)",Neisseria,0,5106
"(813.6543209876543, 30.51851851851852)",Veillonella,0,5108
"(815.1443298969073, 177.95876288659792)",Veillonella,0,5109
"(812.0344827586207, 550.9310344827586)",Porphyromonas,0,5110
"(812.8266666666667, 655.7866666666666)",Rothia,0,5111
"(812.4230769230769, 766.8461538461538)",Treponema,0,5112
"(812.4809160305343, 1122.3664122137404)",Rothia,0,5113
"(815.348, 1704.504)",Veillonella,0,5114
"(811.8484848484849, 1994.8484848484848)",Porphyromonas,0,5115
"(813.9224137931035, 326.8189655172414)",Actinomyces,0,5116
"(813.0, 437.35185185185185)",Pasteurellaceae,0,5117
"(813.0326086956521, 472.8478260869565)",Veillonella,0,5118
"(817.8880597014926, 612.3656716417911)",Neisseria,0,5119
"(815.9886363636364, 733.5227272727273)",Fusobacterium,0,5120
"(815.320895522388, 783.3731343283582)",Fusobacterium,0,5121
"(814.6907216494845, 1516.1958762886597)",Neisseria,0,5122
"(815.1078431372549, 1875.2254901960785)",Fusobacterium,0,5123
"(814.4109589041096, 1962.2054794520548)",Porphyromonas,0,5124
"(813.1929824561404, 1979.5964912280701)",Fusobacterium,0,5125
"(816.1666666666666, 867.9111111111112)",Fusobacterium,0,5126
"(814.1327433628319, 1632.867256637168)",Neisseria,0,5128
"(814.703125, 122.921875)",Neisseria,0,5130
"(822.5301204819277, 208.0843373493976)",Neisseria,0,5131
"(822.2860696517413, 255.7189054726368)",Actinomyces,0,5132
"(814.0632911392405, 807.367088607595)",Fusobacterium,0,5133
"(817.156862745098, 855.2843137254902)",Fusobacterium,0,5134
"(818.1060606060606, 1581.6818181818182)",Veillonella,0,5135
"(816.4148936170212, 1013.3723404255319)",Fusobacterium,0,5136
"(816.2395833333334, 1285.8958333333333)",Neisseria,0,5137
"(817.4050632911392, 1568.5696202531647)",Neisseria,0,5138
"(817.3972602739726, 70.45205479452055)",Veillonella,0,5140
"(823.2112676056338, 145.72535211267606)",Streptococcus,0,5141
"(821.6952380952381, 160.85714285714286)",Neisseria,0,5142
"(817.6321839080459, 406.8735632183908)",Actinomyces,0,5143
"(821.6054054054053, 634.7675675675675)",Veillonella,0,5144
"(819.1695906432749, 706.3391812865497)",Fusobacterium,0,5145
"(817.6538461538462, 1340.576923076923)",Neisseria,0,5147
"(816.5, 1377.3333333333333)",Veillonella,0,5148
"(818.8539325842696, 1540.123595505618)",Neisseria,0,5149
"(818.04, 133.94)",Streptococcus,0,5150
"(819.4573170731708, 455.3658536585366)",Veillonella,0,5151
"(818.7222222222222, 752.468253968254)",Fusobacterium,0,5152
"(826.2046511627907, 825.5116279069767)",Fusobacterium,0,5153
"(819.5245901639345, 1066.4426229508197)",Fusobacterium,0,5154
"(830.8215767634855, 1182.7053941908714)",Fusobacterium,0,5155
"(825.367088607595, 1242.879746835443)",Veillonella,0,5156
"(821.4021739130435, 1775.1521739130435)",Porphyromonas,0,5158
"(819.5086705202312, 101.33526011560694)",Neisseria,0,5159
"(824.3308270676691, 994.2481203007519)",Fusobacterium,0,5160
"(825.6850393700787, 233.6771653543307)",Actinomyces,0,5161
"(820.2054794520548, 883.7671232876712)",Fusobacterium,0,5162
"(820.8153846153846, 916.7538461538461)",Fusobacterium,0,5163
"(822.4375, 1209.5375)",Veillonella,0,5164
"(820.0, 1908.9259259259259)",Fusobacterium,0,5165
"(820.7337278106509, 1941.2307692307693)",Fusobacterium,0,5166
"(821.05, 79.41666666666667)",Veillonella,0,5167
"(821.0, 298.77777777777777)",Veillonella,0,5168
"(822.2929292929293, 562.7878787878788)",Corynebacterium,0,5169
"(820.360824742268, 583.8041237113403)",Neisseria,0,5170
"(821.0, 1144.698113207547)",Fusobacterium,0,5172
"(825.2521008403361, 1227.3361344537816)",Neisseria,0,5173
"(826.4709677419355, 1260.6645161290323)",Actinomyces,0,5174
"(824.3135135135135, 1452.918918918919)",Neisseria,0,5175
"(819.8490566037735, 1473.0377358490566)",Neisseria,0,5176
"(822.7934782608696, 1723.1521739130435)",Neisseria,0,5177
"(826.7986111111111, 1846.5347222222222)",Porphyromonas,0,5178
"(823.8952380952381, 1972.4095238095238)",Fusobacterium,0,5179
"(824.2596153846154, 1989.3557692307693)",Fusobacterium,0,5180
"(825.0363636363636, 531.6272727272727)",Streptococcus,0,5181
"(820.3793103448276, 1093.0689655172414)",Fusobacterium,0,5182
"(821.6086956521739, 1413.6376811594203)",Neisseria,0,5183
"(821.921875, 1501.734375)",Neisseria,0,5184
"(827.2684563758389, 1667.3691275167785)",Neisseria,0,5185
"(824.2413793103449, 1890.1896551724137)",Porphyromonas,0,5186
"(828.9925373134329, 192.84328358208955)",Veillonella,0,5187
"(823.5793650793651, 284.45238095238096)",Streptococcus,0,5188
"(823.2252252252252, 370.7027027027027)",Veillonella,0,5189
"(827.2045454545455, 796.2045454545455)",Fusobacterium,0,5191
"(823.5735294117648, 1051.1764705882354)",Fusobacterium,0,5192
"(823.7118644067797, 1305.050847457627)",Neisseria,0,5194
"(828.7515527950311, 1652.1739130434783)",Neisseria,0,5195
"(823.0166666666667, 1863.5333333333333)",Fusobacterium,0,5196
"(825.8152173913044, 5.336956521739131)",Veillonella,0,5197
"(824.5, 345.57462686567163)",Veillonella,0,5198
"(827.2397660818714, 664.3333333333334)",Fusobacterium,0,5199
"(831.2397260273973, 843.3904109589041)",Fusobacterium,0,5200
"(825.5277777777778, 1484.2083333333333)",Neisseria,0,5201
"(823.7058823529412, 1555.8431372549019)",Neisseria,0,5202
"(825.2465753424658, 1593.6575342465753)",Neisseria,0,5203
"(825.2205882352941, 19.441176470588236)",Veillonella,0,5204
"(825.6949152542373, 552.0677966101695)",Selenomonas,0,5206
"(833.0296296296297, 723.9851851851852)",Fusobacterium,0,5207
"(825.4516129032259, 814.8548387096774)",Fusobacterium,0,5208
"(825.2345679012345, 969.716049382716)",Corynebacterium,0,5209
"(827.64, 1133.03)",Fusobacterium,0,5210
"(824.82, 1174.18)",Fusobacterium,0,5211
"(825.6095238095238, 1392.8190476190475)",Neisseria,0,5213
"(824.21875, 1428.59375)",Neisseria,0,5214
"(827.7636363636364, 600.6545454545454)",Neisseria,0,5215
"(828.4761904761905, 219.42857142857142)",Neisseria,0,5216
"(826.15, 767.6)",Veillonella,0,5217
"(826.4722222222222, 942.6805555555555)",Fusobacterium,0,5218
"(827.453125, 1080.046875)",Fusobacterium,0,5219
"(830.2980769230769, 1364.6153846153845)",Neisseria,0,5220
"(827.8, 169.7)",Neisseria,0,5221
"(831.530612244898, 434.3724489795918)",Actinomyces,0,5222
"(828.8095238095239, 689.3928571428571)",Rothia,0,5224
"(828.4262295081967, 1164.704918032787)",Porphyromonas,0,5226
"(828.0654205607476, 1328.6728971962616)",Neisseria,0,5227
"(830.078125, 1038.015625)",Fusobacterium,0,5228
"(829.2686567164179, 1200.8208955223881)",Neisseria,0,5229
"(829.5405405405405, 1294.837837837838)",Neisseria,0,5230
"(831.7727272727273, 1515.3272727272727)",Neisseria,0,5231
"(833.1875, 111.75892857142857)",Neisseria,0,5232
"(829.8780487804878, 321.4146341463415)",Pasteurellaceae,0,5233
"(830.9692307692308, 905.8461538461538)",Fusobacterium,0,5235
"(829.5066666666667, 1010.0133333333333)",Fusobacterium,0,5236
"(829.875, 1378.1875)",Neisseria,0,5237
"(833.2063492063492, 1633.595238095238)",Veillonella,0,5238
"(833.0444444444445, 51.81111111111111)",Pasteurellaceae,0,5239
"(831.0120481927711, 400.10843373493975)",Streptococcus,0,5240
"(832.1666666666666, 1105.607142857143)",Fusobacterium,0,5241
"(835.0232558139535, 1344.1162790697674)",Fusobacterium,0,5243
"(835.0373134328358, 1904.9626865671642)",Fusobacterium,0,5246
"(834.7814207650273, 507.92349726775956)",Neisseria,0,5248
"(831.9122807017544, 560.0526315789474)",Pasteurellaceae,0,5249
"(834.5131578947369, 623.5394736842105)",Treponema,0,5250
"(831.9818181818182, 747.3272727272728)",Fusobacterium,0,5252
"(835.9411764705883, 1150.6323529411766)",Porphyromonas,0,5253
"(834.6923076923077, 1276.2788461538462)",Neisseria,0,5254
"(833.75, 1533.5833333333333)",Neisseria,0,5255
"(830.8461538461538, 1957.826923076923)",Fusobacterium,0,5256
"(834.3066666666666, 65.02666666666667)",Neisseria,0,5257
"(834.4551724137931, 867.2965517241379)",Fusobacterium,0,5259
"(832.7301587301587, 920.7142857142857)",Fusobacterium,0,5260
"(833.6140350877193, 1409.3859649122808)",Neisseria,0,5261
"(836.3664122137404, 1618.2366412213742)",Veillonella,0,5262
"(836.7982456140351, 91.48245614035088)",Neisseria,0,5263
"(836.3333333333334, 1023.1388888888889)",Fusobacterium,0,5265
"(838.8970588235294, 1092.6764705882354)",Fusobacterium,0,5266
"(836.1531531531532, 1313.126126126126)",Neisseria,0,5267
"(833.0483870967741, 1466.5483870967741)",Neisseria,0,5268
"(833.59477124183, 1702.9673202614379)",Neisseria,0,5269
"(835.8243243243244, 132.45945945945945)",Streptococcus,0,5271
"(836.1770833333334, 305.0)",Veillonella,0,5272
"(835.7848101265823, 779.2151898734177)",Fusobacterium,0,5273
"(835.054794520548, 890.5342465753424)",Fusobacterium,0,5274
"(836.1647058823529, 1577.5294117647059)",Neisseria,0,5275
"(837.0984848484849, 1764.530303030303)",Streptococcus,0,5276
"(838.6879432624113, 1864.4184397163122)",Fusobacterium,0,5277
"(839.3909090909091, 76.1)",Actinomyces,0,5278
"(840.2115384615385, 486.3076923076923)",Actinomyces,0,5279
"(836.3132530120482, 705.289156626506)",Veillonella,0,5280
"(835.9152542372881, 1057.1525423728813)",Fusobacterium,0,5281
"(836.7460317460317, 1069.2222222222222)",Fusobacterium,0,5282
"(835.5090909090909, 1118.581818181818)",Fusobacterium,0,5283
"(836.3294117647059, 1425.2941176470588)",Neisseria,0,5285
"(836.1733333333333, 1457.9066666666668)",Neisseria,0,5286
"(838.975, 1600.4333333333334)",Neisseria,0,5287
"(836.7321428571429, 37.25)",Saccharibacteria,0,5288
"(836.7538461538461, 268.6923076923077)",Actinomyces,0,5290
"(837.2, 762.3846153846154)",Veillonella,0,5291
"(842.176, 1039.872)",Fusobacterium,0,5293
"(836.6101694915254, 1137.864406779661)",Fusobacterium,0,5294
"(836.7636363636364, 1216.2727272727273)",Treponema,0,5295
"(836.917808219178, 1559.7534246575342)",Neisseria,0,5297
"(839.4606741573034, 332.07865168539325)",Veillonella,0,5298
"(838.875, 363.3229166666667)",Selenomonas,0,5299
"(839.6530612244898, 545.1020408163265)",Corynebacterium,0,5300
"(839.5876288659794, 674.4329896907217)",Corynebacterium,0,5301
"(838.671875, 1245.921875)",Neisseria,0,5302
"(839.1078431372549, 1882.3039215686274)",Fusobacterium,0,5303
"(838.4264705882352, 1930.7794117647059)",Fusobacterium,0,5304
"(839.679012345679, 171.28395061728395)",Neisseria,0,5305
"(839.496, 382.656)",Pasteurellaceae,0,5307
"(838.6593406593406, 809.8681318681319)",Veillonella,0,5308
"(838.0344827586207, 947.3793103448276)",Fusobacterium,0,5309
"(841.1042944785277, 962.4171779141104)",Fusobacterium,0,5310
"(838.4285714285714, 1778.0285714285715)",Porphyromonas,0,5311
"(848.2190082644628, 567.2190082644628)",Neisseria,0,5313
"(842.2988505747127, 642.2528735632184)",Veillonella,0,5314
"(841.1694915254237, 1000.6949152542373)",Fusobacterium,0,5315
"(841.7236842105264, 1489.421052631579)",Neisseria,0,5316
"(842.0142857142857, 1662.1285714285714)",Neisseria,0,5318
"(843.0909090909091, 1970.060606060606)",Fusobacterium,0,5319
"(840.4626865671642, 144.08955223880596)",Actinomyces,0,5320
"(841.8481012658228, 902.7088607594936)",Fusobacterium,0,5322
"(844.074074074074, 977.2592592592592)",Fusobacterium,0,5323
"(841.7125, 1328.9875)",Neisseria,0,5325
"(841.4383561643835, 1438.150684931507)",Neisseria,0,5326
"(841.297619047619, 16.107142857142858)",Veillonella,0,5327
"(841.4677419354839, 224.32258064516128)",Neisseria,0,5328
"(842.1578947368421, 250.43859649122808)",Actinomyces,0,5329
"(843.1724137931035, 294.0)",Pasteurellaceae,0,5330
"(842.6578947368421, 457.35526315789474)",Streptococcus,0,5331
"(847.2042253521126, 529.5492957746479)",Neisseria,0,5332
"(841.5087719298245, 657.8421052631579)",Streptococcus,0,5333
"(841.8039215686274, 738.4901960784314)",Fusobacterium,0,5334
"(841.921875, 1230.84375)",Neisseria,0,5335
"(841.0689655172414, 1297.1896551724137)",Neisseria,0,5336
"(843.3541666666666, 1387.0729166666667)",Neisseria,0,5337
"(844.8202247191011, 1400.561797752809)",Neisseria,0,5338
"(843.8556701030927, 1987.381443298969)",Fusobacterium,0,5339
"(845.6017699115044, 403.62831858407077)",Actinomyces,0,5340
"(843.0769230769231, 920.0)",Fusobacterium,0,5341
"(845.2209302325581, 1009.1162790697674)",Fusobacterium,0,5342
"(846.4666666666667, 1021.4266666666666)",Fusobacterium,0,5343
"(843.5714285714286, 1939.557142857143)",Porphyromonas,0,5344
"(844.0370370370371, 603.5679012345679)",Actinomyces,0,5345
"(848.1785714285714, 836.3428571428572)",Fusobacterium,0,5346
"(844.08, 1164.44)",Fusobacterium,0,5348
"(845.6666666666666, 1354.367816091954)",Neisseria,0,5349
"(844.6034482758621, 1955.7758620689656)",Fusobacterium,0,5350
"(845.3571428571429, 749.9464285714286)",Streptococcus,0,5351
"(849.081081081081, 1371.4144144144145)",Neisseria,0,5352
"(846.0, 1676.1063829787233)",Neisseria,0,5354
"(846.7676767676768, 1909.878787878788)",Porphyromonas,0,5355
"(848.13, 314.86)",Veillonella,0,5356
"(847.937106918239, 432.54088050314465)",Actinomyces,0,5357
"(847.7384615384616, 678.876923076923)",Fusobacterium,0,5358
"(851.0843373493976, 931.277108433735)",Fusobacterium,0,5360
"(846.581081081081, 1451.0)",Neisseria,0,5362
"(853.8662790697674, 1543.2674418604652)",Neisseria,0,5363
"(847.5376344086021, 183.88172043010752)",Veillonella,0,5364
"(849.625850340136, 208.7687074829932)",Veillonella,0,5365
"(846.8481012658228, 472.9113924050633)",Streptococcus,0,5366
"(847.0862068965517, 693.2241379310345)",Treponema,0,5367
"(852.5896226415094, 1522.4528301886792)",Veillonella,0,5369
"(847.5227272727273, 51.04545454545455)",Actinomyces,0,5370
"(848.0714285714286, 272.57142857142856)",Veillonella,0,5371
"(850.1428571428571, 507.672268907563)",Veillonella,0,5372
"(849.656862745098, 1306.8725490196077)",Neisseria,0,5374
"(849.8736842105263, 1892.9157894736843)",Porphyromonas,0,5375
"(851.4018691588785, 105.5607476635514)",Neisseria,0,5376
"(849.47, 122.46)",Neisseria,0,5377
"(850.5826771653543, 707.7322834645669)",Fusobacterium,0,5378
"(850.2169811320755, 783.8867924528302)",Fusobacterium,0,5379
"(848.90625, 1077.6979166666667)",Fusobacterium,0,5380
"(851.4907407407408, 1261.601851851852)",Veillonella,0,5381
"(858.4434782608696, 1783.208695652174)",Fusobacterium,0,5382
"(850.2211538461538, 586.6057692307693)",Treponema,0,5383
"(854.5333333333333, 603.3833333333333)",Veillonella,0,5384
"(850.09375, 619.796875)",Leptotrichia,0,5385
"(850.8615384615384, 869.9538461538461)",Fusobacterium,0,5386
"(850.6176470588235, 987.1176470588235)",Fusobacterium,0,5387
"(853.5284552845528, 1129.7235772357724)",Veillonella,0,5388
"(849.75, 1475.2875)",Neisseria,0,5389
"(849.0571428571428, 1560.1285714285714)",Neisseria,0,5390
"(857.9285714285714, 66.2987012987013)",Neisseria,0,5391
"(853.6604938271605, 154.04320987654322)",Neisseria,0,5392
"(855.3095238095239, 361.8095238095238)",Streptococcus,0,5393
"(851.5277777777778, 1099.388888888889)",Fusobacterium,0,5395
"(854.4691358024692, 1114.4074074074074)",Fusobacterium,0,5396
"(852.0952380952381, 1242.154761904762)",Veillonella,0,5397
"(850.974025974026, 1505.4415584415585)",Neisseria,0,5398
"(855.3571428571429, 1577.0857142857142)",Neisseria,0,5399
"(851.3055555555555, 1774.1944444444443)",Fusobacterium,0,5400
"(852.2978723404256, 1873.287234042553)",Fusobacterium,0,5401
"(852.4155844155844, 345.3246753246753)",Veillonella,0,5402
"(854.1020408163265, 809.8418367346939)",Neisseria,0,5403
"(854.4093023255814, 1196.1953488372094)",Neisseria,0,5405
"(854.5043478260869, 1291.6869565217391)",Neisseria,0,5406
"(853.0823529411765, 1592.129411764706)",Neisseria,0,5407
"(858.736559139785, 252.53763440860214)",Actinomyces,0,5409
"(855.0281690140845, 543.9859154929577)",Veillonella,0,5411
"(853.0675675675676, 1223.4054054054054)",Neisseria,0,5412
"(854.3870967741935, 1434.5376344086021)",Neisseria,0,5413
"(853.3131313131313, 11.494949494949495)",Neisseria,0,5414
"(862.5343915343915, 84.33862433862434)",Neisseria,0,5415
"(859.4672897196261, 491.8878504672897)",Neisseria,0,5416
"(855.9, 632.2)",Streptococcus,0,5417
"(855.875, 740.5625)",Fusobacterium,0,5418
"(856.2688172043011, 843.5698924731183)",Fusobacterium,0,5419
"(854.525641025641, 889.5897435897435)",Fusobacterium,0,5420
"(852.9074074074074, 913.9814814814815)",Fusobacterium,0,5421
"(855.48, 1340.77)",Neisseria,0,5422
"(852.9180327868852, 1380.72131147541)",Neisseria,0,5423
"(854.75, 136.88095238095238)",Neisseria,0,5425
"(856.6470588235294, 762.6941176470589)",Streptococcus,0,5426
"(856.1111111111111, 1319.7654320987654)",Veillonella,0,5427
"(860.95, 231.325)",Actinomyces,0,5428
"(856.8941176470588, 996.364705882353)",Fusobacterium,0,5430
"(862.0578947368421, 1145.0315789473684)",Porphyromonas,0,5431
"(857.6813186813187, 1169.2087912087911)",Neisseria,0,5432
"(858.0297029702971, 1419.8019801980197)",Neisseria,0,5433
"(858.3238095238095, 1462.1904761904761)",Neisseria,0,5434
"(857.08, 386.93333333333334)",Streptococcus,0,5435
"(856.6111111111111, 451.3888888888889)",Selenomonas,0,5436
"(858.8, 463.4888888888889)",Veillonella,0,5437
"(864.0536912751678, 1760.503355704698)",Veillonella,0,5438
"(860.5688073394496, 1987.1009174311926)",Fusobacterium,0,5439
"(857.9215686274509, 476.52941176470586)",Veillonella,0,5440
"(858.08, 643.24)",Fusobacterium,0,5441
"(861.2197802197802, 968.6373626373627)",Fusobacterium,0,5442
"(859.2538860103627, 1948.658031088083)",Fusobacterium,0,5443
"(858.8153846153846, 176.2923076923077)",Veillonella,0,5444
"(860.925, 304.7)",Actinomyces,0,5445
"(858.7983193277311, 410.9075630252101)",Veillonella,0,5446
"(860.0784313725491, 1280.7843137254902)",Neisseria,0,5449
"(860.1549295774648, 1403.5915492957747)",Neisseria,0,5450
"(859.7833333333333, 269.96666666666664)",Veillonella,0,5451
"(861.1111111111111, 712.4938271604939)",Fusobacterium,0,5452
"(861.659793814433, 901.7113402061856)",Fusobacterium,0,5453
"(862.6696428571429, 954.0535714285714)",Fusobacterium,0,5454
"(863.4852941176471, 1015.1544117647059)",Fusobacterium,0,5455
"(861.3666666666667, 1077.2833333333333)",Fusobacterium,0,5457
"(862.4782608695652, 1232.9130434782608)",Veillonella,0,5458
"(862.252427184466, 1360.368932038835)",Leptotrichia,0,5459
"(860.4320987654321, 1889.9876543209878)",Fusobacterium,0,5460
"(859.1911764705883, 1919.2794117647059)",Porphyromonas,0,5461
"(865.9767441860465, 1968.9418604651162)",Fusobacterium,0,5462
"(866.6271186440678, 44.347457627118644)",Neisseria,0,5463
"(862.9874213836478, 330.685534591195)",Actinomyces,0,5464
"(862.6818181818181, 688.7954545454545)",Streptococcus,0,5465
"(861.8666666666667, 1031.4266666666667)",Corynebacterium,0,5466
"(861.2380952380952, 1558.0714285714287)",Neisseria,0,5467
"(862.7798165137615, 29.174311926605505)",Actinomyces,0,5468
"(866.074074074074, 518.325925925926)",Treponema,0,5469
"(862.4464285714286, 555.9642857142857)",Neisseria,0,5470
"(864.1048951048951, 658.0629370629371)",Fusobacterium,0,5471
"(864.4059405940594, 1480.5247524752476)",Neisseria,0,5472
"(864.5980392156863, 1905.5392156862745)",Porphyromonas,0,5473
"(862.8591549295775, 123.35211267605634)",Fusobacterium,0,5474
"(863.2641509433962, 1042.8301886792453)",Porphyromonas,0,5476
"(865.4069767441861, 1250.0232558139535)",Veillonella,0,5478
"(863.5393258426966, 1612.1348314606741)",Neisseria,0,5479
"(864.1083333333333, 1928.9916666666666)",Fusobacterium,0,5480
"(868.3435114503817, 202.2290076335878)",Neisseria,0,5481
"(868.6428571428571, 772.2642857142857)",Capnocytophaga,0,5482
"(864.1369863013699, 825.082191780822)",Neisseria,0,5484
"(867.418918918919, 1002.5945945945946)",Fusobacterium,0,5485
"(866.280487804878, 281.2439024390244)",Veillonella,0,5486
"(869.2916666666666, 984.4027777777778)",Fusobacterium,0,5487
"(867.4285714285714, 1094.9579831932774)",Corynebacterium,0,5488
"(869.1307189542483, 1187.3856209150326)",Treponema,0,5489
"(868.3312101910828, 920.2929936305733)",Fusobacterium,0,5490
"(868.1267605633802, 1109.9295774647887)",Fusobacterium,0,5491
"(866.8518518518518, 1384.7037037037037)",Neisseria,0,5492
"(866.9041095890411, 96.06849315068493)",Veillonella,0,5493
"(874.4573378839591, 166.4061433447099)",Veillonella,0,5494
"(867.8382352941177, 350.80882352941177)",Veillonella,0,5495
"(867.8983050847457, 379.0)",Veillonella,0,5496
"(868.3100775193799, 588.8062015503876)",Neisseria,0,5497
"(868.959349593496, 620.2845528455284)",Porphyromonas,0,5498
"(868.0470588235294, 726.1294117647059)",Capnocytophaga,0,5499
"(866.3731343283582, 746.7014925373135)",Treponema,0,5500
"(868.6315789473684, 871.6842105263158)",Fusobacterium,0,5501
"(867.45, 1213.3625)",Neisseria,0,5502
"(869.679012345679, 1276.851851851852)",Neisseria,0,5503
"(869.0441176470588, 1398.9117647058824)",Neisseria,0,5504
"(871.9375, 129.59375)",Saccharibacteria,0,5505
"(868.5686274509804, 849.4411764705883)",Fusobacterium,0,5506
"(868.6774193548387, 936.1290322580645)",Fusobacterium,0,5507
"(872.2910447761194, 1062.7313432835822)",Fusobacterium,0,5508
"(869.625, 1309.5089285714287)",Neisseria,0,5509
"(870.895652173913, 1327.9217391304348)",Veillonella,0,5510
"(867.7857142857143, 1590.4714285714285)",Neisseria,0,5511
"(868.561797752809, 8.595505617977528)",Neisseria,0,5513
"(875.7519379844962, 295.2170542635659)",Actinomyces,0,5514
"(871.8, 368.8375)",Neisseria,0,5515
"(870.7699115044247, 397.83185840707966)",Neisseria,0,5516
"(874.9484536082474, 314.71649484536084)",Actinomyces,0,5518
"(871.6153846153846, 1348.9538461538461)",Neisseria,0,5520
"(873.8185185185185, 1422.474074074074)",Neisseria,0,5521
"(875.2955974842768, 144.9811320754717)",Lautropia,0,5522
"(872.8532110091743, 442.4678899082569)",Veillonella,0,5523
"(869.8426966292135, 454.5730337078652)",Selenomonas,0,5524
"(870.7551020408164, 483.5816326530612)",Neisseria,0,5525
"(872.6330275229358, 537.8715596330276)",Neisseria,0,5526
"(874.1891891891892, 672.0450450450451)",Veillonella,0,5527
"(871.4594594594595, 1445.2162162162163)",Neisseria,0,5529
"(874.5625, 1772.3645833333333)",Porphyromonas,0,5530
"(873.2317073170732, 184.34146341463415)",Neisseria,0,5531
"(879.1012658227849, 219.27215189873417)",Pasteurellaceae,0,5532
"(871.304347826087, 637.695652173913)",Veillonella,0,5533
"(879.8598130841121, 791.6214953271028)",Veillonella,0,5534
"(874.7697841726618, 890.3093525179856)",Fusobacterium,0,5535
"(873.3291139240506, 1488.493670886076)",Neisseria,0,5536
"(873.8421052631579, 1505.8105263157895)",Neisseria,0,5537
"(872.6379310344828, 1166.7586206896551)",Streptococcus,0,5539
"(875.1818181818181, 1642.0160427807486)",Veillonella,0,5541
"(878.5642857142857, 502.45)",Streptococcus,0,5542
"(873.8095238095239, 1118.8412698412699)",Fusobacterium,0,5543
"(877.918918918919, 1225.9099099099099)",Neisseria,0,5544
"(873.5396825396825, 1898.6190476190477)",Fusobacterium,0,5545
"(877.1046511627907, 945.1162790697674)",Fusobacterium,0,5548
"(878.2307692307693, 1049.5961538461538)",Fusobacterium,0,5549
"(875.0461538461539, 1080.9692307692308)",Fusobacterium,0,5550
"(877.7570093457944, 1581.1682242990655)",Neisseria,0,5551
"(879.5735294117648, 1621.389705882353)",Neisseria,0,5552
"(876.7884615384615, 75.46153846153847)",Neisseria,0,5553
"(880.8563829787234, 571.3563829787234)",Veillonella,0,5554
"(875.6428571428571, 755.6964285714286)",Streptococcus,0,5555
"(878.2137931034483, 1031.6413793103447)",Porphyromonas,0,5556
"(879.6981132075472, 1139.245283018868)",Corynebacterium,0,5557
"(880.5673076923077, 1159.25)",Fusobacterium,0,5558
"(877.0140845070423, 1548.0845070422536)",Neisseria,0,5559
"(876.820895522388, 1950.4626865671642)",Corynebacterium,0,5560
"(879.4505494505495, 107.58241758241758)",Veillonella,0,5561
"(876.9677419354839, 250.91935483870967)",Pasteurellaceae,0,5562
"(877.6266666666667, 736.5733333333334)",Streptococcus,0,5564
"(878.9156626506024, 1240.2289156626507)",Neisseria,0,5567
"(876.6727272727272, 1263.7454545454545)",Neisseria,0,5568
"(878.0375, 1940.4)",Porphyromonas,0,5569
"(878.4590163934427, 647.5245901639345)",Veillonella,0,5570
"(877.8196721311475, 690.0491803278688)",Fusobacterium,0,5571
"(880.2471910112359, 711.5842696629213)",Capnocytophaga,0,5572
"(879.1764705882352, 855.5)",Fusobacterium,0,5573
"(881.2063492063492, 1205.7936507936508)",Neisseria,0,5574
"(878.39, 1468.19)",Neisseria,0,5575
"(883.9424083769634, 1925.4869109947645)",Fusobacterium,0,5576
"(877.7792207792207, 1982.922077922078)",Fusobacterium,0,5577
"(884.8356164383562, 390.2054794520548)",Neisseria,0,5578
"(879.8859649122807, 426.12280701754383)",Neisseria,0,5579
"(878.8421052631579, 828.719298245614)",Fusobacterium,0,5580
"(878.8378378378378, 1298.8198198198197)",Neisseria,0,5581
"(879.5652173913044, 1357.6521739130435)",Veillonella,0,5582
"(881.7058823529412, 1448.8970588235295)",Neisseria,0,5583
"(879.3584905660377, 3.1320754716981134)",Saccharibacteria,0,5584
"(880.4225352112676, 54.014084507042256)",Pasteurellaceae,0,5585
"(881.6301369863014, 203.3835616438356)",Veillonella,0,5586
"(879.6307692307693, 234.2)",Actinomyces,0,5587
"(881.7727272727273, 522.6590909090909)",Campylobacter,0,5588
"(882.125, 966.3409090909091)",Corynebacterium,0,5589
"(882.4252873563219, 703.0574712643678)",Streptococcus,0,5591
"(881.560975609756, 910.109756097561)",Veillonella,0,5592
"(884.1282051282051, 1015.1709401709402)",Fusobacterium,0,5593
"(883.5625, 1105.375)",Fusobacterium,0,5594
"(885.9823008849557, 1280.070796460177)",Neisseria,0,5595
"(884.7058823529412, 548.5686274509804)",Neisseria,0,5596
"(885.4411764705883, 1256.6617647058824)",Neisseria,0,5599
"(882.32, 1390.128)",Neisseria,0,5600
"(884.8272727272728, 268.5181818181818)",Streptococcus,0,5601
"(884.0928571428572, 356.97857142857146)",Neisseria,0,5602
"(884.0843373493976, 462.9759036144578)",Porphyromonas,0,5603
"(885.3947368421053, 726.0921052631579)",Fusobacterium,0,5604
"(883.563829787234, 1371.3936170212767)",Neisseria,0,5605
"(887.0588235294117, 92.23529411764706)",Leptotrichia,0,5606
"(883.5483870967741, 595.4086021505376)",Veillonella,0,5607
"(884.0327868852459, 771.9180327868852)",Neisseria,0,5608
"(892.155737704918, 1091.0819672131147)",Fusobacterium,0,5609
"(885.7317073170732, 1520.0731707317073)",Neisseria,0,5610
"(886.8434782608696, 1564.4173913043478)",Neisseria,0,5611
"(883.6376811594203, 1596.6376811594203)",Neisseria,0,5612
"(885.75, 252.67857142857142)",Pasteurellaceae,0,5615
"(886.3478260869565, 810.4956521739131)",Veillonella,0,5616
"(892.2645161290322, 1757.9225806451614)",Porphyromonas,0,5618
"(889.1139240506329, 57.46835443037975)",Neisseria,0,5621
"(888.7307692307693, 188.41346153846155)",Neisseria,0,5622
"(886.8684210526316, 333.3421052631579)",Neisseria,0,5623
"(883.78, 635.42)",Veillonella,0,5625
"(886.5612244897959, 873.1632653061224)",Rothia,0,5626
"(888.6, 1124.6380952380953)",Capnocytophaga,0,5627
"(892.3047619047619, 1176.7714285714285)",Fusobacterium,0,5628
"(892.2028301886793, 981.6320754716982)",Fusobacterium,0,5631
"(887.1698113207547, 997.3490566037735)",Fusobacterium,0,5632
"(888.5584415584416, 125.96103896103897)",Veillonella,0,5633
"(891.4324324324324, 454.4684684684685)",Porphyromonas,0,5634
"(888.9058823529411, 675.6941176470589)",Veillonella,0,5635
"(888.9027777777778, 956.125)",Fusobacterium,0,5636
"(890.6071428571429, 1313.5267857142858)",Neisseria,0,5637
"(888.875, 1492.0)",Neisseria,0,5638
"(890.5694444444445, 1609.625)",Neisseria,0,5639
"(889.126582278481, 378.30379746835445)",Neisseria,0,5640
"(890.3611111111111, 484.7638888888889)",Veillonella,0,5641
"(899.9433962264151, 622.1037735849056)",Veillonella,0,5642
"(889.8676470588235, 659.9852941176471)",Veillonella,0,5643
"(888.5, 757.5)",Streptococcus,0,5644
"(889.4, 836.9066666666666)",Veillonella,0,5645
"(887.7721518987341, 1065.3544303797469)",Fusobacterium,0,5646
"(888.9072164948453, 1343.5051546391753)",Neisseria,0,5647
"(889.1272727272727, 1460.8181818181818)",Neisseria,0,5648
"(889.1320754716982, 162.96226415094338)",Selenomonas,0,5650
"(891.6779661016949, 200.67796610169492)",Veillonella,0,5651
"(890.8279569892474, 240.10752688172042)",Veillonella,0,5652
"(892.6666666666666, 899.5)",Fusobacterium,0,5653
"(891.29, 924.33)",Neisseria,0,5654
"(891.9354838709677, 1078.8225806451612)",Fusobacterium,0,5655
"(889.4107142857143, 1404.3214285714287)",Actinomyces,0,5656
"(894.9276315789474, 1475.328947368421)",Neisseria,0,5657
"(891.457627118644, 12.440677966101696)",Veillonella,0,5658
"(890.7619047619048, 285.14285714285717)",Streptococcus,0,5659
"(891.2033898305085, 1046.7118644067796)",Fusobacterium,0,5661
"(892.3885350318471, 1546.4585987261146)",Neisseria,0,5663
"(895.3482142857143, 937.5357142857143)",Veillonella,0,5665
"(894.9555555555555, 1655.0444444444445)",Neisseria,0,5667
"(891.3380281690141, 1946.718309859155)",Fusobacterium,0,5668
"(897.59375, 139.53125)",Veillonella,0,5669
"(895.078947368421, 436.24342105263156)",Neisseria,0,5671
"(898.3619047619047, 474.7047619047619)",Veillonella,0,5672
"(898.1153846153846, 777.6410256410256)",Neisseria,0,5673
"(894.6923076923077, 804.7307692307693)",Pasteurellaceae,0,5674
"(896.275641025641, 1296.1089743589744)",Neisseria,0,5675
"(898.46875, 403.3020833333333)",Actinomyces,0,5676
"(893.5762711864406, 642.271186440678)",Capnocytophaga,0,5677
"(894.3714285714286, 691.0142857142857)",Veillonella,0,5678
"(895.219298245614, 1028.201754385965)",Fusobacterium,0,5679
"(898.7952755905512, 1100.8976377952756)",Corynebacterium,0,5680
"(896.7724550898204, 35.34131736526946)",Neisseria,0,5681
"(894.8615384615384, 527.5846153846154)",Neisseria,0,5682
"(896.1486486486486, 741.8108108108108)",Fusobacterium,0,5683
"(895.5263157894736, 1147.8157894736842)",Corynebacterium,0,5684
"(901.0944881889764, 1355.748031496063)",Neisseria,0,5685
"(895.4237288135594, 1588.4406779661017)",Neisseria,0,5686
"(894.26, 1628.08)",Veillonella,0,5687
"(896.2115384615385, 2.7115384615384617)",Neisseria,0,5689
"(895.8311688311688, 418.61038961038963)",Neisseria,0,5690
"(897.1349206349206, 501.2936507936508)",Veillonella,0,5691
"(895.547619047619, 1219.607142857143)",Neisseria,0,5692
"(903.6883720930233, 1413.9488372093024)",Neisseria,0,5693
"(902.3245033112582, 1456.2119205298013)",Neisseria,0,5694
"(897.3863636363636, 603.4090909090909)",Neisseria,0,5697
"(897.2542372881356, 717.6101694915254)",Selenomonas,0,5698
"(895.6730769230769, 1383.2692307692307)",Neisseria,0,5701
"(900.7669172932331, 1437.1804511278197)",Neisseria,0,5702
"(898.5222222222222, 1641.1888888888889)",Neisseria,0,5703
"(901.0959595959596, 1980.2626262626263)",Fusobacterium,0,5704
"(900.4583333333334, 212.0)",Streptococcus,0,5706
"(898.8, 580.1272727272727)",Veillonella,0,5707
"(897.5797101449275, 1368.4057971014493)",Neisseria,0,5708
"(898.6268656716418, 255.37313432835822)",Actinomyces,0,5709
"(901.7614678899082, 299.1926605504587)",Corynebacterium,0,5710
"(899.3454545454546, 557.9818181818182)",Neisseria,0,5711
"(899.7837837837837, 704.1756756756756)",Veillonella,0,5712
"(899.3304347826087, 859.7913043478261)",Fusobacterium,0,5713
"(900.7152777777778, 1204.9722222222222)",Veillonella,0,5714
"(907.9144385026738, 1316.0213903743315)",Neisseria,0,5715
"(899.8918918918919, 1334.554054054054)",Neisseria,0,5716
"(899.8666666666667, 176.57333333333332)",Pasteurellaceae,0,5717
"(899.5425531914893, 274.8829787234043)",Streptococcus,0,5718
"(902.8928571428571, 882.6785714285714)",Rothia,0,5720
"(901.0140845070423, 1051.6338028169014)",Fusobacterium,0,5721
"(899.7073170731708, 1067.1463414634147)",Fusobacterium,0,5722
"(904.8686131386861, 159.4087591240876)",Saccharibacteria,0,5723
"(905.5957446808511, 229.11347517730496)",Treponema,0,5724
"(900.1607142857143, 330.8392857142857)",Pasteurellaceae,0,5725
"(902.5494505494505, 358.6923076923077)",Neisseria,0,5726
"(903.9724770642201, 458.348623853211)",Selenomonas,0,5727
"(902.8684210526316, 682.3552631578947)",Fusobacterium,0,5728
"(901.0, 759.3050847457627)",Fusobacterium,0,5730
"(903.5783132530121, 801.3373493975904)",Veillonella,0,5731
"(901.3229166666666, 965.2708333333334)",Neisseria,0,5732
"(901.0681818181819, 1010.6590909090909)",Fusobacterium,0,5733
"(905.275, 1264.2583333333334)",Neisseria,0,5734
"(901.7358490566038, 1601.3962264150944)",Veillonella,0,5735
"(902.1506849315068, 1763.6027397260275)",Fusobacterium,0,5736
"(904.933962264151, 1950.754716981132)",Fusobacterium,0,5737
"(906.2519083969465, 72.61068702290076)",Veillonella,0,5738
"(903.8641975308642, 341.85185185185185)",Pasteurellaceae,0,5739
"(901.5555555555555, 544.7333333333333)",Neisseria,0,5740
"(904.9305555555555, 1517.951388888889)",Neisseria,0,5741
"(901.6705882352941, 1932.2117647058824)",Fusobacterium,0,5742
"(902.1098901098901, 379.46153846153845)",Neisseria,0,5743
"(903.2987012987013, 648.4415584415584)",Veillonella,0,5744
"(905.0201342281879, 1394.9060402684563)",Neisseria,0,5745
"(904.5801526717557, 1571.5419847328244)",Neisseria,0,5746
"(904.6701030927835, 1615.2371134020618)",Neisseria,0,5747
"(904.6867469879518, 595.5783132530121)",Veillonella,0,5748
"(903.828125, 843.5625)",Veillonella,0,5749
"(909.4159292035398, 1963.8141592920354)",Fusobacterium,0,5751
"(906.1770833333334, 518.3541666666666)",Neisseria,0,5752
"(908.9246575342465, 1122.5479452054794)",Fusobacterium,0,5753
"(907.929292929293, 1148.1515151515152)",Fusobacterium,0,5754
"(906.2134831460675, 1494.0112359550562)",Neisseria,0,5755
"(906.7432432432432, 197.0)",Veillonella,0,5756
"(906.1538461538462, 825.1442307692307)",Capnocytophaga,0,5757
"(907.4778761061947, 951.6460176991151)",Neisseria,0,5758
"(906.4777777777778, 1228.7222222222222)",Neisseria,0,5759
"(907.8879310344828, 99.13793103448276)",Veillonella,0,5761
"(910.8315789473684, 284.8315789473684)",Corynebacterium,0,5762
"(909.6746031746031, 322.015873015873)",Neisseria,0,5763
"(911.4491017964071, 572.5329341317365)",Veillonella,0,5764
"(908.2359550561798, 633.4157303370787)",Veillonella,0,5765
"(907.5593220338983, 1474.5762711864406)",Neisseria,0,5767
"(908.9620253164557, 22.59493670886076)",Neisseria,0,5768
"(908.7692307692307, 249.28205128205127)",Actinomyces,0,5769
"(909.8, 898.4)",Veillonella,0,5770
"(908.87, 1377.26)",Neisseria,0,5771
"(907.7142857142857, 1549.0068027210884)",Neisseria,0,5772
"(909.6875, 1716.419642857143)",Veillonella,0,5773
"(914.8142857142857, 1930.1857142857143)",Fusobacterium,0,5774
"(909.5686274509804, 394.4313725490196)",Neisseria,0,5776
"(911.1698113207547, 431.0566037735849)",Fusobacterium,0,5777
"(908.9565217391304, 1033.3478260869565)",Fusobacterium,0,5780
"(908.5757575757576, 1076.909090909091)",Corynebacterium,0,5781
"(910.1294117647059, 992.6470588235294)",Rothia,0,5782
"(909.3775510204082, 1169.6632653061224)",Veillonella,0,5783
"(914.4, 1284.894117647059)",Neisseria,0,5784
"(913.4315789473684, 5.936842105263158)",Veillonella,0,5786
"(912.2470588235294, 503.8235294117647)",Treponema,0,5787
"(911.3561643835617, 531.7260273972603)",Corynebacterium,0,5788
"(910.1527777777778, 745.1666666666666)",Veillonella,0,5789
"(916.2548076923077, 760.7451923076923)",Fusobacterium,0,5790
"(912.4222222222222, 916.2833333333333)",Veillonella,0,5791
"(914.8145161290323, 1297.7903225806451)",Neisseria,0,5792
"(909.719298245614, 1342.122807017544)",Neisseria,0,5793
"(920.0841584158416, 1590.029702970297)",Neisseria,0,5794
"(915.6971830985915, 46.105633802816904)",Veillonella,0,5795
"(916.0714285714286, 487.23571428571427)",Veillonella,0,5796
"(913.0, 862.8928571428571)",Fusobacterium,0,5797
"(912.25, 1006.8928571428571)",Fusobacterium,0,5798
"(913.4933333333333, 130.08)",Veillonella,0,5800
"(915.8055555555555, 310.8333333333333)",Neisseria,0,5801
"(915.8938053097345, 413.49557522123894)",Neisseria,0,5802
"(911.7857142857143, 654.375)",Veillonella,0,5803
"(914.4805194805194, 696.5584415584416)",Veillonella,0,5804
"(916.6470588235294, 780.3352941176471)",Streptococcus,0,5805
"(913.4887218045113, 1887.3383458646617)",Fusobacterium,0,5807
"(914.6363636363636, 712.1477272727273)",Veillonella,0,5810
"(916.6940298507462, 1055.044776119403)",Fusobacterium,0,5811
"(913.2840909090909, 1195.6704545454545)",Treponema,0,5812
"(915.5773195876288, 1239.5567010309278)",Neisseria,0,5813
"(918.8, 1483.7478260869566)",Neisseria,0,5814
"(915.3796296296297, 1642.4722222222222)",Neisseria,0,5815
"(919.34375, 141.04166666666666)",Leptotrichia,0,5816
"(918.0648148148148, 172.64814814814815)",Saccharibacteria,0,5817
"(915.7654320987655, 352.9259259259259)",Neisseria,0,5818
"(916.0, 447.88709677419354)",Streptococcus,0,5819
"(914.9113924050633, 476.1645569620253)",Veillonella,0,5820
"(913.56, 552.12)",Neisseria,0,5821
"(918.2890625, 845.4453125)",Veillonella,0,5822
"(915.8555555555556, 938.3222222222222)",Neisseria,0,5823
"(916.1052631578947, 1328.8157894736842)",Neisseria,0,5824
"(916.0508474576271, 1656.4406779661017)",Streptococcus,0,5826
"(919.5648854961833, 113.89312977099236)",Neisseria,0,5827
"(920.1030927835052, 984.0309278350516)",Neisseria,0,5828
"(916.9625, 1422.875)",Neisseria,0,5829
"(915.7666666666667, 1613.1333333333334)",Veillonella,0,5830
"(917.816513761468, 1900.7706422018348)",Fusobacterium,0,5831
"(921.0793650793651, 264.25396825396825)",Veillonella,0,5832
"(917.0519480519481, 672.9350649350649)",Veillonella,0,5834
"(918.3728813559322, 813.8728813559322)",Streptococcus,0,5835
"(916.7460317460317, 962.7142857142857)",Veillonella,0,5836
"(917.5492957746479, 1180.8028169014085)",Streptococcus,0,5837
"(917.6138613861386, 1216.7326732673268)",Saccharibacteria,0,5838
"(920.7857142857143, 1464.4375)",Neisseria,0,5839
"(922.9277108433735, 215.15261044176708)",Streptococcus,0,5840
"(921.8533333333334, 884.9666666666667)",Veillonella,0,5841
"(926.1838565022422, 1015.0493273542601)",Fusobacterium,0,5842
"(920.6811594202899, 1096.5217391304348)",Fusobacterium,0,5843
"(920.3928571428571, 512.9107142857143)",Neisseria,0,5844
"(920.8448275862069, 592.4310344827586)",Veillonella,0,5845
"(920.12, 724.74)",Neisseria,0,5846
"(922.1584158415842, 1261.3861386138615)",Neisseria,0,5848
"(923.936936936937, 1443.6396396396397)",Neisseria,0,5849
"(920.8175182481751, 1703.948905109489)",Veillonella,0,5850
"(921.4666666666667, 62.142857142857146)",Treponema,0,5851
"(923.8595041322315, 293.77685950413223)",Veillonella,0,5852
"(920.25, 795.2738095238095)",Fusobacterium,0,5854
"(921.1475409836065, 972.7377049180328)",Neisseria,0,5855
"(921.7234042553191, 1135.8936170212767)",Fusobacterium,0,5856
"(921.6131386861314, 1505.094890510949)",Neisseria,0,5857
"(925.8211920529801, 1915.8940397350993)",Fusobacterium,0,5858
"(923.940594059406, 11.227722772277227)",Treponema,0,5859
"(923.3, 94.41818181818182)",Veillonella,0,5860
"(922.8192771084338, 339.72289156626505)",Neisseria,0,5861
"(921.5274725274726, 362.74725274725273)",Neisseria,0,5862
"(922.1976744186046, 606.2906976744187)",Actinomyces,0,5863
"(921.4285714285714, 688.8285714285714)",Veillonella,0,5864
"(922.4305555555555, 831.4444444444445)",Treponema,0,5865
"(922.75, 868.421875)",Fusobacterium,0,5866
"(924.1544715447154, 1034.6666666666667)",Fusobacterium,0,5867
"(920.9310344827586, 1079.1264367816093)",Fusobacterium,0,5868
"(923.2783505154639, 1109.1649484536083)",Fusobacterium,0,5869
"(919.7872340425532, 1155.3297872340424)",Fusobacterium,0,5870
"(922.0181818181818, 1370.8181818181818)",Neisseria,0,5871
"(921.9444444444445, 1973.1777777777777)",Fusobacterium,0,5872
"(926.5106382978723, 235.87943262411346)",Streptococcus,0,5873
"(923.265625, 1349.4140625)",Neisseria,0,5874
"(921.5434782608696, 1543.7826086956522)",Neisseria,0,5875
"(923.1458333333334, 1683.3958333333333)",Neisseria,0,5876
"(923.1379310344828, 189.13793103448276)",Veillonella,0,5877
"(924.4933333333333, 543.2133333333334)",Veillonella,0,5878
"(923.1192660550458, 560.4862385321101)",Neisseria,0,5879
"(921.859649122807, 1391.140350877193)",Neisseria,0,5880
"(925.1063829787234, 1406.372340425532)",Neisseria,0,5881
"(925.6106194690266, 1526.2654867256638)",Veillonella,0,5882
"(924.5188679245283, 1847.867924528302)",Porphyromonas,0,5883
"(923.3260869565217, 1989.8623188405797)",Fusobacterium,0,5884
"(924.0657894736842, 385.44736842105266)",Neisseria,0,5885
"(924.2741935483871, 462.3709677419355)",Veillonella,0,5886
"(923.3275862068965, 528.7068965517242)",Leptotrichia,0,5887
"(928.1942446043165, 626.0143884892086)",Neisseria,0,5888
"(926.5801526717557, 1071.4274809160306)",Fusobacterium,0,5889
"(925.6949152542373, 1562.3813559322034)",Veillonella,0,5890
"(924.7326732673267, 1828.2673267326732)",Porphyromonas,0,5891
"(927.2352941176471, 78.2156862745098)",Streptococcus,0,5892
"(924.8105263157895, 155.4)",Veillonella,0,5893
"(924.3, 398.2)",Neisseria,0,5894
"(924.6862745098039, 640.1176470588235)",Neisseria,0,5895
"(926.716049382716, 1202.0864197530864)",Neisseria,0,5896
"(927.0, 1632.398148148148)",Saccharibacteria,0,5897
"(932.0233918128655, 1650.3567251461989)",Neisseria,0,5898
"(928.3645833333334, 128.05208333333334)",Veillonella,0,5900
"(931.8508287292817, 323.1160220994475)",Neisseria,0,5901
"(930.3039215686274, 586.4215686274509)",Prevotella,0,5902
"(926.0, 655.2142857142857)",Veillonella,0,5903
"(926.5322580645161, 746.0967741935484)",Treponema,0,5904
"(927.688524590164, 1226.360655737705)",Porphyromonas,0,5905
"(927.0933333333334, 1280.9466666666667)",Neisseria,0,5906
"(927.6543209876543, 1608.2345679012346)",Veillonella,0,5907
"(926.8214285714286, 1873.2714285714285)",Porphyromonas,0,5908
"(926.2857142857143, 1950.4761904761904)",Fusobacterium,0,5909
"(928.3529411764706, 33.07058823529412)",Veillonella,0,5910
"(928.6206896551724, 910.3218390804598)",Neisseria,0,5911
"(929.3577981651376, 1331.7981651376147)",Neisseria,0,5913
"(932.25, 249.45625)",Veillonella,0,5914
"(931.453781512605, 278.9495798319328)",Neisseria,0,5915
"(928.5294117647059, 993.5411764705882)",Neisseria,0,5916
"(932.1935483870968, 54.17204301075269)",Neisseria,0,5917
"(930.8682170542636, 956.2170542635658)",Streptococcus,0,5919
"(929.5925925925926, 1315.6296296296296)",Neisseria,0,5920
"(930.7115384615385, 305.61538461538464)",Porphyromonas,0,5921
"(930.1709401709402, 428.2393162393162)",Neisseria,0,5922
"(930.1168831168832, 705.5194805194806)",Veillonella,0,5923
"(930.5595238095239, 1247.642857142857)",Streptococcus,0,5926
"(929.8518518518518, 1428.0123456790122)",Neisseria,0,5927
"(930.5901639344262, 1450.8852459016393)",Neisseria,0,5928
"(930.4347826086956, 1578.4347826086957)",Neisseria,0,5929
"(933.7448979591836, 1859.7142857142858)",Fusobacterium,0,5930
"(932.044776119403, 772.8955223880597)",Fusobacterium,0,5932
"(934.78125, 1178.8854166666667)",Streptococcus,0,5934
"(933.8407079646017, 1387.3097345132744)",Neisseria,0,5935
"(932.1948051948052, 1697.5064935064936)",Neisseria,0,5936
"(932.1639344262295, 1893.4590163934427)",Fusobacterium,0,5937
"(933.9803921568628, 480.8137254901961)",Veillonella,0,5939
"(931.9903846153846, 506.8173076923077)",Veillonella,0,5940
"(931.9154929577464, 819.6197183098592)",Streptococcus,0,5941
"(932.4230769230769, 1546.8846153846155)",Neisseria,0,5942
"(934.1304347826087, 346.83478260869566)",Neisseria,0,5943
"(942.3142857142857, 467.39428571428573)",Veillonella,0,5944
"(935.9222222222222, 670.0777777777778)",Fusobacterium,0,5945
"(937.9349112426036, 728.0177514792899)",Veillonella,0,5946
"(935.1988950276243, 841.1878453038674)",Fusobacterium,0,5947
"(932.8275862068965, 941.8965517241379)",Neisseria,0,5948
"(934.3098591549295, 1089.9295774647887)",Fusobacterium,0,5949
"(933.9215686274509, 1126.6176470588234)",Fusobacterium,0,5950
"(936.7372262773723, 1157.948905109489)",Fusobacterium,0,5951
"(941.4342105263158, 1215.657894736842)",Fusobacterium,0,5952
"(936.6486486486486, 1476.4234234234234)",Neisseria,0,5953
"(936.7692307692307, 1503.4903846153845)",Neisseria,0,5954
"(936.4791666666666, 975.375)",Neisseria,0,5957
"(934.90625, 173.015625)",Veillonella,0,5959
"(940.3356643356643, 692.9020979020979)",Neisseria,0,5961
"(940.04, 761.7066666666667)",Fusobacterium,0,5962
"(935.7951807228916, 786.6024096385543)",Fusobacterium,0,5963
"(935.3661971830986, 921.0845070422536)",Veillonella,0,5964
"(935.4125, 1301.3125)",Neisseria,0,5965
"(937.1363636363636, 1961.6636363636364)",Fusobacterium,0,5966
"(937.1008403361344, 448.2268907563025)",Neisseria,0,5968
"(939.9823008849557, 808.6194690265487)",Streptococcus,0,5970
"(937.8983050847457, 1052.3135593220338)",Fusobacterium,0,5971
"(939.0450450450451, 1111.5225225225224)",Fusobacterium,0,5972
"(936.1147540983607, 1194.950819672131)",Veillonella,0,5973
"(940.3355263157895, 1271.2434210526317)",Neisseria,0,5974
"(943.9873417721519, 1620.9367088607594)",Veillonella,0,5975
"(941.7539267015707, 1930.6910994764398)",Fusobacterium,0,5977
"(940.025641025641, 107.83333333333333)",Neisseria,0,5978
"(937.6666666666666, 195.37142857142857)",Veillonella,0,5979
"(940.89, 410.57)",Neisseria,0,5980
"(941.4305555555555, 520.8680555555555)",Veillonella,0,5981
"(937.7596153846154, 540.8461538461538)",Veillonella,0,5982
"(937.0338983050848, 800.1016949152543)",Fusobacterium,0,5983
"(937.7857142857143, 862.5428571428571)",Veillonella,0,5984
"(939.7244897959183, 1141.3877551020407)",Fusobacterium,0,5985
"(937.0263157894736, 1367.359649122807)",Neisseria,0,5986
"(938.082191780822, 1489.6575342465753)",Veillonella,0,5987
"(940.5703703703704, 1826.0592592592593)",Streptococcus,0,5988
"(938.3783783783783, 87.24324324324324)",Neisseria,0,5990
"(938.8271604938271, 149.8641975308642)",Actinomyces,0,5991
"(940.1801801801802, 391.2522522522523)",Neisseria,0,5992
"(939.438596491228, 559.140350877193)",Neisseria,0,5993
"(939.6627906976744, 641.0)",Veillonella,0,5994
"(940.1473684210526, 655.578947368421)",Veillonella,0,5995
"(944.780487804878, 1022.7621951219512)",Fusobacterium,0,5997
"(941.1388888888889, 1330.0833333333333)",Neisseria,0,5998
"(938.6, 1406.1454545454546)",Neisseria,0,5999
"(943.048275862069, 1883.7862068965517)",Fusobacterium,0,6000
"(941.2234042553191, 1977.2340425531916)",Fusobacterium,0,6001
"(940.0, 374.04615384615386)",Neisseria,0,6002
"(940.4177215189874, 616.3291139240506)",Neisseria,0,6005
"(939.3508771929825, 746.3508771929825)",Fusobacterium,0,6006
"(940.3866666666667, 1286.3733333333332)",Neisseria,0,6007
"(940.3384615384615, 1461.2769230769231)",Neisseria,0,6008
"(939.8870967741935, 1801.983870967742)",Fusobacterium,0,6010
"(947.6470588235294, 354.71176470588233)",Neisseria,0,6012
"(943.9772727272727, 879.5833333333334)",Veillonella,0,6013
"(944.4685714285714, 1526.6857142857143)",Neisseria,0,6014
"(942.2345679012345, 1585.9259259259259)",Neisseria,0,6015
"(945.612676056338, 1685.725352112676)",Neisseria,0,6016
"(942.6436781609195, 121.70114942528735)",Veillonella,0,6017
"(945.2521008403361, 313.06722689075633)",Neisseria,0,6018
"(944.6666666666666, 988.752688172043)",Neisseria,0,6019
"(941.8674698795181, 1071.879518072289)",Fusobacterium,0,6020
"(941.506329113924, 1236.3291139240507)",Neisseria,0,6021
"(942.8059701492538, 939.5970149253732)",Neisseria,0,6023
"(945.5102040816327, 1427.265306122449)",Neisseria,0,6024
"(943.3968253968254, 1537.8095238095239)",Neisseria,0,6025
"(944.4918032786885, 1644.2622950819673)",Neisseria,0,6026
"(951.4916201117319, 278.0)",Veillonella,0,6027
"(952.3525641025641, 1007.0961538461538)",Neisseria,0,6028
"(945.8041237113403, 31.02061855670103)",Veillonella,0,6029
"(946.2831858407079, 68.20353982300885)",Neisseria,0,6030
"(951.6363636363636, 708.3636363636364)",Neisseria,0,6031
"(948.468253968254, 1035.4126984126983)",Fusobacterium,0,6032
"(944.4945054945055, 1252.4945054945056)",Neisseria,0,6033
"(943.68, 1311.46)",Neisseria,0,6034
"(949.2556390977444, 1347.1353383458647)",Neisseria,0,6035
"(945.0963855421687, 1551.3373493975903)",Neisseria,0,6036
"(945.045871559633, 1902.4587155963302)",Fusobacterium,0,6037
"(945.7794117647059, 493.0882352941176)",Veillonella,0,6038
"(949.6029411764706, 586.3382352941177)",Veillonella,0,6039
"(947.5454545454545, 628.6623376623377)",Neisseria,0,6040
"(951.079268292683, 222.6158536585366)",Selenomonas,0,6042
"(950.1481481481482, 428.81481481481484)",Veillonella,0,6043
"(948.5443037974684, 834.2025316455696)",Streptococcus,0,6044
"(947.1935483870968, 898.483870967742)",Veillonella,0,6045
"(949.91, 1083.54)",Fusobacterium,0,6046
"(951.2285714285714, 1096.8095238095239)",Fusobacterium,0,6047
"(948.6233766233767, 183.4805194805195)",Veillonella,0,6049
"(949.0084745762712, 251.60169491525423)",Veillonella,0,6050
"(946.9310344827586, 950.0172413793103)",Neisseria,0,6052
"(949.6865671641791, 976.6268656716418)",Neisseria,0,6053
"(949.054945054945, 1185.2307692307693)",Fusobacterium,0,6054
"(948.8074074074074, 1379.2814814814815)",Neisseria,0,6055
"(950.6835443037975, 1760.9620253164558)",Fusobacterium,0,6056
"(948.5405405405405, 1868.8513513513512)",Fusobacterium,0,6057
"(949.847619047619, 139.36190476190475)",Leptotrichia,0,6058
"(949.5357142857143, 237.42857142857142)",Neisseria,0,6059
"(949.2596153846154, 605.9134615384615)",Neisseria,0,6060
"(949.3571428571429, 909.0833333333334)",Veillonella,0,6061
"(949.7636363636364, 1305.5454545454545)",Neisseria,0,6062
"(950.7809523809524, 1443.5523809523809)",Neisseria,0,6063
"(948.564705882353, 1731.4117647058824)",Neisseria,0,6064
"(948.8169014084507, 1807.225352112676)",Fusobacterium,0,6065
"(949.0, 1848.4776119402984)",Fusobacterium,0,6066
"(951.2727272727273, 17.285714285714285)",Neisseria,0,6067
"(951.776119402985, 673.044776119403)",Veillonella,0,6068
"(949.5185185185185, 738.6481481481482)",Veillonella,0,6069
"(950.6607142857143, 776.7142857142857)",Treponema,0,6070
"(948.8070175438596, 787.7368421052631)",Streptococcus,0,6071
"(950.125, 856.5089285714286)",Veillonella,0,6072
"(953.5377358490566, 1172.6792452830189)",Fusobacterium,0,6073
"(949.4603174603175, 1718.8095238095239)",Neisseria,0,6074
"(957.2222222222222, 1792.5555555555557)",Porphyromonas,0,6075
"(955.8715596330276, 961.6605504587156)",Neisseria,0,6076
"(954.4205607476636, 1069.803738317757)",Fusobacterium,0,6077
"(953.2150537634409, 1411.0430107526881)",Neisseria,0,6078
"(950.7254901960785, 1457.6274509803923)",Neisseria,0,6079
"(955.0674157303371, 1593.752808988764)",Neisseria,0,6080
"(952.1805555555555, 47.833333333333336)",Treponema,0,6081
"(954.8267716535433, 797.6535433070866)",Fusobacterium,0,6082
"(952.7570093457944, 1134.5233644859813)",Fusobacterium,0,6083
"(952.0454545454545, 1155.7727272727273)",Fusobacterium,0,6084
"(952.0769230769231, 1361.5192307692307)",Neisseria,0,6085
"(953.6041666666666, 1511.4583333333333)",Neisseria,0,6087
"(953.0, 1954.5061728395062)",Fusobacterium,0,6088
"(953.05, 78.45)",Neisseria,0,6089
"(953.15, 333.65)",Neisseria,0,6090
"(956.12, 749.21)",Treponema,0,6091
"(954.0175438596491, 993.3859649122807)",Neisseria,0,6092
"(952.5576923076923, 1053.8846153846155)",Corynebacterium,0,6093
"(957.7923076923076, 1396.7)",Neisseria,0,6094
"(953.2777777777778, 1698.1666666666667)",Neisseria,0,6095
"(958.2836879432624, 1916.7659574468084)",Fusobacterium,0,6096
"(958.0515463917526, 194.1958762886598)",Streptococcus,0,6097
"(954.6794871794872, 476.94871794871796)",Neisseria,0,6098
"(957.5398773006135, 1291.5521472392638)",Neisseria,0,6099
"(954.6214285714286, 1570.4928571428572)",Neisseria,0,6100
"(956.4380165289256, 1987.603305785124)",Fusobacterium,0,6101
"(957.3660714285714, 162.10714285714286)",Veillonella,0,6102
"(959.3791208791209, 304.45054945054943)",Neisseria,0,6103
"(955.360655737705, 557.9180327868852)",Veillonella,0,6105
"(954.2111111111111, 648.3111111111111)",Veillonella,0,6106
"(956.1978021978022, 729.7802197802198)",Veillonella,0,6107
"(959.2638036809816, 1315.1779141104294)",Neisseria,0,6108
"(956.3818181818182, 1723.290909090909)",Streptococcus,0,6109
"(955.1, 1778.18)",Fusobacterium,0,6110
"(957.8494623655914, 393.78494623655916)",Neisseria,0,6112
"(955.4, 409.75)",Neisseria,0,6113
"(959.0, 448.7739130434783)",Veillonella,0,6114
"(959.2075471698113, 526.9622641509434)",Neisseria,0,6115
"(963.1242937853108, 546.1299435028249)",Veillonella,0,6116
"(956.0131578947369, 570.6447368421053)",Neisseria,0,6117
"(956.5785123966942, 1230.5867768595042)",Fusobacterium,0,6118
"(958.5762711864406, 1820.2881355932204)",Fusobacterium,0,6119
"(956.0555555555555, 1857.2037037037037)",Fusobacterium,0,6120
"(957.4868421052631, 1938.657894736842)",Fusobacterium,0,6121
"(960.22, 369.78)",Neisseria,0,6122
"(960.4318181818181, 492.8484848484849)",Veillonella,0,6123
"(956.9659090909091, 819.0056818181819)",Fusobacterium,0,6124
"(957.027397260274, 1204.3835616438357)",Veillonella,0,6125
"(957.8252427184466, 1634.485436893204)",Veillonella,0,6128
"(962.0952380952381, 466.1309523809524)",Veillonella,0,6131
"(958.5352112676056, 765.3661971830986)",Veillonella,0,6132
"(959.609756097561, 925.5975609756098)",Veillonella,0,6133
"(960.7395833333334, 1040.8645833333333)",Fusobacterium,0,6134
"(959.7179487179487, 1114.3760683760684)",Fusobacterium,0,6135
"(957.5505617977528, 1254.8202247191011)",Veillonella,0,6136
"(960.6829268292682, 1484.5731707317073)",Neisseria,0,6137
"(958.0, 1806.3275862068965)",Fusobacterium,0,6138
"(971.047619047619, 689.0646258503401)",Veillonella,0,6139
"(962.7594936708861, 1551.746835443038)",Neisseria,0,6140
"(964.4859154929577, 11.028169014084508)",Neisseria,0,6142
"(960.5714285714286, 112.4873949579832)",Veillonella,0,6143
"(960.6923076923077, 848.3717948717949)",Fusobacterium,0,6144
"(962.2615384615384, 1363.7076923076922)",Neisseria,0,6145
"(960.074074074074, 1679.7222222222222)",Actinomyces,0,6146
"(959.0327868852459, 1903.344262295082)",Fusobacterium,0,6148
"(961.6842105263158, 1957.201754385965)",Fusobacterium,0,6149
"(961.5961538461538, 888.2980769230769)",Veillonella,0,6151
"(960.344262295082, 947.2622950819672)",Neisseria,0,6152
"(963.6071428571429, 1266.1785714285713)",Fusobacterium,0,6153
"(964.9560439560439, 1500.857142857143)",Neisseria,0,6154
"(968.6666666666666, 269.73015873015873)",Veillonella,0,6157
"(961.6231884057971, 1194.8260869565217)",Veillonella,0,6158
"(963.5420560747664, 1615.233644859813)",Prevotella,0,6159
"(963.3298969072165, 1653.1237113402062)",Veillonella,0,6160
"(965.5102040816327, 1750.1768707482993)",Streptococcus,0,6161
"(965.983606557377, 1872.9098360655737)",Fusobacterium,0,6162
"(963.1076923076923, 96.8)",Neisseria,0,6163
"(963.375, 130.63888888888889)",Veillonella,0,6164
"(963.6486486486486, 609.7027027027027)",Neisseria,0,6165
"(964.3287671232877, 913.7671232876712)",Veillonella,0,6166
"(963.3636363636364, 972.8181818181819)",Neisseria,0,6167
"(962.9193548387096, 1061.3225806451612)",Fusobacterium,0,6169
"(964.6285714285714, 1972.4285714285713)",Fusobacterium,0,6170
"(963.6071428571429, 146.60714285714286)",Veillonella,0,6172
"(963.271186440678, 232.96610169491527)",Veillonella,0,6173
"(963.9811320754717, 325.1509433962264)",Pasteurellaceae,0,6174
"(964.3636363636364, 593.9363636363636)",Veillonella,0,6175
"(964.8636363636364, 623.969696969697)",Neisseria,0,6176
"(964.3888888888889, 663.0925925925926)",Veillonella,0,6177
"(964.3018867924528, 1418.0377358490566)",Neisseria,0,6179
"(968.0491803278688, 1461.27868852459)",Saccharibacteria,0,6180
"(964.6825396825396, 1469.904761904762)",Corynebacterium,0,6181
"(967.1764705882352, 1832.4117647058824)",Fusobacterium,0,6182
"(965.6363636363636, 1929.0)",Fusobacterium,0,6183
"(964.7391304347826, 47.43478260869565)",Streptococcus,0,6184
"(964.8727272727273, 338.3818181818182)",Actinomyces,0,6185
"(967.130081300813, 781.2682926829268)",Veillonella,0,6186
"(965.24, 1156.84)",Veillonella,0,6187
"(964.2622950819672, 1351.360655737705)",Neisseria,0,6188
"(965.395061728395, 1383.530864197531)",Neisseria,0,6189
"(964.8135593220339, 1536.6101694915253)",Neisseria,0,6190
"(967.1739130434783, 27.942028985507246)",Treponema,0,6191
"(973.6165413533835, 635.0375939849624)",Veillonella,0,6192
"(967.8421052631579, 1087.3157894736842)",Fusobacterium,0,6194
"(967.1810344827586, 1183.9310344827586)",Veillonella,0,6195
"(967.6629213483146, 1331.876404494382)",Neisseria,0,6196
"(967.49, 1988.74)",Fusobacterium,0,6197
"(970.2558139534884, 179.96511627906978)",Capnocytophaga,0,6198
"(966.820895522388, 354.2985074626866)",Actinomyces,0,6199
"(966.4074074074074, 672.2777777777778)",Neisseria,0,6200
"(970.1238095238095, 1143.7809523809524)",Fusobacterium,0,6202
"(967.670731707317, 1431.2073170731708)",Neisseria,0,6203
"(971.1804511278195, 202.46616541353384)",Selenomonas,0,6205
"(972.2222222222222, 411.81944444444446)",Streptococcus,0,6206
"(967.4029850746268, 646.7164179104477)",Actinomyces,0,6207
"(973.056338028169, 871.7957746478874)",Fusobacterium,0,6208
"(971.6034482758621, 995.6293103448276)",Neisseria,0,6209
"(967.3846153846154, 1054.2692307692307)",Treponema,0,6210
"(969.7818181818182, 1101.290909090909)",Fusobacterium,0,6211
"(968.4301075268817, 1571.5591397849462)",Neisseria,0,6213
"(968.7640449438202, 1701.8202247191011)",Pasteurellaceae,0,6214
"(970.1, 1128.4625)",Fusobacterium,0,6216
"(969.1733333333333, 1447.6266666666668)",Rothia,0,6217
"(968.546875, 1599.796875)",Neisseria,0,6218
"(980.8294930875576, 1712.0184331797236)",Neisseria,0,6219
"(972.1414141414141, 249.58585858585857)",Corynebacterium,0,6221
"(970.3720930232558, 289.16279069767444)",Neisseria,0,6222
"(970.4055944055945, 506.4195804195804)",Veillonella,0,6223
"(969.0483870967741, 756.7096774193549)",Veillonella,0,6224
"(973.890756302521, 836.4789915966387)",Actinomyces,0,6225
"(974.572463768116, 1023.2608695652174)",Neisseria,0,6226
"(975.9466019417475, 1269.0485436893205)",Fusobacterium,0,6227
"(974.34375, 1587.1015625)",Neisseria,0,6228
"(970.7530864197531, 1669.567901234568)",Veillonella,0,6229
"(970.4025974025974, 1888.051948051948)",Fusobacterium,0,6230
"(973.4435483870968, 380.6532258064516)",Neisseria,0,6231
"(972.2021276595744, 951.4574468085107)",Veillonella,0,6232
"(975.4424242424243, 1204.1878787878788)",Fusobacterium,0,6233
"(972.6153846153846, 1343.2923076923078)",Neisseria,0,6234
"(973.8518518518518, 1778.5925925925926)",Fusobacterium,0,6235
"(973.8641975308642, 110.61728395061728)",Neisseria,0,6236
"(972.5, 217.7051282051282)",Streptococcus,0,6237
"(978.9664429530201, 474.255033557047)",Selenomonas,0,6239
"(972.3137254901961, 572.8039215686274)",Veillonella,0,6240
"(975.0645161290323, 799.3145161290323)",Capnocytophaga,0,6241
"(975.4111111111112, 1007.4)",Neisseria,0,6242
"(972.3880597014926, 1687.9402985074628)",Veillonella,0,6243
"(974.295652173913, 1851.2521739130434)",Fusobacterium,0,6244
"(974.0843373493976, 154.04819277108433)",Veillonella,0,6245
"(976.9230769230769, 533.6794871794872)",Neisseria,0,6246
"(973.6428571428571, 811.8392857142857)",Neisseria,0,6247
"(975.3271028037383, 1238.4859813084113)",Fusobacterium,0,6248
"(973.6, 1372.235294117647)",Neisseria,0,6249
"(976.8125, 1631.5625)",Neisseria,0,6250
"(973.3076923076923, 1901.8461538461538)",Fusobacterium,0,6251
"(974.72, 56.053333333333335)",Leptotrichia,0,6252
"(976.1348314606741, 232.9438202247191)",Veillonella,0,6253
"(975.1818181818181, 656.3376623376623)",Actinomyces,0,6254
"(976.7717391304348, 705.5760869565217)",Neisseria,0,6255
"(973.85, 743.25)",Veillonella,0,6256
"(975.0731707317074, 982.8048780487804)",Neisseria,0,6257
"(974.1212121212121, 1074.030303030303)",Fusobacterium,0,6258
"(974.3518518518518, 1115.3148148148148)",Corynebacterium,0,6259
"(974.797619047619, 76.97619047619048)",Neisseria,0,6261
"(974.2068965517242, 94.43103448275862)",Veillonella,0,6262
"(974.4444444444445, 444.31481481481484)",Saccharibacteria,0,6264
"(975.4819277108434, 1168.3614457831325)",Veillonella,0,6266
"(976.589928057554, 1291.4028776978416)",Fusobacterium,0,6267
"(974.9736842105264, 1315.3947368421052)",Neisseria,0,6268
"(976.536, 1407.64)",Neisseria,0,6269
"(976.4023668639053, 1801.3846153846155)",Fusobacterium,0,6270
"(975.6147540983607, 128.60655737704917)",Veillonella,0,6271
"(975.2597402597403, 1044.142857142857)",Neisseria,0,6272
"(979.081081081081, 1503.945945945946)",Neisseria,0,6273
"(980.8823529411765, 1645.1176470588234)",Neisseria,0,6274
"(977.0853658536586, 365.390243902439)",Selenomonas,0,6276
"(980.1209677419355, 459.8306451612903)",Streptococcus,0,6277
"(978.8034188034188, 926.5384615384615)",Veillonella,0,6279
"(978.6086956521739, 1522.195652173913)",Neisseria,0,6280
"(980.2578125, 1955.25)",Fusobacterium,0,6281
"(979.3142857142857, 523.5285714285715)",Veillonella,0,6282
"(979.5813953488372, 673.8604651162791)",Veillonella,0,6283
"(977.8448275862069, 1475.2586206896551)",Neisseria,0,6284
"(981.3644859813085, 1821.5981308411215)",Fusobacterium,0,6285
"(982.7410714285714, 1882.7142857142858)",Fusobacterium,0,6286
"(978.6760563380282, 1975.225352112676)",Fusobacterium,0,6287
"(979.1881188118812, 319.9207920792079)",Neisseria,0,6288
"(980.916129032258, 339.69032258064516)",Neisseria,0,6289
"(979.2051282051282, 599.6410256410256)",Veillonella,0,6290
"(979.472972972973, 732.4324324324324)",Neisseria,0,6291
"(981.1139240506329, 909.2405063291139)",Veillonella,0,6292
"(983.078125, 972.1640625)",Veillonella,0,6293
"(978.6470588235294, 1351.450980392157)",Neisseria,0,6295
"(980.1111111111111, 1539.2111111111112)",Neisseria,0,6297
"(982.5629921259842, 1738.1574803149606)",Fusobacterium,0,6298
"(978.6031746031746, 1990.4603174603174)",Fusobacterium,0,6299
"(982.546511627907, 489.27906976744185)",Veillonella,0,6300
"(981.6608695652174, 622.4956521739131)",Veillonella,0,6301
"(982.1764705882352, 1190.7941176470588)",Fusobacterium,0,6302
"(980.1216216216217, 1390.162162162162)",Neisseria,0,6303
"(981.0794392523364, 1611.7990654205607)",Neisseria,0,6304
"(979.9384615384615, 1654.7846153846153)",Neisseria,0,6305
"(980.6166666666667, 1935.3583333333333)",Fusobacterium,0,6306
"(984.0350877192982, 1059.1140350877192)",Fusobacterium,0,6309
"(982.8076923076923, 190.3846153846154)",Campylobacter,0,6310
"(982.2698412698413, 307.3492063492063)",Neisseria,0,6311
"(990.08125, 717.68125)",Veillonella,0,6312
"(983.9866666666667, 898.68)",Veillonella,0,6313
"(984.212389380531, 1486.8938053097345)",Neisseria,0,6314
"(983.3048780487804, 1916.530487804878)",Fusobacterium,0,6315
"(989.7796610169491, 770.2203389830509)",Neisseria,0,6316
"(984.6363636363636, 819.1428571428571)",Lautropia,0,6317
"(983.3466666666667, 858.3733333333333)",Veillonella,0,6318
"(985.5801526717557, 1113.9236641221373)",Fusobacterium,0,6319
"(983.9464285714286, 1425.1875)",Neisseria,0,6320
"(984.2428571428571, 1448.9785714285715)",Neisseria,0,6321
"(983.1212121212121, 1552.5454545454545)",Neisseria,0,6322
"(983.4621848739496, 503.890756302521)",Neisseria,0,6324
"(985.0581395348837, 555.0232558139535)",Veillonella,0,6325
"(988.4829931972789, 584.9795918367347)",Veillonella,0,6326
"(983.359375, 1663.28125)",Neisseria,0,6327
"(985.5316455696203, 1764.8481012658228)",Fusobacterium,0,6328
"(986.1969696969697, 248.24242424242425)",Treponema,0,6330
"(986.6506849315068, 278.54794520547944)",Fusobacterium,0,6331
"(986.3731343283582, 375.55223880597015)",Neisseria,0,6332
"(991.9803921568628, 1159.8039215686274)",Veillonella,0,6333
"(985.5925925925926, 1333.5833333333333)",Neisseria,0,6335
"(985.6447368421053, 1566.1973684210527)",Neisseria,0,6336
"(987.6428571428571, 1837.4910714285713)",Fusobacterium,0,6337
"(988.5672514619883, 176.66666666666666)",Veillonella,0,6339
"(986.7922077922078, 223.1818181818182)",Streptococcus,0,6340
"(989.165, 1138.93)",Fusobacterium,0,6341
"(990.1353383458646, 1177.9097744360902)",Fusobacterium,0,6342
"(988.2875, 29.8375)",Veillonella,0,6344
"(987.4032258064516, 63.41935483870968)",Treponema,0,6345
"(987.2405063291139, 95.9620253164557)",Veillonella,0,6346
"(986.6333333333333, 210.7)",Streptococcus,0,6347
"(987.8119658119658, 408.7350427350427)",Streptococcus,0,6348
"(989.1538461538462, 566.4871794871794)",Veillonella,0,6349
"(988.5921052631579, 1532.0263157894738)",Neisseria,0,6351
"(990.810606060606, 262.5984848484849)",Treponema,0,6352
"(987.7213114754098, 783.6229508196722)",Neisseria,0,6353
"(987.4461538461538, 1675.2307692307693)",Veillonella,0,6355
"(994.695652173913, 603.6666666666666)",Veillonella,0,6356
"(991.0526315789474, 753.2315789473685)",Veillonella,0,6357
"(990.3636363636364, 882.1623376623377)",Saccharibacteria,0,6358
"(988.2830188679245, 994.0377358490566)",Neisseria,0,6359
"(989.0588235294117, 1095.9411764705883)",Fusobacterium,0,6360
"(990.7142857142857, 1375.1587301587301)",Neisseria,0,6361
"(989.5454545454545, 1506.4545454545455)",Neisseria,0,6362
"(989.2121212121212, 50.45454545454545)",Veillonella,0,6363
"(992.88, 114.92)",Fusobacterium,0,6364
"(989.3604651162791, 353.3837209302326)",Saccharibacteria,0,6365
"(991.2463768115942, 428.7971014492754)",Streptococcus,0,6366
"(991.15, 632.05)",Veillonella,0,6367
"(992.6887417218543, 658.9403973509934)",Veillonella,0,6368
"(990.3059701492538, 1311.097014925373)",Neisseria,0,6369
"(993.6153846153846, 1350.7179487179487)",Neisseria,0,6370
"(996.2808510638298, 139.69787234042553)",Capnocytophaga,0,6371
"(991.2575757575758, 393.8484848484849)",Veillonella,0,6372
"(991.4285714285714, 448.44444444444446)",Streptococcus,0,6373
"(990.1271186440678, 945.6186440677966)",Porphyromonas,0,6374
"(993.3723404255319, 1041.3617021276596)",Veillonella,0,6375
"(992.7865168539325, 1263.1460674157304)",Veillonella,0,6376
"(990.8245614035088, 1771.7719298245613)",Fusobacterium,0,6377
"(991.1509433962265, 1810.4528301886792)",Fusobacterium,0,6378
"(993.49, 5.05)",Neisseria,0,6379
"(992.5576923076923, 126.15384615384616)",Rothia,0,6380
"(994.9439252336449, 159.3271028037383)",Neisseria,0,6381
"(993.0537634408602, 700.6451612903226)",Veillonella,0,6382
"(992.0625, 845.015625)",Neisseria,0,6383
"(991.0990099009902, 1012.8514851485148)",Neisseria,0,6384
"(996.4, 1437.4)",Neisseria,0,6385
"(993.6727272727272, 202.2)",Veillonella,0,6387
"(996.0736196319018, 239.7361963190184)",Fusobacterium,0,6388
"(993.25, 305.7375)",Actinomyces,0,6389
"(992.8571428571429, 521.2321428571429)",Veillonella,0,6390
"(991.9024390243902, 532.1219512195122)",Veillonella,0,6391
"(993.2222222222222, 737.1111111111111)",Actinomyces,0,6392
"(994.0340909090909, 830.2613636363636)",Veillonella,0,6393
"(994.7444444444444, 962.9444444444445)",Streptococcus,0,6394
"(992.6415094339623, 1071.433962264151)",Fusobacterium,0,6395
"(993.4629629629629, 1204.4907407407406)",Fusobacterium,0,6396
"(993.7078651685393, 1292.6516853932585)",Veillonella,0,6397
"(992.6571428571428, 1747.9)",Fusobacterium,0,6398
"(995.4117647058823, 75.07843137254902)",Veillonella,0,6399
"(993.4, 903.4428571428572)",Veillonella,0,6401
"(995.4297520661157, 1581.5785123966941)",Neisseria,0,6402
"(994.9397590361446, 1783.3614457831325)",Fusobacterium,0,6403
"(994.3214285714286, 1853.3690476190477)",Porphyromonas,0,6404
"(994.9444444444445, 1871.0)",Fusobacterium,0,6405
"(1000.5194805194806, 284.06493506493507)",Veillonella,0,6407
"(996.3855421686746, 481.6265060240964)",Selenomonas,0,6408
"(993.8857142857142, 809.7857142857143)",Veillonella,0,6409
"(999.0440251572327, 928.0)",Neisseria,0,6410
"(998.4723926380368, 1248.1472392638036)",Veillonella,0,6412
"(996.436170212766, 1276.1808510638298)",Veillonella,0,6413
"(995.9666666666667, 1401.9555555555555)",Neisseria,0,6414
"(996.5769230769231, 323.34615384615387)",Neisseria,0,6416
"(996.4225352112676, 367.15492957746477)",Saccharibacteria,0,6417
"(1001.7176470588236, 858.1176470588235)",Neisseria,0,6418
"(998.0173913043478, 1634.6347826086956)",Neisseria,0,6421
"(997.1439393939394, 1907.5)",Fusobacterium,0,6422
"(997.1827956989247, 1964.1397849462367)",Fusobacterium,0,6423
"(998.2627737226277, 1979.8613138686133)",Fusobacterium,0,6424
"(996.9480519480519, 501.2987012987013)",Neisseria,0,6425
"(1001.7337278106509, 793.0295857988166)",Neisseria,0,6426
"(998.170731707317, 975.3048780487804)",Neisseria,0,6427
"(1001.1595744680851, 1393.531914893617)",Neisseria,0,6428
"(1000.5241379310345, 1468.558620689655)",Neisseria,0,6429
"(996.1081081081081, 1549.945945945946)",Neisseria,0,6430
"(998.3846153846154, 1701.2307692307693)",Neisseria,0,6431
"(999.796875, 1079.640625)",Fusobacterium,0,6432
"(998.7592592592592, 1331.0740740740741)",Neisseria,0,6433
"(1000.1136363636364, 1453.6022727272727)",Neisseria,0,6434
"(1006.4222222222222, 1654.2888888888888)",Neisseria,0,6435
"(1003.8020304568528, 1738.233502538071)",Fusobacterium,0,6436
"(999.8139534883721, 1931.0232558139535)",Fusobacterium,0,6437
"(1002.8136645962733, 46.745341614906835)",Fusobacterium,0,6438
"(1007.8212290502794, 340.6033519553073)",Neisseria,0,6439
"(999.0823529411765, 1679.7882352941176)",Veillonella,0,6441
"(1000.6862745098039, 298.3137254901961)",Actinomyces,0,6442
"(1002.0737704918033, 1822.5901639344263)",Fusobacterium,0,6444
"(1007.5298507462686, 19.96268656716418)",Neisseria,0,6445
"(1001.328, 550.464)",Veillonella,0,6446
"(1001.9908256880734, 686.3577981651376)",Neisseria,0,6447
"(1001.7894736842105, 761.3157894736842)",Neisseria,0,6448
"(1003.2659574468086, 997.8404255319149)",Neisseria,0,6449
"(1000.8181818181819, 1018.4727272727273)",Fusobacterium,0,6450
"(1003.2926829268292, 1489.4634146341464)",Neisseria,0,6452
"(1004.9714285714285, 1800.8714285714286)",Fusobacterium,0,6454
"(1003.1184210526316, 220.25)",Capnocytophaga,0,6455
"(1003.1075268817204, 647.5913978494624)",Neisseria,0,6458
"(1009.3755274261604, 908.42194092827)",Fusobacterium,0,6459
"(1004.6764705882352, 1030.0294117647059)",Fusobacterium,0,6460
"(1002.2727272727273, 1055.1136363636363)",Fusobacterium,0,6461
"(1003.9009009009009, 1611.855855855856)",Neisseria,0,6462
"(1002.4864864864865, 1765.1081081081081)",Fusobacterium,0,6463
"(1002.1617647058823, 1841.6911764705883)",Fusobacterium,0,6464
"(1004.6027397260274, 443.4931506849315)",Streptococcus,0,6467
"(1007.616, 511.76)",Neisseria,0,6468
"(1005.3510638297872, 1104.223404255319)",Fusobacterium,0,6470
"(1003.3548387096774, 1123.8387096774193)",Fusobacterium,0,6471
"(1007.6, 1188.416)",Fusobacterium,0,6472
"(1004.2096774193549, 1429.5645161290322)",Neisseria,0,6473
"(1004.554347826087, 1505.0326086956522)",Neisseria,0,6474
"(1002.3285714285714, 1567.2285714285715)",Neisseria,0,6475
"(1003.4107142857143, 354.64285714285717)",Porphyromonas,0,6477
"(1005.6626506024096, 569.0240963855422)",Selenomonas,0,6478
"(1006.2755905511812, 947.511811023622)",Veillonella,0,6479
"(1003.5714285714286, 1067.9464285714287)",Fusobacterium,0,6480
"(1007.2903225806451, 119.83870967741936)",Veillonella,0,6481
"(1006.6842105263158, 255.76842105263157)",Streptococcus,0,6482
"(1004.7777777777778, 628.4111111111112)",Neisseria,0,6484
"(1006.4098360655738, 727.8196721311475)",Fusobacterium,0,6485
"(1003.2112676056338, 1224.7887323943662)",Fusobacterium,0,6487
"(1009.2857142857143, 105.51190476190476)",Selenomonas,0,6488
"(1005.1724137931035, 377.0)",Selenomonas,0,6489
"(1006.144, 400.312)",Streptococcus,0,6490
"(1008.3411764705883, 531.4)",Veillonella,0,6491
"(1007.6712328767123, 581.2602739726027)",Veillonella,0,6492
"(1008.8333333333334, 885.4126984126984)",Veillonella,0,6493
"(1007.6684782608696, 1319.3532608695652)",Treponema,0,6495
"(1006.7752808988764, 1361.1573033707866)",Neisseria,0,6496
"(1006.7752808988764, 1386.1685393258426)",Neisseria,0,6497
"(1006.8050314465409, 195.74213836477986)",Veillonella,0,6498
"(1008.7297297297297, 313.6621621621622)",Lautropia,0,6499
"(1013.3837837837838, 740.6162162162162)",Neisseria,0,6500
"(1005.9622641509434, 776.4150943396227)",Veillonella,0,6501
"(1007.8227848101266, 808.7594936708861)",Neisseria,0,6502
"(1007.3913043478261, 1151.6666666666667)",Fusobacterium,0,6503
"(1007.5972222222222, 1416.9027777777778)",Veillonella,0,6504
"(1009.9382716049382, 1898.5802469135801)",Fusobacterium,0,6505
"(1011.8181818181819, 173.4909090909091)",Veillonella,0,6506
"(1008.4556962025316, 1090.0506329113923)",Fusobacterium,0,6507
"(1010.370786516854, 1211.7191011235955)",Fusobacterium,0,6508
"(1009.5875, 1555.8125)",Neisseria,0,6509
"(1012.7065217391304, 325.5108695652174)",Selenomonas,0,6510
"(1008.5333333333333, 1135.0533333333333)",Fusobacterium,0,6513
"(1012.73, 422.32)",Streptococcus,0,6515
"(1010.9295774647887, 716.3802816901408)",Capnocytophaga,0,6516
"(1018.9248120300751, 1374.9323308270677)",Neisseria,0,6517
"(1011.8275862068965, 1579.9310344827586)",Neisseria,0,6518
"(1012.3493975903615, 1758.6265060240964)",Fusobacterium,0,6519
"(1011.6774193548387, 1785.505376344086)",Fusobacterium,0,6520
"(1010.5360824742268, 1857.7731958762886)",Fusobacterium,0,6521
"(1014.2773722627737, 1876.3722627737227)",Fusobacterium,0,6522
"(1010.0555555555555, 479.98148148148147)",Streptococcus,0,6523
"(1011.8018018018018, 967.1801801801802)",Veillonella,0,6524
"(1016.4234234234234, 1008.2882882882883)",Neisseria,0,6525
"(1011.0882352941177, 1167.735294117647)",Fusobacterium,0,6526
"(1012.6466165413534, 1990.6992481203008)",Porphyromonas,0,6527
"(1012.8529411764706, 90.74509803921569)",Fusobacterium,0,6528
"(1015.0, 268.9479166666667)",Veillonella,0,6529
"(1014.0970873786408, 701.252427184466)",Neisseria,0,6530
"(1015.6666666666666, 1256.59375)",Rothia,0,6531
"(1016.2992125984252, 1671.8897637795276)",Neisseria,0,6532
"(1018.3492822966507, 1943.1435406698565)",Fusobacterium,0,6533
"(1013.3529411764706, 144.02941176470588)",Fusobacterium,0,6534
"(1013.2873563218391, 612.5402298850574)",Neisseria,0,6535
"(1012.8405797101449, 1347.5217391304348)",Neisseria,0,6536
"(1016.0258064516129, 1446.3677419354838)",Neisseria,0,6537
"(1020.2311557788945, 1809.6683417085428)",Fusobacterium,0,6538
"(1012.983870967742, 1836.3387096774193)",Fusobacterium,0,6539
"(1014.2361111111111, 231.70833333333334)",Veillonella,0,6540
"(1014.2337662337662, 299.83116883116884)",Veillonella,0,6541
"(1013.876923076923, 367.73846153846154)",Streptococcus,0,6542
"(1015.3484848484849, 1281.8636363636363)",Veillonella,0,6544
"(1018.728813559322, 555.6271186440678)",Veillonella,0,6547
"(1018.6823529411764, 1337.0235294117647)",Neisseria,0,6549
"(1015.7428571428571, 1594.2857142857142)",Neisseria,0,6550
"(1021.3212435233161, 1965.7098445595855)",Fusobacterium,0,6552
"(1016.2676056338029, 133.18309859154928)",Fusobacterium,0,6553
"(1018.5873015873016, 159.88888888888889)",Porphyromonas,0,6554
"(1015.5, 461.9594594594595)",Streptococcus,0,6555
"(1017.5918367346939, 825.4591836734694)",Neisseria,0,6557
"(1016.0, 1048.2926829268292)",Fusobacterium,0,6558
"(1017.7289719626168, 1182.9065420560748)",Fusobacterium,0,6560
"(1016.3934426229508, 1228.4590163934427)",Veillonella,0,6561
"(1016.1384615384616, 1270.3538461538462)",Veillonella,0,6562
"(1022.5267857142857, 1924.9017857142858)",Fusobacterium,0,6563
"(1016.3137254901961, 354.5882352941176)",Actinomyces,0,6564
"(1017.0, 593.4270833333334)",Neisseria,0,6565
"(1017.7619047619048, 785.6309523809524)",Veillonella,0,6567
"(1018.9880952380952, 851.5238095238095)",Neisseria,0,6568
"(1016.0357142857143, 1073.1964285714287)",Fusobacterium,0,6569
"(1017.2615384615384, 1244.0923076923077)",Saccharibacteria,0,6570
"(1019.0530973451328, 1516.9823008849557)",Veillonella,0,6571
"(1019.588785046729, 1632.03738317757)",Neisseria,0,6572
"(1016.0625, 1688.7625)",Neisseria,0,6573
"(1018.4054054054054, 448.3243243243243)",Streptococcus,0,6574
"(1021.439024390244, 502.5365853658537)",Selenomonas,0,6575
"(1018.2142857142857, 866.1607142857143)",Neisseria,0,6576
"(1023.5776397515529, 1022.3229813664597)",Fusobacterium,0,6577
"(1018.632911392405, 1736.5696202531647)",Fusobacterium,0,6578
"(1021.5164835164835, 4.021978021978022)",Porphyromonas,0,6579
"(1020.2207792207793, 661.8961038961039)",Actinomyces,0,6580
"(1019.4285714285714, 1295.057142857143)",Veillonella,0,6581
"(1019.1636363636363, 1362.3090909090909)",Neisseria,0,6582
"(1019.6447368421053, 1431.578947368421)",Neisseria,0,6583
"(1019.9277108433735, 1491.9156626506024)",Neisseria,0,6584
"(1019.4444444444445, 1609.858585858586)",Neisseria,0,6585
"(1018.4, 1658.1833333333334)",Neisseria,0,6586
"(1022.625, 1827.9270833333333)",Fusobacterium,0,6587
"(1022.7542372881356, 200.135593220339)",Streptococcus,0,6588
"(1026.7777777777778, 212.08465608465607)",Streptococcus,0,6589
"(1019.179104477612, 1391.865671641791)",Neisseria,0,6591
"(1020.1621621621622, 1463.918918918919)",Neisseria,0,6592
"(1020.1964285714286, 1887.107142857143)",Fusobacterium,0,6593
"(1024.445652173913, 362.8695652173913)",Streptococcus,0,6595
"(1020.7011494252873, 398.0919540229885)",Streptococcus,0,6596
"(1025.4772727272727, 484.780303030303)",Streptococcus,0,6597
"(1022.2394366197183, 675.0281690140845)",Streptococcus,0,6598
"(1022.4545454545455, 1112.987012987013)",Fusobacterium,0,6600
"(1020.328947368421, 1140.8026315789473)",Fusobacterium,0,6601
"(1021.7777777777778, 1156.7654320987654)",Treponema,0,6602
"(1022.2608695652174, 1313.7536231884058)",Veillonella,0,6603
"(1023.5492957746479, 1504.2957746478874)",Neisseria,0,6604
"(1024.1075268817203, 1571.989247311828)",Veillonella,0,6605
"(1022.7586206896551, 722.5402298850574)",Leptotrichia,0,6606
"(1021.9861111111111, 765.6388888888889)",Actinomyces,0,6607
"(1022.8676470588235, 813.0441176470588)",Neisseria,0,6608
"(1022.0618556701031, 952.979381443299)",Capnocytophaga,0,6609
"(1021.3709677419355, 1415.6612903225807)",Neisseria,0,6612
"(1022.3149606299213, 1860.5669291338584)",Fusobacterium,0,6613
"(1022.9594594594595, 1981.0135135135135)",Corynebacterium,0,6614
"(1023.2205882352941, 380.6470588235294)",Selenomonas,0,6615
"(1022.7333333333333, 880.7733333333333)",Veillonella,0,6616
"(1028.44375, 993.4625)",Neisseria,0,6617
"(1026.247663551402, 1058.5)",Fusobacterium,0,6618
"(1022.74, 1081.58)",Fusobacterium,0,6619
"(1028.1347517730496, 1777.5035460992908)",Porphyromonas,0,6620
"(1026.4134615384614, 183.39423076923077)",Porphyromonas,0,6622
"(1026.704918032787, 930.2732240437158)",Veillonella,0,6624
"(1026.9827586206898, 1036.603448275862)",Actinomyces,0,6625
"(1026.0978260869565, 1754.195652173913)",Fusobacterium,0,6627
"(1033.0826086956522, 249.77826086956523)",Veillonella,0,6629
"(1029.84, 316.36)",Veillonella,0,6630
"(1024.7971014492753, 436.1014492753623)",Streptococcus,0,6632
"(1028.344827586207, 836.3333333333334)",Neisseria,0,6633
"(1025.287356321839, 894.4367816091954)",Veillonella,0,6634
"(1032.4358974358975, 1202.08547008547)",Fusobacterium,0,6635
"(1026.7835051546392, 1408.1030927835052)",Neisseria,0,6636
"(1027.032258064516, 616.0430107526881)",Actinomyces,0,6637
"(1025.8431372549019, 644.3137254901961)",Neisseria,0,6638
"(1028.4875, 108.9)",Veillonella,0,6639
"(1028.0338983050847, 287.3728813559322)",Veillonella,0,6640
"(1030.3306451612902, 409.30645161290323)",Streptococcus,0,6641
"(1028.517543859649, 524.7105263157895)",Actinomyces,0,6642
"(1029.0472440944882, 570.6692913385826)",Streptococcus,0,6643
"(1027.59375, 635.0625)",Streptococcus,0,6644
"(1028.1851851851852, 691.358024691358)",Veillonella,0,6645
"(1027.0, 1299.516129032258)",Veillonella,0,6646
"(1027.8793103448277, 1527.5689655172414)",Veillonella,0,6647
"(1028.9649122807018, 1910.5701754385964)",Fusobacterium,0,6648
"(1033.103448275862, 788.3965517241379)",Veillonella,0,6649
"(1027.4810126582279, 909.5443037974684)",Campylobacter,0,6650
"(1032.909090909091, 1127.8545454545454)",Fusobacterium,0,6651
"(1033.509090909091, 1165.6090909090908)",Fusobacterium,0,6652
"(1027.421052631579, 1217.8947368421052)",Fusobacterium,0,6653
"(1030.8560606060605, 1328.5530303030303)",Veillonella,0,6654
"(1035.1016042780748, 1654.5401069518716)",Veillonella,0,6656
"(1032.5633802816901, 457.59154929577466)",Streptococcus,0,6657
"(1032.247619047619, 1236.7904761904763)",Fusobacterium,0,6658
"(1033.0483870967741, 1600.516129032258)",Neisseria,0,6659
"(1033.5882352941176, 1732.5686274509803)",Fusobacterium,0,6660
"(1030.340909090909, 1843.1931818181818)",Fusobacterium,0,6661
"(1031.4117647058824, 68.82352941176471)",Porphyromonas,0,6662
"(1029.8028169014085, 86.69014084507042)",Veillonella,0,6663
"(1031.1408450704225, 140.80281690140845)",Fusobacterium,0,6664
"(1031.9714285714285, 268.6190476190476)",Veillonella,0,6665
"(1030.9305555555557, 501.77777777777777)",Streptococcus,0,6667
"(1034.8168316831684, 710.3861386138614)",Veillonella,0,6668
"(1034.1436781609195, 974.5574712643678)",Fusobacterium,0,6669
"(1029.4418604651162, 1278.8837209302326)",Veillonella,0,6670
"(1030.6666666666667, 17.183333333333334)",Veillonella,0,6671
"(1032.5922330097087, 227.70873786407768)",Fusobacterium,0,6672
"(1035.9417475728155, 445.19417475728153)",Streptococcus,0,6673
"(1033.0, 469.8709677419355)",Streptococcus,0,6674
"(1032.6708860759493, 539.4556962025316)",Pasteurellaceae,0,6675
"(1030.8076923076924, 598.5128205128206)",Pasteurellaceae,0,6677
"(1032.5851063829787, 654.0957446808511)",Actinomyces,0,6678
"(1030.6470588235295, 865.3823529411765)",Neisseria,0,6679
"(1032.4024390243903, 1179.7073170731708)",Fusobacterium,0,6680
"(1033.5135135135135, 1621.1531531531532)",Neisseria,0,6682
"(1030.34375, 1948.5625)",Fusobacterium,0,6683
"(1035.1803278688524, 296.1967213114754)",Neisseria,0,6684
"(1032.6415094339623, 349.5660377358491)",Porphyromonas,0,6685
"(1032.9777777777779, 1104.7777777777778)",Fusobacterium,0,6687
"(1036.9239130434783, 1221.4565217391305)",Fusobacterium,0,6688
"(1033.0, 1671.7291666666667)",Neisseria,0,6689
"(1038.9647887323943, 1993.943661971831)",Fusobacterium,0,6690
"(1032.65625, 807.0625)",Veillonella,0,6691
"(1032.6166666666666, 1149.0166666666667)",Fusobacterium,0,6693
"(1032.962962962963, 1263.2222222222222)",Fusobacterium,0,6694
"(1035.6448598130842, 1391.3364485981308)",Neisseria,0,6695
"(1035.25, 1453.2954545454545)",Neisseria,0,6696
"(1033.2542372881355, 1764.8305084745762)",Fusobacterium,0,6697
"(1032.857142857143, 165.83116883116884)",Porphyromonas,0,6698
"(1035.892857142857, 847.9196428571429)",Neisseria,0,6700
"(1034.0238095238096, 1438.9642857142858)",Neisseria,0,6701
"(1035.5353535353536, 1469.111111111111)",Neisseria,0,6702
"(1034.5454545454545, 1828.4545454545455)",Fusobacterium,0,6703
"(1041.0731707317073, 1873.7512195121951)",Fusobacterium,0,6704
"(1035.2264150943397, 1931.7924528301887)",Porphyromonas,0,6705
"(1034.828125, 387.5)",Streptococcus,0,6707
"(1034.6825396825398, 739.031746031746)",Saccharibacteria,0,6709
"(1036.131868131868, 1010.8351648351648)",Veillonella,0,6710
"(1037.0545454545454, 1637.3727272727272)",Neisseria,0,6712
"(1038.44, 682.84)",Porphyromonas,0,6714
"(1038.275590551181, 754.0236220472441)",Neisseria,0,6715
"(1036.5217391304348, 1348.1014492753623)",Neisseria,0,6716
"(1036.2954545454545, 1372.1136363636363)",Neisseria,0,6717
"(1035.7692307692307, 1808.2115384615386)",Fusobacterium,0,6718
"(1034.732142857143, 1854.9107142857142)",Fusobacterium,0,6719
"(1036.9666666666667, 422.06666666666666)",Streptococcus,0,6720
"(1036.65, 885.375)",Veillonella,0,6722
"(1038.1267605633802, 1359.661971830986)",Neisseria,0,6723
"(1039.943661971831, 772.4225352112676)",Veillonella,0,6726
"(1041.531914893617, 1038.0744680851064)",Actinomyces,0,6727
"(1037.8659793814434, 1071.1958762886597)",Fusobacterium,0,6728
"(1037.9871794871794, 1974.679487179487)",Porphyromonas,0,6729
"(1044.808743169399, 938.896174863388)",Veillonella,0,6731
"(1041.2077922077922, 1580.5389610389611)",Neisseria,0,6732
"(1040.0, 1905.6296296296296)",Fusobacterium,0,6733
"(1041.8095238095239, 34.857142857142854)",Veillonella,0,6734
"(1042.9142857142858, 131.88571428571427)",Corynebacterium,0,6736
"(1043.3900709219859, 196.63829787234042)",Fusobacterium,0,6737
"(1042.943661971831, 276.9154929577465)",Veillonella,0,6738
"(1041.5421686746988, 564.289156626506)",Streptococcus,0,6739
"(1046.230303030303, 635.8363636363637)",Actinomyces,0,6740
"(1042.4494382022472, 818.9887640449438)",Veillonella,0,6741
"(1040.375, 1133.5972222222222)",Fusobacterium,0,6742
"(1039.8529411764705, 1294.5882352941176)",Veillonella,0,6743
"(1044.0748663101604, 1403.1711229946525)",Neisseria,0,6744
"(1041.8823529411766, 50.141176470588235)",Actinomyces,0,6745
"(1044.1264367816093, 82.01149425287356)",Pasteurellaceae,0,6746
"(1041.0227272727273, 909.3068181818181)",Veillonella,0,6747
"(1043.2592592592594, 1321.9907407407406)",Campylobacter,0,6748
"(1042.968085106383, 1426.563829787234)",Neisseria,0,6749
"(1040.2686567164178, 1962.044776119403)",Fusobacterium,0,6751
"(1045.5950920245398, 176.0)",Fusobacterium,0,6752
"(1047.2181818181818, 357.8666666666667)",Streptococcus,0,6753
"(1044.9685039370079, 495.9763779527559)",Streptococcus,0,6754
"(1043.9765625, 594.3515625)",Streptococcus,0,6755
"(1043.1810344827586, 1795.0689655172414)",Fusobacterium,0,6756
"(1041.9655172413793, 22.137931034482758)",Pasteurellaceae,0,6757
"(1050.642857142857, 338.1263736263736)",Fusobacterium,0,6758
"(1045.1521739130435, 1308.3804347826087)",Veillonella,0,6761
"(1043.840909090909, 1670.4204545454545)",Neisseria,0,6762
"(1048.3101265822784, 154.75316455696202)",Veillonella,0,6763
"(1049.6422764227643, 318.0081300813008)",Veillonella,0,6764
"(1043.2948717948718, 379.5)",Streptococcus,0,6765
"(1045.6538461538462, 519.9615384615385)",Streptococcus,0,6766
"(1047.3333333333333, 863.8943089430894)",Actinomyces,0,6767
"(1043.1194029850747, 1147.7313432835822)",Fusobacterium,0,6769
"(1045.627659574468, 1774.9468085106382)",Fusobacterium,0,6771
"(1048.3783783783783, 1942.900900900901)",Fusobacterium,0,6772
"(1046.21875, 217.76041666666666)",Fusobacterium,0,6773
"(1046.404958677686, 401.3471074380165)",Streptococcus,0,6774
"(1046.1290322580646, 457.59139784946234)",Streptococcus,0,6775
"(1044.2203389830509, 509.0)",Streptococcus,0,6776
"(1047.2376237623762, 668.3465346534654)",Veillonella,0,6778
"(1051.6043956043957, 1054.4615384615386)",Veillonella,0,6779
"(1049.8671875, 1724.25)",Fusobacterium,0,6781
"(1048.2342342342342, 1761.3603603603603)",Fusobacterium,0,6782
"(1044.53125, 1817.734375)",Fusobacterium,0,6783
"(1046.85, 1917.02)",Fusobacterium,0,6784
"(1053.0353982300885, 1002.5752212389381)",Veillonella,0,6786
"(1045.0, 1095.9)",Fusobacterium,0,6787
"(1047.2073170731708, 1252.3963414634147)",Fusobacterium,0,6788
"(1050.551948051948, 1339.7272727272727)",Capnocytophaga,0,6789
"(1049.6666666666667, 14.08974358974359)",Actinomyces,0,6790
"(1053.020725388601, 64.37823834196891)",Neisseria,0,6791
"(1048.9594594594594, 109.1891891891892)",Veillonella,0,6792
"(1047.875, 264.5625)",Neisseria,0,6793
"(1048.9367088607594, 302.9873417721519)",Veillonella,0,6794
"(1048.2592592592594, 471.9537037037037)",Streptococcus,0,6795
"(1051.384, 554.448)",Streptococcus,0,6797
"(1047.52, 923.6266666666667)",Veillonella,0,6798
"(1049.8333333333333, 1110.876811594203)",Fusobacterium,0,6799
"(1051.3333333333333, 1607.658536585366)",Neisseria,0,6800
"(1046.5633802816901, 1839.7887323943662)",Streptococcus,0,6801
"(1046.65, 1850.65)",Fusobacterium,0,6802
"(1051.0208333333333, 94.60416666666667)",Actinomyces,0,6803
"(1047.7758620689656, 888.6551724137931)",Veillonella,0,6804
"(1048.5, 951.5454545454545)",Veillonella,0,6805
"(1050.4565217391305, 1285.9239130434783)",Veillonella,0,6806
"(1048.628205128205, 1378.320512820513)",Neisseria,0,6807
"(1055.0408163265306, 1468.015306122449)",Neisseria,0,6808
"(1047.765625, 1627.1875)",Neisseria,0,6809
"(1050.376811594203, 235.53623188405797)",Fusobacterium,0,6810
"(1049.4125, 703.9375)",Veillonella,0,6812
"(1049.9444444444443, 1564.537037037037)",Neisseria,0,6814
"(1060.3333333333333, 1653.6859903381642)",Neisseria,0,6815
"(1051.411214953271, 612.8691588785047)",Streptococcus,0,6818
"(1051.2716049382716, 721.9135802469136)",Veillonella,0,6819
"(1053.358695652174, 1193.2065217391305)",Fusobacterium,0,6821
"(1051.076923076923, 122.0576923076923)",Veillonella,0,6822
"(1051.432098765432, 419.25925925925924)",Streptococcus,0,6823
"(1051.735294117647, 797.7058823529412)",Neisseria,0,6824
"(1053.7410714285713, 1023.7946428571429)",Veillonella,0,6825
"(1052.0786516853932, 1167.7191011235955)",Fusobacterium,0,6826
"(1052.8196721311476, 1746.139344262295)",Fusobacterium,0,6827
"(1052.296875, 1827.453125)",Fusobacterium,0,6829
"(1052.4252873563219, 287.7586206896552)",Fusobacterium,0,6830
"(1053.357142857143, 369.69642857142856)",Veillonella,0,6831
"(1051.9638554216867, 692.289156626506)",Veillonella,0,6832
"(1052.6851851851852, 1128.1203703703704)",Fusobacterium,0,6833
"(1051.525, 1225.1125)",Streptococcus,0,6834
"(1052.4810126582279, 1412.0759493670887)",Neisseria,0,6835
"(1053.432098765432, 1695.8024691358025)",Veillonella,0,6836
"(1055.010752688172, 1866.1505376344087)",Fusobacterium,0,6837
"(1051.6078431372548, 1900.6666666666667)",Fusobacterium,0,6838
"(1052.9322033898304, 1931.2542372881355)",Fusobacterium,0,6839
"(1055.1120689655172, 441.61206896551727)",Streptococcus,0,6841
"(1055.2328767123288, 483.4657534246575)",Streptococcus,0,6842
"(1054.688524590164, 735.2295081967213)",Saccharibacteria,0,6843
"(1052.861788617886, 779.3577235772358)",Veillonella,0,6844
"(1055.5648148148148, 826.5833333333334)",Capnocytophaga,0,6845
"(1056.5535714285713, 977.0714285714286)",Veillonella,0,6846
"(1053.9285714285713, 1639.7142857142858)",Neisseria,0,6847
"(1057.3649635036497, 1972.6204379562043)",Fusobacterium,0,6848
"(1053.1833333333334, 906.6)",Neisseria,0,6850
"(1056.1711711711712, 1085.0855855855855)",Veillonella,0,6851
"(1054.6835443037974, 1684.7721518987341)",Veillonella,0,6852
"(1058.452380952381, 1884.2301587301588)",Fusobacterium,0,6853
"(1054.5294117647059, 28.980392156862745)",Veillonella,0,6854
"(1054.2264150943397, 1295.8490566037735)",Veillonella,0,6857
"(1055.0625, 578.725)",Saccharibacteria,0,6858
"(1057.0135135135135, 880.5)",Prevotella,0,6859
"(1056.654761904762, 1786.5833333333333)",Fusobacterium,0,6860
"(1057.375, 536.5416666666666)",Streptococcus,0,6861
"(1058.6936936936936, 837.7927927927927)",Neisseria,0,6862
"(1057.603448275862, 962.448275862069)",Veillonella,0,6863
"(1060.1056910569105, 1151.4959349593496)",Rothia,0,6864
"(1059.5092592592594, 1174.3796296296296)",Fusobacterium,0,6865
"(1058.619718309859, 1615.9718309859154)",Veillonella,0,6867
"(1059.0978260869565, 635.4130434782609)",Actinomyces,0,6868
"(1058.2571428571428, 745.9571428571429)",Veillonella,0,6870
"(1059.4755244755245, 1586.3076923076924)",Neisseria,0,6872
"(1060.0181818181818, 1671.1909090909091)",Neisseria,0,6873
"(1060.9135802469136, 18.85185185185185)",Actinomyces,0,6874
"(1062.7052631578947, 225.49473684210525)",Capnocytophaga,0,6877
"(1060.8870967741937, 305.83870967741933)",Neisseria,0,6878
"(1059.9634146341464, 507.6951219512195)",Streptococcus,0,6879
"(1060.5806451612902, 684.3548387096774)",Veillonella,0,6880
"(1065.955223880597, 800.5895522388059)",Neisseria,0,6882
"(1064.6328125, 865.890625)",Leptotrichia,0,6883
"(1062.648854961832, 1761.0916030534352)",Fusobacterium,0,6884
"(1064.9295774647887, 113.06338028169014)",Actinomyces,0,6885
"(1060.5431034482758, 378.9051724137931)",Streptococcus,0,6886
"(1059.1764705882354, 521.4117647058823)",Porphyromonas,0,6888
"(1064.6082474226805, 608.5257731958762)",Streptococcus,0,6889
"(1059.8032786885246, 1039.1639344262296)",Veillonella,0,6891
"(1061.2093023255813, 1953.1162790697674)",Fusobacterium,0,6892
"(1061.856, 43.336)",Veillonella,0,6893
"(1060.7777777777778, 79.46913580246914)",Streptococcus,0,6894
"(1060.7738095238096, 176.4404761904762)",Veillonella,0,6895
"(1062.1022727272727, 275.40909090909093)",Veillonella,0,6896
"(1061.4571428571428, 918.8)",Veillonella,0,6897
"(1062.4411764705883, 1708.3088235294117)",Fusobacterium,0,6898
"(1062.2065217391305, 1989.9239130434783)",Fusobacterium,0,6899
"(1061.3239436619717, 128.92957746478874)",Veillonella,0,6900
"(1063.3218390804598, 242.79310344827587)",Streptococcus,0,6901
"(1065.0555555555557, 259.0)",Treponema,0,6902
"(1062.2666666666667, 295.05)",Leptotrichia,0,6903
"(1067.7167630057804, 325.1040462427746)",Rothia,0,6904
"(1061.4285714285713, 594.8571428571429)",Saccharibacteria,0,6906
"(1062.4610778443114, 661.3832335329341)",Actinomyces,0,6907
"(1065.5477707006369, 894.4777070063694)",Rothia,0,6909
"(1066.9378881987577, 1254.6335403726707)",Veillonella,0,6910
"(1063.990909090909, 1308.5181818181818)",Neisseria,0,6911
"(1069.0728476821191, 1375.76821192053)",Actinomyces,0,6912
"(1063.2266666666667, 1630.8933333333334)",Neisseria,0,6913
"(1065.267716535433, 1803.8031496062993)",Fusobacterium,0,6914
"(1063.396694214876, 1837.801652892562)",Fusobacterium,0,6915
"(1064.751879699248, 1856.1503759398497)",Fusobacterium,0,6916
"(1062.2051282051282, 1915.820512820513)",Fusobacterium,0,6917
"(1066.3870967741937, 556.1532258064516)",Streptococcus,0,6918
"(1064.2615384615385, 957.2)",Veillonella,0,6920
"(1063.8311688311687, 1214.5844155844156)",Fusobacterium,0,6922
"(1062.7142857142858, 1394.579831932773)",Actinomyces,0,6923
"(1064.0193548387097, 1562.4451612903226)",Neisseria,0,6924
"(1071.2360248447205, 1717.9378881987577)",Fusobacterium,0,6925
"(1068.5307692307692, 391.23846153846154)",Streptococcus,0,6927
"(1064.89, 429.36)",Streptococcus,0,6928
"(1063.8088235294117, 453.36764705882354)",Streptococcus,0,6929
"(1067.986013986014, 578.6713286713286)",Actinomyces,0,6930
"(1063.3076923076924, 622.5769230769231)",Streptococcus,0,6931
"(1063.4705882352941, 933.5882352941177)",Veillonella,0,6932
"(1064.4495412844037, 1016.394495412844)",Veillonella,0,6934
"(1065.1891891891892, 1137.1216216216217)",Veillonella,0,6935
"(1067.0333333333333, 1199.2166666666667)",Treponema,0,6936
"(1065.391304347826, 1530.144927536232)",Neisseria,0,6937
"(1065.9710144927535, 215.15942028985506)",Capnocytophaga,0,6938
"(1067.065934065934, 359.7802197802198)",Neisseria,0,6939
"(1066.7358490566037, 753.1132075471698)",Veillonella,0,6940
"(1068.7666666666667, 1893.6)",Fusobacterium,0,6942
"(1068.2323232323233, 1928.8484848484848)",Fusobacterium,0,6943
"(1068.8545454545454, 134.34545454545454)",Actinomyces,0,6944
"(1072.4088669950738, 196.5369458128079)",Fusobacterium,0,6945
"(1069.2987012987012, 407.16883116883116)",Streptococcus,0,6946
"(1071.1615384615384, 942.9538461538461)",Veillonella,0,6948
"(1067.1641791044776, 1543.134328358209)",Neisseria,0,6951
"(1069.84, 1780.8466666666666)",Fusobacterium,0,6952
"(1067.8245614035088, 1940.5964912280701)",Fusobacterium,0,6953
"(1067.831081081081, 1107.8445945945946)",Neisseria,0,6954
"(1068.8285714285714, 1186.3428571428572)",Veillonella,0,6955
"(1069.1323529411766, 1405.0882352941176)",Actinomyces,0,6957
"(1074.6163522012578, 1497.9245283018868)",Neisseria,0,6958
"(1074.5193798449613, 147.05426356589146)",Porphyromonas,0,6959
"(1069.83908045977, 162.45977011494253)",Veillonella,0,6960
"(1070.7981651376147, 815.045871559633)",Veillonella,0,6962
"(1073.724832214765, 850.8791946308725)",Fusobacterium,0,6963
"(1070.7549019607843, 1088.4411764705883)",Neisseria,0,6964
"(1068.0943396226414, 1287.0943396226414)",Rothia,0,6965
"(1070.781690140845, 1745.9718309859154)",Fusobacterium,0,6966
"(1068.9583333333333, 1825.611111111111)",Fusobacterium,0,6967
"(1070.6206896551723, 1877.0689655172414)",Fusobacterium,0,6968
"(1069.2, 1956.3636363636363)",Fusobacterium,0,6969
"(1070.8472222222222, 98.38888888888889)",Actinomyces,0,6970
"(1070.619718309859, 485.59154929577466)",Streptococcus,0,6971
"(1070.8684210526317, 710.4342105263158)",Veillonella,0,6973
"(1071.4545454545455, 982.8409090909091)",Actinomyces,0,6974
"(1071.2948717948718, 1326.3589743589744)",Neisseria,0,6975
"(1071.5098039215686, 1391.2156862745098)",Actinomyces,0,6976
"(1073.0701754385964, 724.2982456140351)",Veillonella,0,6977
"(1071.5444444444445, 780.7222222222222)",Veillonella,0,6978
"(1074.2608695652175, 1121.1847826086957)",Veillonella,0,6979
"(1075.2061855670104, 1641.0927835051546)",Veillonella,0,6980
"(1071.867469879518, 1692.6265060240964)",Neisseria,0,6981
"(1073.8229166666667, 55.427083333333336)",Actinomyces,0,6982
"(1074.0493827160494, 465.7037037037037)",Streptococcus,0,6983
"(1075.0275229357799, 1033.3577981651376)",Veillonella,0,6984
"(1072.5806451612902, 1812.7096774193549)",Fusobacterium,0,6985
"(1074.0891089108911, 11.405940594059405)",Corynebacterium,0,6986
"(1076.7028985507247, 296.5217391304348)",Veillonella,0,6987
"(1072.5875, 518.9625)",Streptococcus,0,6988
"(1079.1534391534392, 615.8253968253969)",Actinomyces,0,6990
"(1072.7368421052631, 681.1754385964912)",Neisseria,0,6991
"(1074.111111111111, 746.9444444444445)",Veillonella,0,6992
"(1075.270588235294, 912.5764705882353)",Neisseria,0,6993
"(1073.1159420289855, 1070.3478260869565)",Neisseria,0,6994
"(1073.3658536585365, 1675.219512195122)",Neisseria,0,6997
"(1082.8156424581005, 68.43016759776536)",Fusobacterium,0,6999
"(1075.8235294117646, 503.81176470588235)",Streptococcus,0,7000
"(1079.975, 885.9125)",Streptococcus,0,7001
"(1075.0714285714287, 925.75)",Capnocytophaga,0,7002
"(1074.8695652173913, 994.9130434782609)",Veillonella,0,7003
"(1076.0595238095239, 1147.6904761904761)",Rothia,0,7004
"(1079.5032258064516, 1168.7032258064517)",Veillonella,0,7005
"(1073.94, 1968.86)",Fusobacterium,0,7007
"(1074.38, 440.78)",Streptococcus,0,7008
"(1073.7884615384614, 657.6923076923077)",Veillonella,0,7009
"(1075.6184210526317, 1620.8684210526317)",Neisseria,0,7010
"(1076.7325581395348, 33.406976744186046)",Saccharibacteria,0,7011
"(1080.3937007874015, 233.90551181102362)",Porphyromonas,0,7012
"(1077.4848484848485, 340.06666666666666)",Streptococcus,0,7013
"(1076.6923076923076, 597.3626373626373)",Streptococcus,0,7014
"(1076.8939393939395, 735.1666666666666)",Neisseria,0,7015
"(1078.7481481481482, 836.6)",Veillonella,0,7016
"(1082.2314049586778, 1702.7851239669421)",Fusobacterium,0,7017
"(1078.3194444444443, 80.29166666666667)",Porphyromonas,0,7018
"(1076.8507462686566, 248.1044776119403)",Fusobacterium,0,7019
"(1077.888888888889, 415.1746031746032)",Streptococcus,0,7020
"(1077.575, 450.0125)",Selenomonas,0,7021
"(1077.1565217391305, 640.3304347826087)",Veillonella,0,7022
"(1077.1315789473683, 1017.2763157894736)",Fusobacterium,0,7023
"(1076.96, 1362.96)",Veillonella,0,7024
"(1085.9448818897638, 107.5275590551181)",Actinomyces,0,7026
"(1078.974358974359, 373.8076923076923)",Selenomonas,0,7027
"(1079.69, 762.33)",Veillonella,0,7028
"(1085.3095238095239, 870.0416666666666)",Lautropia,0,7029
"(1081.6821705426357, 1268.891472868217)",Veillonella,0,7030
"(1079.9, 1296.25)",Actinomyces,0,7031
"(1079.0727272727272, 570.4727272727273)",Veillonella,0,7032
"(1080.4848484848485, 699.1666666666666)",Veillonella,0,7033
"(1080.3304347826088, 1052.2347826086957)",Neisseria,0,7035
"(1082.8015873015872, 1070.8809523809523)",Veillonella,0,7036
"(1078.377358490566, 1247.301886792453)",Veillonella,0,7037
"(1080.0, 1533.3960396039604)",Neisseria,0,7038
"(1079.1346153846155, 1919.5961538461538)",Porphyromonas,0,7039
"(1079.6447368421052, 1994.0263157894738)",Fusobacterium,0,7040
"(1081.5436893203882, 173.03883495145632)",Porphyromonas,0,7041
"(1083.9303797468353, 1204.1518987341772)",Veillonella,0,7042
"(1086.301282051282, 1411.301282051282)",Veillonella,0,7043
"(1081.3370786516855, 1847.2247191011236)",Fusobacterium,0,7044
"(1080.2698412698412, 1859.7936507936508)",Fusobacterium,0,7045
"(1083.3465346534654, 262.63366336633663)",Selenomonas,0,7046
"(1081.4782608695652, 427.94202898550725)",Streptococcus,0,7047
"(1082.390625, 795.578125)",Veillonella,0,7048
"(1082.1009174311926, 1349.1559633027523)",Veillonella,0,7049
"(1082.2604166666667, 1560.03125)",Neisseria,0,7050
"(1080.4920634920634, 1774.7460317460318)",Fusobacterium,0,7052
"(1083.8791208791208, 131.02197802197801)",Veillonella,0,7055
"(1082.921875, 494.109375)",Streptococcus,0,7056
"(1082.1203007518798, 1229.7218045112782)",Veillonella,0,7058
"(1082.0379746835442, 1327.620253164557)",Neisseria,0,7059
"(1086.3833333333334, 1660.611111111111)",Neisseria,0,7060
"(1082.6363636363637, 1739.6753246753246)",Fusobacterium,0,7061
"(1085.0526315789473, 1960.359649122807)",Fusobacterium,0,7062
"(1086.0333333333333, 278.7083333333333)",Veillonella,0,7064
"(1089.6256157635469, 937.8866995073892)",Actinomyces,0,7065
"(1083.6444444444444, 961.8222222222222)",Veillonella,0,7066
"(1083.203125, 1898.1875)",Fusobacterium,0,7067
"(1089.1014492753623, 1975.391304347826)",Fusobacterium,0,7068
"(1084.3294117647058, 154.4)",Fusobacterium,0,7069
"(1083.6888888888889, 473.44444444444446)",Streptococcus,0,7070
"(1083.890625, 521.828125)",Porphyromonas,0,7071
"(1083.6984126984128, 672.3809523809524)",Neisseria,0,7072
"(1084.360465116279, 690.1279069767442)",Veillonella,0,7073
"(1086.4239130434783, 810.5652173913044)",Veillonella,0,7074
"(1085.9006622516556, 1103.0529801324503)",Fusobacterium,0,7075
"(1089.5290322580645, 1599.4387096774194)",Neisseria,0,7077
"(1092.625, 1629.4940476190477)",Veillonella,0,7078
"(1084.9157894736843, 1679.8)",Neisseria,0,7079
"(1085.4022988505747, 1757.7931034482758)",Fusobacterium,0,7080
"(1083.7441860465117, 1820.1860465116279)",Fusobacterium,0,7081
"(1085.7111111111112, 549.9888888888889)",Veillonella,0,7083
"(1085.590909090909, 974.5454545454545)",Veillonella,0,7084
"(1085.37, 1186.85)",Veillonella,0,7085
"(1084.375, 1392.5)",Leptotrichia,0,7086
"(1087.7413793103449, 1583.9310344827586)",Neisseria,0,7087
"(1088.179012345679, 1790.8333333333333)",Fusobacterium,0,7088
"(1087.0720720720722, 779.5945945945946)",Veillonella,0,7089
"(1088.127659574468, 1008.1808510638298)",Veillonella,0,7090
"(1092.7966101694915, 1437.8870056497176)",Porphyromonas,0,7091
"(1086.987951807229, 1938.3493975903614)",Fusobacterium,0,7093
"(1087.654761904762, 193.95238095238096)",Veillonella,0,7094
"(1087.274193548387, 404.5967741935484)",Actinomyces,0,7095
"(1088.469387755102, 720.3367346938776)",Lautropia,0,7096
"(1087.6478873239437, 16.816901408450704)",Actinomyces,0,7097
"(1087.6290322580646, 1085.9516129032259)",Veillonella,0,7098
"(1087.8840579710145, 1155.0144927536232)",Veillonella,0,7099
"(1090.2897196261683, 1285.1495327102805)",Neisseria,0,7100
"(1088.3521126760563, 1615.9014084507041)",Veillonella,0,7101
"(1090.90099009901, 1911.7326732673268)",Fusobacterium,0,7103
"(1087.888888888889, 247.22222222222223)",Fusobacterium,0,7104
"(1090.6666666666667, 593.2222222222222)",Corynebacterium,0,7106
"(1089.4259259259259, 657.7037037037037)",Veillonella,0,7107
"(1091.060606060606, 1345.030303030303)",Veillonella,0,7108
"(1089.6716417910447, 1376.2238805970148)",Veillonella,0,7109
"(1092.4683544303798, 48.9873417721519)",Actinomyces,0,7111
"(1089.4444444444443, 365.8703703703704)",Saccharibacteria,0,7112
"(1092.1980198019803, 437.66336633663366)",Streptococcus,0,7113
"(1089.7926829268292, 634.6219512195122)",Veillonella,0,7114
"(1090.9495798319329, 744.7394957983194)",Neisseria,0,7115
"(1094.1436170212767, 1309.4255319148936)",Neisseria,0,7116
"(1092.8454545454545, 1571.790909090909)",Neisseria,0,7117
"(1090.9186046511627, 1808.6627906976744)",Fusobacterium,0,7118
"(1095.3362068965516, 1834.5689655172414)",Fusobacterium,0,7119
"(1091.4948453608247, 1890.7319587628865)",Fusobacterium,0,7120
"(1094.6407766990292, 25.349514563106798)",Streptococcus,0,7121
"(1091.0555555555557, 292.962962962963)",Veillonella,0,7122
"(1091.979381443299, 321.22680412371136)",Streptococcus,0,7123
"(1092.1875, 576.0625)",Streptococcus,0,7125
"(1092.8311688311687, 907.3116883116883)",Neisseria,0,7126
"(1090.5, 1120.557142857143)",Veillonella,0,7127
"(1091.140350877193, 1923.719298245614)",Fusobacterium,0,7128
"(1091.9268292682927, 213.4268292682927)",Fusobacterium,0,7129
"(1098.317365269461, 353.34131736526945)",Streptococcus,0,7130
"(1094.4065934065934, 514.065934065934)",Actinomyces,0,7131
"(1099.4022346368715, 195.0614525139665)",Fusobacterium,0,7133
"(1092.6190476190477, 417.3492063492063)",Saccharibacteria,0,7134
"(1097.9565217391305, 454.0869565217391)",Veillonella,0,7135
"(1094.8539325842696, 612.1460674157304)",Actinomyces,0,7136
"(1093.5671641791046, 1647.8358208955224)",Neisseria,0,7137
"(1094.6989247311828, 1686.967741935484)",Neisseria,0,7138
"(1095.236111111111, 1845.5416666666667)",Fusobacterium,0,7139
"(1092.7966101694915, 1987.7966101694915)",Fusobacterium,0,7140
"(1094.7101449275362, 336.2028985507246)",Streptococcus,0,7141
"(1093.9354838709678, 394.69354838709677)",Streptococcus,0,7142
"(1094.3508771929824, 506.35087719298247)",Veillonella,0,7143
"(1093.7697368421052, 990.5131578947369)",Veillonella,0,7144
"(1095.9795918367347, 1770.265306122449)",Fusobacterium,0,7145
"(1096.0731707317073, 122.53658536585365)",Actinomyces,0,7146
"(1095.0842105263157, 145.2)",Porphyromonas,0,7147
"(1095.1818181818182, 480.6818181818182)",Streptococcus,0,7148
"(1100.1006289308177, 686.4716981132076)",Veillonella,0,7149
"(1095.1511627906978, 708.9883720930233)",Veillonella,0,7150
"(1098.327731092437, 843.8151260504202)",Veillonella,0,7151
"(1094.5686274509803, 1043.7058823529412)",Fusobacterium,0,7152
"(1095.304347826087, 1361.7536231884058)",Neisseria,0,7153
"(1097.6174496644296, 1722.8724832214766)",Fusobacterium,0,7154
"(1094.3725490196077, 1741.7450980392157)",Fusobacterium,0,7155
"(1100.6363636363637, 1858.4621212121212)",Fusobacterium,0,7156
"(1098.5, 77.87362637362638)",Saccharibacteria,0,7157
"(1096.051948051948, 230.06493506493507)",Veillonella,0,7158
"(1097.7065217391305, 304.5326086956522)",Veillonella,0,7159
"(1096.878787878788, 823.2575757575758)",Veillonella,0,7160
"(1096.6944444444443, 1194.1944444444443)",Veillonella,0,7162
"(1101.1760563380283, 162.8450704225352)",Veillonella,0,7163
"(1097.3239436619717, 540.6901408450705)",Streptococcus,0,7164
"(1097.844827586207, 1093.2758620689656)",Veillonella,0,7165
"(1097.328125, 1233.890625)",Actinomyces,0,7166
"(1099.4173913043478, 1332.3826086956522)",Veillonella,0,7167
"(1098.7706422018348, 797.1376146788991)",Neisseria,0,7169
"(1099.958762886598, 860.1237113402062)",Veillonella,0,7170
"(1099.0267857142858, 964.4107142857143)",Actinomyces,0,7171
"(1099.1692307692308, 1114.6307692307691)",Rothia,0,7172
"(1101.7911392405063, 1260.753164556962)",Neisseria,0,7173
"(1099.948717948718, 1498.3846153846155)",Veillonella,0,7174
"(1099.2738095238096, 259.0)",Veillonella,0,7176
"(1100.4102564102564, 466.4102564102564)",Selenomonas,0,7177
"(1101.3035714285713, 622.3392857142857)",Streptococcus,0,7179
"(1101.5121951219512, 731.0487804878048)",Fusobacterium,0,7180
"(1099.9325842696628, 1388.8202247191011)",Veillonella,0,7181
"(1099.5416666666667, 1554.59375)",Neisseria,0,7182
"(1100.1014492753623, 283.95652173913044)",Lautropia,0,7183
"(1100.1384615384616, 669.276923076923)",Veillonella,0,7184
"(1107.5172413793102, 757.919540229885)",Neisseria,0,7185
"(1103.5928571428572, 897.5642857142857)",Neisseria,0,7186
"(1102.5657894736842, 1221.2105263157894)",Neisseria,0,7187
"(1103.655172413793, 1641.1896551724137)",Neisseria,0,7188
"(1100.02, 1754.54)",Fusobacterium,0,7189
"(1102.5394736842106, 35.96052631578947)",Corynebacterium,0,7190
"(1106.192857142857, 133.35)",Porphyromonas,0,7191
"(1101.2835820895523, 950.0298507462686)",Neisseria,0,7192
"(1101.270588235294, 1131.105882352941)",Veillonella,0,7193
"(1101.1894736842105, 1160.1368421052632)",Veillonella,0,7194
"(1101.0, 1872.5696202531647)",Fusobacterium,0,7195
"(1100.7115384615386, 1939.3461538461538)",Fusobacterium,0,7196
"(1101.6774193548388, 1031.1935483870968)",Veillonella,0,7198
"(1101.8870967741937, 1472.5967741935483)",Neisseria,0,7199
"(1102.5697674418604, 1701.7790697674418)",Capnocytophaga,0,7200
"(1103.2089552238806, 1781.9701492537313)",Fusobacterium,0,7201
"(1103.5, 176.8709677419355)",Neisseria,0,7202
"(1103.088888888889, 382.4222222222222)",Veillonella,0,7203
"(1103.5, 564.4318181818181)",Streptococcus,0,7204
"(1106.8093023255815, 1288.367441860465)",Neisseria,0,7207
"(1104.6117647058823, 1483.9058823529413)",Neisseria,0,7208
"(1106.91875, 1924.475)",Fusobacterium,0,7209
"(1103.1683168316831, 96.12871287128714)",Corynebacterium,0,7210
"(1109.8962962962962, 430.0)",Veillonella,0,7211
"(1107.057803468208, 642.2023121387283)",Veillonella,0,7212
"(1105.3406593406594, 776.032967032967)",Fusobacterium,0,7213
"(1106.3857142857144, 1325.5714285714287)",Veillonella,0,7215
"(1105.8867924528302, 1520.4245283018868)",Neisseria,0,7216
"(1104.5746268656717, 1671.6716417910447)",Neisseria,0,7217
"(1107.3592233009708, 1953.7475728155339)",Fusobacterium,0,7218
"(1105.1379310344828, 983.6379310344828)",Veillonella,0,7220
"(1107.4293785310736, 1072.5819209039548)",Veillonella,0,7221
"(1104.6, 1089.56)",Veillonella,0,7222
"(1104.888888888889, 1444.079365079365)",Veillonella,0,7223
"(1105.2432432432433, 1796.081081081081)",Fusobacterium,0,7224
"(1108.3835616438357, 15.123287671232877)",Saccharibacteria,0,7225
"(1107.6470588235295, 270.98039215686276)",Fusobacterium,0,7226
"(1109.958762886598, 549.9690721649484)",Pasteurellaceae,0,7227
"(1106.2033898305085, 591.3389830508474)",Saccharibacteria,0,7228
"(1106.729411764706, 601.6705882352941)",Streptococcus,0,7229
"(1106.1495327102805, 1004.6728971962617)",Fusobacterium,0,7230
"(1111.2519083969466, 1207.0610687022902)",Fusobacterium,0,7231
"(1108.8354430379748, 1347.3037974683543)",Veillonella,0,7232
"(1106.989898989899, 1591.858585858586)",Neisseria,0,7233
"(1107.8324324324324, 1898.3783783783783)",Fusobacterium,0,7234
"(1106.6153846153845, 49.55128205128205)",Streptococcus,0,7235
"(1106.1960784313726, 217.50980392156862)",Fusobacterium,0,7236
"(1107.4782608695652, 328.0108695652174)",Porphyromonas,0,7237
"(1106.7866666666666, 396.1066666666667)",Streptococcus,0,7238
"(1107.7317073170732, 415.7073170731707)",Porphyromonas,0,7239
"(1108.28, 811.6666666666666)",Veillonella,0,7241
"(1107.0925925925926, 1021.425925925926)",Veillonella,0,7242
"(1115.2611464968154, 1050.5796178343949)",Streptococcus,0,7243
"(1108.0, 1745.5)",Fusobacterium,0,7245
"(1107.641791044776, 1967.7910447761194)",Fusobacterium,0,7246
"(1108.448717948718, 1981.1410256410256)",Fusobacterium,0,7247
"(1107.9019607843138, 705.5098039215686)",Streptococcus,0,7248
"(1109.876712328767, 874.6027397260274)",Veillonella,0,7249
"(1109.359375, 1421.0)",Veillonella,0,7250
"(1109.554054054054, 1654.972972972973)",Veillonella,0,7251
"(1109.5454545454545, 115.92045454545455)",Actinomyces,0,7253
"(1114.453947368421, 828.7894736842105)",Fusobacterium,0,7254
"(1110.2222222222222, 1030.6984126984128)",Veillonella,0,7255
"(1111.2962962962963, 1106.6543209876543)",Streptococcus,0,7256
"(1108.92, 1244.2)",Neisseria,0,7257
"(1113.7592592592594, 144.25)",Veillonella,0,7258
"(1110.4130434782608, 483.32608695652175)",Neisseria,0,7260
"(1110.4868421052631, 534.6842105263158)",Streptococcus,0,7261
"(1112.0744680851064, 661.1276595744681)",Selenomonas,0,7262
"(1109.7435897435898, 1363.3461538461538)",Actinomyces,0,7263
"(1109.5098039215686, 1773.9411764705883)",Fusobacterium,0,7264
"(1115.9235294117648, 1830.9941176470588)",Fusobacterium,0,7265
"(1113.842105263158, 578.2631578947369)",Actinomyces,0,7266
"(1113.2095238095237, 1684.1333333333334)",Actinomyces,0,7269
"(1118.0555555555557, 1708.4037037037037)",Fusobacterium,0,7270
"(1112.091743119266, 1813.954128440367)",Fusobacterium,0,7271
"(1114.9673913043478, 1941.7282608695652)",Fusobacterium,0,7272
"(1113.6170212765958, 69.0)",Corynebacterium,0,7273
"(1113.712765957447, 192.12765957446808)",Streptococcus,0,7274
"(1112.5, 512.2021276595744)",Veillonella,0,7275
"(1111.2075471698113, 726.6415094339623)",Campylobacter,0,7276
"(1113.6043956043957, 1150.7472527472528)",Streptococcus,0,7277
"(1112.5853658536585, 1995.0)",Fusobacterium,0,7278
"(1113.1379310344828, 713.6206896551724)",Veillonella,0,7279
"(1118.8445945945946, 791.9256756756756)",Neisseria,0,7280
"(1112.9866666666667, 916.3866666666667)",Actinomyces,0,7281
"(1124.9291044776119, 970.8843283582089)",Streptococcus,0,7282
"(1113.53125, 1124.0416666666667)",Streptococcus,0,7283
"(1114.0, 1314.225352112676)",Saccharibacteria,0,7284
"(1114.0963855421687, 1602.7590361445782)",Neisseria,0,7285
"(1116.1735537190082, 1617.8760330578511)",Neisseria,0,7286
"(1112.927536231884, 1759.2753623188405)",Fusobacterium,0,7287
"(1114.1797752808989, 1849.370786516854)",Fusobacterium,0,7288
"(1116.4246575342465, 221.2054794520548)",Fusobacterium,0,7289
"(1114.235294117647, 302.32941176470587)",Veillonella,0,7291
"(1117.0093457943926, 363.9906542056075)",Streptococcus,0,7292
"(1116.03738317757, 949.3644859813085)",Neisseria,0,7293
"(1113.9875, 1226.9)",Veillonella,0,7294
"(1114.7590361445782, 90.27710843373494)",Streptococcus,0,7295
"(1118.6923076923076, 154.07692307692307)",Veillonella,0,7297
"(1116.3305084745762, 209.21186440677965)",Porphyromonas,0,7298
"(1115.3246753246754, 467.46753246753246)",Actinomyces,0,7299
"(1118.021582733813, 998.0575539568346)",Saccharibacteria,0,7300
"(1114.6883116883116, 1402.3376623376623)",Veillonella,0,7301
"(1116.049504950495, 1451.2871287128712)",Veillonella,0,7302
"(1119.7278911564626, 1731.9727891156463)",Fusobacterium,0,7303
"(1115.9315068493152, 1797.2739726027398)",Fusobacterium,0,7304
"(1116.0576923076924, 34.13461538461539)",Actinomyces,0,7305
"(1116.648148148148, 616.9166666666666)",Actinomyces,0,7307
"(1116.1847826086957, 695.4782608695652)",Veillonella,0,7308
"(1117.0760869565217, 932.25)",Neisseria,0,7309
"(1119.7380952380952, 1178.7559523809523)",Actinomyces,0,7310
"(1117.6933333333334, 1194.48)",Selenomonas,0,7311
"(1117.5, 1519.375)",Neisseria,0,7312
"(1116.8846153846155, 175.15384615384616)",Neisseria,0,7313
"(1117.6764705882354, 249.44117647058823)",Fusobacterium,0,7314
"(1119.751677852349, 279.4026845637584)",Fusobacterium,0,7315
"(1117.0972222222222, 449.1388888888889)",Veillonella,0,7316
"(1118.7916666666667, 841.9375)",Veillonella,0,7317
"(1117.8369565217392, 1376.8695652173913)",Fusobacterium,0,7318
"(1116.4705882352941, 1391.3529411764705)",Fusobacterium,0,7319
"(1117.07, 1465.6)",Leptotrichia,0,7320
"(1117.2222222222222, 1876.3555555555556)",Fusobacterium,0,7322
"(1118.4107142857142, 105.57142857142857)",Streptococcus,0,7324
"(1119.0857142857142, 234.0857142857143)",Fusobacterium,0,7325
"(1119.1818181818182, 24.618181818181817)",Veillonella,0,7327
"(1121.1020408163265, 564.734693877551)",Saccharibacteria,0,7329
"(1119.2641509433963, 585.4716981132076)",Actinomyces,0,7330
"(1118.4333333333334, 1017.2666666666667)",Veillonella,0,7331
"(1124.2022471910113, 1096.6179775280898)",Streptococcus,0,7332
"(1120.6103896103896, 1278.1168831168832)",Fusobacterium,0,7333
"(1121.7096774193549, 1646.6451612903227)",Veillonella,0,7334
"(1119.3162393162393, 1665.5726495726497)",Porphyromonas,0,7335
"(1120.965909090909, 858.2840909090909)",Neisseria,0,7337
"(1122.797619047619, 882.25)",Actinomyces,0,7339
"(1122.6960784313726, 1140.5196078431372)",Saccharibacteria,0,7340
"(1125.0452830188678, 1335.1132075471698)",Fusobacterium,0,7341
"(1121.3835616438357, 1433.6164383561643)",Veillonella,0,7342
"(1120.855421686747, 1633.3373493975903)",Neisseria,0,7343
"(1120.7288135593221, 47.728813559322035)",Actinomyces,0,7344
"(1122.1052631578948, 331.92105263157896)",Streptococcus,0,7345
"(1122.9733333333334, 382.32)",Selenomonas,0,7346
"(1128.8552631578948, 597.9078947368421)",Actinomyces,0,7348
"(1124.6263736263736, 746.7362637362637)",Neisseria,0,7349
"(1126.208, 989.552)",Actinomyces,0,7350
"(1122.701030927835, 1584.0515463917525)",Neisseria,0,7351
"(1121.6526315789474, 1783.1052631578948)",Fusobacterium,0,7352
"(1124.270588235294, 1845.2941176470588)",Fusobacterium,0,7353
"(1123.0135135135135, 710.6216216216217)",Veillonella,0,7356
"(1130.861111111111, 731.2063492063492)",Fusobacterium,0,7357
"(1122.3529411764705, 899.90756302521)",Fusobacterium,0,7358
"(1126.676923076923, 1075.6538461538462)",Streptococcus,0,7359
"(1121.5777777777778, 1251.1888888888889)",Fusobacterium,0,7360
"(1121.2166666666667, 1928.0833333333333)",Fusobacterium,0,7361
"(1125.0252100840337, 641.0420168067227)",Neisseria,0,7362
"(1122.326923076923, 769.8461538461538)",Veillonella,0,7363
"(1123.7755102040817, 805.6734693877551)",Veillonella,0,7364
"(1122.962962962963, 1027.3148148148148)",Veillonella,0,7365
"(1127.3410852713178, 1268.2325581395348)",Streptococcus,0,7366
"(1122.842105263158, 1900.2526315789473)",Fusobacterium,0,7367
"(1126.5, 543.3490566037735)",Corynebacterium,0,7368
"(1126.097014925373, 670.7537313432836)",Veillonella,0,7369
"(1124.7464788732395, 684.0140845070423)",Veillonella,0,7370
"(1124.8877551020407, 1297.7551020408164)",Veillonella,0,7372
"(1126.14, 1976.94)",Fusobacterium,0,7373
"(1128.3222222222223, 1489.2555555555555)",Neisseria,0,7375
"(1125.0891089108911, 1766.7326732673268)",Fusobacterium,0,7376
"(1127.5692307692307, 161.36923076923077)",Streptococcus,0,7378
"(1126.5304347826086, 492.9826086956522)",Neisseria,0,7380
"(1125.8955223880596, 1162.9253731343283)",Actinomyces,0,7381
"(1125.367088607595, 1411.506329113924)",Veillonella,0,7382
"(1126.7826086956522, 1508.9420289855072)",Neisseria,0,7383
"(1126.7671232876712, 126.16438356164383)",Actinomyces,0,7384
"(1135.2042253521126, 198.69014084507043)",Actinomyces,0,7385
"(1127.0928571428572, 305.6)",Veillonella,0,7386
"(1127.4259259259259, 444.462962962963)",Streptococcus,0,7387
"(1128.878787878788, 472.969696969697)",Veillonella,0,7389
"(1130.7882352941176, 774.8823529411765)",Veillonella,0,7390
"(1127.4084507042253, 948.2112676056338)",Neisseria,0,7391
"(1129.4651162790697, 1357.9922480620155)",Campylobacter,0,7392
"(1133.1507936507937, 1918.0555555555557)",Fusobacterium,0,7393
"(1128.6285714285714, 260.1142857142857)",Fusobacterium,0,7394
"(1130.5479452054794, 368.54794520547944)",Streptococcus,0,7395
"(1128.1525423728813, 393.76271186440675)",Actinomyces,0,7396
"(1129.5294117647059, 1126.4117647058824)",Fusobacterium,0,7397
"(1128.9489795918366, 1222.8877551020407)",Fusobacterium,0,7398
"(1126.8, 1386.3846153846155)",Neisseria,0,7399
"(1127.5636363636363, 1422.9818181818182)",Veillonella,0,7400
"(1129.0133333333333, 1533.4133333333334)",Neisseria,0,7401
"(1132.80625, 1603.01875)",Neisseria,0,7402
"(1131.1567164179105, 1819.858208955224)",Fusobacterium,0,7404
"(1131.1076923076923, 1890.2923076923078)",Fusobacterium,0,7405
"(1129.2758620689656, 1932.5689655172414)",Fusobacterium,0,7406
"(1127.9135802469136, 1993.8024691358025)",Fusobacterium,0,7407
"(1128.402985074627, 64.56716417910448)",Actinomyces,0,7408
"(1130.878787878788, 345.70454545454544)",Streptococcus,0,7409
"(1136.1506024096386, 582.6385542168674)",Actinomyces,0,7410
"(1129.1190476190477, 1684.5119047619048)",Streptococcus,0,7411
"(1130.6962025316457, 14.417721518987342)",Veillonella,0,7412
"(1130.983870967742, 111.51612903225806)",Actinomyces,0,7413
"(1133.0, 243.0)",Veillonella,0,7414
"(1129.8714285714286, 527.0428571428571)",Veillonella,0,7416
"(1133.398148148148, 1050.4722222222222)",Streptococcus,0,7418
"(1130.4133333333334, 1866.7733333333333)",Fusobacterium,0,7419
"(1131.6049382716049, 30.617283950617285)",Veillonella,0,7420
"(1134.641791044776, 433.1641791044776)",Streptococcus,0,7423
"(1130.9166666666667, 697.6833333333333)",Veillonella,0,7424
"(1130.0806451612902, 757.5483870967741)",Neisseria,0,7425
"(1131.1470588235295, 817.9411764705883)",Veillonella,0,7426
"(1132.9823008849557, 915.1858407079646)",Rothia,0,7427
"(1133.4673913043478, 1149.0760869565217)",Veillonella,0,7428
"(1132.313253012048, 1475.0963855421687)",Neisseria,0,7429
"(1132.3703703703704, 1948.6296296296296)",Veillonella,0,7430
"(1137.7365269461077, 228.18562874251498)",Actinomyces,0,7432
"(1132.8793103448277, 274.1034482758621)",Veillonella,0,7433
"(1132.534090909091, 931.0909090909091)",Actinomyces,0,7434
"(1131.4857142857143, 1010.3714285714286)",Rothia,0,7435
"(1132.3, 1206.1285714285714)",Veillonella,0,7437
"(1134.1078431372548, 1282.5686274509803)",Streptococcus,0,7438
"(1134.2061855670104, 1311.1030927835052)",Veillonella,0,7439
"(1132.2641509433963, 1698.5094339622642)",Corynebacterium,0,7440
"(1135.282258064516, 1805.3387096774193)",Fusobacterium,0,7441
"(1134.876923076923, 71.01538461538462)",Actinomyces,0,7442
"(1132.22, 97.84)",Streptococcus,0,7443
"(1135.1203703703704, 173.61111111111111)",Streptococcus,0,7444
"(1133.6, 419.5833333333333)",Corynebacterium,0,7445
"(1133.467741935484, 1027.4354838709678)",Veillonella,0,7446
"(1135.5568181818182, 1521.2272727272727)",Neisseria,0,7447
"(1135.7953488372093, 1627.0837209302326)",Neisseria,0,7448
"(1132.1818181818182, 1662.0545454545454)",Streptococcus,0,7449
"(1135.9895833333333, 324.1875)",Streptococcus,0,7450
"(1140.4881889763778, 561.3622047244095)",Corynebacterium,0,7451
"(1135.893203883495, 836.2233009708738)",Veillonella,0,7452
"(1134.265625, 1064.203125)",Veillonella,0,7453
"(1134.396694214876, 1245.6694214876034)",Neisseria,0,7454
"(1135.5, 1184.5428571428572)",Veillonella,0,7455
"(1135.0869565217392, 1652.4347826086957)",Streptococcus,0,7456
"(1139.8333333333333, 1967.601851851852)",Fusobacterium,0,7457
"(1137.3809523809523, 379.0)",Veillonella,0,7458
"(1137.030612244898, 898.6632653061224)",Lautropia,0,7459
"(1136.4857142857143, 1162.5)",Veillonella,0,7460
"(1136.5052631578947, 1719.4315789473685)",Neisseria,0,7461
"(1136.5348837209303, 1854.7790697674418)",Fusobacterium,0,7462
"(1137.041095890411, 53.534246575342465)",Actinomyces,0,7463
"(1137.1014492753623, 712.5217391304348)",Veillonella,0,7464
"(1136.7560975609756, 798.8536585365854)",Veillonella,0,7465
"(1138.8095238095239, 1368.942857142857)",Selenomonas,0,7466
"(1139.2230769230769, 294.5230769230769)",Veillonella,0,7467
"(1141.7653631284916, 454.27932960893855)",Selenomonas,0,7468
"(1143.216049382716, 855.1666666666666)",Lautropia,0,7469
"(1142.7680412371135, 880.1443298969073)",Neisseria,0,7470
"(1145.869109947644, 1111.2513089005236)",Streptococcus,0,7471
"(1138.4409448818897, 1398.291338582677)",Neisseria,0,7472
"(1143.013888888889, 1877.4027777777778)",Fusobacterium,0,7473
"(1142.1824817518248, 1900.14598540146)",Fusobacterium,0,7474
"(1144.880281690141, 104.75352112676056)",Actinomyces,0,7475
"(1140.627659574468, 264.02127659574467)",Fusobacterium,0,7477
"(1139.3240740740741, 662.0)",Veillonella,0,7478
"(1140.1313131313132, 1755.3737373737374)",Porphyromonas,0,7479
"(1139.7766990291261, 1788.7184466019417)",Fusobacterium,0,7480
"(1139.642857142857, 683.5357142857143)",Streptococcus,0,7481
"(1140.24, 1092.44)",Selenomonas,0,7482
"(1139.4927536231885, 1294.8985507246377)",Streptococcus,0,7483
"(1140.8350515463917, 1428.9072164948454)",Neisseria,0,7484
"(1141.031746031746, 1677.7142857142858)",Veillonella,0,7485
"(1139.2753623188405, 128.63768115942028)",Streptococcus,0,7487
"(1139.7230769230769, 495.7230769230769)",Porphyromonas,0,7488
"(1143.0, 1707.3709677419354)",Neisseria,0,7489
"(1147.2958579881656, 512.5502958579882)",Streptococcus,0,7490
"(1143.6907216494844, 628.9381443298969)",Streptococcus,0,7491
"(1145.152, 759.968)",Veillonella,0,7492
"(1143.3125, 776.425)",Veillonella,0,7493
"(1142.253164556962, 983.8101265822785)",Veillonella,0,7494
"(1141.9030303030304, 1331.1151515151514)",Neisseria,0,7495
"(1143.5068493150684, 1496.6849315068494)",Neisseria,0,7496
"(1144.3240740740741, 1536.3148148148148)",Actinomyces,0,7497
"(1145.5411764705882, 1772.4529411764706)",Fusobacterium,0,7498
"(1142.0153846153846, 1936.6923076923076)",Fusobacterium,0,7499
"(1144.0961538461538, 359.5480769230769)",Streptococcus,0,7500
"(1149.0, 1021.5693069306931)",Prevotella,0,7502
"(1142.948717948718, 1219.1666666666667)",Selenomonas,0,7503
"(1147.62, 1386.33)",Neisseria,0,7504
"(1145.7684210526315, 36.14736842105263)",Veillonella,0,7507
"(1144.4259259259259, 281.7037037037037)",Veillonella,0,7508
"(1147.107142857143, 791.0238095238095)",Neisseria,0,7510
"(1146.9711538461538, 1001.5288461538462)",Actinomyces,0,7511
"(1142.9166666666667, 1267.9880952380952)",Streptococcus,0,7512
"(1143.9019607843138, 1464.3333333333333)",Actinomyces,0,7513
"(1143.611111111111, 1688.5555555555557)",Neisseria,0,7514
"(1145.020134228188, 1739.3087248322147)",Fusobacterium,0,7515
"(1146.7101449275362, 85.02173913043478)",Veillonella,0,7517
"(1146.3977272727273, 811.0795454545455)",Veillonella,0,7520
"(1145.24, 938.5066666666667)",Lautropia,0,7521
"(1146.0746268656717, 957.7164179104477)",Fusobacterium,0,7522
"(1149.610465116279, 1171.5755813953488)",Capnocytophaga,0,7523
"(1149.0619469026549, 1348.1858407079646)",Neisseria,0,7525
"(1147.2702702702702, 20.16216216216216)",Veillonella,0,7527
"(1145.3333333333333, 406.6140350877193)",Veillonella,0,7528
"(1146.8487394957983, 470.3697478991597)",Streptococcus,0,7529
"(1145.7462686567164, 611.6119402985074)",Pasteurellaceae,0,7530
"(1145.8709677419354, 697.0645161290323)",Veillonella,0,7531
"(1145.3703703703704, 1130.2716049382716)",Streptococcus,0,7532
"(1151.41875, 1506.9625)",Neisseria,0,7533
"(1146.4027777777778, 1651.3055555555557)",Streptococcus,0,7534
"(1147.9807692307693, 6.980769230769231)",Veillonella,0,7535
"(1147.3548387096773, 1203.8870967741937)",Porphyromonas,0,7537
"(1149.3474576271187, 1481.542372881356)",Neisseria,0,7538
"(1149.015873015873, 311.63492063492066)",Veillonella,0,7540
"(1147.7384615384615, 337.3076923076923)",Veillonella,0,7541
"(1148.2753623188405, 1048.9130434782608)",Veillonella,0,7542
"(1150.7333333333333, 1145.025)",Veillonella,0,7543
"(1156.9516129032259, 1195.8494623655913)",Capnocytophaga,0,7544
"(1149.44, 1231.69)",Streptococcus,0,7545
"(1150.264, 1447.28)",Neisseria,0,7546
"(1149.3827160493827, 154.76543209876544)",Veillonella,0,7548
"(1150.1842105263158, 221.0)",Veillonella,0,7549
"(1154.1496598639455, 247.2925170068027)",Fusobacterium,0,7550
"(1149.8019801980197, 424.8910891089109)",Streptococcus,0,7551
"(1158.7756097560975, 531.7512195121951)",Actinomyces,0,7552
"(1153.258426966292, 595.438202247191)",Actinomyces,0,7553
"(1149.378787878788, 1699.0151515151515)",Neisseria,0,7554
"(1157.0055248618785, 142.77348066298342)",Selenomonas,0,7555
"(1149.9298245614036, 373.4561403508772)",Capnocytophaga,0,7557
"(1150.622641509434, 386.7169811320755)",Fusobacterium,0,7558
"(1151.8947368421052, 741.4561403508771)",Veillonella,0,7560
"(1150.891156462585, 829.5850340136054)",Rothia,0,7561
"(1151.0, 908.266129032258)",Veillonella,0,7562
"(1150.75, 1034.6875)",Neisseria,0,7563
"(1155.827380952381, 1963.142857142857)",Fusobacterium,0,7564
"(1151.1296296296296, 1287.287037037037)",Streptococcus,0,7567
"(1151.431654676259, 1625.525179856115)",Veillonella,0,7568
"(1152.909090909091, 1821.1515151515152)",Fusobacterium,0,7569
"(1151.8035714285713, 58.625)",Actinomyces,0,7571
"(1152.3391304347826, 1416.8086956521738)",Fusobacterium,0,7572
"(1153.6864406779662, 1585.5)",Neisseria,0,7573
"(1151.5694444444443, 1836.4305555555557)",Fusobacterium,0,7574
"(1154.65, 126.4125)",Streptococcus,0,7575
"(1154.3086419753085, 648.604938271605)",Veillonella,0,7576
"(1154.012987012987, 708.8311688311688)",Veillonella,0,7577
"(1155.8309859154929, 1304.0915492957747)",Streptococcus,0,7578
"(1155.1538461538462, 1604.9871794871794)",Neisseria,0,7579
"(1158.2, 1854.3103448275863)",Fusobacterium,0,7580
"(1154.5, 1944.359375)",Fusobacterium,0,7581
"(1154.3295454545455, 496.3636363636364)",Veillonella,0,7582
"(1155.5405405405406, 553.7513513513513)",Actinomyces,0,7583
"(1155.3235294117646, 685.4705882352941)",Veillonella,0,7584
"(1155.2, 988.2125)",Veillonella,0,7585
"(1155.919191919192, 1671.060606060606)",Neisseria,0,7587
"(1155.0230769230768, 1983.5307692307692)",Fusobacterium,0,7588
"(1154.2222222222222, 264.77777777777777)",Veillonella,0,7589
"(1157.3046875, 283.65625)",Fusobacterium,0,7590
"(1156.5208333333333, 400.71875)",Neisseria,0,7591
"(1155.3015873015872, 1268.968253968254)",Streptococcus,0,7592
"(1156.360294117647, 1324.9044117647059)",Streptococcus,0,7593
"(1156.9253731343283, 1376.1940298507463)",Streptococcus,0,7594
"(1159.5799256505577, 1794.7620817843865)",Fusobacterium,0,7595
"(1156.525, 42.8)",Pasteurellaceae,0,7596
"(1157.5714285714287, 208.85714285714286)",Streptococcus,0,7597
"(1157.2711864406779, 633.8135593220339)",Veillonella,0,7598
"(1157.4835164835165, 796.3956043956044)",Veillonella,0,7599
"(1155.5288461538462, 1252.3942307692307)",Streptococcus,0,7600
"(1158.7047619047619, 1427.7238095238095)",Fusobacterium,0,7601
"(1158.092105263158, 1691.3552631578948)",Neisseria,0,7602
"(1155.7702702702702, 1757.8918918918919)",Fusobacterium,0,7603
"(1161.3809523809523, 163.1547619047619)",Veillonella,0,7605
"(1157.7096774193549, 320.3010752688172)",Veillonella,0,7606
"(1162.4240837696334, 1083.6649214659685)",Fusobacterium,0,7608
"(1159.6969696969697, 1362.8383838383838)",Streptococcus,0,7609
"(1156.9692307692308, 1470.446153846154)",Neisseria,0,7610
"(1159.3736263736264, 1717.3626373626373)",Neisseria,0,7611
"(1158.6117647058823, 1902.6470588235295)",Fusobacterium,0,7612
"(1158.7701149425288, 1930.6896551724137)",Fusobacterium,0,7613
"(1159.2, 872.5375)",Veillonella,0,7615
"(1159.763888888889, 1181.6944444444443)",Streptococcus,0,7616
"(1159.888888888889, 302.3666666666667)",Fusobacterium,0,7617
"(1159.079365079365, 436.984126984127)",Streptococcus,0,7618
"(1158.5, 453.0657894736842)",Streptococcus,0,7619
"(1158.8208955223881, 780.2985074626865)",Veillonella,0,7620
"(1162.7264150943397, 965.433962264151)",Fusobacterium,0,7621
"(1158.7068965517242, 1124.344827586207)",Veillonella,0,7623
"(1159.342105263158, 1213.342105263158)",Streptococcus,0,7624
"(1160.4224137931035, 182.1206896551724)",Veillonella,0,7626
"(1160.090909090909, 622.560606060606)",Veillonella,0,7627
"(1164.8037974683543, 933.1962025316456)",Actinomyces,0,7628
"(1161.9609375, 953.140625)",Campylobacter,0,7629
"(1161.8842975206612, 1060.793388429752)",Streptococcus,0,7630
"(1167.6694214876034, 1516.4545454545455)",Fusobacterium,0,7631
"(1162.6173913043478, 1734.2434782608696)",Neisseria,0,7632
"(1165.4894736842105, 1881.8105263157895)",Fusobacterium,0,7633
"(1166.3522727272727, 80.91477272727273)",Actinomyces,0,7634
"(1161.7903225806451, 329.14516129032256)",Neisseria,0,7635
"(1167.0802919708028, 343.06569343065695)",Veillonella,0,7636
"(1165.027972027972, 469.3636363636364)",Neisseria,0,7637
"(1161.0684931506848, 1232.1917808219177)",Streptococcus,0,7639
"(1165.212765957447, 1995.404255319149)",Fusobacterium,0,7640
"(1162.3578947368421, 604.3368421052631)",Corynebacterium,0,7641
"(1165.5923076923077, 655.376923076923)",Veillonella,0,7642
"(1162.326923076923, 993.5769230769231)",Veillonella,0,7643
"(1161.4074074074074, 1010.2222222222222)",Fusobacterium,0,7644
"(1165.5641025641025, 1160.2478632478633)",Neisseria,0,7645
"(1161.6909090909091, 1453.8)",Actinomyces,0,7646
"(1162.2711864406779, 7.440677966101695)",Porphyromonas,0,7647
"(1165.4117647058824, 25.058823529411764)",Actinomyces,0,7648
"(1164.0764331210191, 109.5031847133758)",Streptococcus,0,7649
"(1162.0666666666666, 691.2666666666667)",Veillonella,0,7650
"(1164.6581196581196, 724.957264957265)",Veillonella,0,7651
"(1162.9423076923076, 771.7692307692307)",Veillonella,0,7652
"(1162.5294117647059, 811.4558823529412)",Neisseria,0,7653
"(1163.4379562043796, 1396.5109489051094)",Neisseria,0,7655
"(1162.680412371134, 1533.9381443298969)",Neisseria,0,7656
"(1167.8358208955224, 1754.634328358209)",Fusobacterium,0,7657
"(1166.5714285714287, 260.4107142857143)",Veillonella,0,7658
"(1165.6744186046512, 359.51162790697674)",Porphyromonas,0,7659
"(1164.112359550562, 1631.8314606741574)",Neisseria,0,7663
"(1164.6438356164383, 853.082191780822)",Veillonella,0,7666
"(1164.611111111111, 910.8472222222222)",Veillonella,0,7667
"(1166.927536231884, 978.7536231884058)",Fusobacterium,0,7668
"(1164.953125, 1138.546875)",Streptococcus,0,7669
"(1165.4242424242425, 1705.9242424242425)",Veillonella,0,7670
"(1167.5833333333333, 704.3333333333334)",Veillonella,0,7672
"(1168.446153846154, 1941.6)",Fusobacterium,0,7673
"(1168.6543209876543, 1953.3950617283951)",Fusobacterium,0,7674
"(1166.0294117647059, 60.26470588235294)",Actinomyces,0,7675
"(1167.5316455696202, 221.50632911392404)",Veillonella,0,7676
"(1165.982456140351, 387.17543859649123)",Streptococcus,0,7677
"(1168.4235294117648, 762.0)",Veillonella,0,7678
"(1166.657894736842, 1290.2105263157894)",Streptococcus,0,7679
"(1166.7295081967213, 1345.3934426229507)",Streptococcus,0,7680
"(1171.6363636363637, 1679.5833333333333)",Neisseria,0,7681
"(1166.4603174603174, 1821.1825396825398)",Fusobacterium,0,7682
"(1168.2745098039215, 208.09803921568627)",Streptococcus,0,7683
"(1168.493670886076, 502.62025316455697)",Saccharibacteria,0,7684
"(1172.3933333333334, 834.5466666666666)",Veillonella,0,7685
"(1169.8050847457628, 1614.6864406779662)",Neisseria,0,7686
"(1168.8181818181818, 241.21818181818182)",Actinomyces,0,7687
"(1172.3846153846155, 273.0769230769231)",Veillonella,0,7688
"(1170.1176470588234, 583.7294117647059)",Streptococcus,0,7690
"(1170.15, 640.9333333333333)",Veillonella,0,7691
"(1176.005376344086, 1029.3172043010752)",Fusobacterium,0,7692
"(1168.9655172413793, 1115.448275862069)",Streptococcus,0,7693
"(1172.705357142857, 1720.2142857142858)",Neisseria,0,7694
"(1171.7910447761194, 862.0746268656717)",Veillonella,0,7695
"(1171.9157894736843, 881.3894736842105)",Porphyromonas,0,7696
"(1172.6944444444443, 1047.287037037037)",Veillonella,0,7697
"(1168.58, 1256.48)",Streptococcus,0,7698
"(1171.2583333333334, 1656.9)",Veillonella,0,7699
"(1174.1374045801526, 291.0)",Capnocytophaga,0,7701
"(1177.9073170731708, 1012.0341463414634)",Veillonella,0,7702
"(1171.438596491228, 1173.5438596491229)",Porphyromonas,0,7703
"(1171.98, 1312.7)",Streptococcus,0,7704
"(1171.9473684210527, 1501.4298245614036)",Fusobacterium,0,7705
"(1173.8023255813953, 1695.8837209302326)",Neisseria,0,7706
"(1170.1176470588234, 1777.0980392156862)",Fusobacterium,0,7707
"(1170.8045977011495, 1910.6896551724137)",Fusobacterium,0,7708
"(1174.6913580246915, 1975.4567901234568)",Fusobacterium,0,7709
"(1171.8285714285714, 312.12857142857143)",Fusobacterium,0,7711
"(1177.4142857142858, 372.87142857142857)",Saccharibacteria,0,7712
"(1174.77, 392.44)",Streptococcus,0,7713
"(1173.7391304347825, 898.6630434782609)",Pasteurellaceae,0,7716
"(1174.445652173913, 1232.1630434782608)",Actinomyces,0,7717
"(1172.7037037037037, 1301.0925925925926)",Saccharibacteria,0,7719
"(1175.057471264368, 1448.7931034482758)",Fusobacterium,0,7720
"(1176.4621848739496, 1098.6050420168067)",Veillonella,0,7724
"(1176.4285714285713, 1247.5142857142857)",Streptococcus,0,7725
"(1173.5416666666667, 1329.6666666666667)",Corynebacterium,0,7726
"(1177.9234234234234, 1385.990990990991)",Streptococcus,0,7727
"(1174.9876543209878, 13.975308641975309)",Actinomyces,0,7728
"(1175.3394495412845, 132.67889908256882)",Actinomyces,0,7729
"(1177.6308411214952, 410.29906542056074)",Streptococcus,0,7730
"(1174.2686567164178, 436.2238805970149)",Streptococcus,0,7731
"(1174.496551724138, 564.303448275862)",Streptococcus,0,7732
"(1184.2107438016528, 670.7272727272727)",Fusobacterium,0,7733
"(1173.6964285714287, 677.3571428571429)",Streptococcus,0,7734
"(1175.537037037037, 921.3518518518518)",Prevotella,0,7736
"(1175.283950617284, 1151.1234567901236)",Actinomyces,0,7737
"(1173.982142857143, 1189.6607142857142)",Streptococcus,0,7738
"(1173.9074074074074, 1278.8703703703704)",Streptococcus,0,7739
"(1175.1986301369864, 1422.5753424657535)",Streptococcus,0,7740
"(1175.439393939394, 153.74242424242425)",Actinomyces,0,7741
"(1175.7096774193549, 780.9677419354839)",Veillonella,0,7742
"(1177.7099236641222, 948.236641221374)",Campylobacter,0,7743
"(1174.5135135135135, 1368.0405405405406)",Streptococcus,0,7744
"(1178.1739130434783, 1467.641304347826)",Fusobacterium,0,7745
"(1177.7394957983192, 1799.4033613445379)",Fusobacterium,0,7746
"(1176.090909090909, 1860.7954545454545)",Fusobacterium,0,7747
"(1176.6567164179105, 517.4029850746268)",Streptococcus,0,7748
"(1175.655172413793, 600.7758620689655)",Corynebacterium,0,7749
"(1176.28125, 692.84375)",Actinomyces,0,7750
"(1183.7342995169083, 995.9710144927536)",Fusobacterium,0,7751
"(1179.1810344827586, 1926.0258620689656)",Fusobacterium,0,7752
"(1180.0777777777778, 1813.888888888889)",Fusobacterium,0,7754
"(1180.7987804878048, 238.7987804878049)",Actinomyces,0,7755
"(1181.142857142857, 303.20238095238096)",Porphyromonas,0,7756
"(1179.2207792207791, 490.42857142857144)",Streptococcus,0,7757
"(1178.9684210526316, 616.5894736842105)",Streptococcus,0,7758
"(1181.5408805031448, 808.1132075471698)",Veillonella,0,7760
"(1179.4302325581396, 1136.2906976744187)",Streptococcus,0,7762
"(1179.0777777777778, 1214.5444444444445)",Streptococcus,0,7763
"(1179.8833333333334, 48.13333333333333)",Corynebacterium,0,7764
"(1178.859375, 180.8125)",Veillonella,0,7766
"(1179.6136363636363, 329.28409090909093)",Veillonella,0,7767
"(1178.6933333333334, 1635.8133333333333)",Veillonella,0,7770
"(1178.85, 1761.3833333333334)",Fusobacterium,0,7771
"(1182.5576923076924, 1939.1634615384614)",Fusobacterium,0,7772
"(1182.1732283464567, 33.40157480314961)",Actinomyces,0,7773
"(1185.6280991735537, 202.59504132231405)",Actinomyces,0,7774
"(1181.6307692307691, 633.7538461538461)",Veillonella,0,7775
"(1182.8115942028985, 731.8840579710145)",Capnocytophaga,0,7776
"(1188.7322404371585, 1874.0601092896175)",Fusobacterium,0,7777
"(1192.5925925925926, 167.10288065843622)",Saccharibacteria,0,7778
"(1181.1315789473683, 850.4736842105264)",Veillonella,0,7780
"(1183.08, 1063.7333333333333)",Veillonella,0,7781
"(1181.4383561643835, 1733.3561643835617)",Veillonella,0,7782
"(1185.8833333333334, 506.2083333333333)",Streptococcus,0,7786
"(1182.7066666666667, 581.3066666666666)",Streptococcus,0,7787
"(1184.6064516129031, 1347.6709677419356)",Saccharibacteria,0,7788
"(1183.041237113402, 1624.721649484536)",Neisseria,0,7790
"(1184.8, 127.3)",Corynebacterium,0,7791
"(1184.3578947368421, 478.4842105263158)",Streptococcus,0,7793
"(1182.6153846153845, 705.7307692307693)",Veillonella,0,7794
"(1184.4146341463415, 744.5487804878048)",Neisseria,0,7795
"(1188.1288343558283, 908.0061349693251)",Actinomyces,0,7796
"(1183.7971014492753, 1177.4057971014493)",Streptococcus,0,7797
"(1183.4285714285713, 1200.0)",Veillonella,0,7798
"(1187.510067114094, 1782.6241610738255)",Fusobacterium,0,7799
"(1187.9609375, 1994.984375)",Fusobacterium,0,7800
"(1183.015625, 100.671875)",Actinomyces,0,7801
"(1184.8591549295775, 143.28169014084506)",Veillonella,0,7803
"(1184.1052631578948, 1494.3552631578948)",Veillonella,0,7805
"(1186.418918918919, 1765.162162162162)",Fusobacterium,0,7807
"(1185.4520547945206, 316.958904109589)",Veillonella,0,7809
"(1184.2923076923078, 429.3692307692308)",Streptococcus,0,7810
"(1184.8148148148148, 791.7407407407408)",Veillonella,0,7811
"(1189.648854961832, 1109.526717557252)",Streptococcus,0,7812
"(1183.909090909091, 1163.8363636363636)",Porphyromonas,0,7813
"(1188.8909090909092, 1295.2484848484848)",Corynebacterium,0,7814
"(1189.3388429752067, 1706.7438016528927)",Actinomyces,0,7815
"(1185.9080459770114, 1957.4022988505747)",Fusobacterium,0,7816
"(1190.644927536232, 716.3985507246376)",Veillonella,0,7817
"(1184.9074074074074, 872.3518518518518)",Veillonella,0,7818
"(1185.842105263158, 963.171052631579)",Fusobacterium,0,7819
"(1186.035294117647, 1083.3294117647058)",Veillonella,0,7820
"(1186.9736842105262, 1510.671052631579)",Fusobacterium,0,7821
"(1184.7808219178082, 1903.0684931506848)",Fusobacterium,0,7822
"(1189.0133333333333, 1984.16)",Fusobacterium,0,7823
"(1189.3478260869565, 523.8695652173913)",Streptococcus,0,7824
"(1188.9759036144578, 775.5783132530121)",Veillonella,0,7826
"(1185.9117647058824, 889.8823529411765)",Veillonella,0,7827
"(1186.8833333333334, 1324.2166666666667)",Veillonella,0,7829
"(1187.1746031746031, 1433.857142857143)",Neisseria,0,7830
"(1192.4202127659576, 1652.7021276595744)",Veillonella,0,7831
"(1191.2769230769231, 58.93846153846154)",Actinomyces,0,7832
"(1190.3902439024391, 269.34634146341466)",Actinomyces,0,7833
"(1190.7962962962963, 360.6203703703704)",Porphyromonas,0,7834
"(1189.0588235294117, 845.9803921568628)",Veillonella,0,7835
"(1195.2574850299402, 978.9700598802395)",Streptococcus,0,7836
"(1189.9172932330828, 1360.9924812030076)",Pasteurellaceae,0,7838
"(1188.2051282051282, 1409.8589743589744)",Streptococcus,0,7839
"(1188.855421686747, 1719.2771084337348)",Neisseria,0,7840
"(1188.5555555555557, 85.2063492063492)",Actinomyces,0,7842
"(1193.1028037383178, 762.607476635514)",Saccharibacteria,0,7843
"(1190.2727272727273, 1234.25)",Saccharibacteria,0,7844
"(1190.404761904762, 218.98809523809524)",Veillonella,0,7847
"(1190.2, 451.8875)",Veillonella,0,7848
"(1191.8068181818182, 696.1931818181819)",Veillonella,0,7850
"(1190.164705882353, 862.7882352941176)",Actinomyces,0,7851
"(1191.2650602409637, 1047.7349397590363)",Neisseria,0,7852
"(1192.5217391304348, 1255.2)",Streptococcus,0,7854
"(1194.2844827586207, 1315.301724137931)",Veillonella,0,7855
"(1190.056338028169, 1333.3661971830986)",Pasteurellaceae,0,7856
"(1192.0246913580247, 643.6666666666666)",Neisseria,0,7857
"(1191.7704918032787, 822.8360655737705)",Veillonella,0,7858
"(1191.7777777777778, 1400.8333333333333)",Porphyromonas,0,7859
"(1192.9130434782608, 1976.1630434782608)",Fusobacterium,0,7860
"(1192.4226804123712, 72.0721649484536)",Actinomyces,0,7861
"(1203.5055762081784, 183.56505576208178)",Actinomyces,0,7862
"(1195.921686746988, 344.81325301204816)",Streptococcus,0,7864
"(1194.2944785276075, 554.963190184049)",Streptococcus,0,7865
"(1191.1525423728813, 1145.322033898305)",Actinomyces,0,7866
"(1194.9338842975208, 1186.0082644628098)",Streptococcus,0,7867
"(1192.3, 1476.5555555555557)",Fusobacterium,0,7868
"(1196.2892561983472, 1529.6611570247933)",Fusobacterium,0,7869
"(1193.9354838709678, 1766.516129032258)",Fusobacterium,0,7870
"(1193.4183673469388, 1855.0102040816328)",Fusobacterium,0,7871
"(1193.274193548387, 537.2903225806451)",Streptococcus,0,7873
"(1192.7887323943662, 1450.943661971831)",Veillonella,0,7874
"(1193.0833333333333, 25.366666666666667)",Actinomyces,0,7876
"(1194.85, 291.925)",Streptococcus,0,7877
"(1197.112582781457, 376.3377483443709)",Streptococcus,0,7878
"(1195.1287128712872, 839.5148514851485)",Selenomonas,0,7879
"(1196.7280701754387, 933.5701754385965)",Fusobacterium,0,7880
"(1194.990291262136, 1425.3300970873786)",Neisseria,0,7881
"(1194.4313725490197, 1933.0098039215686)",Fusobacterium,0,7882
"(1195.1626016260163, 115.3170731707317)",Actinomyces,0,7883
"(1196.0714285714287, 579.3333333333334)",Streptococcus,0,7885
"(1195.4811320754718, 616.433962264151)",Streptococcus,0,7886
"(1198.3376623376623, 653.5584415584416)",Neisseria,0,7887
"(1195.784946236559, 1379.3978494623657)",Actinomyces,0,7889
"(1194.7011494252874, 1690.8620689655172)",Veillonella,0,7891
"(1199.448484848485, 91.78181818181818)",Actinomyces,0,7892
"(1197.909090909091, 391.84090909090907)",Streptococcus,0,7893
"(1197.4057971014493, 628.5942028985507)",Neisseria,0,7894
"(1196.16, 1166.54)",Neisseria,0,7895
"(1198.7105263157894, 1220.1184210526317)",Streptococcus,0,7897
"(1196.868131868132, 1275.1868131868132)",Streptococcus,0,7898
"(1198.6491228070176, 1628.4912280701753)",Fusobacterium,0,7899
"(1199.2553191489362, 133.35106382978722)",Actinomyces,0,7900
"(1197.3287671232877, 151.6027397260274)",Corynebacterium,0,7901
"(1197.5833333333333, 886.952380952381)",Veillonella,0,7903
"(1197.4845360824743, 1133.958762886598)",Corynebacterium,0,7904
"(1200.1359223300972, 1461.873786407767)",Veillonella,0,7905
"(1199.0588235294117, 1808.4779411764705)",Fusobacterium,0,7906
"(1198.8392857142858, 1842.0)",Fusobacterium,0,7907
"(1200.7563025210084, 44.378151260504204)",Actinomyces,0,7908
"(1197.8358208955224, 241.40298507462686)",Actinomyces,0,7909
"(1198.290909090909, 1493.2727272727273)",Porphyromonas,0,7910
"(1198.5142857142857, 1518.6857142857143)",Fusobacterium,0,7911
"(1199.381443298969, 1904.0618556701031)",Fusobacterium,0,7912
"(1197.9107142857142, 1949.642857142857)",Fusobacterium,0,7913
"(1200.3829787234042, 329.4255319148936)",Streptococcus,0,7914
"(1199.7777777777778, 469.69444444444446)",Selenomonas,0,7915
"(1198.5645161290322, 480.1774193548387)",Streptococcus,0,7916
"(1199.9850746268658, 494.17910447761193)",Streptococcus,0,7917
"(1198.9056603773586, 743.7924528301887)",Veillonella,0,7918
"(1200.2389380530974, 1068.0884955752213)",Fusobacterium,0,7919
"(1201.8, 1092.075)",Fusobacterium,0,7920
"(1199.8, 1665.8461538461538)",Veillonella,0,7921
"(1201.5434782608695, 1961.9239130434783)",Fusobacterium,0,7922
"(1202.2481751824816, 431.0)",Veillonella,0,7923
"(1202.2209302325582, 597.0232558139535)",Streptococcus,0,7925
"(1201.7482517482517, 801.083916083916)",Veillonella,0,7928
"(1201.8333333333333, 871.9027777777778)",Actinomyces,0,7929
"(1201.8671875, 914.953125)",Neisseria,0,7930
"(1204.4017094017095, 1159.162393162393)",Streptococcus,0,7931
"(1206.8225806451612, 1826.6935483870968)",Fusobacterium,0,7932
"(1203.198795180723, 961.8734939759037)",Fusobacterium,0,7934
"(1201.442857142857, 993.9)",Veillonella,0,7935
"(1201.7966101694915, 1045.677966101695)",Neisseria,0,7936
"(1205.5394736842106, 1387.8815789473683)",Corynebacterium,0,7937
"(1202.658536585366, 255.09756097560975)",Saccharibacteria,0,7938
"(1202.3103448275863, 670.0689655172414)",Veillonella,0,7939
"(1201.6101694915253, 694.7627118644068)",Veillonella,0,7940
"(1204.9166666666667, 756.5138888888889)",Saccharibacteria,0,7941
"(1202.5846153846153, 1032.876923076923)",Neisseria,0,7942
"(1201.3666666666666, 1341.2333333333333)",Streptococcus,0,7943
"(1202.849315068493, 1438.6986301369864)",Neisseria,0,7944
"(1202.611111111111, 1767.148148148148)",Fusobacterium,0,7945
"(1202.9571428571428, 210.2)",Pasteurellaceae,0,7946
"(1204.3873873873874, 310.73873873873873)",Saccharibacteria,0,7947
"(1202.75, 507.61538461538464)",Streptococcus,0,7948
"(1207.107142857143, 1061.3214285714287)",Fusobacterium,0,7949
"(1202.8307692307692, 1197.0461538461539)",Corynebacterium,0,7950
"(1204.111111111111, 1229.9777777777779)",Saccharibacteria,0,7951
"(1202.7543859649122, 1304.3508771929824)",Veillonella,0,7952
"(1204.6049382716049, 1409.9012345679012)",Actinomyces,0,7953
"(1206.2919708029196, 1548.036496350365)",Neisseria,0,7954
"(1203.367816091954, 1679.1379310344828)",Neisseria,0,7955
"(1202.5, 1787.0)",Fusobacterium,0,7956
"(1207.1336898395723, 451.27807486631013)",Streptococcus,0,7957
"(1204.0833333333333, 1353.0972222222222)",Porphyromonas,0,7958
"(1204.3867924528302, 1861.3490566037735)",Fusobacterium,0,7959
"(1206.0588235294117, 1919.8529411764705)",Fusobacterium,0,7960
"(1207.3258426966293, 523.7191011235955)",Streptococcus,0,7961
"(1206.6315789473683, 850.9473684210526)",Veillonella,0,7962
"(1204.75, 943.0384615384615)",Fusobacterium,0,7963
"(1206.483606557377, 1016.7295081967213)",Neisseria,0,7964
"(1204.4444444444443, 1120.4603174603174)",Streptococcus,0,7965
"(1209.0899470899471, 1254.3650793650793)",Porphyromonas,0,7966
"(1206.9651162790697, 23.61627906976744)",Actinomyces,0,7967
"(1206.2727272727273, 278.53719008264466)",Actinomyces,0,7970
"(1204.593220338983, 408.54237288135596)",Streptococcus,0,7971
"(1205.245283018868, 711.6981132075472)",Veillonella,0,7972
"(1211.031914893617, 1074.5212765957447)",Fusobacterium,0,7973
"(1206.1607142857142, 1174.4464285714287)",Veillonella,0,7974
"(1206.6666666666667, 1283.159420289855)",Streptococcus,0,7975
"(1206.7894736842106, 1328.6184210526317)",Veillonella,0,7976
"(1206.5365853658536, 1705.378048780488)",Streptococcus,0,7977
"(1207.15, 9.7625)",Actinomyces,0,7978
"(1208.3070175438597, 569.1228070175439)",Porphyromonas,0,7979
"(1208.2083333333333, 741.7916666666666)",Veillonella,0,7980
"(1208.0205479452054, 828.972602739726)",Veillonella,0,7981
"(1208.0294117647059, 1209.4411764705883)",Streptococcus,0,7982
"(1207.2061855670104, 1478.2061855670104)",Lautropia,0,7983
"(1213.02, 1492.5733333333333)",Fusobacterium,0,7984
"(1208.5882352941176, 235.27941176470588)",Actinomyces,0,7985
"(1207.4683544303798, 613.7721518987341)",Streptococcus,0,7986
"(1208.7058823529412, 646.6029411764706)",Neisseria,0,7987
"(1207.6935483870968, 780.0645161290323)",Veillonella,0,7988
"(1208.6351351351352, 1111.662162162162)",Streptococcus,0,7989
"(1208.3793103448277, 1974.0689655172414)",Fusobacterium,0,7990
"(1211.6078431372548, 721.5196078431372)",Veillonella,0,7991
"(1209.32, 901.2133333333334)",Neisseria,0,7992
"(1211.1782178217823, 1370.980198019802)",Actinomyces,0,7993
"(1208.9180327868853, 1423.0819672131147)",Actinomyces,0,7994
"(1208.4545454545455, 1522.509090909091)",Treponema,0,7995
"(1211.5533980582525, 1647.495145631068)",Neisseria,0,7996
"(1213.4771241830065, 1772.4183006535948)",Fusobacterium,0,7997
"(1210.8227848101267, 296.34177215189874)",Streptococcus,0,7998
"(1211.7727272727273, 361.27272727272725)",Actinomyces,0,7999
"(1209.62, 544.86)",Streptococcus,0,8000
"(1214.468253968254, 631.515873015873)",Neisseria,0,8001
"(1210.607142857143, 701.8214285714286)",Veillonella,0,8002
"(1211.5333333333333, 863.3833333333333)",Pasteurellaceae,0,8003
"(1209.9733333333334, 1884.1066666666666)",Fusobacterium,0,8005
"(1213.2972972972973, 75.39189189189189)",Actinomyces,0,8006
"(1211.778947368421, 106.37894736842105)",Streptococcus,0,8007
"(1211.6333333333334, 140.91666666666666)",Corynebacterium,0,8008
"(1212.5857142857142, 155.6)",Actinomyces,0,8009
"(1213.8736842105263, 218.41052631578947)",Streptococcus,0,8010
"(1212.3801652892562, 341.1735537190083)",Streptococcus,0,8011
"(1210.4918032786886, 884.1803278688525)",Pasteurellaceae,0,8012
"(1211.9466666666667, 1451.2)",Neisseria,0,8013
"(1211.718309859155, 1796.5492957746478)",Fusobacterium,0,8014
"(1212.6741573033707, 195.32584269662922)",Corynebacterium,0,8015
"(1213.8061224489795, 263.3673469387755)",Actinomyces,0,8016
"(1212.857142857143, 768.2467532467532)",Veillonella,0,8017
"(1214.0277777777778, 129.72222222222223)",Porphyromonas,0,8019
"(1213.7625, 469.475)",Selenomonas,0,8020
"(1212.3384615384616, 491.5692307692308)",Streptococcus,0,8021
"(1220.1506024096386, 984.210843373494)",Veillonella,0,8023
"(1213.304347826087, 1318.463768115942)",Veillonella,0,8024
"(1214.0901639344263, 1930.3688524590164)",Fusobacterium,0,8026
"(1217.9032258064517, 375.69354838709677)",Fusobacterium,0,8027
"(1214.2380952380952, 421.6984126984127)",Treponema,0,8028
"(1214.7794117647059, 658.0441176470588)",Corynebacterium,0,8029
"(1213.9922480620155, 1042.3333333333333)",Neisseria,0,8030
"(1214.909090909091, 1190.340909090909)",Actinomyces,0,8031
"(1215.967032967033, 1610.6813186813188)",Neisseria,0,8032
"(1215.5267857142858, 689.5625)",Veillonella,0,8033
"(1216.0576923076924, 732.7692307692307)",Veillonella,0,8034
"(1215.719696969697, 926.6590909090909)",Fusobacterium,0,8035
"(1216.3333333333333, 1143.9569892473119)",Streptococcus,0,8036
"(1213.9019607843138, 1303.7058823529412)",Actinomyces,0,8037
"(1215.3, 1354.18)",Streptococcus,0,8038
"(1217.2089552238806, 1629.544776119403)",Neisseria,0,8039
"(1217.4505494505495, 1685.3076923076924)",Neisseria,0,8040
"(1218.0361445783133, 1896.0240963855422)",Fusobacterium,0,8041
"(1214.188679245283, 1906.811320754717)",Fusobacterium,0,8042
"(1217.8015873015872, 1948.1746031746031)",Fusobacterium,0,8043
"(1215.4827586206898, 84.98275862068965)",Actinomyces,0,8044
"(1215.673076923077, 1098.1346153846155)",Veillonella,0,8045
"(1217.4831460674156, 1336.0224719101125)",Veillonella,0,8046
"(1216.7313432835822, 1719.313432835821)",Selenomonas,0,8047
"(1218.2075471698113, 166.22641509433961)",Streptococcus,0,8049
"(1216.8923076923077, 324.5692307692308)",Saccharibacteria,0,8050
"(1218.8735632183907, 388.62068965517244)",Capnocytophaga,0,8051
"(1219.4952380952382, 542.9047619047619)",Streptococcus,0,8052
"(1217.3225806451612, 407.1774193548387)",Veillonella,0,8054
"(1218.391304347826, 436.3478260869565)",Actinomyces,0,8055
"(1223.3953488372092, 795.3643410852713)",Porphyromonas,0,8056
"(1218.4166666666667, 819.6111111111111)",Porphyromonas,0,8057
"(1217.6029411764705, 1400.1764705882354)",Streptococcus,0,8060
"(1219.9448818897638, 1805.8582677165355)",Fusobacterium,0,8061
"(1218.5666666666666, 308.9166666666667)",Pasteurellaceae,0,8062
"(1220.1791044776119, 511.34328358208955)",Streptococcus,0,8063
"(1220.3939393939395, 526.939393939394)",Veillonella,0,8064
"(1218.453488372093, 611.5116279069767)",Selenomonas,0,8066
"(1219.1014492753623, 745.695652173913)",Veillonella,0,8067
"(1219.1617647058824, 871.8823529411765)",Veillonella,0,8068
"(1221.8666666666666, 941.04)",Veillonella,0,8070
"(1218.40625, 1156.265625)",Streptococcus,0,8071
"(1221.8333333333333, 33.81944444444444)",Neisseria,0,8072
"(1220.1081081081081, 712.7297297297297)",Rothia,0,8073
"(1219.7701149425288, 851.9080459770115)",Veillonella,0,8074
"(1221.3287671232877, 1127.4520547945206)",Streptococcus,0,8075
"(1220.2, 1220.52)",Veillonella,0,8076
"(1219.8412698412699, 1280.857142857143)",Corynebacterium,0,8077
"(1221.1898734177216, 1528.7088607594937)",Veillonella,0,8078
"(1222.7777777777778, 1559.576388888889)",Neisseria,0,8079
"(1220.6941176470589, 1596.9411764705883)",Neisseria,0,8080
"(1220.360294117647, 1665.6838235294117)",Neisseria,0,8081
"(1220.8461538461538, 1854.6483516483515)",Fusobacterium,0,8082
"(1221.972972972973, 11.891891891891891)",Actinomyces,0,8083
"(1221.6241134751774, 58.45390070921986)",Actinomyces,0,8084
"(1220.3050847457628, 99.40677966101696)",Veillonella,0,8085
"(1225.2721088435374, 150.1904761904762)",Saccharibacteria,0,8086
"(1222.3225806451612, 239.90322580645162)",Actinomyces,0,8087
"(1221.8857142857144, 836.6285714285714)",Lautropia,0,8089
"(1221.7931034482758, 1170.7586206896551)",Streptococcus,0,8091
"(1220.7857142857142, 1433.2142857142858)",Pasteurellaceae,0,8092
"(1221.4166666666667, 1514.0416666666667)",Veillonella,0,8093
"(1224.0121951219512, 1981.2012195121952)",Fusobacterium,0,8094
"(1222.2727272727273, 1086.8545454545454)",Neisseria,0,8095
"(1221.7777777777778, 1470.5555555555557)",Neisseria,0,8096
"(1224.140350877193, 23.17543859649123)",Actinomyces,0,8097
"(1224.5257731958764, 288.77319587628864)",Veillonella,0,8098
"(1230.4054054054054, 479.6418918918919)",Selenomonas,0,8099
"(1226.7525773195875, 885.1546391752578)",Streptococcus,0,8100
"(1221.948275862069, 1206.8793103448277)",Neisseria,0,8101
"(1224.2564102564102, 1414.145299145299)",Streptococcus,0,8102
"(1225.35, 1816.6166666666666)",Fusobacterium,0,8103
"(1224.2056074766356, 1872.018691588785)",Fusobacterium,0,8104
"(1226.5221238938052, 205.55752212389382)",Saccharibacteria,0,8106
"(1225.4074074074074, 496.3703703703704)",Streptococcus,0,8107
"(1225.4939759036145, 557.855421686747)",Actinomyces,0,8108
"(1225.104, 636.832)",Capnocytophaga,0,8109
"(1224.3636363636363, 669.8741258741259)",Actinomyces,0,8110
"(1224.546875, 906.6875)",Veillonella,0,8111
"(1223.8615384615384, 1106.2615384615385)",Streptococcus,0,8112
"(1227.08547008547, 1445.4017094017095)",Neisseria,0,8113
"(1225.3589743589744, 337.56410256410254)",Veillonella,0,8115
"(1227.8372093023256, 760.8139534883721)",Veillonella,0,8116
"(1229.0864197530864, 1717.432098765432)",Neisseria,0,8117
"(1226.5277777777778, 186.09722222222223)",Streptococcus,0,8118
"(1227.5806451612902, 255.43010752688173)",Actinomyces,0,8119
"(1231.128048780488, 810.640243902439)",Lautropia,0,8121
"(1227.1460674157304, 1055.3258426966293)",Veillonella,0,8122
"(1225.950980392157, 1310.7843137254902)",Streptococcus,0,8124
"(1227.1147540983607, 1344.5983606557377)",Saccharibacteria,0,8125
"(1226.9367088607594, 1698.5569620253164)",Porphyromonas,0,8126
"(1232.6203208556149, 1772.0106951871658)",Fusobacterium,0,8127
"(1231.267716535433, 73.70866141732283)",Veillonella,0,8128
"(1226.9117647058824, 89.22058823529412)",Veillonella,0,8129
"(1227.0655737704917, 445.44262295081967)",Neisseria,0,8130
"(1227.1666666666667, 457.5)",Neisseria,0,8131
"(1227.0, 593.6301369863014)",Streptococcus,0,8132
"(1229.2101449275362, 1007.572463768116)",Veillonella,0,8133
"(1228.1555555555556, 1066.7)",Veillonella,0,8134
"(1227.2105263157894, 1247.5263157894738)",Streptococcus,0,8135
"(1227.122807017544, 1364.1052631578948)",Actinomyces,0,8136
"(1230.0775862068965, 1377.7672413793102)",Actinomyces,0,8137
"(1227.8230088495575, 1494.5398230088495)",Veillonella,0,8138
"(1230.8703703703704, 1837.6407407407407)",Fusobacterium,0,8139
"(1234.5639534883721, 116.55813953488372)",Actinomyces,0,8140
"(1228.8219178082193, 172.1095890410959)",Streptococcus,0,8141
"(1228.4, 227.3625)",Veillonella,0,8142
"(1232.5192307692307, 729.125)",Veillonella,0,8144
"(1231.8095238095239, 962.4642857142857)",Fusobacterium,0,8145
"(1231.672131147541, 1038.5983606557377)",Fusobacterium,0,8146
"(1230.7704918032787, 1296.5573770491803)",Veillonella,0,8147
"(1228.8, 1924.8315789473684)",Fusobacterium,0,8148
"(1236.2792792792793, 393.35135135135135)",Streptococcus,0,8149
"(1232.339222614841, 418.2650176678445)",Neisseria,0,8150
"(1229.2967032967033, 576.8461538461538)",Actinomyces,0,8151
"(1228.9259259259259, 1077.0925925925926)",Veillonella,0,8152
"(1231.5337837837837, 310.18918918918916)",Veillonella,0,8153
"(1231.7625, 529.5875)",Veillonella,0,8154
"(1229.482142857143, 620.875)",Fusobacterium,0,8155
"(1235.4859154929577, 646.7042253521126)",Veillonella,0,8156
"(1231.4926470588234, 707.0514705882352)",Veillonella,0,8157
"(1229.9107142857142, 860.1964285714286)",Veillonella,0,8158
"(1229.5333333333333, 1266.2266666666667)",Streptococcus,0,8159
"(1233.469387755102, 1461.734693877551)",Neisseria,0,8160
"(1232.3645833333333, 1543.2708333333333)",Veillonella,0,8161
"(1233.111111111111, 1909.361111111111)",Fusobacterium,0,8162
"(1231.8636363636363, 359.4318181818182)",Veillonella,0,8163
"(1230.8939393939395, 1025.4848484848485)",Fusobacterium,0,8164
"(1232.575, 1155.0)",Streptococcus,0,8165
"(1231.2857142857142, 1211.3968253968253)",Veillonella,0,8166
"(1230.5344827586207, 1232.7586206896551)",Streptococcus,0,8167
"(1235.6571428571428, 1575.9571428571428)",Veillonella,0,8168
"(1232.7924528301887, 1608.066037735849)",Neisseria,0,8169
"(1231.6973684210527, 1624.2631578947369)",Neisseria,0,8170
"(1230.1408450704225, 1953.056338028169)",Fusobacterium,0,8171
"(1235.424778761062, 378.2920353982301)",Veillonella,0,8172
"(1231.1568627450981, 609.2549019607843)",Streptococcus,0,8173
"(1232.2564102564102, 1194.423076923077)",Streptococcus,0,8174
"(1231.9882352941177, 1884.9411764705883)",Fusobacterium,0,8175
"(1232.78, 278.58)",Veillonella,0,8176
"(1233.2528735632184, 776.2528735632184)",Veillonella,0,8177
"(1232.3064516129032, 850.3548387096774)",Veillonella,0,8178
"(1232.4935064935064, 1116.155844155844)",Streptococcus,0,8179
"(1234.8431372549019, 1935.637254901961)",Fusobacterium,0,8180
"(1236.4666666666667, 689.060606060606)",Lautropia,0,8182
"(1237.2395833333333, 750.5729166666666)",Veillonella,0,8183
"(1233.72, 872.64)",Actinomyces,0,8184
"(1233.9310344827586, 1139.2413793103449)",Streptococcus,0,8185
"(1235.7865168539327, 1178.426966292135)",Actinomyces,0,8186
"(1237.398148148148, 1356.5555555555557)",Streptococcus,0,8187
"(1234.7530864197531, 1513.9259259259259)",Actinomyces,0,8188
"(1238.9333333333334, 1690.0814814814814)",Neisseria,0,8189
"(1234.3636363636363, 1790.1038961038962)",Fusobacterium,0,8190
"(1238.7272727272727, 898.801652892562)",Veillonella,0,8191
"(1239.3384615384616, 1650.2)",Neisseria,0,8193
"(1235.985294117647, 1893.8823529411766)",Fusobacterium,0,8195
"(1236.5694444444443, 28.180555555555557)",Pasteurellaceae,0,8196
"(1239.4962406015038, 99.24812030075188)",Veillonella,0,8197
"(1238.6101694915253, 829.5847457627119)",Saccharibacteria,0,8198
"(1235.97, 1322.86)",Corynebacterium,0,8199
"(1236.5671641791046, 1472.7611940298507)",Actinomyces,0,8200
"(1241.3821138211383, 1669.0487804878048)",Veillonella,0,8201
"(1239.0176991150443, 1742.0796460176991)",Campylobacter,0,8202
"(1239.0373134328358, 10.947761194029852)",Veillonella,0,8203
"(1238.2941176470588, 42.94117647058823)",Saccharibacteria,0,8204
"(1236.709090909091, 248.56363636363636)",Actinomyces,0,8205
"(1240.336, 463.336)",Veillonella,0,8206
"(1237.6666666666667, 1528.0166666666667)",Streptococcus,0,8207
"(1240.344827586207, 181.05517241379312)",Actinomyces,0,8211
"(1237.2586206896551, 326.2931034482759)",Veillonella,0,8212
"(1249.4489164086688, 671.8173374613003)",Veillonella,0,8213
"(1239.018018018018, 927.9099099099099)",Streptococcus,0,8214
"(1241.5116279069769, 1220.84496124031)",Streptococcus,0,8216
"(1240.4948453608247, 1857.1752577319587)",Fusobacterium,0,8217
"(1241.8920863309352, 982.4820143884892)",Veillonella,0,8220
"(1239.2058823529412, 1713.8088235294117)",Fusobacterium,0,8221
"(1241.2708333333333, 53.364583333333336)",Corynebacterium,0,8222
"(1242.7577319587629, 1397.2886597938145)",Streptococcus,0,8223
"(1240.5697674418604, 1811.406976744186)",Fusobacterium,0,8224
"(1241.0915492957747, 1969.1760563380283)",Fusobacterium,0,8225
"(1241.7439024390244, 1988.8292682926829)",Fusobacterium,0,8226
"(1242.7631578947369, 786.3947368421053)",Veillonella,0,8228
"(1245.590909090909, 1002.7045454545455)",Veillonella,0,8229
"(1240.4912280701753, 1262.1052631578948)",Lautropia,0,8231
"(1241.9605263157894, 1338.1973684210527)",Saccharibacteria,0,8232
"(1243.7676056338028, 1427.4225352112676)",Actinomyces,0,8233
"(1239.7543859649122, 1491.9473684210527)",Neisseria,0,8234
"(1242.8309859154929, 1585.718309859155)",Neisseria,0,8235
"(1243.7431192660551, 1868.0183486238532)",Fusobacterium,0,8236
"(1242.137254901961, 83.76470588235294)",Streptococcus,0,8237
"(1243.1785714285713, 208.61904761904762)",Actinomyces,0,8238
"(1241.8030303030303, 284.6818181818182)",Pasteurellaceae,0,8239
"(1241.5283018867924, 341.1698113207547)",Corynebacterium,0,8240
"(1241.3645833333333, 558.4583333333334)",Veillonella,0,8241
"(1242.2063492063492, 586.4603174603175)",Veillonella,0,8242
"(1242.2777777777778, 739.5972222222222)",Veillonella,0,8243
"(1243.8615384615384, 950.7538461538461)",Corynebacterium,0,8244
"(1242.1636363636364, 1731.1818181818182)",Treponema,0,8245
"(1242.7846153846153, 234.95384615384614)",Actinomyces,0,8246
"(1241.3287671232877, 602.1095890410959)",Veillonella,0,8247
"(1243.768115942029, 1018.8840579710145)",Veillonella,0,8250
"(1244.4938271604938, 1054.3086419753085)",Actinomyces,0,8251
"(1242.7241379310344, 1080.7655172413793)",Fusobacterium,0,8252
"(1247.4620689655173, 1103.8896551724138)",Capnocytophaga,0,8253
"(1243.6708860759493, 1241.126582278481)",Fusobacterium,0,8254
"(1242.8433734939758, 1280.8433734939758)",Streptococcus,0,8255
"(1249.0, 1480.128205128205)",Neisseria,0,8256
"(1246.3867924528302, 1503.9716981132076)",Campylobacter,0,8257
"(1245.0972222222222, 1834.2222222222222)",Fusobacterium,0,8258
"(1247.3960396039604, 165.75247524752476)",Actinomyces,0,8260
"(1243.4313725490197, 570.3921568627451)",Lautropia,0,8261
"(1246.5058823529412, 1036.8235294117646)",Fusobacterium,0,8262
"(1248.621212121212, 1202.3333333333333)",Streptococcus,0,8264
"(1245.5811965811965, 1447.991452991453)",Neisseria,0,8266
"(1244.8484848484848, 1636.0151515151515)",Neisseria,0,8267
"(1247.6614173228347, 135.13385826771653)",Actinomyces,0,8269
"(1244.8923076923077, 449.0769230769231)",Veillonella,0,8271
"(1245.4777777777779, 513.3222222222222)",Streptococcus,0,8272
"(1244.56, 714.56)",Veillonella,0,8273
"(1248.6050420168067, 792.8319327731092)",Veillonella,0,8274
"(1247.4571428571428, 875.9357142857143)",Veillonella,0,8275
"(1246.140625, 1541.921875)",Neisseria,0,8276
"(1245.1333333333334, 1617.3166666666666)",Neisseria,0,8277
"(1245.3666666666666, 1800.4555555555555)",Fusobacterium,0,8278
"(1246.3050847457628, 1941.593220338983)",Fusobacterium,0,8279
"(1247.2948717948718, 256.02564102564105)",Saccharibacteria,0,8280
"(1248.1941747572816, 434.24271844660194)",Streptococcus,0,8281
"(1247.4, 626.8125)",Lautropia,0,8282
"(1248.0365853658536, 914.0853658536586)",Veillonella,0,8283
"(1249.298969072165, 150.22680412371133)",Pasteurellaceae,0,8284
"(1246.4098360655737, 300.8196721311475)",Veillonella,0,8285
"(1246.892857142857, 357.85714285714283)",Streptococcus,0,8286
"(1246.9655172413793, 495.2758620689655)",Streptococcus,0,8287
"(1248.5641025641025, 655.8333333333334)",Veillonella,0,8288
"(1247.4, 1305.9142857142858)",Veillonella,0,8290
"(1248.7272727272727, 1958.0)",Fusobacterium,0,8292
"(1247.929411764706, 74.03529411764706)",Actinomyces,0,8294
"(1247.3529411764705, 323.62745098039215)",Veillonella,0,8295
"(1249.1538461538462, 338.4230769230769)",Streptococcus,0,8296
"(1250.7407407407406, 403.8666666666667)",Streptococcus,0,8297
"(1247.6081081081081, 769.4864864864865)",Veillonella,0,8298
"(1252.3595505617977, 939.0898876404494)",Fusobacterium,0,8299
"(1248.3968253968253, 963.0952380952381)",Neisseria,0,8300
"(1247.5737704918033, 1121.5737704918033)",Streptococcus,0,8301
"(1248.8805970149253, 1292.9701492537313)",Streptococcus,0,8303
"(1247.6373626373627, 1922.7472527472528)",Fusobacterium,0,8305
"(1250.164383561644, 311.17808219178085)",Veillonella,0,8306
"(1252.4942528735633, 890.7126436781609)",Campylobacter,0,8307
"(1249.875, 1604.2045454545455)",Neisseria,0,8309
"(1258.3939393939395, 481.34343434343435)",Porphyromonas,0,8310
"(1250.8333333333333, 540.7333333333333)",Selenomonas,0,8311
"(1251.744966442953, 699.255033557047)",Neisseria,0,8312
"(1251.4117647058824, 815.7205882352941)",Corynebacterium,0,8313
"(1250.041095890411, 1558.972602739726)",Neisseria,0,8314
"(1251.7096774193549, 1777.983870967742)",Fusobacterium,0,8315
"(1253.9872611464968, 1816.5286624203823)",Fusobacterium,0,8316
"(1251.0, 612.2857142857143)",Veillonella,0,8317
"(1253.9603174603174, 839.1746031746031)",Veillonella,0,8319
"(1251.3428571428572, 856.4714285714285)",Veillonella,0,8320
"(1250.7777777777778, 1518.5444444444445)",Campylobacter,0,8321
"(1255.958041958042, 1730.097902097902)",Neisseria,0,8323
"(1254.6891891891892, 1894.1824324324325)",Fusobacterium,0,8324
"(1251.3, 4.3)",Veillonella,0,8325
"(1251.6349206349207, 21.396825396825395)",Veillonella,0,8326
"(1252.1851851851852, 1253.7592592592594)",Porphyromonas,0,8328
"(1252.8311688311687, 1496.1168831168832)",Actinomyces,0,8329
"(1253.2125, 1586.9875)",Neisseria,0,8330
"(1253.5, 220.72340425531914)",Actinomyces,0,8332
"(1253.8613861386139, 379.63366336633663)",Streptococcus,0,8333
"(1253.849315068493, 1026.6438356164383)",Rothia,0,8336
"(1255.118811881188, 558.980198019802)",Veillonella,0,8337
"(1254.2142857142858, 1065.1607142857142)",Fusobacterium,0,8338
"(1256.6528925619834, 1163.7603305785124)",Neisseria,0,8339
"(1254.142857142857, 1324.9172932330828)",Neisseria,0,8340
"(1255.4333333333334, 1643.9333333333334)",Neisseria,0,8341
"(1258.9545454545455, 1952.0075757575758)",Fusobacterium,0,8342
"(1255.1846153846154, 124.03076923076924)",Actinomyces,0,8343
"(1259.3971631205675, 236.40425531914894)",Saccharibacteria,0,8344
"(1257.4827586206898, 602.7241379310345)",Veillonella,0,8345
"(1257.7142857142858, 1234.7142857142858)",Capnocytophaga,0,8346
"(1256.6398104265402, 1355.8720379146919)",Streptococcus,0,8347
"(1256.6206896551723, 1383.2988505747126)",Streptococcus,0,8348
"(1254.7444444444445, 1624.2)",Neisseria,0,8349
"(1255.1315789473683, 1714.078947368421)",Treponema,0,8350
"(1257.3260869565217, 1878.8260869565217)",Fusobacterium,0,8351
"(1256.076923076923, 202.3653846153846)",Corynebacterium,0,8353
"(1259.909677419355, 733.4)",Neisseria,0,8354
"(1258.0714285714287, 1048.9761904761904)",Actinomyces,0,8355
"(1257.6037735849056, 1080.7641509433963)",Capnocytophaga,0,8356
"(1255.967213114754, 1188.2622950819673)",Fusobacterium,0,8357
"(1259.0723684210527, 1270.2368421052631)",Veillonella,0,8358
"(1256.4794520547946, 1285.054794520548)",Veillonella,0,8359
"(1257.3541666666667, 1680.2395833333333)",Veillonella,0,8360
"(1255.8135593220338, 1856.322033898305)",Fusobacterium,0,8361
"(1257.0753424657535, 286.4109589041096)",Veillonella,0,8362
"(1256.864406779661, 1748.2711864406779)",Capnocytophaga,0,8364
"(1259.1946902654868, 1914.8053097345132)",Fusobacterium,0,8365
"(1260.0272727272727, 52.127272727272725)",Veillonella,0,8366
"(1258.9423076923076, 581.5320512820513)",Neisseria,0,8367
"(1258.0795454545455, 756.3522727272727)",Veillonella,0,8368
"(1258.3235294117646, 978.5147058823529)",Rothia,0,8369
"(1258.6984126984128, 1122.2380952380952)",Capnocytophaga,0,8371
"(1257.322033898305, 1306.9830508474577)",Streptococcus,0,8372
"(1260.9180327868853, 1463.22131147541)",Neisseria,0,8373
"(1258.1875, 1696.5625)",Veillonella,0,8374
"(1259.090909090909, 1828.0)",Fusobacterium,0,8375
"(1257.438596491228, 1933.5087719298247)",Fusobacterium,0,8377
"(1260.1842105263158, 266.0921052631579)",Veillonella,0,8378
"(1260.0740740740741, 460.22222222222223)",Pasteurellaceae,0,8380
"(1260.3815789473683, 501.30263157894734)",Veillonella,0,8381
"(1260.4421052631578, 521.4)",Veillonella,0,8382
"(1262.887323943662, 649.0633802816901)",Veillonella,0,8383
"(1258.9411764705883, 714.3921568627451)",Saccharibacteria,0,8384
"(1261.5943396226414, 800.5754716981132)",Rothia,0,8385
"(1264.0833333333333, 909.5416666666666)",Veillonella,0,8386
"(1259.2777777777778, 1004.3796296296297)",Streptococcus,0,8387
"(1261.7226890756303, 1443.6050420168067)",Neisseria,0,8388
"(1263.6637931034484, 108.37068965517241)",Actinomyces,0,8390
"(1265.25, 172.38709677419354)",Actinomyces,0,8391
"(1260.12, 344.72)",Veillonella,0,8392
"(1263.3650793650793, 368.73015873015873)",Streptococcus,0,8393
"(1260.8915662650602, 1531.9036144578313)",Veillonella,0,8394
"(1260.4222222222222, 1658.1222222222223)",Neisseria,0,8395
"(1263.301886792453, 1216.6698113207547)",Porphyromonas,0,8397
"(1262.112676056338, 1779.2394366197184)",Fusobacterium,0,8398
"(1261.2833333333333, 1846.3)",Fusobacterium,0,8399
"(1263.8933333333334, 741.52)",Veillonella,0,8401
"(1262.2116788321168, 1141.2262773722628)",Streptococcus,0,8402
"(1265.3026315789473, 1178.7105263157894)",Selenomonas,0,8403
"(1269.1627906976744, 1487.4011627906978)",Neisseria,0,8404
"(1263.8169014084508, 9.704225352112676)",Veillonella,0,8405
"(1263.5555555555557, 81.80555555555556)",Streptococcus,0,8406
"(1270.0325203252032, 202.73170731707316)",Actinomyces,0,8407
"(1269.2941176470588, 300.72549019607845)",Veillonella,0,8408
"(1265.0298507462687, 330.8731343283582)",Pasteurellaceae,0,8409
"(1262.0882352941176, 414.6617647058824)",Actinomyces,0,8410
"(1262.2711864406779, 874.6440677966102)",Capnocytophaga,0,8411
"(1263.5975609756097, 927.0853658536586)",Veillonella,0,8412
"(1267.953642384106, 965.5629139072847)",Saccharibacteria,0,8413
"(1266.280303030303, 1547.409090909091)",Veillonella,0,8414
"(1264.865671641791, 67.86567164179104)",Treponema,0,8415
"(1271.9236641221373, 773.1068702290077)",Streptococcus,0,8417
"(1263.0967741935483, 1250.8064516129032)",Fusobacterium,0,8419
"(1263.5, 1398.6805555555557)",Neisseria,0,8420
"(1265.8272727272727, 1573.5727272727272)",Neisseria,0,8421
"(1265.7176470588236, 26.623529411764707)",Veillonella,0,8422
"(1266.0645161290322, 534.983870967742)",Rothia,0,8423
"(1269.878787878788, 627.4848484848485)",Veillonella,0,8424
"(1266.950819672131, 1512.4180327868853)",Neisseria,0,8425
"(1270.6603773584907, 1607.5754716981132)",Actinomyces,0,8426
"(1269.4567901234568, 92.69135802469135)",Streptococcus,0,8427
"(1267.6923076923076, 312.1978021978022)",Veillonella,0,8428
"(1266.423076923077, 687.0769230769231)",Veillonella,0,8429
"(1265.6268656716418, 698.1343283582089)",Veillonella,0,8430
"(1268.2435897435898, 813.2692307692307)",Neisseria,0,8431
"(1266.8484848484848, 848.530303030303)",Veillonella,0,8432
"(1267.952380952381, 862.5)",Veillonella,0,8433
"(1265.8591549295775, 1091.9718309859154)",Rothia,0,8434
"(1266.655737704918, 1298.032786885246)",Veillonella,0,8435
"(1267.164383561644, 1558.5342465753424)",Corynebacterium,0,8436
"(1267.2436974789916, 1625.1008403361345)",Neisseria,0,8438
"(1267.9367088607594, 1672.1772151898733)",Veillonella,0,8439
"(1267.078125, 193.1875)",Actinomyces,0,8441
"(1273.1546391752577, 221.659793814433)",Actinomyces,0,8442
"(1270.2717391304348, 247.52173913043478)",Actinomyces,0,8443
"(1267.7391304347825, 714.6304347826087)",Fusobacterium,0,8444
"(1272.7622377622379, 892.7342657342657)",Veillonella,0,8445
"(1268.6813186813188, 1016.8791208791209)",Veillonella,0,8446
"(1269.5222222222221, 1110.6888888888889)",Veillonella,0,8447
"(1271.4713375796177, 1200.936305732484)",Veillonella,0,8448
"(1267.138888888889, 1415.2916666666667)",Neisseria,0,8450
"(1270.25, 1763.92)",Porphyromonas,0,8452
"(1268.974025974026, 147.98701298701297)",Actinomyces,0,8453
"(1272.0969696969696, 429.0060606060606)",Actinomyces,0,8454
"(1267.6101694915253, 943.3898305084746)",Rothia,0,8455
"(1270.078947368421, 1036.078947368421)",Fusobacterium,0,8456
"(1272.035294117647, 1062.6117647058823)",Fusobacterium,0,8457
"(1269.7581699346406, 1370.862745098039)",Neisseria,0,8458
"(1274.1842105263158, 1687.6842105263158)",Veillonella,0,8459
"(1277.816425120773, 1785.1256038647343)",Fusobacterium,0,8460
"(1267.0757575757575, 1864.090909090909)",Fusobacterium,0,8462
"(1268.774647887324, 449.77464788732397)",Streptococcus,0,8464
"(1269.2549019607843, 660.1176470588235)",Veillonella,0,8465
"(1273.7818181818182, 1149.1545454545455)",Lautropia,0,8466
"(1269.84, 1430.06)",Campylobacter,0,8467
"(1269.6290322580646, 1874.741935483871)",Fusobacterium,0,8468
"(1270.659574468085, 42.734042553191486)",Veillonella,0,8469
"(1270.270588235294, 127.48235294117647)",Streptococcus,0,8470
"(1270.3243243243244, 561.8918918918919)",Neisseria,0,8472
"(1271.45, 835.5875)",Veillonella,0,8473
"(1271.2380952380952, 1240.5714285714287)",Veillonella,0,8474
"(1269.0545454545454, 1931.581818181818)",Fusobacterium,0,8476
"(1271.0821917808219, 1947.013698630137)",Fusobacterium,0,8477
"(1275.04, 363.84)",Streptococcus,0,8478
"(1275.3095238095239, 756.2857142857143)",Selenomonas,0,8479
"(1272.3218390804598, 984.4022988505748)",Capnocytophaga,0,8480
"(1273.0, 1226.6545454545455)",Fusobacterium,0,8481
"(1275.0, 385.4390243902439)",Corynebacterium,0,8482
"(1272.6847826086957, 1340.4347826086957)",Veillonella,0,8484
"(1274.776595744681, 1639.377659574468)",Neisseria,0,8485
"(1275.0648148148148, 1744.638888888889)",Neisseria,0,8486
"(1277.469387755102, 1824.530612244898)",Fusobacterium,0,8488
"(1277.0347222222222, 1894.611111111111)",Fusobacterium,0,8489
"(1273.231884057971, 468.82608695652175)",Actinomyces,0,8490
"(1280.313432835821, 549.723880597015)",Neisseria,0,8491
"(1273.5405405405406, 598.3783783783783)",Neisseria,0,8492
"(1273.6268656716418, 611.8358208955224)",Neisseria,0,8493
"(1277.187969924812, 670.5488721804511)",Actinomyces,0,8494
"(1275.3731343283582, 1715.134328358209)",Fusobacterium,0,8495
"(1273.5657894736842, 1836.5394736842106)",Fusobacterium,0,8496
"(1277.6, 102.67058823529412)",Actinomyces,0,8497
"(1275.0, 1074.1698113207547)",Fusobacterium,0,8498
"(1275.0975609756097, 1470.3048780487804)",Actinomyces,0,8499
"(1278.0582524271845, 412.09708737864077)",Corynebacterium,0,8501
"(1280.21, 789.265)",Neisseria,0,8502
"(1276.9074074074074, 999.5185185185185)",Fusobacterium,0,8503
"(1275.4383561643835, 1388.7808219178082)",Actinomyces,0,8504
"(1274.0754716981132, 1922.754716981132)",Fusobacterium,0,8505
"(1277.797619047619, 182.64285714285714)",Actinomyces,0,8506
"(1277.2631578947369, 826.7105263157895)",Veillonella,0,8507
"(1275.1636363636364, 1255.9272727272728)",Veillonella,0,8510
"(1275.5584415584415, 1265.8181818181818)",Veillonella,0,8511
"(1276.2241379310344, 1280.103448275862)",Fusobacterium,0,8512
"(1276.5813953488373, 1316.7093023255813)",Fusobacterium,0,8513
"(1276.179487179487, 1658.974358974359)",Neisseria,0,8514
"(1277.144927536232, 289.9855072463768)",Veillonella,0,8516
"(1277.7142857142858, 520.6428571428571)",Veillonella,0,8517
"(1278.463157894737, 572.2315789473685)",Veillonella,0,8518
"(1280.3398058252428, 877.2233009708738)",Selenomonas,0,8519
"(1277.7288135593221, 933.2542372881356)",Porphyromonas,0,8520
"(1279.5463917525774, 1914.041237113402)",Fusobacterium,0,8522
"(1276.603448275862, 7.620689655172414)",Veillonella,0,8523
"(1280.4660194174758, 25.466019417475728)",Veillonella,0,8524
"(1279.1147540983607, 269.1639344262295)",Veillonella,0,8525
"(1278.1791044776119, 950.0149253731344)",Veillonella,0,8526
"(1278.7611940298507, 1124.8507462686566)",Veillonella,0,8527
"(1279.1176470588234, 1452.6823529411765)",Rothia,0,8528
"(1280.9411764705883, 1767.5411764705882)",Fusobacterium,0,8529
"(1280.8024691358025, 1808.4938271604938)",Fusobacterium,0,8530
"(1282.3664122137404, 71.05343511450381)",Pasteurellaceae,0,8531
"(1279.7534246575342, 349.3150684931507)",Streptococcus,0,8532
"(1281.0697674418604, 899.2906976744187)",Neisseria,0,8533
"(1279.8505747126437, 1183.7356321839081)",Fusobacterium,0,8534
"(1280.1891891891892, 1538.7162162162163)",Veillonella,0,8535
"(1280.7339449541284, 1595.9449541284403)",Capnocytophaga,0,8536
"(1289.2565217391304, 1941.6434782608696)",Fusobacterium,0,8537
"(1280.191011235955, 142.86516853932585)",Saccharibacteria,0,8538
"(1280.607142857143, 172.16071428571428)",Actinomyces,0,8539
"(1285.4025974025974, 337.0)",Saccharibacteria,0,8540
"(1279.7096774193549, 694.1290322580645)",Rothia,0,8541
"(1279.4036697247707, 733.7981651376147)",Veillonella,0,8542
"(1281.2093023255813, 1046.2558139534883)",Fusobacterium,0,8544
"(1286.4150943396226, 1527.2169811320755)",Veillonella,0,8545
"(1285.4540229885058, 496.4080459770115)",Veillonella,0,8549
"(1281.5135135135135, 711.2567567567568)",Streptococcus,0,8550
"(1284.2222222222222, 850.7676767676768)",Veillonella,0,8551
"(1280.4516129032259, 861.758064516129)",Veillonella,0,8552
"(1281.1, 915.3)",Actinomyces,0,8553
"(1282.5675675675675, 1361.6081081081081)",Treponema,0,8554
"(1282.5245901639344, 1415.2131147540983)",Neisseria,0,8555
"(1282.1904761904761, 1558.4603174603174)",Neisseria,0,8556
"(1285.8712871287128, 246.24752475247524)",Corynebacterium,0,8557
"(1283.904761904762, 681.6984126984127)",Saccharibacteria,0,8558
"(1283.3026315789473, 1029.0)",Veillonella,0,8560
"(1287.6356589147288, 1234.860465116279)",Veillonella,0,8561
"(1287.8241758241759, 1306.3406593406594)",Veillonella,0,8562
"(1284.19, 1510.15)",Fusobacterium,0,8563
"(1287.6605504587155, 1859.8532110091744)",Fusobacterium,0,8564
"(1283.8645833333333, 1875.8958333333333)",Fusobacterium,0,8565
"(1286.637254901961, 261.5980392156863)",Actinomyces,0,8567
"(1286.2328767123288, 813.4589041095891)",Veillonella,0,8568
"(1284.469696969697, 1670.6515151515152)",Neisseria,0,8570
"(1290.544642857143, 167.125)",Actinomyces,0,8571
"(1285.8648648648648, 282.94594594594594)",Pasteurellaceae,0,8572
"(1284.566037735849, 402.35849056603774)",Streptococcus,0,8573
"(1285.5483870967741, 475.30645161290323)",Actinomyces,0,8574
"(1289.6281407035176, 969.6030150753769)",Fusobacterium,0,8575
"(1289.1666666666667, 1013.1274509803922)",Campylobacter,0,8576
"(1286.6413793103447, 1158.1586206896552)",Veillonella,0,8577
"(1286.3291139240507, 1211.2784810126582)",Capnocytophaga,0,8578
"(1286.2530120481927, 1293.9036144578313)",Veillonella,0,8579
"(1285.918181818182, 1347.2545454545455)",Neisseria,0,8580
"(1284.74, 1379.54)",Veillonella,0,8581
"(1285.3333333333333, 43.23076923076923)",Pasteurellaceae,0,8583
"(1286.03, 448.72)",Actinomyces,0,8585
"(1285.4935064935064, 535.0909090909091)",Corynebacterium,0,8587
"(1287.2166666666667, 595.9)",Neisseria,0,8588
"(1286.9333333333334, 621.2888888888889)",Rothia,0,8589
"(1287.328947368421, 651.4342105263158)",Veillonella,0,8590
"(1291.248, 930.144)",Fusobacterium,0,8591
"(1291.5724137931034, 1087.6827586206896)",Lautropia,0,8592
"(1289.1285714285714, 1191.8428571428572)",Fusobacterium,0,8594
"(1285.701754385965, 1248.0877192982457)",Neisseria,0,8595
"(1286.79012345679, 1402.1234567901236)",Actinomyces,0,8596
"(1286.1525423728813, 1480.3728813559321)",Neisseria,0,8597
"(1287.4516129032259, 84.29032258064517)",Actinomyces,0,8598
"(1288.9921875, 304.2578125)",Streptococcus,0,8599
"(1287.15625, 393.609375)",Actinomyces,0,8600
"(1288.2985074626865, 723.4179104477612)",Streptococcus,0,8601
"(1288.4193548387098, 1426.4193548387098)",Fusobacterium,0,8602
"(1286.6567164179105, 1622.2686567164178)",Actinomyces,0,8603
"(1288.3643410852712, 1646.4806201550387)",Neisseria,0,8604
"(1287.698113207547, 234.0754716981132)",Saccharibacteria,0,8605
"(1289.012658227848, 1073.0886075949368)",Veillonella,0,8607
"(1289.2857142857142, 1137.030612244898)",Veillonella,0,8608
"(1287.9137931034484, 1317.051724137931)",Veillonella,0,8609
"(1292.141592920354, 128.23893805309734)",Actinomyces,0,8610
"(1291.6969696969697, 436.47474747474746)",Actinomyces,0,8612
"(1289.6352941176472, 1335.3294117647058)",Veillonella,0,8613
"(1288.6571428571428, 1837.8)",Fusobacterium,0,8615
"(1290.142857142857, 947.3)",Actinomyces,0,8616
"(1291.2621359223301, 989.5728155339806)",Fusobacterium,0,8617
"(1289.9310344827586, 1178.7241379310344)",Rothia,0,8618
"(1291.8541666666667, 1272.2291666666667)",Neisseria,0,8619
"(1293.984, 1465.88)",Fusobacterium,0,8620
"(1291.6516853932585, 1710.5280898876404)",Veillonella,0,8621
"(1291.55223880597, 358.910447761194)",Streptococcus,0,8622
"(1291.7714285714285, 1572.3619047619047)",Veillonella,0,8625
"(1293.5473684210526, 151.8842105263158)",Actinomyces,0,8626
"(1293.0, 327.7076923076923)",Actinomyces,0,8627
"(1295.642857142857, 672.7142857142857)",Neisseria,0,8628
"(1294.625, 1385.4722222222222)",Neisseria,0,8629
"(1293.308370044053, 1743.3832599118944)",Neisseria,0,8630
"(1292.0862068965516, 96.03448275862068)",Actinomyces,0,8631
"(1293.7435897435898, 206.92307692307693)",Pasteurellaceae,0,8632
"(1294.9166666666667, 226.20833333333334)",Corynebacterium,0,8633
"(1293.0731707317073, 638.479674796748)",Neisseria,0,8635
"(1295.404761904762, 746.2738095238095)",Veillonella,0,8636
"(1292.986111111111, 911.0694444444445)",Neisseria,0,8637
"(1293.7, 1366.6142857142856)",Neisseria,0,8638
"(1293.314606741573, 1445.3595505617977)",Veillonella,0,8639
"(1293.483870967742, 1847.9032258064517)",Fusobacterium,0,8640
"(1296.4891304347825, 105.44565217391305)",Actinomyces,0,8641
"(1296.4868421052631, 348.7236842105263)",Actinomyces,0,8642
"(1294.138888888889, 772.2916666666666)",Fusobacterium,0,8643
"(1295.4122807017543, 865.078947368421)",Veillonella,0,8644
"(1294.421052631579, 1116.3947368421052)",Veillonella,0,8645
"(1293.6027397260275, 1491.4657534246576)",Neisseria,0,8646
"(1298.5808823529412, 1794.0955882352941)",Fusobacterium,0,8647
"(1294.5, 1820.0)",Fusobacterium,0,8648
"(1298.7542857142857, 1897.537142857143)",Fusobacterium,0,8649
"(1295.2716049382716, 12.197530864197532)",Streptococcus,0,8650
"(1299.6758620689654, 187.3448275862069)",Actinomyces,0,8651
"(1297.3692307692309, 524.3846153846154)",Lautropia,0,8652
"(1294.9166666666667, 1044.5416666666667)",Fusobacterium,0,8653
"(1295.64, 1060.76)",Lautropia,0,8654
"(1300.3515358361774, 1595.4982935153585)",Neisseria,0,8656
"(1297.113475177305, 1683.6241134751774)",Neisseria,0,8657
"(1295.3375, 1914.3)",Fusobacterium,0,8658
"(1299.1294964028777, 379.8273381294964)",Actinomyces,0,8659
"(1296.4, 688.925)",Veillonella,0,8661
"(1300.5329341317365, 796.7365269461078)",Neisseria,0,8662
"(1298.175, 1168.0125)",Fusobacterium,0,8663
"(1296.1973684210527, 1665.671052631579)",Neisseria,0,8664
"(1296.2820512820513, 1770.3333333333333)",Fusobacterium,0,8665
"(1298.03738317757, 26.130841121495326)",Veillonella,0,8666
"(1297.0625, 273.6875)",Veillonella,0,8667
"(1302.3557692307693, 407.8942307692308)",Corynebacterium,0,8668
"(1299.4891304347825, 891.2826086956521)",Saccharibacteria,0,8669
"(1297.0722891566265, 1024.987951807229)",Streptococcus,0,8670
"(1302.7177033492824, 1878.842105263158)",Fusobacterium,0,8671
"(1298.7763157894738, 482.39473684210526)",Actinomyces,0,8673
"(1299.2682926829268, 1101.2560975609756)",Rothia,0,8674
"(1302.9722222222222, 1720.2777777777778)",Neisseria,0,8675
"(1298.6792452830189, 1922.301886792453)",Fusobacterium,0,8676
"(1302.10989010989, 63.505494505494504)",Saccharibacteria,0,8677
"(1298.0576923076924, 73.34615384615384)",Saccharibacteria,0,8678
"(1300.7802197802198, 288.6703296703297)",Pasteurellaceae,0,8679
"(1298.967213114754, 561.8032786885246)",Neisseria,0,8680
"(1301.0279329608938, 585.5307262569833)",Neisseria,0,8681
"(1301.6486486486488, 1405.945945945946)",Actinomyces,0,8685
"(1300.2689075630253, 542.1848739495798)",Neisseria,0,8686
"(1302.6708860759493, 1128.6962025316457)",Rothia,0,8687
"(1302.9333333333334, 1221.6666666666667)",Veillonella,0,8688
"(1301.8194444444443, 1623.5)",Capnocytophaga,0,8689
"(1300.311475409836, 450.6885245901639)",Actinomyces,0,8690
"(1301.623188405797, 656.5942028985507)",Veillonella,0,8691
"(1301.875, 824.0375)",Porphyromonas,0,8692
"(1301.35, 1351.7875)",Fusobacterium,0,8694
"(1300.03125, 1833.234375)",Fusobacterium,0,8695
"(1303.6444444444444, 249.32222222222222)",Veillonella,0,8696
"(1304.559633027523, 315.10091743119267)",Streptococcus,0,8697
"(1307.0462962962963, 902.0185185185185)",Fusobacterium,0,8698
"(1302.1866666666667, 977.5466666666666)",Rothia,0,8699
"(1302.7831325301204, 1000.5301204819277)",Veillonella,0,8700
"(1306.4591836734694, 1248.2244897959183)",Neisseria,0,8701
"(1302.111111111111, 1299.2962962962963)",Veillonella,0,8702
"(1302.9012345679012, 1533.3950617283951)",Actinomyces,0,8703
"(1301.7037037037037, 1548.0123456790122)",Corynebacterium,0,8704
"(1307.4829931972788, 1569.3333333333333)",Neisseria,0,8705
"(1308.2458100558658, 1774.4357541899442)",Fusobacterium,0,8707
"(1302.92, 46.733333333333334)",Corynebacterium,0,8708
"(1305.5555555555557, 262.75757575757575)",Veillonella,0,8709
"(1303.311475409836, 338.8688524590164)",Saccharibacteria,0,8711
"(1305.8058252427184, 462.11650485436894)",Actinomyces,0,8712
"(1304.3222222222223, 723.8111111111111)",Veillonella,0,8713
"(1302.6973684210527, 842.8815789473684)",Neisseria,0,8714
"(1302.6724137931035, 949.5603448275862)",Neisseria,0,8715
"(1304.7835051546392, 1180.9072164948454)",Rothia,0,8716
"(1305.4285714285713, 1858.169642857143)",Fusobacterium,0,8717
"(1304.6363636363637, 166.8)",Actinomyces,0,8718
"(1303.3578947368421, 503.10526315789474)",Actinomyces,0,8719
"(1304.894117647059, 621.7647058823529)",Neisseria,0,8720
"(1306.022346368715, 1146.217877094972)",Fusobacterium,0,8721
"(1306.6767676767677, 1313.4343434343434)",Capnocytophaga,0,8722
"(1305.4719101123596, 1389.191011235955)",Veillonella,0,8723
"(1305.9880952380952, 1699.3095238095239)",Neisseria,0,8724
"(1304.4931506849316, 217.3835616438356)",Saccharibacteria,0,8725
"(1304.864406779661, 427.49152542372883)",Streptococcus,0,8726
"(1312.6694915254238, 1097.0254237288136)",Fusobacterium,0,8727
"(1307.5210084033613, 1469.3193277310925)",Fusobacterium,0,8728
"(1306.7792207792209, 199.14285714285714)",Saccharibacteria,0,8729
"(1306.25, 852.0535714285714)",Veillonella,0,8730
"(1305.327868852459, 1075.295081967213)",Fusobacterium,0,8731
"(1307.3292682926829, 1198.9756097560976)",Fusobacterium,0,8732
"(1306.4190476190477, 1370.095238095238)",Veillonella,0,8733
"(1307.032258064516, 144.11827956989248)",Actinomyces,0,8735
"(1307.111111111111, 608.3055555555555)",Neisseria,0,8736
"(1306.6923076923076, 757.9615384615385)",Veillonella,0,8737
"(1308.2207792207791, 1451.8961038961038)",Veillonella,0,8738
"(1306.6868686868686, 1487.2222222222222)",Rothia,0,8739
"(1307.9402985074628, 330.4029850746269)",Saccharibacteria,0,8741
"(1311.4326241134752, 397.31205673758865)",Actinomyces,0,8742
"(1307.6470588235295, 739.9019607843137)",Veillonella,0,8743
"(1315.4285714285713, 1235.6642857142858)",Streptococcus,0,8744
"(1309.3953488372092, 1270.4496124031007)",Neisseria,0,8745
"(1308.969696969697, 1330.121212121212)",Veillonella,0,8746
"(1308.452380952381, 1418.9880952380952)",Fusobacterium,0,8747
"(1311.1639344262296, 1749.2131147540983)",Veillonella,0,8748
"(1313.4299065420562, 357.7289719626168)",Actinomyces,0,8749
"(1311.235294117647, 442.00840336134456)",Saccharibacteria,0,8750
"(1309.027027027027, 775.6621621621622)",Veillonella,0,8751
"(1309.2571428571428, 863.9714285714285)",Veillonella,0,8752
"(1308.7037037037037, 1013.8518518518518)",Rothia,0,8753
"(1308.9857142857143, 1054.1857142857143)",Veillonella,0,8754
"(1308.8333333333333, 1212.5833333333333)",Veillonella,0,8756
"(1310.093896713615, 1812.0704225352113)",Fusobacterium,0,8757
"(1311.7096774193549, 1843.8225806451612)",Fusobacterium,0,8758
"(1309.2527472527472, 8.43956043956044)",Actinomyces,0,8759
"(1315.1470588235295, 110.94705882352942)",Porphyromonas,0,8760
"(1311.091743119266, 231.92660550458714)",Corynebacterium,0,8761
"(1309.46, 486.36)",Actinomyces,0,8762
"(1313.0967741935483, 519.1451612903226)",Actinomyces,0,8763
"(1310.9102564102564, 1606.1923076923076)",Neisseria,0,8764
"(1311.2280701754387, 128.52631578947367)",Streptococcus,0,8765
"(1311.0384615384614, 659.6666666666666)",Veillonella,0,8766
"(1311.2753623188405, 879.4927536231884)",Veillonella,0,8767
"(1312.3918918918919, 961.5675675675676)",Veillonella,0,8768
"(1317.3959390862944, 984.4720812182741)",Fusobacterium,0,8769
"(1314.6808510638298, 1042.2446808510638)",Veillonella,0,8770
"(1312.9923076923078, 1503.1538461538462)",Neisseria,0,8771
"(1310.704081632653, 1645.1938775510205)",Veillonella,0,8772
"(1313.9, 72.19)",Actinomyces,0,8773
"(1311.4411764705883, 806.6176470588235)",Neisseria,0,8775
"(1314.464, 930.824)",Fusobacterium,0,8776
"(1313.0277777777778, 1531.9444444444443)",Lautropia,0,8777
"(1315.5217391304348, 1675.7018633540372)",Veillonella,0,8778
"(1313.3636363636363, 278.7121212121212)",Actinomyces,0,8779
"(1315.6565656565656, 643.1919191919192)",Neisseria,0,8780
"(1313.9479166666667, 1292.15625)",Fusobacterium,0,8783
"(1317.8333333333333, 1729.6527777777778)",Neisseria,0,8784
"(1320.76821192053, 157.158940397351)",Actinomyces,0,8786
"(1315.4864864864865, 420.1081081081081)",Actinomyces,0,8787
"(1316.167597765363, 551.4357541899441)",Neisseria,0,8788
"(1314.5546218487395, 673.781512605042)",Veillonella,0,8789
"(1315.784090909091, 1027.7727272727273)",Veillonella,0,8790
"(1313.7205882352941, 1184.7058823529412)",Rothia,0,8792
"(1314.6728971962616, 38.177570093457945)",Streptococcus,0,8793
"(1314.8431372549019, 213.90196078431373)",Saccharibacteria,0,8794
"(1315.056338028169, 295.2112676056338)",Saccharibacteria,0,8795
"(1316.4880952380952, 370.95238095238096)",Actinomyces,0,8796
"(1316.5507246376812, 382.57971014492756)",Corynebacterium,0,8797
"(1315.9827586206898, 694.0689655172414)",Lautropia,0,8798
"(1315.803738317757, 710.3551401869158)",Pasteurellaceae,0,8799
"(1315.4558823529412, 1555.4411764705883)",Neisseria,0,8801
"(1319.3516483516485, 1658.2417582417581)",Campylobacter,0,8802
"(1316.8050847457628, 1830.0084745762713)",Fusobacterium,0,8803
"(1318.2112676056338, 21.52112676056338)",Streptococcus,0,8804
"(1315.921568627451, 496.11764705882354)",Streptococcus,0,8806
"(1318.9515151515152, 572.8121212121212)",Neisseria,0,8808
"(1316.816091954023, 815.0574712643678)",Neisseria,0,8809
"(1316.71875, 915.8645833333334)",Rothia,0,8810
"(1316.2317073170732, 1355.8536585365853)",Veillonella,0,8811
"(1316.6923076923076, 178.55769230769232)",Pasteurellaceae,0,8813
"(1318.7738095238096, 262.7142857142857)",Veillonella,0,8814
"(1318.2297297297298, 469.89864864864865)",Actinomyces,0,8816
"(1317.236559139785, 787.1935483870968)",Neisseria,0,8817
"(1319.5210084033613, 1082.0672268907563)",Fusobacterium,0,8818
"(1318.9530201342282, 1128.9328859060402)",Fusobacterium,0,8819
"(1318.957894736842, 1406.0315789473684)",Campylobacter,0,8820
"(1317.878787878788, 1434.5757575757575)",Porphyromonas,0,8821
"(1321.8671328671328, 590.4545454545455)",Fusobacterium,0,8822
"(1318.6933333333334, 630.7466666666667)",Veillonella,0,8823
"(1319.8850574712644, 895.8045977011494)",Fusobacterium,0,8824
"(1319.5125, 531.3875)",Neisseria,0,8826
"(1323.5545454545454, 728.4636363636364)",Veillonella,0,8827
"(1323.8695652173913, 1156.1014492753623)",Fusobacterium,0,8829
"(1320.4074074074074, 1342.641975308642)",Streptococcus,0,8830
"(1319.5901639344263, 1393.9180327868853)",Fusobacterium,0,8831
"(1319.517857142857, 1597.9464285714287)",Neisseria,0,8832
"(1321.398148148148, 1625.351851851852)",Rothia,0,8833
"(1321.357142857143, 248.5857142857143)",Streptococcus,0,8836
"(1320.0735294117646, 754.8970588235294)",Neisseria,0,8837
"(1322.0, 831.8588235294118)",Fusobacterium,0,8838
"(1320.930693069307, 946.6732673267327)",Veillonella,0,8839
"(1322.4660194174758, 1000.0388349514564)",Fusobacterium,0,8840
"(1320.6145833333333, 1379.4895833333333)",Campylobacter,0,8841
"(1320.6615384615384, 346.0923076923077)",Actinomyces,0,8844
"(1323.868131868132, 1512.5054945054944)",Fusobacterium,0,8845
"(1326.4362416107383, 1713.6510067114093)",Pasteurellaceae,0,8846
"(1321.392857142857, 144.875)",Streptococcus,0,8847
"(1324.2, 332.56)",Streptococcus,0,8848
"(1322.051724137931, 432.63793103448273)",Actinomyces,0,8849
"(1326.85, 608.0375)",Veillonella,0,8850
"(1326.2883435582821, 1470.1840490797547)",Fusobacterium,0,8851
"(1323.313253012048, 193.89156626506025)",Actinomyces,0,8852
"(1323.641791044776, 858.2985074626865)",Veillonella,0,8853
"(1323.387878787879, 1204.2242424242424)",Fusobacterium,0,8854
"(1323.5862068965516, 1314.2413793103449)",Fusobacterium,0,8855
"(1323.9322033898304, 1423.1694915254238)",Veillonella,0,8856
"(1324.5757575757575, 685.030303030303)",Veillonella,0,8858
"(1327.046511627907, 845.2441860465116)",Fusobacterium,0,8859
"(1324.718309859155, 1264.605633802817)",Neisseria,0,8860
"(1325.012987012987, 1584.935064935065)",Neisseria,0,8861
"(1326.2903225806451, 1751.3548387096773)",Veillonella,0,8862
"(1329.9632352941176, 9.294117647058824)",Streptococcus,0,8863
"(1326.5714285714287, 51.77922077922078)",Actinomyces,0,8864
"(1325.188679245283, 79.18867924528301)",Streptococcus,0,8865
"(1326.2285714285715, 215.37142857142857)",Pasteurellaceae,0,8866
"(1324.9130434782608, 449.18840579710144)",Actinomyces,0,8867
"(1330.1929824561403, 762.5350877192982)",Neisseria,0,8868
"(1325.2278481012659, 969.0632911392405)",Veillonella,0,8869
"(1329.3393939393939, 1059.2484848484848)",Fusobacterium,0,8870
"(1327.9101123595506, 1105.9550561797753)",Fusobacterium,0,8871
"(1328.6341463414635, 1225.959349593496)",Fusobacterium,0,8873
"(1325.551724137931, 1302.655172413793)",Veillonella,0,8874
"(1325.0641025641025, 1640.8076923076924)",Veillonella,0,8876
"(1328.3193277310925, 311.26050420168065)",Streptococcus,0,8877
"(1328.9850746268658, 798.955223880597)",Capnocytophaga,0,8878
"(1327.139240506329, 1285.620253164557)",Rothia,0,8879
"(1328.5858585858587, 1365.7171717171718)",Veillonella,0,8880
"(1326.258064516129, 1539.1075268817203)",Veillonella,0,8881
"(1327.6349206349207, 1696.7301587301588)",Lautropia,0,8882
"(1327.0181818181818, 63.872727272727275)",Actinomyces,0,8883
"(1329.0631578947368, 284.87368421052633)",Porphyromonas,0,8884
"(1327.15, 483.53333333333336)",Lautropia,0,8885
"(1334.0723981900453, 512.8461538461538)",Pasteurellaceae,0,8886
"(1330.3178294573643, 1775.2170542635658)",Fusobacterium,0,8887
"(1328.6176470588234, 623.2058823529412)",Veillonella,0,8888
"(1328.841463414634, 1188.2682926829268)",Fusobacterium,0,8889
"(1332.6896551724137, 1251.1293103448277)",Fusobacterium,0,8890
"(1336.3066666666666, 869.0844444444444)",Neisseria,0,8891
"(1334.5774647887324, 891.6408450704225)",Porphyromonas,0,8892
"(1329.2, 1011.8)",Fusobacterium,0,8893
"(1331.8648648648648, 1523.5675675675675)",Fusobacterium,0,8896
"(1329.45, 1556.7666666666667)",Veillonella,0,8897
"(1330.4444444444443, 24.317460317460316)",Streptococcus,0,8899
"(1329.76, 92.76)",Actinomyces,0,8900
"(1332.0315789473684, 176.3684210526316)",Pasteurellaceae,0,8902
"(1333.863309352518, 701.4820143884892)",Saccharibacteria,0,8906
"(1330.357142857143, 409.64285714285717)",Corynebacterium,0,8907
"(1332.7083333333333, 581.125)",Porphyromonas,0,8908
"(1332.9247311827958, 660.2903225806451)",Lautropia,0,8909
"(1331.0972222222222, 1042.5416666666667)",Fusobacterium,0,8910
"(1331.9076923076923, 1400.6307692307691)",Veillonella,0,8911
"(1334.427807486631, 1419.9786096256685)",Fusobacterium,0,8912
"(1333.702479338843, 1441.7685950413222)",Rothia,0,8913
"(1331.5813953488373, 1568.6046511627908)",Neisseria,0,8914
"(1334.787610619469, 1605.1769911504425)",Veillonella,0,8915
"(1333.873873873874, 232.02702702702703)",Saccharibacteria,0,8916
"(1335.9939393939394, 257.1818181818182)",Actinomyces,0,8917
"(1337.6818181818182, 779.3831168831168)",Capnocytophaga,0,8918
"(1337.7845303867402, 932.171270718232)",Veillonella,0,8919
"(1333.8295454545455, 1121.4431818181818)",Veillonella,0,8920
"(1336.9896907216496, 68.57731958762886)",Actinomyces,0,8922
"(1334.3521126760563, 349.40845070422534)",Actinomyces,0,8923
"(1332.5391304347827, 386.1217391304348)",Veillonella,0,8924
"(1332.6836734693877, 425.1326530612245)",Actinomyces,0,8925
"(1336.1801801801803, 496.23423423423424)",Pasteurellaceae,0,8926
"(1333.608695652174, 540.6666666666666)",Streptococcus,0,8927
"(1336.0714285714287, 952.6122448979592)",Fusobacterium,0,8928
"(1333.939393939394, 1087.0)",Fusobacterium,0,8929
"(1335.0153846153846, 1677.8923076923077)",Neisseria,0,8930
"(1334.517857142857, 402.4107142857143)",Porphyromonas,0,8931
"(1337.3478260869565, 638.9619565217391)",Veillonella,0,8932
"(1336.5641025641025, 919.2564102564103)",Lautropia,0,8933
"(1334.6712328767123, 1136.86301369863)",Actinomyces,0,8934
"(1336.0882352941176, 1272.4264705882354)",Veillonella,0,8935
"(1338.7655172413793, 1344.558620689655)",Veillonella,0,8936
"(1334.203125, 1489.21875)",Fusobacterium,0,8937
"(1337.672131147541, 1591.6065573770493)",Neisseria,0,8938
"(1333.388888888889, 1788.611111111111)",Fusobacterium,0,8939
"(1337.4444444444443, 36.577777777777776)",Streptococcus,0,8940
"(1336.0795454545455, 826.9886363636364)",Streptococcus,0,8941
"(1338.2333333333333, 1030.0555555555557)",Fusobacterium,0,8942
"(1336.9038461538462, 142.08653846153845)",Streptococcus,0,8943
"(1335.3690476190477, 445.3095238095238)",Actinomyces,0,8944
"(1337.2298850574712, 529.2528735632184)",Porphyromonas,0,8945
"(1335.7424242424242, 1303.378787878788)",Veillonella,0,8947
"(1337.496, 1326.736)",Veillonella,0,8948
"(1338.611111111111, 196.85416666666666)",Actinomyces,0,8951
"(1336.2203389830509, 364.8474576271187)",Actinomyces,0,8952
"(1342.2883435582821, 461.2760736196319)",Corynebacterium,0,8953
"(1339.6176470588234, 1243.5)",Fusobacterium,0,8954
"(1336.9848484848485, 1504.878787878788)",Fusobacterium,0,8955
"(1337.1538461538462, 728.7846153846153)",Veillonella,0,8957
"(1338.927536231884, 813.4057971014493)",Fusobacterium,0,8958
"(1339.719008264463, 999.0413223140496)",Fusobacterium,0,8959
"(1342.8267716535433, 1220.732283464567)",Fusobacterium,0,8961
"(1338.107142857143, 1383.452380952381)",Veillonella,0,8962
"(1340.2784810126582, 121.69620253164557)",Actinomyces,0,8964
"(1339.625, 179.16071428571428)",Pasteurellaceae,0,8965
"(1341.020618556701, 335.16494845360825)",Actinomyces,0,8966
"(1340.076923076923, 678.6923076923077)",Streptococcus,0,8967
"(1339.2608695652175, 983.7826086956521)",Rothia,0,8968
"(1339.4642857142858, 1168.4285714285713)",Fusobacterium,0,8969
"(1341.0694444444443, 1182.5972222222222)",Fusobacterium,0,8970
"(1346.4285714285713, 306.49624060150376)",Corynebacterium,0,8973
"(1341.987951807229, 545.6144578313254)",Streptococcus,0,8974
"(1340.5333333333333, 617.2266666666667)",Veillonella,0,8975
"(1341.0350877192982, 712.6315789473684)",Fusobacterium,0,8976
"(1341.4767441860465, 746.1627906976744)",Rothia,0,8977
"(1342.981981981982, 1101.4324324324325)",Fusobacterium,0,8978
"(1340.6617647058824, 1722.1323529411766)",Porphyromonas,0,8980
"(1341.4920634920634, 276.3492063492063)",Actinomyces,0,8981
"(1344.8130081300812, 969.8943089430894)",Veillonella,0,8982
"(1341.46875, 1535.125)",Fusobacterium,0,8983
"(1341.605633802817, 1735.4788732394366)",Actinomyces,0,8984
"(1345.6698113207547, 762.1320754716982)",Fusobacterium,0,8985
"(1344.042105263158, 797.6210526315789)",Veillonella,0,8986
"(1342.245283018868, 1200.5849056603774)",Fusobacterium,0,8988
"(1342.842105263158, 1359.1315789473683)",Fusobacterium,0,8989
"(1346.5225225225224, 99.10810810810811)",Corynebacterium,0,8990
"(1349.955223880597, 323.42537313432837)",Actinomyces,0,8991
"(1343.8765432098764, 593.5679012345679)",Actinomyces,0,8992
"(1345.111111111111, 846.3271604938271)",Streptococcus,0,8993
"(1344.8157894736842, 85.80263157894737)",Actinomyces,0,8994
"(1345.3658536585365, 485.0853658536585)",Veillonella,0,8997
"(1344.5223880597016, 569.1641791044776)",Actinomyces,0,8998
"(1345.2752293577983, 1065.1376146788991)",Rothia,0,8999
"(1345.0526315789473, 1661.421052631579)",Lautropia,0,9001
"(1346.236111111111, 155.08333333333334)",Streptococcus,0,9002
"(1347.1573033707866, 215.1123595505618)",Streptococcus,0,9003
"(1345.2142857142858, 387.32142857142856)",Streptococcus,0,9004
"(1343.76, 432.5)",Actinomyces,0,9005
"(1345.5344827586207, 1565.5172413793102)",Veillonella,0,9008
"(1348.1153846153845, 378.2692307692308)",Actinomyces,0,9010
"(1346.9, 414.2)",Actinomyces,0,9011
"(1349.9194630872482, 1495.6577181208054)",Fusobacterium,0,9012
"(1348.1287128712872, 1044.4059405940593)",Veillonella,0,9015
"(1345.75, 1402.642857142857)",Rothia,0,9016
"(1347.3456790123457, 1430.5432098765432)",Veillonella,0,9017
"(1349.8188976377953, 16.41732283464567)",Veillonella,0,9018
"(1348.25, 61.55882352941177)",Streptococcus,0,9019
"(1347.421052631579, 261.7894736842105)",Actinomyces,0,9020
"(1354.8839779005525, 884.9171270718232)",Porphyromonas,0,9022
"(1351.2173913043478, 446.3391304347826)",Actinomyces,0,9025
"(1351.4117647058824, 719.0490196078431)",Veillonella,0,9026
"(1350.8188976377953, 1020.0708661417323)",Fusobacterium,0,9027
"(1349.016129032258, 1142.0645161290322)",Rothia,0,9028
"(1351.138888888889, 1156.4027777777778)",Capnocytophaga,0,9029
"(1353.442857142857, 131.93571428571428)",Streptococcus,0,9030
"(1354.7941176470588, 655.7058823529412)",Neisseria,0,9031
"(1350.1917808219177, 1174.3287671232877)",Fusobacterium,0,9032
"(1350.536842105263, 1252.2105263157894)",Fusobacterium,0,9033
"(1351.1184210526317, 1699.0)",Lautropia,0,9034
"(1352.1401273885351, 1787.71974522293)",Fusobacterium,0,9035
"(1351.0862068965516, 170.3448275862069)",Streptococcus,0,9037
"(1352.9, 233.6)",Porphyromonas,0,9038
"(1351.4814814814815, 350.75925925925924)",Streptococcus,0,9039
"(1350.7692307692307, 1262.0576923076924)",Fusobacterium,0,9040
"(1351.5588235294117, 1285.9779411764705)",Capnocytophaga,0,9041
"(1356.3098591549297, 1516.8169014084508)",Fusobacterium,0,9042
"(1353.95, 198.93)",Streptococcus,0,9043
"(1352.7592592592594, 910.5679012345679)",Streptococcus,0,9044
"(1352.8064516129032, 1211.467741935484)",Streptococcus,0,9045
"(1353.4044117647059, 1314.0367647058824)",Leptotrichia,0,9047
"(1352.44, 1580.9466666666667)",Veillonella,0,9048
"(1353.4342105263158, 425.5131578947368)",Actinomyces,0,9049
"(1353.861111111111, 953.1851851851852)",Streptococcus,0,9051
"(1355.4590163934427, 998.4426229508197)",Veillonella,0,9052
"(1355.820809248555, 1119.0462427745665)",Fusobacterium,0,9053
"(1356.01, 1333.07)",Veillonella,0,9055
"(1352.3818181818183, 1683.1272727272728)",Rothia,0,9056
"(1351.6724137931035, 1816.948275862069)",Veillonella,0,9057
"(1354.607594936709, 472.40506329113924)",Streptococcus,0,9059
"(1355.6315789473683, 535.9157894736842)",Streptococcus,0,9060
"(1356.951048951049, 777.7342657342657)",Streptococcus,0,9061
"(1357.9106145251396, 1270.9720670391062)",Fusobacterium,0,9062
"(1352.949152542373, 1600.135593220339)",Streptococcus,0,9063
"(1358.0785340314137, 33.79057591623037)",Saccharibacteria,0,9064
"(1355.888888888889, 73.25)",Saccharibacteria,0,9065
"(1356.3949579831933, 278.33613445378154)",Actinomyces,0,9066
"(1357.0820895522388, 406.0970149253731)",Corynebacterium,0,9067
"(1356.983606557377, 582.5819672131148)",Streptococcus,0,9068
"(1356.081081081081, 753.8648648648649)",Saccharibacteria,0,9069
"(1355.5, 1415.452380952381)",Veillonella,0,9070
"(1357.3217391304347, 1642.4260869565217)",Fusobacterium,0,9071
"(1360.6953125, 249.0234375)",Actinomyces,0,9072
"(1361.2380952380952, 505.0857142857143)",Streptococcus,0,9073
"(1356.5844155844156, 636.7532467532468)",Veillonella,0,9074
"(1357.53125, 792.625)",Veillonella,0,9075
"(1356.1829268292684, 1074.4756097560976)",Fusobacterium,0,9076
"(1357.3194444444443, 1099.111111111111)",Veillonella,0,9077
"(1358.142857142857, 551.2539682539683)",Actinomyces,0,9078
"(1356.5913978494623, 687.3440860215054)",Veillonella,0,9079
"(1357.9264705882354, 115.22058823529412)",Corynebacterium,0,9080
"(1356.8431372549019, 145.31372549019608)",Streptococcus,0,9081
"(1359.676923076923, 1058.4)",Campylobacter,0,9082
"(1360.5405405405406, 293.0135135135135)",Actinomyces,0,9084
"(1360.5466666666666, 562.0)",Streptococcus,0,9085
"(1362.942857142857, 598.1904761904761)",Streptococcus,0,9086
"(1362.732057416268, 859.866028708134)",Fusobacterium,0,9087
"(1359.28125, 1662.921875)",Fusobacterium,0,9089
"(1363.423076923077, 1820.7615384615385)",Streptococcus,0,9090
"(1362.933962264151, 186.5)",Actinomyces,0,9091
"(1365.311320754717, 368.2641509433962)",Actinomyces,0,9092
"(1362.061224489796, 385.05102040816325)",Corynebacterium,0,9093
"(1360.8625, 676.575)",Porphyromonas,0,9094
"(1360.3703703703704, 815.0)",Fusobacterium,0,9095
"(1361.5185185185185, 987.3518518518518)",Fusobacterium,0,9096
"(1360.6896551724137, 1147.7241379310344)",Fusobacterium,0,9097
"(1360.84, 83.22)",Corynebacterium,0,9099
"(1361.5079365079366, 334.1587301587302)",Corynebacterium,0,9100
"(1365.0, 487.1832061068702)",Streptococcus,0,9101
"(1361.6833333333334, 702.3833333333333)",Lautropia,0,9102
"(1361.4657534246576, 836.2328767123288)",Capnocytophaga,0,9103
"(1362.075, 1202.575)",Fusobacterium,0,9104
"(1361.5568181818182, 1611.0113636363637)",Fusobacterium,0,9105
"(1363.5, 53.595238095238095)",Actinomyces,0,9106
"(1363.2, 156.5222222222222)",Actinomyces,0,9107
"(1363.2615384615385, 217.91538461538462)",Streptococcus,0,9109
"(1363.5384615384614, 267.5192307692308)",Actinomyces,0,9110
"(1361.920634920635, 310.76190476190476)",Streptococcus,0,9111
"(1367.1437908496732, 1530.7254901960785)",Fusobacterium,0,9112
"(1363.6571428571428, 1588.5714285714287)",Capnocytophaga,0,9113
"(1362.3636363636363, 614.0909090909091)",Corynebacterium,0,9114
"(1363.0821917808219, 929.9041095890411)",Streptococcus,0,9115
"(1364.3725490196077, 167.68627450980392)",Actinomyces,0,9117
"(1365.1756756756756, 625.4324324324324)",Saccharibacteria,0,9119
"(1364.112676056338, 719.9154929577464)",Veillonella,0,9120
"(1365.0, 805.0)",Fusobacterium,0,9121
"(1363.7843137254902, 1012.5490196078431)",Fusobacterium,0,9122
"(1363.2, 1171.46)",Fusobacterium,0,9123
"(1368.081818181818, 1185.2636363636364)",Fusobacterium,0,9124
"(1363.857142857143, 1231.5378151260504)",Streptococcus,0,9125
"(1364.2166666666667, 1308.4333333333334)",Fusobacterium,0,9126
"(1363.6909090909091, 1491.3272727272727)",Fusobacterium,0,9127
"(1369.505376344086, 1102.5376344086021)",Veillonella,0,9129
"(1365.725, 1286.9625)",Fusobacterium,0,9130
"(1364.5081967213114, 1505.0819672131147)",Streptococcus,0,9131
"(1368.3028169014085, 104.85211267605634)",Actinomyces,0,9133
"(1371.3223140495868, 790.6528925619834)",Capnocytophaga,0,9134
"(1368.3283582089553, 1199.5671641791046)",Fusobacterium,0,9135
"(1369.100529100529, 1257.931216931217)",Fusobacterium,0,9136
"(1366.4166666666667, 1652.4)",Fusobacterium,0,9137
"(1367.9052631578948, 1701.0736842105264)",Fusobacterium,0,9138
"(1368.3958333333333, 340.78125)",Corynebacterium,0,9139
"(1368.1785714285713, 435.7857142857143)",Actinomyces,0,9140
"(1367.361111111111, 451.19444444444446)",Actinomyces,0,9141
"(1369.9146341463415, 15.597560975609756)",Actinomyces,0,9143
"(1368.8461538461538, 67.33846153846154)",Actinomyces,0,9144
"(1369.921052631579, 233.72368421052633)",Streptococcus,0,9145
"(1368.6666666666667, 422.36)",Streptococcus,0,9146
"(1371.6224489795918, 729.9285714285714)",Capnocytophaga,0,9147
"(1368.7738095238096, 909.0833333333334)",Actinomyces,0,9148
"(1369.3088235294117, 1024.6323529411766)",Fusobacterium,0,9149
"(1366.811320754717, 1078.3584905660377)",Fusobacterium,0,9150
"(1376.3401015228426, 1079.3451776649747)",Fusobacterium,0,9151
"(1371.0886075949368, 139.13924050632912)",Lautropia,0,9152
"(1369.3513513513512, 952.9459459459459)",Veillonella,0,9153
"(1371.078947368421, 1014.8815789473684)",Fusobacterium,0,9154
"(1368.6825396825398, 1066.873015873016)",Fusobacterium,0,9155
"(1370.4310344827586, 3.7586206896551726)",Actinomyces,0,9156
"(1372.4556962025317, 203.0506329113924)",Veillonella,0,9157
"(1373.9433962264152, 322.42452830188677)",Actinomyces,0,9158
"(1372.2857142857142, 398.8095238095238)",Corynebacterium,0,9159
"(1372.8943089430895, 466.9837398373984)",Actinomyces,0,9160
"(1381.2, 703.5911111111111)",Rothia,0,9162
"(1368.72, 893.2)",Fusobacterium,0,9163
"(1369.7682926829268, 1040.1463414634147)",Fusobacterium,0,9164
"(1370.8255813953488, 1219.8139534883721)",Streptococcus,0,9165
"(1371.75, 870.9875)",Actinomyces,0,9166
"(1380.846511627907, 1165.8418604651163)",Fusobacterium,0,9167
"(1371.5822784810127, 1325.7215189873418)",Veillonella,0,9168
"(1372.970297029703, 1548.8415841584158)",Saccharibacteria,0,9169
"(1371.0, 129.81132075471697)",Lautropia,0,9170
"(1376.037037037037, 540.2962962962963)",Streptococcus,0,9172
"(1371.950819672131, 647.9016393442623)",Fusobacterium,0,9173
"(1372.34375, 751.375)",Saccharibacteria,0,9174
"(1373.0558659217877, 1127.3854748603353)",Fusobacterium,0,9176
"(1375.2978723404256, 45.09574468085106)",Streptococcus,0,9177
"(1375.7719298245613, 302.13157894736844)",Actinomyces,0,9178
"(1374.3370786516855, 666.5505617977528)",Veillonella,0,9179
"(1375.4891304347825, 767.4239130434783)",Veillonella,0,9180
"(1374.2048192771085, 1674.710843373494)",Veillonella,0,9183
"(1375.68, 355.36)",Actinomyces,0,9184
"(1374.046875, 520.171875)",Streptococcus,0,9185
"(1376.5714285714287, 637.5604395604396)",Fusobacterium,0,9188
"(1376.9038461538462, 1149.875)",Fusobacterium,0,9189
"(1374.1549295774648, 1570.7605633802816)",Veillonella,0,9191
"(1374.2413793103449, 271.2068965517241)",Veillonella,0,9193
"(1375.52, 284.3466666666667)",Actinomyces,0,9194
"(1381.2794759825329, 682.9650655021834)",Rothia,0,9195
"(1382.7972027972028, 807.4265734265734)",Fusobacterium,0,9196
"(1376.4197530864199, 996.3827160493827)",Veillonella,0,9198
"(1374.4754098360656, 1412.622950819672)",Capnocytophaga,0,9199
"(1376.284090909091, 1597.034090909091)",Actinomyces,0,9200
"(1378.039603960396, 1660.6534653465346)",Capnocytophaga,0,9201
"(1375.6486486486488, 1687.8648648648648)",Veillonella,0,9202
"(1381.125, 84.64285714285714)",Actinomyces,0,9203
"(1377.6037735849056, 823.8301886792453)",Fusobacterium,0,9204
"(1377.578947368421, 1639.0526315789473)",Rothia,0,9206
"(1376.1764705882354, 1750.0980392156862)",Fusobacterium,0,9208
"(1379.341463414634, 1792.178861788618)",Fusobacterium,0,9209
"(1377.0925925925926, 60.388888888888886)",Actinomyces,0,9210
"(1377.952380952381, 378.1904761904762)",Streptococcus,0,9211
"(1377.4150943396226, 562.5094339622641)",Corynebacterium,0,9212
"(1377.3563218390805, 603.3793103448276)",Neisseria,0,9213
"(1377.4426229508197, 622.3934426229508)",Streptococcus,0,9214
"(1376.7628865979382, 1615.360824742268)",Veillonella,0,9216
"(1380.2413793103449, 849.4597701149426)",Streptococcus,0,9219
"(1379.893203883495, 944.9320388349514)",Veillonella,0,9220
"(1379.4583333333333, 31.375)",Actinomyces,0,9221
"(1378.4264705882354, 164.58823529411765)",Streptococcus,0,9222
"(1383.450980392157, 783.2254901960785)",Fusobacterium,0,9224
"(1379.5384615384614, 1096.3538461538462)",Veillonella,0,9225
"(1379.6575342465753, 1249.5205479452054)",Streptococcus,0,9226
"(1381.204081632653, 1307.5204081632653)",Veillonella,0,9227
"(1379.776, 1499.776)",Fusobacterium,0,9228
"(1381.1937984496124, 1718.8062015503876)",Fusobacterium,0,9229
"(1383.0689655172414, 233.82758620689654)",Saccharibacteria,0,9231
"(1385.513698630137, 338.93150684931504)",Actinomyces,0,9232
"(1381.4186046511627, 969.8527131782946)",Fusobacterium,0,9233
"(1383.463768115942, 1045.927536231884)",Rothia,0,9234
"(1380.0588235294117, 1581.137254901961)",Fusobacterium,0,9235
"(1383.2358490566037, 217.0754716981132)",Actinomyces,0,9237
"(1382.7439024390244, 447.3475609756098)",Streptococcus,0,9239
"(1379.24, 507.26)",Streptococcus,0,9240
"(1382.9886363636363, 878.7727272727273)",Rothia,0,9242
"(1384.3647058823528, 1237.8117647058823)",Fusobacterium,0,9244
"(1382.5208333333333, 1813.0416666666667)",Streptococcus,0,9245
"(1384.099173553719, 103.76859504132231)",Streptococcus,0,9246
"(1384.0, 486.2781954887218)",Streptococcus,0,9247
"(1387.8636363636363, 589.7337662337662)",Streptococcus,0,9248
"(1384.3526011560693, 1203.4797687861271)",Fusobacterium,0,9249
"(1382.258064516129, 1422.225806451613)",Fusobacterium,0,9250
"(1382.4868421052631, 181.39473684210526)",Lautropia,0,9251
"(1383.3389830508474, 573.9491525423729)",Streptococcus,0,9252
"(1383.359375, 1109.5625)",Rothia,0,9253
"(1384.360655737705, 1727.1639344262296)",Fusobacterium,0,9255
"(1383.3823529411766, 4.132352941176471)",Actinomyces,0,9256
"(1387.8640776699028, 151.72815533980582)",Corynebacterium,0,9257
"(1388.0535714285713, 917.6071428571429)",Veillonella,0,9258
"(1383.377358490566, 1014.3018867924528)",Fusobacterium,0,9259
"(1387.142857142857, 1621.3186813186812)",Veillonella,0,9260
"(1385.4242424242425, 418.2121212121212)",Lautropia,0,9261
"(1385.546511627907, 650.8953488372093)",Fusobacterium,0,9262
"(1384.388888888889, 1319.9074074074074)",Veillonella,0,9264
"(1385.0166666666667, 1514.6333333333334)",Streptococcus,0,9265
"(1390.8880597014925, 1566.3059701492537)",Fusobacterium,0,9266
"(1387.19, 200.64)",Streptococcus,0,9267
"(1386.910447761194, 531.8955223880597)",Actinomyces,0,9268
"(1388.2413793103449, 736.0459770114943)",Fusobacterium,0,9269
"(1387.1489361702127, 755.6170212765958)",Veillonella,0,9270
"(1387.2307692307693, 987.9102564102565)",Rothia,0,9271
"(1389.035294117647, 1059.7529411764706)",Fusobacterium,0,9272
"(1385.6666666666667, 1285.736111111111)",Fusobacterium,0,9273
"(1387.1014492753623, 1295.4927536231885)",Fusobacterium,0,9274
"(1392.0594059405942, 123.52475247524752)",Corynebacterium,0,9275
"(1385.7916666666667, 550.5833333333334)",Actinomyces,0,9277
"(1386.6521739130435, 1135.5)",Fusobacterium,0,9278
"(1388.1774193548388, 47.32258064516129)",Saccharibacteria,0,9279
"(1389.8275862068965, 254.2183908045977)",Actinomyces,0,9280
"(1390.2403846153845, 825.1923076923077)",Rothia,0,9283
"(1391.0103092783504, 932.2371134020618)",Veillonella,0,9284
"(1390.1507936507937, 1222.3253968253969)",Fusobacterium,0,9285
"(1390.22131147541, 1550.032786885246)",Fusobacterium,0,9286
"(1393.888888888889, 1736.7521367521367)",Fusobacterium,0,9288
"(1389.1818181818182, 272.97520661157023)",Actinomyces,0,9289
"(1388.9846153846154, 292.15384615384613)",Saccharibacteria,0,9290
"(1388.910447761194, 316.4179104477612)",Actinomyces,0,9291
"(1388.4313725490197, 407.52941176470586)",Actinomyces,0,9292
"(1388.9166666666667, 472.43055555555554)",Streptococcus,0,9293
"(1393.6274509803923, 721.8823529411765)",Fusobacterium,0,9294
"(1390.359375, 961.34375)",Fusobacterium,0,9295
"(1390.155172413793, 1025.4137931034484)",Fusobacterium,0,9296
"(1392.0615384615385, 1183.7384615384615)",Fusobacterium,0,9297
"(1389.3300970873786, 1683.7378640776699)",Fusobacterium,0,9298
"(1387.7692307692307, 1775.2307692307693)",Streptococcus,0,9299
"(1391.2279411764705, 20.279411764705884)",Actinomyces,0,9300
"(1393.3125, 59.859375)",Actinomyces,0,9301
"(1390.2380952380952, 390.85714285714283)",Corynebacterium,0,9302
"(1391.35, 1526.0375)",Veillonella,0,9303
"(1391.0, 1721.5616438356165)",Fusobacterium,0,9304
"(1391.8666666666666, 138.18666666666667)",Saccharibacteria,0,9305
"(1391.7852348993288, 507.77852348993287)",Actinomyces,0,9306
"(1392.6559139784947, 631.9247311827957)",Fusobacterium,0,9307
"(1396.6074074074074, 903.4)",Veillonella,0,9308
"(1392.485436893204, 1584.631067961165)",Fusobacterium,0,9309
"(1395.3358208955224, 1604.686567164179)",Veillonella,0,9310
"(1398.2700729927008, 1633.5401459854015)",Veillonella,0,9311
"(1396.2571428571428, 377.0761904761905)",Actinomyces,0,9312
"(1395.2222222222222, 429.6666666666667)",Streptococcus,0,9313
"(1393.891304347826, 1118.0978260869565)",Veillonella,0,9315
"(1393.7428571428572, 1148.9285714285713)",Fusobacterium,0,9316
"(1401.35960591133, 163.9655172413793)",Actinomyces,0,9318
"(1393.7154471544716, 1006.5934959349594)",Fusobacterium,0,9319
"(1399.2805755395684, 1089.820143884892)",Veillonella,0,9320
"(1395.5833333333333, 1274.4166666666667)",Fusobacterium,0,9321
"(1397.2421052631578, 770.5368421052632)",Neisseria,0,9322
"(1394.953488372093, 792.453488372093)",Rothia,0,9323
"(1393.7719298245613, 1197.842105263158)",Fusobacterium,0,9325
"(1396.72, 1808.7066666666667)",Fusobacterium,0,9328
"(1395.8684210526317, 86.61842105263158)",Streptococcus,0,9329
"(1396.4805194805194, 310.02597402597405)",Porphyromonas,0,9330
"(1394.774193548387, 1764.1290322580646)",Fusobacterium,0,9331
"(1398.9911504424779, 39.51327433628319)",Streptococcus,0,9332
"(1395.5866666666666, 185.04)",Actinomyces,0,9333
"(1397.642857142857, 287.4642857142857)",Corynebacterium,0,9334
"(1395.8923076923077, 572.6153846153846)",Streptococcus,0,9337
"(1396.686274509804, 864.5196078431372)",Fusobacterium,0,9338
"(1397.2666666666667, 1248.05)",Fusobacterium,0,9339
"(1397.2524271844661, 1507.1941747572816)",Fusobacterium,0,9340
"(1396.3392857142858, 1067.8392857142858)",Fusobacterium,0,9341
"(1401.6470588235295, 1670.8431372549019)",Veillonella,0,9342
"(1398.575, 697.5375)",Lautropia,0,9344
"(1399.2894736842106, 842.8552631578947)",Fusobacterium,0,9345
"(1398.7323943661972, 987.3521126760563)",Rothia,0,9346
"(1398.2432432432433, 1102.2702702702702)",Veillonella,0,9348
"(1399.1904761904761, 1790.142857142857)",Streptococcus,0,9349
"(1399.8125, 234.25)",Streptococcus,0,9350
"(1399.949152542373, 350.66101694915255)",Corynebacterium,0,9351
"(1398.5671641791046, 413.1044776119403)",Actinomyces,0,9352
"(1398.8481012658228, 461.0379746835443)",Saccharibacteria,0,9353
"(1400.4556962025317, 526.379746835443)",Actinomyces,0,9354
"(1397.909090909091, 548.7818181818182)",Fusobacterium,0,9355
"(1403.3771428571429, 1047.0514285714285)",Fusobacterium,0,9356
"(1400.2297297297298, 1261.8108108108108)",Fusobacterium,0,9357
"(1400.96, 6.8133333333333335)",Actinomyces,0,9358
"(1400.6543209876543, 488.85185185185185)",Actinomyces,0,9360
"(1400.159420289855, 1173.6666666666667)",Fusobacterium,0,9362
"(1400.032258064516, 1294.4354838709678)",Fusobacterium,0,9363
"(1400.6626506024097, 1646.9277108433735)",Fusobacterium,0,9364
"(1400.5882352941176, 1709.264705882353)",Fusobacterium,0,9365
"(1404.3307692307692, 1820.8846153846155)",Streptococcus,0,9366
"(1401.5416666666667, 210.02777777777777)",Corynebacterium,0,9367
"(1401.2526315789473, 333.4736842105263)",Actinomyces,0,9368
"(1402.0394736842106, 872.9736842105264)",Fusobacterium,0,9369
"(1405.2587412587413, 1133.4125874125873)",Fusobacterium,0,9370
"(1405.7407407407406, 272.0833333333333)",Corynebacterium,0,9371
"(1405.0, 385.17808219178085)",Actinomyces,0,9372
"(1405.4591836734694, 398.1326530612245)",Actinomyces,0,9373
"(1402.875, 633.6111111111111)",Fusobacterium,0,9374
"(1401.7012987012988, 649.2467532467532)",Fusobacterium,0,9375
"(1403.274336283186, 678.3097345132743)",Neisseria,0,9376
"(1401.7169811320755, 1152.0)",Fusobacterium,0,9377
"(1403.5494505494505, 1692.7692307692307)",Veillonella,0,9379
"(1404.120481927711, 1777.9397590361446)",Streptococcus,0,9380
"(1405.144927536232, 191.2753623188406)",Actinomyces,0,9381
"(1402.388888888889, 889.6111111111111)",Streptococcus,0,9384
"(1402.764705882353, 1028.0)",Fusobacterium,0,9385
"(1404.0722891566265, 1235.44578313253)",Capnocytophaga,0,9386
"(1405.1363636363637, 1656.7613636363637)",Veillonella,0,9387
"(1405.015625, 323.3125)",Corynebacterium,0,9388
"(1403.15, 477.725)",Actinomyces,0,9389
"(1414.0226244343892, 580.3755656108598)",Fusobacterium,0,9390
"(1405.7820512820513, 776.6025641025641)",Veillonella,0,9391
"(1409.1410256410256, 812.4038461538462)",Rothia,0,9392
"(1406.5338345864661, 832.8947368421053)",Fusobacterium,0,9393
"(1404.7764705882353, 71.36470588235294)",Saccharibacteria,0,9395
"(1405.8283582089553, 106.55223880597015)",Corynebacterium,0,9396
"(1404.907894736842, 440.38157894736844)",Actinomyces,0,9397
"(1405.888888888889, 150.38888888888889)",Corynebacterium,0,9400
"(1405.4050632911392, 932.8481012658228)",Veillonella,0,9401
"(1404.741935483871, 1529.225806451613)",Fusobacterium,0,9403
"(1408.7560975609756, 126.54878048780488)",Actinomyces,0,9404
"(1412.8088235294117, 290.05882352941177)",Saccharibacteria,0,9405
"(1408.578125, 1014.65625)",Fusobacterium,0,9406
"(1411.2380952380952, 1166.0357142857142)",Fusobacterium,0,9408
"(1408.4333333333334, 1197.1277777777777)",Fusobacterium,0,9409
"(1410.5891472868218, 1751.4961240310076)",Fusobacterium,0,9411
"(1405.396551724138, 1762.3620689655172)",Streptococcus,0,9412
"(1407.462962962963, 260.77777777777777)",Streptococcus,0,9414
"(1408.6233766233765, 968.9090909090909)",Fusobacterium,0,9415
"(1408.4246575342465, 1003.0)",Fusobacterium,0,9416
"(1410.125, 1798.078125)",Streptococcus,0,9417
"(1410.421052631579, 500.75)",Saccharibacteria,0,9420
"(1410.922077922078, 1216.948051948052)",Fusobacterium,0,9421
"(1410.6301369863013, 18.273972602739725)",Streptococcus,0,9422
"(1413.1720430107528, 33.54838709677419)",Corynebacterium,0,9423
"(1412.62, 787.55)",Veillonella,0,9424
"(1416.9310344827586, 1533.448275862069)",Fusobacterium,0,9425
"(1410.7692307692307, 84.91025641025641)",Saccharibacteria,0,9426
"(1410.887323943662, 303.9577464788732)",Streptococcus,0,9427
"(1410.808988764045, 544.0)",Lautropia,0,9428
"(1411.2763157894738, 734.5)",Veillonella,0,9429
"(1411.6933333333334, 1553.5866666666666)",Fusobacterium,0,9431
"(1412.0555555555557, 1598.5)",Fusobacterium,0,9432
"(1412.1475409836066, 214.62295081967213)",Streptococcus,0,9434
"(1412.7462686567164, 226.5820895522388)",Corynebacterium,0,9435
"(1413.448717948718, 408.3076923076923)",Saccharibacteria,0,9436
"(1412.483870967742, 454.4516129032258)",Streptococcus,0,9437
"(1419.0745341614906, 563.1180124223603)",Streptococcus,0,9439
"(1413.0945945945946, 630.9459459459459)",Streptococcus,0,9440
"(1413.2567567567567, 720.6891891891892)",Streptococcus,0,9442
"(1414.624, 952.616)",Fusobacterium,0,9443
"(1411.9655172413793, 1272.9655172413793)",Fusobacterium,0,9444
"(1412.9320388349515, 425.05825242718447)",Actinomyces,0,9446
"(1416.6143790849674, 707.1895424836601)",Fusobacterium,0,9447
"(1412.9322033898304, 1038.4745762711864)",Fusobacterium,0,9449
"(1412.969696969697, 1103.030303030303)",Veillonella,0,9450
"(1413.4239130434783, 1151.804347826087)",Fusobacterium,0,9451
"(1413.0588235294117, 1588.0294117647059)",Veillonella,0,9452
"(1411.7288135593221, 1615.5254237288136)",Rothia,0,9453
"(1413.4615384615386, 244.1076923076923)",Corynebacterium,0,9454
"(1414.5694444444443, 522.25)",Actinomyces,0,9455
"(1415.875, 686.85)",Actinomyces,0,9456
"(1414.4, 881.6266666666667)",Veillonella,0,9457
"(1414.3854166666667, 899.4270833333334)",Capnocytophaga,0,9458
"(1415.0666666666666, 980.4933333333333)",Fusobacterium,0,9459
"(1415.945652173913, 1119.2173913043478)",Veillonella,0,9460
"(1415.4757281553398, 1183.4174757281553)",Fusobacterium,0,9461
"(1416.8092485549132, 1638.942196531792)",Fusobacterium,0,9462
"(1417.79375, 1711.9875)",Fusobacterium,0,9463
"(1416.0, 94.77777777777777)",Actinomyces,0,9464
"(1415.9818181818182, 358.5181818181818)",Actinomyces,0,9465
"(1415.2105263157894, 1674.4736842105262)",Veillonella,0,9466
"(1416.6025641025642, 314.70512820512823)",Actinomyces,0,9467
"(1420.4732142857142, 336.8794642857143)",Saccharibacteria,0,9468
"(1418.5432098765432, 1025.4444444444443)",Fusobacterium,0,9469
"(1418.9756097560976, 1793.2926829268292)",Streptococcus,0,9470
"(1415.948051948052, 1813.4415584415585)",Streptococcus,0,9471
"(1419.9404761904761, 482.2142857142857)",Actinomyces,0,9473
"(1417.6333333333334, 856.7111111111111)",Veillonella,0,9474
"(1416.8115942028985, 1075.4057971014493)",Veillonella,0,9475
"(1421.503816793893, 1259.9618320610687)",Fusobacterium,0,9476
"(1418.1333333333334, 60.61333333333334)",Corynebacterium,0,9477
"(1419.4905660377358, 112.11320754716981)",Streptococcus,0,9479
"(1418.8703703703704, 468.98148148148147)",Actinomyces,0,9480
"(1418.159574468085, 927.1808510638298)",Neisseria,0,9481
"(1417.1538461538462, 1775.0128205128206)",Porphyromonas,0,9482
"(1419.3142857142857, 191.54285714285714)",Streptococcus,0,9483
"(1418.686274509804, 278.54901960784315)",Corynebacterium,0,9484
"(1419.3815789473683, 441.35526315789474)",Actinomyces,0,9485
"(1426.9753086419753, 999.1975308641976)",Fusobacterium,0,9486
"(1418.6415094339623, 1091.301886792453)",Fusobacterium,0,9488
"(1418.6103896103896, 1691.7922077922078)",Rothia,0,9489
"(1420.0, 1838.0)",Streptococcus,0,9490
"(1421.5238095238096, 50.888888888888886)",Actinomyces,0,9491
"(1420.0860215053763, 171.3548387096774)",Actinomyces,0,9492
"(1420.6973684210527, 260.9868421052632)",Streptococcus,0,9493
"(1421.196261682243, 379.93457943925233)",Actinomyces,0,9494
"(1422.725, 421.7)",Actinomyces,0,9495
"(1424.9506172839506, 517.7777777777778)",Actinomyces,0,9496
"(1420.9298245614036, 641.6842105263158)",Fusobacterium,0,9497
"(1420.9253731343283, 658.7164179104477)",Fusobacterium,0,9498
"(1426.0569620253164, 1569.4493670886077)",Fusobacterium,0,9500
"(1423.4239130434783, 1658.7282608695652)",Saccharibacteria,0,9503
"(1423.137254901961, 21.715686274509803)",Actinomyces,0,9504
"(1423.8028169014085, 130.33802816901408)",Streptococcus,0,9505
"(1424.7176470588236, 780.5294117647059)",Veillonella,0,9506
"(1422.9714285714285, 1275.8857142857144)",Capnocytophaga,0,9507
"(1424.3333333333333, 144.6969696969697)",Streptococcus,0,9509
"(1424.4565217391305, 495.19565217391306)",Actinomyces,0,9510
"(1425.0645161290322, 675.3010752688172)",Veillonella,0,9511
"(1430.9, 796.5875)",Rothia,0,9512
"(1424.9240506329113, 1047.746835443038)",Fusobacterium,0,9513
"(1424.340206185567, 1444.4948453608247)",Veillonella,0,9514
"(1428.957264957265, 1770.111111111111)",Fusobacterium,0,9515
"(1426.1014492753623, 210.40579710144928)",Actinomyces,0,9516
"(1425.5454545454545, 237.33333333333334)",Actinomyces,0,9517
"(1427.2906976744187, 299.2093023255814)",Actinomyces,0,9518
"(1424.12, 400.46)",Actinomyces,0,9519
"(1424.8026315789473, 542.171052631579)",Actinomyces,0,9520
"(1424.3921568627452, 690.7647058823529)",Streptococcus,0,9521
"(1426.436974789916, 1730.8235294117646)",Fusobacterium,0,9525
"(1425.2162162162163, 1746.7297297297298)",Fusobacterium,0,9526
"(1425.0787401574803, 1864.5196850393702)",Streptococcus,0,9527
"(1429.0268456375838, 1210.993288590604)",Fusobacterium,0,9530
"(1426.7317073170732, 1243.2926829268292)",Veillonella,0,9531
"(1426.5068493150684, 1608.109589041096)",Actinomyces,0,9532
"(1428.1489361702127, 71.08510638297872)",Streptococcus,0,9533
"(1427.982142857143, 315.42857142857144)",Streptococcus,0,9534
"(1427.2923076923078, 448.33846153846156)",Actinomyces,0,9536
"(1426.9154929577464, 1105.3239436619717)",Lautropia,0,9538
"(1426.774647887324, 1589.9014084507041)",Prevotella,0,9539
"(1429.622641509434, 1906.6792452830189)",Veillonella,0,9540
"(1429.5, 224.38571428571427)",Actinomyces,0,9541
"(1432.1869158878505, 363.5420560747664)",Actinomyces,0,9542
"(1427.2456140350878, 473.3157894736842)",Actinomyces,0,9543
"(1430.0975609756097, 966.9146341463414)",Fusobacterium,0,9544
"(1432.8353658536585, 1030.841463414634)",Fusobacterium,0,9545
"(1429.1326530612246, 1063.3469387755101)",Campylobacter,0,9546
"(1429.5035971223022, 1183.273381294964)",Streptococcus,0,9547
"(1430.51, 8.72)",Actinomyces,0,9548
"(1430.6142857142856, 553.7857142857143)",Streptococcus,0,9549
"(1427.8947368421052, 625.8070175438596)",Fusobacterium,0,9550
"(1428.8823529411766, 900.9882352941177)",Veillonella,0,9551
"(1433.8095238095239, 947.1809523809524)",Fusobacterium,0,9552
"(1428.8831168831168, 982.1428571428571)",Fusobacterium,0,9553
"(1429.6724137931035, 1228.4655172413793)",Fusobacterium,0,9554
"(1428.2923076923078, 1789.5230769230768)",Fusobacterium,0,9555
"(1430.0, 271.5)",Actinomyces,0,9556
"(1436.442748091603, 376.2442748091603)",Actinomyces,0,9557
"(1430.22, 705.0)",Capnocytophaga,0,9559
"(1431.8424657534247, 817.2671232876712)",Veillonella,0,9560
"(1432.8125, 875.3482142857143)",Neisseria,0,9561
"(1430.9381443298969, 1089.2680412371135)",Fusobacterium,0,9562
"(1431.2649572649573, 1161.7094017094016)",Fusobacterium,0,9563
"(1429.4923076923078, 1694.6153846153845)",Capnocytophaga,0,9565
"(1429.984126984127, 1803.873015873016)",Capnocytophaga,0,9566
"(1432.0, 104.25)",Actinomyces,0,9567
"(1433.1157024793388, 157.9504132231405)",Corynebacterium,0,9568
"(1436.0859375, 176.1171875)",Actinomyces,0,9569
"(1432.4634146341464, 251.0)",Streptococcus,0,9570
"(1431.6166666666666, 529.55)",Streptococcus,0,9571
"(1436.3766233766235, 636.038961038961)",Fusobacterium,0,9572
"(1433.2266666666667, 835.48)",Neisseria,0,9573
"(1431.8387096774193, 1138.5967741935483)",Fusobacterium,0,9574
"(1433.392857142857, 1668.9166666666667)",Veillonella,0,9575
"(1430.8461538461538, 1816.8)",Selenomonas,0,9576
"(1432.360465116279, 1843.0232558139535)",Fusobacterium,0,9577
"(1433.154761904762, 91.35714285714286)",Actinomyces,0,9578
"(1435.1566265060242, 409.12048192771084)",Actinomyces,0,9580
"(1432.4022988505747, 586.5057471264367)",Fusobacterium,0,9581
"(1435.3164556962026, 618.2405063291139)",Actinomyces,0,9582
"(1430.8846153846155, 1643.173076923077)",Fusobacterium,0,9584
"(1434.1587301587301, 351.85714285714283)",Actinomyces,0,9586
"(1432.7878787878788, 753.8181818181819)",Veillonella,0,9588
"(1433.090909090909, 1014.969696969697)",Fusobacterium,0,9589
"(1434.076923076923, 1555.8131868131868)",Fusobacterium,0,9590
"(1439.7908496732025, 1710.2222222222222)",Fusobacterium,0,9592
"(1434.8313253012047, 735.8072289156627)",Veillonella,0,9594
"(1434.6507936507937, 1527.111111111111)",Fusobacterium,0,9595
"(1435.3170731707316, 193.77235772357724)",Corynebacterium,0,9596
"(1440.4285714285713, 855.5714285714286)",Actinomyces,0,9598
"(1433.8333333333333, 1196.7666666666667)",Fusobacterium,0,9599
"(1435.4155844155844, 1757.2207792207791)",Streptococcus,0,9600
"(1435.7818181818182, 142.47272727272727)",Actinomyces,0,9601
"(1436.3275862068965, 466.6034482758621)",Actinomyces,0,9602
"(1435.1641791044776, 503.8955223880597)",Actinomyces,0,9603
"(1438.4128440366972, 1126.3761467889908)",Fusobacterium,0,9604
"(1438.264705882353, 1827.6666666666667)",Streptococcus,0,9605
"(1437.8510638297873, 40.12765957446808)",Actinomyces,0,9606
"(1439.0260869565218, 57.36521739130435)",Actinomyces,0,9607
"(1437.949152542373, 113.15254237288136)",Corynebacterium,0,9608
"(1437.857142857143, 540.8253968253969)",Actinomyces,0,9609
"(1439.659090909091, 887.0)",Neisseria,0,9610
"(1438.6808510638298, 1258.3333333333333)",Fusobacterium,0,9611
"(1443.042328042328, 1543.968253968254)",Fusobacterium,0,9612
"(1438.425, 127.425)",Actinomyces,0,9613
"(1444.7339449541284, 259.9633027522936)",Corynebacterium,0,9614
"(1438.267857142857, 291.5892857142857)",Streptococcus,0,9615
"(1439.9761904761904, 326.20238095238096)",Actinomyces,0,9616
"(1437.140350877193, 696.1754385964912)",Fusobacterium,0,9617
"(1437.5578947368422, 921.8105263157895)",Fusobacterium,0,9618
"(1438.047619047619, 1856.920634920635)",Fusobacterium,0,9620
"(1438.9594594594594, 1876.2162162162163)",Fusobacterium,0,9621
"(1442.7217391304348, 18.269565217391303)",Streptococcus,0,9622
"(1438.0405405405406, 419.0)",Actinomyces,0,9623
"(1440.135593220339, 456.5593220338983)",Actinomyces,0,9624
"(1440.8190476190475, 684.0857142857143)",Rothia,0,9625
"(1438.826923076923, 715.9423076923077)",Streptococcus,0,9626
"(1442.162393162393, 1076.820512820513)",Fusobacterium,0,9627
"(1444.890510948905, 1111.5182481751824)",Rothia,0,9628
"(1439.9333333333334, 1687.2555555555555)",Fusobacterium,0,9629
"(1440.84375, 239.09375)",Actinomyces,0,9631
"(1442.9609375, 393.0703125)",Actinomyces,0,9632
"(1441.945652173913, 515.7826086956521)",Saccharibacteria,0,9633
"(1441.967032967033, 561.4065934065934)",Streptococcus,0,9634
"(1441.4537037037037, 667.3518518518518)",Neisseria,0,9635
"(1440.816091954023, 745.9655172413793)",Veillonella,0,9636
"(1446.2586206896551, 1141.4655172413793)",Fusobacterium,0,9638
"(1443.5714285714287, 1592.3642857142856)",Fusobacterium,0,9639
"(1443.0136054421769, 784.9115646258504)",Rothia,0,9641
"(1443.5352112676057, 1092.9154929577464)",Fusobacterium,0,9642
"(1444.5225225225224, 1459.8918918918919)",Veillonella,0,9643
"(1442.2843137254902, 1613.8823529411766)",Veillonella,0,9644
"(1440.5294117647059, 1640.1764705882354)",Fusobacterium,0,9645
"(1444.03738317757, 443.5140186915888)",Actinomyces,0,9648
"(1442.6969696969697, 906.9090909090909)",Veillonella,0,9650
"(1448.762962962963, 1241.9259259259259)",Fusobacterium,0,9651
"(1444.1089743589744, 1786.7564102564102)",Fusobacterium,0,9652
"(1444.7254901960785, 223.97058823529412)",Actinomyces,0,9653
"(1442.5625, 341.296875)",Actinomyces,0,9654
"(1443.121212121212, 979.2272727272727)",Fusobacterium,0,9655
"(1443.0731707317073, 1056.9268292682927)",Rothia,0,9656
"(1446.1610738255033, 1725.8859060402685)",Fusobacterium,0,9657
"(1444.945205479452, 313.32876712328766)",Corynebacterium,0,9658
"(1451.2424242424242, 1153.8181818181818)",Fusobacterium,0,9660
"(1443.111111111111, 1167.9814814814815)",Fusobacterium,0,9661
"(1443.5, 1226.16)",Fusobacterium,0,9662
"(1446.6309523809523, 142.17857142857142)",Actinomyces,0,9663
"(1455.6017699115043, 164.61061946902655)",Corynebacterium,0,9664
"(1445.0597014925372, 301.2238805970149)",Actinomyces,0,9665
"(1446.5652173913043, 367.768115942029)",Saccharibacteria,0,9666
"(1447.6896551724137, 425.9425287356322)",Actinomyces,0,9667
"(1448.6090909090908, 1516.6363636363637)",Fusobacterium,0,9669
"(1449.0192307692307, 1920.75)",Veillonella,0,9671
"(1448.2388059701493, 111.55223880597015)",Corynebacterium,0,9672
"(1448.723404255319, 501.13829787234044)",Actinomyces,0,9673
"(1447.5566037735848, 592.0283018867924)",Fusobacterium,0,9674
"(1445.1818181818182, 609.8363636363637)",Veillonella,0,9675
"(1445.6290322580646, 821.1935483870968)",Veillonella,0,9676
"(1448.905109489051, 1210.5036496350365)",Fusobacterium,0,9677
"(1445.8524590163934, 1907.8196721311476)",Veillonella,0,9678
"(1449.593220338983, 489.64406779661016)",Actinomyces,0,9679
"(1447.655737704918, 839.0983606557377)",Neisseria,0,9680
"(1446.0208333333333, 1039.40625)",Fusobacterium,0,9681
"(1447.3023255813953, 1656.1744186046512)",Capnocytophaga,0,9682
"(1449.8709677419354, 1766.252688172043)",Fusobacterium,0,9683
"(1447.4776119402984, 1840.6119402985075)",Saccharibacteria,0,9684
"(1449.2307692307693, 356.63461538461536)",Actinomyces,0,9686
"(1451.878787878788, 466.7979797979798)",Actinomyces,0,9687
"(1450.2337662337663, 717.987012987013)",Veillonella,0,9688
"(1450.5514018691588, 761.4205607476636)",Fusobacterium,0,9689
"(1447.9054054054054, 1012.527027027027)",Veillonella,0,9690
"(1448.9583333333333, 1568.7291666666667)",Veillonella,0,9691
"(1452.6929824561403, 80.08771929824562)",Actinomyces,0,9692
"(1448.7564102564102, 199.98717948717947)",Actinomyces,0,9693
"(1448.671875, 283.21875)",Actinomyces,0,9694
"(1450.967213114754, 478.3114754098361)",Actinomyces,0,9695
"(1449.907894736842, 528.7105263157895)",Actinomyces,0,9696
"(1450.3617021276596, 575.9893617021277)",Neisseria,0,9697
"(1449.4886363636363, 956.75)",Fusobacterium,0,9699
"(1451.1834862385322, 1379.4311926605506)",Fusobacterium,0,9700
"(1455.5232558139535, 1812.1046511627908)",Fusobacterium,0,9702
"(1451.3440860215053, 1865.236559139785)",Fusobacterium,0,9703
"(1449.0192307692307, 1886.4326923076924)",Actinomyces,0,9704
"(1454.4259259259259, 184.44444444444446)",Actinomyces,0,9705
"(1455.5714285714287, 209.00892857142858)",Actinomyces,0,9706
"(1452.0337078651685, 868.6516853932584)",Veillonella,0,9707
"(1450.75, 884.0131578947369)",Prevotella,0,9708
"(1450.873015873016, 1667.5873015873017)",Fusobacterium,0,9710
"(1453.728, 46.272)",Actinomyces,0,9711
"(1451.0140845070423, 623.5633802816901)",Actinomyces,0,9712
"(1452.8285714285714, 1168.7)",Streptococcus,0,9713
"(1455.1333333333334, 1268.3575757575757)",Fusobacterium,0,9714
"(1451.0892857142858, 1639.142857142857)",Veillonella,0,9715
"(1452.3444444444444, 1679.5777777777778)",Fusobacterium,0,9716
"(1452.1960784313726, 1850.6470588235295)",Capnocytophaga,0,9717
"(1453.3142857142857, 100.72857142857143)",Corynebacterium,0,9718
"(1456.4822695035461, 127.70212765957447)",Corynebacterium,0,9719
"(1452.967741935484, 246.43548387096774)",Corynebacterium,0,9720
"(1453.014705882353, 604.8382352941177)",Rothia,0,9722
"(1453.5535714285713, 704.5892857142857)",Veillonella,0,9723
"(1451.28, 971.48)",Fusobacterium,0,9725
"(1452.5833333333333, 997.8809523809524)",Fusobacterium,0,9726
"(1454.2567567567567, 409.3783783783784)",Actinomyces,0,9728
"(1454.3050847457628, 772.6610169491526)",Fusobacterium,0,9731
"(1452.530303030303, 930.3636363636364)",Fusobacterium,0,9732
"(1454.1157894736841, 1288.4421052631578)",Veillonella,0,9733
"(1457.301886792453, 537.7924528301887)",Corynebacterium,0,9735
"(1454.7254901960785, 805.7058823529412)",Veillonella,0,9736
"(1457.3095238095239, 1652.5238095238096)",Fusobacterium,0,9737
"(1458.44, 345.296)",Actinomyces,0,9738
"(1454.9634146341464, 895.8414634146342)",Fusobacterium,0,9739
"(1456.4736842105262, 1126.7105263157894)",Streptococcus,0,9740
"(1457.0585106382978, 1187.8563829787233)",Fusobacterium,0,9741
"(1454.6615384615384, 1691.4307692307693)",Capnocytophaga,0,9742
"(1457.632183908046, 382.4367816091954)",Actinomyces,0,9743
"(1458.6347305389222, 433.62874251497004)",Actinomyces,0,9744
"(1459.6384615384616, 944.8923076923077)",Fusobacterium,0,9746
"(1456.3714285714286, 1082.4190476190477)",Campylobacter,0,9747
"(1459.1, 1796.35)",Fusobacterium,0,9748
"(1457.0459770114942, 63.5632183908046)",Actinomyces,0,9749
"(1460.5, 371.14285714285717)",Actinomyces,0,9750
"(1463.5480225988701, 736.3333333333334)",Fusobacterium,0,9751
"(1460.0291262135922, 986.2330097087379)",Fusobacterium,0,9753
"(1457.7066666666667, 1228.3866666666668)",Actinomyces,0,9754
"(1460.6186440677966, 26.983050847457626)",Actinomyces,0,9756
"(1459.6931818181818, 516.9318181818181)",Actinomyces,0,9758
"(1460.1851851851852, 649.6444444444444)",Neisseria,0,9759
"(1465.7351351351351, 674.9513513513514)",Actinomyces,0,9760
"(1458.1739130434783, 834.927536231884)",Veillonella,0,9761
"(1462.1085714285714, 854.8514285714285)",Rothia,0,9762
"(1458.6261682242991, 1502.6635514018692)",Fusobacterium,0,9763
"(1458.8648648648648, 1541.2027027027027)",Fusobacterium,0,9764
"(1459.9, 1783.7125)",Fusobacterium,0,9765
"(1458.3932584269662, 1827.8539325842696)",Veillonella,0,9766
"(1458.208695652174, 13.365217391304348)",Actinomyces,0,9767
"(1464.9589743589743, 551.1948717948718)",Actinomyces,0,9768
"(1460.44, 1905.4)",Veillonella,0,9770
"(1460.0655737704917, 499.0163934426229)",Actinomyces,0,9771
"(1465.978102189781, 589.4379562043796)",Streptococcus,0,9772
"(1460.0188679245282, 925.4150943396227)",Fusobacterium,0,9773
"(1460.2884615384614, 1059.826923076923)",Fusobacterium,0,9774
"(1459.3387096774193, 1100.4516129032259)",Fusobacterium,0,9775
"(1461.6693548387098, 1459.274193548387)",Veillonella,0,9776
"(1461.9684210526316, 1935.5263157894738)",Veillonella,0,9778
"(1462.375, 147.625)",Actinomyces,0,9779
"(1461.2054794520548, 194.4931506849315)",Actinomyces,0,9780
"(1462.439024390244, 275.5853658536585)",Actinomyces,0,9782
"(1461.5, 287.5)",Actinomyces,0,9783
"(1463.439024390244, 630.439024390244)",Capnocytophaga,0,9784
"(1462.8375, 1220.925)",Streptococcus,0,9786
"(1461.4880952380952, 1733.3333333333333)",Capnocytophaga,0,9787
"(1461.85, 316.35)",Actinomyces,0,9788
"(1463.258426966292, 1020.8314606741573)",Lautropia,0,9789
"(1462.859375, 1139.171875)",Neisseria,0,9790
"(1469.7910447761194, 1875.1542288557214)",Neisseria,0,9791
"(1464.2403846153845, 230.82692307692307)",Actinomyces,0,9792
"(1465.111111111111, 477.9861111111111)",Streptococcus,0,9793
"(1470.6072727272726, 907.2254545454546)",Fusobacterium,0,9794
"(1463.2205882352941, 1607.6764705882354)",Fusobacterium,0,9795
"(1468.3298969072166, 452.10309278350513)",Actinomyces,0,9797
"(1465.8396946564885, 609.6106870229007)",Fusobacterium,0,9798
"(1463.469696969697, 691.1515151515151)",Fusobacterium,0,9799
"(1465.5882352941176, 1035.9117647058824)",Rothia,0,9800
"(1465.5652173913043, 1048.5652173913043)",Fusobacterium,0,9801
"(1463.8653846153845, 1164.1153846153845)",Fusobacterium,0,9802
"(1469.592356687898, 1588.687898089172)",Fusobacterium,0,9804
"(1465.4831460674156, 1670.5955056179776)",Rothia,0,9805
"(1466.8910891089108, 1895.1881188118812)",Veillonella,0,9806
"(1470.628787878788, 109.03030303030303)",Actinomyces,0,9808
"(1467.111111111111, 360.5416666666667)",Streptococcus,0,9810
"(1464.949152542373, 573.6271186440678)",Actinomyces,0,9811
"(1470.2643678160919, 1001.7758620689655)",Fusobacterium,0,9812
"(1465.0, 1112.8805970149253)",Fusobacterium,0,9813
"(1468.1, 1204.4642857142858)",Streptococcus,0,9814
"(1468.1923076923076, 1531.5923076923077)",Fusobacterium,0,9815
"(1466.3291139240507, 1557.4303797468353)",Veillonella,0,9816
"(1466.2203389830509, 136.1864406779661)",Saccharibacteria,0,9817
"(1468.1625, 962.8125)",Fusobacterium,0,9818
"(1466.6849315068494, 1070.958904109589)",Fusobacterium,0,9819
"(1467.409090909091, 1250.1262626262626)",Rothia,0,9820
"(1464.949152542373, 1959.915254237288)",Veillonella,0,9821
"(1468.9673913043478, 467.64130434782606)",Actinomyces,0,9822
"(1468.1776649746193, 791.4974619289341)",Neisseria,0,9823
"(1466.1206896551723, 814.9655172413793)",Neisseria,0,9824
"(1467.6850393700788, 877.3622047244095)",Actinomyces,0,9825
"(1467.8589743589744, 1515.8461538461538)",Veillonella,0,9826
"(1467.164383561644, 1642.0821917808219)",Fusobacterium,0,9827
"(1470.8207547169811, 254.88679245283018)",Actinomyces,0,9829
"(1470.451923076923, 396.46153846153845)",Actinomyces,0,9830
"(1470.3333333333333, 493.0574712643678)",Corynebacterium,0,9831
"(1468.3544303797469, 715.4177215189874)",Fusobacterium,0,9832
"(1468.1846153846154, 1360.5384615384614)",Fusobacterium,0,9834
"(1468.0280373831777, 1688.3364485981308)",Campylobacter,0,9835
"(1468.2714285714285, 1720.1142857142856)",Veillonella,0,9836
"(1473.3640552995391, 1919.4377880184331)",Veillonella,0,9837
"(1471.566037735849, 65.66981132075472)",Actinomyces,0,9838
"(1470.5588235294117, 188.61764705882354)",Actinomyces,0,9839
"(1471.4571428571428, 765.1428571428571)",Streptococcus,0,9840
"(1469.1666666666667, 1089.25)",Rothia,0,9841
"(1469.453488372093, 1626.2209302325582)",Capnocytophaga,0,9842
"(1469.8275862068965, 1705.6896551724137)",Streptococcus,0,9843
"(1474.7521367521367, 13.213675213675213)",Actinomyces,0,9844
"(1468.063492063492, 416.26984126984127)",Actinomyces,0,9845
"(1470.5072463768115, 524.7246376811594)",Corynebacterium,0,9846
"(1475.3852459016393, 1294.377049180328)",Veillonella,0,9848
"(1472.4453125, 1754.8828125)",Fusobacterium,0,9849
"(1472.764705882353, 150.49019607843138)",Saccharibacteria,0,9850
"(1472.6542056074766, 306.58878504672896)",Actinomyces,0,9851
"(1472.9607843137255, 325.921568627451)",Actinomyces,0,9852
"(1474.1875, 829.7857142857143)",Veillonella,0,9853
"(1472.7054263565892, 930.3643410852713)",Fusobacterium,0,9854
"(1470.890625, 1844.21875)",Neisseria,0,9856
"(1471.9444444444443, 294.0740740740741)",Actinomyces,0,9857
"(1473.0, 426.04347826086956)",Actinomyces,0,9859
"(1471.7627118644068, 536.5084745762712)",Actinomyces,0,9861
"(1471.236111111111, 704.9027777777778)",Streptococcus,0,9862
"(1473.0487804878048, 1149.7886178861788)",Campylobacter,0,9863
"(1470.9411764705883, 1477.862745098039)",Fusobacterium,0,9864
"(1474.6894409937888, 1781.5652173913043)",Fusobacterium,0,9865
"(1473.5, 1857.52)",Neisseria,0,9866
"(1476.467889908257, 1944.6697247706422)",Neisseria,0,9867
"(1473.4157303370787, 50.01123595505618)",Actinomyces,0,9868
"(1475.0823529411764, 95.28235294117647)",Streptococcus,0,9869
"(1474.12, 213.04)",Streptococcus,0,9870
"(1472.767857142857, 564.3214285714286)",Streptococcus,0,9871
"(1474.246153846154, 844.5384615384615)",Veillonella,0,9872
"(1473.7093023255813, 1276.3023255813953)",Lautropia,0,9873
"(1473.896551724138, 1804.5862068965516)",Capnocytophaga,0,9874
"(1475.1612903225807, 1828.5698924731182)",Neisseria,0,9875
"(1473.08, 1970.9866666666667)",Actinomyces,0,9876
"(1476.4024390243903, 79.63414634146342)",Streptococcus,0,9877
"(1476.25, 440.4537037037037)",Actinomyces,0,9878
"(1476.3086419753085, 619.1851851851852)",Fusobacterium,0,9879
"(1475.4172185430464, 641.4437086092715)",Capnocytophaga,0,9880
"(1475.4714285714285, 240.5)",Saccharibacteria,0,9884
"(1477.010989010989, 377.7362637362637)",Corynebacterium,0,9885
"(1477.1851851851852, 968.3796296296297)",Fusobacterium,0,9886
"(1475.7142857142858, 1371.2337662337663)",Rothia,0,9887
"(1476.3142857142857, 1493.047619047619)",Streptococcus,0,9888
"(1474.64, 1566.34)",Rothia,0,9889
"(1478.090909090909, 1818.4545454545455)",Neisseria,0,9890
"(1475.6315789473683, 339.719298245614)",Corynebacterium,0,9891
"(1477.5578947368422, 1610.8526315789475)",Fusobacterium,0,9894
"(1485.7768924302788, 276.51792828685257)",Actinomyces,0,9895
"(1477.553846153846, 946.3692307692307)",Rothia,0,9896
"(1481.8936170212767, 180.0212765957447)",Actinomyces,0,9899
"(1477.0588235294117, 603.8235294117648)",Streptococcus,0,9900
"(1479.7747747747749, 1054.837837837838)",Fusobacterium,0,9901
"(1478.6307692307691, 1082.7846153846153)",Fusobacterium,0,9902
"(1478.8115942028985, 1176.9710144927535)",Fusobacterium,0,9904
"(1478.9204545454545, 1656.4886363636363)",Lautropia,0,9905
"(1483.007299270073, 140.47445255474452)",Saccharibacteria,0,9906
"(1482.575221238938, 195.72566371681415)",Actinomyces,0,9907
"(1481.9146341463415, 360.8658536585366)",Corynebacterium,0,9909
"(1481.4123711340205, 414.1855670103093)",Actinomyces,0,9910
"(1478.3076923076924, 1018.75)",Fusobacterium,0,9912
"(1479.3650793650793, 1191.936507936508)",Campylobacter,0,9913
"(1478.8709677419354, 1468.1451612903227)",Fusobacterium,0,9914
"(1479.3382352941176, 1739.514705882353)",Veillonella,0,9915
"(1480.890625, 43.578125)",Actinomyces,0,9916
"(1483.2191780821918, 230.33561643835617)",Streptococcus,0,9917
"(1479.9888888888888, 862.3333333333334)",Fusobacterium,0,9919
"(1480.8815789473683, 1218.3552631578948)",Fusobacterium,0,9921
"(1480.1363636363637, 1643.090909090909)",Rothia,0,9922
"(1480.5967741935483, 29.887096774193548)",Actinomyces,0,9923
"(1481.263888888889, 694.0277777777778)",Fusobacterium,0,9924
"(1483.4634146341464, 1077.2439024390244)",Fusobacterium,0,9925
"(1480.9701492537313, 1112.6567164179105)",Veillonella,0,9926
"(1485.2554744525548, 1233.8175182481752)",Fusobacterium,0,9927
"(1482.595744680851, 1956.8510638297873)",Neisseria,0,9928
"(1482.96, 116.73333333333333)",Actinomyces,0,9929
"(1486.4324324324325, 164.46846846846847)",Saccharibacteria,0,9930
"(1485.553846153846, 478.96923076923076)",Actinomyces,0,9931
"(1483.4041095890411, 515.3698630136986)",Saccharibacteria,0,9933
"(1483.0877192982457, 802.3684210526316)",Veillonella,0,9936
"(1482.972602739726, 875.7945205479452)",Fusobacterium,0,9937
"(1487.1736526946108, 1350.5688622754492)",Veillonella,0,9938
"(1482.8307692307692, 1480.323076923077)",Capnocytophaga,0,9939
"(1483.4132231404958, 1504.6363636363637)",Streptococcus,0,9940
"(1484.5177304964539, 1721.6312056737588)",Fusobacterium,0,9941
"(1488.297619047619, 252.17857142857142)",Streptococcus,0,9942
"(1485.2673267326732, 456.9504950495049)",Actinomyces,0,9943
"(1483.5217391304348, 994.9855072463768)",Rothia,0,9944
"(1483.0117647058823, 1673.6235294117646)",Actinomyces,0,9945
"(1482.7702702702702, 1688.2972972972973)",Veillonella,0,9946
"(1482.6447368421052, 1843.8026315789473)",Actinomyces,0,9947
"(1483.2280701754387, 297.03508771929825)",Actinomyces,0,9948
"(1484.0689655172414, 1204.603448275862)",Veillonella,0,9951
"(1485.6451612903227, 1525.725806451613)",Veillonella,0,9952
"(1488.2624113475176, 1537.1560283687943)",Fusobacterium,0,9953
"(1485.3846153846155, 3.8)",Actinomyces,0,9955
"(1486.8640776699028, 1169.1844660194174)",Fusobacterium,0,9958
"(1487.357142857143, 1581.5285714285715)",Fusobacterium,0,9960
"(1487.7448275862068, 1902.496551724138)",Corynebacterium,0,9961
"(1485.4716981132076, 154.0943396226415)",Actinomyces,0,9962
"(1487.0102040816328, 393.2448979591837)",Corynebacterium,0,9963
"(1488.4222222222222, 534.1666666666666)",Corynebacterium,0,9964
"(1488.8260869565217, 559.304347826087)",Corynebacterium,0,9965
"(1486.0806451612902, 568.6774193548387)",Saccharibacteria,0,9966
"(1487.7602739726028, 665.513698630137)",Actinomyces,0,9967
"(1490.4591836734694, 685.1632653061224)",Fusobacterium,0,9968
"(1488.9026548672566, 739.2566371681415)",Fusobacterium,0,9969
"(1495.4263959390862, 1070.0558375634519)",Fusobacterium,0,9970
"(1485.2878787878788, 1263.0454545454545)",Fusobacterium,0,9971
"(1488.5833333333333, 1759.0277777777778)",Streptococcus,0,9973
"(1485.688524590164, 1802.049180327869)",Fusobacterium,0,9974
"(1488.7727272727273, 371.5151515151515)",Streptococcus,0,9975
"(1488.4021739130435, 843.4347826086956)",Veillonella,0,9976
"(1485.8, 917.6333333333333)",Fusobacterium,0,9977
"(1487.4761904761904, 1128.4404761904761)",Rothia,0,9978
"(1487.597014925373, 1977.089552238806)",Veillonella,0,9980
"(1488.8953488372092, 314.8720930232558)",Actinomyces,0,9981
"(1486.1509433962265, 623.8490566037735)",Fusobacterium,0,9984
"(1488.264705882353, 1011.0588235294117)",Fusobacterium,0,9986
"(1489.9886363636363, 1027.3068181818182)",Veillonella,0,9987
"(1489.1898734177216, 1098.493670886076)",Fusobacterium,0,9988
"(1490.2857142857142, 1145.512987012987)",Campylobacter,0,9989
"(1491.204081632653, 1622.3877551020407)",Fusobacterium,0,9990
"(1490.3461538461538, 1782.2211538461538)",Fusobacterium,0,9991
"(1491.3544303797469, 1868.7088607594937)",Neisseria,0,9992
"(1489.0, 548.2692307692307)",Veillonella,0,9993
"(1490.281690140845, 950.4929577464789)",Rothia,0,9994
"(1491.245283018868, 1276.066037735849)",Veillonella,0,9995
"(1491.8636363636363, 68.14141414141415)",Actinomyces,0,9996
"(1491.525, 445.5)",Actinomyces,0,9997
"(1490.8461538461538, 605.9423076923077)",Fusobacterium,0,9998
"(1492.280303030303, 931.9545454545455)",Fusobacterium,0,9999
"(1489.8955223880596, 1705.5671641791046)",Veillonella,0,10001
"(1494.942857142857, 97.68571428571428)",Streptococcus,0,10003
"(1495.7665198237885, 206.4713656387665)",Actinomyces,0,10004
"(1491.3870967741937, 426.55913978494624)",Actinomyces,0,10005
"(1496.1640625, 627.5703125)",Streptococcus,0,10006
"(1492.2537313432836, 725.955223880597)",Fusobacterium,0,10007
"(1491.808988764045, 760.5280898876405)",Streptococcus,0,10008
"(1498.7818181818182, 1822.8)",Neisseria,0,10009
"(1490.9154929577464, 1889.0281690140846)",Veillonella,0,10010
"(1495.5433070866143, 1931.5905511811025)",Veillonella,0,10011
"(1494.7319587628865, 328.78350515463916)",Actinomyces,0,10013
"(1493.5562913907286, 891.3576158940398)",Capnocytophaga,0,10014
"(1494.17, 982.22)",Fusobacterium,0,10015
"(1492.150684931507, 1855.9178082191781)",Neisseria,0,10016
"(1491.8461538461538, 1964.5384615384614)",Neisseria,0,10017
"(1492.581818181818, 28.836363636363636)",Actinomyces,0,10018
"(1495.2058823529412, 186.83823529411765)",Actinomyces,0,10019
"(1496.3768844221106, 704.4422110552764)",Saccharibacteria,0,10020
"(1496.7288135593221, 784.3389830508474)",Streptococcus,0,10021
"(1494.551724137931, 856.1034482758621)",Fusobacterium,0,10022
"(1495.215053763441, 968.1290322580645)",Veillonella,0,10023
"(1494.1645569620252, 1051.0189873417721)",Fusobacterium,0,10024
"(1494.775, 1310.9583333333333)",Rothia,0,10025
"(1496.322033898305, 1638.6186440677966)",Veillonella,0,10026
"(1493.388888888889, 1654.5555555555557)",Fusobacterium,0,10027
"(1496.376811594203, 301.6231884057971)",Actinomyces,0,10028
"(1495.2028985507247, 579.1739130434783)",Fusobacterium,0,10029
"(1498.0135135135135, 589.8378378378378)",Fusobacterium,0,10030
"(1494.05, 640.65)",Streptococcus,0,10031
"(1498.7164179104477, 870.8731343283582)",Fusobacterium,0,10032
"(1496.2087912087911, 1079.098901098901)",Fusobacterium,0,10033
"(1499.4135338345864, 1116.4586466165413)",Veillonella,0,10034
"(1497.7723577235772, 1330.780487804878)",Veillonella,0,10035
"(1493.0588235294117, 1487.9411764705883)",Fusobacterium,0,10036
"(1493.920634920635, 1741.7936507936508)",Fusobacterium,0,10037
"(1495.6617647058824, 121.5)",Actinomyces,0,10038
"(1496.0487804878048, 406.2317073170732)",Actinomyces,0,10039
"(1496.8111111111111, 494.8888888888889)",Saccharibacteria,0,10040
"(1495.1150442477876, 821.5044247787611)",Fusobacterium,0,10041
"(1494.68, 1251.6266666666668)",Fusobacterium,0,10042
"(1496.0172413793102, 1769.7758620689656)",Fusobacterium,0,10043
"(1494.08, 1919.4)",Veillonella,0,10044
"(1496.1917808219177, 42.57534246575342)",Streptococcus,0,10045
"(1497.0, 228.67105263157896)",Streptococcus,0,10046
"(1496.4328358208954, 261.4925373134328)",Saccharibacteria,0,10047
"(1498.7323943661972, 992.5352112676056)",Streptococcus,0,10048
"(1496.648148148148, 1157.8148148148148)",Fusobacterium,0,10049
"(1499.9586206896552, 1194.0758620689655)",Fusobacterium,0,10050
"(1496.157894736842, 1237.1929824561403)",Fusobacterium,0,10051
"(1499.0873786407767, 1296.7184466019417)",Fusobacterium,0,10052
"(1497.4150943396226, 341.0)",Corynebacterium,0,10053
"(1501.6694915254238, 390.14406779661016)",Actinomyces,0,10054
"(1497.135593220339, 415.54237288135596)",Actinomyces,0,10055
"(1497.164383561644, 1211.6712328767123)",Fusobacterium,0,10056
"(1498.9140625, 1950.578125)",Streptococcus,0,10058
"(1500.34375, 111.25)",Veillonella,0,10059
"(1503.1666666666667, 370.7826086956522)",Actinomyces,0,10060
"(1500.525, 440.175)",Actinomyces,0,10061
"(1497.5762711864406, 911.4406779661017)",Veillonella,0,10062
"(1504.6439393939395, 1002.7954545454545)",Fusobacterium,0,10063
"(1500.2, 1683.909090909091)",Fusobacterium,0,10064
"(1501.126984126984, 1798.6507936507937)",Veillonella,0,10065
"(1501.5529411764705, 1878.3647058823528)",Neisseria,0,10066
"(1498.698795180723, 9.36144578313253)",Actinomyces,0,10067
"(1500.6416666666667, 174.41666666666666)",Actinomyces,0,10068
"(1498.597014925373, 353.17910447761193)",Streptococcus,0,10069
"(1502.7142857142858, 756.1714285714286)",Fusobacterium,0,10070
"(1499.6941176470589, 803.2823529411764)",Campylobacter,0,10071
"(1503.607594936709, 19.050632911392405)",Corynebacterium,0,10072
"(1501.1842105263158, 522.6973684210526)",Lautropia,0,10074
"(1503.2857142857142, 1179.8673469387754)",Streptococcus,0,10075
"(1501.164705882353, 1702.235294117647)",Rothia,0,10076
"(1503.8775510204082, 83.94897959183673)",Lautropia,0,10077
"(1500.4444444444443, 540.0555555555555)",Streptococcus,0,10080
"(1502.6935483870968, 484.2741935483871)",Saccharibacteria,0,10084
"(1501.525, 570.325)",Fusobacterium,0,10085
"(1502.1923076923076, 674.1153846153846)",Fusobacterium,0,10086
"(1502.320512820513, 1032.974358974359)",Fusobacterium,0,10088
"(1502.6666666666667, 1225.7142857142858)",Veillonella,0,10090
"(1504.090909090909, 138.35064935064935)",Actinomyces,0,10092
"(1504.0526315789473, 600.7543859649123)",Fusobacterium,0,10093
"(1502.7631578947369, 958.9078947368421)",Rothia,0,10094
"(1503.8947368421052, 46.96491228070175)",Streptococcus,0,10095
"(1506.1468531468531, 831.0909090909091)",Rothia,0,10096
"(1506.4610778443114, 1721.3892215568862)",Fusobacterium,0,10098
"(1504.9014084507041, 242.61971830985917)",Streptococcus,0,10099
"(1504.984375, 455.671875)",Actinomyces,0,10101
"(1505.2432432432433, 720.3108108108108)",Fusobacterium,0,10103
"(1505.1309523809523, 1091.7738095238096)",Rothia,0,10104
"(1506.2268041237114, 1165.639175257732)",Fusobacterium,0,10105
"(1507.0105263157895, 1351.1684210526316)",Fusobacterium,0,10106
"(1506.962962962963, 1620.4259259259259)",Fusobacterium,0,10107
"(1505.5168539325844, 1754.2022471910113)",Fusobacterium,0,10108
"(1507.5591397849462, 1859.3225806451612)",Neisseria,0,10109
"(1505.9611650485438, 162.46601941747574)",Actinomyces,0,10110
"(1505.078125, 1835.484375)",Neisseria,0,10112
"(1506.4705882352941, 30.235294117647058)",Streptococcus,0,10113
"(1507.4126984126983, 60.82539682539682)",Corynebacterium,0,10114
"(1510.0821917808219, 668.4794520547945)",Fusobacterium,0,10115
"(1508.3157894736842, 849.2368421052631)",Fusobacterium,0,10116
"(1512.651376146789, 1812.045871559633)",Neisseria,0,10117
"(1506.864406779661, 1844.1525423728813)",Neisseria,0,10118
"(1507.4545454545455, 637.2)",Fusobacterium,0,10120
"(1511.6923076923076, 905.3566433566433)",Veillonella,0,10121
"(1509.5363636363636, 927.5181818181818)",Lautropia,0,10122
"(1510.4, 1644.0)",Rothia,0,10123
"(1508.9041095890411, 1660.13698630137)",Rothia,0,10124
"(1509.4307692307693, 268.0)",Porphyromonas,0,10125
"(1511.21875, 289.703125)",Actinomyces,0,10126
"(1510.4285714285713, 423.90909090909093)",Corynebacterium,0,10127
"(1508.56, 517.64)",Corynebacterium,0,10128
"(1512.9514563106795, 649.0291262135922)",Fusobacterium,0,10129
"(1511.0743243243244, 1044.3175675675675)",Fusobacterium,0,10130
"(1511.437908496732, 1897.0588235294117)",Veillonella,0,10131
"(1511.4237288135594, 151.05084745762713)",Actinomyces,0,10132
"(1511.6470588235295, 859.6274509803922)",Fusobacterium,0,10135
"(1513.3233082706768, 985.7218045112782)",Fusobacterium,0,10136
"(1510.2755102040817, 1134.591836734694)",Veillonella,0,10137
"(1512.1531531531532, 1252.5135135135135)",Fusobacterium,0,10138
"(1510.9298245614036, 8.31578947368421)",Actinomyces,0,10139
"(1510.4545454545455, 210.14285714285714)",Actinomyces,0,10141
"(1510.234375, 470.640625)",Streptococcus,0,10142
"(1511.5700934579438, 552.1775700934579)",Lautropia,0,10143
"(1510.0636363636363, 614.4090909090909)",Streptococcus,0,10144
"(1515.5915492957747, 1219.2323943661972)",Streptococcus,0,10145
"(1516.7317073170732, 1237.30081300813)",Streptococcus,0,10146
"(1511.934131736527, 1289.1616766467066)",Fusobacterium,0,10147
"(1510.3166666666666, 1955.0833333333333)",Veillonella,0,10149
"(1513.7011494252874, 303.3103448275862)",Veillonella,0,10150
"(1514.7169811320755, 319.04716981132077)",Actinomyces,0,10151
"(1514.2148148148149, 350.2814814814815)",Streptococcus,0,10152
"(1514.4305555555557, 408.0138888888889)",Saccharibacteria,0,10153
"(1510.8636363636363, 500.75757575757575)",Saccharibacteria,0,10154
"(1514.0326086956522, 774.1630434782609)",Veillonella,0,10155
"(1512.1194029850747, 1630.2238805970148)",Streptococcus,0,10158
"(1513.8650793650793, 1785.9444444444443)",Fusobacterium,0,10159
"(1512.7912087912089, 1968.901098901099)",Veillonella,0,10160
"(1512.7916666666667, 229.375)",Actinomyces,0,10161
"(1515.402985074627, 366.14925373134326)",Actinomyces,0,10162
"(1513.0740740740741, 438.3888888888889)",Actinomyces,0,10163
"(1512.8469387755101, 1924.1734693877552)",Pasteurellaceae,0,10167
"(1512.9880952380952, 575.1785714285714)",Fusobacterium,0,10169
"(1514.0125, 683.2)",Fusobacterium,0,10170
"(1513.9594594594594, 739.1351351351351)",Fusobacterium,0,10171
"(1514.3947368421052, 887.1578947368421)",Fusobacterium,0,10172
"(1513.2, 970.56)",Fusobacterium,0,10173
"(1513.5344827586207, 1944.344827586207)",Actinomyces,0,10175
"(1514.6833333333334, 39.516666666666666)",Actinomyces,0,10176
"(1516.581081081081, 93.4054054054054)",Actinomyces,0,10177
"(1514.7945205479452, 107.1917808219178)",Neisseria,0,10178
"(1516.6941176470589, 274.70588235294116)",Corynebacterium,0,10179
"(1515.6851851851852, 662.2407407407408)",Fusobacterium,0,10182
"(1515.1688311688313, 709.1298701298701)",Porphyromonas,0,10183
"(1514.3214285714287, 1103.8214285714287)",Fusobacterium,0,10184
"(1513.98, 1327.3)",Fusobacterium,0,10185
"(1516.13698630137, 1339.4520547945206)",Actinomyces,0,10186
"(1516.7058823529412, 73.70588235294117)",Streptococcus,0,10187
"(1515.8260869565217, 957.6811594202899)",Fusobacterium,0,10192
"(1518.455357142857, 1058.6607142857142)",Veillonella,0,10193
"(1517.9239130434783, 246.33695652173913)",Streptococcus,0,10195
"(1516.4464285714287, 489.30357142857144)",Streptococcus,0,10196
"(1518.6605504587155, 843.2660550458716)",Fusobacterium,0,10197
"(1518.8828125, 1269.8203125)",Fusobacterium,0,10198
"(1517.590909090909, 1311.8863636363637)",Saccharibacteria,0,10199
"(1518.776, 1671.808)",Veillonella,0,10200
"(1517.71875, 1705.296875)",Fusobacterium,0,10201
"(1518.516129032258, 724.2258064516129)",Streptococcus,0,10203
"(1517.6666666666667, 752.8833333333333)",Fusobacterium,0,10204
"(1521.5454545454545, 807.3030303030303)",Actinomyces,0,10205
"(1520.423076923077, 1012.7115384615385)",Veillonella,0,10206
"(1519.3636363636363, 1027.5844155844156)",Veillonella,0,10207
"(1518.855072463768, 1075.0144927536232)",Veillonella,0,10208
"(1518.7142857142858, 1851.8428571428572)",Neisseria,0,10209
"(1518.6964285714287, 129.17857142857142)",Veillonella,0,10210
"(1521.4732142857142, 872.1160714285714)",Fusobacterium,0,10211
"(1520.0, 1169.1896551724137)",Fusobacterium,0,10212
"(1518.5333333333333, 1185.9833333333333)",Fusobacterium,0,10213
"(1520.8166666666666, 1501.3166666666666)",Fusobacterium,0,10214
"(1520.1384615384616, 1909.4)",Veillonella,0,10215
"(1520.2875, 19.925)",Actinomyces,0,10216
"(1519.5964912280701, 143.0)",Actinomyces,0,10217
"(1519.12, 158.08)",Actinomyces,0,10218
"(1519.3882352941177, 329.5529411764706)",Actinomyces,0,10219
"(1520.5438596491229, 476.96491228070175)",Corynebacterium,0,10220
"(1526.7163461538462, 1152.7067307692307)",Fusobacterium,0,10222
"(1521.5405405405406, 437.5135135135135)",Actinomyces,0,10223
"(1520.3333333333333, 1117.873015873016)",Fusobacterium,0,10225
"(1521.9887640449438, 1519.4719101123596)",Capnocytophaga,0,10226
"(1522.392523364486, 1771.607476635514)",Fusobacterium,0,10227
"(1521.7328244274809, 1828.2366412213742)",Rothia,0,10228
"(1522.3623188405797, 32.971014492753625)",Actinomyces,0,10229
"(1521.566265060241, 53.89156626506024)",Actinomyces,0,10230
"(1523.2191780821918, 186.12328767123287)",Veillonella,0,10231
"(1522.3492063492063, 289.0)",Streptococcus,0,10232
"(1521.795918367347, 526.295918367347)",Porphyromonas,0,10233
"(1525.3932584269662, 597.5056179775281)",Fusobacterium,0,10234
"(1524.974358974359, 791.965811965812)",Capnocytophaga,0,10235
"(1525.1649484536083, 938.2268041237113)",Rothia,0,10236
"(1522.36, 984.8)",Rothia,0,10237
"(1521.486111111111, 1653.2777777777778)",Rothia,0,10238
"(1527.2680412371135, 1689.6701030927834)",Fusobacterium,0,10239
"(1528.3333333333333, 1746.4727891156463)",Fusobacterium,0,10241
"(1523.157894736842, 200.8684210526316)",Actinomyces,0,10242
"(1526.1777777777777, 538.9888888888889)",Rothia,0,10243
"(1523.936507936508, 625.0793650793651)",Fusobacterium,0,10244
"(1527.638392857143, 1356.625)",Fusobacterium,0,10246
"(1524.1891891891892, 499.2567567567568)",Streptococcus,0,10249
"(1525.5, 575.15)",Fusobacterium,0,10250
"(1524.0294117647059, 688.0882352941177)",Fusobacterium,0,10251
"(1525.107142857143, 855.8214285714286)",Fusobacterium,0,10252
"(1524.639455782313, 1093.4761904761904)",Fusobacterium,0,10253
"(1524.4285714285713, 1199.7738095238096)",Veillonella,0,10254
"(1529.6178861788617, 886.9918699186992)",Rothia,0,10258
"(1530.5190839694656, 1287.9160305343512)",Rothia,0,10259
"(1526.7906976744187, 215.3372093023256)",Actinomyces,0,10260
"(1528.2561983471073, 354.6280991735537)",Corynebacterium,0,10261
"(1525.982142857143, 586.9821428571429)",Streptococcus,0,10262
"(1526.1097560975609, 1130.9634146341464)",Fusobacterium,0,10264
"(1526.6666666666667, 1937.4301075268818)",Fusobacterium,0,10265
"(1526.5384615384614, 1955.1666666666667)",Fusobacterium,0,10266
"(1528.828947368421, 1994.657894736842)",Fusobacterium,0,10267
"(1527.0172413793102, 68.63793103448276)",Streptococcus,0,10268
"(1527.679487179487, 378.2564102564103)",Actinomyces,0,10271
"(1527.9620253164558, 399.26582278481015)",Actinomyces,0,10272
"(1527.36, 738.3333333333334)",Neisseria,0,10273
"(1531.5760869565217, 772.6847826086956)",Veillonella,0,10274
"(1529.1437908496732, 828.3790849673203)",Fusobacterium,0,10275
"(1526.8023255813953, 968.8604651162791)",Fusobacterium,0,10276
"(1532.5111940298507, 1327.0671641791046)",Leptotrichia,0,10277
"(1527.0394736842106, 1882.907894736842)",Neisseria,0,10278
"(1532.4173913043478, 84.74782608695652)",Neisseria,0,10279
"(1528.4567901234568, 463.39506172839504)",Streptococcus,0,10281
"(1527.44, 951.08)",Rothia,0,10282
"(1528.7348484848485, 1638.4545454545455)",Fusobacterium,0,10284
"(1529.6065573770493, 447.8524590163934)",Actinomyces,0,10285
"(1535.1637931034484, 725.6637931034483)",Fusobacterium,0,10287
"(1532.9470198675497, 1045.8079470198675)",Fusobacterium,0,10288
"(1535.5095541401274, 1721.4968152866243)",Fusobacterium,0,10289
"(1531.8196721311476, 1787.7459016393443)",Fusobacterium,0,10290
"(1529.5964912280701, 1838.0)",Veillonella,0,10291
"(1529.0, 1920.6323529411766)",Veillonella,0,10292
"(1529.9368421052632, 127.13684210526316)",Veillonella,0,10293
"(1531.9354838709678, 156.4516129032258)",Corynebacterium,0,10294
"(1534.5510204081634, 265.9591836734694)",Porphyromonas,0,10295
"(1532.7303370786517, 418.2696629213483)",Actinomyces,0,10296
"(1530.7391304347825, 656.0579710144928)",Fusobacterium,0,10297
"(1530.6363636363637, 672.8454545454546)",Fusobacterium,0,10298
"(1529.34, 1251.0)",Fusobacterium,0,10299
"(1531.032258064516, 1491.774193548387)",Fusobacterium,0,10300
"(1531.3076923076924, 233.8846153846154)",Corynebacterium,0,10301
"(1537.5225806451613, 320.1161290322581)",Corynebacterium,0,10302
"(1530.7272727272727, 484.8831168831169)",Corynebacterium,0,10303
"(1531.8545454545454, 1178.6454545454546)",Streptococcus,0,10305
"(1531.134328358209, 1227.3432835820895)",Streptococcus,0,10306
"(1533.3972602739725, 40.054794520547944)",Streptococcus,0,10309
"(1535.0620689655173, 183.7448275862069)",Corynebacterium,0,10310
"(1533.0576923076924, 438.21153846153845)",Actinomyces,0,10311
"(1533.5, 980.0)",Rothia,0,10312
"(1533.874074074074, 1617.437037037037)",Fusobacterium,0,10313
"(1540.6315789473683, 1894.9605263157894)",Neisseria,0,10314
"(1537.344827586207, 279.37931034482756)",Corynebacterium,0,10315
"(1535.1268656716418, 300.54477611940297)",Veillonella,0,10316
"(1532.8208955223881, 559.4776119402985)",Fusobacterium,0,10317
"(1533.3736263736264, 917.3626373626373)",Veillonella,0,10318
"(1536.3245614035088, 1015.2280701754386)",Rothia,0,10319
"(1534.6976744186047, 1064.2093023255813)",Fusobacterium,0,10320
"(1533.8314606741574, 1111.3370786516855)",Fusobacterium,0,10321
"(1533.5846153846153, 1300.1692307692308)",Veillonella,0,10323
"(1535.964705882353, 1846.729411764706)",Neisseria,0,10325
"(1536.0467289719627, 250.52336448598132)",Actinomyces,0,10326
"(1534.8428571428572, 691.9)",Fusobacterium,0,10328
"(1536.1855670103093, 787.5051546391752)",Veillonella,0,10329
"(1534.258426966292, 1271.943820224719)",Fusobacterium,0,10330
"(1535.796875, 97.03125)",Streptococcus,0,10331
"(1534.844827586207, 863.8620689655172)",Veillonella,0,10333
"(1537.6699029126214, 903.6116504854369)",Rothia,0,10334
"(1535.5294117647059, 1601.8970588235295)",Fusobacterium,0,10335
"(1536.4776119402984, 57.3134328358209)",Corynebacterium,0,10338
"(1536.2166666666667, 389.5)",Actinomyces,0,10339
"(1536.1132075471698, 530.2264150943396)",Fusobacterium,0,10340
"(1538.2644628099174, 757.900826446281)",Fusobacterium,0,10341
"(1536.1298701298701, 994.077922077922)",Veillonella,0,10342
"(1536.9222222222222, 1945.7444444444445)",Fusobacterium,0,10343
"(1540.2745098039215, 336.6764705882353)",Actinomyces,0,10344
"(1540.2837837837837, 640.0743243243244)",Fusobacterium,0,10345
"(1539.6966292134832, 824.1460674157304)",Fusobacterium,0,10346
"(1541.1725888324872, 1083.3553299492385)",Rothia,0,10347
"(1539.4313725490197, 1378.2843137254902)",Rothia,0,10348
"(1538.1351351351352, 1801.8108108108108)",Veillonella,0,10349
"(1538.25, 1858.3472222222222)",Neisseria,0,10350
"(1538.16091954023, 1874.896551724138)",Neisseria,0,10351
"(1540.9176470588236, 109.36470588235294)",Fusobacterium,0,10352
"(1539.3947368421052, 216.03947368421052)",Actinomyces,0,10353
"(1538.2424242424242, 363.2323232323232)",Actinomyces,0,10354
"(1543.888888888889, 704.3888888888889)",Fusobacterium,0,10356
"(1541.7542372881355, 1239.415254237288)",Veillonella,0,10357
"(1537.3174603174602, 1736.6190476190477)",Rothia,0,10358
"(1537.835294117647, 71.96470588235294)",Corynebacterium,0,10359
"(1538.4666666666667, 509.26666666666665)",Streptococcus,0,10361
"(1540.5, 548.7608695652174)",Fusobacterium,0,10362
"(1547.5092024539877, 853.8588957055215)",Veillonella,0,10363
"(1542.2403846153845, 932.8942307692307)",Veillonella,0,10364
"(1541.6495726495727, 1033.2564102564102)",Fusobacterium,0,10366
"(1538.4875, 1665.975)",Streptococcus,0,10367
"(1538.6891891891892, 1968.8783783783783)",Fusobacterium,0,10368
"(1540.9850746268658, 610.6119402985074)",Fusobacterium,0,10369
"(1541.010752688172, 1127.4301075268818)",Fusobacterium,0,10370
"(1540.1470588235295, 1169.014705882353)",Veillonella,0,10371
"(1543.4545454545455, 1363.040404040404)",Rothia,0,10372
"(1544.0583333333334, 1514.1)",Fusobacterium,0,10373
"(1542.131868131868, 1769.3296703296703)",Veillonella,0,10374
"(1541.35, 1910.0375)",Lautropia,0,10375
"(1539.566037735849, 1926.0188679245282)",Veillonella,0,10376
"(1540.3, 457.04)",Streptococcus,0,10377
"(1543.8392857142858, 742.4285714285714)",Fusobacterium,0,10379
"(1541.377049180328, 1573.4262295081967)",Fusobacterium,0,10380
"(1541.438596491228, 1260.280701754386)",Fusobacterium,0,10382
"(1543.9609375, 1700.96875)",Fusobacterium,0,10383
"(1544.7769230769231, 807.8846153846154)",Rothia,0,10385
"(1543.616, 957.808)",Rothia,0,10386
"(1549.2203389830509, 982.5762711864406)",Rothia,0,10387
"(1549.3583333333333, 1653.2416666666666)",Streptococcus,0,10389
"(1543.8615384615384, 469.9384615384615)",Fusobacterium,0,10391
"(1544.0961538461538, 579.8461538461538)",Fusobacterium,0,10392
"(1546.581081081081, 1142.1081081081081)",Rothia,0,10395
"(1548.9930555555557, 1221.4166666666667)",Streptococcus,0,10396
"(1544.6216216216217, 1496.9594594594594)",Fusobacterium,0,10397
"(1545.027397260274, 375.6986301369863)",Actinomyces,0,10398
"(1544.9342105263158, 664.1052631578947)",Fusobacterium,0,10399
"(1545.525, 1203.35)",Streptococcus,0,10400
"(1547.9785714285715, 1336.8642857142856)",Veillonella,0,10401
"(1548.2380952380952, 37.142857142857146)",Veillonella,0,10402
"(1546.6574074074074, 232.57407407407408)",Corynebacterium,0,10403
"(1545.516129032258, 593.2741935483871)",Fusobacterium,0,10405
"(1547.0945945945946, 718.0540540540541)",Fusobacterium,0,10406
"(1548.8015873015872, 773.6746031746031)",Fusobacterium,0,10407
"(1548.8461538461538, 1682.7762237762238)",Fusobacterium,0,10408
"(1547.6565656565656, 1818.4343434343434)",Veillonella,0,10409
"(1546.676923076923, 58.6)",Veillonella,0,10410
"(1551.874213836478, 138.57232704402514)",Veillonella,0,10411
"(1550.4071428571428, 525.0)",Treponema,0,10412
"(1547.953125, 1784.828125)",Rothia,0,10414
"(1550.1975308641975, 178.12345679012347)",Veillonella,0,10415
"(1549.7894736842106, 348.2105263157895)",Actinomyces,0,10416
"(1548.1216216216217, 501.7837837837838)",Streptococcus,0,10417
"(1551.0, 565.7)",Fusobacterium,0,10418
"(1546.6666666666667, 689.0980392156863)",Fusobacterium,0,10419
"(1548.1147540983607, 870.1967213114754)",Fusobacterium,0,10420
"(1546.7222222222222, 897.8888888888889)",Leptotrichia,0,10421
"(1550.4901960784314, 1156.186274509804)",Veillonella,0,10422
"(1548.7027027027027, 1190.918918918919)",Streptococcus,0,10423
"(1551.9649122807018, 1312.780701754386)",Actinomyces,0,10424
"(1552.9148936170213, 1759.8829787234042)",Fusobacterium,0,10426
"(1552.5087719298247, 1994.3333333333333)",Fusobacterium,0,10427
"(1548.6909090909091, 191.63636363636363)",Streptococcus,0,10429
"(1550.4929577464789, 360.15492957746477)",Actinomyces,0,10430
"(1551.0105263157895, 837.1263157894737)",Rothia,0,10431
"(1549.4318181818182, 1293.6477272727273)",Neisseria,0,10432
"(1550.6048387096773, 264.0)",Porphyromonas,0,10434
"(1550.6770833333333, 289.84375)",Neisseria,0,10435
"(1549.9356435643565, 399.46039603960395)",Streptococcus,0,10436
"(1550.9358974358975, 455.5)",Streptococcus,0,10437
"(1552.8631578947368, 486.10526315789474)",Streptococcus,0,10438
"(1550.4727272727273, 541.3090909090909)",Fusobacterium,0,10439
"(1554.3196721311476, 1005.516393442623)",Veillonella,0,10441
"(1551.4868421052631, 1111.5263157894738)",Fusobacterium,0,10442
"(1550.1066666666666, 1274.68)",Veillonella,0,10443
"(1549.8817204301076, 1978.6344086021506)",Porphyromonas,0,10444
"(1551.5064935064936, 205.15584415584416)",Actinomyces,0,10445
"(1554.2478632478633, 425.88034188034186)",Fusobacterium,0,10446
"(1555.8662420382166, 675.4968152866242)",Rothia,0,10447
"(1552.3557692307693, 1062.7692307692307)",Rothia,0,10448
"(1550.438596491228, 1560.859649122807)",Fusobacterium,0,10449
"(1556.9679487179487, 1952.3333333333333)",Veillonella,0,10451
"(1554.2142857142858, 102.8)",Veillonella,0,10452
"(1552.2608695652175, 616.9420289855072)",Capnocytophaga,0,10453
"(1552.6486486486488, 729.6621621621622)",Fusobacterium,0,10454
"(1551.983870967742, 917.4677419354839)",Veillonella,0,10455
"(1551.3673469387754, 1736.6122448979593)",Fusobacterium,0,10457
"(1553.936170212766, 1935.936170212766)",Fusobacterium,0,10458
"(1562.604255319149, 65.52340425531915)",Fusobacterium,0,10459
"(1563.060606060606, 116.03030303030303)",Fusobacterium,0,10460
"(1554.225, 635.875)",Fusobacterium,0,10461
"(1552.6421052631579, 1612.4315789473685)",Fusobacterium,0,10464
"(1555.2232142857142, 1707.0714285714287)",Fusobacterium,0,10465
"(1554.6931818181818, 87.97727272727273)",Veillonella,0,10466
"(1557.3695652173913, 552.6847826086956)",Fusobacterium,0,10467
"(1555.3703703703704, 753.716049382716)",Veillonella,0,10468
"(1558.8181818181818, 1046.2651515151515)",Fusobacterium,0,10469
"(1556.8556701030927, 1227.5154639175257)",Fusobacterium,0,10471
"(1558.9828571428573, 1354.5428571428572)",Fusobacterium,0,10473
"(1555.0, 1664.1940298507463)",Streptococcus,0,10474
"(1554.6271186440679, 1839.915254237288)",Neisseria,0,10475
"(1555.9512195121952, 1921.0487804878048)",Veillonella,0,10476
"(1554.764705882353, 168.26470588235293)",Veillonella,0,10477
"(1555.9473684210527, 245.80263157894737)",Porphyromonas,0,10478
"(1555.6022727272727, 599.0454545454545)",Fusobacterium,0,10479
"(1554.9411764705883, 942.5529411764705)",Fusobacterium,0,10480
"(1556.1764705882354, 962.7647058823529)",Rothia,0,10481
"(1556.1927710843374, 1099.5903614457832)",Rothia,0,10482
"(1558.6754385964912, 1584.3333333333333)",Fusobacterium,0,10483
"(1556.4235294117648, 154.49411764705883)",Veillonella,0,10484
"(1556.9512195121952, 310.9390243902439)",Neisseria,0,10485
"(1557.7868852459017, 782.655737704918)",Fusobacterium,0,10488
"(1556.6043956043957, 800.989010989011)",Rothia,0,10489
"(1556.950495049505, 874.8019801980198)",Fusobacterium,0,10490
"(1557.0602409638554, 891.4819277108434)",Rothia,0,10491
"(1558.061224489796, 1020.5816326530612)",Rothia,0,10492
"(1556.7589285714287, 1173.580357142857)",Fusobacterium,0,10493
"(1558.1136363636363, 1245.5113636363637)",Streptococcus,0,10494
"(1555.8103448275863, 1855.103448275862)",Saccharibacteria,0,10497
"(1562.453237410072, 27.62589928057554)",Neisseria,0,10499
"(1558.367924528302, 379.1981132075472)",Actinomyces,0,10500
"(1557.13698630137, 1085.150684931507)",Fusobacterium,0,10501
"(1558.734375, 1640.109375)",Fusobacterium,0,10502
"(1559.16, 1773.48)",Veillonella,0,10503
"(1558.6027397260275, 1827.86301369863)",Fusobacterium,0,10504
"(1565.8453038674033, 686.6906077348066)",Fusobacterium,0,10506
"(1559.7118644067796, 742.4745762711865)",Streptococcus,0,10507
"(1560.2935779816514, 1505.8165137614678)",Veillonella,0,10508
"(1558.4915254237287, 1908.6271186440679)",Fusobacterium,0,10509
"(1569.6559139784947, 274.9569892473118)",Neisseria,0,10510
"(1559.921052631579, 330.39473684210526)",Actinomyces,0,10512
"(1562.7324840764331, 1795.031847133758)",Fusobacterium,0,10513
"(1562.4887218045112, 190.4812030075188)",Streptococcus,0,10514
"(1561.7142857142858, 824.4155844155844)",Fusobacterium,0,10516
"(1563.1208791208792, 1119.098901098901)",Rothia,0,10517
"(1560.377049180328, 1202.8524590163934)",Streptococcus,0,10518
"(1562.7478991596638, 1548.2521008403362)",Fusobacterium,0,10520
"(1565.7364864864865, 1567.8986486486488)",Fusobacterium,0,10521
"(1562.27868852459, 1601.7868852459017)",Streptococcus,0,10522
"(1561.9661016949153, 1844.6610169491526)",Neisseria,0,10523
"(1564.968992248062, 705.7054263565891)",Fusobacterium,0,10524
"(1562.9756097560976, 976.4024390243902)",Rothia,0,10525
"(1565.0392156862745, 1285.3823529411766)",Rothia,0,10526
"(1567.627027027027, 1621.8864864864865)",Fusobacterium,0,10528
"(1562.3333333333333, 1890.9506172839506)",Veillonella,0,10529
"(1566.8025477707006, 515.796178343949)",Fusobacterium,0,10530
"(1565.813725490196, 534.6960784313726)",Treponema,0,10531
"(1565.5851063829787, 576.968085106383)",Streptococcus,0,10532
"(1562.765625, 911.546875)",Veillonella,0,10533
"(1564.5692307692307, 1166.6461538461538)",Fusobacterium,0,10534
"(1563.0568181818182, 1520.7954545454545)",Veillonella,0,10535
"(1562.8431372549019, 1629.0196078431372)",Fusobacterium,0,10536
"(1562.3333333333333, 1738.2435897435898)",Fusobacterium,0,10537
"(1563.1698113207547, 626.7547169811321)",Fusobacterium,0,10539
"(1564.7251908396947, 656.7251908396946)",Rothia,0,10540
"(1563.876712328767, 923.6301369863014)",Neisseria,0,10542
"(1564.3150684931506, 1136.9041095890411)",Veillonella,0,10543
"(1567.4772727272727, 1369.7272727272727)",Veillonella,0,10544
"(1565.560606060606, 1683.4924242424242)",Fusobacterium,0,10545
"(1565.725, 261.5)",Actinomyces,0,10546
"(1564.235294117647, 349.52941176470586)",Actinomyces,0,10547
"(1566.5816326530612, 1650.469387755102)",Fusobacterium,0,10549
"(1565.5483870967741, 1970.8225806451612)",Capnocytophaga,0,10550
"(1567.2027027027027, 79.47297297297297)",Veillonella,0,10551
"(1564.923076923077, 210.66153846153847)",Porphyromonas,0,10552
"(1567.6233766233765, 312.23376623376623)",Neisseria,0,10553
"(1565.8225806451612, 467.1774193548387)",Fusobacterium,0,10554
"(1569.8724832214766, 787.2953020134228)",Fusobacterium,0,10555
"(1566.030303030303, 956.6969696969697)",Fusobacterium,0,10556
"(1568.6101694915253, 1749.7288135593221)",Fusobacterium,0,10558
"(1567.632911392405, 43.36708860759494)",Veillonella,0,10559
"(1567.1875, 171.0)",Veillonella,0,10560
"(1570.4774774774776, 592.7567567567568)",Fusobacterium,0,10561
"(1566.0961538461538, 607.3076923076923)",Fusobacterium,0,10562
"(1566.141414141414, 726.7070707070707)",Fusobacterium,0,10563
"(1567.22, 761.52)",Fusobacterium,0,10564
"(1567.8840579710145, 839.304347826087)",Fusobacterium,0,10565
"(1567.037037037037, 1074.8148148148148)",Veillonella,0,10566
"(1567.2820512820513, 1866.9102564102564)",Neisseria,0,10567
"(1571.0933333333332, 363.9866666666667)",Campylobacter,0,10569
"(1568.4166666666667, 370.18333333333334)",Fusobacterium,0,10570
"(1569.6559139784947, 399.59139784946234)",Fusobacterium,0,10571
"(1568.9765625, 485.09375)",Fusobacterium,0,10572
"(1571.1, 944.0166666666667)",Neisseria,0,10573
"(1568.6818181818182, 989.969696969697)",Rothia,0,10574
"(1572.108527131783, 1060.937984496124)",Rothia,0,10575
"(1570.4133333333334, 1108.3333333333333)",Veillonella,0,10576
"(1568.76, 443.1066666666667)",Fusobacterium,0,10577
"(1570.5211267605634, 456.1267605633803)",Capnocytophaga,0,10578
"(1570.8785046728972, 883.2990654205607)",Veillonella,0,10579
"(1569.935064935065, 902.9350649350649)",Veillonella,0,10580
"(1571.8142857142857, 932.0)",Rothia,0,10581
"(1568.483870967742, 1149.5)",Rothia,0,10582
"(1570.8623188405797, 1185.9710144927535)",Fusobacterium,0,10583
"(1572.5422535211267, 1213.4154929577464)",Veillonella,0,10584
"(1571.0, 1496.8831168831168)",Veillonella,0,10585
"(1569.4747474747476, 1768.969696969697)",Rothia,0,10587
"(1573.3295454545455, 1878.4772727272727)",Neisseria,0,10588
"(1569.9076923076923, 1904.9538461538461)",Fusobacterium,0,10589
"(1570.1538461538462, 292.2)",Actinomyces,0,10590
"(1569.0833333333333, 420.68333333333334)",Streptococcus,0,10591
"(1575.9084507042253, 545.1478873239437)",Fusobacterium,0,10592
"(1573.4698795180723, 560.8192771084338)",Fusobacterium,0,10593
"(1571.3666666666666, 820.8666666666667)",Fusobacterium,0,10594
"(1572.1543209876543, 1713.351851851852)",Fusobacterium,0,10596
"(1571.2934782608695, 1833.2608695652175)",Veillonella,0,10597
"(1572.2527472527472, 1982.8021978021977)",Veillonella,0,10598
"(1572.728971962617, 858.7383177570093)",Fusobacterium,0,10599
"(1578.0860655737704, 129.08196721311475)",Actinomyces,0,10600
"(1572.4655172413793, 618.6206896551724)",Fusobacterium,0,10602
"(1575.9722222222222, 638.0277777777778)",Rothia,0,10603
"(1571.7380952380952, 999.4285714285714)",Rothia,0,10604
"(1572.7524752475247, 1084.5346534653465)",Fusobacterium,0,10605
"(1573.0087719298247, 1299.9473684210527)",Fusobacterium,0,10606
"(1572.7157894736843, 1315.957894736842)",Fusobacterium,0,10607
"(1574.207100591716, 1335.1952662721894)",Veillonella,0,10608
"(1571.927536231884, 1593.6521739130435)",Rothia,0,10609
"(1573.8076923076924, 1918.2820512820513)",Fusobacterium,0,10610
"(1574.495575221239, 223.1504424778761)",Porphyromonas,0,10611
"(1572.8387096774193, 250.20967741935485)",Streptococcus,0,10612
"(1573.5964912280701, 340.9035087719298)",Actinomyces,0,10613
"(1572.2061855670104, 1017.9484536082474)",Veillonella,0,10614
"(1572.3389830508474, 1096.3898305084747)",Rothia,0,10615
"(1580.5303867403316, 1153.9502762430939)",Fusobacterium,0,10616
"(1573.741573033708, 197.1573033707865)",Fusobacterium,0,10617
"(1574.6164383561643, 499.3972602739726)",Fusobacterium,0,10618
"(1574.050847457627, 770.3728813559322)",Fusobacterium,0,10619
"(1574.25, 970.6)",Fusobacterium,0,10620
"(1577.2169811320755, 1786.433962264151)",Fusobacterium,0,10622
"(1574.2068965517242, 380.63793103448273)",Capnocytophaga,0,10623
"(1575.6666666666667, 409.5079365079365)",Fusobacterium,0,10624
"(1575.0425531914893, 742.8510638297872)",Capnocytophaga,0,10625
"(1579.6610169491526, 803.6694915254237)",Fusobacterium,0,10626
"(1580.144927536232, 1814.2125603864733)",Neisseria,0,10627
"(1574.92, 1852.6533333333334)",Neisseria,0,10628
"(1576.0, 99.38709677419355)",Fusobacterium,0,10629
"(1576.855072463768, 324.40579710144925)",Neisseria,0,10630
"(1577.875, 358.59722222222223)",Neisseria,0,10631
"(1579.2268907563025, 474.5546218487395)",Fusobacterium,0,10632
"(1577.6017699115043, 1031.7610619469026)",Veillonella,0,10633
"(1576.0344827586207, 1271.2931034482758)",Veillonella,0,10634
"(1575.2769230769231, 1542.676923076923)",Fusobacterium,0,10635
"(1581.6906474820144, 1584.0)",Fusobacterium,0,10636
"(1575.904761904762, 1959.5714285714287)",Neisseria,0,10637
"(1577.0782608695652, 431.31304347826085)",Capnocytophaga,0,10638
"(1578.9896907216496, 755.4123711340206)",Fusobacterium,0,10639
"(1577.5, 1258.0)",Veillonella,0,10640
"(1577.4561403508771, 1632.4912280701753)",Fusobacterium,0,10642
"(1577.6944444444443, 1655.9722222222222)",Fusobacterium,0,10643
"(1582.8159509202453, 1892.3680981595091)",Neisseria,0,10644
"(1580.6216216216217, 669.9009009009009)",Fusobacterium,0,10646
"(1582.4956140350878, 1236.6315789473683)",Fusobacterium,0,10649
"(1579.8076923076924, 1354.6442307692307)",Veillonella,0,10650
"(1580.225, 150.7625)",Fusobacterium,0,10652
"(1581.6418918918919, 719.7905405405405)",Veillonella,0,10653
"(1579.9285714285713, 828.8214285714286)",Fusobacterium,0,10654
"(1580.0357142857142, 916.0238095238095)",Rothia,0,10655
"(1578.1304347826087, 1047.8115942028985)",Rothia,0,10656
"(1582.2058823529412, 1126.3949579831933)",Fusobacterium,0,10657
"(1579.859375, 1171.578125)",Fusobacterium,0,10658
"(1584.2075471698113, 1492.0754716981132)",Veillonella,0,10659
"(1581.7281553398059, 1557.8252427184466)",Fusobacterium,0,10660
"(1578.5625, 1670.475)",Fusobacterium,0,10661
"(1587.7212121212121, 1525.9878787878788)",Fusobacterium,0,10663
"(1583.828947368421, 289.5328947368421)",Fusobacterium,0,10664
"(1582.890410958904, 1513.1780821917807)",Neisseria,0,10666
"(1585.549019607843, 1692.8725490196077)",Fusobacterium,0,10667
"(1583.1951219512196, 240.1951219512195)",Streptococcus,0,10670
"(1584.4296875, 313.4765625)",Neisseria,0,10671
"(1584.686746987952, 520.9216867469879)",Fusobacterium,0,10672
"(1584.4297520661157, 656.5289256198347)",Fusobacterium,0,10673
"(1585.8186813186812, 864.7802197802198)",Fusobacterium,0,10674
"(1585.235294117647, 1010.1838235294117)",Fusobacterium,0,10675
"(1582.0615384615385, 1068.7230769230769)",Fusobacterium,0,10676
"(1585.1616161616162, 1841.878787878788)",Neisseria,0,10678
"(1584.6404494382023, 1976.5056179775281)",Corynebacterium,0,10679
"(1585.2689075630253, 77.39495798319328)",Veillonella,0,10680
"(1584.9567567567567, 172.8054054054054)",Fusobacterium,0,10681
"(1585.7410714285713, 615.1875)",Rothia,0,10682
"(1583.597014925373, 735.6119402985074)",Veillonella,0,10683
"(1581.5964912280701, 778.5964912280701)",Fusobacterium,0,10684
"(1588.5128205128206, 956.9230769230769)",Neisseria,0,10685
"(1586.4656488549617, 1762.6259541984732)",Veillonella,0,10686
"(1585.3623188405797, 456.17391304347825)",Fusobacterium,0,10687
"(1586.3567251461989, 584.1228070175439)",Fusobacterium,0,10688
"(1590.8735632183907, 973.6896551724138)",Fusobacterium,0,10690
"(1583.6774193548388, 1282.3064516129032)",Rothia,0,10691
"(1585.2954545454545, 1711.4318181818182)",Fusobacterium,0,10692
"(1588.178861788618, 992.9186991869918)",Fusobacterium,0,10693
"(1587.6315789473683, 1195.8)",Rothia,0,10694
"(1588.5797101449275, 1479.7391304347825)",Fusobacterium,0,10695
"(1587.7307692307693, 1608.0288461538462)",Fusobacterium,0,10696
"(1593.7652173913043, 1801.182608695652)",Veillonella,0,10697
"(1586.4074074074074, 1863.1728395061727)",Neisseria,0,10698
"(1586.879518072289, 1929.1084337349398)",Streptococcus,0,10699
"(1587.702479338843, 55.925619834710744)",Fusobacterium,0,10700
"(1592.4893617021276, 183.5)",Fusobacterium,0,10701
"(1590.8549222797928, 196.7979274611399)",Fusobacterium,0,10702
"(1588.1525423728813, 362.8305084745763)",Fusobacterium,0,10703
"(1589.2631578947369, 404.8721804511278)",Veillonella,0,10704
"(1587.7631578947369, 499.7894736842105)",Neisseria,0,10705
"(1587.4777777777779, 1735.8666666666666)",Veillonella,0,10706
"(1587.8032786885246, 1953.5655737704917)",Streptococcus,0,10708
"(1588.4666666666667, 221.77333333333334)",Fusobacterium,0,10709
"(1589.648148148148, 280.0)",Fusobacterium,0,10710
"(1589.0298507462687, 384.2786069651741)",Neisseria,0,10712
"(1589.4473684210527, 696.2368421052631)",Veillonella,0,10713
"(1588.2558139534883, 886.1976744186046)",Campylobacter,0,10715
"(1587.888888888889, 1085.7037037037037)",Fusobacterium,0,10716
"(1588.6666666666667, 1570.1333333333334)",Fusobacterium,0,10718
"(1589.9238095238095, 1912.5619047619048)",Veillonella,0,10719
"(1592.486725663717, 140.81415929203538)",Fusobacterium,0,10720
"(1592.264705882353, 259.2279411764706)",Fusobacterium,0,10722
"(1590.9650349650349, 1308.167832167832)",Veillonella,0,10724
"(1589.7604166666667, 1367.4583333333333)",Actinomyces,0,10725
"(1589.5444444444445, 439.85555555555555)",Fusobacterium,0,10727
"(1591.142857142857, 555.6349206349206)",Fusobacterium,0,10728
"(1590.2592592592594, 813.2592592592592)",Fusobacterium,0,10729
"(1590.3356643356644, 932.3076923076923)",Veillonella,0,10730
"(1588.82, 1039.54)",Rothia,0,10731
"(1592.1960784313726, 1266.764705882353)",Rothia,0,10732
"(1590.457627118644, 1343.4915254237287)",Fusobacterium,0,10733
"(1589.3035714285713, 1622.8214285714287)",Fusobacterium,0,10734
"(1592.4536082474226, 91.89690721649484)",Neisseria,0,10736
"(1594.4567901234568, 1218.4506172839506)",Fusobacterium,0,10739
"(1591.7719298245613, 104.59649122807018)",Fusobacterium,0,10741
"(1593.8383838383838, 569.5353535353536)",Fusobacterium,0,10742
"(1601.3574879227053, 1072.376811594203)",Rothia,0,10743
"(1590.4318181818182, 1103.7386363636363)",Fusobacterium,0,10744
"(1592.7627118644068, 1327.2796610169491)",Rothia,0,10745
"(1594.3222222222223, 1541.3222222222223)",Fusobacterium,0,10746
"(1593.5964912280701, 1580.982456140351)",Fusobacterium,0,10747
"(1591.3972602739725, 1665.835616438356)",Fusobacterium,0,10748
"(1594.639455782313, 476.85714285714283)",Fusobacterium,0,10750
"(1595.1157894736841, 645.8421052631579)",Fusobacterium,0,10751
"(1593.0, 707.4098360655738)",Rothia,0,10752
"(1592.629213483146, 840.6404494382023)",Fusobacterium,0,10753
"(1593.4038461538462, 1044.8653846153845)",Rothia,0,10754
"(1595.4368932038835, 1054.514563106796)",Fusobacterium,0,10755
"(1599.8867924528302, 495.22641509433964)",Neisseria,0,10756
"(1594.1791044776119, 632.5223880597015)",Capnocytophaga,0,10757
"(1596.467741935484, 768.2096774193549)",Fusobacterium,0,10758
"(1594.8686868686868, 787.6666666666666)",Capnocytophaga,0,10759
"(1592.8076923076924, 1255.2692307692307)",Fusobacterium,0,10760
"(1593.972602739726, 1786.4383561643835)",Veillonella,0,10761
"(1594.6176470588234, 1883.7205882352941)",Actinomyces,0,10762
"(1596.044776119403, 212.0)",Streptococcus,0,10763
"(1599.3057851239669, 302.41322314049586)",Rothia,0,10764
"(1595.3, 422.3833333333333)",Fusobacterium,0,10765
"(1595.4516129032259, 602.483870967742)",Fusobacterium,0,10766
"(1596.2815533980583, 1467.5339805825242)",Fusobacterium,0,10767
"(1596.7763157894738, 1563.407894736842)",Fusobacterium,0,10768
"(1595.5061728395062, 1870.9506172839506)",Actinomyces,0,10769
"(1601.5527638190954, 128.42211055276383)",Fusobacterium,0,10770
"(1598.976377952756, 457.9763779527559)",Fusobacterium,0,10771
"(1598.4299065420562, 533.1495327102804)",Fusobacterium,0,10772
"(1596.247191011236, 746.9213483146067)",Streptococcus,0,10774
"(1597.5862068965516, 894.8045977011494)",Fusobacterium,0,10775
"(1596.9101123595506, 1138.9662921348315)",Fusobacterium,0,10776
"(1597.857142857143, 1153.357142857143)",Rothia,0,10777
"(1596.3827160493827, 1170.320987654321)",Rothia,0,10778
"(1597.55, 269.6)",Fusobacterium,0,10780
"(1597.7870967741935, 336.83870967741933)",Actinomyces,0,10781
"(1600.7831325301204, 357.0)",Fusobacterium,0,10782
"(1597.4615384615386, 620.3076923076923)",Fusobacterium,0,10783
"(1597.7066666666667, 682.52)",Fusobacterium,0,10784
"(1599.5233644859813, 909.7009345794393)",Fusobacterium,0,10785
"(1596.875, 1710.392857142857)",Fusobacterium,0,10786
"(1597.4927536231885, 1991.608695652174)",Veillonella,0,10788
"(1600.2333333333333, 730.1555555555556)",Fusobacterium,0,10789
"(1599.325, 1023.9)",Fusobacterium,0,10790
"(1601.5988023952095, 1592.2035928143712)",Fusobacterium,0,10791
"(1601.4583333333333, 1652.35)",Fusobacterium,0,10792
"(1598.9285714285713, 1819.2142857142858)",Neisseria,0,10793
"(1598.9239130434783, 1963.5760869565217)",Actinomyces,0,10794
"(1599.2763157894738, 244.22368421052633)",Porphyromonas,0,10797
"(1601.7826086956522, 371.1159420289855)",Lautropia,0,10798
"(1598.9473684210527, 1508.5438596491229)",Fusobacterium,0,10800
"(1604.2601156069363, 1729.3236994219653)",Fusobacterium,0,10801
"(1599.0526315789473, 63.333333333333336)",Streptococcus,0,10802
"(1600.3291139240507, 1236.8987341772151)",Fusobacterium,0,10804
"(1600.8512396694214, 1284.2479338842975)",Rothia,0,10805
"(1609.5202702702702, 1613.5608108108108)",Fusobacterium,0,10806
"(1599.7761194029852, 1628.0298507462687)",Fusobacterium,0,10807
"(1604.25, 1762.125)",Streptococcus,0,10808
"(1603.2013422818793, 1849.744966442953)",Neisseria,0,10809
"(1599.2295081967213, 1937.327868852459)",Fusobacterium,0,10810
"(1601.5822784810127, 284.60759493670884)",Fusobacterium,0,10811
"(1600.4923076923078, 861.2615384615384)",Fusobacterium,0,10812
"(1603.55, 874.725)",Fusobacterium,0,10813
"(1600.235294117647, 988.1960784313726)",Fusobacterium,0,10814
"(1602.7586206896551, 1183.3620689655172)",Fusobacterium,0,10815
"(1601.1875, 1489.8125)",Rothia,0,10816
"(1601.6724137931035, 1692.25)",Fusobacterium,0,10817
"(1599.9830508474577, 1832.6440677966102)",Actinomyces,0,10819
"(1602.9444444444443, 1923.8333333333333)",Fusobacterium,0,10820
"(1605.6868686868686, 508.3030303030303)",Fusobacterium,0,10821
"(1606.6946564885495, 815.175572519084)",Fusobacterium,0,10823
"(1603.7731958762886, 844.9896907216495)",Fusobacterium,0,10824
"(1601.867924528302, 1011.811320754717)",Fusobacterium,0,10825
"(1602.1208791208792, 1110.978021978022)",Veillonella,0,10826
"(1604.1, 1530.825)",Fusobacterium,0,10827
"(1602.915254237288, 827.8813559322034)",Rothia,0,10829
"(1602.392857142857, 929.3928571428571)",Veillonella,0,10830
"(1607.9703703703703, 959.9037037037037)",Rothia,0,10831
"(1604.474358974359, 1206.3974358974358)",Fusobacterium,0,10832
"(1605.4172661870505, 1094.525179856115)",Rothia,0,10836
"(1604.0566037735848, 1249.301886792453)",Campylobacter,0,10837
"(1603.8823529411766, 1344.2794117647059)",Veillonella,0,10838
"(1608.5845070422536, 1549.4225352112676)",Fusobacterium,0,10839
"(1606.8923076923077, 448.38461538461536)",Fusobacterium,0,10841
"(1605.8064516129032, 521.3064516129032)",Fusobacterium,0,10842
"(1610.712, 585.48)",Fusobacterium,0,10843
"(1605.7906976744187, 1124.8255813953488)",Fusobacterium,0,10844
"(1606.7894736842106, 1265.0210526315789)",Fusobacterium,0,10845
"(1609.8880597014925, 1356.7686567164178)",Fusobacterium,0,10846
"(1606.8854166666667, 1671.0208333333333)",Fusobacterium,0,10847
"(1606.0657894736842, 1952.4868421052631)",Veillonella,0,10848
"(1606.3238095238096, 391.03809523809525)",Veillonella,0,10850
"(1607.0537634408602, 436.96774193548384)",Fusobacterium,0,10851
"(1611.3861386138615, 564.019801980198)",Fusobacterium,0,10852
"(1606.5342465753424, 671.1643835616438)",Fusobacterium,0,10854
"(1606.0645161290322, 946.0322580645161)",Rothia,0,10855
"(1608.2465753424658, 1369.4794520547946)",Fusobacterium,0,10856
"(1607.12, 152.31333333333333)",Rothia,0,10857
"(1611.8622754491018, 192.94610778443115)",Veillonella,0,10858
"(1608.504347826087, 1003.6260869565217)",Fusobacterium,0,10859
"(1607.123287671233, 1037.3287671232877)",Rothia,0,10860
"(1608.2238805970148, 1325.7164179104477)",Rothia,0,10861
"(1606.52, 1479.86)",Rothia,0,10862
"(1607.3863636363637, 1897.9242424242425)",Actinomyces,0,10863
"(1610.4395604395604, 92.23076923076923)",Capnocytophaga,0,10864
"(1609.2134831460673, 234.8876404494382)",Fusobacterium,0,10865
"(1609.8169014084508, 477.5633802816901)",Streptococcus,0,10866
"(1611.0192307692307, 605.7692307692307)",Fusobacterium,0,10867
"(1608.9894736842105, 625.0947368421052)",Fusobacterium,0,10868
"(1607.5, 1050.2)",Rothia,0,10869
"(1608.36, 1980.0933333333332)",Veillonella,0,10870
"(1609.448717948718, 407.96153846153845)",Fusobacterium,0,10871
"(1610.9565217391305, 490.6231884057971)",Neisseria,0,10873
"(1613.9432624113474, 640.4468085106383)",Fusobacterium,0,10874
"(1609.75, 688.8392857142857)",Rothia,0,10875
"(1612.8333333333333, 720.4871794871794)",Rothia,0,10876
"(1610.608695652174, 741.0289855072464)",Fusobacterium,0,10877
"(1609.9444444444443, 1749.7222222222222)",Fusobacterium,0,10878
"(1608.7738095238096, 1805.7738095238096)",Fusobacterium,0,10879
"(1611.962962962963, 211.97530864197532)",Fusobacterium,0,10880
"(1610.4, 778.0133333333333)",Fusobacterium,0,10881
"(1610.5882352941176, 917.2794117647059)",Rothia,0,10882
"(1613.8529411764705, 1209.3970588235295)",Fusobacterium,0,10883
"(1611.554054054054, 1298.445945945946)",Fusobacterium,0,10885
"(1610.9404761904761, 1456.0833333333333)",Fusobacterium,0,10886
"(1615.4852071005917, 1505.414201183432)",Fusobacterium,0,10888
"(1611.4516129032259, 1637.1075268817203)",Actinomyces,0,10889
"(1610.3023255813953, 1788.4186046511627)",Fusobacterium,0,10890
"(1611.9243697478992, 173.6218487394958)",Streptococcus,0,10891
"(1612.6703296703297, 465.1868131868132)",Fusobacterium,0,10892
"(1614.8046875, 800.515625)",Fusobacterium,0,10893
"(1610.888888888889, 981.3611111111111)",Rothia,0,10894
"(1613.035294117647, 1160.2470588235294)",Fusobacterium,0,10895
"(1617.541095890411, 1526.623287671233)",Fusobacterium,0,10896
"(1610.0350877192982, 1824.4035087719299)",Campylobacter,0,10897
"(1613.65, 1864.2875)",Rothia,0,10898
"(1613.1948051948052, 109.67532467532467)",Fusobacterium,0,10899
"(1613.4512195121952, 347.8536585365854)",Rothia,0,10900
"(1613.857142857143, 534.7792207792207)",Campylobacter,0,10901
"(1612.9770114942528, 547.8390804597701)",Capnocytophaga,0,10902
"(1613.4352941176471, 1308.764705882353)",Rothia,0,10904
"(1614.367816091954, 1597.5747126436781)",Fusobacterium,0,10905
"(1611.6629213483145, 1712.561797752809)",Actinomyces,0,10907
"(1614.3986486486488, 259.1216216216216)",Fusobacterium,0,10908
"(1613.0806451612902, 297.69354838709677)",Prevotella,0,10909
"(1617.6597222222222, 705.8472222222222)",Neisseria,0,10910
"(1613.7916666666667, 1564.7083333333333)",Fusobacterium,0,10912
"(1613.5, 1932.25)",Veillonella,0,10913
"(1614.75, 15.8875)",Fusobacterium,0,10914
"(1616.0394736842106, 227.67105263157896)",Fusobacterium,0,10915
"(1616.8736842105263, 289.2736842105263)",Fusobacterium,0,10916
"(1614.2222222222222, 889.5416666666666)",Rothia,0,10917
"(1619.4903846153845, 1055.7788461538462)",Campylobacter,0,10919
"(1613.9787234042553, 1232.5425531914893)",Fusobacterium,0,10920
"(1617.5655737704917, 1697.450819672131)",Fusobacterium,0,10921
"(1616.5882352941176, 376.77647058823527)",Veillonella,0,10922
"(1615.327868852459, 764.344262295082)",Fusobacterium,0,10923
"(1616.2641509433963, 1018.7358490566038)",Fusobacterium,0,10924
"(1614.36, 1336.48)",Fusobacterium,0,10925
"(1615.7246376811595, 1992.1739130434783)",Veillonella,0,10926
"(1618.0740740740741, 834.5555555555555)",Fusobacterium,0,10927
"(1616.215909090909, 1135.8522727272727)",Veillonella,0,10929
"(1616.8108108108108, 1150.6216216216217)",Fusobacterium,0,10930
"(1616.0441176470588, 1659.1323529411766)",Fusobacterium,0,10931
"(1620.2388059701493, 1776.8955223880596)",Fusobacterium,0,10932
"(1618.7037037037037, 1971.6666666666667)",Veillonella,0,10933
"(1619.0595238095239, 276.6190476190476)",Fusobacterium,0,10935
"(1618.2465753424658, 314.8767123287671)",Fusobacterium,0,10936
"(1616.9113924050632, 856.0506329113924)",Fusobacterium,0,10937
"(1619.98125, 1080.675)",Rothia,0,10939
"(1617.2260869565218, 1279.7217391304348)",Fusobacterium,0,10940
"(1617.3235294117646, 1579.1323529411766)",Fusobacterium,0,10941
"(1622.8214285714287, 1839.7559523809523)",Prevotella,0,10942
"(1619.5740740740741, 1886.4351851851852)",Actinomyces,0,10943
"(1618.0112359550562, 1916.7303370786517)",Fusobacterium,0,10944
"(1622.635593220339, 116.46610169491525)",Porphyromonas,0,10945
"(1620.9255319148936, 752.8829787234042)",Veillonella,0,10946
"(1620.493670886076, 929.4810126582279)",Rothia,0,10947
"(1620.6117647058823, 970.6)",Fusobacterium,0,10948
"(1620.5416666666667, 1105.1416666666667)",Fusobacterium,0,10949
"(1620.5373134328358, 1723.6268656716418)",Fusobacterium,0,10950
"(1619.2698412698412, 363.44444444444446)",Fusobacterium,0,10951
"(1621.1634615384614, 422.38461538461536)",Fusobacterium,0,10953
"(1622.877358490566, 681.6698113207547)",Fusobacterium,0,10954
"(1623.4242424242425, 878.4343434343434)",Fusobacterium,0,10955
"(1618.732142857143, 994.9821428571429)",Fusobacterium,0,10956
"(1620.752808988764, 1030.4606741573034)",Capnocytophaga,0,10957
"(1619.7857142857142, 1259.5595238095239)",Veillonella,0,10958
"(1619.6164383561643, 1483.2739726027398)",Streptococcus,0,10959
"(1622.013888888889, 486.5)",Neisseria,0,10961
"(1619.875, 575.6785714285714)",Fusobacterium,0,10962
"(1627.5235849056603, 656.6037735849056)",Fusobacterium,0,10963
"(1621.2575757575758, 1322.378787878788)",Veillonella,0,10964
"(1622.3896103896104, 1458.064935064935)",Rothia,0,10965
"(1623.9276315789473, 1952.0986842105262)",Streptococcus,0,10966
"(1625.119266055046, 97.69724770642202)",Capnocytophaga,0,10967
"(1622.4925373134329, 157.67164179104478)",Fusobacterium,0,10969
"(1628.733695652174, 336.20652173913044)",Rothia,0,10971
"(1621.7428571428572, 441.57142857142856)",Fusobacterium,0,10972
"(1623.9054054054054, 505.0135135135135)",Neisseria,0,10973
"(1620.5857142857142, 1121.642857142857)",Fusobacterium,0,10974
"(1622.0666666666666, 1187.1904761904761)",Rothia,0,10975
"(1625.1049723756905, 1637.878453038674)",Fusobacterium,0,10977
"(1623.2606382978724, 1746.8936170212767)",Fusobacterium,0,10978
"(1620.4404761904761, 1825.404761904762)",Fusobacterium,0,10980
"(1633.7700729927008, 1873.0401459854015)",Fusobacterium,0,10981
"(1625.448275862069, 594.0459770114943)",Fusobacterium,0,10982
"(1621.927536231884, 787.2608695652174)",Fusobacterium,0,10983
"(1624.8375, 914.4875)",Rothia,0,10984
"(1627.5657894736842, 1542.3026315789473)",Fusobacterium,0,10985
"(1622.2758620689656, 1555.7931034482758)",Fusobacterium,0,10986
"(1624.4175824175825, 1798.7032967032967)",Fusobacterium,0,10988
"(1626.5227272727273, 524.030303030303)",Fusobacterium,0,10989
"(1623.2328767123288, 616.3972602739726)",Fusobacterium,0,10990
"(1628.527950310559, 1245.3416149068323)",Fusobacterium,0,10993
"(1626.752380952381, 1851.247619047619)",Rothia,0,10994
"(1622.5172413793102, 85.46551724137932)",Veillonella,0,10995
"(1625.77304964539, 399.7659574468085)",Fusobacterium,0,10996
"(1624.390625, 629.71875)",Fusobacterium,0,10997
"(1624.6060606060605, 1008.8939393939394)",Fusobacterium,0,10998
"(1625.7894736842106, 1213.407894736842)",Fusobacterium,0,10999
"(1624.9433962264152, 1470.9056603773586)",Fusobacterium,0,11001
"(1624.922077922078, 76.28571428571429)",Veillonella,0,11002
"(1625.246153846154, 941.8307692307692)",Rothia,0,11004
"(1628.4609375, 256.5234375)",Fusobacterium,0,11006
"(1626.6923076923076, 302.46153846153845)",Veillonella,0,11007
"(1626.5897435897436, 467.2564102564103)",Rothia,0,11008
"(1629.3673469387754, 820.234693877551)",Fusobacterium,0,11010
"(1627.9896907216496, 900.7113402061856)",Veillonella,0,11011
"(1626.4285714285713, 1172.9714285714285)",Lautropia,0,11012
"(1626.6184210526317, 1337.7631578947369)",Actinomyces,0,11013
"(1627.758064516129, 2.564516129032258)",Fusobacterium,0,11015
"(1633.86875, 145.01875)",Fusobacterium,0,11017
"(1629.3298969072166, 541.4432989690722)",Rothia,0,11018
"(1627.528735632184, 564.7471264367816)",Fusobacterium,0,11019
"(1627.2, 1904.8923076923077)",Veillonella,0,11021
"(1628.6829268292684, 195.53658536585365)",Fusobacterium,0,11022
"(1627.04, 552.88)",Fusobacterium,0,11024
"(1627.593220338983, 857.8135593220339)",Fusobacterium,0,11025
"(1628.0714285714287, 1300.0535714285713)",Fusobacterium,0,11026
"(1629.534090909091, 1351.7727272727273)",Fusobacterium,0,11027
"(1627.4150943396226, 1599.2075471698113)",Fusobacterium,0,11028
"(1628.7454545454545, 168.8181818181818)",Fusobacterium,0,11029
"(1629.5223880597016, 353.56716417910445)",Veillonella,0,11030
"(1628.5283018867924, 419.79245283018867)",Fusobacterium,0,11031
"(1629.9565217391305, 730.7753623188406)",Capnocytophaga,0,11032
"(1630.1851851851852, 958.5925925925926)",Rothia,0,11033
"(1633.0471698113208, 1695.6509433962265)",Fusobacterium,0,11034
"(1628.36, 1731.7)",Veillonella,0,11035
"(1634.6446886446886, 26.721611721611723)",Fusobacterium,0,11036
"(1633.0425531914893, 440.5531914893617)",Fusobacterium,0,11038
"(1629.764705882353, 801.9215686274509)",Fusobacterium,0,11039
"(1628.9848484848485, 990.8787878787879)",Campylobacter,0,11040
"(1631.25, 1364.275)",Fusobacterium,0,11041
"(1629.9649122807018, 1503.8947368421052)",Fusobacterium,0,11042
"(1631.8152173913043, 1520.804347826087)",Fusobacterium,0,11043
"(1634.148148148148, 1714.4537037037037)",Fusobacterium,0,11044
"(1630.0555555555557, 1937.9583333333333)",Fusobacterium,0,11046
"(1631.2837837837837, 1982.7837837837837)",Veillonella,0,11047
"(1631.1833333333334, 1142.4833333333333)",Rothia,0,11048
"(1631.394366197183, 1154.3239436619717)",Lautropia,0,11049
"(1633.3383458646617, 1287.6015037593984)",Fusobacterium,0,11050
"(1630.6607142857142, 1992.4464285714287)",Veillonella,0,11054
"(1631.7378640776699, 1065.5242718446602)",Veillonella,0,11055
"(1633.826923076923, 1491.2788461538462)",Fusobacterium,0,11056
"(1632.5757575757575, 1568.20202020202)",Fusobacterium,0,11057
"(1634.0, 322.0)",Veillonella,0,11059
"(1634.135593220339, 379.66101694915255)",Fusobacterium,0,11060
"(1633.709090909091, 495.4)",Neisseria,0,11061
"(1638.832298136646, 581.5403726708074)",Fusobacterium,0,11062
"(1632.3333333333333, 643.3684210526316)",Fusobacterium,0,11063
"(1633.8148148148148, 697.3456790123457)",Fusobacterium,0,11064
"(1641.7132352941176, 884.5735294117648)",Fusobacterium,0,11065
"(1634.3225806451612, 1001.4516129032259)",Fusobacterium,0,11066
"(1634.442857142857, 1203.7)",Fusobacterium,0,11067
"(1633.0833333333333, 1619.236111111111)",Fusobacterium,0,11068
"(1633.9102564102564, 1666.5384615384614)",Fusobacterium,0,11070
"(1633.8666666666666, 1820.1466666666668)",Veillonella,0,11071
"(1633.445652173913, 278.1521739130435)",Fusobacterium,0,11072
"(1640.0921985815603, 365.1276595744681)",Veillonella,0,11073
"(1638.6048387096773, 760.4193548387096)",Fusobacterium,0,11074
"(1634.0188679245282, 839.2641509433962)",Fusobacterium,0,11075
"(1635.8793103448277, 872.6551724137931)",Fusobacterium,0,11076
"(1633.8225806451612, 1080.3709677419354)",Veillonella,0,11077
"(1637.3873873873874, 1225.018018018018)",Fusobacterium,0,11078
"(1635.0681818181818, 1266.9545454545455)",Fusobacterium,0,11079
"(1633.9019607843138, 1680.6666666666667)",Fusobacterium,0,11080
"(1635.3648648648648, 206.0810810810811)",Lautropia,0,11083
"(1635.2985074626865, 288.94029850746267)",Fusobacterium,0,11084
"(1635.9558823529412, 743.6470588235294)",Fusobacterium,0,11085
"(1637.2777777777778, 1597.763888888889)",Fusobacterium,0,11086
"(1637.546218487395, 1764.420168067227)",Fusobacterium,0,11087
"(1636.888888888889, 1784.6574074074074)",Fusobacterium,0,11088
"(1638.878787878788, 784.6212121212121)",Fusobacterium,0,11090
"(1635.4520547945206, 970.6849315068494)",Fusobacterium,0,11091
"(1637.6913580246915, 1014.2098765432099)",Fusobacterium,0,11092
"(1640.2441860465117, 1097.9593023255813)",Fusobacterium,0,11093
"(1636.8070175438597, 715.9298245614035)",Streptococcus,0,11096
"(1637.5955056179776, 938.314606741573)",Rothia,0,11097
"(1637.404761904762, 1045.904761904762)",Rothia,0,11098
"(1638.0192307692307, 1167.423076923077)",Fusobacterium,0,11099
"(1638.1666666666667, 1310.0151515151515)",Veillonella,0,11100
"(1638.8495575221239, 1324.7079646017698)",Veillonella,0,11101
"(1639.012658227848, 231.77215189873417)",Fusobacterium,0,11102
"(1638.554054054054, 607.7297297297297)",Fusobacterium,0,11103
"(1638.126984126984, 670.5396825396825)",Prevotella,0,11104
"(1637.8870967741937, 848.5806451612904)",Fusobacterium,0,11106
"(1639.2833333333333, 1514.1666666666667)",Fusobacterium,0,11108
"(1642.0902255639098, 66.76691729323308)",Fusobacterium,0,11109
"(1643.7222222222222, 159.7)",Fusobacterium,0,11110
"(1641.845238095238, 302.5238095238095)",Veillonella,0,11111
"(1640.953488372093, 392.9767441860465)",Fusobacterium,0,11112
"(1638.918918918919, 627.8378378378378)",Fusobacterium,0,11113
"(1640.841463414634, 1130.9024390243903)",Veillonella,0,11114
"(1641.2708333333333, 1857.6145833333333)",Fusobacterium,0,11115
"(1640.4675324675325, 253.80519480519482)",Fusobacterium,0,11116
"(1640.2121212121212, 484.65656565656565)",Neisseria,0,11117
"(1641.1690140845071, 518.0985915492957)",Fusobacterium,0,11118
"(1640.3188405797102, 1555.5217391304348)",Fusobacterium,0,11119
"(1640.485294117647, 1751.3823529411766)",Veillonella,0,11120
"(1642.6538461538462, 183.69230769230768)",Fusobacterium,0,11121
"(1641.6262626262626, 414.989898989899)",Fusobacterium,0,11122
"(1641.2022471910113, 461.9325842696629)",Fusobacterium,0,11123
"(1639.7534246575342, 566.2191780821918)",Fusobacterium,0,11124
"(1643.6716417910447, 1190.9253731343283)",Fusobacterium,0,11125
"(1643.0, 1903.7796610169491)",Veillonella,0,11126
"(1642.4285714285713, 316.5238095238095)",Veillonella,0,11127
"(1642.532258064516, 898.4677419354839)",Veillonella,0,11128
"(1644.5530303030303, 956.1439393939394)",Rothia,0,11129
"(1642.9024390243903, 1029.5121951219512)",Rothia,0,11130
"(1643.659090909091, 1238.0227272727273)",Fusobacterium,0,11131
"(1646.3085106382978, 1584.063829787234)",Fusobacterium,0,11132
"(1645.8614457831325, 1641.6144578313254)",Fusobacterium,0,11133
"(1645.5149700598802, 1734.317365269461)",Rothia,0,11134
"(1646.408163265306, 110.72448979591837)",Fusobacterium,0,11135
"(1642.986111111111, 124.93055555555556)",Fusobacterium,0,11136
"(1645.4615384615386, 690.4285714285714)",Fusobacterium,0,11139
"(1645.2857142857142, 801.3904761904762)",Rothia,0,11140
"(1642.5873015873017, 914.3650793650794)",Lautropia,0,11142
"(1644.2207792207791, 1534.9610389610389)",Fusobacterium,0,11143
"(1645.6811594202898, 1963.2536231884058)",Fusobacterium,0,11144
"(1643.311475409836, 986.1639344262295)",Fusobacterium,0,11145
"(1649.1555555555556, 1177.3555555555556)",Fusobacterium,0,11146
"(1645.15625, 1943.8541666666667)",Veillonella,0,11148
"(1644.8235294117646, 434.7352941176471)",Capnocytophaga,0,11149
"(1647.4470588235295, 507.5529411764706)",Fusobacterium,0,11150
"(1644.4714285714285, 536.7857142857143)",Fusobacterium,0,11151
"(1644.1803278688524, 1071.0819672131147)",Rothia,0,11153
"(1649.1923076923076, 1254.1923076923076)",Fusobacterium,0,11154
"(1645.5, 1572.7931034482758)",Fusobacterium,0,11155
"(1646.642857142857, 1611.1349206349207)",Fusobacterium,0,11156
"(1644.3559322033898, 1626.1186440677966)",Neisseria,0,11157
"(1645.6103896103896, 1832.3376623376623)",Veillonella,0,11158
"(1649.3258426966293, 637.1685393258427)",Fusobacterium,0,11162
"(1650.8529411764705, 1662.9803921568628)",Fusobacterium,0,11164
"(1645.7333333333333, 1688.05)",Fusobacterium,0,11166
"(1649.3084112149534, 1884.018691588785)",Fusobacterium,0,11167
"(1647.125, 137.125)",Fusobacterium,0,11168
"(1648.5, 242.54285714285714)",Fusobacterium,0,11169
"(1648.86301369863, 335.4109589041096)",Fusobacterium,0,11170
"(1649.1714285714286, 493.5571428571429)",Neisseria,0,11171
"(1646.7627118644068, 731.2033898305085)",Fusobacterium,0,11172
"(1647.3157894736842, 827.9298245614035)",Fusobacterium,0,11173
"(1648.09375, 923.53125)",Veillonella,0,11174
"(1650.1145833333333, 1160.7708333333333)",Fusobacterium,0,11175
"(1650.28125, 1274.96875)",Veillonella,0,11176
"(1651.3740458015268, 1710.7480916030534)",Fusobacterium,0,11177
"(1650.3406593406594, 1802.3076923076924)",Fusobacterium,0,11178
"(1649.8072289156626, 591.4216867469879)",Fusobacterium,0,11180
"(1651.3505154639174, 769.680412371134)",Fusobacterium,0,11181
"(1647.736111111111, 856.3194444444445)",Veillonella,0,11182
"(1653.208695652174, 996.9130434782609)",Fusobacterium,0,11183
"(1654.340782122905, 1084.9329608938547)",Fusobacterium,0,11184
"(1652.0289855072465, 1814.1521739130435)",Fusobacterium,0,11185
"(1648.6565656565656, 1925.4747474747476)",Fusobacterium,0,11186
"(1649.0, 10.088888888888889)",Fusobacterium,0,11187
"(1651.0, 195.72413793103448)",Veillonella,0,11188
"(1649.978021978022, 214.16483516483515)",Fusobacterium,0,11189
"(1650.2, 977.2285714285714)",Fusobacterium,0,11190
"(1650.2428571428572, 1483.2428571428572)",Fusobacterium,0,11192
"(1650.5760869565217, 1501.6195652173913)",Capnocytophaga,0,11193
"(1651.4268292682927, 443.7317073170732)",Fusobacterium,0,11194
"(1651.25, 546.3)",Veillonella,0,11195
"(1649.8387096774193, 719.8225806451613)",Fusobacterium,0,11196
"(1650.4788732394366, 936.1971830985915)",Veillonella,0,11197
"(1651.9101123595506, 271.561797752809)",Rothia,0,11198
"(1653.953947368421, 655.2105263157895)",Fusobacterium,0,11199
"(1651.5714285714287, 1751.3333333333333)",Veillonella,0,11200
"(1651.54, 289.32)",Capnocytophaga,0,11201
"(1653.4358974358975, 400.52564102564105)",Capnocytophaga,0,11202
"(1653.0434782608695, 752.1449275362319)",Fusobacterium,0,11203
"(1651.622641509434, 1009.2830188679245)",Fusobacterium,0,11205
"(1660.6605504587155, 1845.119266055046)",Fusobacterium,0,11206
"(1656.2608695652175, 23.905797101449274)",Fusobacterium,0,11207
"(1653.014705882353, 257.0147058823529)",Fusobacterium,0,11208
"(1652.9444444444443, 568.0277777777778)",Saccharibacteria,0,11209
"(1652.4897959183672, 616.8843537414966)",Rothia,0,11210
"(1654.5473684210526, 1125.1263157894737)",Fusobacterium,0,11211
"(1652.5, 1287.16)",Veillonella,0,11212
"(1662.9007633587787, 1525.4885496183206)",Fusobacterium,0,11213
"(1654.0454545454545, 1547.8522727272727)",Fusobacterium,0,11214
"(1654.0972222222222, 310.8333333333333)",Veillonella,0,11215
"(1655.1538461538462, 520.3974358974359)",Fusobacterium,0,11217
"(1656.13125, 1047.325)",Fusobacterium,0,11218
"(1656.3636363636363, 1204.5194805194806)",Rothia,0,11220
"(1656.5, 1335.0454545454545)",Veillonella,0,11222
"(1655.1267605633802, 458.8732394366197)",Fusobacterium,0,11224
"(1656.5735294117646, 1564.4117647058824)",Fusobacterium,0,11225
"(1655.5964912280701, 125.36842105263158)",Streptococcus,0,11226
"(1657.9240506329113, 706.9683544303797)",Campylobacter,0,11227
"(1658.4086021505377, 836.7956989247311)",Fusobacterium,0,11228
"(1659.3944444444444, 375.9111111111111)",Fusobacterium,0,11230
"(1660.8083333333334, 410.94166666666666)",Saccharibacteria,0,11231
"(1658.7916666666667, 787.6041666666666)",Fusobacterium,0,11232
"(1660.7207207207207, 1191.2432432432433)",Rothia,0,11233
"(1656.7288135593221, 1229.7288135593221)",Fusobacterium,0,11234
"(1660.125925925926, 1962.7555555555555)",Fusobacterium,0,11236
"(1657.359375, 170.40625)",Fusobacterium,0,11237
"(1658.25, 818.2380952380952)",Fusobacterium,0,11238
"(1658.5057471264367, 896.0114942528736)",Rothia,0,11239
"(1660.6837606837607, 1029.4615384615386)",Fusobacterium,0,11240
"(1659.6341463414635, 1152.081300813008)",Fusobacterium,0,11241
"(1662.8136645962734, 1310.3540372670807)",Fusobacterium,0,11242
"(1657.5822784810127, 1903.7848101265822)",Streptococcus,0,11245
"(1666.611111111111, 41.89393939393939)",Fusobacterium,0,11246
"(1658.3584905660377, 232.41509433962264)",Fusobacterium,0,11247
"(1660.8265306122448, 1068.5204081632653)",Fusobacterium,0,11249
"(1662.009523809524, 1584.5619047619048)",Fusobacterium,0,11250
"(1660.4418604651162, 1692.1162790697674)",Veillonella,0,11251
"(1658.7037037037037, 1725.2777777777778)",Capnocytophaga,0,11252
"(1659.943661971831, 1860.9154929577464)",Rothia,0,11253
"(1660.595238095238, 740.5119047619048)",Fusobacterium,0,11254
"(1667.2272727272727, 1618.1863636363637)",Fusobacterium,0,11255
"(1661.1290322580646, 1761.784946236559)",Fusobacterium,0,11257
"(1658.86, 1832.98)",Fusobacterium,0,11258
"(1661.1492537313434, 158.28358208955223)",Fusobacterium,0,11259
"(1665.584745762712, 219.23728813559322)",Rothia,0,11260
"(1661.9310344827586, 499.98275862068965)",Fusobacterium,0,11261
"(1662.735294117647, 540.8333333333334)",Fusobacterium,0,11262
"(1662.4705882352941, 803.564705882353)",Fusobacterium,0,11264
"(1664.4173913043478, 1933.6782608695653)",Fusobacterium,0,11265
"(1661.6666666666667, 186.28070175438597)",Streptococcus,0,11266
"(1663.2857142857142, 353.07563025210084)",Fusobacterium,0,11269
"(1664.0873015873017, 483.0952380952381)",Rothia,0,11270
"(1661.867469879518, 687.9156626506024)",Fusobacterium,0,11271
"(1664.9747899159663, 916.8067226890756)",Veillonella,0,11273
"(1662.4017857142858, 954.9285714285714)",Lautropia,0,11274
"(1661.603448275862, 984.4137931034483)",Fusobacterium,0,11275
"(1666.145299145299, 1295.145299145299)",Rothia,0,11276
"(1665.0229885057472, 1489.2758620689656)",Fusobacterium,0,11277
"(1663.107142857143, 1742.4642857142858)",Veillonella,0,11278
"(1661.4262295081967, 1942.049180327869)",Fusobacterium,0,11279
"(1663.3676470588234, 108.33823529411765)",Streptococcus,0,11280
"(1663.4133333333334, 204.93333333333334)",Streptococcus,0,11281
"(1664.7460317460318, 510.36507936507934)",Streptococcus,0,11282
"(1664.2328767123288, 1210.5205479452054)",Rothia,0,11284
"(1664.4177215189873, 1345.8101265822784)",Neisseria,0,11285
"(1668.8181818181818, 392.1969696969697)",Veillonella,0,11286
"(1669.1176470588234, 595.5042016806723)",Fusobacterium,0,11288
"(1666.0, 877.4470588235295)",Rothia,0,11289
"(1666.3465346534654, 1657.6534653465346)",Fusobacterium,0,11291
"(1667.4356435643565, 143.3960396039604)",Fusobacterium,0,11292
"(1665.47, 255.16)",Fusobacterium,0,11293
"(1667.1769911504425, 1453.725663716814)",Fusobacterium,0,11295
"(1666.1470588235295, 617.3529411764706)",Fusobacterium,0,11299
"(1666.3424657534247, 638.6986301369863)",Fusobacterium,0,11300
"(1665.25, 862.953125)",Rothia,0,11301
"(1665.5833333333333, 1539.75)",Fusobacterium,0,11302
"(1668.0428571428572, 121.2)",Veillonella,0,11303
"(1667.990291262136, 431.19417475728153)",Fusobacterium,0,11304
"(1665.6, 442.88)",Fusobacterium,0,11305
"(1666.4301075268818, 457.81720430107526)",Fusobacterium,0,11306
"(1671.0333333333333, 671.7)",Fusobacterium,0,11307
"(1668.1875, 725.78125)",Streptococcus,0,11308
"(1667.5647058823529, 1105.0)",Rothia,0,11309
"(1671.3255813953488, 1556.6046511627908)",Fusobacterium,0,11312
"(1669.04, 1597.3)",Fusobacterium,0,11313
"(1666.7761194029852, 1643.1492537313434)",Fusobacterium,0,11314
"(1666.5, 1672.5185185185185)",Fusobacterium,0,11315
"(1667.6271186440679, 1730.8305084745762)",Veillonella,0,11316
"(1670.673076923077, 1820.7115384615386)",Rothia,0,11317
"(1667.0344827586207, 1971.448275862069)",Fusobacterium,0,11318
"(1669.3013698630136, 4.794520547945205)",Actinomyces,0,11319
"(1668.0945945945946, 764.8918918918919)",Fusobacterium,0,11320
"(1667.2830188679245, 931.1698113207547)",Veillonella,0,11321
"(1672.5673076923076, 1123.7211538461538)",Fusobacterium,0,11322
"(1673.858024691358, 1278.4753086419753)",Veillonella,0,11323
"(1667.8823529411766, 1700.9607843137255)",Veillonella,0,11324
"(1668.0943396226414, 1754.8490566037735)",Fusobacterium,0,11325
"(1668.4794520547946, 1884.150684931507)",Fusobacterium,0,11326
"(1669.6478873239437, 312.01408450704224)",Fusobacterium,0,11327
"(1669.0983606557377, 470.0)",Fusobacterium,0,11328
"(1674.4805194805194, 1006.525974025974)",Rothia,0,11330
"(1669.648148148148, 1224.4814814814815)",Streptococcus,0,11331
"(1669.5797101449275, 1914.8260869565217)",Veillonella,0,11332
"(1672.486111111111, 656.9583333333334)",Fusobacterium,0,11333
"(1669.2857142857142, 1234.1785714285713)",Fusobacterium,0,11334
"(1673.6617647058824, 15.558823529411764)",Fusobacterium,0,11335
"(1671.5, 178.0)",Fusobacterium,0,11336
"(1672.2037037037037, 607.4444444444445)",Fusobacterium,0,11338
"(1671.6333333333334, 818.1)",Fusobacterium,0,11339
"(1672.725, 977.6625)",Veillonella,0,11340
"(1671.5714285714287, 1136.345238095238)",Fusobacterium,0,11341
"(1674.688622754491, 1248.0)",Rothia,0,11342
"(1673.5098039215686, 133.52941176470588)",Streptococcus,0,11343
"(1673.0632911392406, 339.30379746835445)",Rothia,0,11344
"(1671.6610169491526, 415.52542372881356)",Neisseria,0,11346
"(1672.7735849056603, 567.5094339622641)",Fusobacterium,0,11348
"(1679.1924882629107, 582.7746478873239)",Fusobacterium,0,11349
"(1674.1121495327102, 704.2149532710281)",Neisseria,0,11350
"(1671.7636363636364, 1025.5636363636363)",Fusobacterium,0,11351
"(1671.5131578947369, 1043.0263157894738)",Fusobacterium,0,11352
"(1672.8875, 1869.0875)",Fusobacterium,0,11354
"(1675.9195402298851, 1974.0689655172414)",Fusobacterium,0,11355
"(1674.4225352112676, 230.73239436619718)",Fusobacterium,0,11356
"(1672.95, 278.9)",Rothia,0,11357
"(1673.65, 293.46666666666664)",Veillonella,0,11358
"(1675.3454545454545, 525.709090909091)",Veillonella,0,11359
"(1673.6626506024097, 832.2289156626506)",Rothia,0,11361
"(1673.9066666666668, 937.9066666666666)",Veillonella,0,11362
"(1674.9574468085107, 1155.9468085106382)",Fusobacterium,0,11364
"(1672.857142857143, 1332.3506493506493)",Veillonella,0,11365
"(1673.4571428571428, 1504.7285714285715)",Fusobacterium,0,11366
"(1674.13698630137, 324.013698630137)",Fusobacterium,0,11368
"(1674.7384615384615, 359.33846153846156)",Fusobacterium,0,11369
"(1674.7777777777778, 751.8787878787879)",Fusobacterium,0,11370
"(1674.0645161290322, 960.2043010752689)",Veillonella,0,11371
"(1673.8169014084508, 1897.4929577464789)",Fusobacterium,0,11372
"(1678.6666666666667, 885.563492063492)",Rothia,0,11374
"(1675.225, 899.6375)",Veillonella,0,11375
"(1676.619718309859, 154.32394366197184)",Capnocytophaga,0,11377
"(1678.1084337349398, 166.42168674698794)",Fusobacterium,0,11378
"(1678.3333333333333, 206.4404761904762)",Fusobacterium,0,11379
"(1676.4625, 626.3875)",Fusobacterium,0,11380
"(1676.972602739726, 788.8219178082192)",Fusobacterium,0,11381
"(1677.86013986014, 1719.4615384615386)",Fusobacterium,0,11383
"(1675.4705882352941, 1859.1176470588234)",Fusobacterium,0,11384
"(1680.3833333333334, 193.44166666666666)",Streptococcus,0,11385
"(1677.3650793650793, 544.6349206349206)",Fusobacterium,0,11386
"(1678.0405405405406, 644.6351351351351)",Fusobacterium,0,11387
"(1677.7027027027027, 800.7297297297297)",Fusobacterium,0,11389
"(1676.8166666666666, 856.6666666666666)",Rothia,0,11390
"(1678.144144144144, 1069.6486486486488)",Rothia,0,11391
"(1680.1359223300972, 1173.126213592233)",Veillonella,0,11392
"(1677.439393939394, 248.74242424242425)",Fusobacterium,0,11393
"(1680.5581395348838, 380.48837209302326)",Veillonella,0,11394
"(1682.5902777777778, 404.90277777777777)",Fusobacterium,0,11395
"(1679.4430379746836, 448.1518987341772)",Fusobacterium,0,11396
"(1678.1698113207547, 483.0377358490566)",Neisseria,0,11397
"(1679.361111111111, 1690.75)",Fusobacterium,0,11398
"(1677.6022727272727, 1767.4545454545455)",Fusobacterium,0,11399
"(1682.163120567376, 1931.1702127659576)",Fusobacterium,0,11400
"(1678.8666666666666, 1951.0222222222221)",Veillonella,0,11401
"(1678.3880597014925, 1989.8059701492537)",Fusobacterium,0,11402
"(1680.828125, 974.140625)",Rothia,0,11405
"(1680.5052631578947, 1086.2105263157894)",Rothia,0,11406
"(1684.8809523809523, 1115.531746031746)",Veillonella,0,11407
"(1678.5211267605634, 1641.3661971830986)",Fusobacterium,0,11408
"(1680.7640449438202, 259.59550561797755)",Fusobacterium,0,11410
"(1680.2605042016808, 497.56302521008405)",Veillonella,0,11411
"(1680.71, 687.04)",Fusobacterium,0,11412
"(1679.628205128205, 867.5128205128206)",Rothia,0,11413
"(1679.34, 993.9)",Fusobacterium,0,11414
"(1679.5046728971963, 1474.3738317757009)",Fusobacterium,0,11415
"(1681.4193548387098, 724.9677419354839)",Fusobacterium,0,11416
"(1684.4460431654677, 1192.6546762589928)",Streptococcus,0,11418
"(1681.0657894736842, 1317.092105263158)",Lautropia,0,11420
"(1681.8317757009345, 1540.588785046729)",Fusobacterium,0,11421
"(1680.92, 1666.02)",Capnocytophaga,0,11422
"(1681.2380952380952, 1699.4603174603174)",Rothia,0,11423
"(1685.1293103448277, 605.6637931034483)",Fusobacterium,0,11424
"(1682.2784810126582, 1033.1645569620252)",Rothia,0,11425
"(1684.7532467532467, 1396.8116883116884)",Rothia,0,11426
"(1685.4430379746836, 1577.4810126582279)",Fusobacterium,0,11428
"(1683.1190476190477, 1833.0238095238096)",Veillonella,0,11429
"(1684.6947368421052, 1883.0)",Fusobacterium,0,11430
"(1684.4722222222222, 26.416666666666668)",Fusobacterium,0,11431
"(1682.8214285714287, 37.69642857142857)",Fusobacterium,0,11432
"(1683.0, 302.5660377358491)",Fusobacterium,0,11433
"(1684.4, 438.0)",Rothia,0,11434
"(1682.9615384615386, 469.97435897435895)",Fusobacterium,0,11435
"(1685.1323529411766, 568.4852941176471)",Fusobacterium,0,11436
"(1683.4883720930231, 768.1511627906976)",Fusobacterium,0,11437
"(1684.1216216216217, 1611.4594594594594)",Fusobacterium,0,11438
"(1684.658536585366, 115.09756097560975)",Veillonella,0,11440
"(1686.9907407407406, 842.6666666666666)",Rothia,0,11441
"(1684.0, 951.5762711864406)",Veillonella,0,11442
"(1684.2622950819673, 1134.27868852459)",Fusobacterium,0,11443
"(1684.9448818897638, 1224.5748031496064)",Rothia,0,11444
"(1683.844155844156, 1342.6493506493507)",Neisseria,0,11445
"(1687.3020134228188, 1434.9731543624162)",Fusobacterium,0,11446
"(1684.439393939394, 1523.8181818181818)",Fusobacterium,0,11447
"(1688.8846153846155, 1648.1384615384616)",Fusobacterium,0,11448
"(1685.4347826086957, 1677.391304347826)",Veillonella,0,11449
"(1684.5061728395062, 1959.5925925925926)",Veillonella,0,11451
"(1689.8292682926829, 222.66666666666666)",Rothia,0,11452
"(1690.1133333333332, 317.6666666666667)",Fusobacterium,0,11454
"(1688.3690476190477, 921.6309523809524)",Neisseria,0,11456
"(1686.8923076923077, 1600.5076923076922)",Fusobacterium,0,11458
"(1695.5291262135922, 144.01456310679612)",Capnocytophaga,0,11459
"(1689.946153846154, 242.19230769230768)",Fusobacterium,0,11460
"(1691.3361344537816, 539.218487394958)",Fusobacterium,0,11461
"(1687.2173913043478, 1147.4927536231885)",Rothia,0,11464
"(1690.447204968944, 1627.4968944099378)",Fusobacterium,0,11466
"(1685.7254901960785, 1805.8039215686274)",Fusobacterium,0,11467
"(1686.5573770491803, 1871.967213114754)",Fusobacterium,0,11468
"(1689.394495412844, 184.9908256880734)",Fusobacterium,0,11469
"(1686.871794871795, 512.2307692307693)",Veillonella,0,11470
"(1686.4736842105262, 554.9473684210526)",Fusobacterium,0,11471
"(1686.0869565217392, 737.3768115942029)",Capnocytophaga,0,11472
"(1686.5438596491229, 827.8245614035088)",Fusobacterium,0,11474
"(1688.2708333333333, 935.9479166666666)",Veillonella,0,11475
"(1693.581818181818, 1048.7151515151515)",Fusobacterium,0,11476
"(1689.632183908046, 1325.1149425287356)",Veillonella,0,11478
"(1685.8275862068965, 1899.1379310344828)",Streptococcus,0,11479
"(1687.3454545454545, 294.07272727272726)",Fusobacterium,0,11480
"(1686.4117647058824, 331.45098039215685)",Fusobacterium,0,11481
"(1687.8125, 348.78125)",Streptococcus,0,11482
"(1689.135593220339, 389.6271186440678)",Fusobacterium,0,11483
"(1689.245283018868, 457.8679245283019)",Fusobacterium,0,11484
"(1687.6346153846155, 672.0961538461538)",Fusobacterium,0,11485
"(1696.0, 697.3481012658228)",Neisseria,0,11486
"(1689.5327102803737, 1021.4953271028037)",Rothia,0,11487
"(1688.710843373494, 1301.987951807229)",Veillonella,0,11488
"(1687.375, 1456.75)",Fusobacterium,0,11489
"(1687.910447761194, 1490.44776119403)",Veillonella,0,11490
"(1695.5028571428572, 630.2457142857143)",Fusobacterium,0,11493
"(1695.9197080291972, 665.1240875912408)",Fusobacterium,0,11494
"(1691.3411764705882, 816.4823529411765)",Fusobacterium,0,11495
"(1690.0625, 1412.359375)",Fusobacterium,0,11497
"(1688.7246376811595, 1513.0)",Fusobacterium,0,11498
"(1689.9292929292928, 1762.909090909091)",Fusobacterium,0,11499
"(1691.0891089108911, 1817.6732673267327)",Fusobacterium,0,11500
"(1690.0681818181818, 1851.7575757575758)",Fusobacterium,0,11501
"(1693.1029411764705, 126.55882352941177)",Leptotrichia,0,11503
"(1690.32, 755.82)",Fusobacterium,0,11504
"(1690.2948717948718, 1781.6410256410256)",Corynebacterium,0,11505
"(1694.9712230215828, 276.8345323741007)",Fusobacterium,0,11506
"(1692.379746835443, 299.39240506329116)",Fusobacterium,0,11507
"(1690.9896907216496, 423.1340206185567)",Fusobacterium,0,11508
"(1693.5585585585586, 796.1441441441441)",Fusobacterium,0,11509
"(1690.2317073170732, 905.1585365853658)",Veillonella,0,11510
"(1691.2985074626865, 962.7164179104477)",Veillonella,0,11511
"(1693.411214953271, 1712.981308411215)",Fusobacterium,0,11514
"(1691.712765957447, 1989.1063829787233)",Fusobacterium,0,11515
"(1695.4137931034484, 647.3218390804598)",Fusobacterium,0,11516
"(1691.25, 717.0)",Fusobacterium,0,11517
"(1691.906976744186, 1103.8720930232557)",Fusobacterium,0,11519
"(1697.7157894736843, 356.5052631578947)",Fusobacterium,0,11521
"(1693.1842105263158, 855.9078947368421)",Fusobacterium,0,11523
"(1694.0582524271845, 1283.9708737864078)",Rothia,0,11525
"(1693.2247191011236, 1474.2247191011236)",Fusobacterium,0,11526
"(1692.5505617977528, 1725.247191011236)",Fusobacterium,0,11527
"(1694.633027522936, 1740.8715596330276)",Fusobacterium,0,11528
"(1696.8194444444443, 1916.3125)",Veillonella,0,11529
"(1693.9718309859154, 168.09859154929578)",Fusobacterium,0,11530
"(1696.9866666666667, 202.72)",Fusobacterium,0,11531
"(1695.3444444444444, 372.73333333333335)",Veillonella,0,11532
"(1693.8354430379748, 1072.4810126582279)",Rothia,0,11534
"(1699.7857142857142, 1256.142857142857)",Fusobacterium,0,11535
"(1694.75, 498.69736842105266)",Neisseria,0,11537
"(1696.65625, 681.6666666666666)",Fusobacterium,0,11538
"(1699.090909090909, 709.3977272727273)",Fusobacterium,0,11539
"(1695.3660714285713, 874.7410714285714)",Fusobacterium,0,11540
"(1696.5479452054794, 895.9589041095891)",Veillonella,0,11541
"(1701.1627906976744, 1212.4825581395348)",Veillonella,0,11542
"(1696.6216216216217, 1237.5405405405406)",Rothia,0,11543
"(1697.111111111111, 1696.6527777777778)",Fusobacterium,0,11546
"(1696.6415094339623, 1864.6415094339623)",Fusobacterium,0,11547
"(1696.9154929577464, 403.4366197183099)",Fusobacterium,0,11549
"(1695.3214285714287, 1345.0892857142858)",Rothia,0,11550
"(1696.0192307692307, 1902.9038461538462)",Veillonella,0,11551
"(1698.5876288659795, 731.1855670103092)",Fusobacterium,0,11552
"(1697.1617647058824, 949.7205882352941)",Neisseria,0,11553
"(1696.4615384615386, 980.3269230769231)",Veillonella,0,11554
"(1697.05, 1425.24)",Fusobacterium,0,11556
"(1697.530303030303, 1591.1515151515152)",Fusobacterium,0,11558
"(1696.9120879120878, 1665.6373626373627)",Fusobacterium,0,11559
"(1699.7256097560976, 1793.3597560975609)",Streptococcus,0,11560
"(1696.6949152542372, 1882.915254237288)",Fusobacterium,0,11561
"(1703.4191616766468, 10.562874251497005)",Fusobacterium,0,11562
"(1698.625, 567.7692307692307)",Fusobacterium,0,11563
"(1699.8877551020407, 782.3469387755102)",Fusobacterium,0,11564
"(1701.1948051948052, 914.3376623376623)",Neisseria,0,11565
"(1698.637254901961, 1137.6078431372548)",Rothia,0,11566
"(1697.3253012048192, 1155.3253012048192)",Rothia,0,11567
"(1697.2363636363636, 1173.0545454545454)",Rothia,0,11568
"(1698.7, 1529.6166666666666)",Streptococcus,0,11569
"(1698.928, 338.128)",Fusobacterium,0,11570
"(1701.830357142857, 492.5892857142857)",Campylobacter,0,11571
"(1700.2878787878788, 520.8939393939394)",Campylobacter,0,11572
"(1698.4757281553398, 586.6699029126214)",Fusobacterium,0,11573
"(1703.0266666666666, 1308.82)",Rothia,0,11574
"(1700.5357142857142, 1447.6190476190477)",Fusobacterium,0,11575
"(1699.918918918919, 1608.4324324324325)",Fusobacterium,0,11576
"(1698.607142857143, 1935.3035714285713)",Fusobacterium,0,11577
"(1699.798076923077, 34.17307692307692)",Fusobacterium,0,11578
"(1700.103448275862, 762.8448275862069)",Fusobacterium,0,11579
"(1699.3783783783783, 1092.6756756756756)",Fusobacterium,0,11581
"(1699.9493670886077, 1573.8481012658228)",Fusobacterium,0,11583
"(1700.6846846846847, 1835.7657657657658)",Fusobacterium,0,11584
"(1700.8135593220338, 116.66101694915254)",Saccharibacteria,0,11586
"(1704.1704545454545, 157.4431818181818)",Veillonella,0,11587
"(1702.1060606060605, 185.93939393939394)",Fusobacterium,0,11588
"(1705.5112781954888, 439.0827067669173)",Fusobacterium,0,11589
"(1705.1692307692308, 1327.253846153846)",Fusobacterium,0,11591
"(1700.4470588235295, 1463.4588235294118)",Rothia,0,11592
"(1702.2022471910113, 1516.8314606741574)",Fusobacterium,0,11593
"(1702.2028985507247, 1677.0144927536232)",Fusobacterium,0,11594
"(1703.221476510067, 606.7785234899329)",Fusobacterium,0,11596
"(1701.774193548387, 1007.0322580645161)",Lautropia,0,11597
"(1705.7721518987341, 1133.3417721518988)",Rothia,0,11598
"(1702.2643678160919, 1402.0)",Actinomyces,0,11599
"(1703.7522123893805, 1552.9734513274336)",Rothia,0,11600
"(1702.842105263158, 1755.3815789473683)",Rothia,0,11601
"(1706.7222222222222, 1987.5555555555557)",Fusobacterium,0,11602
"(1703.1538461538462, 96.49038461538461)",Fusobacterium,0,11603
"(1703.9285714285713, 215.41071428571428)",Fusobacterium,0,11604
"(1702.6727272727273, 240.1090909090909)",Streptococcus,0,11605
"(1703.0666666666666, 300.78333333333336)",Streptococcus,0,11606
"(1704.6470588235295, 933.7058823529412)",Veillonella,0,11607
"(1704.2465753424658, 1768.6438356164383)",Fusobacterium,0,11609
"(1705.8684210526317, 254.30263157894737)",Fusobacterium,0,11610
"(1704.375, 838.8055555555555)",Lautropia,0,11611
"(1707.2054794520548, 1057.7260273972602)",Rothia,0,11612
"(1704.361111111111, 1268.8055555555557)",Fusobacterium,0,11613
"(1703.566265060241, 1380.6385542168675)",Porphyromonas,0,11614
"(1704.6521739130435, 473.31159420289856)",Fusobacterium,0,11616
"(1705.6687898089172, 544.6433121019109)",Fusobacterium,0,11617
"(1706.2272727272727, 890.2272727272727)",Prevotella,0,11618
"(1704.671875, 1022.296875)",Veillonella,0,11619
"(1707.0365853658536, 1083.7439024390244)",Fusobacterium,0,11620
"(1709.4113924050632, 1191.360759493671)",Fusobacterium,0,11621
"(1707.6168224299065, 1497.4766355140187)",Veillonella,0,11622
"(1705.5616438356165, 397.3150684931507)",Rothia,0,11624
"(1705.7402597402597, 424.4805194805195)",Campylobacter,0,11625
"(1705.107142857143, 658.125)",Fusobacterium,0,11626
"(1714.8333333333333, 715.7586206896551)",Fusobacterium,0,11627
"(1707.84496124031, 742.9147286821706)",Fusobacterium,0,11628
"(1710.2016129032259, 979.8870967741935)",Veillonella,0,11629
"(1707.3013698630136, 1659.945205479452)",Fusobacterium,0,11630
"(1707.6172839506173, 1811.851851851852)",Fusobacterium,0,11631
"(1705.642857142857, 1924.767857142857)",Rothia,0,11632
"(1706.1153846153845, 1953.8461538461538)",Fusobacterium,0,11633
"(1707.394366197183, 818.2676056338029)",Fusobacterium,0,11634
"(1709.216, 862.488)",Rothia,0,11635
"(1706.0185185185185, 1288.7037037037037)",Rothia,0,11637
"(1707.5479452054794, 1416.4657534246576)",Neisseria,0,11638
"(1707.7936507936508, 1592.015873015873)",Fusobacterium,0,11639
"(1706.3333333333333, 1627.8)",Fusobacterium,0,11640
"(1707.2567567567567, 1723.6891891891892)",Rothia,0,11641
"(1707.8735632183907, 1875.4022988505747)",Fusobacterium,0,11642
"(1709.542372881356, 1105.0169491525423)",Fusobacterium,0,11643
"(1710.2794117647059, 230.14705882352942)",Fusobacterium,0,11644
"(1710.4, 317.3625)",Veillonella,0,11645
"(1709.4597701149426, 960.6666666666666)",Rothia,0,11646
"(1710.608, 1847.952)",Fusobacterium,0,11647
"(1715.35, 774.39)",Fusobacterium,0,11649
"(1713.351851851852, 1151.8148148148148)",Rothia,0,11650
"(1710.4107142857142, 1229.875)",Neisseria,0,11651
"(1711.4311926605506, 1647.633027522936)",Fusobacterium,0,11652
"(1716.69918699187, 1871.0772357723577)",Fusobacterium,0,11654
"(1715.7155963302753, 135.57798165137615)",Fusobacterium,0,11655
"(1710.46875, 353.421875)",Rothia,0,11656
"(1713.9, 386.37)",Capnocytophaga,0,11657
"(1715.2878787878788, 638.3131313131313)",Fusobacterium,0,11658
"(1714.5631067961165, 1015.2233009708738)",Rothia,0,11660
"(1712.7244897959183, 1170.7142857142858)",Streptococcus,0,11661
"(1714.392857142857, 1472.107142857143)",Fusobacterium,0,11662
"(1711.607476635514, 1535.1214953271028)",Fusobacterium,0,11663
"(1718.1871657754011, 1573.5026737967914)",Rothia,0,11664
"(1711.1967213114754, 1901.2459016393443)",Veillonella,0,11666
"(1711.8865979381444, 333.5979381443299)",Neisseria,0,11667
"(1711.4444444444443, 457.35185185185185)",Fusobacterium,0,11668
"(1712.320512820513, 564.6410256410256)",Fusobacterium,0,11669
"(1713.375, 945.35)",Rothia,0,11671
"(1713.3846153846155, 1274.0384615384614)",Fusobacterium,0,11672
"(1717.013888888889, 852.8611111111111)",Streptococcus,0,11674
"(1713.686567164179, 1121.6716417910447)",Fusobacterium,0,11675
"(1712.7966101694915, 1207.7966101694915)",Rothia,0,11676
"(1713.5068493150684, 1368.8219178082193)",Neisseria,0,11677
"(1712.8196721311476, 1388.4262295081967)",Neisseria,0,11678
"(1718.055944055944, 1433.3426573426573)",Fusobacterium,0,11679
"(1712.876712328767, 1690.986301369863)",Rothia,0,11680
"(1713.0545454545454, 1890.7454545454545)",Veillonella,0,11681
"(1713.3703703703704, 110.07407407407408)",Fusobacterium,0,11683
"(1714.4408602150538, 284.6559139784946)",Fusobacterium,0,11684
"(1714.516129032258, 369.68817204301075)",Fusobacterium,0,11685
"(1714.2680412371135, 492.1546391752577)",Fusobacterium,0,11686
"(1721.435064935065, 507.53246753246754)",Rothia,0,11687
"(1715.9875, 523.35)",Fusobacterium,0,11688
"(1715.5353535353536, 595.4040404040404)",Fusobacterium,0,11689
"(1715.0506329113923, 800.1645569620254)",Actinomyces,0,11691
"(1717.1666666666667, 827.0277777777778)",Fusobacterium,0,11692
"(1713.9607843137255, 1241.686274509804)",Actinomyces,0,11693
"(1714.4342105263158, 1510.078947368421)",Rothia,0,11694
"(1715.3880597014925, 239.7910447761194)",Fusobacterium,0,11695
"(1716.125, 296.7142857142857)",Fusobacterium,0,11696
"(1715.5961538461538, 413.2692307692308)",Fusobacterium,0,11698
"(1717.027027027027, 761.1216216216217)",Fusobacterium,0,11699
"(1716.0389610389611, 1078.5064935064936)",Fusobacterium,0,11700
"(1717.175, 1708.3125)",Rothia,0,11701
"(1714.6764705882354, 1994.485294117647)",Fusobacterium,0,11702
"(1721.2727272727273, 92.78512396694215)",Fusobacterium,0,11703
"(1718.0298507462687, 621.4776119402985)",Fusobacterium,0,11704
"(1718.2113821138212, 665.0650406504066)",Fusobacterium,0,11705
"(1715.8513513513512, 904.3378378378378)",Actinomyces,0,11706
"(1716.5454545454545, 1253.7818181818182)",Neisseria,0,11707
"(1719.3253968253969, 1947.6825396825398)",Fusobacterium,0,11708
"(1718.5657894736842, 176.94736842105263)",Prevotella,0,11709
"(1717.576, 211.944)",Fusobacterium,0,11710
"(1717.3855421686746, 262.10843373493975)",Rothia,0,11711
"(1718.203125, 448.21875)",Lautropia,0,11712
"(1717.2857142857142, 727.7678571428571)",Fusobacterium,0,11713
"(1723.648148148148, 1298.6604938271605)",Veillonella,0,11714
"(1717.7962962962963, 1459.462962962963)",Fusobacterium,0,11715
"(1721.3869047619048, 1671.2142857142858)",Fusobacterium,0,11716
"(1720.958762886598, 11.56701030927835)",Fusobacterium,0,11718
"(1720.5698924731182, 192.2688172043011)",Fusobacterium,0,11720
"(1718.3809523809523, 473.95238095238096)",Rothia,0,11721
"(1718.4683544303798, 581.5822784810126)",Fusobacterium,0,11722
"(1717.3970588235295, 693.1911764705883)",Neisseria,0,11724
"(1718.861111111111, 1447.5277777777778)",Prevotella,0,11725
"(1721.6846846846847, 1775.3963963963963)",Fusobacterium,0,11727
"(1719.474358974359, 152.74358974358975)",Veillonella,0,11729
"(1719.8023255813953, 1403.9767441860465)",Fusobacterium,0,11732
"(1723.415254237288, 1525.2711864406779)",Fusobacterium,0,11733
"(1720.014705882353, 1599.3970588235295)",Fusobacterium,0,11734
"(1718.4285714285713, 1761.1964285714287)",Fusobacterium,0,11735
"(1724.0650887573966, 1811.6449704142012)",Fusobacterium,0,11736
"(1719.1698113207547, 1923.6037735849056)",Veillonella,0,11737
"(1721.5230769230768, 703.6461538461539)",Fusobacterium,0,11738
"(1719.96, 1231.78)",Actinomyces,0,11739
"(1723.2708333333333, 1555.4322916666667)",Fusobacterium,0,11740
"(1720.5673076923076, 1735.9134615384614)",Fusobacterium,0,11741
"(1723.69, 400.88)",Rothia,0,11742
"(1724.7614678899083, 433.20183486238534)",Rothia,0,11743
"(1722.8598130841121, 844.3644859813085)",Fusobacterium,0,11745
"(1720.3064516129032, 882.0806451612904)",Fusobacterium,0,11746
"(1722.6206896551723, 1615.7672413793102)",Fusobacterium,0,11748
"(1722.5576923076924, 1634.8653846153845)",Rothia,0,11749
"(1725.209090909091, 1688.2454545454545)",Rothia,0,11750
"(1723.4, 1906.6137931034482)",Veillonella,0,11751
"(1723.5966386554621, 349.70588235294116)",Fusobacterium,0,11754
"(1723.05, 740.05)",Fusobacterium,0,11755
"(1721.8983050847457, 955.271186440678)",Rothia,0,11756
"(1723.013698630137, 1098.3698630136987)",Fusobacterium,0,11757
"(1723.140350877193, 1134.251461988304)",Rothia,0,11758
"(1725.0841121495328, 1260.5327102803737)",Actinomyces,0,11759
"(1723.525641025641, 1833.1538461538462)",Fusobacterium,0,11761
"(1723.9583333333333, 1977.638888888889)",Fusobacterium,0,11763
"(1723.25, 570.6346153846154)",Fusobacterium,0,11764
"(1727.514705882353, 1047.7279411764705)",Rothia,0,11766
"(1723.1573033707866, 1382.191011235955)",Neisseria,0,11767
"(1724.4776119402984, 326.43283582089555)",Capnocytophaga,0,11768
"(1732.0738636363637, 456.5568181818182)",Saccharibacteria,0,11769
"(1725.438596491228, 683.3157894736842)",Fusobacterium,0,11771
"(1726.7142857142858, 724.1964285714286)",Fusobacterium,0,11772
"(1726.0555555555557, 1008.3611111111111)",Fusobacterium,0,11774
"(1726.077922077922, 1474.051948051948)",Fusobacterium,0,11775
"(1726.9911504424779, 1854.0265486725664)",Fusobacterium,0,11776
"(1727.1938775510205, 592.2755102040817)",Fusobacterium,0,11777
"(1726.9380530973451, 810.7345132743363)",Fusobacterium,0,11778
"(1724.96, 908.9866666666667)",Streptococcus,0,11779
"(1728.44578313253, 976.1686746987951)",Veillonella,0,11780
"(1729.8721804511279, 1107.548872180451)",Rothia,0,11781
"(1727.675, 1218.4375)",Actinomyces,0,11782
"(1727.4027777777778, 170.84722222222223)",Actinomyces,0,11784
"(1727.1884057971015, 205.46376811594203)",Fusobacterium,0,11785
"(1728.1470588235295, 289.44117647058823)",Fusobacterium,0,11786
"(1729.15, 629.1666666666666)",Rothia,0,11788
"(1728.0238095238096, 991.1547619047619)",Veillonella,0,11792
"(1728.4567901234568, 1031.20987654321)",Rothia,0,11793
"(1732.3055555555557, 233.97916666666666)",Fusobacterium,0,11794
"(1730.8729281767955, 1181.8508287292818)",Streptococcus,0,11797
"(1728.65625, 1205.984375)",Streptococcus,0,11798
"(1732.8608695652174, 1279.6521739130435)",Veillonella,0,11799
"(1729.5505617977528, 1392.123595505618)",Actinomyces,0,11800
"(1731.8318584070796, 1654.070796460177)",Fusobacterium,0,11801
"(1728.53125, 1749.375)",Fusobacterium,0,11802
"(1728.5526315789473, 480.9868421052632)",Fusobacterium,0,11805
"(1731.6339285714287, 540.7321428571429)",Fusobacterium,0,11806
"(1729.9107142857142, 767.0)",Fusobacterium,0,11808
"(1729.0819672131147, 1489.377049180328)",Veillonella,0,11809
"(1734.2148760330579, 276.1652892561983)",Fusobacterium,0,11811
"(1731.6904761904761, 312.8095238095238)",Fusobacterium,0,11812
"(1732.5731707317073, 370.5365853658537)",Lautropia,0,11813
"(1730.4666666666667, 691.2666666666667)",Fusobacterium,0,11815
"(1730.8076923076924, 940.875)",Veillonella,0,11817
"(1729.4642857142858, 1074.6666666666667)",Fusobacterium,0,11818
"(1730.4074074074074, 1703.4074074074074)",Fusobacterium,0,11819
"(1731.2105263157894, 1960.8815789473683)",Veillonella,0,11820
"(1730.4142857142858, 1992.9714285714285)",Streptococcus,0,11821
"(1732.2446808510638, 118.70212765957447)",Fusobacterium,0,11822
"(1730.5, 301.1333333333333)",Fusobacterium,0,11823
"(1732.3508771929824, 963.0)",Rothia,0,11824
"(1732.5591397849462, 1540.1397849462367)",Fusobacterium,0,11825
"(1731.3728813559321, 1793.1186440677966)",Fusobacterium,0,11826
"(1731.9473684210527, 415.64473684210526)",Fusobacterium,0,11827
"(1732.857142857143, 665.3928571428571)",Fusobacterium,0,11828
"(1734.0117647058823, 1160.3176470588235)",Fusobacterium,0,11829
"(1733.7848101265822, 1499.9367088607594)",Veillonella,0,11830
"(1732.9610389610389, 1717.9610389610389)",Neisseria,0,11831
"(1735.9875, 1844.45)",Fusobacterium,0,11832
"(1733.2933333333333, 1929.1466666666668)",Capnocytophaga,0,11833
"(1736.8431372549019, 146.97058823529412)",Fusobacterium,0,11834
"(1733.1142857142856, 1763.0)",Rothia,0,11837
"(1735.3798449612402, 522.922480620155)",Fusobacterium,0,11839
"(1739.3941605839416, 1087.2919708029196)",Fusobacterium,0,11843
"(1738.065693430657, 1125.6277372262773)",Fusobacterium,0,11844
"(1738.950354609929, 1588.659574468085)",Fusobacterium,0,11846
"(1733.3725490196077, 1817.137254901961)",Fusobacterium,0,11847
"(1735.6103896103896, 338.76623376623377)",Lautropia,0,11849
"(1734.28, 574.88)",Fusobacterium,0,11851
"(1737.8314606741574, 781.685393258427)",Fusobacterium,0,11852
"(1735.320512820513, 924.2564102564103)",Rothia,0,11853
"(1735.155844155844, 1514.974025974026)",Fusobacterium,0,11855
"(1737.1030927835052, 1736.9072164948454)",Rothia,0,11856
"(1735.8, 1875.8)",Fusobacterium,0,11858
"(1736.5068493150684, 257.13698630136986)",Fusobacterium,0,11860
"(1736.344827586207, 496.6896551724138)",Streptococcus,0,11861
"(1735.530303030303, 903.0454545454545)",Fusobacterium,0,11862
"(1737.2686567164178, 1143.2089552238806)",Fusobacterium,0,11863
"(1735.4807692307693, 1624.173076923077)",Fusobacterium,0,11864
"(1736.0, 1943.8588235294117)",Fusobacterium,0,11866
"(1738.840579710145, 197.0)",Fusobacterium,0,11867
"(1738.9666666666667, 435.875)",Veillonella,0,11868
"(1738.2237762237762, 639.6573426573426)",Fusobacterium,0,11870
"(1741.35, 799.0)",Fusobacterium,0,11871
"(1738.0892857142858, 1238.3035714285713)",Veillonella,0,11872
"(1738.2272727272727, 1269.1515151515152)",Neisseria,0,11873
"(1738.2100840336134, 1423.126050420168)",Neisseria,0,11874
"(1743.5928571428572, 176.37857142857143)",Fusobacterium,0,11875
"(1738.8235294117646, 685.1617647058823)",Fusobacterium,0,11877
"(1737.6714285714286, 753.5714285714286)",Fusobacterium,0,11878
"(1740.0487804878048, 863.6768292682926)",Fusobacterium,0,11879
"(1739.5666666666666, 1666.9666666666667)",Fusobacterium,0,11880
"(1739.7222222222222, 7.541666666666667)",Veillonella,0,11884
"(1738.7115384615386, 326.5769230769231)",Veillonella,0,11885
"(1743.5212765957447, 816.936170212766)",Fusobacterium,0,11886
"(1746.5142857142857, 1063.2342857142858)",Fusobacterium,0,11887
"(1741.236559139785, 1443.0430107526881)",Neisseria,0,11888
"(1739.26, 1751.08)",Fusobacterium,0,11889
"(1739.8412698412699, 1784.984126984127)",Fusobacterium,0,11890
"(1740.4516129032259, 387.7096774193548)",Fusobacterium,0,11891
"(1740.09375, 616.375)",Rothia,0,11892
"(1742.7692307692307, 1893.2153846153847)",Fusobacterium,0,11893
"(1743.979865771812, 1905.2147651006712)",Fusobacterium,0,11894
"(1740.712643678161, 1921.632183908046)",Fusobacterium,0,11895
"(1744.63, 160.96)",Porphyromonas,0,11896
"(1741.063492063492, 290.77777777777777)",Fusobacterium,0,11897
"(1741.0, 703.0)",Fusobacterium,0,11898
"(1742.4311926605506, 886.6238532110092)",Fusobacterium,0,11899
"(1743.2727272727273, 1013.9020979020979)",Veillonella,0,11900
"(1742.3295454545455, 1192.9318181818182)",Neisseria,0,11901
"(1742.5833333333333, 1223.2380952380952)",Veillonella,0,11902
"(1741.1157894736841, 1471.3157894736842)",Fusobacterium,0,11903
"(1741.8301886792453, 1529.0377358490566)",Fusobacterium,0,11904
"(1741.7425742574258, 1555.039603960396)",Fusobacterium,0,11905
"(1741.6410256410256, 1638.4102564102564)",Fusobacterium,0,11906
"(1742.945205479452, 244.08219178082192)",Fusobacterium,0,11908
"(1745.6607142857142, 406.41964285714283)",Fusobacterium,0,11909
"(1744.2095238095237, 735.7619047619048)",Fusobacterium,0,11910
"(1742.2, 1487.3076923076924)",Rothia,0,11911
"(1742.6705882352942, 1603.7764705882353)",Fusobacterium,0,11912
"(1743.1, 108.3125)",Fusobacterium,0,11914
"(1742.16, 1026.88)",Veillonella,0,11917
"(1743.7954545454545, 1287.340909090909)",Rothia,0,11918
"(1742.6857142857143, 1308.9857142857143)",Actinomyces,0,11919
"(1745.623188405797, 261.6231884057971)",Campylobacter,0,11920
"(1744.2727272727273, 721.0113636363636)",Fusobacterium,0,11922
"(1744.3648648648648, 838.6756756756756)",Rothia,0,11923
"(1747.906976744186, 966.2209302325581)",Fusobacterium,0,11924
"(1746.1682242990655, 1047.4392523364486)",Fusobacterium,0,11925
"(1746.2037037037037, 1255.6296296296296)",Neisseria,0,11926
"(1744.1785714285713, 1699.7738095238096)",Fusobacterium,0,11927
"(1744.6543209876543, 1958.3086419753085)",Fusobacterium,0,11929
"(1744.8235294117646, 1983.2941176470588)",Streptococcus,0,11930
"(1745.9080459770114, 601.0229885057471)",Lautropia,0,11931
"(1744.2166666666667, 995.65)",Rothia,0,11933
"(1747.5833333333333, 1032.7962962962963)",Veillonella,0,11934
"(1746.3815789473683, 1207.5526315789473)",Rothia,0,11935
"(1748.6, 1389.7944444444445)",Fusobacterium,0,11936
"(1747.6274509803923, 1571.0098039215686)",Fusobacterium,0,11937
"(1746.263888888889, 300.8333333333333)",Fusobacterium,0,11938
"(1747.7923076923078, 352.1)",Veillonella,0,11939
"(1745.68, 574.78)",Fusobacterium,0,11940
"(1748.1186440677966, 1077.5593220338983)",Fusobacterium,0,11941
"(1748.7981651376147, 1724.366972477064)",Neisseria,0,11942
"(1752.720238095238, 1801.142857142857)",Veillonella,0,11943
"(1746.659793814433, 1861.8144329896907)",Fusobacterium,0,11944
"(1746.8481012658228, 485.40506329113924)",Fusobacterium,0,11945
"(1745.7058823529412, 503.44117647058823)",Fusobacterium,0,11946
"(1747.5633802816901, 531.056338028169)",Fusobacterium,0,11947
"(1749.2233009708739, 588.6990291262136)",Rothia,0,11948
"(1750.2083333333333, 916.8020833333334)",Fusobacterium,0,11949
"(1750.314606741573, 931.0674157303371)",Fusobacterium,0,11950
"(1747.5714285714287, 1239.1785714285713)",Neisseria,0,11951
"(1747.6119402985075, 1411.7910447761194)",Veillonella,0,11952
"(1747.5892857142858, 1460.357142857143)",Fusobacterium,0,11953
"(1746.2575757575758, 1619.5454545454545)",Fusobacterium,0,11954
"(1750.2561983471073, 22.834710743801654)",Neisseria,0,11956
"(1747.608695652174, 317.4782608695652)",Fusobacterium,0,11957
"(1748.5858585858587, 683.0909090909091)",Fusobacterium,0,11959
"(1749.2330097087379, 1105.2330097087379)",Rothia,0,11960
"(1751.171875, 1150.28125)",Veillonella,0,11961
"(1749.2117647058824, 1176.0588235294117)",Rothia,0,11962
"(1757.320512820513, 1302.4102564102564)",Veillonella,0,11963
"(1754.8045112781954, 1539.4436090225563)",Fusobacterium,0,11964
"(1748.2142857142858, 1822.142857142857)",Neisseria,0,11965
"(1751.5694444444443, 549.9375)",Rothia,0,11966
"(1750.8536585365853, 562.280487804878)",Fusobacterium,0,11967
"(1749.5441176470588, 1500.3382352941176)",Fusobacterium,0,11969
"(1748.3731343283582, 1770.4626865671642)",Fusobacterium,0,11971
"(1751.911111111111, 1878.111111111111)",Fusobacterium,0,11972
"(1749.9705882352941, 1941.5955882352941)",Fusobacterium,0,11973
"(1751.7662337662337, 1970.5324675324675)",Fusobacterium,0,11974
"(1749.5354330708662, 134.6220472440945)",Neisseria,0,11975
"(1752.4, 222.63809523809525)",Veillonella,0,11976
"(1754.040404040404, 368.7878787878788)",Fusobacterium,0,11977
"(1749.611111111111, 901.5138888888889)",Fusobacterium,0,11978
"(1752.547619047619, 947.6111111111111)",Rothia,0,11979
"(1749.078431372549, 1509.921568627451)",Fusobacterium,0,11980
"(1751.9130434782608, 272.6376811594203)",Rothia,0,11982
"(1752.088888888889, 445.03333333333336)",Fusobacterium,0,11983
"(1753.8741258741259, 753.6713286713286)",Fusobacterium,0,11984
"(1753.7808219178082, 848.972602739726)",Fusobacterium,0,11985
"(1750.9444444444443, 1129.1666666666667)",Prevotella,0,11986
"(1760.029761904762, 1364.9285714285713)",Fusobacterium,0,11987
"(1749.9423076923076, 1523.2307692307693)",Fusobacterium,0,11988
"(1750.4878048780488, 1847.8658536585365)",Fusobacterium,0,11989
"(1751.9137931034484, 625.051724137931)",Veillonella,0,11990
"(1752.6666666666667, 651.8266666666667)",Fusobacterium,0,11991
"(1754.8878504672898, 1653.0934579439252)",Fusobacterium,0,11992
"(1753.9908256880733, 1684.6788990825687)",Fusobacterium,0,11993
"(1753.8098591549297, 426.5281690140845)",Fusobacterium,0,11995
"(1754.66, 467.97)",Fusobacterium,0,11996
"(1755.0689655172414, 513.0919540229885)",Fusobacterium,0,11997
"(1753.6489361702127, 636.0531914893617)",Veillonella,0,11998
"(1755.7983870967741, 772.0483870967741)",Fusobacterium,0,11999
"(1756.7481481481482, 1628.0148148148148)",Fusobacterium,0,12001
"(1763.0646766169154, 188.4129353233831)",Fusobacterium,0,12002
"(1758.5897435897436, 213.07051282051282)",Fusobacterium,0,12003
"(1754.2459016393443, 825.9672131147541)",Fusobacterium,0,12004
"(1760.3543307086613, 981.7637795275591)",Fusobacterium,0,12005
"(1754.6, 1315.1692307692308)",Veillonella,0,12006
"(1755.5, 1606.6147540983607)",Fusobacterium,0,12008
"(1755.2, 864.9428571428572)",Fusobacterium,0,12009
"(1757.5402298850574, 1115.5632183908046)",Fusobacterium,0,12011
"(1755.0294117647059, 1554.7058823529412)",Corynebacterium,0,12012
"(1756.463768115942, 1994.5217391304348)",Capnocytophaga,0,12013
"(1756.2096774193549, 542.3387096774194)",Rothia,0,12014
"(1757.0459770114942, 667.5862068965517)",Fusobacterium,0,12015
"(1759.5169491525423, 788.2796610169491)",Fusobacterium,0,12016
"(1756.0958904109589, 996.4383561643835)",Rothia,0,12017
"(1758.0, 1283.3105590062112)",Fusobacterium,0,12018
"(1754.9775280898875, 1471.1573033707866)",Fusobacterium,0,12019
"(1756.0701754385964, 1737.578947368421)",Fusobacterium,0,12020
"(1757.5365853658536, 701.0)",Fusobacterium,0,12022
"(1757.0169491525423, 885.9322033898305)",Fusobacterium,0,12023
"(1758.2666666666667, 1165.3111111111111)",Streptococcus,0,12024
"(1758.4146341463415, 1222.5121951219512)",Rothia,0,12025
"(1758.301724137931, 1761.6379310344828)",Veillonella,0,12026
"(1759.4885496183206, 116.16793893129771)",Veillonella,0,12027
"(1760.2526315789473, 149.25263157894736)",Fusobacterium,0,12028
"(1759.4945054945056, 1198.0549450549452)",Fusobacterium,0,12029
"(1762.638655462185, 1429.4033613445379)",Fusobacterium,0,12030
"(1759.2222222222222, 1708.6666666666667)",Fusobacterium,0,12032
"(1759.455357142857, 1784.0089285714287)",Fusobacterium,0,12033
"(1758.9222222222222, 1910.611111111111)",Veillonella,0,12035
"(1760.6543209876543, 337.4691358024691)",Rothia,0,12036
"(1759.8461538461538, 378.95384615384614)",Fusobacterium,0,12037
"(1757.8148148148148, 499.6296296296296)",Fusobacterium,0,12039
"(1760.1, 1242.875)",Lautropia,0,12041
"(1759.6, 1890.764705882353)",Selenomonas,0,12043
"(1761.2121212121212, 285.6212121212121)",Fusobacterium,0,12044
"(1760.241935483871, 581.4516129032259)",Rothia,0,12045
"(1764.010101010101, 739.010101010101)",Fusobacterium,0,12046
"(1760.7916666666667, 1018.4166666666666)",Rothia,0,12047
"(1763.3666666666666, 1085.725)",Veillonella,0,12049
"(1763.126984126984, 1136.626984126984)",Veillonella,0,12050
"(1760.4324324324325, 1376.1081081081081)",Fusobacterium,0,12051
"(1758.969696969697, 1516.2424242424242)",Fusobacterium,0,12052
"(1764.8613861386139, 247.4950495049505)",Veillonella,0,12053
"(1760.04, 454.18)",Fusobacterium,0,12054
"(1761.6470588235295, 485.3921568627451)",Fusobacterium,0,12055
"(1761.25, 525.75)",Rothia,0,12056
"(1760.12, 609.1066666666667)",Rothia,0,12057
"(1761.89, 1402.75)",Fusobacterium,0,12059
"(1762.558620689655, 1828.4758620689656)",Capnocytophaga,0,12060
"(1766.763779527559, 166.15748031496062)",Fusobacterium,0,12061
"(1764.280303030303, 819.8636363636364)",Fusobacterium,0,12063
"(1765.4130434782608, 1645.1521739130435)",Fusobacterium,0,12064
"(1762.3731343283582, 1697.7164179104477)",Fusobacterium,0,12065
"(1765.0086206896551, 1927.655172413793)",Veillonella,0,12066
"(1764.029702970297, 1980.3168316831684)",Fusobacterium,0,12068
"(1772.733695652174, 361.8097826086956)",Fusobacterium,0,12070
"(1765.094827586207, 680.1465517241379)",Fusobacterium,0,12071
"(1762.62, 800.9)",Fusobacterium,0,12072
"(1763.5135135135135, 907.936936936937)",Fusobacterium,0,12074
"(1767.9154929577464, 1067.7957746478874)",Rothia,0,12075
"(1767.547619047619, 1962.8174603174602)",Veillonella,0,12077
"(1764.5714285714287, 1467.6349206349207)",Fusobacterium,0,12081
"(1769.1436464088397, 1581.7348066298343)",Fusobacterium,0,12082
"(1763.96875, 1749.90625)",Veillonella,0,12083
"(1766.3333333333333, 570.6547619047619)",Fusobacterium,0,12085
"(1763.642857142857, 934.2571428571429)",Fusobacterium,0,12086
"(1765.5294117647059, 963.8823529411765)",Fusobacterium,0,12087
"(1769.6521739130435, 1037.2173913043478)",Fusobacterium,0,12088
"(1765.7356321839081, 1257.7471264367816)",Fusobacterium,0,12089
"(1766.6777777777777, 323.3222222222222)",Lautropia,0,12091
"(1766.907894736842, 725.3421052631579)",Fusobacterium,0,12092
"(1768.9876543209878, 1053.641975308642)",Fusobacterium,0,12093
"(1773.5, 1151.5217391304348)",Veillonella,0,12094
"(1768.4146341463415, 1599.8658536585365)",Fusobacterium,0,12095
"(1767.1791044776119, 860.2537313432836)",Fusobacterium,0,12097
"(1767.1588785046729, 1489.981308411215)",Rothia,0,12098
"(1767.9769230769232, 1669.2307692307693)",Fusobacterium,0,12099
"(1768.857142857143, 456.64285714285717)",Fusobacterium,0,12100
"(1769.5819672131147, 472.1311475409836)",Saccharibacteria,0,12101
"(1772.1734693877552, 523.8673469387755)",Rothia,0,12102
"(1767.258064516129, 633.5)",Rothia,0,12103
"(1772.625, 651.9722222222222)",Campylobacter,0,12104
"(1767.8382352941176, 1392.1323529411766)",Fusobacterium,0,12106
"(1770.1063829787233, 503.29787234042556)",Rothia,0,12108
"(1771.990099009901, 538.9702970297029)",Fusobacterium,0,12109
"(1769.6133333333332, 557.32)",Fusobacterium,0,12110
"(1771.391304347826, 704.6869565217391)",Fusobacterium,0,12111
"(1770.6260869565217, 891.2260869565217)",Rothia,0,12112
"(1768.6274509803923, 994.4117647058823)",Rothia,0,12113
"(1774.1089108910892, 1322.5049504950496)",Fusobacterium,0,12115
"(1772.03, 1721.15)",Fusobacterium,0,12116
"(1769.8285714285714, 308.0285714285714)",Veillonella,0,12117
"(1770.9859154929577, 386.98591549295776)",Fusobacterium,0,12118
"(1770.1967213114754, 414.44262295081967)",Fusobacterium,0,12119
"(1770.9166666666667, 597.9444444444445)",Fusobacterium,0,12120
"(1770.9615384615386, 1106.576923076923)",Fusobacterium,0,12121
"(1770.3815789473683, 1410.7894736842106)",Rothia,0,12122
"(1769.0526315789473, 1450.6842105263158)",Fusobacterium,0,12123
"(1771.0114942528735, 1539.632183908046)",Fusobacterium,0,12124
"(1773.4444444444443, 1609.858585858586)",Fusobacterium,0,12125
"(1774.7543859649122, 1683.298245614035)",Fusobacterium,0,12126
"(1772.3333333333333, 264.1923076923077)",Veillonella,0,12128
"(1770.6363636363637, 442.53246753246754)",Fusobacterium,0,12130
"(1772.2758620689656, 753.0919540229885)",Fusobacterium,0,12131
"(1776.909090909091, 959.4866310160428)",Fusobacterium,0,12132
"(1771.3684210526317, 1178.1447368421052)",Rothia,0,12133
"(1770.6190476190477, 1343.079365079365)",Rothia,0,12134
"(1775.1315789473683, 1624.9473684210527)",Fusobacterium,0,12135
"(1774.3239436619717, 1854.4295774647887)",Fusobacterium,0,12136
"(1770.53125, 1990.4375)",Fusobacterium,0,12137
"(1771.2166666666667, 201.21666666666667)",Fusobacterium,0,12138
"(1773.1851851851852, 880.3888888888889)",Streptococcus,0,12139
"(1773.4722222222222, 1512.8148148148148)",Fusobacterium,0,12140
"(1777.1847133757963, 1873.1719745222929)",Fusobacterium,0,12141
"(1777.6336633663366, 225.03960396039605)",Fusobacterium,0,12142
"(1774.0958904109589, 666.1506849315068)",Fusobacterium,0,12143
"(1776.7238805970148, 770.7835820895523)",Fusobacterium,0,12144
"(1775.4505494505495, 1006.4725274725274)",Fusobacterium,0,12147
"(1776.2448979591836, 1284.734693877551)",Rothia,0,12149
"(1776.2477064220184, 1563.5963302752293)",Rothia,0,12150
"(1773.9122807017543, 1637.8947368421052)",Fusobacterium,0,12151
"(1773.4117647058824, 1789.6691176470588)",Capnocytophaga,0,12152
"(1776.1391304347826, 1813.982608695652)",Rothia,0,12153
"(1772.4358974358975, 1901.6025641025642)",Fusobacterium,0,12154
"(1773.6949152542372, 284.91525423728814)",Neisseria,0,12155
"(1775.9253731343283, 491.34328358208955)",Veillonella,0,12156
"(1773.6810344827586, 925.6379310344828)",Rothia,0,12159
"(1774.5441176470588, 1269.6176470588234)",Veillonella,0,12161
"(1774.36, 1887.76)",Fusobacterium,0,12162
"(1776.7169811320755, 1941.0943396226414)",Fusobacterium,0,12163
"(1774.0338983050847, 343.5593220338983)",Streptococcus,0,12164
"(1774.6101694915253, 426.6271186440678)",Fusobacterium,0,12166
"(1775.1655172413793, 801.2965517241379)",Fusobacterium,0,12167
"(1774.7118644067796, 943.6779661016949)",Fusobacterium,0,12168
"(1775.4, 1201.4588235294118)",Veillonella,0,12169
"(1775.8666666666666, 1740.68)",Capnocytophaga,0,12170
"(1773.7592592592594, 1753.962962962963)",Capnocytophaga,0,12171
"(1778.6446280991736, 147.35537190082644)",Fusobacterium,0,12172
"(1775.9032258064517, 236.2258064516129)",Fusobacterium,0,12173
"(1779.6082474226805, 821.5567010309278)",Fusobacterium,0,12174
"(1776.5, 1830.7450980392157)",Fusobacterium,0,12176
"(1778.5, 623.0897435897435)",Fusobacterium,0,12177
"(1777.2833333333333, 723.65)",Rothia,0,12178
"(1781.4123711340205, 839.0721649484536)",Fusobacterium,0,12179
"(1778.7596153846155, 1230.7692307692307)",Veillonella,0,12180
"(1781.1206896551723, 1385.1637931034484)",Fusobacterium,0,12181
"(1782.0927152317881, 1476.9006622516556)",Fusobacterium,0,12183
"(1775.8333333333333, 1701.4333333333334)",Fusobacterium,0,12184
"(1779.4242424242425, 588.0454545454545)",Fusobacterium,0,12185
"(1779.6147540983607, 1248.5655737704917)",Rothia,0,12186
"(1777.8777777777777, 1305.3333333333333)",Veillonella,0,12187
"(1777.7846153846153, 1440.123076923077)",Veillonella,0,12188
"(1779.0434782608695, 158.56521739130434)",Fusobacterium,0,12190
"(1780.0666666666666, 1918.911111111111)",Veillonella,0,12192
"(1780.5238095238096, 640.968253968254)",Fusobacterium,0,12194
"(1780.7857142857142, 685.6785714285714)",Neisseria,0,12195
"(1779.7589285714287, 1094.5267857142858)",Fusobacterium,0,12196
"(1782.064935064935, 457.8831168831169)",Rothia,0,12199
"(1787.180790960452, 550.2655367231638)",Fusobacterium,0,12200
"(1781.5641025641025, 785.5)",Neisseria,0,12201
"(1781.140625, 851.359375)",Fusobacterium,0,12202
"(1780.9622641509434, 1184.8490566037735)",Fusobacterium,0,12204
"(1780.622950819672, 1773.8196721311476)",Rothia,0,12205
"(1783.2393162393162, 211.4957264957265)",Fusobacterium,0,12206
"(1782.4590163934427, 745.9016393442623)",Fusobacterium,0,12208
"(1781.6774193548388, 905.1612903225806)",Rothia,0,12209
"(1781.2105263157894, 1015.9824561403509)",Fusobacterium,0,12210
"(1787.1832460732985, 1657.3507853403141)",Fusobacterium,0,12212
"(1786.0827586206897, 569.0344827586207)",Rothia,0,12214
"(1785.0, 602.3809523809524)",Fusobacterium,0,12215
"(1785.8817204301076, 1364.0967741935483)",Fusobacterium,0,12216
"(1786.4810126582279, 1419.9113924050632)",Fusobacterium,0,12217
"(1787.8372093023256, 1526.8837209302326)",Fusobacterium,0,12218
"(1785.3684210526317, 298.9342105263158)",Fusobacterium,0,12219
"(1784.8019801980197, 334.76237623762376)",Streptococcus,0,12220
"(1784.904761904762, 380.2857142857143)",Fusobacterium,0,12221
"(1786.3714285714286, 420.6)",Fusobacterium,0,12222
"(1787.0, 761.5957446808511)",Fusobacterium,0,12223
"(1785.404081632653, 981.138775510204)",Fusobacterium,0,12224
"(1783.9473684210527, 1165.859649122807)",Fusobacterium,0,12225
"(1787.030303030303, 1265.4444444444443)",Rothia,0,12226
"(1783.264705882353, 1406.2058823529412)",Rothia,0,12227
"(1783.8815789473683, 1458.7763157894738)",Fusobacterium,0,12228
"(1788.3862433862435, 481.51851851851853)",Lautropia,0,12229
"(1784.394366197183, 505.88732394366195)",Rothia,0,12230
"(1784.9253731343283, 941.4328358208955)",Fusobacterium,0,12231
"(1785.4, 1139.8615384615384)",Veillonella,0,12232
"(1787.0125, 1993.1375)",Fusobacterium,0,12233
"(1789.6724137931035, 438.8534482758621)",Fusobacterium,0,12234
"(1787.4384615384615, 707.9153846153846)",Fusobacterium,0,12235
"(1785.5, 928.2096774193549)",Rothia,0,12236
"(1787.3484848484848, 1431.4848484848485)",Neisseria,0,12239
"(1785.2280701754387, 1539.842105263158)",Rothia,0,12240
"(1786.5816326530612, 1597.295918367347)",Fusobacterium,0,12241
"(1788.725352112676, 1638.3521126760563)",Fusobacterium,0,12242
"(1788.1904761904761, 1883.404761904762)",Fusobacterium,0,12243
"(1788.0459770114942, 520.0229885057471)",Fusobacterium,0,12246
"(1789.3636363636363, 628.6493506493506)",Fusobacterium,0,12247
"(1787.7903225806451, 666.7741935483871)",Campylobacter,0,12248
"(1790.2222222222222, 887.7264957264957)",Fusobacterium,0,12249
"(1787.095238095238, 1058.2222222222222)",Fusobacterium,0,12250
"(1790.7011494252874, 1076.2471264367816)",Fusobacterium,0,12251
"(1787.28125, 1196.640625)",Veillonella,0,12252
"(1787.4266666666667, 1213.64)",Streptococcus,0,12253
"(1786.8653846153845, 1314.576923076923)",Veillonella,0,12254
"(1790.0961538461538, 193.45192307692307)",Veillonella,0,12255
"(1788.982142857143, 252.48809523809524)",Fusobacterium,0,12256
"(1787.7323943661972, 1501.887323943662)",Fusobacterium,0,12258
"(1787.388888888889, 1512.388888888889)",Fusobacterium,0,12259
"(1788.725, 1695.3375)",Fusobacterium,0,12260
"(1787.3846153846155, 1710.923076923077)",Fusobacterium,0,12261
"(1787.581081081081, 1839.527027027027)",Fusobacterium,0,12262
"(1797.088888888889, 526.2222222222222)",Fusobacterium,0,12263
"(1792.2967032967033, 872.6813186813187)",Fusobacterium,0,12264
"(1789.561403508772, 1118.9035087719299)",Fusobacterium,0,12265
"(1789.5081967213114, 1277.8032786885246)",Veillonella,0,12266
"(1788.3333333333333, 1791.3623188405797)",Fusobacterium,0,12267
"(1789.9538461538461, 1906.553846153846)",Fusobacterium,0,12268
"(1791.661971830986, 1935.5633802816901)",Fusobacterium,0,12269
"(1790.3495145631068, 1978.8252427184466)",Rothia,0,12270
"(1789.566037735849, 176.30188679245282)",Fusobacterium,0,12271
"(1791.9397590361446, 397.1566265060241)",Fusobacterium,0,12272
"(1791.8032786885246, 737.2950819672132)",Fusobacterium,0,12274
"(1790.4017094017095, 808.1880341880342)",Veillonella,0,12275
"(1790.7432432432433, 1445.662162162162)",Actinomyces,0,12277
"(1791.448275862069, 1733.0344827586207)",Fusobacterium,0,12278
"(1791.9054054054054, 1767.081081081081)",Rothia,0,12279
"(1791.7692307692307, 1872.2769230769231)",Fusobacterium,0,12280
"(1795.6612903225807, 376.2016129032258)",Fusobacterium,0,12281
"(1791.1090909090908, 678.0181818181818)",Fusobacterium,0,12282
"(1794.4177215189873, 832.2784810126582)",Fusobacterium,0,12283
"(1790.3709677419354, 915.0483870967741)",Rothia,0,12284
"(1792.5591397849462, 1149.6989247311828)",Veillonella,0,12285
"(1791.2926829268292, 1558.3292682926829)",Fusobacterium,0,12287
"(1790.888888888889, 1675.567901234568)",Fusobacterium,0,12288
"(1791.8793103448277, 1847.9827586206898)",Fusobacterium,0,12289
"(1790.3389830508474, 1962.8305084745762)",Fusobacterium,0,12290
"(1791.7924528301887, 614.3584905660377)",Fusobacterium,0,12292
"(1794.505376344086, 723.0430107526881)",Rothia,0,12293
"(1792.4625, 1045.2125)",Saccharibacteria,0,12294
"(1793.6543209876543, 1857.320987654321)",Fusobacterium,0,12295
"(1793.978021978022, 351.3076923076923)",Fusobacterium,0,12297
"(1793.1166666666666, 464.55)",Lautropia,0,12298
"(1796.9747899159663, 653.7478991596639)",Fusobacterium,0,12299
"(1792.621212121212, 1011.2878787878788)",Fusobacterium,0,12301
"(1794.01652892562, 1092.9256198347107)",Fusobacterium,0,12302
"(1793.9315068493152, 1613.1917808219177)",Fusobacterium,0,12303
"(1794.952380952381, 1720.6190476190477)",Fusobacterium,0,12304
"(1794.6693548387098, 1821.6048387096773)",Fusobacterium,0,12305
"(1796.2028985507247, 427.71014492753625)",Streptococcus,0,12306
"(1794.3375, 780.5625)",Fusobacterium,0,12307
"(1795.103448275862, 1025.2068965517242)",Rothia,0,12308
"(1793.8082191780823, 1462.4383561643835)",Fusobacterium,0,12309
"(1795.9615384615386, 582.4358974358975)",Fusobacterium,0,12310
"(1796.9099099099099, 1003.0)",Fusobacterium,0,12311
"(1802.1412429378531, 1171.4745762711864)",Fusobacterium,0,12312
"(1796.8989898989898, 1407.4949494949494)",Fusobacterium,0,12313
"(1797.5463917525774, 1487.958762886598)",Fusobacterium,0,12314
"(1795.5967741935483, 1755.0483870967741)",Fusobacterium,0,12315
"(1795.58, 159.14)",Veillonella,0,12316
"(1797.675, 175.925)",Veillonella,0,12317
"(1796.109589041096, 1256.5616438356165)",Veillonella,0,12319
"(1796.8461538461538, 1916.3692307692309)",Fusobacterium,0,12320
"(1796.776, 219.472)",Veillonella,0,12321
"(1802.2377049180327, 449.1393442622951)",Streptococcus,0,12322
"(1798.0987654320988, 858.358024691358)",Fusobacterium,0,12324
"(1796.2235294117647, 958.0117647058823)",Fusobacterium,0,12325
"(1798.2096774193549, 1112.274193548387)",Fusobacterium,0,12326
"(1796.8450704225352, 1228.1830985915492)",Veillonella,0,12327
"(1800.148148148148, 1535.9537037037037)",Fusobacterium,0,12328
"(1798.1630434782608, 1742.3804347826087)",Fusobacterium,0,12330
"(1797.9620253164558, 235.60759493670886)",Lautropia,0,12332
"(1801.047619047619, 502.42857142857144)",Veillonella,0,12333
"(1800.0487804878048, 615.939024390244)",Fusobacterium,0,12335
"(1799.5747126436781, 638.9770114942529)",Neisseria,0,12336
"(1802.7118644067796, 691.3135593220339)",Fusobacterium,0,12337
"(1797.9310344827586, 1061.1724137931035)",Fusobacterium,0,12338
"(1803.410071942446, 1555.3021582733813)",Fusobacterium,0,12340
"(1799.532258064516, 1785.0967741935483)",Rothia,0,12342
"(1797.811320754717, 1797.4905660377358)",Fusobacterium,0,12343
"(1797.862745098039, 1994.9607843137255)",Fusobacterium,0,12344
"(1798.4754098360656, 409.57377049180326)",Streptococcus,0,12346
"(1799.7731958762886, 938.5360824742268)",Fusobacterium,0,12348
"(1799.25, 1573.7875)",Fusobacterium,0,12349
"(1800.576, 985.04)",Fusobacterium,0,12351
"(1803.4634146341464, 1239.7642276422764)",Veillonella,0,12352
"(1805.0, 1286.6206896551723)",Veillonella,0,12353
"(1800.4782608695652, 1687.695652173913)",Fusobacterium,0,12354
"(1801.4084507042253, 1772.0845070422536)",Rothia,0,12355
"(1804.0051813471503, 1895.176165803109)",Fusobacterium,0,12356
"(1805.3023255813953, 314.40697674418607)",Neisseria,0,12357
"(1801.36, 752.76)",Fusobacterium,0,12358
"(1801.2926829268292, 1131.5975609756097)",Streptococcus,0,12359
"(1802.1584158415842, 1361.3069306930693)",Fusobacterium,0,12360
"(1801.041095890411, 1384.890410958904)",Streptococcus,0,12361
"(1802.554054054054, 1835.2837837837837)",Fusobacterium,0,12362
"(1804.1649484536083, 267.2886597938144)",Streptococcus,0,12363
"(1801.344262295082, 300.1475409836066)",Fusobacterium,0,12364
"(1804.842105263158, 572.0)",Fusobacterium,0,12365
"(1804.7395833333333, 669.1354166666666)",Fusobacterium,0,12366
"(1803.9263157894736, 823.2526315789473)",Rothia,0,12367
"(1805.4770642201836, 905.1743119266055)",Rothia,0,12368
"(1806.490909090909, 1188.6818181818182)",Rothia,0,12369
"(1802.164383561644, 1397.3698630136987)",Fusobacterium,0,12370
"(1802.9279279279278, 118.27927927927928)",Rothia,0,12372
"(1803.9528301886792, 136.87735849056602)",Rothia,0,12373
"(1801.8461538461538, 191.90384615384616)",Veillonella,0,12374
"(1810.2068965517242, 331.2988505747126)",Fusobacterium,0,12375
"(1803.919191919192, 600.060606060606)",Fusobacterium,0,12376
"(1803.5555555555557, 707.6111111111111)",Fusobacterium,0,12377
"(1803.2903225806451, 842.7741935483871)",Streptococcus,0,12378
"(1803.4313725490197, 1932.2156862745098)",Fusobacterium,0,12379
"(1804.0657894736842, 1973.7368421052631)",Fusobacterium,0,12380
"(1803.8101265822784, 284.6455696202532)",Streptococcus,0,12381
"(1807.235294117647, 1959.4957983193278)",Fusobacterium,0,12383
"(1806.8020833333333, 150.16666666666666)",Campylobacter,0,12384
"(1804.6603773584907, 396.9433962264151)",Fusobacterium,0,12385
"(1806.5714285714287, 471.1142857142857)",Saccharibacteria,0,12386
"(1807.2682926829268, 880.9512195121952)",Fusobacterium,0,12388
"(1805.6911764705883, 1500.0588235294117)",Fusobacterium,0,12390
"(1807.888888888889, 1725.0740740740741)",Fusobacterium,0,12392
"(1809.442396313364, 1870.884792626728)",Fusobacterium,0,12393
"(1806.171875, 207.921875)",Fusobacterium,0,12394
"(1806.5714285714287, 248.0672268907563)",Fusobacterium,0,12395
"(1806.436974789916, 1439.638655462185)",Rothia,0,12397
"(1804.986111111111, 1467.0)",Fusobacterium,0,12399
"(1806.8196721311476, 1675.5901639344263)",Fusobacterium,0,12400
"(1805.948275862069, 765.7931034482758)",Fusobacterium,0,12403
"(1808.465909090909, 793.9545454545455)",Fusobacterium,0,12404
"(1807.6307692307691, 958.7692307692307)",Fusobacterium,0,12405
"(1807.6455696202531, 487.7848101265823)",Veillonella,0,12407
"(1807.423076923077, 1044.1153846153845)",Rothia,0,12409
"(1807.8028169014085, 1069.6760563380283)",Fusobacterium,0,12410
"(1808.8989898989898, 1086.5454545454545)",Fusobacterium,0,12411
"(1807.5633802816901, 1254.5352112676057)",Veillonella,0,12412
"(1807.3623188405797, 1517.4057971014493)",Fusobacterium,0,12413
"(1808.467889908257, 1604.8165137614678)",Fusobacterium,0,12414
"(1809.4285714285713, 625.8571428571429)",Fusobacterium,0,12416
"(1808.6166666666666, 718.7)",Rothia,0,12417
"(1811.6239316239316, 734.6068376068376)",Fusobacterium,0,12418
"(1809.4150943396226, 892.8301886792453)",Fusobacterium,0,12419
"(1812.921875, 1151.359375)",Fusobacterium,0,12420
"(1809.6447368421052, 1633.3815789473683)",Fusobacterium,0,12421
"(1811.3859649122808, 1914.061403508772)",Fusobacterium,0,12422
"(1811.6019417475727, 348.18446601941747)",Streptococcus,0,12423
"(1816.093023255814, 390.09302325581393)",Fusobacterium,0,12424
"(1809.8765432098764, 543.3086419753087)",Capnocytophaga,0,12425
"(1810.8415841584158, 974.9306930693069)",Fusobacterium,0,12426
"(1811.111111111111, 1101.1975308641975)",Rothia,0,12428
"(1810.4137931034484, 1119.0862068965516)",Rothia,0,12429
"(1810.5384615384614, 1226.3589743589744)",Rothia,0,12430
"(1810.314606741573, 1273.426966292135)",Veillonella,0,12431
"(1811.3480662983425, 1653.8563535911603)",Fusobacterium,0,12432
"(1814.3464052287582, 1704.359477124183)",Fusobacterium,0,12433
"(1812.0212765957447, 1787.031914893617)",Saccharibacteria,0,12434
"(1815.9545454545455, 431.6727272727273)",Fusobacterium,0,12436
"(1811.2857142857142, 837.7619047619048)",Streptococcus,0,12438
"(1815.9323308270677, 866.4285714285714)",Fusobacterium,0,12439
"(1809.7368421052631, 1027.1447368421052)",Fusobacterium,0,12440
"(1813.0707070707072, 1205.5050505050506)",Porphyromonas,0,12441
"(1812.215909090909, 1685.8863636363637)",Fusobacterium,0,12442
"(1813.5714285714287, 1762.1868131868132)",Neisseria,0,12443
"(1818.0677966101696, 1807.768361581921)",Fusobacterium,0,12444
"(1811.578947368421, 1984.0)",Fusobacterium,0,12445
"(1811.6607142857142, 234.375)",Fusobacterium,0,12446
"(1814.75, 305.8625)",Fusobacterium,0,12447
"(1815.7586206896551, 363.08045977011494)",Fusobacterium,0,12448
"(1813.1304347826087, 776.927536231884)",Rothia,0,12450
"(1812.741573033708, 926.0786516853933)",Fusobacterium,0,12452
"(1812.5625, 1377.075)",Actinomyces,0,12454
"(1814.881118881119, 1540.1328671328672)",Fusobacterium,0,12455
"(1816.8918918918919, 1858.900900900901)",Fusobacterium,0,12456
"(1815.7821782178219, 276.3762376237624)",Fusobacterium,0,12457
"(1813.4025974025974, 374.68831168831167)",Fusobacterium,0,12458
"(1814.6930693069307, 413.66336633663366)",Fusobacterium,0,12459
"(1814.7903225806451, 535.258064516129)",Fusobacterium,0,12460
"(1816.0729166666667, 804.4479166666666)",Fusobacterium,0,12461
"(1813.3676470588234, 1820.1617647058824)",Rothia,0,12462
"(1815.4266666666667, 221.17333333333335)",Fusobacterium,0,12464
"(1815.9473684210527, 1510.9894736842105)",Fusobacterium,0,12465
"(1813.7413793103449, 1590.2931034482758)",Fusobacterium,0,12466
"(1813.9137931034484, 1616.7758620689656)",Fusobacterium,0,12467
"(1821.9066147859921, 1735.3929961089493)",Fusobacterium,0,12468
"(1815.7558139534883, 95.69767441860465)",Veillonella,0,12469
"(1816.487341772152, 170.91772151898735)",Veillonella,0,12470
"(1817.6947368421052, 291.0842105263158)",Fusobacterium,0,12471
"(1815.3714285714286, 449.5571428571429)",Fusobacterium,0,12472
"(1815.1864406779662, 521.5593220338983)",Veillonella,0,12473
"(1817.24, 609.83)",Fusobacterium,0,12474
"(1816.8354430379748, 957.0126582278481)",Fusobacterium,0,12475
"(1815.9247311827958, 1406.3655913978494)",Fusobacterium,0,12476
"(1819.7021276595744, 1290.9787234042553)",Veillonella,0,12478
"(1815.6164383561643, 1472.5616438356165)",Rothia,0,12479
"(1818.3381294964029, 1576.6402877697842)",Fusobacterium,0,12480
"(1817.3978494623657, 1836.6989247311828)",Fusobacterium,0,12481
"(1816.0961538461538, 1887.8461538461538)",Fusobacterium,0,12482
"(1816.6216216216217, 509.0405405405405)",Porphyromonas,0,12483
"(1817.8813559322034, 566.1016949152543)",Fusobacterium,0,12484
"(1819.6082474226805, 638.7319587628866)",Streptococcus,0,12485
"(1816.9557522123894, 652.0619469026549)",Fusobacterium,0,12486
"(1817.5454545454545, 913.5272727272727)",Fusobacterium,0,12487
"(1820.2743902439024, 1009.7439024390244)",Fusobacterium,0,12488
"(1821.1194029850747, 1135.0597014925372)",Rothia,0,12489
"(1821.6124031007753, 118.84496124031008)",Veillonella,0,12493
"(1822.3583333333333, 479.8833333333333)",Fusobacterium,0,12494
"(1818.867469879518, 668.0843373493976)",Fusobacterium,0,12495
"(1818.5304347826086, 697.1826086956522)",Fusobacterium,0,12496
"(1820.5652173913043, 753.1630434782609)",Fusobacterium,0,12497
"(1822.8595041322315, 767.2148760330579)",Fusobacterium,0,12498
"(1818.2317073170732, 1392.0487804878048)",Rothia,0,12500
"(1818.8555555555556, 1459.7888888888888)",Fusobacterium,0,12501
"(1825.0795454545455, 1494.7727272727273)",Fusobacterium,0,12502
"(1823.777142857143, 1929.8514285714286)",Neisseria,0,12503
"(1818.2676056338028, 821.1408450704225)",Fusobacterium,0,12504
"(1823.801652892562, 718.801652892562)",Streptococcus,0,12505
"(1821.032786885246, 1063.5573770491803)",Fusobacterium,0,12507
"(1822.7142857142858, 1969.9785714285715)",Fusobacterium,0,12508
"(1821.2307692307693, 1992.7032967032967)",Fusobacterium,0,12509
"(1821.72, 142.28)",Veillonella,0,12510
"(1820.9620253164558, 592.4683544303797)",Fusobacterium,0,12511
"(1822.2875, 622.9625)",Fusobacterium,0,12512
"(1820.5061728395062, 1264.6913580246915)",Veillonella,0,12513
"(1823.280991735537, 209.21487603305786)",Campylobacter,0,12515
"(1822.8070175438597, 814.9824561403509)",Fusobacterium,0,12516
"(1822.1976744186047, 890.5116279069767)",Fusobacterium,0,12517
"(1826.01, 945.59)",Fusobacterium,0,12518
"(1824.2275862068966, 1177.3793103448277)",Rothia,0,12519
"(1822.342105263158, 1213.0394736842106)",Veillonella,0,12520
"(1823.123287671233, 1951.5616438356165)",Fusobacterium,0,12523
"(1823.2903225806451, 319.01612903225805)",Fusobacterium,0,12524
"(1823.8196721311476, 679.6065573770492)",Fusobacterium,0,12525
"(1823.5671641791046, 851.0298507462686)",Fusobacterium,0,12526
"(1826.7974683544303, 930.1012658227849)",Fusobacterium,0,12527
"(1823.0459770114942, 978.0574712643678)",Fusobacterium,0,12528
"(1823.7450980392157, 1045.7254901960785)",Rothia,0,12529
"(1825.5755395683452, 1637.5827338129495)",Fusobacterium,0,12531
"(1823.9662921348315, 254.32584269662922)",Rothia,0,12533
"(1823.8714285714286, 441.6714285714286)",Streptococcus,0,12535
"(1830.125, 574.0555555555555)",Fusobacterium,0,12536
"(1823.7241379310344, 1029.896551724138)",Fusobacterium,0,12537
"(1825.7235294117647, 1108.7117647058824)",Fusobacterium,0,12538
"(1825.8902439024391, 1125.560975609756)",Rothia,0,12539
"(1827.7620689655173, 1242.603448275862)",Fusobacterium,0,12540
"(1827.357142857143, 1898.6122448979593)",Fusobacterium,0,12541
"(1824.7142857142858, 269.69642857142856)",Rothia,0,12542
"(1825.7611940298507, 336.14925373134326)",Fusobacterium,0,12543
"(1826.5177304964539, 549.5106382978723)",Fusobacterium,0,12544
"(1826.8494623655913, 781.8494623655914)",Fusobacterium,0,12545
"(1825.4366197183099, 1369.8309859154929)",Fusobacterium,0,12546
"(1825.3461538461538, 1662.2307692307693)",Fusobacterium,0,12547
"(1826.2875, 235.7)",Campylobacter,0,12548
"(1826.25, 494.9868421052632)",Veillonella,0,12549
"(1825.5, 989.9423076923077)",Fusobacterium,0,12550
"(1830.406779661017, 1421.361581920904)",Streptococcus,0,12551
"(1827.8117647058823, 1537.8235294117646)",Fusobacterium,0,12552
"(1825.8431372549019, 1555.2156862745098)",Fusobacterium,0,12553
"(1832.0674157303372, 1707.5955056179776)",Fusobacterium,0,12554
"(1829.72131147541, 302.6475409836066)",Veillonella,0,12555
"(1826.7903225806451, 373.6290322580645)",Fusobacterium,0,12556
"(1827.6451612903227, 870.9247311827957)",Fusobacterium,0,12557
"(1829.1190476190477, 1277.595238095238)",Rothia,0,12558
"(1829.3466666666666, 1436.16)",Fusobacterium,0,12559
"(1829.4126984126983, 1566.5714285714287)",Fusobacterium,0,12561
"(1831.46, 1595.0)",Fusobacterium,0,12562
"(1828.343949044586, 1613.1910828025477)",Fusobacterium,0,12563
"(1827.376811594203, 1685.7536231884058)",Fusobacterium,0,12564
"(1829.6530612244899, 162.46938775510205)",Veillonella,0,12565
"(1827.9538461538461, 1475.3538461538462)",Fusobacterium,0,12568
"(1828.855421686747, 1520.3493975903614)",Fusobacterium,0,12569
"(1834.2268041237114, 1773.5927835051546)",Fusobacterium,0,12570
"(1828.9245283018868, 395.1698113207547)",Fusobacterium,0,12572
"(1829.7333333333333, 405.02666666666664)",Fusobacterium,0,12573
"(1829.637254901961, 522.2156862745098)",Veillonella,0,12574
"(1832.9855072463768, 661.1521739130435)",Fusobacterium,0,12575
"(1830.0365853658536, 1066.7560975609756)",Fusobacterium,0,12577
"(1829.9450549450548, 1087.1868131868132)",Rothia,0,12578
"(1837.1263736263736, 1842.0879120879122)",Fusobacterium,0,12579
"(1831.230215827338, 1880.5323741007194)",Fusobacterium,0,12580
"(1830.298969072165, 1912.381443298969)",Veillonella,0,12581
"(1830.7428571428572, 181.94285714285715)",Streptococcus,0,12582
"(1829.5, 507.5)",Veillonella,0,12583
"(1829.056338028169, 905.1971830985915)",Fusobacterium,0,12584
"(1831.054054054054, 1449.981981981982)",Fusobacterium,0,12586
"(1835.7088122605364, 464.20306513409963)",Rothia,0,12587
"(1831.6901408450703, 739.8169014084507)",Fusobacterium,0,12588
"(1835.9923076923078, 830.2692307692307)",Rothia,0,12589
"(1831.015873015873, 1296.4285714285713)",Neisseria,0,12590
"(1832.0853658536585, 1325.8292682926829)",Rothia,0,12591
"(1832.351851851852, 1350.5925925925926)",Fusobacterium,0,12592
"(1831.1724137931035, 1755.2068965517242)",Fusobacterium,0,12593
"(1833.1792452830189, 704.1320754716982)",Fusobacterium,0,12594
"(1838.6724137931035, 881.2413793103449)",Fusobacterium,0,12595
"(1834.5876288659795, 105.31958762886597)",Veillonella,0,12598
"(1835.1168831168832, 224.16883116883116)",Capnocytophaga,0,12599
"(1840.4803921568628, 356.5980392156863)",Fusobacterium,0,12600
"(1833.622950819672, 688.5409836065573)",Prevotella,0,12601
"(1836.0387596899225, 1804.077519379845)",Fusobacterium,0,12603
"(1836.0086956521739, 1961.208695652174)",Fusobacterium,0,12604
"(1837.3676470588234, 1053.6764705882354)",Fusobacterium,0,12606
"(1834.3285714285714, 1821.6714285714286)",Lautropia,0,12608
"(1834.2285714285715, 1862.047619047619)",Fusobacterium,0,12609
"(1835.0, 144.39705882352942)",Streptococcus,0,12610
"(1836.659793814433, 285.37113402061857)",Fusobacterium,0,12611
"(1836.4660194174758, 321.00970873786406)",Fusobacterium,0,12612
"(1836.7803468208092, 598.2485549132948)",Fusobacterium,0,12613
"(1838.0348837209303, 419.16279069767444)",Fusobacterium,0,12614
"(1836.8, 616.45)",Fusobacterium,0,12615
"(1837.081818181818, 977.0090909090909)",Fusobacterium,0,12616
"(1838.090909090909, 1333.5454545454545)",Rothia,0,12618
"(1840.0092592592594, 1981.398148148148)",Fusobacterium,0,12620
"(1838.162162162162, 256.8378378378378)",Fusobacterium,0,12621
"(1837.6615384615384, 793.7538461538461)",Fusobacterium,0,12622
"(1836.8333333333333, 849.1111111111111)",Fusobacterium,0,12623
"(1837.2884615384614, 954.8461538461538)",Fusobacterium,0,12624
"(1837.7943925233644, 1001.8224299065421)",Fusobacterium,0,12625
"(1836.2282608695652, 1193.4239130434783)",Neisseria,0,12626
"(1836.980198019802, 1215.881188118812)",Neisseria,0,12627
"(1837.6176470588234, 1550.7058823529412)",Fusobacterium,0,12628
"(1837.3505154639174, 1576.9690721649486)",Fusobacterium,0,12629
"(1838.7394957983192, 440.56302521008405)",Fusobacterium,0,12630
"(1838.046875, 751.546875)",Streptococcus,0,12631
"(1842.8495575221239, 766.1150442477876)",Streptococcus,0,12632
"(1842.9128205128204, 1020.7025641025641)",Rothia,0,12634
"(1838.9583333333333, 1104.4583333333333)",Fusobacterium,0,12635
"(1842.4921875, 1454.6484375)",Fusobacterium,0,12636
"(1840.2242990654206, 377.7289719626168)",Neisseria,0,12637
"(1842.5795454545455, 635.0056818181819)",Fusobacterium,0,12638
"(1839.25, 1170.892857142857)",Fusobacterium,0,12640
"(1841.235294117647, 1533.2100840336134)",Fusobacterium,0,12642
"(1842.340425531915, 1722.0744680851064)",Fusobacterium,0,12643
"(1838.5272727272727, 1922.9818181818182)",Fusobacterium,0,12644
"(1840.2068965517242, 93.03448275862068)",Neisseria,0,12645
"(1841.9423076923076, 203.54807692307693)",Veillonella,0,12646
"(1839.0877192982457, 240.68421052631578)",Campylobacter,0,12647
"(1849.8870056497176, 272.48022598870057)",Veillonella,0,12648
"(1838.890410958904, 916.6027397260274)",Fusobacterium,0,12649
"(1841.5520833333333, 1152.6354166666667)",Streptococcus,0,12650
"(1839.4057971014493, 1284.1884057971015)",Rothia,0,12651
"(1844.870786516854, 1627.2078651685392)",Fusobacterium,0,12652
"(1841.5797101449275, 1732.5507246376812)",Fusobacterium,0,12653
"(1844.2105263157894, 170.6578947368421)",Veillonella,0,12654
"(1840.527027027027, 555.1081081081081)",Fusobacterium,0,12655
"(1844.2696629213483, 651.7191011235955)",Fusobacterium,0,12656
"(1841.698113207547, 781.3962264150944)",Fusobacterium,0,12657
"(1841.3636363636363, 807.7121212121212)",Campylobacter,0,12658
"(1841.7721518987341, 899.4810126582279)",Saccharibacteria,0,12659
"(1842.741935483871, 1372.032258064516)",Fusobacterium,0,12660
"(1843.5050505050506, 1665.989898989899)",Fusobacterium,0,12661
"(1841.9571428571428, 1690.1285714285714)",Fusobacterium,0,12662
"(1842.536231884058, 336.82608695652175)",Fusobacterium,0,12664
"(1845.8461538461538, 730.9038461538462)",Fusobacterium,0,12665
"(1842.7176470588236, 1090.6235294117646)",Fusobacterium,0,12666
"(1844.3095238095239, 1930.8095238095239)",Rothia,0,12667
"(1842.7121212121212, 304.54545454545456)",Streptococcus,0,12668
"(1844.1494252873563, 396.82183908045977)",Neisseria,0,12669
"(1843.8791208791208, 491.0769230769231)",Veillonella,0,12670
"(1842.9607843137255, 675.8235294117648)",Fusobacterium,0,12671
"(1843.5757575757575, 943.7424242424242)",Campylobacter,0,12672
"(1844.3148148148148, 1125.1049382716049)",Streptococcus,0,12673
"(1845.6617647058824, 610.2205882352941)",Campylobacter,0,12675
"(1848.1571428571428, 1068.2714285714285)",Fusobacterium,0,12676
"(1844.3301886792453, 1515.4245283018868)",Fusobacterium,0,12678
"(1854.591463414634, 1748.7987804878048)",Fusobacterium,0,12679
"(1846.2178217821781, 1762.4851485148515)",Fusobacterium,0,12680
"(1850.4432989690722, 871.4742268041238)",Fusobacterium,0,12681
"(1846.0181818181818, 923.4363636363636)",Fusobacterium,0,12682
"(1846.2622950819673, 990.639344262295)",Fusobacterium,0,12683
"(1845.578313253012, 1231.686746987952)",Rothia,0,12684
"(1845.5180722891566, 1611.301204819277)",Fusobacterium,0,12686
"(1844.3559322033898, 1947.5762711864406)",Fusobacterium,0,12687
"(1846.1263157894737, 537.3578947368421)",Fusobacterium,0,12688
"(1847.4177215189873, 858.8987341772151)",Fusobacterium,0,12690
"(1845.6470588235295, 1490.264705882353)",Fusobacterium,0,12691
"(1845.5964912280701, 1504.1929824561403)",Fusobacterium,0,12692
"(1845.6315789473683, 1561.157894736842)",Fusobacterium,0,12693
"(1848.2773722627737, 1645.4671532846714)",Fusobacterium,0,12694
"(1845.52, 1905.33)",Rothia,0,12696
"(1847.3478260869565, 229.72826086956522)",Veillonella,0,12697
"(1847.4766355140187, 687.1869158878504)",Fusobacterium,0,12698
"(1846.8815789473683, 1186.4342105263158)",Veillonella,0,12699
"(1846.02, 1572.68)",Fusobacterium,0,12701
"(1846.8793103448277, 1591.8620689655172)",Fusobacterium,0,12702
"(1850.6842105263158, 513.5714285714286)",Veillonella,0,12704
"(1849.8695652173913, 573.3695652173913)",Fusobacterium,0,12705
"(1848.418181818182, 709.4909090909091)",Rothia,0,12706
"(1847.7627118644068, 964.728813559322)",Fusobacterium,0,12707
"(1848.5142857142857, 1050.047619047619)",Fusobacterium,0,12708
"(1849.8615384615384, 1681.0461538461539)",Fusobacterium,0,12709
"(1852.1285714285714, 1885.0285714285715)",Fusobacterium,0,12710
"(1849.685393258427, 666.0)",Fusobacterium,0,12712
"(1848.578947368421, 1292.7543859649122)",Veillonella,0,12714
"(1849.3684210526317, 1318.6315789473683)",Fusobacterium,0,12715
"(1848.560606060606, 1340.878787878788)",Veillonella,0,12716
"(1855.3387978142077, 1422.6338797814208)",Fusobacterium,0,12717
"(1852.8951612903227, 1439.991935483871)",Fusobacterium,0,12718
"(1853.2773722627737, 1471.8394160583941)",Fusobacterium,0,12719
"(1851.0689655172414, 323.2298850574713)",Fusobacterium,0,12722
"(1850.5731707317073, 1353.9634146341464)",Fusobacterium,0,12723
"(1854.9290322580646, 1538.8516129032257)",Fusobacterium,0,12725
"(1852.27, 1704.75)",Fusobacterium,0,12726
"(1850.3859649122808, 101.52631578947368)",Veillonella,0,12727
"(1850.4333333333334, 450.51666666666665)",Fusobacterium,0,12728
"(1851.0, 594.5964912280701)",Fusobacterium,0,12729
"(1854.859649122807, 806.5701754385965)",Leptotrichia,0,12730
"(1852.02, 1005.51)",Fusobacterium,0,12731
"(1852.6666666666667, 1263.3456790123457)",Fusobacterium,0,12733
"(1858.8971962616822, 208.88785046728972)",Neisseria,0,12734
"(1856.7920792079208, 1775.8613861386139)",Fusobacterium,0,12737
"(1854.3266666666666, 1798.0666666666666)",Fusobacterium,0,12738
"(1854.3510638297873, 556.4255319148937)",Fusobacterium,0,12740
"(1855.0103092783504, 790.9690721649484)",Fusobacterium,0,12741
"(1852.5405405405406, 840.0675675675676)",Fusobacterium,0,12742
"(1853.875, 952.7857142857143)",Fusobacterium,0,12743
"(1856.2695652173913, 967.7304347826087)",Fusobacterium,0,12744
"(1854.2307692307693, 289.1794871794872)",Rothia,0,12747
"(1853.5757575757575, 421.8030303030303)",Fusobacterium,0,12748
"(1858.2173913043478, 438.46086956521737)",Fusobacterium,0,12749
"(1855.4414414414414, 752.8468468468468)",Capnocytophaga,0,12750
"(1854.3559322033898, 890.2881355932203)",Rothia,0,12751
"(1859.5416666666667, 1102.388888888889)",Fusobacterium,0,12752
"(1860.7795275590552, 1218.3385826771653)",Veillonella,0,12753
"(1853.7454545454545, 1724.7272727272727)",Fusobacterium,0,12754
"(1853.4342105263158, 1828.1973684210527)",Fusobacterium,0,12755
"(1855.3644859813085, 1925.6728971962616)",Rothia,0,12756
"(1855.1960784313726, 1968.0882352941176)",Fusobacterium,0,12757
"(1855.6486486486488, 110.94594594594595)",Neisseria,0,12758
"(1855.5, 258.6829268292683)",Lautropia,0,12759
"(1856.7228915662652, 901.6265060240963)",Lautropia,0,12760
"(1855.0333333333333, 914.2166666666667)",Rothia,0,12761
"(1858.0958904109589, 183.013698630137)",Fusobacterium,0,12762
"(1854.8235294117646, 383.8235294117647)",Capnocytophaga,0,12764
"(1856.017543859649, 610.7719298245614)",Fusobacterium,0,12765
"(1858.3232323232323, 1112.6767676767677)",Fusobacterium,0,12767
"(1857.3285714285714, 1161.3857142857144)",Streptococcus,0,12768
"(1864.25, 1302.5714285714287)",Neisseria,0,12770
"(1860.9924242424242, 1735.4318181818182)",Fusobacterium,0,12771
"(1859.3846153846155, 469.9326923076923)",Fusobacterium,0,12772
"(1860.212962962963, 580.4722222222222)",Fusobacterium,0,12773
"(1858.3, 1035.7)",Fusobacterium,0,12774
"(1857.5135135135135, 1575.337837837838)",Fusobacterium,0,12777
"(1859.09900990099, 1599.960396039604)",Fusobacterium,0,12778
"(1858.4444444444443, 407.5679012345679)",Fusobacterium,0,12779
"(1859.0, 824.8904109589041)",Fusobacterium,0,12780
"(1857.7301587301588, 851.6507936507936)",Fusobacterium,0,12781
"(1857.7307692307693, 932.6730769230769)",Rothia,0,12782
"(1859.979797979798, 1366.1818181818182)",Fusobacterium,0,12783
"(1862.198275862069, 1401.905172413793)",Fusobacterium,0,12784
"(1859.9866666666667, 1456.0)",Fusobacterium,0,12785
"(1857.0, 1490.0)",Fusobacterium,0,12786
"(1858.137254901961, 1519.9411764705883)",Fusobacterium,0,12787
"(1858.7603305785124, 1863.388429752066)",Fusobacterium,0,12789
"(1859.4148936170213, 491.531914893617)",Fusobacterium,0,12790
"(1860.3898305084747, 539.8983050847457)",Rothia,0,12791
"(1864.06, 735.9266666666666)",Rothia,0,12792
"(1859.3086419753085, 773.641975308642)",Rothia,0,12793
"(1857.864406779661, 1089.7966101694915)",Fusobacterium,0,12794
"(1859.74, 1385.38)",Rothia,0,12795
"(1859.4418604651162, 1944.2093023255813)",Fusobacterium,0,12796
"(1861.8193548387096, 1990.9806451612903)",Fusobacterium,0,12797
"(1860.8842975206612, 685.8181818181819)",Fusobacterium,0,12798
"(1863.3445945945946, 715.168918918919)",Fusobacterium,0,12799
"(1861.3486842105262, 1143.1973684210527)",Veillonella,0,12800
"(1860.2435897435898, 1236.6153846153845)",Rothia,0,12801
"(1863.7, 1329.6615384615384)",Fusobacterium,0,12802
"(1860.64, 1350.02)",Fusobacterium,0,12803
"(1861.1707317073171, 1683.6097560975609)",Fusobacterium,0,12804
"(1861.0555555555557, 338.56944444444446)",Rothia,0,12805
"(1863.1386138613861, 351.81188118811883)",Fusobacterium,0,12806
"(1860.0686274509803, 644.4019607843137)",Fusobacterium,0,12808
"(1861.1527777777778, 1190.7916666666667)",Fusobacterium,0,12809
"(1860.835616438356, 1552.5890410958905)",Fusobacterium,0,12810
"(1863.9449541284403, 1822.8165137614678)",Fusobacterium,0,12812
"(1863.909090909091, 1915.0082644628098)",Veillonella,0,12813
"(1862.1176470588234, 313.72058823529414)",Fusobacterium,0,12814
"(1864.6582278481012, 987.5886075949367)",Fusobacterium,0,12815
"(1861.6617647058824, 1023.0294117647059)",Fusobacterium,0,12816
"(1864.5, 1249.2244897959183)",Rothia,0,12817
"(1864.125, 191.77272727272728)",Neisseria,0,12819
"(1865.5222222222221, 626.6333333333333)",Fusobacterium,0,12821
"(1869.4965034965035, 1049.3496503496503)",Fusobacterium,0,12822
"(1866.048951048951, 1639.6503496503497)",Rothia,0,12823
"(1863.9295774647887, 1899.774647887324)",Veillonella,0,12824
"(1863.7254901960785, 601.2941176470588)",Fusobacterium,0,12825
"(1865.090909090909, 662.1313131313132)",Fusobacterium,0,12826
"(1864.6923076923076, 1068.7252747252746)",Rothia,0,12827
"(1867.646551724138, 1762.5689655172414)",Actinomyces,0,12829
"(1871.82, 376.965)",Neisseria,0,12830
"(1865.8857142857144, 1658.4857142857143)",Streptococcus,0,12831
"(1869.4551282051282, 1789.6923076923076)",Fusobacterium,0,12832
"(1868.9724770642201, 522.816513761468)",Rothia,0,12833
"(1865.6913580246915, 868.4691358024692)",Fusobacterium,0,12835
"(1865.59375, 1625.953125)",Fusobacterium,0,12836
"(1868.6021505376343, 181.8279569892473)",Fusobacterium,0,12838
"(1866.6986301369864, 424.7260273972603)",Fusobacterium,0,12839
"(1873.0193548387097, 690.6322580645161)",Fusobacterium,0,12840
"(1866.9, 835.98)",Fusobacterium,0,12841
"(1867.2666666666667, 882.9666666666667)",Fusobacterium,0,12842
"(1869.90756302521, 932.0840336134454)",Fusobacterium,0,12843
"(1870.537037037037, 1181.6666666666667)",Veillonella,0,12844
"(1867.132530120482, 1468.301204819277)",Fusobacterium,0,12846
"(1868.2342342342342, 1707.6576576576576)",Fusobacterium,0,12847
"(1870.8529411764705, 280.27941176470586)",Veillonella,0,12849
"(1868.4565217391305, 1200.25)",Fusobacterium,0,12850
"(1867.686567164179, 1265.686567164179)",Porphyromonas,0,12851
"(1870.6078431372548, 1559.1666666666667)",Fusobacterium,0,12852
"(1866.9803921568628, 1720.9411764705883)",Campylobacter,0,12854
"(1871.8924731182797, 249.79569892473117)",Capnocytophaga,0,12855
"(1869.5862068965516, 328.17241379310343)",Streptococcus,0,12856
"(1868.6935483870968, 813.7258064516129)",Fusobacterium,0,12858
"(1871.3538461538462, 917.2)",Fusobacterium,0,12859
"(1869.4, 954.0142857142857)",Fusobacterium,0,12860
"(1869.7325581395348, 1088.5)",Fusobacterium,0,12861
"(1867.7058823529412, 1480.9803921568628)",Fusobacterium,0,12862
"(1871.4597701149426, 236.64367816091954)",Veillonella,0,12863
"(1872.2083333333333, 263.76666666666665)",Fusobacterium,0,12864
"(1872.020618556701, 591.5051546391752)",Fusobacterium,0,12865
"(1870.6153846153845, 789.9692307692308)",Fusobacterium,0,12867
"(1870.6447368421052, 1009.1842105263158)",Rothia,0,12868
"(1870.0, 1168.0)",Veillonella,0,12869
"(1871.6770833333333, 1380.3645833333333)",Fusobacterium,0,12870
"(1870.731182795699, 1439.1720430107528)",Fusobacterium,0,12871
"(1875.1105263157895, 1501.4736842105262)",Fusobacterium,0,12872
"(1869.5454545454545, 1535.7171717171718)",Fusobacterium,0,12873
"(1871.7027027027027, 403.7027027027027)",Veillonella,0,12875
"(1871.5942028985507, 465.2463768115942)",Fusobacterium,0,12876
"(1876.051724137931, 487.0344827586207)",Rothia,0,12877
"(1872.037037037037, 567.7037037037037)",Fusobacterium,0,12878
"(1873.25, 887.65625)",Rothia,0,12879
"(1872.7473684210527, 972.5263157894736)",Fusobacterium,0,12880
"(1870.7910447761194, 1125.0597014925372)",Rothia,0,12881
"(1873.514563106796, 1583.0)",Fusobacterium,0,12883
"(1871.2112676056338, 1614.2957746478874)",Fusobacterium,0,12884
"(1871.6218487394958, 1849.109243697479)",Fusobacterium,0,12885
"(1871.27868852459, 1972.9016393442623)",Fusobacterium,0,12886
"(1873.5495495495495, 506.3333333333333)",Rothia,0,12887
"(1873.9532710280373, 641.8224299065421)",Veillonella,0,12889
"(1871.450980392157, 904.1764705882352)",Fusobacterium,0,12890
"(1872.9310344827586, 1154.7241379310344)",Veillonella,0,12891
"(1874.066265060241, 1415.7650602409637)",Fusobacterium,0,12893
"(1872.1690140845071, 1885.0985915492959)",Fusobacterium,0,12894
"(1873.844155844156, 447.83116883116884)",Fusobacterium,0,12896
"(1873.5157894736842, 613.3789473684211)",Streptococcus,0,12897
"(1875.7684210526315, 750.3157894736842)",Fusobacterium,0,12898
"(1875.0, 800.8)",Fusobacterium,0,12899
"(1880.7119341563787, 1360.6296296296296)",Fusobacterium,0,12900
"(1872.6666666666667, 1516.0588235294117)",Fusobacterium,0,12901
"(1875.5217391304348, 1683.1352657004832)",Fusobacterium,0,12902
"(1873.037037037037, 846.4629629629629)",Fusobacterium,0,12905
"(1875.4328358208954, 1212.7910447761194)",Veillonella,0,12906
"(1875.7862595419847, 1282.8473282442749)",Fusobacterium,0,12907
"(1873.404255319149, 1933.2978723404256)",Veillonella,0,12908
"(1877.7727272727273, 416.60227272727275)",Fusobacterium,0,12909
"(1876.7310924369747, 856.2352941176471)",Fusobacterium,0,12911
"(1877.5263157894738, 1025.8)",Rothia,0,12912
"(1875.111111111111, 1111.148148148148)",Fusobacterium,0,12913
"(1879.4949494949494, 1132.8383838383838)",Fusobacterium,0,12914
"(1878.927374301676, 1235.3351955307262)",Fusobacterium,0,12915
"(1876.5737704918033, 1544.5573770491803)",Fusobacterium,0,12916
"(1878.5766423357663, 1725.941605839416)",Fusobacterium,0,12917
"(1877.982142857143, 1813.9107142857142)",Fusobacterium,0,12918
"(1875.4070796460178, 1949.0796460176991)",Veillonella,0,12919
"(1878.0449438202247, 203.5505617977528)",Veillonella,0,12920
"(1878.530612244898, 291.90816326530614)",Veillonella,0,12921
"(1875.3461538461538, 359.9423076923077)",Fusobacterium,0,12923
"(1876.6935483870968, 552.9354838709677)",Fusobacterium,0,12925
"(1877.4411764705883, 670.7647058823529)",Rothia,0,12926
"(1878.03125, 988.609375)",Fusobacterium,0,12927
"(1877.5, 1061.98)",Fusobacterium,0,12928
"(1878.2436974789916, 1461.142857142857)",Fusobacterium,0,12929
"(1878.4571428571428, 1602.3904761904762)",Fusobacterium,0,12930
"(1877.6, 1745.3875)",Fusobacterium,0,12931
"(1876.8275862068965, 1832.9655172413793)",Fusobacterium,0,12932
"(1883.1666666666667, 738.0185185185185)",Rothia,0,12933
"(1878.388888888889, 1140.5740740740741)",Fusobacterium,0,12934
"(1878.2769230769231, 1898.5384615384614)",Capnocytophaga,0,12935
"(1878.7864077669904, 710.6407766990292)",Fusobacterium,0,12936
"(1880.2739726027398, 1392.3287671232877)",Fusobacterium,0,12937
"(1882.2842105263157, 1865.6)",Fusobacterium,0,12938
"(1880.5686274509803, 314.27450980392155)",Fusobacterium,0,12939
"(1884.2478632478633, 327.56410256410254)",Fusobacterium,0,12940
"(1879.6, 1077.9888888888888)",Fusobacterium,0,12942
"(1881.3086419753085, 1327.6913580246915)",Fusobacterium,0,12943
"(1880.6835443037974, 1656.0)",Fusobacterium,0,12944
"(1880.1851851851852, 1777.9074074074074)",Rothia,0,12945
"(1880.1363636363637, 1911.5454545454545)",Veillonella,0,12947
"(1881.2727272727273, 303.1818181818182)",Fusobacterium,0,12948
"(1881.7356321839081, 540.4022988505748)",Fusobacterium,0,12949
"(1888.4032258064517, 620.8548387096774)",Rothia,0,12950
"(1882.1012658227849, 809.2405063291139)",Campylobacter,0,12951
"(1881.090909090909, 1266.878787878788)",Rothia,0,12952
"(1884.475, 1482.8125)",Fusobacterium,0,12953
"(1885.8198198198197, 1699.4864864864865)",Fusobacterium,0,12954
"(1881.3636363636363, 1987.2121212121212)",Streptococcus,0,12955
"(1882.5421686746988, 220.55421686746988)",Veillonella,0,12956
"(1882.6626506024097, 346.86746987951807)",Rothia,0,12957
"(1882.6901408450703, 910.1971830985915)",Fusobacterium,0,12959
"(1881.6338028169014, 1103.9859154929577)",Fusobacterium,0,12960
"(1881.875, 1154.03125)",Rothia,0,12961
"(1884.1264367816093, 1343.3333333333333)",Fusobacterium,0,12962
"(1882.8260869565217, 1525.486956521739)",Fusobacterium,0,12963
"(1881.561403508772, 1642.8245614035088)",Fusobacterium,0,12965
"(1884.0718232044198, 183.6243093922652)",Neisseria,0,12966
"(1884.1538461538462, 1003.3516483516484)",Fusobacterium,0,12967
"(1884.7184466019417, 1627.883495145631)",Fusobacterium,0,12969
"(1885.3411764705882, 463.90588235294115)",Fusobacterium,0,12972
"(1889.051282051282, 502.04273504273505)",Lautropia,0,12973
"(1888.6756756756756, 897.1711711711712)",Fusobacterium,0,12974
"(1888.3333333333333, 1171.936507936508)",Veillonella,0,12975
"(1883.7945205479452, 1202.1917808219177)",Streptococcus,0,12976
"(1886.04, 1437.97)",Fusobacterium,0,12977
"(1888.2568306010928, 1570.4590163934427)",Fusobacterium,0,12978
"(1884.1851851851852, 1713.0617283950617)",Fusobacterium,0,12979
"(1888.949152542373, 1845.8728813559321)",Fusobacterium,0,12980
"(1888.06, 279.52)",Fusobacterium,0,12981
"(1887.705035971223, 394.23741007194246)",Veillonella,0,12982
"(1884.821052631579, 776.0)",Rothia,0,12983
"(1887.5181818181818, 824.8272727272728)",Fusobacterium,0,12984
"(1885.1636363636364, 942.3090909090909)",Fusobacterium,0,12985
"(1887.8165137614678, 1119.5963302752293)",Fusobacterium,0,12986
"(1885.7115384615386, 520.3269230769231)",Fusobacterium,0,12988
"(1888.6049382716049, 585.4074074074074)",Fusobacterium,0,12989
"(1891.0666666666666, 728.1851851851852)",Fusobacterium,0,12990
"(1888.1653543307086, 925.4724409448819)",Fusobacterium,0,12991
"(1887.982142857143, 1252.4642857142858)",Fusobacterium,0,12994
"(1892.96644295302, 1285.5503355704698)",Rothia,0,12995
"(1886.4788732394366, 1765.1549295774648)",Actinomyces,0,12997
"(1886.2380952380952, 237.77777777777777)",Veillonella,0,12998
"(1888.1134020618556, 254.9278350515464)",Rothia,0,12999
"(1888.1530612244899, 795.9897959183673)",Fusobacterium,0,13000
"(1887.5051546391753, 1048.3711340206185)",Rothia,0,13001
"(1888.96261682243, 1220.8411214953271)",Veillonella,0,13002
"(1895.103448275862, 1452.683908045977)",Fusobacterium,0,13003
"(1888.0754716981132, 562.0754716981132)",Fusobacterium,0,13007
"(1888.107142857143, 663.1607142857143)",Rothia,0,13008
"(1887.142857142857, 1552.9642857142858)",Fusobacterium,0,13009
"(1891.581818181818, 1588.3181818181818)",Fusobacterium,0,13010
"(1888.4488188976377, 1789.8897637795276)",Fusobacterium,0,13011
"(1890.6015625, 1931.8359375)",Veillonella,0,13012
"(1887.9411764705883, 369.2352941176471)",Saccharibacteria,0,13013
"(1890.6494845360826, 600.979381443299)",Rothia,0,13014
"(1889.4347826086957, 840.8405797101449)",Rothia,0,13015
"(1891.5169491525423, 872.0593220338983)",Fusobacterium,0,13016
"(1891.5324675324675, 1016.2857142857143)",Lautropia,0,13018
"(1897.2857142857142, 1320.7339901477833)",Campylobacter,0,13019
"(1890.111111111111, 1382.0)",Fusobacterium,0,13022
"(1897.045112781955, 225.5639097744361)",Fusobacterium,0,13023
"(1891.289156626506, 641.8192771084338)",Streptococcus,0,13025
"(1891.3194444444443, 1404.513888888889)",Fusobacterium,0,13027
"(1890.9607843137255, 1741.1764705882354)",Fusobacterium,0,13029
"(1891.0428571428572, 1828.5857142857142)",Fusobacterium,0,13030
"(1891.1206896551723, 428.67241379310343)",Fusobacterium,0,13031
"(1892.0869565217392, 1650.2173913043478)",Fusobacterium,0,13032
"(1891.2745098039215, 1750.2549019607843)",Rothia,0,13033
"(1894.7227722772277, 413.15841584158414)",Fusobacterium,0,13035
"(1892.3484848484848, 711.560606060606)",Fusobacterium,0,13036
"(1893.1527777777778, 1091.875)",Veillonella,0,13039
"(1893.509090909091, 1546.090909090909)",Fusobacterium,0,13040
"(1894.360824742268, 1664.5670103092784)",Fusobacterium,0,13041
"(1894.0689655172414, 1808.3563218390805)",Porphyromonas,0,13042
"(1898.4351145038167, 1881.618320610687)",Fusobacterium,0,13043
"(1894.46875, 1978.3645833333333)",Veillonella,0,13044
"(1895.129411764706, 336.2823529411765)",Fusobacterium,0,13045
"(1894.7076923076922, 357.03076923076924)",Rothia,0,13046
"(1895.8285714285714, 680.8095238095239)",Fusobacterium,0,13047
"(1895.7777777777778, 851.0972222222222)",Fusobacterium,0,13048
"(1894.7094017094016, 980.4957264957264)",Streptococcus,0,13049
"(1895.6195652173913, 1033.4130434782608)",Rothia,0,13050
"(1897.3561643835617, 1422.986301369863)",Fusobacterium,0,13051
"(1901.627802690583, 1500.865470852018)",Fusobacterium,0,13052
"(1895.7228915662652, 1680.7228915662652)",Fusobacterium,0,13054
"(1894.2075471698113, 1947.2075471698113)",Veillonella,0,13055
"(1895.9741379310344, 1148.8362068965516)",Fusobacterium,0,13057
"(1895.8333333333333, 1187.0)",Fusobacterium,0,13058
"(1894.909090909091, 1526.8181818181818)",Streptococcus,0,13059
"(1895.7142857142858, 1914.9857142857143)",Fusobacterium,0,13060
"(1898.5714285714287, 304.812030075188)",Fusobacterium,0,13061
"(1894.8939393939395, 1075.1363636363637)",Fusobacterium,0,13063
"(1897.0582524271845, 1301.621359223301)",Streptococcus,0,13064
"(1898.0757575757575, 1618.9545454545455)",Fusobacterium,0,13065
"(1898.4375, 207.1875)",Neisseria,0,13067
"(1897.5633802816901, 387.8732394366197)",Veillonella,0,13068
"(1898.076923076923, 914.6)",Fusobacterium,0,13070
"(1900.5510204081634, 1057.9489795918366)",Fusobacterium,0,13071
"(1898.8469387755101, 1205.295918367347)",Veillonella,0,13072
"(1898.7536231884058, 1688.7971014492753)",Campylobacter,0,13073
"(1897.1379310344828, 1731.632183908046)",Fusobacterium,0,13074
"(1897.3918918918919, 1904.0405405405406)",Fusobacterium,0,13075
"(1897.0384615384614, 1958.1923076923076)",Veillonella,0,13076
"(1898.15625, 239.015625)",Rothia,0,13077
"(1898.076923076923, 375.0)",Veillonella,0,13078
"(1898.0510204081634, 446.1734693877551)",Fusobacterium,0,13079
"(1897.725806451613, 548.4193548387096)",Fusobacterium,0,13080
"(1899.6857142857143, 946.8571428571429)",Fusobacterium,0,13081
"(1898.2962962962963, 1137.0185185185185)",Rothia,0,13082
"(1899.7894736842106, 1466.1684210526316)",Fusobacterium,0,13084
"(1897.4705882352941, 1553.5686274509803)",Fusobacterium,0,13085
"(1901.1836734693877, 266.35714285714283)",Veillonella,0,13087
"(1898.6290322580646, 485.7741935483871)",Rothia,0,13088
"(1900.09375, 509.6875)",Veillonella,0,13089
"(1902.4606741573034, 1514.887640449438)",Fusobacterium,0,13090
"(1900.478787878788, 1860.7272727272727)",Fusobacterium,0,13091
"(1904.2191780821918, 89.22602739726027)",Neisseria,0,13092
"(1900.2238805970148, 522.5223880597015)",Veillonella,0,13093
"(1901.7362637362637, 573.2747252747253)",Rothia,0,13094
"(1899.3815789473683, 624.828947368421)",Neisseria,0,13095
"(1900.9444444444443, 775.75)",Fusobacterium,0,13097
"(1901.79754601227, 812.9141104294479)",Fusobacterium,0,13098
"(1899.7567567567567, 1002.2567567567568)",Fusobacterium,0,13100
"(1904.0258620689656, 1270.301724137931)",Rothia,0,13101
"(1902.0, 1354.4666666666667)",Fusobacterium,0,13102
"(1899.9411764705883, 1389.7764705882353)",Fusobacterium,0,13103
"(1901.3037974683543, 1758.873417721519)",Veillonella,0,13104
"(1901.1571428571428, 1775.1571428571428)",Fusobacterium,0,13105
"(1903.1694915254238, 534.8305084745763)",Fusobacterium,0,13106
"(1905.2307692307693, 1121.4)",Veillonella,0,13107
"(1904.6483516483515, 1561.0)",Fusobacterium,0,13108
"(1903.5555555555557, 1729.0694444444443)",Fusobacterium,0,13109
"(1903.7605633802816, 348.71830985915494)",Veillonella,0,13110
"(1902.063492063492, 427.031746031746)",Fusobacterium,0,13111
"(1903.0151515151515, 667.7575757575758)",Fusobacterium,0,13113
"(1904.6482758620689, 702.0137931034483)",Fusobacterium,0,13114
"(1902.472972972973, 1178.027027027027)",Rothia,0,13115
"(1903.078125, 1404.40625)",Fusobacterium,0,13116
"(1907.1101694915253, 193.51694915254237)",Veillonella,0,13119
"(1907.9083333333333, 321.675)",Fusobacterium,0,13121
"(1904.5625, 559.015625)",Fusobacterium,0,13123
"(1903.75, 749.9027777777778)",Fusobacterium,0,13124
"(1904.2985074626865, 1023.1343283582089)",Veillonella,0,13125
"(1905.9382716049383, 1234.1728395061727)",Veillonella,0,13126
"(1905.2432432432433, 1253.7207207207207)",Fusobacterium,0,13127
"(1908.1467889908256, 1482.0642201834862)",Fusobacterium,0,13128
"(1905.28125, 280.125)",Veillonella,0,13129
"(1905.0166666666667, 656.15)",Rothia,0,13131
"(1904.891304347826, 837.8478260869565)",Rothia,0,13132
"(1905.7586206896551, 907.3793103448276)",Fusobacterium,0,13133
"(1905.1046511627908, 1074.593023255814)",Rothia,0,13134
"(1912.6216216216217, 1383.6324324324323)",Fusobacterium,0,13136
"(1905.3235294117646, 1439.5882352941176)",Fusobacterium,0,13137
"(1905.3229166666667, 1704.625)",Fusobacterium,0,13139
"(1908.6896551724137, 639.8448275862069)",Rothia,0,13140
"(1906.4354838709678, 717.9354838709677)",Fusobacterium,0,13141
"(1911.479674796748, 863.8373983739838)",Fusobacterium,0,13142
"(1906.7846153846153, 892.8615384615384)",Fusobacterium,0,13144
"(1905.6913580246915, 992.8641975308642)",Fusobacterium,0,13145
"(1906.1875, 1593.015625)",Fusobacterium,0,13146
"(1905.0555555555557, 1658.2592592592594)",Fusobacterium,0,13147
"(1907.7450980392157, 1806.2156862745098)",Rothia,0,13149
"(1913.6523605150214, 1911.9098712446353)",Fusobacterium,0,13150
"(1907.562091503268, 1932.9477124183006)",Fusobacterium,0,13151
"(1907.593023255814, 248.1627906976744)",Veillonella,0,13152
"(1909.7558139534883, 601.203488372093)",Lautropia,0,13153
"(1906.9259259259259, 736.425925925926)",Fusobacterium,0,13154
"(1909.3020833333333, 930.75)",Fusobacterium,0,13155
"(1907.392857142857, 1603.5357142857142)",Fusobacterium,0,13157
"(1909.7830188679245, 1790.2924528301887)",Fusobacterium,0,13158
"(1908.1384615384616, 381.0)",Veillonella,0,13160
"(1913.2032085561498, 793.3850267379679)",Fusobacterium,0,13162
"(1912.797385620915, 1040.7385620915034)",Veillonella,0,13163
"(1909.975, 1213.4)",Fusobacterium,0,13164
"(1907.3030303030303, 1578.9545454545455)",Fusobacterium,0,13165
"(1909.4406779661017, 1638.5254237288136)",Fusobacterium,0,13166
"(1908.640625, 365.015625)",Veillonella,0,13167
"(1909.6901408450703, 452.67605633802816)",Rothia,0,13168
"(1908.8157894736842, 1308.828947368421)",Fusobacterium,0,13171
"(1912.1264367816093, 964.9080459770115)",Rothia,0,13176
"(1911.2358490566037, 1545.0094339622642)",Fusobacterium,0,13177
"(1911.041237113402, 1675.9484536082475)",Fusobacterium,0,13178
"(1912.8055555555557, 882.5416666666666)",Fusobacterium,0,13180
"(1912.4886363636363, 1747.715909090909)",Fusobacterium,0,13182
"(1910.8971962616822, 1827.8691588785048)",Fusobacterium,0,13183
"(1913.872340425532, 1884.9468085106382)",Fusobacterium,0,13184
"(1913.1296296296296, 549.9629629629629)",Streptococcus,0,13187
"(1913.090909090909, 849.290909090909)",Rothia,0,13188
"(1912.35, 1015.64)",Veillonella,0,13189
"(1912.1147540983607, 1104.1475409836066)",Rothia,0,13190
"(1911.6039603960396, 1195.6336633663366)",Rothia,0,13191
"(1913.4507042253522, 1448.1408450704225)",Fusobacterium,0,13192
"(1914.037037037037, 1951.8240740740741)",Veillonella,0,13193
"(1913.5833333333333, 177.25)",Veillonella,0,13194
"(1914.6, 412.08)",Veillonella,0,13195
"(1913.1132075471698, 440.52830188679246)",Fusobacterium,0,13196
"(1912.322033898305, 500.79661016949154)",Veillonella,0,13197
"(1913.1857142857143, 1143.6571428571428)",Fusobacterium,0,13199
"(1913.8625, 1170.95)",Veillonella,0,13200
"(1915.3368421052633, 1525.8947368421052)",Fusobacterium,0,13201
"(1916.42, 581.25)",Rothia,0,13202
"(1915.5753424657535, 622.0)",Neisseria,0,13203
"(1914.573033707865, 769.7640449438202)",Fusobacterium,0,13206
"(1914.6962025316457, 823.2658227848101)",Fusobacterium,0,13207
"(1917.9126984126983, 1412.4761904761904)",Fusobacterium,0,13208
"(1916.0657894736842, 1572.657894736842)",Fusobacterium,0,13209
"(1917.6046511627908, 1726.953488372093)",Fusobacterium,0,13210
"(1917.0288461538462, 1872.4807692307693)",Fusobacterium,0,13211
"(1917.3151515151515, 1989.539393939394)",Veillonella,0,13212
"(1921.7722222222221, 92.21111111111111)",Neisseria,0,13213
"(1914.5166666666667, 332.35)",Rothia,0,13214
"(1914.7536231884058, 428.40579710144925)",Fusobacterium,0,13215
"(1916.2530120481927, 754.3012048192771)",Rothia,0,13216
"(1921.359649122807, 910.7894736842105)",Fusobacterium,0,13217
"(1914.4313725490197, 1344.7058823529412)",Veillonella,0,13218
"(1914.5081967213114, 1657.8360655737704)",Fusobacterium,0,13219
"(1917.1666666666667, 289.02564102564105)",Fusobacterium,0,13220
"(1923.4322033898304, 1625.7203389830509)",Fusobacterium,0,13222
"(1921.611570247934, 236.1900826446281)",Veillonella,0,13223
"(1920.4166666666667, 476.73809523809524)",Fusobacterium,0,13224
"(1917.5238095238096, 493.2063492063492)",Rothia,0,13225
"(1917.878787878788, 537.5151515151515)",Fusobacterium,0,13226
"(1917.0151515151515, 949.1818181818181)",Rothia,0,13228
"(1917.6973684210527, 980.6315789473684)",Prevotella,0,13229
"(1917.9561403508771, 1063.017543859649)",Capnocytophaga,0,13230
"(1917.620253164557, 1277.607594936709)",Fusobacterium,0,13231
"(1919.901098901099, 1295.0)",Actinomyces,0,13232
"(1915.611111111111, 1463.2407407407406)",Fusobacterium,0,13233
"(1925.7142857142858, 207.88095238095238)",Prevotella,0,13234
"(1920.9668508287293, 349.16574585635357)",Neisseria,0,13235
"(1918.9814814814815, 712.074074074074)",Fusobacterium,0,13236
"(1920.6543209876543, 1085.2962962962963)",Fusobacterium,0,13237
"(1917.4285714285713, 1226.3506493506493)",Veillonella,0,13239
"(1920.267857142857, 1254.7410714285713)",Fusobacterium,0,13240
"(1923.1516853932585, 1322.6516853932585)",Rothia,0,13241
"(1924.6535433070867, 1499.6929133858268)",Fusobacterium,0,13243
"(1918.2380952380952, 1585.1587301587301)",Fusobacterium,0,13244
"(1920.5151515151515, 1692.3939393939395)",Fusobacterium,0,13245
"(1922.9132653061224, 1845.9438775510205)",Fusobacterium,0,13246
"(1920.4285714285713, 223.4805194805195)",Fusobacterium,0,13247
"(1922.1597633136096, 653.0355029585799)",Fusobacterium,0,13249
"(1918.3035714285713, 737.875)",Fusobacterium,0,13250
"(1923.388888888889, 266.64444444444445)",Veillonella,0,13252
"(1921.8859649122808, 673.3859649122807)",Fusobacterium,0,13253
"(1919.8142857142857, 1156.8142857142857)",Fusobacterium,0,13255
"(1921.1492537313434, 1241.0149253731342)",Fusobacterium,0,13256
"(1922.21875, 1402.46875)",Fusobacterium,0,13257
"(1921.6907216494844, 1611.3711340206185)",Fusobacterium,0,13259
"(1920.6, 562.7529411764706)",Fusobacterium,0,13263
"(1921.3703703703704, 1424.851851851852)",Fusobacterium,0,13265
"(1920.6153846153845, 1708.3384615384616)",Fusobacterium,0,13266
"(1920.3129770992366, 1769.3358778625955)",Fusobacterium,0,13267
"(1928.6774193548388, 1368.494623655914)",Rothia,0,13269
"(1922.8591549295775, 462.7323943661972)",Campylobacter,0,13270
"(1924.111111111111, 512.9753086419753)",Fusobacterium,0,13271
"(1925.1285714285714, 844.8714285714286)",Fusobacterium,0,13272
"(1924.5813953488373, 1115.8255813953488)",Fusobacterium,0,13274
"(1923.592105263158, 1484.9736842105262)",Fusobacterium,0,13276
"(1924.342105263158, 1807.3333333333333)",Neisseria,0,13277
"(1925.7358490566037, 305.25471698113205)",Veillonella,0,13279
"(1926.3076923076924, 406.5230769230769)",Selenomonas,0,13280
"(1925.6666666666667, 890.5897435897435)",Fusobacterium,0,13282
"(1924.8275862068965, 1536.3275862068965)",Fusobacterium,0,13284
"(1927.3089430894308, 1969.121951219512)",Fusobacterium,0,13286
"(1926.3703703703704, 610.4351851851852)",Fusobacterium,0,13287
"(1926.9058823529413, 716.8941176470588)",Fusobacterium,0,13288
"(1926.0865384615386, 1134.9903846153845)",Fusobacterium,0,13290
"(1925.6703296703297, 1200.2637362637363)",Fusobacterium,0,13292
"(1925.642857142857, 1515.5428571428572)",Rothia,0,13293
"(1927.3758389261745, 1642.4362416107383)",Fusobacterium,0,13294
"(1928.767857142857, 173.01785714285714)",Veillonella,0,13296
"(1926.8494623655913, 192.83870967741936)",Veillonella,0,13297
"(1925.7974683544303, 447.8607594936709)",Fusobacterium,0,13298
"(1926.1780821917807, 687.3561643835617)",Fusobacterium,0,13299
"(1926.9058823529413, 922.7176470588236)",Fusobacterium,0,13302
"(1926.4074074074074, 1563.962962962963)",Fusobacterium,0,13304
"(1926.0506329113923, 1677.5696202531647)",Fusobacterium,0,13305
"(1925.5131578947369, 1827.921052631579)",Fusobacterium,0,13306
"(1926.5, 365.55882352941177)",Rothia,0,13307
"(1927.3076923076924, 392.2307692307692)",Capnocytophaga,0,13308
"(1926.4823529411765, 779.7176470588236)",Fusobacterium,0,13310
"(1930.4315789473685, 1214.4842105263158)",Fusobacterium,0,13312
"(1928.86, 1553.06)",Fusobacterium,0,13313
"(1929.9333333333334, 251.1809523809524)",Fusobacterium,0,13314
"(1929.6623376623377, 528.8311688311688)",Rothia,0,13315
"(1929.2972972972973, 594.7702702702703)",Rothia,0,13316
"(1928.0172413793102, 868.7068965517242)",Fusobacterium,0,13317
"(1930.9319727891157, 942.9727891156463)",Fusobacterium,0,13318
"(1929.8021978021977, 1009.0879120879121)",Rothia,0,13319
"(1928.0117647058823, 1344.1411764705883)",Neisseria,0,13320
"(1928.9540229885058, 1749.6666666666667)",Fusobacterium,0,13321
"(1931.032786885246, 1892.5901639344263)",Veillonella,0,13322
"(1928.546511627907, 1932.3488372093022)",Rothia,0,13323
"(1933.2830188679245, 276.5566037735849)",Veillonella,0,13324
"(1929.7052631578947, 330.61052631578946)",Veillonella,0,13325
"(1928.322033898305, 426.96610169491527)",Fusobacterium,0,13326
"(1931.6666666666667, 748.7126436781609)",Fusobacterium,0,13328
"(1928.987012987013, 802.9090909090909)",Fusobacterium,0,13329
"(1931.5555555555557, 1268.5)",Lautropia,0,13330
"(1930.1162790697674, 1471.093023255814)",Rothia,0,13331
"(1933.61, 1593.51)",Fusobacterium,0,13332
"(1930.883495145631, 1859.5339805825242)",Fusobacterium,0,13334
"(1931.6666666666667, 551.9102564102565)",Fusobacterium,0,13335
"(1930.8469387755101, 762.734693877551)",Fusobacterium,0,13337
"(1930.12, 821.26)",Fusobacterium,0,13338
"(1929.9811320754718, 1709.9245283018868)",Fusobacterium,0,13341
"(1932.4024390243903, 879.0853658536586)",Fusobacterium,0,13342
"(1934.6891891891892, 1908.6418918918919)",Fusobacterium,0,13343
"(1933.7025316455697, 1951.386075949367)",Veillonella,0,13344
"(1935.7073170731708, 291.0487804878049)",Saccharibacteria,0,13345
"(1933.5866666666666, 484.94666666666666)",Rothia,0,13346
"(1935.128205128205, 970.8888888888889)",Streptococcus,0,13347
"(1934.1296296296296, 1191.2314814814815)",Fusobacterium,0,13348
"(1934.1285714285714, 1282.0714285714287)",Fusobacterium,0,13349
"(1933.5, 1457.514705882353)",Fusobacterium,0,13351
"(1935.569696969697, 1732.139393939394)",Fusobacterium,0,13352
"(1932.55223880597, 1781.2835820895523)",Rothia,0,13353
"(1931.493670886076, 1987.7974683544303)",Fusobacterium,0,13354
"(1934.5632183908046, 732.6551724137931)",Fusobacterium,0,13357
"(1932.4615384615386, 1060.2307692307693)",Fusobacterium,0,13358
"(1933.25, 1070.4473684210527)",Fusobacterium,0,13359
"(1933.1636363636364, 1113.418181818182)",Fusobacterium,0,13360
"(1934.989898989899, 1577.4747474747476)",Fusobacterium,0,13361
"(1935.0384615384614, 1797.6692307692308)",Rothia,0,13362
"(1936.016129032258, 1875.9032258064517)",Fusobacterium,0,13363
"(1932.9830508474577, 1026.6271186440679)",Rothia,0,13364
"(1934.6569343065694, 1430.8394160583941)",Fusobacterium,0,13365
"(1937.4537037037037, 233.05555555555554)",Veillonella,0,13366
"(1935.7402597402597, 543.6883116883117)",Fusobacterium,0,13367
"(1936.2771084337348, 566.5421686746988)",Fusobacterium,0,13368
"(1935.6119402985075, 614.6119402985074)",Fusobacterium,0,13369
"(1941.7264150943397, 636.9905660377359)",Fusobacterium,0,13370
"(1938.679389312977, 926.1145038167939)",Fusobacterium,0,13371
"(1937.2525252525252, 1040.4040404040404)",Rothia,0,13372
"(1937.1684210526316, 1099.3473684210526)",Rothia,0,13373
"(1937.4, 1127.1285714285714)",Rothia,0,13374
"(1936.283950617284, 1155.7283950617284)",Rothia,0,13375
"(1937.7714285714285, 435.4714285714286)",Fusobacterium,0,13376
"(1937.2558139534883, 452.0232558139535)",Fusobacterium,0,13377
"(1938.1075268817203, 469.1290322580645)",Fusobacterium,0,13378
"(1937.5479452054794, 681.4931506849315)",Fusobacterium,0,13379
"(1938.6746031746031, 833.3888888888889)",Fusobacterium,0,13380
"(1938.728, 1249.576)",Lautropia,0,13381
"(1939.272, 1406.768)",Fusobacterium,0,13382
"(1935.7474747474748, 1663.2727272727273)",Fusobacterium,0,13383
"(1937.3766233766235, 696.4935064935065)",Rothia,0,13384
"(1937.4, 1085.5)",Veillonella,0,13387
"(1937.4714285714285, 1308.4714285714285)",Rothia,0,13388
"(1940.2612612612613, 1490.6666666666667)",Fusobacterium,0,13390
"(1940.2625, 851.65)",Fusobacterium,0,13391
"(1937.7931034482758, 909.7241379310345)",Fusobacterium,0,13393
"(1938.1891891891892, 1173.7972972972973)",Fusobacterium,0,13394
"(1938.032967032967, 1387.1868131868132)",Fusobacterium,0,13396
"(1941.2717391304348, 1697.8695652173913)",Fusobacterium,0,13397
"(1939.7, 357.1454545454545)",Veillonella,0,13398
"(1939.219512195122, 517.0365853658536)",Veillonella,0,13399
"(1937.7142857142858, 666.2857142857143)",Fusobacterium,0,13400
"(1939.5806451612902, 709.9032258064516)",Rothia,0,13401
"(1940.1898734177216, 1620.493670886076)",Saccharibacteria,0,13402
"(1943.209090909091, 378.8818181818182)",Streptococcus,0,13405
"(1940.3181818181818, 394.3181818181818)",Lautropia,0,13406
"(1940.388888888889, 408.3888888888889)",Fusobacterium,0,13407
"(1942.6181818181817, 653.2272727272727)",Fusobacterium,0,13408
"(1944.589928057554, 1681.3956834532373)",Rothia,0,13409
"(1943.142857142857, 1831.781512605042)",Veillonella,0,13410
"(1944.3959731543623, 184.73154362416108)",Veillonella,0,13411
"(1940.7384615384615, 304.8615384615385)",Veillonella,0,13413
"(1940.5714285714287, 580.3809523809524)",Veillonella,0,13414
"(1941.6929824561403, 781.8859649122807)",Rothia,0,13415
"(1942.125, 1526.141304347826)",Fusobacterium,0,13418
"(1939.8235294117646, 1547.8235294117646)",Fusobacterium,0,13419
"(1945.0227272727273, 1558.965909090909)",Fusobacterium,0,13420
"(1944.8720930232557, 1263.860465116279)",Rothia,0,13421
"(1942.5925925925926, 1715.1728395061727)",Neisseria,0,13422
"(1947.0526315789473, 1919.578947368421)",Actinomyces,0,13423
"(1945.1257142857144, 1981.8057142857142)",Veillonella,0,13424
"(1943.2, 798.1692307692308)",Fusobacterium,0,13425
"(1943.515625, 1444.453125)",Fusobacterium,0,13427
"(1946.9642857142858, 1481.345238095238)",Fusobacterium,0,13428
"(1944.84, 1646.65)",Capnocytophaga,0,13429
"(1943.113924050633, 1752.607594936709)",Neisseria,0,13430
"(1944.0704225352113, 1817.0281690140846)",Fusobacterium,0,13431
"(1947.9791666666667, 365.4583333333333)",Veillonella,0,13432
"(1944.3098591549297, 503.0422535211268)",Rothia,0,13433
"(1946.2692307692307, 1352.948717948718)",Rothia,0,13435
"(1946.6315789473683, 587.421052631579)",Rothia,0,13437
"(1944.9074074074074, 759.7962962962963)",Fusobacterium,0,13438
"(1944.2037037037037, 887.7037037037037)",Fusobacterium,0,13439
"(1947.7830188679245, 1414.8867924528302)",Fusobacterium,0,13442
"(1945.6984126984128, 1468.4761904761904)",Fusobacterium,0,13443
"(1946.0, 1606.1529411764707)",Rothia,0,13444
"(1949.8333333333333, 285.14285714285717)",Saccharibacteria,0,13445
"(1948.5555555555557, 624.7901234567901)",Fusobacterium,0,13446
"(1946.3030303030303, 941.0)",Fusobacterium,0,13447
"(1947.2758620689656, 1021.1293103448276)",Fusobacterium,0,13448
"(1950.915254237288, 1110.2288135593221)",Fusobacterium,0,13449
"(1949.2615384615385, 1328.076923076923)",Fusobacterium,0,13451
"(1947.344827586207, 1851.5172413793102)",Fusobacterium,0,13452
"(1946.929411764706, 141.75294117647059)",Fusobacterium,0,13453
"(1946.5725806451612, 206.86290322580646)",Veillonella,0,13454
"(1946.68, 488.61333333333334)",Veillonella,0,13455
"(1956.8775510204082, 815.8231292517007)",Fusobacterium,0,13456
"(1948.1208791208792, 866.4725274725274)",Fusobacterium,0,13458
"(1946.1842105263158, 1058.4868421052631)",Fusobacterium,0,13459
"(1947.2608695652175, 1508.304347826087)",Fusobacterium,0,13460
"(1950.6, 1630.9739130434782)",Neisseria,0,13461
"(1946.2988505747126, 1784.8045977011495)",Fusobacterium,0,13462
"(1946.9719626168223, 1937.6822429906542)",Veillonella,0,13463
"(1948.5438596491229, 235.12280701754386)",Veillonella,0,13464
"(1950.1, 254.28235294117647)",Rothia,0,13465
"(1949.1162790697674, 607.5930232558139)",Fusobacterium,0,13467
"(1948.392405063291, 982.0759493670886)",Fusobacterium,0,13468
"(1948.0579710144928, 1073.3478260869565)",Rothia,0,13469
"(1948.4716981132076, 1201.7924528301887)",Fusobacterium,0,13471
"(1951.5466666666666, 1729.2133333333334)",Veillonella,0,13472
"(1946.9019607843138, 1863.1764705882354)",Fusobacterium,0,13473
"(1950.6024096385543, 726.566265060241)",Fusobacterium,0,13475
"(1949.704918032787, 955.5737704918033)",Fusobacterium,0,13476
"(1949.290909090909, 1004.3272727272728)",Fusobacterium,0,13477
"(1954.340909090909, 1132.1136363636363)",Fusobacterium,0,13478
"(1949.71875, 1569.96875)",Fusobacterium,0,13479
"(1948.98, 1893.46)",Streptococcus,0,13480
"(1954.0152671755725, 343.87786259541986)",Veillonella,0,13481
"(1952.1931818181818, 454.5681818181818)",Actinomyces,0,13482
"(1950.20202020202, 551.6565656565657)",Fusobacterium,0,13483
"(1950.1, 1123.02)",Rothia,0,13485
"(1950.1492537313434, 1178.3880597014925)",Fusobacterium,0,13486
"(1950.0892857142858, 1458.625)",Rothia,0,13487
"(1953.9178743961352, 1586.1545893719806)",Fusobacterium,0,13488
"(1951.361111111111, 1659.013888888889)",Fusobacterium,0,13489
"(1951.2608695652175, 1799.9855072463768)",Fusobacterium,0,13490
"(1953.041095890411, 769.5890410958904)",Rothia,0,13492
"(1953.0507246376812, 900.6376811594203)",Fusobacterium,0,13493
"(1952.9166666666667, 1286.8416666666667)",Fusobacterium,0,13494
"(1952.388888888889, 1368.936507936508)",Neisseria,0,13495
"(1952.8020833333333, 1385.3958333333333)",Fusobacterium,0,13496
"(1956.3396226415093, 1428.572327044025)",Fusobacterium,0,13497
"(1956.795918367347, 1763.9455782312925)",Neisseria,0,13498
"(1957.1666666666667, 1957.827380952381)",Fusobacterium,0,13499
"(1951.7297297297298, 670.2162162162163)",Leptotrichia,0,13500
"(1952.919642857143, 710.5)",Rothia,0,13501
"(1955.0224719101125, 745.6179775280899)",Fusobacterium,0,13502
"(1952.4495412844037, 1879.9174311926606)",Veillonella,0,13503
"(1953.5978260869565, 153.56521739130434)",Fusobacterium,0,13504
"(1953.421686746988, 690.6506024096385)",Rothia,0,13505
"(1956.8728813559321, 1781.6949152542372)",Rothia,0,13506
"(1955.74, 225.04)",Fusobacterium,0,13507
"(1954.8620689655172, 322.7011494252874)",Neisseria,0,13508
"(1954.5222222222221, 514.7333333333333)",Rothia,0,13509
"(1954.0151515151515, 967.8484848484849)",Fusobacterium,0,13510
"(1953.150684931507, 1148.3698630136987)",Rothia,0,13511
"(1958.9150943396226, 308.9056603773585)",Fusobacterium,0,13513
"(1958.7478260869566, 637.9478260869565)",Fusobacterium,0,13514
"(1954.597014925373, 792.776119402985)",Fusobacterium,0,13515
"(1955.2153846153847, 919.6307692307693)",Fusobacterium,0,13516
"(1955.265306122449, 1091.908163265306)",Fusobacterium,0,13517
"(1954.8870967741937, 1158.9516129032259)",Streptococcus,0,13518
"(1955.7280701754387, 1234.5701754385964)",Fusobacterium,0,13519
"(1955.9718309859154, 1744.2323943661972)",Streptococcus,0,13521
"(1955.2115384615386, 1901.1538461538462)",Fusobacterium,0,13522
"(1960.5979381443299, 439.340206185567)",Fusobacterium,0,13523
"(1958.3736263736264, 529.2197802197802)",Fusobacterium,0,13524
"(1955.7384615384615, 655.4615384615385)",Fusobacterium,0,13525
"(1959.126050420168, 832.8403361344538)",Fusobacterium,0,13526
"(1959.7085714285715, 992.5085714285714)",Fusobacterium,0,13527
"(1956.6307692307691, 1044.6615384615384)",Fusobacterium,0,13528
"(1957.4423076923076, 1215.7115384615386)",Veillonella,0,13529
"(1956.3559322033898, 1261.0338983050847)",Actinomyces,0,13530
"(1960.3692307692309, 1694.1307692307691)",Neisseria,0,13531
"(1959.111111111111, 278.92929292929296)",Veillonella,0,13532
"(1960.9115044247787, 405.0353982300885)",Veillonella,0,13533
"(1957.3684210526317, 421.6578947368421)",Veillonella,0,13534
"(1957.8703703703704, 1058.2037037037037)",Fusobacterium,0,13535
"(1959.2857142857142, 1272.057142857143)",Rothia,0,13536
"(1960.4146341463415, 1855.6768292682927)",Streptococcus,0,13537
"(1963.4888888888888, 388.64444444444445)",Rothia,0,13538
"(1960.623188405797, 927.7971014492754)",Fusobacterium,0,13539
"(1957.9868421052631, 1075.0263157894738)",Rothia,0,13540
"(1958.4676258992806, 1499.410071942446)",Fusobacterium,0,13541
"(1958.7837837837837, 1541.1216216216217)",Fusobacterium,0,13542
"(1962.51376146789, 1556.4128440366972)",Fusobacterium,0,13543
"(1958.8823529411766, 1994.1029411764705)",Veillonella,0,13544
"(1959.0588235294117, 581.2235294117647)",Campylobacter,0,13547
"(1966.1847133757963, 757.859872611465)",Rothia,0,13548
"(1961.1641791044776, 877.4253731343283)",Fusobacterium,0,13550
"(1959.27868852459, 1313.967213114754)",Veillonella,0,13551
"(1960.2967032967033, 1456.1868131868132)",Fusobacterium,0,13552
"(1959.4415584415585, 1909.6103896103896)",Fusobacterium,0,13553
"(1962.094827586207, 1976.603448275862)",Veillonella,0,13554
"(1961.089552238806, 559.044776119403)",Fusobacterium,0,13555
"(1962.3015873015872, 604.9761904761905)",Fusobacterium,0,13556
"(1961.1666666666667, 1032.7261904761904)",Rothia,0,13559
"(1959.655737704918, 1247.1311475409836)",Rothia,0,13560
"(1959.6346153846155, 1396.9807692307693)",Rothia,0,13561
"(1959.4225352112676, 1525.6478873239437)",Fusobacterium,0,13563
"(1962.4019607843138, 1602.6470588235295)",Fusobacterium,0,13564
"(1962.6338028169014, 947.3732394366198)",Rothia,0,13565
"(1961.6037735849056, 1104.132075471698)",Fusobacterium,0,13566
"(1967.2758620689656, 1645.3034482758621)",Neisseria,0,13567
"(1964.6904761904761, 1721.3968253968253)",Neisseria,0,13568
"(1961.258064516129, 1823.741935483871)",Veillonella,0,13569
"(1962.5373134328358, 489.7014925373134)",Fusobacterium,0,13570
"(1964.6849315068494, 789.5616438356165)",Fusobacterium,0,13571
"(1963.5979381443299, 1669.9381443298969)",Rothia,0,13572
"(1962.576923076923, 1707.7820512820513)",Neisseria,0,13573
"(1963.1142857142856, 1943.9571428571428)",Veillonella,0,13576
"(1964.7809523809524, 167.73333333333332)",Fusobacterium,0,13577
"(1966.8018018018017, 856.4864864864865)",Fusobacterium,0,13578
"(1963.09375, 914.3125)",Rothia,0,13579
"(1968.978417266187, 1302.4460431654677)",Streptococcus,0,13580
"(1964.4571428571428, 1620.4095238095238)",Neisseria,0,13582
"(1964.6629213483145, 207.01123595505618)",Veillonella,0,13583
"(1968.132743362832, 458.070796460177)",Actinomyces,0,13584
"(1963.719298245614, 973.561403508772)",Rothia,0,13585
"(1968.5714285714287, 1482.487012987013)",Fusobacterium,0,13586
"(1964.5, 1926.223404255319)",Veillonella,0,13587
"(1966.4074074074074, 254.87654320987653)",Fusobacterium,0,13588
"(1964.264705882353, 545.0588235294117)",Fusobacterium,0,13590
"(1964.8676470588234, 736.3970588235294)",Fusobacterium,0,13591
"(1966.4711538461538, 1181.75)",Fusobacterium,0,13592
"(1964.6575342465753, 1197.6301369863013)",Fusobacterium,0,13593
"(1967.9411764705883, 1328.0392156862745)",Fusobacterium,0,13594
"(1971.4968944099378, 1348.8260869565217)",Fusobacterium,0,13595
"(1966.3783783783783, 1569.918918918919)",Fusobacterium,0,13596
"(1967.796875, 233.578125)",Fusobacterium,0,13598
"(1966.6493506493507, 707.2207792207793)",Rothia,0,13599
"(1969.4227642276423, 1142.4715447154472)",Saccharibacteria,0,13600
"(1965.9636363636364, 1284.6909090909091)",Rothia,0,13602
"(1972.2083333333333, 1469.5916666666667)",Fusobacterium,0,13603
"(1967.7560975609756, 118.85365853658537)",Veillonella,0,13604
"(1966.527027027027, 676.6486486486486)",Rothia,0,13605
"(1967.090909090909, 726.6233766233767)",Fusobacterium,0,13606
"(1969.659090909091, 1512.5113636363637)",Fusobacterium,0,13607
"(1969.320987654321, 267.12345679012344)",Veillonella,0,13608
"(1973.2586206896551, 1896.2011494252874)",Veillonella,0,13610
"(1968.7706422018348, 150.39449541284404)",Fusobacterium,0,13611
"(1972.7, 244.925)",Fusobacterium,0,13612
"(1969.1904761904761, 572.8412698412699)",Fusobacterium,0,13613
"(1970.7087378640776, 645.0776699029126)",Fusobacterium,0,13614
"(1972.3060109289618, 1053.6448087431695)",Fusobacterium,0,13615
"(1974.5045045045044, 1103.5675675675675)",Fusobacterium,0,13616
"(1970.6029411764705, 1222.3970588235295)",Fusobacterium,0,13617
"(1969.7014925373135, 1385.8955223880596)",Fusobacterium,0,13618
"(1970.3658536585365, 1837.9634146341464)",Veillonella,0,13619
"(1972.7888888888888, 433.81111111111113)",Fusobacterium,0,13620
"(1971.2135922330096, 507.11650485436894)",Fusobacterium,0,13621
"(1970.0, 585.566037735849)",Rothia,0,13622
"(1970.6666666666667, 664.2962962962963)",Lautropia,0,13623
"(1972.344827586207, 1009.1264367816092)",Fusobacterium,0,13624
"(1973.464, 1364.376)",Fusobacterium,0,13625
"(1970.4927536231885, 1681.768115942029)",Neisseria,0,13626
"(1975.041237113402, 1773.5463917525774)",Fusobacterium,0,13627
"(1977.1256830601094, 366.89617486338796)",Veillonella,0,13630
"(1975.835616438356, 778.9383561643835)",Fusobacterium,0,13631
"(1971.027027027027, 1073.472972972973)",Veillonella,0,13632
"(1974.3504273504273, 1087.1880341880342)",Rothia,0,13633
"(1971.1842105263158, 1118.2236842105262)",Rothia,0,13634
"(1973.39, 1739.24)",Fusobacterium,0,13635
"(1973.6815286624203, 1788.904458598726)",Fusobacterium,0,13636
"(1971.3291139240507, 1813.9367088607594)",Veillonella,0,13637
"(1972.6410256410256, 329.8205128205128)",Rothia,0,13638
"(1972.75, 346.13235294117646)",Veillonella,0,13639
"(1973.0714285714287, 1242.7380952380952)",Fusobacterium,0,13642
"(1976.8344370860927, 1258.9867549668875)",Fusobacterium,0,13643
"(1972.7435897435898, 1397.974358974359)",Fusobacterium,0,13645
"(1972.2916666666667, 1410.15625)",Fusobacterium,0,13646
"(1971.1964285714287, 1500.625)",Fusobacterium,0,13647
"(1973.90625, 1548.875)",Rothia,0,13649
"(1973.453125, 1631.53125)",Neisseria,0,13650
"(1975.483870967742, 627.4274193548387)",Lautropia,0,13652
"(1973.3207547169811, 868.7169811320755)",Fusobacterium,0,13653
"(1974.1168831168832, 891.2077922077922)",Fusobacterium,0,13654
"(1972.746835443038, 1435.4177215189873)",Veillonella,0,13655
"(1972.6842105263158, 1579.4736842105262)",Fusobacterium,0,13656
"(1974.2988505747126, 1853.1264367816093)",Capnocytophaga,0,13657
"(1974.2133333333334, 301.41333333333336)",Rothia,0,13658
"(1975.9166666666667, 802.0)",Rothia,0,13659
"(1973.032786885246, 966.016393442623)",Fusobacterium,0,13660
"(1974.7037037037037, 1027.6666666666667)",Streptococcus,0,13661
"(1978.1028037383178, 1279.5046728971963)",Veillonella,0,13662
"(1977.4057971014493, 445.82608695652175)",Fusobacterium,0,13663
"(1975.859375, 766.328125)",Fusobacterium,0,13664
"(1975.6666666666667, 840.3333333333334)",Fusobacterium,0,13665
"(1975.109589041096, 909.0410958904109)",Fusobacterium,0,13666
"(1977.7843137254902, 1967.421568627451)",Fusobacterium,0,13669
"(1975.360465116279, 1991.0813953488373)",Veillonella,0,13670
"(1977.24, 198.49333333333334)",Veillonella,0,13671
"(1979.6043956043957, 227.37362637362637)",Fusobacterium,0,13672
"(1977.6048387096773, 282.4032258064516)",Neisseria,0,13673
"(1978.719298245614, 481.2719298245614)",Fusobacterium,0,13675
"(1978.84496124031, 605.4651162790698)",Fusobacterium,0,13676
"(1976.4814814814815, 703.9876543209876)",Rothia,0,13677
"(1976.1625, 987.225)",Fusobacterium,0,13678
"(1977.6823529411765, 1133.8588235294117)",Fusobacterium,0,13679
"(1977.7532467532467, 1757.3506493506493)",Fusobacterium,0,13681
"(1978.2558139534883, 1882.7558139534883)",Veillonella,0,13682
"(1979.079207920792, 406.0693069306931)",Veillonella,0,13683
"(1976.7868852459017, 558.2131147540983)",Leptotrichia,0,13684
"(1978.2162162162163, 822.1621621621622)",Rothia,0,13686
"(1979.2754491017963, 1524.3592814371257)",Fusobacterium,0,13687
"(1976.6285714285714, 1602.2571428571428)",Fusobacterium,0,13688
"(1976.907894736842, 1656.921052631579)",Neisseria,0,13689
"(1976.5454545454545, 1709.0363636363636)",Rothia,0,13690
"(1977.851851851852, 1826.648148148148)",Rothia,0,13691
"(1978.1293103448277, 1912.0689655172414)",Rothia,0,13692
"(1978.5454545454545, 675.4727272727273)",Veillonella,0,13693
"(1976.9166666666667, 946.3666666666667)",Fusobacterium,0,13694
"(1978.4268292682927, 1695.341463414634)",Campylobacter,0,13695
"(1978.8591549295775, 543.0422535211268)",Fusobacterium,0,13696
"(1979.078431372549, 569.5490196078431)",Fusobacterium,0,13697
"(1979.0, 928.7037037037037)",Rothia,0,13698
"(1980.4666666666667, 156.06666666666666)",Rothia,0,13699
"(1982.1592920353983, 587.0442477876106)",Fusobacterium,0,13700
"(1980.38, 879.36)",Fusobacterium,0,13701
"(1983.0421686746988, 1158.3072289156626)",Rothia,0,13702
"(1980.7619047619048, 1420.3333333333333)",Streptococcus,0,13703
"(1980.4642857142858, 1801.892857142857)",Fusobacterium,0,13704
"(1982.2916666666667, 109.25)",Corynebacterium,0,13705
"(1980.359375, 656.5625)",Fusobacterium,0,13706
"(1980.5254237288136, 689.0677966101695)",Veillonella,0,13707
"(1982.3777777777777, 718.5444444444445)",Rothia,0,13708
"(1980.6935483870968, 1588.3064516129032)",Actinomyces,0,13710
"(1982.15, 1935.3125)",Fusobacterium,0,13711
"(1982.6666666666667, 214.93650793650792)",Fusobacterium,0,13712
"(1980.5254237288136, 244.28813559322035)",Fusobacterium,0,13713
"(1983.1973684210527, 420.9736842105263)",Veillonella,0,13714
"(1981.561403508772, 517.6140350877193)",Fusobacterium,0,13715
"(1983.5111111111112, 1178.6222222222223)",Fusobacterium,0,13716
"(1983.3233532934132, 1324.9101796407185)",Fusobacterium,0,13718
"(1981.7058823529412, 1869.6470588235295)",Veillonella,0,13719
"(1984.4929577464789, 463.6901408450704)",Saccharibacteria,0,13721
"(1982.6153846153845, 529.8653846153846)",Rothia,0,13722
"(1983.5148514851485, 1194.148514851485)",Fusobacterium,0,13724
"(1981.34, 1677.74)",Neisseria,0,13727
"(1982.388888888889, 1727.7916666666667)",Capnocytophaga,0,13728
"(1983.5890410958905, 143.7945205479452)",Streptococcus,0,13729
"(1990.1615720524017, 737.1659388646289)",Rothia,0,13730
"(1983.0, 849.2941176470588)",Fusobacterium,0,13731
"(1984.6703296703297, 1042.9120879120878)",Fusobacterium,0,13732
"(1984.639344262295, 1460.327868852459)",Fusobacterium,0,13733
"(1988.3014705882354, 1557.4117647058824)",Fusobacterium,0,13735
"(1984.1206896551723, 1621.448275862069)",Fusobacterium,0,13736
"(1987.1951219512196, 124.13821138211382)",Fusobacterium,0,13737
"(1989.0, 337.3265306122449)",Rothia,0,13738
"(1984.8305084745762, 1071.084745762712)",Fusobacterium,0,13739
"(1985.7590361445782, 1230.9397590361446)",Streptococcus,0,13740
"(1984.6901408450703, 1376.9014084507041)",Fusobacterium,0,13741
"(1985.7543859649122, 1393.982456140351)",Fusobacterium,0,13742
"(1990.0425531914893, 1851.1808510638298)",Rothia,0,13744
"(1986.6746987951808, 908.0)",Rothia,0,13745
"(1990.7806451612903, 965.516129032258)",Fusobacterium,0,13746
"(1989.7611111111112, 1953.4722222222222)",Fusobacterium,0,13747
"(1986.8709677419354, 265.0)",Fusobacterium,0,13748
"(1990.0264900662253, 1020.4503311258278)",Rothia,0,13750
"(1990.0260869565218, 1097.6695652173912)",Rothia,0,13751
"(1988.3563218390805, 1837.9885057471265)",Fusobacterium,0,13752
"(1988.0967741935483, 323.39784946236557)",Veillonella,0,13753
"(1989.732283464567, 350.1496062992126)",Fusobacterium,0,13754
"(1990.8031496062993, 1116.1259842519685)",Rothia,0,13755
"(1990.6944444444443, 290.65277777777777)",Rothia,0,13756
"(1990.7941176470588, 548.0882352941177)",Rothia,0,13757
"(1990.9264705882354, 1291.735294117647)",Fusobacterium,0,13758
"(1991.8064516129032, 1922.233870967742)",Fusobacterium,0,13759
"(1991.7479674796748, 643.4552845528456)",Rothia,0,13760
"(1990.8292682926829, 789.8048780487804)",Fusobacterium,0,13761
"(1991.7608695652175, 896.3768115942029)",Rothia,0,13762
"(1991.3790322580646, 950.0806451612904)",Fusobacterium,0,13763
"(1992.191011235955, 1269.8651685393259)",Fusobacterium,0,13764
"(1990.892857142857, 1356.7857142857142)",Capnocytophaga,0,13765
"(1990.8659793814434, 1408.7525773195875)",Fusobacterium,0,13766
"(1992.3418803418804, 1474.974358974359)",Fusobacterium,0,13767
"(1992.3490566037735, 449.8679245283019)",Saccharibacteria,0,13769
"(1991.0, 497.5)",Fusobacterium,0,13770
"(1992.4489795918366, 770.8571428571429)",Streptococcus,0,13771
"(1991.6507936507937, 807.4920634920635)",Fusobacterium,0,13772
"(1992.1333333333334, 829.5733333333334)",Rothia,0,13773
"(1992.1477272727273, 937.1022727272727)",Rothia,0,13774
"(1992.150684931507, 1037.5342465753424)",Fusobacterium,0,13775
"(1990.8311688311687, 1256.5194805194806)",Streptococcus,0,13776
"(1992.219895287958, 1578.8952879581152)",Fusobacterium,0,13777
"(1991.592105263158, 1602.2236842105262)",Fusobacterium,0,13778
"(1991.8103448275863, 1695.551724137931)",Fusobacterium,0,13779
"(1992.2814814814815, 1737.5703703703705)",Fusobacterium,0,13780
"(1992.3253012048192, 1752.4939759036145)",Fusobacterium,0,13781
"(1991.8255033557048, 1770.6375838926174)",Rothia,0,13782
"(1992.7722772277227, 1789.7722772277227)",Fusobacterium,0,13783
"(1992.9666666666667, 371.3222222222222)",Fusobacterium,0,13784
"(1992.6333333333334, 384.1666666666667)",Fusobacterium,0,13785
"(1992.5315315315315, 564.4234234234234)",Fusobacterium,0,13786
"(1992.6483516483515, 624.5054945054945)",Fusobacterium,0,13787
"(1991.9285714285713, 681.797619047619)",Rothia,0,13788
"(1992.8446601941748, 1135.126213592233)",Saccharibacteria,0,13789
"(1992.391304347826, 1213.6521739130435)",Fusobacterium,0,13790
"(1993.0806451612902, 1614.467741935484)",Fusobacterium,0,13792
"(1991.7983870967741, 1671.524193548387)",Fusobacterium,0,13793
"(1992.9555555555555, 219.7111111111111)",Fusobacterium,0,13794
"(1993.5858585858587, 308.93939393939394)",Neisseria,0,13796
"(1993.12, 467.4)",Actinomyces,0,13797
"(1993.0555555555557, 513.9583333333334)",Rothia,0,13798
"(1993.159090909091, 662.2386363636364)",Rothia,0,13800
"(1992.9375, 757.5)",Fusobacterium,0,13801
"(1992.7362637362637, 877.5384615384615)",Fusobacterium,0,13802
"(1993.0, 999.4220183486239)",Fusobacterium,0,13803
"(1993.886075949367, 1081.1518987341772)",Rothia,0,13804
"(1992.982456140351, 1243.3333333333333)",Fusobacterium,0,13805
"(1993.448717948718, 1339.8974358974358)",Fusobacterium,0,13806
"(1993.051282051282, 1503.2564102564102)",Fusobacterium,0,13808
"(1993.4, 1651.825)",Fusobacterium,0,13809
"(1993.2358490566037, 1895.6509433962265)",Capnocytophaga,0,13810
"(1993.842105263158, 138.10526315789474)",Fusobacterium,0,13811
"(1993.298969072165, 242.75257731958763)",Veillonella,0,13812
"(1993.7543859649122, 398.9122807017544)",Veillonella,0,13813
"(1993.2222222222222, 410.984126984127)",Veillonella,0,13814
"(1993.530864197531, 527.8148148148148)",Fusobacterium,0,13815
"(1993.9333333333334, 601.0222222222222)",Fusobacterium,0,13816
"(1993.6923076923076, 704.8)",Fusobacterium,0,13817
"(1993.1764705882354, 842.1372549019608)",Fusobacterium,0,13818
"(1994.1066666666666, 857.4266666666666)",Rothia,0,13819
"(1993.4137931034484, 925.5)",Neisseria,0,13821
"(1993.8181818181818, 982.4727272727273)",Fusobacterium,0,13822
"(1993.697247706422, 1058.8073394495414)",Fusobacterium,0,13823
"(1993.3804347826087, 1177.1521739130435)",Fusobacterium,0,13824
"(1993.6911764705883, 1200.8970588235295)",Fusobacterium,0,13825
"(1993.1774193548388, 1315.8225806451612)",Fusobacterium,0,13826
"(1993.5283018867924, 1488.4905660377358)",Fusobacterium,0,13828
"(1993.225, 1628.2875)",Fusobacterium,0,13829
"(1993.3762376237623, 1714.3267326732673)",Fusobacterium,0,13830
"(1993.590909090909, 1812.1060606060605)",Veillonella,0,13831
"(1994.0377358490566, 1825.2264150943397)",Veillonella,0,13832
"(1993.4755244755245, 1978.7972027972028)",Fusobacterium,0,13835
"(1993.5079365079366, 271.25396825396825)",Fusobacterium,0,13836
"(1993.787234042553, 433.7340425531915)",Veillonella,0,13837
"(1994.448275862069, 479.94827586206895)",Saccharibacteria,0,13838
"(1994.7241379310344, 1303.0172413793102)",Rothia,0,13840
"(1993.7164179104477, 1519.6567164179105)",Fusobacterium,0,13843
"(1994.338028169014, 1540.7605633802816)",Fusobacterium,0,13844
"(1994.0, 1938.1132075471698)",Fusobacterium,0,13846
"(1995.622950819672, 583.0491803278688)",Rothia,0,13847
