coord,sciname,tile,label
"(3.5074626865671643, 96.58208955223881)",Pasteurellaceae,0,1
"(3.7, 210.92222222222222)",Capnocytophaga,0,2
"(3.6470588235294117, 782.0735294117648)",Selenomonas,0,3
"(5.8671875, 962.5703125)",Neisseriaceae,0,4
"(5.872611464968153, 1599.8917197452229)",Neisseriaceae,0,5
"(7.642857142857143, 1727.9142857142858)",Neisseriaceae,0,6
"(5.79054054054054, 72.41216216216216)",Neisseriaceae,0,9
"(4.962025316455696, 126.92405063291139)",Neisseriaceae,0,10
"(6.417582417582418, 797.8901098901099)",Pasteurellaceae,0,11
"(4.8088235294117645, 1254.3676470588234)",Veillonella,0,12
"(6.934782608695652, 36.358695652173914)",Capnocytophaga,0,13
"(6.043956043956044, 811.8131868131868)",Corynebacterium,0,14
"(5.261363636363637, 834.6022727272727)",Pasteurellaceae,0,16
"(6.7846153846153845, 1626.4923076923078)",Neisseriaceae,0,17
"(5.507936507936508, 1708.5714285714287)",Neisseriaceae,0,18
"(9.659685863874346, 1765.5497382198953)",Neisseriaceae,0,19
"(6.6, 1783.0166666666667)",Neisseriaceae,0,20
"(10.87603305785124, 1917.892561983471)",Neisseriaceae,0,21
"(7.84375, 1992.14375)",Neisseriaceae,0,22
"(5.542857142857143, 2014.942857142857)",Neisseriaceae,0,24
"(10.988142292490119, 10.193675889328063)",Pasteurellaceae,0,25
"(8.4, 47.527272727272724)",Pasteurellaceae,0,26
"(6.510204081632653, 112.59183673469387)",Capnocytophaga,0,27
"(6.016129032258065, 144.66129032258064)",Neisseriaceae,0,28
"(5.5588235294117645, 161.11764705882354)",Gemella,0,29
"(6.426666666666667, 173.88)",Lautropia,0,30
"(7.007462686567164, 854.223880597015)",Neisseriaceae,0,31
"(6.5, 886.8291139240506)",Neisseriaceae,0,32
"(6.0078740157480315, 1648.763779527559)",Pasteurellaceae,0,33
"(8.409638554216867, 1667.8192771084337)",Neisseriaceae,0,34
"(8.29245283018868, 1693.566037735849)",Neisseriaceae,0,35
"(5.519230769230769, 1850.4615384615386)",Pasteurellaceae,0,36
"(6.588235294117647, 1879.0686274509803)",Neisseriaceae,0,37
"(7.97, 1952.53)",Neisseriaceae,0,38
"(6.177777777777778, 1969.4444444444443)",Neisseriaceae,0,39
"(6.504424778761062, 2040.0353982300885)",Neisseriaceae,0,40
"(12.78125, 875.765625)",Pasteurellaceae,0,41
"(12.21551724137931, 1560.844827586207)",Neisseriaceae,0,42
"(9.91044776119403, 1796.402985074627)",Neisseriaceae,0,43
"(11.397111913357401, 1818.3646209386281)",Neisseriaceae,0,44
"(14.053475935828876, 1844.096256684492)",Neisseriaceae,0,45
"(8.329268292682928, 1865.5243902439024)",Pasteurellaceae,0,46
"(8.673076923076923, 1934.7788461538462)",Neisseriaceae,0,47
"(10.518867924528301, 1266.0754716981132)",Gemella,0,48
"(11.537735849056604, 1581.188679245283)",Pasteurellaceae,0,49
"(8.857142857142858, 1338.5)",Veillonella,0,50
"(17.510416666666668, 1612.6666666666667)",Neisseriaceae,0,51
"(13.722222222222221, 159.14814814814815)",Streptococcus,0,52
"(18.94573643410853, 924.8372093023256)",Leptotrichia,0,53
"(15.322314049586776, 991.5537190082645)",Neisseriaceae,0,54
"(17.37719298245614, 1745.078947368421)",Pasteurellaceae,0,55
"(16.39240506329114, 88.0)",Neisseriaceae,0,56
"(18.120481927710845, 972.3132530120482)",Neisseriaceae,0,57
"(17.761904761904763, 63.84126984126984)",Neisseriaceae,0,58
"(21.154255319148938, 141.60638297872342)",Pasteurellaceae,0,59
"(21.073529411764707, 1330.8382352941176)",Gemella,0,60
"(26.25, 1698.5196078431372)",Neisseriaceae,0,61
"(26.67829457364341, 1783.4612403100775)",Neisseriaceae,0,62
"(20.38423645320197, 1975.3694581280788)",Neisseriaceae,0,63
"(17.0327868852459, 2032.704918032787)",Neisseriaceae,0,64
"(16.830188679245282, 104.81132075471699)",Pasteurellaceae,0,65
"(17.88679245283019, 949.811320754717)",Pasteurellaceae,0,67
"(24.921212121212122, 1643.2363636363636)",Neisseriaceae,0,68
"(21.60747663551402, 1680.6635514018692)",Neisseriaceae,0,69
"(21.415254237288135, 849.6271186440678)",Pasteurellaceae,0,71
"(24.165562913907284, 1293.9205298013244)",Veillonella,0,72
"(20.02, 1947.64)",Pasteurellaceae,0,74
"(20.873684210526317, 119.4)",Pasteurellaceae,0,75
"(19.69811320754717, 1630.0377358490566)",Neisseriaceae,0,77
"(20.54054054054054, 1906.5405405405406)",Neisseriaceae,0,78
"(21.205882352941178, 867.9901960784314)",Pasteurellaceae,0,79
"(24.26896551724138, 1312.7172413793103)",Neisseriaceae,0,80
"(25.607142857142858, 1726.455357142857)",Neisseriaceae,0,81
"(22.445454545454545, 1883.3090909090909)",Neisseriaceae,0,82
"(22.98148148148148, 54.25925925925926)",Pasteurellaceae,0,83
"(22.60810810810811, 936.9054054054054)",Leptotrichia,0,84
"(21.471698113207548, 1714.566037735849)",Neisseriaceae,0,85
"(31.586872586872587, 1750.023166023166)",Neisseriaceae,0,86
"(22.982456140350877, 1270.2280701754387)",Porphyromonas,0,87
"(25.04123711340206, 1996.4639175257732)",Neisseriaceae,0,88
"(25.36144578313253, 2016.1084337349398)",Neisseriaceae,0,89
"(30.661971830985916, 1579.150234741784)",Pasteurellaceae,0,90
"(26.153061224489797, 1866.0408163265306)",Neisseriaceae,0,91
"(33.88932806324111, 25.782608695652176)",Leptotrichia,0,92
"(25.51851851851852, 1666.8024691358025)",Neisseriaceae,0,93
"(29.66304347826087, 61.641304347826086)",Neisseriaceae,0,94
"(33.84102564102564, 100.41025641025641)",Pasteurellaceae,0,95
"(30.138461538461538, 1274.0461538461539)",Streptococcus,0,96
"(31.11111111111111, 1624.5)",Neisseriaceae,0,97
"(27.379310344827587, 1808.7586206896551)",Neisseriaceae,0,98
"(31.39252336448598, 156.7570093457944)",Capnocytophaga,0,99
"(29.25531914893617, 189.88297872340425)",Lautropia,0,100
"(28.634615384615383, 952.3653846153846)",Leptotrichia,0,101
"(30.197916666666668, 1820.6354166666667)",Neisseriaceae,0,103
"(40.13718411552347, 1834.9711191335741)",Neisseriaceae,0,104
"(34.456896551724135, 2038.8103448275863)",Neisseriaceae,0,105
"(30.539473684210527, 128.19736842105263)",Capnocytophaga,0,106
"(28.660377358490567, 1417.9811320754718)",Veillonella,0,107
"(34.97, 1654.68)",Neisseriaceae,0,108
"(32.202127659574465, 173.53191489361703)",Corynebacterium,0,109
"(33.37078651685393, 974.2921348314607)",Neisseriaceae,0,110
"(31.21311475409836, 84.65573770491804)",Neisseriaceae,0,112
"(32.49295774647887, 1927.9295774647887)",Pasteurellaceae,0,113
"(33.7906976744186, 42.16279069767442)",Neisseriaceae,0,114
"(37.657407407407405, 1002.8055555555555)",Pasteurellaceae,0,115
"(34.12643678160919, 1599.6206896551723)",Pasteurellaceae,0,116
"(34.015625, 1894.46875)",Pasteurellaceae,0,117
"(35.38461538461539, 1051.9326923076924)",Pasteurellaceae,0,118
"(33.92553191489362, 1917.531914893617)",Neisseriaceae,0,119
"(38.0390243902439, 1953.8682926829267)",Neisseriaceae,0,120
"(40.02985074626866, 987.7462686567164)",Neisseriaceae,0,121
"(37.67567567567568, 2024.8648648648648)",Neisseriaceae,0,122
"(40.90963855421687, 1078.144578313253)",Lautropia,0,123
"(37.99082568807339, 1430.908256880734)",Neisseriaceae,0,124
"(37.03030303030303, 4.924242424242424)",Leptotrichia,0,125
"(39.575, 912.85625)",Neisseriaceae,0,126
"(38.6412213740458, 944.4732824427481)",Capnocytophaga,0,127
"(43.31578947368421, 1566.4263157894736)",Neisseriaceae,0,128
"(39.27642276422764, 1998.821138211382)",Neisseriaceae,0,129
"(42.34615384615385, 1938.0961538461538)",Neisseriaceae,0,130
"(39.528301886792455, 131.26415094339623)",Pasteurellaceae,0,132
"(42.25806451612903, 1288.3935483870969)",Lautropia,0,133
"(39.1764705882353, 1412.3529411764705)",Lautropia,0,134
"(42.990990990990994, 1851.990990990991)",Neisseriaceae,0,135
"(41.541666666666664, 160.55555555555554)",Fusobacterium,0,136
"(40.738461538461536, 967.4615384615385)",Neisseriaceae,0,137
"(40.3448275862069, 1320.2931034482758)",Pasteurellaceae,0,138
"(39.705128205128204, 1673.1666666666667)",Neisseriaceae,0,139
"(41.31578947368421, 1984.4947368421053)",Neisseriaceae,0,140
"(41.791666666666664, 1308.7916666666667)",Neisseriaceae,0,141
"(40.642857142857146, 1688.767857142857)",Neisseriaceae,0,142
"(46.75, 1780.1544117647059)",Neisseriaceae,0,143
"(44.01526717557252, 1866.3969465648854)",Neisseriaceae,0,145
"(44.24590163934426, 144.18032786885246)",Pasteurellaceae,0,146
"(45.04022988505747, 1712.367816091954)",Neisseriaceae,0,148
"(48.494623655913976, 741.2258064516129)",Treponema,0,149
"(44.0, 1613.2837837837837)",Pasteurellaceae,0,150
"(47.1375, 1800.24375)",Neisseriaceae,0,151
"(48.04854368932039, 82.70873786407768)",Neisseriaceae,0,152
"(44.48275862068966, 1555.1724137931035)",Neisseriaceae,0,153
"(49.303030303030305, 1728.878787878788)",Neisseriaceae,0,154
"(45.8, 1885.1866666666667)",Neisseriaceae,0,155
"(46.95652173913044, 1967.6811594202898)",Neisseriaceae,0,156
"(49.86029411764706, 125.47058823529412)",Pasteurellaceae,0,157
"(47.61635220125786, 1640.4150943396226)",Neisseriaceae,0,158
"(45.36046511627907, 1906.546511627907)",Neisseriaceae,0,160
"(50.020833333333336, 2024.28125)",Neisseriaceae,0,161
"(55.37278106508876, 961.8816568047338)",Actinomyces,0,162
"(51.31413612565445, 1038.8586387434555)",Neisseriaceae,0,163
"(51.44041450777202, 1676.160621761658)",Neisseriaceae,0,165
"(49.11504424778761, 58.43362831858407)",Veillonella,0,166
"(51.10666666666667, 177.88444444444445)",Pasteurellaceae,0,167
"(49.225352112676056, 197.33802816901408)",Lautropia,0,168
"(57.36413043478261, 1021.0054347826087)",Selenomonas,0,169
"(49.18811881188119, 1383.2376237623762)",Veillonella,0,170
"(48.734375, 1604.078125)",Neisseriaceae,0,171
"(52.77717391304348, 1762.7065217391305)",Neisseriaceae,0,172
"(48.225352112676056, 1924.619718309859)",Neisseriaceae,0,173
"(50.07, 2008.79)",Neisseriaceae,0,174
"(47.857142857142854, 9.12987012987013)",Leptotrichia,0,175
"(49.76923076923077, 932.2307692307693)",Neisseriaceae,0,176
"(58.37541528239203, 1263.7308970099668)",Neisseriaceae,0,178
"(50.517857142857146, 1995.517857142857)",Neisseriaceae,0,179
"(55.38333333333333, 985.675)",Neisseriaceae,0,181
"(50.704918032786885, 1052.4754098360656)",Neisseriaceae,0,182
"(57.62068965517241, 1576.3310344827587)",Pasteurellaceae,0,183
"(56.28455284552845, 2038.081300813008)",Neisseriaceae,0,184
"(54.80434782608695, 92.3695652173913)",Pasteurellaceae,0,185
"(57.31612903225806, 112.63870967741936)",Pasteurellaceae,0,186
"(54.355555555555554, 1062.8370370370371)",Neisseriaceae,0,187
"(52.94285714285714, 1313.9)",Neisseriaceae,0,188
"(56.138297872340424, 1325.2021276595744)",Veillonella,0,189
"(57.39869281045752, 1739.1307189542483)",Neisseriaceae,0,190
"(59.99196787148595, 753.714859437751)",Gemella,0,191
"(55.78431372549019, 919.1372549019608)",Gemella,0,192
"(54.19277108433735, 1626.987951807229)",Neisseriaceae,0,193
"(55.83453237410072, 1881.928057553957)",Actinomyces,0,194
"(55.10909090909091, 1694.3272727272727)",Pasteurellaceae,0,196
"(57.40860215053763, 1947.3548387096773)",Neisseriaceae,0,198
"(59.077777777777776, 1658.8666666666666)",Leptotrichia,0,199
"(56.74074074074074, 20.80246913580247)",Leptotrichia,0,200
"(58.95744680851064, 1289.5744680851064)",Pasteurellaceae,0,201
"(55.45333333333333, 1908.8533333333332)",Neisseriaceae,0,202
"(58.79824561403509, 904.6315789473684)",Veillonella,0,204
"(58.63953488372093, 1987.093023255814)",Neisseriaceae,0,205
"(63.02, 1002.6)",Neisseriaceae,0,206
"(62.607142857142854, 163.0)",Capnocytophaga,0,207
"(62.645390070921984, 946.5248226950355)",Neisseriaceae,0,208
"(59.88333333333333, 1371.1666666666667)",Lautropia,0,209
"(64.92857142857143, 1589.9)",Pasteurellaceae,0,210
"(65.06770833333333, 1609.9010416666667)",Pasteurellaceae,0,211
"(62.29761904761905, 1829.3095238095239)",Neisseriaceae,0,212
"(64.13274336283186, 1962.4070796460178)",Neisseriaceae,0,213
"(66.3741935483871, 1781.9612903225807)",Neisseriaceae,0,215
"(62.028985507246375, 1854.8260869565217)",Neisseriaceae,0,216
"(63.63793103448276, 1897.3620689655172)",Actinomyces,0,217
"(63.8, 4.842105263157895)",Capnocytophaga,0,218
"(64.16535433070867, 70.55118110236221)",Veillonella,0,219
"(70.80357142857143, 1066.7544642857142)",Neisseriaceae,0,220
"(68.17610062893081, 1304.2012578616352)",Neisseriaceae,0,221
"(66.6875, 1802.7760416666667)",Neisseriaceae,0,222
"(64.31914893617021, 1641.0212765957447)",Pasteurellaceae,0,223
"(67.8021978021978, 2025.7252747252746)",Neisseriaceae,0,224
"(64.32692307692308, 797.9038461538462)",Leptotrichia,0,225
"(65.63106796116504, 1089.3592233009708)",Neisseriaceae,0,226
"(69.16585365853659, 139.95609756097562)",Pasteurellaceae,0,228
"(69.15929203539822, 192.6769911504425)",Veillonella,0,229
"(71.50666666666666, 968.7)",Rothia,0,230
"(72.0632911392405, 1868.2151898734178)",Neisseriaceae,0,231
"(71.70866141732283, 1930.0984251968505)",Neisseriaceae,0,232
"(72.21176470588236, 2012.2411764705882)",Neisseriaceae,0,233
"(71.77049180327869, 99.88524590163935)",Neisseriaceae,0,235
"(70.23703703703704, 1683.1851851851852)",Neisseriaceae,0,237
"(76.37671232876713, 1886.3698630136987)",Actinomyces,0,238
"(71.62295081967213, 1980.27868852459)",Neisseriaceae,0,239
"(71.02127659574468, 1743.4468085106382)",Neisseriaceae,0,240
"(70.62337662337663, 986.8051948051948)",Neisseriaceae,0,241
"(75.21705426356588, 1565.093023255814)",Neisseriaceae,0,242
"(79.77290836653387, 1036.7529880478087)",Neisseriaceae,0,244
"(71.90243902439025, 1246.9756097560976)",Neisseriaceae,0,245
"(73.27272727272727, 1289.3181818181818)",Pasteurellaceae,0,246
"(72.37037037037037, 1321.2037037037037)",Gemella,0,247
"(73.6, 1536.2666666666667)",Neisseriaceae,0,248
"(72.85714285714286, 1905.669642857143)",Neisseriaceae,0,249
"(75.30656934306569, 909.3357664233577)",Gemella,0,251
"(74.4047619047619, 927.936507936508)",Gemella,0,252
"(72.32727272727273, 1993.2545454545455)",Neisseriaceae,0,253
"(74.4065934065934, 1372.7362637362637)",Neisseriaceae,0,254
"(75.2, 1621.1714285714286)",Selenomonas,0,255
"(82.46715328467154, 1634.4671532846714)",Neisseriaceae,0,256
"(75.91, 1272.87)",Pasteurellaceae,0,257
"(82.77898550724638, 1693.394927536232)",Neisseriaceae,0,258
"(75.0377358490566, 1724.9433962264152)",Veillonella,0,259
"(76.25, 1756.53125)",Veillonella,0,260
"(74.82692307692308, 1816.7307692307693)",Neisseriaceae,0,261
"(78.55555555555556, 1596.4537037037037)",TM7,0,262
"(78.15454545454546, 1656.0636363636363)",Neisseriaceae,0,263
"(76.67088607594937, 1951.9746835443038)",Treponema,0,264
"(76.36923076923077, 2044.0923076923077)",Neisseriaceae,0,265
"(77.43103448275862, 121.37931034482759)",Pasteurellaceae,0,266
"(77.1875, 170.671875)",Pasteurellaceae,0,267
"(78.92957746478874, 1097.4718309859154)",Neisseriaceae,0,268
"(79.08474576271186, 1405.6186440677966)",Neisseriaceae,0,269
"(83.05681818181819, 3.0454545454545454)",Corynebacterium,0,270
"(79.85057471264368, 954.1724137931035)",Neisseriaceae,0,271
"(80.92592592592592, 971.7962962962963)",Rothia,0,272
"(80.45161290322581, 1008.9569892473119)",Neisseriaceae,0,273
"(78.62068965517241, 1783.2758620689656)",Neisseriaceae,0,274
"(85.50833333333334, 1997.4083333333333)",Neisseriaceae,0,275
"(80.52459016393442, 992.8524590163935)",Neisseriaceae,0,276
"(82.36893203883496, 1392.116504854369)",Neisseriaceae,0,277
"(85.51923076923077, 1837.8461538461538)",Neisseriaceae,0,278
"(86.60317460317461, 1649.7063492063492)",Neisseriaceae,0,279
"(83.86666666666666, 1851.5619047619048)",Neisseriaceae,0,280
"(82.03508771929825, 87.96491228070175)",Pasteurellaceae,0,281
"(87.91463414634147, 178.5121951219512)",Neisseriaceae,0,282
"(86.43023255813954, 743.9186046511628)",Veillonella,0,283
"(88.10897435897436, 787.1089743589744)",Veillonella,0,284
"(88.07801418439716, 1780.9645390070923)",Neisseriaceae,0,285
"(83.02424242424243, 1972.5333333333333)",Neisseriaceae,0,286
"(85.97619047619048, 1234.595238095238)",Neisseriaceae,0,287
"(82.91071428571429, 1416.607142857143)",Pasteurellaceae,0,288
"(83.42105263157895, 1823.0350877192982)",Neisseriaceae,0,289
"(83.51162790697674, 1916.0348837209303)",Neisseriaceae,0,290
"(83.8, 2032.5176470588235)",Pasteurellaceae,0,291
"(92.26008968609865, 114.00896860986548)",Neisseriaceae,0,292
"(90.97267759562841, 944.639344262295)",Neisseriaceae,0,293
"(85.66176470588235, 1055.514705882353)",Pasteurellaceae,0,294
"(86.34042553191489, 1306.3297872340424)",Neisseriaceae,0,295
"(85.29629629629629, 1075.7685185185185)",Capnocytophaga,0,296
"(85.73267326732673, 1543.148514851485)",Veillonella,0,297
"(85.34210526315789, 1803.5964912280701)",Neisseriaceae,0,298
"(86.81651376146789, 135.5321100917431)",Pasteurellaceae,0,299
"(91.05970149253731, 1745.9850746268658)",Veillonella,0,300
"(87.39285714285714, 76.66071428571429)",Pasteurellaceae,0,301
"(89.96296296296296, 1378.5925925925926)",Neisseriaceae,0,302
"(90.0375939849624, 154.77443609022558)",Pasteurellaceae,0,303
"(91.84883720930233, 919.3953488372093)",Gemella,0,304
"(90.61739130434782, 1425.0608695652174)",Neisseriaceae,0,305
"(90.05185185185185, 1728.888888888889)",Veillonella,0,306
"(102.73936170212765, 980.2792553191489)",Rothia,0,307
"(88.89108910891089, 1283.2772277227723)",Neisseriaceae,0,308
"(89.85897435897436, 1762.1538461538462)",Treponema,0,309
"(95.08928571428571, 1864.4464285714287)",Neisseriaceae,0,310
"(93.42635658914729, 1901.6589147286822)",Neisseriaceae,0,311
"(96.39660056657223, 769.2181303116147)",Veillonella,0,312
"(90.88888888888889, 1566.4814814814815)",Neisseriaceae,0,313
"(89.67924528301887, 1670.301886792453)",Selenomonas,0,314
"(99.01970443349754, 2007.1083743842364)",Neisseriaceae,0,315
"(99.44350282485875, 315.638418079096)",Gemella,0,316
"(97.46715328467154, 1042.5766423357663)",Neisseriaceae,0,317
"(92.23214285714286, 1089.892857142857)",Pasteurellaceae,0,318
"(94.40131578947368, 1253.9473684210527)",Neisseriaceae,0,319
"(95.64, 1609.0466666666666)",Pasteurellaceae,0,320
"(96.25619834710744, 1882.719008264463)",Neisseriaceae,0,321
"(96.92063492063492, 1275.3174603174602)",Neisseriaceae,0,322
"(98.36619718309859, 1300.5633802816901)",Neisseriaceae,0,323
"(93.07407407407408, 1794.1975308641975)",Neisseriaceae,0,324
"(95.33136094674556, 1126.3313609467455)",Neisseriaceae,0,325
"(97.83, 1950.21)",Neisseriaceae,0,326
"(99.4041450777202, 427.56476683937825)",Lautropia,0,327
"(95.02919708029196, 1003.9051094890511)",Streptococcus,0,328
"(94.80327868852459, 1106.8688524590164)",Streptococcus,0,329
"(101.94270833333333, 1368.7864583333333)",Neisseriaceae,0,330
"(104.08843537414965, 1923.452380952381)",Neisseriaceae,0,331
"(98.80555555555556, 2031.7738095238096)",Neisseriaceae,0,332
"(99.52307692307693, 961.5230769230769)",Neisseriaceae,0,333
"(95.53846153846153, 1709.923076923077)",Neisseriaceae,0,334
"(97.06060606060606, 1805.1363636363637)",Neisseriaceae,0,335
"(96.26388888888889, 1961.8194444444443)",Neisseriaceae,0,336
"(101.88505747126437, 2.2413793103448274)",Corynebacterium,0,337
"(97.74226804123711, 414.58762886597935)",TM7,0,338
"(100.52380952380952, 1237.4761904761904)",Neisseriaceae,0,339
"(102.05673758865248, 1435.8652482269504)",Neisseriaceae,0,340
"(110.63788300835654, 1020.7325905292479)",Gemella,0,341
"(99.62903225806451, 1623.3064516129032)",Leptotrichia,0,342
"(102.72916666666667, 167.125)",Gemella,0,343
"(100.63291139240506, 1538.1518987341772)",Gemella,0,344
"(100.77777777777777, 1820.1851851851852)",Neisseriaceae,0,345
"(100.15254237288136, 1982.2881355932204)",Neisseriaceae,0,346
"(103.0859375, 396.78125)",Rothia,0,347
"(103.65, 929.3125)",Lautropia,0,348
"(105.13422818791946, 1094.2281879194632)",Neisseriaceae,0,349
"(103.68686868686869, 1770.4444444444443)",Neisseriaceae,0,350
"(104.27272727272727, 132.72027972027973)",Neisseriaceae,0,351
"(103.28260869565217, 1059.2717391304348)",Neisseriaceae,0,352
"(105.01754385964912, 1270.8070175438597)",Neisseriaceae,0,353
"(114.99007444168734, 1392.803970223325)",Pasteurellaceae,0,354
"(104.234375, 1642.203125)",Gemella,0,355
"(105.85, 1691.09)",Veillonella,0,356
"(105.2159090909091, 1707.034090909091)",Neisseriaceae,0,357
"(107.63068181818181, 150.08522727272728)",Veillonella,0,358
"(106.51351351351352, 1842.1801801801803)",Neisseriaceae,0,359
"(107.575, 1076.0375)",Capnocytophaga,0,360
"(113.0, 1116.725888324873)",Neisseriaceae,0,362
"(109.61805555555556, 1328.4375)",Veillonella,0,363
"(107.65079365079364, 1675.936507936508)",Neisseriaceae,0,364
"(109.055, 1728.615)",Neisseriaceae,0,365
"(108.86928104575163, 1898.575163398693)",Neisseriaceae,0,366
"(111.472, 377.744)",Leptotrichia,0,367
"(115.3125, 1137.0625)",Neisseriaceae,0,368
"(112.06417112299465, 1754.3529411764705)",Neisseriaceae,0,369
"(110.3756345177665, 1787.482233502538)",Veillonella,0,370
"(108.04918032786885, 1810.672131147541)",Pasteurellaceae,0,371
"(109.64935064935065, 1001.1558441558442)",Streptococcus,0,372
"(110.73170731707317, 1624.1463414634147)",Capnocytophaga,0,374
"(108.62337662337663, 1969.844155844156)",Leptotrichia,0,375
"(111.18666666666667, 1040.4933333333333)",Neisseriaceae,0,376
"(110.98113207547169, 1261.0188679245282)",Neisseriaceae,0,377
"(118.78414096916299, 73.3920704845815)",Leptotrichia,0,378
"(111.0, 1247.950819672131)",Neisseriaceae,0,379
"(111.59756097560975, 1859.5853658536585)",Pasteurellaceae,0,380
"(114.1826923076923, 111.72115384615384)",Neisseriaceae,0,381
"(122.34782608695652, 952.183066361556)",Lautropia,0,382
"(114.79245283018868, 1540.2264150943397)",Gemella,0,383
"(113.96190476190476, 853.5142857142857)",Neisseriaceae,0,384
"(117.38793103448276, 1985.0172413793102)",Pasteurellaceae,0,385
"(117.04424778761062, 838.0619469026549)",Neisseriaceae,0,387
"(114.25, 934.8214285714286)",Actinomyces,0,388
"(117.91176470588235, 1436.110294117647)",Neisseriaceae,0,389
"(117.93893129770993, 1702.4045801526718)",Neisseriaceae,0,390
"(117.55696202531645, 1811.1645569620252)",Pasteurellaceae,0,391
"(114.97014925373135, 2029.3731343283582)",Neisseriaceae,0,393
"(118.01913875598086, 741.688995215311)",Neisseriaceae,0,394
"(116.53623188405797, 759.3840579710145)",Neisseriaceae,0,395
"(117.168, 1235.072)",Neisseriaceae,0,396
"(115.6910569105691, 784.7154471544716)",Neisseriaceae,0,397
"(116.91463414634147, 869.4268292682926)",Veillonella,0,398
"(117.36619718309859, 1059.5352112676057)",Neisseriaceae,0,399
"(116.11666666666666, 1364.7333333333333)",Neisseriaceae,0,400
"(117.59770114942529, 1889.0804597701149)",Neisseriaceae,0,402
"(116.65151515151516, 2014.1515151515152)",Neisseriaceae,0,403
"(119.36283185840708, 1653.8849557522124)",Neisseriaceae,0,404
"(120.05405405405405, 410.5135135135135)",Leptotrichia,0,405
"(126.75968992248062, 1282.4108527131782)",Neisseriaceae,0,407
"(117.53333333333333, 1998.5)",Neisseriaceae,0,408
"(121.01408450704226, 770.2676056338029)",Neisseriaceae,0,409
"(121.4047619047619, 1039.1309523809523)",Neisseriaceae,0,410
"(122.07075471698113, 1824.3349056603774)",Pasteurellaceae,0,411
"(120.06756756756756, 2043.0135135135135)",Pasteurellaceae,0,412
"(122.0049751243781, 1616.0746268656717)",Leptotrichia,0,413
"(122.60483870967742, 219.23387096774192)",Leptotrichia,0,414
"(129.7828282828283, 1364.040404040404)",Neisseriaceae,0,415
"(122.38666666666667, 1908.5333333333333)",Neisseriaceae,0,416
"(121.66055045871559, 1677.3761467889908)",Pasteurellaceae,0,418
"(125.34188034188034, 386.2649572649573)",Actinomyces,0,420
"(125.63945578231292, 635.4013605442177)",Corynebacterium,0,421
"(123.30666666666667, 811.3933333333333)",Neisseriaceae,0,422
"(126.8048780487805, 1085.4308943089432)",Pasteurellaceae,0,423
"(122.98809523809524, 1299.4166666666667)",Neisseriaceae,0,424
"(122.6, 1771.446153846154)",Capnocytophaga,0,426
"(124.08496732026144, 1962.9084967320262)",Pasteurellaceae,0,427
"(124.3972602739726, 2024.6438356164383)",Pasteurellaceae,0,428
"(124.63793103448276, 48.89655172413793)",Leptotrichia,0,429
"(125.35514018691589, 1586.8317757009345)",Neisseriaceae,0,430
"(124.0875, 1794.3375)",Neisseriaceae,0,431
"(126.57, 1870.41)",Neisseriaceae,0,432
"(130.98598130841123, 97.40186915887851)",Neisseriaceae,0,433
"(125.05172413793103, 1636.9310344827586)",Pasteurellaceae,0,434
"(129.86111111111111, 1721.4944444444445)",Neisseriaceae,0,435
"(128.42201834862385, 1944.045871559633)",Neisseriaceae,0,436
"(126.15463917525773, 998.8865979381443)",Streptococcus,0,437
"(129.55555555555554, 1259.3641975308642)",Neisseriaceae,0,438
"(131.63967611336034, 1403.6072874493927)",Neisseriaceae,0,439
"(128.51260504201682, 1494.4453781512605)",Leptotrichia,0,440
"(126.12121212121212, 1572.090909090909)",Neisseriaceae,0,441
"(126.16363636363636, 1688.2545454545455)",Pasteurellaceae,0,442
"(127.125, 1857.0)",Pasteurellaceae,0,443
"(130.28275862068966, 33.87586206896552)",Corynebacterium,0,444
"(130.13368983957218, 556.2513368983957)",Neisseriaceae,0,445
"(126.70588235294117, 792.8088235294117)",Neisseriaceae,0,446
"(130.02777777777777, 827.25)",Neisseriaceae,0,447
"(128.1551724137931, 842.2931034482758)",Pasteurellaceae,0,448
"(129.27272727272728, 1596.948051948052)",Pasteurellaceae,0,449
"(128.39449541284404, 1930.467889908257)",Neisseriaceae,0,450
"(129.38888888888889, 717.7361111111111)",Capnocytophaga,0,452
"(129.22857142857143, 1120.7428571428572)",Neisseriaceae,0,453
"(133.85555555555555, 1099.4888888888888)",Neisseriaceae,0,454
"(134.5065789473684, 1426.0592105263158)",Neisseriaceae,0,455
"(133.16326530612244, 1803.2448979591836)",Pasteurellaceae,0,456
"(134.85344827586206, 859.3534482758621)",Neisseriaceae,0,457
"(136.59459459459458, 1565.668918918919)",Neisseriaceae,0,458
"(130.75409836065575, 1734.5737704918033)",Neisseriaceae,0,459
"(137.4331983805668, 1759.8461538461538)",Neisseriaceae,0,460
"(134.16842105263157, 2008.7947368421053)",Neisseriaceae,0,461
"(140.56279069767442, 730.9348837209302)",Neisseriaceae,0,462
"(135.51724137931035, 1134.1120689655172)",Gemella,0,463
"(133.0, 1779.695652173913)",Neisseriaceae,0,464
"(139.83734939759037, 779.5)",Neisseriaceae,0,465
"(135.40425531914894, 984.063829787234)",Rothia,0,466
"(133.52459016393442, 1674.9344262295083)",Pasteurellaceae,0,467
"(136.69189189189188, 1902.1459459459459)",Neisseriaceae,0,468
"(134.56962025316454, 233.37974683544303)",Neisseriaceae,0,469
"(139.87234042553192, 1039.8670212765958)",Neisseriaceae,0,470
"(136.43269230769232, 1345.2403846153845)",Neisseriaceae,0,471
"(136.54782608695652, 1603.4347826086957)",Pasteurellaceae,0,472
"(136.3469387755102, 1663.0510204081634)",Pasteurellaceae,0,473
"(137.08943089430895, 1695.5121951219512)",Neisseriaceae,0,474
"(139.26315789473685, 1882.6746411483255)",Neisseriaceae,0,475
"(134.67605633802816, 2040.8591549295775)",Pasteurellaceae,0,476
"(138.11111111111111, 64.27350427350427)",Pasteurellaceae,0,477
"(135.0, 424.5)",Corynebacterium,0,478
"(138.14084507042253, 1072.119718309859)",Pasteurellaceae,0,479
"(138.4127906976744, 206.54651162790697)",Veillonella,0,480
"(135.76543209876544, 408.95061728395063)",Actinomyces,0,481
"(137.22535211267606, 797.7323943661971)",Neisseriaceae,0,482
"(137.46153846153845, 1643.3736263736264)",Neisseriaceae,0,483
"(139.98461538461538, 127.91538461538461)",Rothia,0,484
"(141.3858695652174, 838.9076086956521)",Neisseriaceae,0,485
"(141.66666666666666, 1007.1489361702128)",Neisseriaceae,0,486
"(142.96634615384616, 1985.0625)",Neisseriaceae,0,487
"(141.890625, 813.2578125)",Veillonella,0,488
"(143.32704402515722, 1381.1446540880504)",Neisseriaceae,0,489
"(141.48275862068965, 1959.1896551724137)",Capnocytophaga,0,490
"(141.10185185185185, 158.16666666666666)",Veillonella,0,491
"(140.6818181818182, 167.83333333333334)",Veillonella,0,492
"(139.99019607843138, 390.37254901960785)",Rothia,0,493
"(144.53216374269005, 966.2923976608187)",Lautropia,0,494
"(141.59493670886076, 1625.8987341772151)",Pasteurellaceae,0,495
"(141.83132530120483, 1709.7590361445782)",Neisseriaceae,0,496
"(143.3450292397661, 1922.830409356725)",Neisseriaceae,0,497
"(155.71764705882353, 1786.3647058823528)",Neisseriaceae,0,498
"(146.28654970760235, 187.96491228070175)",Neisseriaceae,0,499
"(142.79166666666666, 614.8166666666667)",Leptotrichia,0,500
"(146.95209580838323, 755.9880239520958)",Neisseriaceae,0,501
"(143.43076923076924, 1114.9769230769232)",Neisseriaceae,0,502
"(144.76153846153846, 1847.0846153846153)",Neisseriaceae,0,503
"(144.84615384615384, 18.786324786324787)",Corynebacterium,0,504
"(150.04285714285714, 1025.0285714285715)",Lautropia,0,505
"(144.15686274509804, 1772.4313725490197)",Veillonella,0,507
"(147.57258064516128, 1862.483870967742)",Neisseriaceae,0,508
"(145.38095238095238, 1415.2380952380952)",Neisseriaceae,0,509
"(145.89473684210526, 565.1447368421053)",Neisseriaceae,0,511
"(145.94202898550725, 1055.5217391304348)",Pasteurellaceae,0,512
"(144.45762711864407, 1734.050847457627)",Neisseriaceae,0,513
"(147.81875, 223.79375)",Neisseriaceae,0,514
"(147.34328358208955, 244.2537313432836)",Veillonella,0,515
"(148.13846153846154, 1209.0076923076922)",Actinomyces,0,516
"(158.74122807017545, 1237.201754385965)",Veillonella,0,517
"(157.18974358974359, 1562.6923076923076)",Pasteurellaceae,0,518
"(149.0974025974026, 2037.8766233766235)",Pasteurellaceae,0,519
"(151.69651741293532, 82.22885572139303)",Neisseriaceae,0,520
"(148.95652173913044, 416.1565217391304)",Rothia,0,521
"(154.08333333333334, 544.4333333333333)",Neisseriaceae,0,522
"(151.59119496855345, 1352.937106918239)",Neisseriaceae,0,523
"(147.9010989010989, 2007.4285714285713)",Pasteurellaceae,0,524
"(154.7295918367347, 865.3826530612245)",Gemella,0,525
"(149.4255319148936, 1081.6489361702127)",Pasteurellaceae,0,526
"(152.53030303030303, 1612.25)",Pasteurellaceae,0,527
"(150.6125, 1642.0625)",Neisseriaceae,0,528
"(152.21875, 1674.8359375)",Neisseriaceae,0,529
"(157.6679841897233, 1807.403162055336)",Neisseriaceae,0,530
"(150.31147540983608, 137.78688524590163)",Capnocytophaga,0,531
"(150.3134328358209, 260.6865671641791)",Veillonella,0,532
"(149.39285714285714, 555.875)",Neisseriaceae,0,533
"(155.93333333333334, 31.813333333333333)",Corynebacterium,0,534
"(151.0, 379.0735294117647)",Rothia,0,535
"(157.81, 806.08)",Neisseriaceae,0,536
"(150.38679245283018, 1397.6509433962265)",Neisseriaceae,0,537
"(151.0, 1697.462962962963)",Neisseriaceae,0,538
"(153.7941176470588, 1723.3039215686274)",Neisseriaceae,0,539
"(155.635838150289, 1590.4161849710983)",Leptotrichia,0,542
"(155.125, 1743.1484375)",Neisseriaceae,0,543
"(153.2, 1132.7555555555555)",Lautropia,0,545
"(153.9795918367347, 1368.2551020408164)",Veillonella,0,546
"(154.5735294117647, 1652.514705882353)",Pasteurellaceae,0,547
"(157.94230769230768, 1910.7435897435898)",Neisseriaceae,0,548
"(153.15625, 392.234375)",Rothia,0,550
"(155.6231884057971, 399.768115942029)",Rothia,0,551
"(155.02409638554218, 1891.6506024096386)",Neisseriaceae,0,552
"(156.3184713375796, 1966.968152866242)",Neisseriaceae,0,553
"(165.78879310344828, 71.28017241379311)",Pasteurellaceae,0,554
"(155.70408163265307, 599.295918367347)",Lautropia,0,555
"(159.33082706766916, 736.9473684210526)",Neisseriaceae,0,556
"(162.55188679245282, 771.2877358490566)",Neisseriaceae,0,557
"(157.44347826086957, 825.3217391304348)",Neisseriaceae,0,558
"(156.22695035460993, 1005.1914893617021)",Neisseriaceae,0,559
"(161.40754716981132, 1060.0075471698112)",Neisseriaceae,0,560
"(157.73099415204678, 627.7368421052631)",Pasteurellaceae,0,561
"(160.66981132075472, 1869.2924528301887)",Neisseriaceae,0,563
"(158.04705882352943, 104.6)",Campylobacter,0,564
"(158.46067415730337, 122.01123595505618)",Capnocytophaga,0,565
"(158.86813186813185, 983.5054945054945)",Leptotrichia,0,566
"(159.27472527472528, 1934.956043956044)",Neisseriaceae,0,567
"(162.78333333333333, 233.33333333333334)",Pasteurellaceae,0,568
"(163.7054794520548, 571.1575342465753)",Veillonella,0,569
"(158.89583333333334, 1216.9479166666667)",Rothia,0,570
"(160.89523809523808, 1407.2)",Veillonella,0,571
"(161.27586206896552, 1708.5172413793102)",Neisseriaceae,0,572
"(166.21182266009853, 1765.0147783251232)",Neisseriaceae,0,573
"(162.68141592920355, 1832.4690265486727)",Neisseriaceae,0,574
"(163.33018867924528, 1854.367924528302)",Neisseriaceae,0,575
"(165.04848484848486, 149.75757575757575)",Neisseriaceae,0,576
"(167.97907949790795, 379.1924686192469)",Actinomyces,0,578
"(161.01626016260164, 1689.1707317073171)",Neisseriaceae,0,579
"(162.15151515151516, 132.3181818181818)",Capnocytophaga,0,582
"(164.73287671232876, 167.71917808219177)",Neisseriaceae,0,583
"(163.2235294117647, 250.48235294117646)",Pasteurellaceae,0,584
"(167.12142857142857, 1116.1857142857143)",Lautropia,0,585
"(160.80645161290323, 1732.4193548387098)",Neisseriaceae,0,586
"(160.79365079365078, 1882.6984126984128)",Pasteurellaceae,0,587
"(161.17708333333334, 1993.8333333333333)",Neisseriaceae,0,588
"(162.12295081967213, 211.40983606557376)",Capnocytophaga,0,589
"(164.14141414141415, 845.1313131313132)",Lautropia,0,590
"(163.76404494382024, 1133.0449438202247)",Lautropia,0,591
"(163.01818181818183, 409.41818181818184)",Capnocytophaga,0,594
"(165.28, 1100.744)",Actinomyces,0,595
"(162.5, 1606.5)",Neisseriaceae,0,596
"(164.59036144578315, 2036.2048192771085)",Pasteurellaceae,0,597
"(168.2375, 612.975)",Pasteurellaceae,0,598
"(170.84415584415584, 1015.5714285714286)",Neisseriaceae,0,599
"(169.27027027027026, 1355.918918918919)",Neisseriaceae,0,600
"(165.96825396825398, 1393.3968253968253)",Streptococcus,0,601
"(166.54651162790697, 1923.7790697674418)",Neisseriaceae,0,602
"(166.60344827586206, 524.3362068965517)",Veillonella,0,603
"(171.60106382978722, 592.2606382978723)",Gemella,0,604
"(173.96666666666667, 1032.1777777777777)",Rothia,0,605
"(167.7948717948718, 1370.679487179487)",Lautropia,0,606
"(169.1290322580645, 1647.0387096774193)",Neisseriaceae,0,607
"(168.1904761904762, 1672.3809523809523)",Neisseriaceae,0,608
"(166.64615384615385, 2006.4307692307693)",Pasteurellaceae,0,609
"(172.60093896713616, 95.84976525821597)",Neisseriaceae,0,610
"(168.54794520547946, 191.68493150684932)",Capnocytophaga,0,611
"(169.1206896551724, 260.2413793103448)",Neisseriaceae,0,612
"(166.8235294117647, 555.3725490196078)",Lautropia,0,613
"(167.8939393939394, 748.2121212121212)",Neisseriaceae,0,614
"(168.15384615384616, 757.0769230769231)",Neisseriaceae,0,615
"(170.17283950617283, 59.97530864197531)",Capnocytophaga,0,616
"(172.58479532163742, 1601.0409356725147)",Pasteurellaceae,0,617
"(170.85507246376812, 1662.0289855072465)",Neisseriaceae,0,618
"(170.24528301886792, 1952.311320754717)",Pasteurellaceae,0,619
"(171.9009009009009, 363.54954954954957)",Actinomyces,0,620
"(172.08, 1709.6133333333332)",Neisseriaceae,0,621
"(171.46534653465346, 643.5247524752475)",Capnocytophaga,0,622
"(173.77720207253887, 1793.5699481865286)",Neisseriaceae,0,624
"(171.9047619047619, 2015.095238095238)",Veillonella,0,625
"(171.3448275862069, 1091.9827586206898)",Actinomyces,0,626
"(175.0431654676259, 284.38129496402877)",Gemella,0,627
"(175.03389830508473, 991.0932203389831)",Neisseriaceae,0,628
"(172.76785714285714, 1843.642857142857)",Pasteurellaceae,0,629
"(173.73333333333332, 1080.1166666666666)",Actinomyces,0,631
"(172.66101694915255, 1207.0169491525423)",Rothia,0,632
"(179.18446601941747, 1746.1553398058252)",Neisseriaceae,0,633
"(176.83333333333334, 1825.047619047619)",Neisseriaceae,0,634
"(172.51470588235293, 1964.1764705882354)",Neisseriaceae,0,635
"(175.03669724770643, 1975.532110091743)",Pasteurellaceae,0,636
"(178.24603174603175, 1482.1666666666667)",Neisseriaceae,0,637
"(175.94886363636363, 1579.6306818181818)",Neisseriaceae,0,638
"(173.56338028169014, 1688.0)",Neisseriaceae,0,639
"(176.6216216216216, 47.75675675675676)",Leptotrichia,0,640
"(175.70873786407768, 828.6601941747573)",Veillonella,0,642
"(182.04405286343612, 1877.1982378854625)",Neisseriaceae,0,643
"(175.31666666666666, 1942.4333333333334)",Neisseriaceae,0,644
"(176.3048780487805, 131.96341463414635)",Gemella,0,645
"(176.6159420289855, 206.55072463768116)",Pasteurellaceae,0,647
"(179.62608695652173, 1620.4)",Capnocytophaga,0,648
"(179.10344827586206, 149.42528735632183)",Neisseriaceae,0,649
"(180.6231884057971, 545.5217391304348)",Lautropia,0,650
"(179.32743362831857, 620.9734513274336)",Pasteurellaceae,0,651
"(191.83870967741936, 1055.565982404692)",Gemella,0,652
"(180.4851485148515, 1234.0891089108911)",Prevotella,0,653
"(178.125, 1999.5)",Streptococcus,0,654
"(190.09505703422053, 2027.2623574144486)",Neisseriaceae,0,655
"(181.27083333333334, 226.375)",Capnocytophaga,0,656
"(180.52032520325204, 743.390243902439)",Neisseriaceae,0,657
"(180.10638297872342, 1189.7553191489362)",Veillonella,0,658
"(181.320987654321, 1359.8024691358025)",Neisseriaceae,0,659
"(182.0888888888889, 1387.5)",Rothia,0,660
"(179.63934426229508, 1507.8852459016393)",Neisseriaceae,0,661
"(184.23, 1721.18)",Neisseriaceae,0,662
"(181.17460317460316, 1668.5555555555557)",Neisseriaceae,0,663
"(181.63194444444446, 1857.201388888889)",Neisseriaceae,0,664
"(181.2875, 819.3125)",Pasteurellaceae,0,666
"(181.50617283950618, 1345.2716049382716)",Veillonella,0,667
"(185.62937062937064, 1892.3566433566434)",Neisseriaceae,0,668
"(189.55329949238578, 1934.197969543147)",Neisseriaceae,0,669
"(183.5988023952096, 242.32934131736528)",Pasteurellaceae,0,670
"(184.53571428571428, 270.80357142857144)",Neisseriaceae,0,671
"(182.83333333333334, 1064.679487179487)",Gemella,0,672
"(181.140350877193, 1837.3684210526317)",Neisseriaceae,0,674
"(185.23275862068965, 1912.896551724138)",Neisseriaceae,0,675
"(195.31914893617022, 163.70212765957447)",Neisseriaceae,0,677
"(186.13761467889907, 1497.5779816513761)",Neisseriaceae,0,678
"(187.6987951807229, 1019.855421686747)",Neisseriaceae,0,679
"(187.08620689655172, 1332.103448275862)",Prevotella,0,680
"(190.89247311827958, 1922.52688172043)",Neisseriaceae,0,681
"(186.16455696202533, 1956.3227848101267)",Pasteurellaceae,0,682
"(186.16666666666666, 50.1)",Corynebacterium,0,683
"(187.8849557522124, 584.0)",Veillonella,0,684
"(185.936, 634.576)",Corynebacterium,0,685
"(187.97391304347826, 1106.5391304347827)",Neisseriaceae,0,686
"(193.2278911564626, 1644.765306122449)",Pasteurellaceae,0,687
"(185.73846153846154, 1696.7076923076922)",Neisseriaceae,0,688
"(200.0, 1778.7142857142858)",Neisseriaceae,0,689
"(186.7941176470588, 1814.0294117647059)",Neisseriaceae,0,690
"(189.67226890756302, 1989.1512605042017)",Neisseriaceae,0,691
"(186.93975903614458, 80.87951807228916)",Neisseriaceae,0,692
"(198.0093896713615, 1684.2723004694835)",Neisseriaceae,0,693
"(189.07142857142858, 64.72619047619048)",Pasteurellaceae,0,694
"(186.6551724137931, 999.2068965517242)",Neisseriaceae,0,696
"(190.38805970149255, 1475.3880597014925)",Neisseriaceae,0,697
"(187.95454545454547, 1761.2727272727273)",Pasteurellaceae,0,698
"(187.54794520547946, 2007.4109589041095)",Neisseriaceae,0,699
"(188.98507462686567, 2043.5820895522388)",Neisseriaceae,0,700
"(190.82539682539684, 100.97619047619048)",Pasteurellaceae,0,701
"(190.15625, 374.1015625)",Capnocytophaga,0,702
"(198.5399061032864, 1079.3708920187794)",Actinomyces,0,703
"(191.03947368421052, 1709.7894736842106)",Neisseriaceae,0,704
"(191.73103448275862, 1124.951724137931)",Neisseriaceae,0,706
"(195.06211180124222, 1514.1552795031057)",Veillonella,0,707
"(195.9453125, 1353.7734375)",Neisseriaceae,0,708
"(191.65454545454546, 218.4)",Treponema,0,709
"(194.8793103448276, 183.01724137931035)",Pasteurellaceae,0,710
"(196.64615384615385, 366.2769230769231)",Actinomyces,0,711
"(193.8904109589041, 2000.4109589041095)",Capnocytophaga,0,712
"(195.24137931034483, 255.49425287356323)",Neisseriaceae,0,713
"(197.1769911504425, 1039.3805309734514)",Porphyromonas,0,714
"(193.98823529411766, 1234.7176470588236)",Capnocytophaga,0,715
"(194.50602409638554, 1379.313253012048)",Rothia,0,716
"(197.83760683760684, 197.65811965811966)",Pasteurellaceae,0,717
"(201.68646864686468, 1844.970297029703)",Neisseriaceae,0,718
"(200.83229813664596, 1899.2173913043478)",Neisseriaceae,0,719
"(199.0655737704918, 1970.811475409836)",Pasteurellaceae,0,720
"(199.08270676691728, 1731.766917293233)",Veillonella,0,722
"(199.09259259259258, 41.2037037037037)",Pasteurellaceae,0,723
"(200.6102564102564, 1259.5641025641025)",Neisseriaceae,0,724
"(198.01111111111112, 1483.2444444444445)",Neisseriaceae,0,725
"(200.52777777777777, 350.94444444444446)",Leptotrichia,0,726
"(203.43225806451613, 995.258064516129)",Neisseriaceae,0,727
"(198.5084745762712, 1365.0169491525423)",Neisseriaceae,0,728
"(198.6990291262136, 1668.7572815533981)",Capnocytophaga,0,729
"(204.24698795180723, 1097.012048192771)",Veillonella,0,730
"(200.34426229508196, 1744.7704918032787)",Gemella,0,732
"(202.29906542056074, 1810.96261682243)",Neisseriaceae,0,733
"(203.16806722689077, 1017.6890756302521)",Rothia,0,735
"(202.2336448598131, 2036.233644859813)",Neisseriaceae,0,736
"(201.44444444444446, 141.07777777777778)",Pasteurellaceae,0,737
"(201.07272727272726, 1800.4)",Neisseriaceae,0,738
"(203.38144329896906, 71.27835051546391)",Leptotrichia,0,739
"(203.4551724137931, 239.4896551724138)",Pasteurellaceae,0,740
"(203.827868852459, 1331.4754098360656)",Veillonella,0,741
"(205.6290322580645, 106.10483870967742)",Pasteurellaceae,0,742
"(213.2996254681648, 1698.5505617977528)",Neisseriaceae,0,743
"(206.55652173913043, 89.29565217391304)",Leptotrichia,0,744
"(207.82142857142858, 468.484693877551)",Neisseriaceae,0,746
"(205.24096385542168, 1527.9156626506024)",Veillonella,0,747
"(203.95081967213116, 1714.655737704918)",Neisseriaceae,0,748
"(206.8, 1867.2)",Neisseriaceae,0,749
"(205.875, 382.5)",Campylobacter,0,751
"(207.04854368932038, 1241.7572815533981)",Neisseriaceae,0,752
"(207.9835164835165, 1950.532967032967)",Pasteurellaceae,0,753
"(213.56650246305418, 50.669950738916256)",Pasteurellaceae,0,754
"(206.25675675675674, 1048.581081081081)",TM7,0,755
"(208.95495495495496, 1884.6756756756756)",Neisseriaceae,0,756
"(208.29166666666666, 1996.0666666666666)",Pasteurellaceae,0,757
"(206.7530864197531, 548.5061728395061)",Actinomyces,0,758
"(208.46280991735537, 222.13223140495867)",Pasteurellaceae,0,759
"(207.62264150943398, 281.1132075471698)",Veillonella,0,760
"(210.54545454545453, 1117.5537190082644)",Veillonella,0,761
"(210.58064516129033, 1492.8387096774193)",Neisseriaceae,0,762
"(207.8360655737705, 1656.5573770491803)",Pasteurellaceae,0,763
"(214.9225806451613, 533.1677419354838)",Neisseriaceae,0,764
"(212.01388888888889, 1347.9097222222222)",Neisseriaceae,0,765
"(212.6605504587156, 1756.697247706422)",Neisseriaceae,0,766
"(208.67619047619047, 1923.4285714285713)",Neisseriaceae,0,767
"(211.968, 2011.176)",Neisseriaceae,0,768
"(209.47169811320754, 1514.2264150943397)",Neisseriaceae,0,770
"(210.65168539325842, 1824.314606741573)",Neisseriaceae,0,771
"(211.70408163265307, 131.62244897959184)",Pasteurellaceae,0,772
"(217.91735537190084, 396.5702479338843)",Gemella,0,773
"(212.34615384615384, 451.6057692307692)",Neisseriaceae,0,774
"(215.18, 250.49)",Neisseriaceae,0,775
"(213.26119402985074, 156.73880597014926)",Neisseriaceae,0,776
"(213.3661971830986, 1479.380281690141)",Neisseriaceae,0,778
"(215.70833333333334, 1800.6354166666667)",Veillonella,0,779
"(214.61111111111111, 1260.888888888889)",Pasteurellaceae,0,780
"(215.1046511627907, 1314.2325581395348)",Neisseriaceae,0,781
"(213.83050847457628, 1981.542372881356)",Neisseriaceae,0,782
"(217.4390243902439, 2020.9268292682927)",Neisseriaceae,0,783
"(217.17307692307693, 118.75)",Neisseriaceae,0,784
"(215.98305084745763, 378.4237288135593)",Leptotrichia,0,785
"(222.43939393939394, 1299.5454545454545)",Neisseriaceae,0,787
"(225.04854368932038, 1726.3106796116506)",Neisseriaceae,0,788
"(217.86153846153846, 83.16923076923077)",Campylobacter,0,789
"(217.62727272727273, 174.65454545454546)",Streptococcus,0,790
"(217.65040650406505, 202.91869918699186)",Pasteurellaceae,0,791
"(215.75384615384615, 267.3692307692308)",Neisseriaceae,0,792
"(220.7983870967742, 991.8387096774194)",Gemella,0,793
"(225.3944099378882, 1048.1304347826087)",Lautropia,0,794
"(219.85148514851485, 1664.2376237623762)",Neisseriaceae,0,795
"(216.91379310344828, 1894.6724137931035)",Neisseriaceae,0,796
"(218.26865671641792, 1910.9402985074628)",Neisseriaceae,0,797
"(221.9542857142857, 1969.1085714285714)",Neisseriaceae,0,798
"(220.26666666666668, 477.84)",Neisseriaceae,0,799
"(221.31372549019608, 561.7254901960785)",Neisseriaceae,0,800
"(218.5068493150685, 1252.2739726027398)",Neisseriaceae,0,801
"(218.1818181818182, 1328.4545454545455)",Veillonella,0,802
"(217.8448275862069, 1523.103448275862)",Gemella,0,803
"(220.1734693877551, 1852.908163265306)",Neisseriaceae,0,804
"(224.60330578512398, 276.20661157024796)",Gemella,0,805
"(221.2625, 441.7875)",Neisseriaceae,0,806
"(225.77777777777777, 900.1437908496732)",Selenomonas,0,808
"(221.6341463414634, 1742.0731707317073)",Neisseriaceae,0,809
"(220.0121951219512, 1923.2439024390244)",Neisseriaceae,0,810
"(222.6293103448276, 1946.2844827586207)",Neisseriaceae,0,811
"(221.3048780487805, 2043.1341463414635)",Neisseriaceae,0,812
"(223.8855421686747, 364.54819277108436)",Neisseriaceae,0,813
"(222.16470588235293, 1008.5176470588235)",Rothia,0,814
"(222.51111111111112, 1361.7222222222222)",Neisseriaceae,0,815
"(225.35294117647058, 1817.3088235294117)",Neisseriaceae,0,817
"(226.1743119266055, 71.1651376146789)",Leptotrichia,0,818
"(223.87755102040816, 102.51020408163265)",Neisseriaceae,0,819
"(225.15384615384616, 134.80769230769232)",Pasteurellaceae,0,820
"(222.21621621621622, 224.82432432432432)",Capnocytophaga,0,821
"(228.34677419354838, 573.4032258064516)",Gemella,0,822
"(230.64814814814815, 1091.2962962962963)",Veillonella,0,823
"(225.21546961325967, 1782.8950276243095)",Neisseriaceae,0,824
"(225.84313725490196, 238.7843137254902)",Pasteurellaceae,0,825
"(225.90551181102362, 1390.6220472440946)",Neisseriaceae,0,827
"(224.16666666666666, 1508.4222222222222)",Neisseriaceae,0,828
"(229.3955223880597, 1652.4850746268658)",Capnocytophaga,0,829
"(226.81666666666666, 1830.6166666666666)",Neisseriaceae,0,830
"(226.63716814159292, 1989.4513274336284)",Neisseriaceae,0,831
"(225.92, 615.9066666666666)",Veillonella,0,832
"(226.93333333333334, 1282.04)",Pasteurellaceae,0,833
"(236.78076923076924, 1332.003846153846)",Neisseriaceae,0,834
"(227.6024096385542, 1528.0843373493976)",Gemella,0,836
"(230.26923076923077, 1591.8076923076924)",Neisseriaceae,0,837
"(226.1625, 1881.625)",Neisseriaceae,0,838
"(229.48466257668713, 1026.398773006135)",Pasteurellaceae,0,839
"(229.19444444444446, 1071.5069444444443)",Veillonella,0,840
"(231.0467289719626, 185.44859813084113)",Pasteurellaceae,0,841
"(227.63291139240508, 350.63291139240505)",Neisseriaceae,0,842
"(231.85443037974684, 1863.4367088607594)",Pasteurellaceae,0,846
"(226.1875, 1897.515625)",Veillonella,0,847
"(231.53947368421052, 167.66447368421052)",Actinomyces,0,848
"(240.35036496350364, 464.5985401459854)",Pasteurellaceae,0,849
"(228.3230769230769, 488.4923076923077)",Actinomyces,0,850
"(229.27748691099475, 633.6020942408377)",Gemella,0,852
"(229.2, 1265.4777777777779)",Capnocytophaga,0,853
"(231.28494623655914, 1487.8225806451612)",Neisseriaceae,0,854
"(231.69148936170214, 2040.404255319149)",Neisseriaceae,0,855
"(235.81856540084388, 204.1054852320675)",Pasteurellaceae,0,856
"(229.72527472527472, 1705.0879120879122)",Neisseriaceae,0,857
"(229.51190476190476, 1809.5833333333333)",Neisseriaceae,0,858
"(230.94017094017093, 2006.2393162393162)",Neisseriaceae,0,859
"(232.4189189189189, 435.6756756756757)",Pasteurellaceae,0,860
"(234.63636363636363, 1374.3719008264463)",Neisseriaceae,0,861
"(230.77777777777777, 1752.7777777777778)",Neisseriaceae,0,862
"(232.43478260869566, 118.70652173913044)",Pasteurellaceae,0,863
"(230.3951612903226, 417.9274193548387)",Leptotrichia,0,864
"(231.78947368421052, 682.8684210526316)",Veillonella,0,865
"(236.65734265734267, 1312.7272727272727)",Neisseriaceae,0,866
"(235.44086021505376, 91.79569892473118)",Pasteurellaceae,0,867
"(233.21495327102804, 385.5514018691589)",Neisseriaceae,0,868
"(237.0, 526.7829457364342)",Pasteurellaceae,0,869
"(235.14285714285714, 546.1176470588235)",Neisseriaceae,0,870
"(237.5609756097561, 1763.4308943089432)",Neisseriaceae,0,871
"(237.6969696969697, 53.7939393939394)",Pasteurellaceae,0,872
"(234.10344827586206, 252.04310344827587)",Neisseriaceae,0,873
"(242.0513698630137, 881.1780821917808)",Gemella,0,874
"(234.27450980392157, 1453.637254901961)",Neisseriaceae,0,875
"(236.83116883116884, 154.71428571428572)",Pasteurellaceae,0,876
"(236.3939393939394, 226.42424242424244)",Pasteurellaceae,0,877
"(235.54887218045113, 591.4135338345865)",Gemella,0,878
"(235.14084507042253, 1606.7042253521126)",Neisseriaceae,0,880
"(239.15873015873015, 1947.0873015873017)",Neisseriaceae,0,882
"(237.13, 1506.46)",Neisseriaceae,0,884
"(238.67611336032388, 1920.8785425101214)",Neisseriaceae,0,885
"(240.3780487804878, 412.7317073170732)",Leptotrichia,0,886
"(238.19480519480518, 448.4155844155844)",Neisseriaceae,0,887
"(236.97727272727272, 656.4545454545455)",Neisseriaceae,0,888
"(239.76923076923077, 906.4134615384615)",Prevotella,0,889
"(236.66666666666666, 1011.1666666666666)",Actinomyces,0,890
"(239.2577319587629, 1416.2577319587629)",Neisseriaceae,0,891
"(238.424, 1901.536)",Neisseriaceae,0,892
"(240.36111111111111, 612.1388888888889)",Veillonella,0,893
"(243.2601156069364, 675.6011560693642)",Veillonella,0,894
"(250.91575091575092, 1444.3919413919414)",Neisseriaceae,0,895
"(241.64583333333334, 484.90277777777777)",Neisseriaceae,0,896
"(240.23214285714286, 697.1785714285714)",Veillonella,0,897
"(241.21641791044777, 994.5746268656717)",Actinomyces,0,898
"(242.86666666666667, 1970.4333333333334)",Veillonella,0,899
"(245.11244979919678, 269.71084337349396)",Gemella,0,900
"(243.23529411764707, 645.8117647058823)",Neisseriaceae,0,901
"(240.43703703703704, 1788.2666666666667)",Neisseriaceae,0,902
"(249.3169398907104, 769.0928961748634)",Veillonella,0,903
"(244.6283185840708, 1248.5486725663716)",Pasteurellaceae,0,904
"(249.56342182890856, 1349.9115044247787)",Neisseriaceae,0,905
"(243.38372093023256, 1397.4186046511627)",Neisseriaceae,0,906
"(249.94466403162056, 1603.3399209486165)",Neisseriaceae,0,907
"(242.76470588235293, 1646.1176470588234)",Capnocytophaga,0,908
"(249.11834319526628, 1772.4201183431953)",Neisseriaceae,0,909
"(249.16923076923078, 1811.9384615384615)",Neisseriaceae,0,910
"(248.3186813186813, 120.86263736263736)",Capnocytophaga,0,911
"(247.08743169398906, 141.50819672131146)",Rothia,0,912
"(243.46376811594203, 343.8695652173913)",Actinomyces,0,913
"(243.5, 359.3414634146341)",Campylobacter,0,914
"(243.05769230769232, 623.8846153846154)",Neisseriaceae,0,915
"(244.7456647398844, 1289.179190751445)",Neisseriaceae,0,916
"(249.76756756756757, 1522.7135135135136)",Veillonella,0,917
"(243.16666666666666, 2013.4333333333334)",Pasteurellaceae,0,918
"(246.232, 70.72)",Neisseriaceae,0,919
"(244.75728155339806, 1264.5728155339805)",Neisseriaceae,0,920
"(251.36796536796535, 1579.6190476190477)",Neisseriaceae,0,921
"(244.8134328358209, 1739.3955223880596)",Neisseriaceae,0,922
"(244.5084745762712, 1877.864406779661)",Neisseriaceae,0,923
"(247.875, 1993.9926470588234)",Neisseriaceae,0,924
"(247.03225806451613, 106.33870967741936)",Leptotrichia,0,925
"(248.1150442477876, 185.93805309734512)",Pasteurellaceae,0,926
"(247.33928571428572, 375.79464285714283)",Rothia,0,928
"(245.13235294117646, 572.0588235294117)",Neisseriaceae,0,930
"(245.85714285714286, 856.0357142857143)",Gemella,0,931
"(244.88333333333333, 977.5166666666667)",Campylobacter,0,932
"(248.94375, 1715.5875)",Lautropia,0,933
"(246.46666666666667, 432.88)",Pasteurellaceae,0,934
"(246.50704225352112, 1058.4366197183099)",Veillonella,0,935
"(247.9625, 1830.4625)",Neisseriaceae,0,936
"(247.12, 1845.12)",Neisseriaceae,0,937
"(246.69767441860466, 2034.6434108527133)",Neisseriaceae,0,938
"(252.88235294117646, 1891.7156862745098)",Neisseriaceae,0,940
"(250.7, 166.75)",Porphyromonas,0,941
"(250.92134831460675, 694.6404494382023)",Neisseriaceae,0,942
"(250.26136363636363, 1185.8181818181818)",Veillonella,0,943
"(251.13131313131314, 1418.8181818181818)",Neisseriaceae,0,946
"(251.04545454545453, 1787.090909090909)",Neisseriaceae,0,947
"(251.34177215189874, 536.7088607594936)",Leptotrichia,0,948
"(250.69333333333333, 1372.5333333333333)",Veillonella,0,949
"(251.2233009708738, 1537.883495145631)",Lautropia,0,950
"(252.0097087378641, 1748.9417475728155)",Neisseriaceae,0,951
"(250.57894736842104, 1936.842105263158)",Neisseriaceae,0,952
"(252.66949152542372, 228.01694915254237)",Capnocytophaga,0,953
"(256.3523316062176, 580.8186528497409)",Neisseriaceae,0,955
"(251.33846153846153, 661.9846153846154)",Prevotella,0,956
"(252.02941176470588, 1465.9117647058824)",Capnocytophaga,0,957
"(252.75531914893617, 1493.8563829787233)",Veillonella,0,958
"(252.38888888888889, 1854.611111111111)",Neisseriaceae,0,959
"(253.09459459459458, 557.277027027027)",Rothia,0,960
"(252.14285714285714, 1084.375939849624)",Prevotella,0,961
"(253.99375, 84.1875)",Pasteurellaceae,0,962
"(255.73504273504273, 1016.3333333333334)",Rothia,0,963
"(255.75510204081633, 1905.4489795918366)",Pasteurellaceae,0,964
"(254.43548387096774, 1926.5645161290322)",Neisseriaceae,0,965
"(254.03571428571428, 705.2142857142857)",Pasteurellaceae,0,966
"(254.17777777777778, 972.5222222222222)",Campylobacter,0,967
"(257.37974683544303, 1063.4303797468353)",Gemella,0,968
"(256.07142857142856, 1173.0357142857142)",Lautropia,0,970
"(258.44827586206895, 1236.606896551724)",Lautropia,0,971
"(259.4939024390244, 440.0182926829268)",Pasteurellaceae,0,972
"(256.9217391304348, 600.7739130434783)",Neisseriaceae,0,973
"(255.39344262295083, 631.7868852459017)",Neisseriaceae,0,974
"(256.68382352941177, 1045.9485294117646)",Neisseriaceae,0,975
"(264.945, 1314.29)",Neisseriaceae,0,976
"(260.1954887218045, 1960.624060150376)",Veillonella,0,977
"(262.16129032258067, 482.0)",Neisseriaceae,0,978
"(257.53846153846155, 1001.3846153846154)",Campylobacter,0,979
"(264.24056603773585, 1866.0)",Neisseriaceae,0,980
"(257.7471264367816, 205.82758620689654)",Pasteurellaceae,0,981
"(258.74301675977654, 346.39106145251395)",Leptotrichia,0,982
"(257.82, 647.38)",Neisseriaceae,0,983
"(263.5730337078652, 756.7808988764045)",Veillonella,0,984
"(259.25714285714287, 159.36190476190475)",Rothia,0,985
"(257.640625, 1301.078125)",Neisseriaceae,0,988
"(264.8049645390071, 1735.9964539007092)",Lautropia,0,989
"(262.4529147982063, 2012.7085201793723)",Pasteurellaceae,0,990
"(267.22140221402213, 182.69372693726936)",Fusobacterium,0,991
"(261.86538461538464, 243.56730769230768)",Neisseriaceae,0,992
"(259.7235772357724, 854.3739837398374)",Lautropia,0,993
"(265.9342723004695, 1394.6901408450703)",Rothia,0,994
"(260.0126582278481, 1476.2278481012659)",Neisseriaceae,0,995
"(261.859649122807, 17.99122807017544)",Campylobacter,0,996
"(263.88652482269504, 61.319148936170215)",Neisseriaceae,0,997
"(264.6381578947368, 990.0723684210526)",Campylobacter,0,998
"(263.875, 1259.2794117647059)",Rothia,0,999
"(268.06827309236945, 1278.3493975903614)",Neisseriaceae,0,1000
"(265.1034482758621, 2039.8275862068965)",Neisseriaceae,0,1001
"(261.5731707317073, 257.6707317073171)",Gemella,0,1002
"(265.5603448275862, 629.2241379310345)",Neisseriaceae,0,1003
"(263.0308641975309, 673.4938271604939)",Leptotrichia,0,1004
"(262.75280898876406, 695.9662921348314)",Capnocytophaga,0,1005
"(261.9072164948454, 1826.5154639175257)",Neisseriaceae,0,1006
"(279.5047021943574, 1146.2664576802508)",Neisseriaceae,0,1007
"(264.80172413793105, 521.6810344827586)",Pasteurellaceae,0,1009
"(264.4025974025974, 534.6883116883117)",Leptotrichia,0,1010
"(264.5769230769231, 1364.5576923076924)",Streptococcus,0,1011
"(264.66279069767444, 1914.6046511627908)",Neisseriaceae,0,1012
"(261.9, 1992.1)",Neisseriaceae,0,1013
"(265.7295081967213, 139.85245901639345)",Gemella,0,1014
"(263.7113402061856, 377.0618556701031)",Neisseriaceae,0,1015
"(264.9024390243902, 611.439024390244)",Neisseriaceae,0,1017
"(264.3888888888889, 1295.5555555555557)",Neisseriaceae,0,1018
"(266.48387096774195, 97.7258064516129)",Treponema,0,1020
"(268.83216783216784, 366.6013986013986)",Pasteurellaceae,0,1021
"(268.1637426900585, 1511.5497076023391)",Neisseriaceae,0,1022
"(277.92926045016077, 1783.5691318327974)",Veillonella,0,1023
"(265.5147058823529, 1891.1764705882354)",Neisseriaceae,0,1024
"(269.94375, 1947.65)",Neisseriaceae,0,1025
"(269.78735632183907, 41.5)",Leptotrichia,0,1026
"(267.3943661971831, 399.50704225352115)",Leptotrichia,0,1027
"(266.4848484848485, 721.6818181818181)",Lautropia,0,1028
"(266.1333333333333, 1134.96)",Pasteurellaceae,0,1029
"(271.4154929577465, 1331.0774647887324)",Streptococcus,0,1030
"(267.44871794871796, 1603.5384615384614)",Prevotella,0,1031
"(269.9307692307692, 1758.7076923076922)",Lautropia,0,1032
"(277.244094488189, 12.271653543307087)",Pasteurellaceae,0,1033
"(269.55797101449275, 961.4130434782609)",Neisseriaceae,0,1034
"(268.43835616438355, 1006.2602739726027)",Pasteurellaceae,0,1035
"(267.7542372881356, 1079.9661016949153)",Pasteurellaceae,0,1036
"(271.625, 1142.236111111111)",Neisseriaceae,0,1037
"(271.1525423728813, 1587.415254237288)",Neisseriaceae,0,1038
"(270.38655462184875, 80.15126050420169)",Pasteurellaceae,0,1039
"(272.06666666666666, 207.76666666666668)",Streptococcus,0,1040
"(272.6060606060606, 604.8484848484849)",Neisseriaceae,0,1041
"(271.7795698924731, 1417.8602150537633)",Neisseriaceae,0,1042
"(270.1233766233766, 1806.344155844156)",Neisseriaceae,0,1043
"(268.9166666666667, 1931.2261904761904)",Neisseriaceae,0,1044
"(271.1913043478261, 453.0608695652174)",Capnocytophaga,0,1045
"(270.3392857142857, 689.9821428571429)",Leptotrichia,0,1046
"(284.9227272727273, 130.28636363636363)",Corynebacterium,0,1047
"(273.4943820224719, 387.561797752809)",Neisseriaceae,0,1049
"(272.15294117647056, 561.0)",Rothia,0,1050
"(283.1267123287671, 1251.8664383561643)",Neisseriaceae,0,1051
"(271.8333333333333, 1378.6666666666667)",Porphyromonas,0,1052
"(272.77272727272725, 1437.3068181818182)",Neisseriaceae,0,1053
"(272.1666666666667, 111.53703703703704)",Leptotrichia,0,1054
"(285.3095238095238, 263.07142857142856)",Lautropia,0,1055
"(273.6235294117647, 1472.7176470588236)",Neisseriaceae,0,1056
"(272.7916666666667, 1974.375)",Neisseriaceae,0,1057
"(283.375, 321.68359375)",Veillonella,0,1058
"(273.6666666666667, 585.8070175438596)",Neisseriaceae,0,1059
"(277.2972972972973, 734.2432432432432)",Gemella,0,1060
"(274.972602739726, 1128.4383561643835)",Pasteurellaceae,0,1061
"(272.9868421052632, 1164.9342105263158)",Capnocytophaga,0,1062
"(283.4733727810651, 1523.3550295857988)",Lautropia,0,1063
"(274.4646464646465, 1049.3737373737374)",Neisseriaceae,0,1065
"(277.1981981981982, 1086.3153153153153)",Neisseriaceae,0,1066
"(274.65168539325845, 1354.4943820224719)",Neisseriaceae,0,1067
"(278.5731707317073, 1874.280487804878)",Neisseriaceae,0,1068
"(278.15671641791045, 469.2686567164179)",Corynebacterium,0,1069
"(275.296875, 977.546875)",Neisseriaceae,0,1070
"(275.9895833333333, 1300.8020833333333)",Streptococcus,0,1071
"(275.0327868852459, 1567.4754098360656)",Neisseriaceae,0,1072
"(275.86524822695037, 1828.8297872340424)",Neisseriaceae,0,1073
"(277.1904761904762, 2001.0680272108843)",Pasteurellaceae,0,1074
"(276.78125, 1069.90625)",Veillonella,0,1075
"(276.39285714285717, 1889.017857142857)",Neisseriaceae,0,1076
"(277.8627450980392, 247.54901960784315)",Neisseriaceae,0,1077
"(282.13868613138686, 546.014598540146)",Neisseriaceae,0,1078
"(285.7125, 1855.61875)",Neisseriaceae,0,1079
"(278.8175182481752, 1900.3722627737227)",Neisseriaceae,0,1080
"(283.0420560747664, 635.4672897196261)",Neisseriaceae,0,1081
"(283.13461538461536, 1113.6971153846155)",Neisseriaceae,0,1082
"(278.61682242990656, 1501.5981308411215)",Neisseriaceae,0,1084
"(280.73809523809524, 1917.9285714285713)",Neisseriaceae,0,1085
"(279.03389830508473, 617.728813559322)",Veillonella,0,1086
"(286.1473354231975, 704.8181818181819)",Pasteurellaceae,0,1087
"(279.7190082644628, 941.8760330578513)",Pasteurellaceae,0,1088
"(280.62857142857143, 1407.0428571428572)",Neisseriaceae,0,1089
"(281.47474747474746, 404.969696969697)",Capnocytophaga,0,1091
"(284.1031746031746, 2021.031746031746)",Capnocytophaga,0,1093
"(283.4351145038168, 2038.5419847328244)",Neisseriaceae,0,1094
"(283.76258992805754, 528.7338129496403)",Neisseriaceae,0,1095
"(288.85561497326205, 1933.4385026737968)",Neisseriaceae,0,1097
"(289.43037974683546, 57.860759493670884)",Neisseriaceae,0,1098
"(281.9146341463415, 338.3780487804878)",Lautropia,0,1099
"(290.2171717171717, 1228.2424242424242)",Lautropia,0,1100
"(286.64827586206894, 1481.9862068965517)",Veillonella,0,1101
"(284.3073593073593, 1653.6450216450216)",Neisseriaceae,0,1102
"(286.51063829787233, 764.3191489361702)",Leptotrichia,0,1103
"(283.9669421487603, 1001.0)",Rothia,0,1104
"(285.1948051948052, 579.2727272727273)",Neisseriaceae,0,1105
"(285.8059701492537, 981.7462686567164)",Neisseriaceae,0,1106
"(285.1770833333333, 1953.1458333333333)",Neisseriaceae,0,1107
"(292.5719696969697, 172.00757575757575)",Pasteurellaceae,0,1108
"(295.09941520467834, 360.187134502924)",Neisseriaceae,0,1109
"(286.6847826086956, 657.4782608695652)",Pasteurellaceae,0,1110
"(287.12820512820514, 923.3675213675214)",Neisseriaceae,0,1111
"(297.0600858369099, 958.5450643776824)",Neisseriaceae,0,1112
"(285.22222222222223, 1421.111111111111)",Neisseriaceae,0,1114
"(286.80898876404495, 599.5505617977528)",Neisseriaceae,0,1115
"(285.04918032786884, 841.2950819672132)",TM7,0,1116
"(286.9, 1095.5714285714287)",Neisseriaceae,0,1117
"(289.05194805194805, 1326.857142857143)",Pasteurellaceae,0,1118
"(288.43918918918916, 1460.7972972972973)",Neisseriaceae,0,1119
"(287.0, 152.5)",Capnocytophaga,0,1120
"(301.54829545454544, 384.0823863636364)",Neisseriaceae,0,1121
"(287.79761904761904, 565.3690476190476)",Neisseriaceae,0,1122
"(294.5, 1068.7602739726028)",Streptococcus,0,1123
"(290.52985074626866, 1359.1044776119404)",Porphyromonas,0,1124
"(295.6290801186944, 1430.8249258160238)",Neisseriaceae,0,1125
"(286.46478873239437, 1680.056338028169)",Neisseriaceae,0,1126
"(287.36507936507934, 189.984126984127)",Fusobacterium,0,1127
"(290.35526315789474, 212.75)",Porphyromonas,0,1128
"(288.1666666666667, 685.2962962962963)",Pasteurellaceae,0,1129
"(290.14953271028037, 1289.5046728971963)",Rothia,0,1133
"(292.46875, 1339.8958333333333)",Neisseriaceae,0,1134
"(290.1825396825397, 1585.9126984126983)",Corynebacterium,0,1135
"(294.3095238095238, 1807.8095238095239)",Neisseriaceae,0,1136
"(293.21787709497204, 1971.6759776536312)",Veillonella,0,1137
"(292.4453781512605, 1036.873949579832)",Rothia,0,1138
"(292.28, 1312.98)",Neisseriaceae,0,1139
"(290.76724137931035, 1504.2758620689656)",Neisseriaceae,0,1140
"(292.6930693069307, 1689.6732673267327)",Neisseriaceae,0,1141
"(294.076, 1738.816)",Gemella,0,1142
"(291.61224489795916, 1826.1224489795918)",Neisseriaceae,0,1143
"(295.3233082706767, 670.9248120300751)",Pasteurellaceae,0,1144
"(293.22549019607845, 1878.8823529411766)",Neisseriaceae,0,1145
"(293.6470588235294, 2.2941176470588234)",Neisseriaceae,0,1146
"(295.3008849557522, 610.5309734513274)",Neisseriaceae,0,1147
"(293.456, 1391.76)",Neisseriaceae,0,1148
"(299.82894736842104, 1673.0263157894738)",Neisseriaceae,0,1149
"(299.2692307692308, 1846.4945054945056)",Neisseriaceae,0,1150
"(297.15819209039546, 18.75141242937853)",Neisseriaceae,0,1151
"(295.5882352941176, 335.14285714285717)",Neisseriaceae,0,1152
"(294.1060606060606, 976.4318181818181)",Neisseriaceae,0,1154
"(294.79761904761904, 2006.8095238095239)",Veillonella,0,1155
"(295.06451612903226, 942.4086021505376)",Pasteurellaceae,0,1157
"(296.25252525252523, 1605.6868686868686)",Gemella,0,1158
"(296.3265306122449, 1906.908163265306)",Neisseriaceae,0,1159
"(302.27810650887574, 732.8165680473372)",Rothia,0,1160
"(295.0566037735849, 848.7735849056604)",Lautropia,0,1161
"(298.0232558139535, 1021.1104651162791)",Leptotrichia,0,1162
"(296.6046511627907, 1783.3139534883721)",Neisseriaceae,0,1163
"(302.3076923076923, 527.4538461538461)",Rothia,0,1164
"(303.5188284518828, 766.2719665271967)",Capnocytophaga,0,1165
"(298.3636363636364, 552.0)",Rothia,0,1166
"(296.92105263157896, 995.5263157894736)",Neisseriaceae,0,1167
"(297.6842105263158, 1082.463157894737)",Rothia,0,1168
"(298.0421052631579, 1277.178947368421)",Neisseriaceae,0,1169
"(296.49056603773585, 1946.0)",Neisseriaceae,0,1170
"(298.2549019607843, 400.88235294117646)",Corynebacterium,0,1171
"(298.93055555555554, 1061.4166666666667)",Veillonella,0,1172
"(302.4830508474576, 1657.1864406779662)",Neisseriaceae,0,1173
"(299.9909090909091, 198.92727272727274)",Neisseriaceae,0,1174
"(300.1592920353982, 582.5044247787611)",Neisseriaceae,0,1175
"(300.4025974025974, 1126.5974025974026)",Neisseriaceae,0,1176
"(304.3267326732673, 540.3960396039604)",Rothia,0,1179
"(300.5673076923077, 651.7884615384615)",Neisseriaceae,0,1180
"(303.8606060606061, 1302.6969696969697)",Neisseriaceae,0,1181
"(300.8481012658228, 1619.9620253164558)",Treponema,0,1182
"(303.0444444444444, 224.9)",Rothia,0,1183
"(301.30379746835445, 622.0126582278481)",Neisseriaceae,0,1184
"(300.8939393939394, 1105.5227272727273)",Pasteurellaceae,0,1185
"(302.09473684210525, 1200.0)",Veillonella,0,1186
"(300.31081081081084, 1869.972972972973)",Neisseriaceae,0,1187
"(304.7164179104478, 160.40298507462686)",Leptotrichia,0,1188
"(302.89473684210526, 720.2236842105264)",Campylobacter,0,1189
"(302.25, 927.29)",Pasteurellaceae,0,1190
"(303.3888888888889, 1005.0555555555555)",Neisseriaceae,0,1191
"(300.6056338028169, 1262.0422535211267)",Neisseriaceae,0,1192
"(304.0763888888889, 1452.986111111111)",Neisseriaceae,0,1193
"(301.6470588235294, 1499.2794117647059)",Neisseriaceae,0,1194
"(305.09150326797385, 1989.797385620915)",Neisseriaceae,0,1195
"(304.34722222222223, 1704.6527777777778)",Pasteurellaceae,0,1196
"(308.37125748502996, 1923.1497005988024)",Veillonella,0,1197
"(303.61538461538464, 1951.5384615384614)",Neisseriaceae,0,1198
"(305.5141242937853, 2031.8248587570622)",Neisseriaceae,0,1199
"(312.3937282229965, 307.54703832752614)",Prevotella,0,1200
"(303.875, 1135.921875)",Neisseriaceae,0,1201
"(307.20647773279353, 247.8906882591093)",Leptotrichia,0,1202
"(305.1774193548387, 567.6774193548387)",Neisseriaceae,0,1203
"(306.2608695652174, 633.1652173913044)",Pasteurellaceae,0,1204
"(305.9310344827586, 746.8505747126437)",Rothia,0,1205
"(310.97938144329896, 1054.0309278350514)",Porphyromonas,0,1206
"(306.35502958579883, 1362.792899408284)",Neisseriaceae,0,1207
"(313.15488215488216, 131.6060606060606)",Leptotrichia,0,1209
"(307.35051546391753, 324.1546391752577)",Neisseriaceae,0,1210
"(306.0422535211268, 601.5774647887324)",Pasteurellaceae,0,1211
"(306.3090909090909, 1211.8363636363636)",Neisseriaceae,0,1212
"(309.4331550802139, 1237.3208556149732)",Neisseriaceae,0,1213
"(309.875, 1335.517857142857)",Neisseriaceae,0,1214
"(309.6290322580645, 1636.0725806451612)",Pasteurellaceae,0,1215
"(305.9864864864865, 1797.6891891891892)",Neisseriaceae,0,1216
"(307.71830985915494, 1404.4507042253522)",Neisseriaceae,0,1217
"(308.8510638297872, 1823.223404255319)",Neisseriaceae,0,1218
"(310.94444444444446, 976.7986111111111)",Neisseriaceae,0,1219
"(308.33962264150944, 1473.367924528302)",Streptococcus,0,1221
"(311.16279069767444, 344.1860465116279)",Veillonella,0,1223
"(314.1021897810219, 1039.7445255474452)",Gemella,0,1224
"(309.7464788732394, 1272.4084507042253)",Neisseriaceae,0,1225
"(310.4173228346457, 1687.3149606299212)",Pasteurellaceae,0,1226
"(316.73858921161826, 33.64730290456431)",Veillonella,0,1227
"(311.9304347826087, 1120.2347826086957)",Neisseriaceae,0,1228
"(314.73856209150324, 1259.1503267973856)",Neisseriaceae,0,1229
"(311.1089108910891, 1388.5346534653465)",Neisseriaceae,0,1230
"(312.2857142857143, 1606.452380952381)",Veillonella,0,1231
"(310.68333333333334, 1808.6333333333334)",Neisseriaceae,0,1233
"(317.327731092437, 185.33193277310923)",Capnocytophaga,0,1234
"(311.90697674418607, 1648.593023255814)",Neisseriaceae,0,1235
"(316.05263157894734, 1968.5358851674641)",Gemella,0,1236
"(312.6025641025641, 209.15384615384616)",Neisseriaceae,0,1237
"(317.5079365079365, 903.3968253968254)",Leptotrichia,0,1238
"(316.27777777777777, 988.5714285714286)",Neisseriaceae,0,1240
"(320.2603550295858, 1139.905325443787)",Neisseriaceae,0,1241
"(316.9593023255814, 548.8953488372093)",Rothia,0,1243
"(318.7003891050584, 1082.1400778210116)",Neisseriaceae,0,1244
"(317.77777777777777, 1427.921568627451)",Neisseriaceae,0,1245
"(314.24038461538464, 1502.3942307692307)",Pasteurellaceae,0,1246
"(318.10648148148147, 1765.2777777777778)",Veillonella,0,1247
"(317.56451612903226, 1887.5483870967741)",Rothia,0,1248
"(312.6271186440678, 1948.084745762712)",Pasteurellaceae,0,1249
"(315.27272727272725, 1219.5974025974026)",Fusobacterium,0,1250
"(314.4689655172414, 1871.4827586206898)",Neisseriaceae,0,1251
"(321.0325203252033, 1909.8373983739837)",Neisseriaceae,0,1252
"(316.7755102040816, 569.9081632653061)",Neisseriaceae,0,1253
"(315.2962962962963, 589.7685185185185)",Pasteurellaceae,0,1254
"(319.29761904761904, 710.625)",Rothia,0,1255
"(317.8984375, 788.8984375)",Neisseriaceae,0,1256
"(313.6515151515151, 1104.1515151515152)",Neisseriaceae,0,1257
"(317.7843137254902, 1293.6470588235295)",Neisseriaceae,0,1258
"(319.7277227722772, 1480.09900990099)",Veillonella,0,1259
"(321.6751269035533, 1706.527918781726)",Pasteurellaceae,0,1260
"(317.11210762331837, 1729.762331838565)",Pasteurellaceae,0,1261
"(318.25850340136054, 11.870748299319727)",Capnocytophaga,0,1262
"(315.88461538461536, 109.21153846153847)",Capnocytophaga,0,1263
"(317.875, 334.5138888888889)",Veillonella,0,1264
"(318.4842105263158, 645.7368421052631)",Pasteurellaceae,0,1265
"(316.18666666666667, 914.6266666666667)",Leptotrichia,0,1266
"(316.96774193548384, 929.6451612903226)",Leptotrichia,0,1267
"(322.8855421686747, 1369.9518072289156)",Veillonella,0,1268
"(316.66153846153844, 1414.9846153846154)",Neisseriaceae,0,1269
"(322.2091503267974, 1610.2091503267975)",Veillonella,0,1270
"(315.03508771929825, 1746.157894736842)",Neisseriaceae,0,1271
"(318.85714285714283, 1847.28)",Neisseriaceae,0,1272
"(321.8534482758621, 730.2068965517242)",Neisseriaceae,0,1273
"(315.9423076923077, 1022.8461538461538)",Veillonella,0,1274
"(318.48387096774195, 1201.9462365591398)",Actinomyces,0,1275
"(321.0430107526882, 1328.989247311828)",Treponema,0,1276
"(320.9918699186992, 235.04065040650406)",Leptotrichia,0,1277
"(326.7992277992278, 947.6679536679536)",Neisseriaceae,0,1279
"(317.96491228070175, 1008.3421052631579)",Neisseriaceae,0,1280
"(323.0625, 1444.9107142857142)",Neisseriaceae,0,1281
"(322.27142857142854, 2022.8428571428572)",Streptococcus,0,1282
"(321.2875, 161.8875)",Capnocytophaga,0,1283
"(320.0744680851064, 685.3829787234042)",Pasteurellaceae,0,1284
"(319.2549019607843, 1279.8235294117646)",Neisseriaceae,0,1285
"(323.64444444444445, 1315.037037037037)",Neisseriaceae,0,1286
"(319.8550724637681, 604.1449275362319)",Neisseriaceae,0,1287
"(328.02127659574467, 621.8617021276596)",Neisseriaceae,0,1288
"(318.9433962264151, 1456.132075471698)",Prevotella,0,1290
"(320.79661016949154, 1588.415254237288)",Veillonella,0,1291
"(320.15555555555557, 1672.5333333333333)",Pasteurellaceae,0,1292
"(321.27272727272725, 2005.590909090909)",Veillonella,0,1293
"(323.479674796748, 750.219512195122)",Pasteurellaceae,0,1294
"(321.86, 1791.09)",Neisseriaceae,0,1295
"(321.3979591836735, 1941.2244897959183)",Pasteurellaceae,0,1296
"(327.50344827586207, 1626.103448275862)",Veillonella,0,1297
"(327.0419161676647, 670.5688622754491)",Pasteurellaceae,0,1298
"(322.6774193548387, 832.4032258064516)",Leptotrichia,0,1299
"(322.7457627118644, 1401.0677966101696)",Neisseriaceae,0,1300
"(323.18518518518516, 1662.5)",Leptotrichia,0,1301
"(325.94262295081967, 1816.4016393442623)",Neisseriaceae,0,1302
"(322.92857142857144, 1991.1571428571428)",Gemella,0,1303
"(325.0357142857143, 2040.4910714285713)",Veillonella,0,1304
"(325.5405405405405, 807.8198198198198)",Leptotrichia,0,1305
"(328.6666666666667, 1053.0)",Lautropia,0,1306
"(326.3296703296703, 1243.3846153846155)",Neisseriaceae,0,1307
"(334.625, 1801.0735294117646)",Neisseriaceae,0,1308
"(326.95588235294116, 381.1470588235294)",Veillonella,0,1309
"(332.4266666666667, 154.09333333333333)",Pasteurellaceae,0,1310
"(328.0886075949367, 355.1012658227848)",Neisseriaceae,0,1311
"(330.80645161290323, 606.0537634408602)",Pasteurellaceae,0,1312
"(329.4557823129252, 207.81632653061226)",Leptotrichia,0,1313
"(330.280487804878, 226.9268292682927)",Leptotrichia,0,1314
"(334.4148936170213, 826.1702127659574)",Leptotrichia,0,1315
"(331.63309352517985, 1033.1079136690648)",Neisseriaceae,0,1317
"(329.87254901960785, 1101.3333333333333)",Pasteurellaceae,0,1318
"(335.912, 1118.964)",Neisseriaceae,0,1319
"(333.1782945736434, 1271.2403100775193)",Neisseriaceae,0,1320
"(328.1730769230769, 1682.1538461538462)",Pasteurellaceae,0,1321
"(329.9193548387097, 561.258064516129)",Pasteurellaceae,0,1322
"(329.9347826086956, 1151.7391304347825)",Pasteurellaceae,0,1323
"(328.64516129032256, 1290.258064516129)",Neisseriaceae,0,1324
"(331.69158878504675, 1351.1308411214952)",Pasteurellaceae,0,1325
"(336.1637426900585, 1388.6198830409357)",Neisseriaceae,0,1326
"(330.7837837837838, 133.02702702702703)",Campylobacter,0,1328
"(334.2417061611374, 640.1895734597157)",Neisseriaceae,0,1329
"(333.5622119815668, 1003.3087557603686)",Neisseriaceae,0,1330
"(331.0689655172414, 1205.8045977011495)",Neisseriaceae,0,1331
"(330.375, 1436.225)",Neisseriaceae,0,1333
"(335.77358490566036, 587.7924528301887)",Neisseriaceae,0,1334
"(333.5157232704403, 1871.0817610062893)",Neisseriaceae,0,1335
"(332.4428571428571, 1954.3285714285714)",Pasteurellaceae,0,1336
"(331.8354430379747, 1969.392405063291)",Selenomonas,0,1337
"(335.2020202020202, 13.88888888888889)",Neisseriaceae,0,1338
"(332.05263157894734, 88.13157894736842)",Leptotrichia,0,1339
"(337.47513812154693, 101.12154696132596)",Pasteurellaceae,0,1340
"(332.11475409836066, 578.1147540983607)",Neisseriaceae,0,1341
"(352.96713615023475, 842.6713615023474)",Streptococcus,0,1342
"(332.54545454545456, 977.6280991735537)",Pasteurellaceae,0,1343
"(331.72, 1227.56)",Rothia,0,1344
"(334.4230769230769, 1405.0692307692307)",Neisseriaceae,0,1345
"(331.6666666666667, 1748.1860465116279)",Neisseriaceae,0,1346
"(334.42934782608694, 177.85326086956522)",Pasteurellaceae,0,1347
"(336.7420634920635, 334.87301587301585)",Neisseriaceae,0,1348
"(332.5, 544.96)",TM7,0,1349
"(336.0175438596491, 1166.6842105263158)",Capnocytophaga,0,1350
"(334.99305555555554, 1521.9305555555557)",Veillonella,0,1351
"(333.3391812865497, 1654.748538011696)",Pasteurellaceae,0,1352
"(334.92, 1786.2933333333333)",Pasteurellaceae,0,1353
"(335.0, 414.3103448275862)",Lautropia,0,1354
"(334.2054794520548, 718.0410958904109)",Pasteurellaceae,0,1355
"(334.35087719298247, 1176.8947368421052)",Pasteurellaceae,0,1356
"(336.44202898550725, 1464.072463768116)",Gemella,0,1357
"(337.64516129032256, 1848.716129032258)",Neisseriaceae,0,1358
"(335.1764705882353, 1892.1529411764707)",Neisseriaceae,0,1359
"(336.76056338028167, 1811.1267605633802)",Veillonella,0,1360
"(340.530487804878, 1834.0975609756097)",Neisseriaceae,0,1361
"(338.1025641025641, 1927.5641025641025)",Pasteurellaceae,0,1362
"(336.9230769230769, 1942.3974358974358)",Pasteurellaceae,0,1363
"(336.71794871794873, 696.0769230769231)",Leptotrichia,0,1364
"(336.7931034482759, 1720.751724137931)",Lautropia,0,1366
"(342.8333333333333, 397.5)",Gemella,0,1367
"(339.126582278481, 775.5696202531645)",Neisseriaceae,0,1369
"(346.79692307692306, 800.44)",Neisseriaceae,0,1370
"(337.96666666666664, 1193.0333333333333)",Pasteurellaceae,0,1371
"(339.60919540229884, 1291.471264367816)",Neisseriaceae,0,1372
"(339.0416666666667, 1599.7833333333333)",Treponema,0,1373
"(336.5846153846154, 1766.0307692307692)",Prevotella,0,1374
"(342.35135135135135, 740.8)",Leptotrichia,0,1375
"(337.96774193548384, 755.1451612903226)",Pasteurellaceae,0,1376
"(339.2087912087912, 911.8131868131868)",Treponema,0,1377
"(339.67605633802816, 2012.1690140845071)",Gemella,0,1378
"(340.2692307692308, 76.09615384615384)",Neisseriaceae,0,1379
"(339.0121951219512, 1023.9024390243902)",Neisseriaceae,0,1381
"(346.05555555555554, 1308.4166666666667)",Neisseriaceae,0,1383
"(341.33986928104576, 1332.1045751633987)",Pasteurellaceae,0,1384
"(340.35714285714283, 1984.330357142857)",Veillonella,0,1385
"(342.06451612903226, 1219.9032258064517)",Neisseriaceae,0,1386
"(343.5780346820809, 1677.763005780347)",Neisseriaceae,0,1387
"(339.45454545454544, 1697.4431818181818)",Pasteurellaceae,0,1388
"(340.3974358974359, 1906.576923076923)",Streptococcus,0,1389
"(342.2323232323232, 313.92929292929296)",Leptotrichia,0,1390
"(340.9807692307692, 1261.0576923076924)",Pasteurellaceae,0,1391
"(346.74074074074076, 1450.2518518518518)",Selenomonas,0,1392
"(346.1788079470199, 1641.430463576159)",Neisseriaceae,0,1393
"(344.97297297297297, 235.42342342342343)",Corynebacterium,0,1394
"(346.7788944723618, 356.8492462311558)",Neisseriaceae,0,1395
"(347.0722891566265, 376.82530120481925)",Neisseriaceae,0,1396
"(342.8131868131868, 518.934065934066)",Pasteurellaceae,0,1397
"(342.40845070422534, 1280.1267605633802)",Neisseriaceae,0,1398
"(348.50657894736844, 1433.5855263157894)",Neisseriaceae,0,1399
"(342.67045454545456, 2027.75)",Veillonella,0,1400
"(347.6060606060606, 130.9747474747475)",Leptotrichia,0,1402
"(344.5639534883721, 891.0)",Veillonella,0,1403
"(345.2844036697248, 1248.2293577981652)",Veillonella,0,1405
"(344.8314606741573, 1414.7977528089887)",Veillonella,0,1406
"(344.67721518987344, 1623.1455696202531)",Gemella,0,1407
"(349.63013698630135, 2042.9657534246576)",Neisseriaceae,0,1408
"(345.36619718309856, 113.56338028169014)",Corynebacterium,0,1409
"(344.9076923076923, 763.4923076923077)",Pasteurellaceae,0,1410
"(343.9240506329114, 934.9493670886076)",Veillonella,0,1411
"(343.2564102564103, 1064.1025641025642)",Pasteurellaceae,0,1412
"(345.8051948051948, 1744.6753246753246)",Lautropia,0,1413
"(346.17045454545456, 217.875)",Leptotrichia,0,1414
"(347.7412587412587, 475.46853146853147)",Neisseriaceae,0,1415
"(347.26262626262627, 572.1616161616162)",Neisseriaceae,0,1416
"(349.16107382550337, 917.3355704697987)",Neisseriaceae,0,1417
"(346.5806451612903, 952.7741935483871)",Neisseriaceae,0,1418
"(345.5923076923077, 1076.6692307692308)",Neisseriaceae,0,1419
"(348.1803278688525, 152.45901639344262)",Neisseriaceae,0,1421
"(362.40273037542664, 541.2184300341297)",Selenomonas,0,1422
"(348.13605442176873, 552.6530612244898)",Neisseriaceae,0,1423
"(346.09411764705885, 609.8470588235294)",Pasteurellaceae,0,1424
"(349.51633986928107, 1147.0522875816994)",Neisseriaceae,0,1425
"(346.4864864864865, 1960.3243243243244)",Pasteurellaceae,0,1426
"(349.0169491525424, 196.96610169491527)",Pasteurellaceae,0,1427
"(347.6898734177215, 297.84177215189874)",Capnocytophaga,0,1428
"(348.2307692307692, 660.0384615384615)",Neisseriaceae,0,1429
"(349.86503067484665, 679.4723926380368)",Neisseriaceae,0,1430
"(347.135593220339, 969.6440677966102)",Pasteurellaceae,0,1431
"(348.91743119266056, 995.5871559633027)",Pasteurellaceae,0,1432
"(347.16346153846155, 1185.6923076923076)",Neisseriaceae,0,1433
"(348.53508771929825, 1663.5438596491229)",Pasteurellaceae,0,1434
"(350.89285714285717, 508.57142857142856)",Pasteurellaceae,0,1435
"(347.82191780821915, 1349.6575342465753)",Leptotrichia,0,1436
"(353.8742857142857, 1509.902857142857)",Prevotella,0,1437
"(347.7169811320755, 1779.188679245283)",Neisseriaceae,0,1438
"(349.672131147541, 1820.0081967213114)",Neisseriaceae,0,1439
"(349.91011235955057, 1895.0337078651685)",Streptococcus,0,1440
"(349.78846153846155, 722.5769230769231)",Leptotrichia,0,1441
"(357.09004739336496, 870.8578199052133)",Veillonella,0,1442
"(357.2704402515723, 1232.9622641509434)",Rothia,0,1443
"(352.27777777777777, 452.4861111111111)",Neisseriaceae,0,1444
"(352.7151898734177, 698.7405063291139)",Neisseriaceae,0,1445
"(362.16129032258067, 978.941935483871)",Neisseriaceae,0,1446
"(351.25, 1870.857142857143)",Neisseriaceae,0,1447
"(355.32323232323233, 1946.5151515151515)",Pasteurellaceae,0,1448
"(351.68, 169.64)",Neisseriaceae,0,1449
"(353.02521008403363, 182.42016806722688)",Neisseriaceae,0,1450
"(351.46153846153845, 104.18461538461538)",Pasteurellaceae,0,1451
"(352.7386363636364, 280.8181818181818)",Pasteurellaceae,0,1452
"(353.07142857142856, 419.8809523809524)",Gemella,0,1453
"(355.47136563876654, 1021.0660792951542)",Neisseriaceae,0,1454
"(354.14736842105265, 1598.5263157894738)",Leptotrichia,0,1455
"(355.28494623655916, 1729.9354838709678)",Capnocytophaga,0,1456
"(354.3626373626374, 326.25274725274727)",Neisseriaceae,0,1457
"(353.8375, 438.7375)",Pasteurellaceae,0,1458
"(355.9583333333333, 1052.2222222222222)",Neisseriaceae,0,1459
"(357.5075376884422, 1764.532663316583)",Neisseriaceae,0,1460
"(354.7317073170732, 69.14634146341463)",Rothia,0,1461
"(358.38671875, 630.34765625)",Pasteurellaceae,0,1462
"(354.3090909090909, 787.5454545454545)",Pasteurellaceae,0,1463
"(355.20512820512823, 1098.8333333333333)",Veillonella,0,1465
"(355.3736263736264, 1266.901098901099)",Pasteurellaceae,0,1466
"(359.75, 1419.84375)",Neisseriaceae,0,1467
"(362.2918454935622, 1697.8798283261804)",Neisseriaceae,0,1468
"(355.82208588957053, 1849.7546012269938)",Neisseriaceae,0,1469
"(354.5, 1932.640625)",Neisseriaceae,0,1470
"(360.3313953488372, 1123.6860465116279)",Neisseriaceae,0,1471
"(355.91603053435114, 1391.7557251908397)",Lautropia,0,1472
"(358.1111111111111, 1683.3968253968253)",Neisseriaceae,0,1473
"(357.1857142857143, 650.0714285714286)",Pasteurellaceae,0,1474
"(360.55434782608694, 956.4673913043479)",Pasteurellaceae,0,1475
"(356.5, 1807.8720930232557)",Neisseriaceae,0,1476
"(358.6734693877551, 2007.2397959183672)",Neisseriaceae,0,1477
"(359.7906976744186, 821.3255813953489)",Leptotrichia,0,1478
"(361.1279069767442, 1287.9011627906978)",Neisseriaceae,0,1479
"(372.2928870292887, 1319.1882845188284)",Rothia,0,1480
"(361.85714285714283, 1982.1576354679803)",Gemella,0,1481
"(359.7808219178082, 732.1917808219179)",Pasteurellaceae,0,1482
"(361.00763358778624, 1081.4885496183206)",Neisseriaceae,0,1483
"(372.78245614035086, 1163.9157894736843)",Neisseriaceae,0,1484
"(358.5, 1180.5185185185185)",Pasteurellaceae,0,1485
"(361.0642201834862, 1648.7155963302753)",Neisseriaceae,0,1486
"(359.2621359223301, 1917.6699029126214)",Neisseriaceae,0,1488
"(361.92622950819674, 2021.844262295082)",Capnocytophaga,0,1489
"(365.375, 520.5380434782609)",Leptotrichia,0,1490
"(360.61052631578946, 560.8315789473684)",Pasteurellaceae,0,1491
"(362.50666666666666, 754.8933333333333)",Leptotrichia,0,1492
"(360.2328767123288, 775.3287671232877)",Pasteurellaceae,0,1493
"(361.6589147286822, 935.0852713178294)",Neisseriaceae,0,1494
"(363.025, 1194.8)",Neisseriaceae,0,1495
"(365.5725806451613, 1438.3064516129032)",Neisseriaceae,0,1496
"(363.5642857142857, 461.17857142857144)",Neisseriaceae,0,1497
"(363.6923076923077, 608.1474358974359)",Pasteurellaceae,0,1498
"(361.5131578947368, 1526.8552631578948)",Gemella,0,1499
"(363.25, 1881.5227272727273)",Neisseriaceae,0,1500
"(361.8292682926829, 1957.5975609756097)",Pasteurellaceae,0,1501
"(361.9304347826087, 309.5652173913044)",Neisseriaceae,0,1502
"(364.8421052631579, 347.02255639097746)",Neisseriaceae,0,1503
"(366.9463087248322, 587.3892617449665)",Neisseriaceae,0,1504
"(366.27932960893855, 1247.9944134078212)",Rothia,0,1505
"(364.09589041095893, 146.83561643835617)",Leptotrichia,0,1506
"(364.4225352112676, 707.0281690140845)",Rothia,0,1507
"(366.04458598726114, 901.6433121019109)",Neisseriaceae,0,1508
"(365.0729166666667, 1144.6041666666667)",Neisseriaceae,0,1509
"(363.96153846153845, 1404.448717948718)",Pasteurellaceae,0,1510
"(367.5315789473684, 1615.036842105263)",Neisseriaceae,0,1511
"(365.43119266055044, 1829.1376146788991)",Actinomyces,0,1512
"(363.5, 115.5)",Rothia,0,1513
"(364.9024390243902, 131.35365853658536)",Leptotrichia,0,1514
"(365.96407185628743, 167.67664670658684)",Neisseriaceae,0,1515
"(365.009009009009, 378.39639639639637)",Pasteurellaceae,0,1516
"(365.24, 1111.04)",Neisseriaceae,0,1517
"(364.4406779661017, 1658.6271186440679)",Neisseriaceae,0,1518
"(370.01960784313724, 294.52941176470586)",Neisseriaceae,0,1519
"(364.46666666666664, 487.05)",Pasteurellaceae,0,1520
"(367.95238095238096, 666.5333333333333)",Neisseriaceae,0,1521
"(369.65765765765764, 680.918918918919)",Rothia,0,1522
"(365.6777777777778, 1782.611111111111)",Neisseriaceae,0,1523
"(369.3478260869565, 277.8608695652174)",Pasteurellaceae,0,1524
"(368.92134831460675, 359.91011235955057)",Neisseriaceae,0,1525
"(367.44736842105266, 717.8815789473684)",Leptotrichia,0,1526
"(367.1296296296296, 1042.3703703703704)",Neisseriaceae,0,1527
"(371.00892857142856, 1532.357142857143)",Veillonella,0,1528
"(368.50354609929076, 1636.5248226950355)",Lautropia,0,1529
"(366.39285714285717, 1672.6309523809523)",Neisseriaceae,0,1530
"(369.76978417266184, 98.1726618705036)",Rothia,0,1531
"(368.12359550561797, 262.5842696629214)",Corynebacterium,0,1532
"(370.55056179775283, 797.8314606741573)",Neisseriaceae,0,1533
"(368.5131578947368, 1718.9868421052631)",Pasteurellaceae,0,1534
"(369.69565217391306, 1799.3985507246377)",Neisseriaceae,0,1535
"(369.7953216374269, 73.99415204678363)",Actinomyces,0,1536
"(369.25, 196.02717391304347)",Actinomyces,0,1537
"(371.2190476190476, 646.6)",Pasteurellaceae,0,1538
"(369.4, 1068.325)",Neisseriaceae,0,1539
"(368.91525423728814, 1276.2033898305085)",Neisseriaceae,0,1540
"(370.196261682243, 322.3551401869159)",Treponema,0,1541
"(368.7931034482759, 732.7931034482758)",Leptotrichia,0,1542
"(374.71223021582733, 1029.1294964028777)",Gemella,0,1543
"(370.8131868131868, 1303.2307692307693)",Neisseriaceae,0,1544
"(370.49295774647885, 1815.2394366197184)",Veillonella,0,1545
"(379.98104265402844, 1896.8436018957345)",Capnocytophaga,0,1546
"(370.1449275362319, 1907.9565217391305)",Neisseriaceae,0,1547
"(372.94117647058823, 1933.3957219251338)",Neisseriaceae,0,1548
"(371.53968253968253, 389.07936507936506)",Neisseriaceae,0,1549
"(370.76344086021504, 1091.3118279569892)",Pasteurellaceae,0,1550
"(373.6896551724138, 1265.1724137931035)",Veillonella,0,1551
"(375.5875, 1731.88125)",Capnocytophaga,0,1552
"(372.2352941176471, 568.6176470588235)",Pasteurellaceae,0,1553
"(373.53846153846155, 1883.1666666666667)",Pasteurellaceae,0,1555
"(380.80645161290323, 997.0414746543779)",Neisseriaceae,0,1556
"(373.2843137254902, 1014.3529411764706)",Neisseriaceae,0,1557
"(379.48582995951415, 469.96356275303646)",Neisseriaceae,0,1558
"(372.8942307692308, 765.6923076923077)",Leptotrichia,0,1559
"(375.15555555555557, 877.7777777777778)",Veillonella,0,1560
"(375.780701754386, 1186.3245614035088)",Neisseriaceae,0,1561
"(374.2048192771084, 1214.44578313253)",Campylobacter,0,1562
"(375.03809523809525, 1864.1619047619047)",Pasteurellaceae,0,1563
"(379.4162436548223, 492.994923857868)",Neisseriaceae,0,1564
"(374.325, 785.525)",Pasteurellaceae,0,1565
"(376.5686274509804, 1135.3431372549019)",Pasteurellaceae,0,1566
"(376.01851851851853, 508.35185185185185)",Pasteurellaceae,0,1567
"(379.17763157894734, 813.2697368421053)",Neisseriaceae,0,1569
"(376.40816326530614, 949.7755102040817)",Prevotella,0,1570
"(381.17687074829934, 1046.5102040816328)",Neisseriaceae,0,1571
"(376.0, 1285.75)",Veillonella,0,1572
"(381.0329218106996, 841.7572016460905)",TM7,0,1575
"(380.92452830188677, 890.6509433962265)",Veillonella,0,1576
"(382.66494845360825, 1705.680412371134)",Neisseriaceae,0,1577
"(377.39473684210526, 449.10526315789474)",Pasteurellaceae,0,1578
"(377.8918918918919, 703.4774774774775)",Rothia,0,1579
"(376.5, 1059.78)",Neisseriaceae,0,1580
"(379.5492957746479, 1227.1971830985915)",Rothia,0,1581
"(383.35714285714283, 1420.2301587301588)",Leptotrichia,0,1582
"(376.58024691358025, 1661.1975308641975)",Veillonella,0,1583
"(378.69747899159665, 1681.9579831932774)",Neisseriaceae,0,1584
"(381.48275862068965, 2030.4344827586208)",Capnocytophaga,0,1585
"(382.81283422459893, 142.50267379679144)",Pasteurellaceae,0,1586
"(383.5404411764706, 1381.389705882353)",Neisseriaceae,0,1587
"(377.0, 1402.9848484848485)",Veillonella,0,1588
"(378.5375, 1773.4)",Capnocytophaga,0,1589
"(378.59139784946234, 178.43010752688173)",Capnocytophaga,0,1590
"(378.01162790697674, 368.2906976744186)",Neisseriaceae,0,1591
"(380.5705128205128, 400.9423076923077)",Pasteurellaceae,0,1592
"(383.21311475409834, 576.5819672131148)",Neisseriaceae,0,1593
"(379.0365853658537, 738.670731707317)",Leptotrichia,0,1594
"(378.3766233766234, 1077.948051948052)",Pasteurellaceae,0,1595
"(378.31481481481484, 1108.8703703703704)",Neisseriaceae,0,1596
"(389.7860465116279, 1993.9302325581396)",Gemella,0,1597
"(382.2118644067797, 63.58474576271186)",Rothia,0,1598
"(381.7659574468085, 539.6382978723404)",Streptococcus,0,1599
"(381.314465408805, 969.2515723270441)",Prevotella,0,1600
"(383.24418604651163, 1102.6162790697674)",TM7,0,1601
"(383.7325581395349, 1783.7674418604652)",Pasteurellaceae,0,1602
"(382.26262626262627, 2015.3131313131314)",Veillonella,0,1603
"(383.79545454545456, 107.87878787878788)",Gemella,0,1604
"(381.6744186046512, 337.9767441860465)",Capnocytophaga,0,1605
"(382.48333333333335, 560.1833333333333)",Gemella,0,1606
"(383.1958762886598, 616.4278350515464)",Veillonella,0,1607
"(383.0761904761905, 380.79047619047617)",Pasteurellaceae,0,1608
"(384.49532710280374, 595.196261682243)",Pasteurellaceae,0,1609
"(388.4866666666667, 1150.3933333333334)",Neisseriaceae,0,1610
"(383.48, 1434.18)",Neisseriaceae,0,1611
"(384.7647058823529, 1851.6274509803923)",Veillonella,0,1612
"(383.83168316831683, 725.8514851485148)",Leptotrichia,0,1613
"(385.77477477477476, 935.0360360360361)",Gemella,0,1614
"(389.5104166666667, 1242.1614583333333)",Rothia,0,1615
"(382.6350364963504, 1604.7445255474452)",Neisseriaceae,0,1616
"(404.4867924528302, 1653.2301886792452)",Selenomonas,0,1617
"(386.86915887850466, 163.5607476635514)",Leptotrichia,0,1619
"(386.14, 522.76)",Gemella,0,1620
"(383.8333333333333, 1918.75)",Neisseriaceae,0,1622
"(389.3959731543624, 89.47651006711409)",Capnocytophaga,0,1623
"(386.176, 260.232)",Selenomonas,0,1624
"(384.44827586206895, 279.1896551724138)",Pasteurellaceae,0,1625
"(391.6448598130841, 445.4485981308411)",Pasteurellaceae,0,1626
"(389.961038961039, 663.2077922077922)",Pasteurellaceae,0,1627
"(391.0082644628099, 1254.98347107438)",Veillonella,0,1628
"(392.83756345177665, 753.8527918781726)",Pasteurellaceae,0,1629
"(388.74883720930234, 1629.586046511628)",Neisseriaceae,0,1630
"(385.6, 1808.857142857143)",Pasteurellaceae,0,1631
"(392.9908256880734, 1828.8256880733945)",Lautropia,0,1632
"(388.3482142857143, 194.79464285714286)",Capnocytophaga,0,1633
"(389.16438356164383, 234.8082191780822)",Neisseriaceae,0,1634
"(387.8082191780822, 676.2465753424658)",Rothia,0,1635
"(387.67058823529413, 793.0823529411765)",Neisseriaceae,0,1636
"(388.14912280701753, 1196.3508771929824)",Neisseriaceae,0,1637
"(389.8070175438597, 1944.4122807017543)",Neisseriaceae,0,1638
"(391.42543859649123, 310.93859649122805)",Neisseriaceae,0,1639
"(387.71830985915494, 903.830985915493)",Streptococcus,0,1641
"(387.3, 1088.62)",Pasteurellaceae,0,1642
"(390.9183673469388, 1118.561224489796)",Rothia,0,1643
"(388.6621621621622, 1407.7702702702702)",Neisseriaceae,0,1644
"(389.1509433962264, 1880.867924528302)",Corynebacterium,0,1645
"(390.90526315789475, 5.147368421052631)",Capnocytophaga,0,1646
"(391.29213483146066, 75.48314606741573)",Pasteurellaceae,0,1647
"(391.44954128440367, 342.48623853211006)",Neisseriaceae,0,1648
"(397.1090047393365, 424.3649289099526)",Lautropia,0,1649
"(389.57798165137615, 771.5137614678899)",Lautropia,0,1650
"(391.8360655737705, 1066.8743169398906)",Rothia,0,1651
"(389.3181818181818, 1176.1060606060605)",Neisseriaceae,0,1652
"(389.3943661971831, 1307.718309859155)",Veillonella,0,1653
"(389.8556701030928, 360.9587628865979)",Pasteurellaceae,0,1654
"(390.5, 1269.7555555555555)",Neisseriaceae,0,1655
"(390.93506493506493, 1284.3896103896104)",Neisseriaceae,0,1656
"(389.9710144927536, 1717.1739130434783)",Neisseriaceae,0,1657
"(394.64, 1971.2857142857142)",Neisseriaceae,0,1658
"(394.06722689075633, 1013.1428571428571)",Neisseriaceae,0,1659
"(392.8901098901099, 43.989010989010985)",Rothia,0,1661
"(392.36619718309856, 292.5492957746479)",Neisseriaceae,0,1662
"(394.7608695652174, 1132.0978260869565)",Rothia,0,1665
"(393.9238578680203, 1216.0710659898477)",Neisseriaceae,0,1666
"(394.04938271604937, 118.46913580246914)",Capnocytophaga,0,1667
"(393.2112676056338, 329.23943661971833)",Neisseriaceae,0,1668
"(396.5772357723577, 1029.4146341463415)",Selenomonas,0,1670
"(394.4868421052632, 1092.5)",Fusobacterium,0,1671
"(402.58015267175574, 1590.3625954198474)",Neisseriaceae,0,1672
"(392.8474576271187, 1679.6440677966102)",Prevotella,0,1673
"(394.3333333333333, 1798.972972972973)",Neisseriaceae,0,1675
"(394.38028169014086, 1863.4507042253522)",Veillonella,0,1676
"(395.97058823529414, 550.9803921568628)",Lautropia,0,1677
"(395.51851851851853, 1920.1407407407407)",Neisseriaceae,0,1678
"(394.7564102564103, 22.55128205128205)",Neisseriaceae,0,1679
"(394.45454545454544, 493.1666666666667)",Neisseriaceae,0,1680
"(397.7708333333333, 632.7604166666666)",Campylobacter,0,1681
"(397.64516129032256, 650.6129032258065)",Pasteurellaceae,0,1682
"(409.21867321867325, 966.6044226044226)",Treponema,0,1683
"(406.9810126582278, 1609.367088607595)",Pasteurellaceae,0,1684
"(403.4485596707819, 285.358024691358)",Neisseriaceae,0,1685
"(400.76056338028167, 534.1056338028169)",Veillonella,0,1687
"(397.03092783505156, 803.4226804123712)",Pasteurellaceae,0,1688
"(400.312, 1771.192)",Neisseriaceae,0,1689
"(404.2530120481928, 509.82530120481925)",Neisseriaceae,0,1690
"(403.83233532934133, 823.4610778443114)",Neisseriaceae,0,1691
"(399.53921568627453, 897.6862745098039)",Veillonella,0,1692
"(404.02453987730064, 1934.5950920245398)",Neisseriaceae,0,1693
"(398.1111111111111, 2042.9583333333333)",Pasteurellaceae,0,1694
"(401.6842105263158, 270.11578947368423)",Pasteurellaceae,0,1695
"(401.05128205128204, 389.3333333333333)",Veillonella,0,1696
"(403.12987012987014, 1426.8116883116884)",Porphyromonas,0,1697
"(400.49295774647885, 463.83098591549293)",Rothia,0,1698
"(403.7583333333333, 481.84166666666664)",Lautropia,0,1699
"(404.74285714285713, 721.6214285714286)",Leptotrichia,0,1700
"(400.87735849056605, 738.6792452830189)",Leptotrichia,0,1701
"(402.4146341463415, 845.780487804878)",Neisseriaceae,0,1702
"(400.5473684210526, 1295.8736842105263)",Rothia,0,1703
"(401.92957746478874, 32.33802816901409)",Rothia,0,1704
"(407.359649122807, 195.23245614035088)",Actinomyces,0,1705
"(400.44117647058823, 240.75)",Leptotrichia,0,1706
"(408.0, 922.0541666666667)",Selenomonas,0,1707
"(402.8493150684931, 1896.9178082191781)",Lautropia,0,1708
"(401.9047619047619, 1955.892857142857)",Selenomonas,0,1709
"(409.4845360824742, 444.2628865979381)",Capnocytophaga,0,1711
"(405.2352941176471, 707.890756302521)",Leptotrichia,0,1712
"(405.7368421052632, 996.8092105263158)",Neisseriaceae,0,1713
"(405.6885245901639, 1113.877049180328)",Neisseriaceae,0,1714
"(401.8783783783784, 1190.1351351351352)",Neisseriaceae,0,1715
"(402.96385542168673, 1407.8433734939758)",Neisseriaceae,0,1716
"(406.07142857142856, 1226.0765306122448)",Neisseriaceae,0,1717
"(409.65714285714284, 1637.1571428571428)",Neisseriaceae,0,1718
"(403.5344827586207, 1812.396551724138)",Veillonella,0,1719
"(408.7826086956522, 1876.7101449275362)",Neisseriaceae,0,1720
"(407.73333333333335, 258.9)",Leptotrichia,0,1721
"(405.12345679012344, 368.9259259259259)",Neisseriaceae,0,1722
"(405.72115384615387, 1077.576923076923)",Pasteurellaceae,0,1723
"(404.62264150943395, 1201.8490566037735)",Veillonella,0,1724
"(407.5806451612903, 1705.9247311827958)",Pasteurellaceae,0,1725
"(404.1698113207547, 1791.8207547169811)",Pasteurellaceae,0,1726
"(407.98285714285714, 11.005714285714285)",Pasteurellaceae,0,1727
"(411.41342756183747, 104.80565371024736)",Rothia,0,1728
"(405.97402597402595, 696.7012987012987)",Leptotrichia,0,1730
"(407.9238095238095, 1159.4190476190477)",Pasteurellaceae,0,1731
"(405.74074074074076, 1174.1604938271605)",Gemella,0,1732
"(405.8157894736842, 75.76315789473684)",Rothia,0,1733
"(405.25396825396825, 348.95238095238096)",Treponema,0,1734
"(406.3292682926829, 1689.6707317073171)",Veillonella,0,1736
"(406.3809523809524, 1852.4880952380952)",Lautropia,0,1737
"(409.40909090909093, 410.6212121212121)",Gemella,0,1738
"(409.3391304347826, 773.5304347826087)",Pasteurellaceae,0,1739
"(408.50602409638554, 1095.9397590361446)",Leptotrichia,0,1740
"(409.73972602739724, 62.28767123287671)",Lautropia,0,1741
"(409.8941176470588, 123.43529411764706)",Leptotrichia,0,1742
"(410.5357142857143, 142.67857142857142)",Capnocytophaga,0,1743
"(412.0777777777778, 232.53333333333333)",Leptotrichia,0,1744
"(409.0729166666667, 315.8020833333333)",Neisseriaceae,0,1745
"(414.0571428571429, 493.8642857142857)",Veillonella,0,1746
"(413.4642857142857, 1137.4795918367347)",Neisseriaceae,0,1747
"(409.11267605633805, 1910.4929577464789)",Neisseriaceae,0,1748
"(414.3888888888889, 2036.8777777777777)",Neisseriaceae,0,1749
"(412.38947368421054, 893.3157894736842)",Neisseriaceae,0,1750
"(410.84313725490193, 1366.9019607843138)",Neisseriaceae,0,1751
"(413.0238095238095, 336.1547619047619)",Neisseriaceae,0,1752
"(412.73015873015873, 1259.4603174603174)",Neisseriaceae,0,1753
"(411.09090909090907, 1285.9848484848485)",Rothia,0,1754
"(413.90625, 1818.5)",TM7,0,1755
"(411.7685950413223, 1985.3471074380166)",Neisseriaceae,0,1757
"(410.921568627451, 33.03921568627451)",Rothia,0,1758
"(411.92857142857144, 463.1607142857143)",Pasteurellaceae,0,1759
"(411.8817204301075, 801.6989247311828)",Rothia,0,1761
"(414.6233766233766, 1412.1948051948052)",Pasteurellaceae,0,1762
"(414.58490566037733, 1774.1132075471698)",Neisseriaceae,0,1763
"(421.81382978723406, 305.63829787234044)",Neisseriaceae,0,1764
"(419.3203883495146, 843.995145631068)",Gemella,0,1766
"(417.03225806451616, 1012.6258064516129)",Neisseriaceae,0,1767
"(418.02919708029196, 1395.85401459854)",Streptococcus,0,1768
"(419.41911764705884, 88.16911764705883)",Veillonella,0,1769
"(413.79411764705884, 750.7647058823529)",Pasteurellaceae,0,1770
"(414.85897435897436, 1276.8589743589744)",Pasteurellaceae,0,1771
"(426.00906344410873, 1940.9969788519638)",Neisseriaceae,0,1772
"(416.4179104477612, 178.76119402985074)",Leptotrichia,0,1773
"(420.1006289308176, 658.9496855345911)",Corynebacterium,0,1774
"(421.3142857142857, 1087.6342857142856)",Neisseriaceae,0,1775
"(419.0446927374302, 356.195530726257)",Neisseriaceae,0,1776
"(420.0125786163522, 394.44025157232704)",Neisseriaceae,0,1777
"(419.6304347826087, 692.1195652173913)",Neisseriaceae,0,1778
"(416.2153846153846, 1298.3384615384616)",Neisseriaceae,0,1780
"(419.8958333333333, 1622.3958333333333)",Neisseriaceae,0,1781
"(419.8198198198198, 1804.5225225225224)",Pasteurellaceae,0,1782
"(423.8502994011976, 787.4191616766467)",Neisseriaceae,0,1784
"(422.8817204301075, 896.7096774193549)",Neisseriaceae,0,1785
"(418.03418803418805, 1236.4700854700855)",Neisseriaceae,0,1786
"(417.9344262295082, 1353.7704918032787)",Pasteurellaceae,0,1787
"(421.56410256410254, 5.294871794871795)",Neisseriaceae,0,1788
"(420.4015151515151, 1915.0075757575758)",Veillonella,0,1789
"(423.89772727272725, 378.02272727272725)",Neisseriaceae,0,1790
"(420.6142857142857, 813.7571428571429)",Rothia,0,1792
"(423.11290322580646, 867.7016129032259)",Lautropia,0,1793
"(421.6279069767442, 1183.6279069767443)",Veillonella,0,1794
"(422.52830188679246, 426.1132075471698)",Prevotella,0,1796
"(434.30212765957447, 674.8851063829787)",Leptotrichia,0,1797
"(424.28682170542635, 1197.906976744186)",Neisseriaceae,0,1798
"(423.54368932038835, 1585.6990291262136)",Neisseriaceae,0,1799
"(421.64406779661016, 1858.0338983050847)",Gemella,0,1800
"(422.8529411764706, 282.01960784313724)",Neisseriaceae,0,1801
"(424.77868852459017, 932.1803278688525)",Pasteurellaceae,0,1802
"(428.46082949308754, 1781.930875576037)",Pasteurellaceae,0,1804
"(430.1106870229008, 47.08015267175573)",Pasteurellaceae,0,1805
"(426.58088235294116, 71.55882352941177)",Veillonella,0,1806
"(426.6121212121212, 21.848484848484848)",Rothia,0,1807
"(425.0275229357798, 267.0366972477064)",Fusobacterium,0,1808
"(422.7049180327869, 524.672131147541)",Neisseriaceae,0,1809
"(425.98130841121497, 1370.728971962617)",Neisseriaceae,0,1811
"(427.15492957746477, 245.6549295774648)",Actinomyces,0,1812
"(426.69026548672565, 585.9646017699115)",Neisseriaceae,0,1813
"(425.1212121212121, 750.0)",Leptotrichia,0,1814
"(427.44628099173553, 914.7603305785124)",Neisseriaceae,0,1815
"(428.7579617834395, 1842.2611464968154)",Lautropia,0,1817
"(426.23214285714283, 1873.4642857142858)",Veillonella,0,1818
"(425.325, 1891.55)",Prevotella,0,1819
"(425.7836257309942, 2000.6666666666667)",Leptotrichia,0,1820
"(427.1842105263158, 2042.3026315789473)",Veillonella,0,1821
"(427.9561403508772, 134.33333333333334)",Corynebacterium,0,1822
"(429.4207317073171, 197.609756097561)",Actinomyces,0,1823
"(426.2054794520548, 482.86301369863014)",Neisseriaceae,0,1824
"(438.7032967032967, 878.7289377289377)",Actinomyces,0,1825
"(427.13953488372096, 1166.3139534883721)",Neisseriaceae,0,1826
"(428.26356589147287, 1253.4883720930231)",Neisseriaceae,0,1827
"(429.2638888888889, 1431.1527777777778)",Veillonella,0,1828
"(428.0982142857143, 2024.5982142857142)",Pasteurellaceae,0,1829
"(427.8901098901099, 502.68131868131866)",Veillonella,0,1830
"(433.4921465968586, 536.9162303664922)",Veillonella,0,1831
"(428.9846153846154, 549.6769230769231)",Capnocytophaga,0,1832
"(433.4375, 734.55)",Neisseriaceae,0,1833
"(427.4226804123711, 770.5360824742268)",Neisseriaceae,0,1834
"(428.49397590361446, 1100.6626506024097)",Neisseriaceae,0,1835
"(428.28205128205127, 1111.0897435897436)",Neisseriaceae,0,1836
"(431.0738636363636, 1292.784090909091)",Neisseriaceae,0,1837
"(427.98571428571427, 144.32857142857142)",Capnocytophaga,0,1838
"(430.95762711864404, 1354.2118644067796)",Rothia,0,1839
"(428.72033898305085, 1522.7033898305085)",Veillonella,0,1840
"(428.06060606060606, 1824.030303030303)",Lautropia,0,1841
"(433.1578947368421, 117.69924812030075)",Rothia,0,1842
"(430.18888888888887, 824.2222222222222)",Rothia,0,1844
"(436.59166666666664, 978.9625)",Neisseriaceae,0,1845
"(430.58, 1149.24)",TM7,0,1846
"(429.5, 1641.5217391304348)",Actinomyces,0,1847
"(431.18918918918916, 600.5315315315315)",Gemella,0,1848
"(430.2567567567568, 705.6486486486486)",Pasteurellaceae,0,1849
"(431.9718309859155, 958.5845070422536)",Neisseriaceae,0,1850
"(434.12734082397003, 1130.198501872659)",Pasteurellaceae,0,1851
"(430.9655172413793, 1809.1724137931035)",Neisseriaceae,0,1852
"(433.88607594936707, 860.873417721519)",Veillonella,0,1853
"(430.92452830188677, 1389.4716981132076)",Actinomyces,0,1854
"(433.8473282442748, 1411.526717557252)",Neisseriaceae,0,1855
"(431.0238095238095, 1611.4404761904761)",Neisseriaceae,0,1856
"(434.21590909090907, 1856.5681818181818)",Lautropia,0,1857
"(434.54651162790697, 373.8139534883721)",Neisseriaceae,0,1858
"(435.92, 570.3466666666667)",Lautropia,0,1859
"(434.0081967213115, 1239.516393442623)",Neisseriaceae,0,1860
"(432.8288288288288, 1274.4234234234234)",Neisseriaceae,0,1861
"(438.0416666666667, 302.71875)",Streptococcus,0,1862
"(434.9859813084112, 400.93457943925233)",Veillonella,0,1863
"(437.1666666666667, 518.25)",Gemella,0,1864
"(440.5973451327434, 905.5442477876106)",Neisseriaceae,0,1865
"(438.21604938271605, 288.44444444444446)",Capnocytophaga,0,1866
"(433.87628865979383, 1595.9690721649486)",Neisseriaceae,0,1868
"(437.18674698795184, 1982.3855421686746)",Pasteurellaceae,0,1869
"(436.91379310344826, 345.3965517241379)",Neisseriaceae,0,1871
"(435.0, 798.7368421052631)",Actinomyces,0,1872
"(437.0568181818182, 811.0681818181819)",Neisseriaceae,0,1873
"(438.64963503649636, 1312.5182481751824)",Lautropia,0,1874
"(437.552, 1574.672)",Veillonella,0,1875
"(435.8897637795276, 1698.4251968503936)",Prevotella,0,1876
"(436.43055555555554, 261.0416666666667)",Capnocytophaga,0,1877
"(436.4512195121951, 323.280487804878)",Veillonella,0,1878
"(435.91525423728814, 842.6101694915254)",TM7,0,1879
"(437.9186046511628, 1207.6744186046512)",Capnocytophaga,0,1880
"(437.3968253968254, 723.1587301587301)",Neisseriaceae,0,1881
"(440.23021582733816, 1189.4244604316548)",Pasteurellaceae,0,1882
"(437.99107142857144, 1651.0892857142858)",Rothia,0,1883
"(437.2586206896552, 1667.051724137931)",Leptotrichia,0,1884
"(444.4817073170732, 177.7987804878049)",Capnocytophaga,0,1885
"(438.53846153846155, 1010.3186813186813)",Neisseriaceae,0,1886
"(442.1860465116279, 1629.2558139534883)",Rothia,0,1887
"(442.02027027027026, 1803.7972972972973)",Veillonella,0,1888
"(445.0184331797235, 1896.4147465437788)",Veillonella,0,1889
"(440.9080459770115, 51.89655172413793)",Neisseriaceae,0,1890
"(440.37931034482756, 1223.1724137931035)",Pasteurellaceae,0,1892
"(441.31972789115645, 2020.1360544217687)",Gemella,0,1893
"(447.39156626506025, 453.01807228915663)",Lautropia,0,1894
"(440.86725663716817, 756.3185840707964)",Leptotrichia,0,1895
"(442.2909090909091, 1874.1363636363637)",Neisseriaceae,0,1897
"(444.0781893004115, 480.51440329218104)",Gemella,0,1898
"(444.63247863247864, 554.8034188034188)",Veillonella,0,1899
"(449.0, 1160.9955555555555)",Gemella,0,1900
"(444.7281553398058, 1369.6699029126214)",Veillonella,0,1901
"(441.2, 1679.5)",Rothia,0,1902
"(444.58152173913044, 941.4402173913044)",Actinomyces,0,1903
"(449.3679245283019, 1028.7122641509434)",Leptotrichia,0,1904
"(442.5257731958763, 1355.1237113402062)",Neisseriaceae,0,1905
"(445.327731092437, 23.294117647058822)",Neisseriaceae,0,1906
"(445.3394495412844, 430.9449541284404)",Neisseriaceae,0,1907
"(447.24347826086955, 924.4608695652174)",Actinomyces,0,1908
"(443.7894736842105, 1389.2456140350878)",Neisseriaceae,0,1909
"(448.7977528089888, 1992.1067415730338)",Pasteurellaceae,0,1910
"(448.9408866995074, 196.73891625615764)",Streptococcus,0,1911
"(449.6770186335404, 685.8509316770186)",Campylobacter,0,1912
"(444.4141414141414, 769.1111111111111)",Leptotrichia,0,1913
"(449.3306451612903, 1102.1935483870968)",Corynebacterium,0,1914
"(444.3333333333333, 1264.7066666666667)",Pasteurellaceae,0,1915
"(444.5978260869565, 1845.9347826086957)",Gemella,0,1917
"(452.7088607594937, 71.29746835443038)",Neisseriaceae,0,1918
"(448.7682119205298, 119.81456953642385)",Rothia,0,1919
"(450.0416666666667, 583.21875)",Veillonella,0,1920
"(446.48979591836735, 598.9285714285714)",Gemella,0,1921
"(445.75, 830.2166666666667)",Neisseriaceae,0,1922
"(446.680981595092, 706.2576687116565)",Campylobacter,0,1923
"(449.828025477707, 329.03184713375794)",Neisseriaceae,0,1924
"(447.4166666666667, 379.60714285714283)",Neisseriaceae,0,1925
"(448.23728813559325, 1402.050847457627)",Neisseriaceae,0,1926
"(449.02564102564105, 1615.2820512820513)",Leptotrichia,0,1927
"(447.3642857142857, 1948.7357142857143)",Pasteurellaceae,0,1928
"(449.32978723404256, 398.0531914893617)",Neisseriaceae,0,1929
"(448.98319327731093, 796.8319327731092)",Actinomyces,0,1930
"(450.59090909090907, 990.0909090909091)",Pasteurellaceae,0,1931
"(451.88235294117646, 1786.4191176470588)",Neisseriaceae,0,1932
"(453.56493506493507, 1928.8311688311687)",Capnocytophaga,0,1934
"(453.4228187919463, 265.4563758389262)",Corynebacterium,0,1935
"(450.6043956043956, 1279.5054945054944)",Veillonella,0,1936
"(452.6046511627907, 1417.9418604651162)",Pasteurellaceae,0,1937
"(448.375, 1574.267857142857)",Veillonella,0,1938
"(449.90441176470586, 1593.25)",Neisseriaceae,0,1939
"(453.26666666666665, 365.18095238095236)",Neisseriaceae,0,1940
"(458.8783068783069, 2032.6613756613756)",Neisseriaceae,0,1941
"(452.2625, 5.1875)",Actinomyces,0,1942
"(452.0120481927711, 59.12048192771084)",Pasteurellaceae,0,1943
"(451.88659793814435, 815.9896907216495)",Capnocytophaga,0,1944
"(451.63461538461536, 849.3365384615385)",Neisseriaceae,0,1945
"(453.1975308641975, 894.1975308641976)",Actinomyces,0,1946
"(452.8, 1700.112)",Rothia,0,1947
"(452.29896907216494, 724.4226804123712)",Neisseriaceae,0,1950
"(453.13513513513516, 742.6486486486486)",Leptotrichia,0,1951
"(454.68936170212766, 1654.3148936170212)",Actinomyces,0,1952
"(458.525, 132.525)",Leptotrichia,0,1953
"(455.9166666666667, 1289.9907407407406)",Gemella,0,1954
"(460.59090909090907, 1822.875)",Veillonella,0,1955
"(455.8150684931507, 1860.4178082191781)",Neisseriaceae,0,1956
"(456.12068965517244, 27.387931034482758)",Pasteurellaceae,0,1957
"(455.2258064516129, 39.41935483870968)",Veillonella,0,1958
"(454.68055555555554, 353.9166666666667)",Neisseriaceae,0,1959
"(455.8045977011494, 528.7241379310345)",Neisseriaceae,0,1960
"(457.51798561151077, 1008.4964028776978)",Neisseriaceae,0,1961
"(464.6696035242291, 1228.52422907489)",Neisseriaceae,0,1962
"(454.35, 1876.0833333333333)",Neisseriaceae,0,1963
"(459.0230769230769, 420.83846153846156)",Pasteurellaceae,0,1964
"(459.2022471910112, 563.2022471910112)",Treponema,0,1965
"(455.0416666666667, 968.6666666666666)",Leptotrichia,0,1966
"(463.69795918367345, 1357.4244897959184)",Neisseriaceae,0,1967
"(455.56060606060606, 309.25757575757575)",Corynebacterium,0,1968
"(455.84375, 543.765625)",Neisseriaceae,0,1969
"(457.2083333333333, 668.3125)",Leptotrichia,0,1970
"(454.94117647058823, 1312.7450980392157)",Veillonella,0,1971
"(455.078125, 1678.984375)",Actinomyces,0,1972
"(458.0, 288.8888888888889)",Leptotrichia,0,1973
"(457.3636363636364, 780.5)",Rothia,0,1974
"(461.969696969697, 1607.3636363636363)",Neisseriaceae,0,1975
"(459.45217391304345, 2005.904347826087)",Pasteurellaceae,0,1976
"(463.0745341614907, 497.93167701863354)",Gemella,0,1977
"(457.62745098039215, 754.2745098039215)",Pasteurellaceae,0,1978
"(460.23333333333335, 1301.2333333333333)",Streptococcus,0,1979
"(459.2361809045226, 1389.5477386934674)",Neisseriaceae,0,1980
"(458.4923076923077, 1712.5076923076922)",Rothia,0,1981
"(457.7450980392157, 1837.1568627450981)",Veillonella,0,1982
"(462.2706766917293, 398.9398496240602)",Veillonella,0,1983
"(458.6619718309859, 768.2112676056338)",Capnocytophaga,0,1984
"(460.68461538461537, 1257.5692307692307)",Neisseriaceae,0,1985
"(458.89830508474574, 1445.4406779661017)",Leptotrichia,0,1986
"(460.13461538461536, 50.65384615384615)",Pasteurellaceae,0,1987
"(461.0806451612903, 341.5)",Neisseriaceae,0,1988
"(460.46153846153845, 1630.820512820513)",Rothia,0,1989
"(469.26609442060084, 206.64377682403435)",Corynebacterium,0,1990
"(461.1847826086956, 598.5978260869565)",Lautropia,0,1991
"(460.01666666666665, 705.2666666666667)",Fusobacterium,0,1992
"(461.12048192771084, 828.1686746987951)",Streptococcus,0,1993
"(463.1121495327103, 888.4392523364486)",Porphyromonas,0,1995
"(462.7352941176471, 982.3823529411765)",Pasteurellaceae,0,1996
"(460.81481481481484, 1243.148148148148)",Treponema,0,1997
"(461.3820224719101, 1488.2921348314608)",Neisseriaceae,0,1998
"(461.5, 1580.2096774193549)",Pasteurellaceae,0,1999
"(470.8557692307692, 373.75)",Neisseriaceae,0,2001
"(465.8688524590164, 516.1311475409836)",Neisseriaceae,0,2003
"(465.18045112781954, 955.203007518797)",Actinomyces,0,2004
"(466.53684210526313, 140.56842105263158)",Leptotrichia,0,2006
"(473.21264367816093, 473.4367816091954)",Gemella,0,2007
"(465.50892857142856, 795.4821428571429)",Leptotrichia,0,2008
"(468.102766798419, 1049.711462450593)",Neisseriaceae,0,2009
"(464.5263157894737, 1269.7894736842106)",Veillonella,0,2010
"(463.15238095238095, 1723.2571428571428)",Rothia,0,2011
"(468.4971098265896, 1975.5375722543354)",Pasteurellaceae,0,2012
"(466.2597402597403, 905.2077922077922)",Actinomyces,0,2013
"(465.7014925373134, 1439.0746268656717)",Leptotrichia,0,2014
"(468.00694444444446, 1878.0694444444443)",Pasteurellaceae,0,2015
"(471.4462365591398, 9.96236559139785)",Actinomyces,0,2016
"(467.1085271317829, 432.2015503875969)",Neisseriaceae,0,2017
"(466.0104166666667, 579.84375)",Prevotella,0,2018
"(465.4313725490196, 1345.4313725490197)",Neisseriaceae,0,2019
"(465.2307692307692, 1593.076923076923)",Neisseriaceae,0,2020
"(465.60655737704917, 1675.5245901639344)",Actinomyces,0,2021
"(468.11570247933884, 450.91735537190084)",Veillonella,0,2022
"(467.6744186046512, 925.4883720930233)",Actinomyces,0,2024
"(475.52255639097746, 1849.8345864661653)",Neisseriaceae,0,2025
"(468.0877192982456, 356.0701754385965)",Neisseriaceae,0,2027
"(469.0, 554.4150943396227)",Veillonella,0,2028
"(467.1666666666667, 714.6363636363636)",Neisseriaceae,0,2030
"(468.87951807228916, 1320.8072289156626)",Gemella,0,2031
"(470.9909090909091, 1641.1727272727273)",Rothia,0,2032
"(468.6162790697674, 1807.0813953488373)",Veillonella,0,2033
"(471.2692307692308, 325.1794871794872)",Neisseriaceae,0,2034
"(472.4193548387097, 663.8790322580645)",Fusobacterium,0,2035
"(468.88349514563106, 728.0291262135922)",Pasteurellaceae,0,2036
"(470.9577464788732, 1577.4366197183099)",Veillonella,0,2037
"(468.73015873015873, 1784.3174603174602)",Gemella,0,2038
"(474.4012738853503, 1901.6369426751592)",Capnocytophaga,0,2039
"(470.3103448275862, 76.15517241379311)",Veillonella,0,2040
"(470.6, 338.61538461538464)",Neisseriaceae,0,2041
"(474.74226804123714, 699.4896907216495)",Leptotrichia,0,2042
"(469.80882352941177, 816.1617647058823)",Streptococcus,0,2043
"(470.47457627118644, 1369.7457627118645)",Neisseriaceae,0,2044
"(475.29319371727746, 28.607329842931936)",Pasteurellaceae,0,2046
"(476.2265625, 48.7109375)",Pasteurellaceae,0,2047
"(474.8410256410256, 621.0923076923077)",Gemella,0,2048
"(471.11392405063293, 750.3417721518987)",Leptotrichia,0,2049
"(474.47333333333336, 1684.0466666666666)",Actinomyces,0,2050
"(477.33014354066984, 769.4306220095693)",Leptotrichia,0,2051
"(476.83798882681566, 936.3296089385475)",Actinomyces,0,2052
"(476.3393939393939, 303.1515151515151)",Leptotrichia,0,2053
"(473.38582677165357, 388.86614173228344)",Neisseriaceae,0,2054
"(475.51824817518246, 865.7226277372263)",Lautropia,0,2055
"(478.13138686131384, 1282.153284671533)",Neisseriaceae,0,2056
"(474.6258064516129, 1478.683870967742)",Veillonella,0,2057
"(473.28155339805824, 1661.1456310679612)",Rothia,0,2058
"(478.5903614457831, 1698.7710843373493)",Lautropia,0,2059
"(475.958904109589, 1781.6438356164383)",Veillonella,0,2060
"(475.3222222222222, 599.8222222222222)",Gemella,0,2061
"(474.2888888888889, 1391.8222222222223)",Neisseriaceae,0,2062
"(479.8926553672316, 1303.5593220338983)",Neisseriaceae,0,2064
"(479.5483870967742, 816.4903225806452)",Neisseriaceae,0,2065
"(477.2105263157895, 997.2631578947369)",Leptotrichia,0,2066
"(475.85, 1382.0666666666666)",Neisseriaceae,0,2067
"(480.53076923076924, 794.3923076923077)",Leptotrichia,0,2068
"(478.928, 984.736)",Leptotrichia,0,2069
"(481.3478260869565, 1245.4782608695652)",Neisseriaceae,0,2070
"(480.60714285714283, 962.0892857142857)",Actinomyces,0,2071
"(479.2421052631579, 1623.6315789473683)",Fusobacterium,0,2072
"(478.9569892473118, 1965.8494623655913)",Pasteurellaceae,0,2073
"(483.4173913043478, 324.37391304347824)",Pasteurellaceae,0,2074
"(486.64593301435406, 584.9808612440191)",Gemella,0,2075
"(479.8375, 1498.425)",Rothia,0,2076
"(479.2586206896552, 1611.5862068965516)",Neisseriaceae,0,2077
"(484.23571428571427, 2026.7642857142857)",Leptotrichia,0,2078
"(484.467032967033, 442.8076923076923)",Gemella,0,2079
"(481.35714285714283, 501.4404761904762)",Veillonella,0,2080
"(484.3738738738739, 1170.6351351351352)",Neisseriaceae,0,2081
"(480.03960396039605, 1268.1683168316831)",Leptotrichia,0,2082
"(482.4846153846154, 1338.8)",Leptotrichia,0,2083
"(479.60526315789474, 1866.4342105263158)",Neisseriaceae,0,2084
"(484.26666666666665, 405.2)",Neisseriaceae,0,2086
"(482.23275862068965, 545.1637931034483)",Neisseriaceae,0,2087
"(485.37606837606836, 1230.7264957264956)",Neisseriaceae,0,2089
"(481.2584269662921, 1586.7752808988764)",Neisseriaceae,0,2090
"(484.70535714285717, 350.54464285714283)",Neisseriaceae,0,2091
"(485.312, 722.0)",Rothia,0,2092
"(481.344262295082, 1360.4918032786886)",Pasteurellaceae,0,2093
"(482.0, 1810.5432098765432)",Veillonella,0,2094
"(486.02793296089385, 1829.5977653631285)",Pasteurellaceae,0,2095
"(487.2888888888889, 842.7955555555556)",Rothia,0,2096
"(481.9583333333333, 1030.4166666666667)",Pasteurellaceae,0,2097
"(486.2857142857143, 1317.8235294117646)",Gemella,0,2099
"(486.14285714285717, 1558.9503105590063)",Veillonella,0,2100
"(488.7190082644628, 2043.2479338842975)",Veillonella,0,2101
"(491.32911392405066, 485.12025316455697)",Gemella,0,2102
"(484.4961832061069, 566.0534351145038)",Gemella,0,2103
"(485.74226804123714, 747.1958762886597)",Capnocytophaga,0,2104
"(484.18260869565216, 1600.304347826087)",Neisseriaceae,0,2105
"(487.64885496183206, 291.39694656488547)",Pasteurellaceae,0,2106
"(485.19642857142856, 363.57142857142856)",Neisseriaceae,0,2107
"(487.9581151832461, 525.130890052356)",Veillonella,0,2108
"(486.1047619047619, 1043.942857142857)",Pasteurellaceae,0,2109
"(487.20754716981133, 1063.8584905660377)",Neisseriaceae,0,2110
"(486.1518987341772, 1743.4556962025317)",Pasteurellaceae,0,2112
"(486.7843137254902, 7.098039215686274)",Pasteurellaceae,0,2113
"(487.1509433962264, 1569.9622641509434)",Neisseriaceae,0,2114
"(486.96078431372547, 1774.313725490196)",Pasteurellaceae,0,2115
"(490.8024691358025, 38.358024691358025)",Pasteurellaceae,0,2116
"(488.8809523809524, 387.48809523809524)",Neisseriaceae,0,2117
"(489.9083969465649, 1018.3664122137404)",Neisseriaceae,0,2118
"(493.50666666666666, 1376.9266666666667)",Neisseriaceae,0,2119
"(488.328125, 1905.21875)",Capnocytophaga,0,2120
"(489.8054054054054, 2006.1945945945945)",Pasteurellaceae,0,2121
"(494.268115942029, 680.3985507246376)",Leptotrichia,0,2122
"(488.7121212121212, 693.3333333333334)",Leptotrichia,0,2123
"(495.88235294117646, 1191.1016042780748)",Neisseriaceae,0,2124
"(493.9441624365482, 1794.5939086294416)",Veillonella,0,2126
"(494.9158878504673, 514.9252336448598)",Veillonella,0,2127
"(494.1607142857143, 785.5089285714286)",Actinomyces,0,2128
"(492.62576687116564, 1127.4539877300613)",Neisseriaceae,0,2129
"(491.0, 1151.1978021978023)",Capnocytophaga,0,2130
"(491.252427184466, 422.56310679611653)",Neisseriaceae,0,2132
"(493.39285714285717, 468.4214285714286)",Veillonella,0,2133
"(495.7983870967742, 876.8548387096774)",Actinomyces,0,2134
"(496.0342465753425, 926.9041095890411)",Lautropia,0,2135
"(500.55405405405406, 943.2871621621622)",Capnocytophaga,0,2136
"(491.87640449438203, 1256.6741573033707)",Neisseriaceae,0,2137
"(491.2818181818182, 1882.6636363636364)",Neisseriaceae,0,2138
"(492.81081081081084, 809.8513513513514)",Capnocytophaga,0,2139
"(492.2808988764045, 1407.1685393258426)",Pasteurellaceae,0,2140
"(493.82236842105266, 1482.1315789473683)",Neisseriaceae,0,2141
"(499.185, 1757.47)",Pasteurellaceae,0,2142
"(492.09722222222223, 1868.638888888889)",Neisseriaceae,0,2143
"(498.0836820083682, 26.1255230125523)",Capnocytophaga,0,2144
"(493.84285714285716, 1239.6571428571428)",Treponema,0,2146
"(494.75, 1351.328125)",Leptotrichia,0,2147
"(495.0, 1843.1176470588234)",Capnocytophaga,0,2148
"(498.175, 306.40833333333336)",Rothia,0,2149
"(497.23423423423424, 825.5315315315315)",Pasteurellaceae,0,2150
"(497.0217391304348, 1272.6304347826087)",Neisseriaceae,0,2151
"(494.4032258064516, 1500.3709677419354)",Actinomyces,0,2152
"(496.9261744966443, 1582.3020134228188)",Neisseriaceae,0,2153
"(499.1796875, 551.484375)",Gemella,0,2154
"(497.7294117647059, 1424.7411764705882)",Capnocytophaga,0,2155
"(497.0, 1615.551724137931)",Veillonella,0,2156
"(495.52702702702703, 1816.445945945946)",Rothia,0,2157
"(498.4, 359.26666666666665)",Selenomonas,0,2158
"(499.5652173913044, 453.3188405797101)",Neisseriaceae,0,2159
"(497.2027027027027, 705.6081081081081)",Leptotrichia,0,2160
"(500.475, 1072.525)",Pasteurellaceae,0,2161
"(500.7987421383648, 1775.4716981132076)",Pasteurellaceae,0,2162
"(499.4767441860465, 342.8488372093023)",Veillonella,0,2163
"(500.9846153846154, 437.5153846153846)",Veillonella,0,2164
"(502.18888888888887, 1007.5777777777778)",Neisseriaceae,0,2165
"(497.9578947368421, 1210.842105263158)",Leptotrichia,0,2166
"(504.44594594594594, 1690.6981981981983)",Veillonella,0,2167
"(502.3168316831683, 325.05445544554453)",Neisseriaceae,0,2168
"(503.158940397351, 407.1456953642384)",Neisseriaceae,0,2169
"(498.6951219512195, 1090.6097560975609)",Neisseriaceae,0,2170
"(505.1511627906977, 1304.3779069767443)",Neisseriaceae,0,2171
"(503.1210191082803, 1900.8853503184714)",Pasteurellaceae,0,2172
"(502.1341463414634, 3.0)",Pasteurellaceae,0,2173
"(509.0579268292683, 1034.9786585365853)",Neisseriaceae,0,2174
"(502.39130434782606, 1601.3260869565217)",TM7,0,2175
"(502.0705882352941, 1627.4705882352941)",Lautropia,0,2176
"(500.69565217391306, 44.89855072463768)",Neisseriaceae,0,2177
"(501.35555555555555, 978.3777777777777)",Pasteurellaceae,0,2178
"(501.50943396226415, 1174.5283018867924)",Neisseriaceae,0,2179
"(502.34090909090907, 1528.9924242424242)",Actinomyces,0,2180
"(503.99333333333334, 497.14666666666665)",Veillonella,0,2182
"(504.7263157894737, 569.3157894736842)",Gemella,0,2183
"(509.54716981132077, 992.3443396226415)",Neisseriaceae,0,2184
"(502.9625, 1155.8875)",Pasteurellaceae,0,2185
"(502.4782608695652, 1314.695652173913)",Prevotella,0,2186
"(502.8192771084337, 1855.7951807228915)",Pasteurellaceae,0,2187
"(506.6990291262136, 1836.6796116504854)",Pasteurellaceae,0,2188
"(506.46153846153845, 2042.2307692307693)",Selenomonas,0,2189
"(505.247311827957, 293.39784946236557)",Rothia,0,2190
"(507.7142857142857, 777.6734693877551)",Actinomyces,0,2191
"(508.1985294117647, 889.7132352941177)",Neisseriaceae,0,2192
"(508.7261904761905, 961.2083333333334)",Leptotrichia,0,2193
"(503.25, 1229.3529411764705)",Neisseriaceae,0,2194
"(506.5496183206107, 1874.1832061068703)",Veillonella,0,2195
"(504.6263736263736, 2028.3186813186812)",Pasteurellaceae,0,2196
"(506.4313725490196, 743.1470588235294)",Fusobacterium,0,2197
"(509.94405594405595, 803.6643356643357)",Campylobacter,0,2198
"(508.1162790697674, 1333.9186046511627)",Leptotrichia,0,2200
"(507.2962962962963, 1398.9259259259259)",Leptotrichia,0,2201
"(512.9181034482758, 690.2715517241379)",Leptotrichia,0,2202
"(506.49367088607596, 754.620253164557)",Rothia,0,2203
"(508.9323308270677, 1134.421052631579)",Pasteurellaceae,0,2204
"(507.1363636363636, 1258.9545454545455)",Pasteurellaceae,0,2205
"(515.9605263157895, 1352.8157894736842)",Leptotrichia,0,2206
"(506.8767123287671, 423.32876712328766)",Neisseriaceae,0,2207
"(508.4310344827586, 462.7586206896552)",Veillonella,0,2208
"(512.3664596273292, 855.5776397515529)",Rothia,0,2209
"(509.1875, 1059.0625)",Veillonella,0,2210
"(512.3407407407408, 1490.0296296296297)",Neisseriaceae,0,2211
"(508.4179104477612, 1515.2089552238806)",Rothia,0,2212
"(508.4967741935484, 1556.425806451613)",Neisseriaceae,0,2213
"(509.72527472527474, 1579.2307692307693)",Pasteurellaceae,0,2214
"(512.2326732673267, 1813.2178217821781)",Veillonella,0,2215
"(511.3636363636364, 313.6363636363636)",Neisseriaceae,0,2216
"(510.360248447205, 382.6149068322981)",Lautropia,0,2217
"(507.984126984127, 912.1269841269841)",Campylobacter,0,2218
"(510.3125, 1083.3125)",Pasteurellaceae,0,2219
"(513.2066666666667, 1243.8133333333333)",Neisseriaceae,0,2220
"(511.74117647058824, 1278.164705882353)",Neisseriaceae,0,2221
"(513.504761904762, 1294.7714285714285)",Neisseriaceae,0,2222
"(511.35714285714283, 1379.0428571428572)",Neisseriaceae,0,2223
"(514.5, 739.09)",Corynebacterium,0,2224
"(510.8305084745763, 1888.915254237288)",Selenomonas,0,2225
"(512.42, 1428.65)",Pasteurellaceae,0,2226
"(512.6944444444445, 360.3333333333333)",Leptotrichia,0,2227
"(515.3225806451613, 532.3467741935484)",Gemella,0,2228
"(511.4, 830.3538461538461)",Fusobacterium,0,2229
"(515.01, 1095.85)",Pasteurellaceae,0,2230
"(515.2903225806451, 1413.6129032258063)",Neisseriaceae,0,2231
"(516.863309352518, 1507.611510791367)",Rothia,0,2232
"(514.25, 815.5)",Actinomyces,0,2233
"(514.2333333333333, 1156.95)",Neisseriaceae,0,2234
"(514.9305555555555, 1226.9722222222222)",Veillonella,0,2235
"(517.3543307086615, 1776.4724409448818)",Leptotrichia,0,2237
"(522.3668122270742, 340.471615720524)",Veillonella,0,2238
"(525.0936170212766, 403.6170212765957)",Gemella,0,2239
"(514.8571428571429, 454.98571428571427)",Neisseriaceae,0,2240
"(514.6826923076923, 479.71153846153845)",Veillonella,0,2241
"(515.6140350877193, 546.280701754386)",Lautropia,0,2242
"(521.5354330708661, 769.5748031496063)",Actinomyces,0,2243
"(515.6229508196722, 1196.016393442623)",Neisseriaceae,0,2244
"(519.3383084577115, 1207.636815920398)",Neisseriaceae,0,2245
"(515.081081081081, 37.16216216216216)",Veillonella,0,2246
"(520.061403508772, 1541.3947368421052)",Pasteurellaceae,0,2249
"(518.0, 1795.20202020202)",Neisseriaceae,0,2250
"(521.7586206896551, 1828.3362068965516)",Rothia,0,2251
"(519.2048192771084, 14.204819277108435)",Neisseriaceae,0,2252
"(516.32, 299.68)",Rothia,0,2253
"(516.3103448275862, 1853.6206896551723)",Pasteurellaceae,0,2254
"(520.6388888888889, 716.6111111111111)",Actinomyces,0,2256
"(524.2684210526315, 787.6157894736842)",Neisseriaceae,0,2257
"(517.7682926829268, 925.0365853658536)",Leptotrichia,0,2258
"(518.4159292035398, 1462.3362831858408)",Veillonella,0,2259
"(520.3877551020408, 290.1326530612245)",Fusobacterium,0,2260
"(518.6559139784946, 431.31182795698925)",Veillonella,0,2261
"(526.3465346534654, 507.7029702970297)",Gemella,0,2262
"(521.2173913043479, 874.4420289855072)",Actinomyces,0,2264
"(521.6888888888889, 1053.4333333333334)",Neisseriaceae,0,2265
"(520.0984848484849, 1265.7878787878788)",Neisseriaceae,0,2266
"(520.9571428571429, 1321.1)",Pasteurellaceae,0,2267
"(518.8484848484849, 1442.5353535353536)",Pasteurellaceae,0,2268
"(518.8823529411765, 1568.1911764705883)",Streptococcus,0,2269
"(520.531914893617, 1583.4148936170213)",Neisseriaceae,0,2270
"(526.5087719298245, 975.4736842105264)",Pasteurellaceae,0,2271
"(519.6896551724138, 1141.655172413793)",Neisseriaceae,0,2272
"(521.0621118012423, 1740.6521739130435)",Neisseriaceae,0,2273
"(525.3095238095239, 41.726190476190474)",Gemella,0,2274
"(521.8636363636364, 844.8636363636364)",Actinomyces,0,2276
"(522.2475247524752, 912.4257425742575)",Leptotrichia,0,2277
"(522.5409836065573, 1014.6803278688525)",Neisseriaceae,0,2278
"(525.0988372093024, 1526.889534883721)",Lautropia,0,2279
"(523.0701754385965, 1619.6754385964912)",Neisseriaceae,0,2280
"(523.0123456790124, 1069.851851851852)",Rothia,0,2281
"(533.5280898876405, 362.311797752809)",Selenomonas,0,2283
"(527.2919254658385, 382.9254658385093)",Treponema,0,2284
"(528.4109589041096, 491.2054794520548)",Veillonella,0,2285
"(522.3333333333334, 556.7592592592592)",Gemella,0,2286
"(524.6022727272727, 754.5227272727273)",Rothia,0,2287
"(525.3518518518518, 1152.7592592592594)",Pasteurellaceae,0,2288
"(525.1527777777778, 458.3611111111111)",Rothia,0,2289
"(526.0909090909091, 702.1272727272727)",Actinomyces,0,2290
"(525.3148148148148, 897.8703703703703)",Neisseriaceae,0,2291
"(524.7739726027397, 945.6506849315068)",Pasteurellaceae,0,2292
"(526.0068965517241, 1183.8620689655172)",Neisseriaceae,0,2293
"(523.8275862068965, 1840.448275862069)",Rothia,0,2294
"(526.4387755102041, 524.9285714285714)",Gemella,0,2295
"(526.7540983606557, 829.1147540983607)",Actinomyces,0,2296
"(526.6666666666666, 1631.7094017094016)",Veillonella,0,2298
"(531.4159663865546, 1902.920168067227)",Streptococcus,0,2299
"(525.703125, 313.6875)",Neisseriaceae,0,2300
"(526.2739726027397, 994.7534246575342)",Pasteurellaceae,0,2301
"(527.4111111111112, 1867.5111111111112)",Neisseriaceae,0,2302
"(527.4823529411765, 243.05882352941177)",Lautropia,0,2303
"(528.0933333333334, 276.73333333333335)",Rothia,0,2304
"(528.5744680851063, 735.563829787234)",Actinomyces,0,2305
"(530.5185185185185, 424.6666666666667)",Neisseriaceae,0,2306
"(533.2307692307693, 470.7153846153846)",Neisseriaceae,0,2307
"(533.4764705882353, 1139.8647058823528)",Neisseriaceae,0,2308
"(529.7836257309941, 1481.4736842105262)",Neisseriaceae,0,2309
"(528.4761904761905, 1599.7261904761904)",Leptotrichia,0,2310
"(533.4273504273505, 255.02564102564102)",Neisseriaceae,0,2311
"(530.5765765765766, 440.72072072072075)",Lautropia,0,2312
"(531.7080291970802, 549.8686131386861)",Gemella,0,2313
"(529.72, 1433.9066666666668)",Capnocytophaga,0,2314
"(532.3507462686567, 1373.358208955224)",Neisseriaceae,0,2315
"(530.7361111111111, 1806.4722222222222)",Neisseriaceae,0,2316
"(530.7662337662338, 1851.844155844156)",Rothia,0,2317
"(531.5657894736842, 963.6052631578947)",Capnocytophaga,0,2318
"(537.1035598705502, 1043.9935275080907)",Neisseriaceae,0,2319
"(532.048951048951, 1238.2027972027972)",Neisseriaceae,0,2320
"(534.4565217391304, 1774.159420289855)",Pasteurellaceae,0,2321
"(531.0, 1789.0)",Pasteurellaceae,0,2322
"(533.304347826087, 2028.0)",Veillonella,0,2323
"(532.6363636363636, 29.4025974025974)",Veillonella,0,2324
"(534.1980198019802, 888.1881188118812)",Rothia,0,2325
"(532.6461538461539, 1277.0307692307692)",Pasteurellaceae,0,2327
"(534.7410071942446, 1346.6546762589928)",Pasteurellaceae,0,2328
"(533.0855614973262, 1561.7914438502673)",Actinomyces,0,2329
"(532.2105263157895, 301.36842105263156)",Neisseriaceae,0,2330
"(532.6461538461539, 811.0153846153846)",Campylobacter,0,2331
"(536.9494949494949, 933.8080808080808)",Pasteurellaceae,0,2332
"(533.8805970149253, 1749.0149253731342)",Pasteurellaceae,0,2333
"(536.2432432432432, 921.2522522522522)",Leptotrichia,0,2334
"(535.3379310344827, 1319.7655172413793)",Veillonella,0,2335
"(535.6607142857143, 1414.1517857142858)",Veillonella,0,2336
"(534.515625, 1456.984375)",Selenomonas,0,2337
"(534.081081081081, 1819.472972972973)",Gemella,0,2338
"(534.5454545454545, 1011.2454545454545)",Pasteurellaceae,0,2339
"(534.0370370370371, 1655.7592592592594)",Actinomyces,0,2340
"(537.1304347826087, 1762.1739130434783)",Pasteurellaceae,0,2341
"(537.4647887323944, 322.0845070422535)",Porphyromonas,0,2342
"(537.8536585365854, 858.7479674796748)",Leptotrichia,0,2343
"(538.4688995215311, 1162.8181818181818)",Neisseriaceae,0,2344
"(543.6157205240174, 1509.35807860262)",Neisseriaceae,0,2345
"(536.7428571428571, 8.457142857142857)",Pasteurellaceae,0,2346
"(536.3272727272728, 604.8727272727273)",Treponema,0,2347
"(536.22, 1024.56)",Neisseriaceae,0,2348
"(543.6867469879518, 1612.632530120482)",Rothia,0,2349
"(542.3405797101449, 224.7391304347826)",Gemella,0,2350
"(544.7941176470588, 290.48823529411766)",Veillonella,0,2351
"(542.268156424581, 724.2569832402235)",Rothia,0,2353
"(539.7172413793104, 1069.848275862069)",Neisseriaceae,0,2354
"(541.6470588235294, 1213.5828877005347)",Gemella,0,2355
"(542.8322580645162, 1647.3548387096773)",Gemella,0,2356
"(538.9868421052631, 332.19736842105266)",Veillonella,0,2357
"(541.9578313253012, 763.1927710843373)",Actinomyces,0,2358
"(538.6440677966102, 1839.5762711864406)",Neisseriaceae,0,2359
"(543.0986842105264, 1258.3881578947369)",Neisseriaceae,0,2360
"(539.4909090909091, 1664.418181818182)",Lautropia,0,2361
"(541.5492957746479, 25.577464788732396)",Neisseriaceae,0,2362
"(541.7368421052631, 118.3157894736842)",Pasteurellaceae,0,2363
"(545.040404040404, 527.9191919191919)",Lautropia,0,2364
"(548.746192893401, 741.6345177664974)",Actinomyces,0,2365
"(544.4615384615385, 799.2564102564103)",Fusobacterium,0,2366
"(545.4378109452737, 910.3930348258707)",Leptotrichia,0,2367
"(543.8920863309353, 1585.3237410071943)",Rothia,0,2368
"(543.72, 1732.4133333333334)",Lautropia,0,2369
"(560.0347222222222, 65.51157407407408)",Actinomyces,0,2370
"(542.3880597014926, 269.8134328358209)",Rothia,0,2371
"(546.2012578616352, 381.251572327044)",Gemella,0,2372
"(541.9104477611941, 449.7164179104478)",Lautropia,0,2373
"(543.8454545454546, 703.790909090909)",Actinomyces,0,2374
"(543.9736842105264, 1490.1842105263158)",Neisseriaceae,0,2375
"(545.8231292517007, 1543.4965986394557)",Actinomyces,0,2376
"(544.0, 1867.248)",Neisseriaceae,0,2377
"(544.1971830985915, 1880.774647887324)",Neisseriaceae,0,2378
"(542.5, 1957.875)",Leptotrichia,0,2379
"(546.927927927928, 425.81081081081084)",Veillonella,0,2381
"(545.081081081081, 620.8558558558559)",Neisseriaceae,0,2383
"(545.7631578947369, 1423.622807017544)",Neisseriaceae,0,2384
"(551.2182890855457, 1911.873156342183)",Neisseriaceae,0,2385
"(543.7571428571429, 501.22857142857146)",Neisseriaceae,0,2386
"(545.1857142857143, 683.1714285714286)",Actinomyces,0,2387
"(547.8717948717949, 827.8547008547008)",Neisseriaceae,0,2388
"(553.9735682819384, 1812.273127753304)",Corynebacterium,0,2389
"(546.8846153846154, 878.6410256410256)",Leptotrichia,0,2390
"(545.2823529411764, 990.8)",Leptotrichia,0,2391
"(546.7611940298508, 1181.1492537313434)",Leptotrichia,0,2392
"(549.4355828220858, 1474.3190184049079)",Gemella,0,2393
"(547.7545454545455, 403.9909090909091)",Neisseriaceae,0,2394
"(549.1530612244898, 842.2551020408164)",Actinomyces,0,2395
"(548.1186440677966, 1230.7203389830509)",Veillonella,0,2396
"(547.109375, 1274.578125)",Treponema,0,2397
"(546.8313253012049, 1318.867469879518)",Neisseriaceae,0,2398
"(548.2682926829268, 1388.1829268292684)",Leptotrichia,0,2399
"(545.7640449438202, 1678.7303370786517)",Prevotella,0,2400
"(549.1044776119403, 304.82089552238807)",Neisseriaceae,0,2401
"(548.3387096774194, 813.9193548387096)",Capnocytophaga,0,2402
"(548.9350649350649, 1287.4675324675325)",Treponema,0,2403
"(550.5714285714286, 1369.6571428571428)",Neisseriaceae,0,2404
"(546.4533333333334, 1562.2533333333333)",Actinomyces,0,2405
"(549.1208791208791, 1633.6483516483515)",Rothia,0,2406
"(550.05, 1794.0285714285715)",Pasteurellaceae,0,2407
"(549.0892857142857, 321.82142857142856)",Veillonella,0,2408
"(548.4087591240876, 1452.7664233576643)",Pasteurellaceae,0,2410
"(548.65625, 1852.234375)",Neisseriaceae,0,2411
"(549.648, 477.88)",Pasteurellaceae,0,2413
"(553.0940170940171, 541.0769230769231)",Lautropia,0,2414
"(560.2491103202847, 1028.9537366548043)",Pasteurellaceae,0,2415
"(548.3148148148148, 1343.1666666666667)",Neisseriaceae,0,2417
"(556.2790697674419, 1716.125581395349)",Veillonella,0,2419
"(550.3181818181819, 10.745454545454546)",Neisseriaceae,0,2420
"(555.1754385964912, 248.32631578947368)",Neisseriaceae,0,2421
"(553.4771241830065, 946.0130718954248)",Leptotrichia,0,2422
"(551.4111111111112, 1095.7555555555555)",Leptotrichia,0,2423
"(550.9607843137255, 1124.4019607843138)",Neisseriaceae,0,2424
"(552.4719101123595, 1192.0898876404494)",Leptotrichia,0,2425
"(553.65, 1596.0625)",Rothia,0,2429
"(560.0275229357799, 1765.6743119266055)",Pasteurellaceae,0,2430
"(550.6666666666666, 1826.0384615384614)",Veillonella,0,2431
"(553.5774647887324, 458.4507042253521)",Veillonella,0,2432
"(554.0215827338129, 776.273381294964)",Actinomyces,0,2433
"(550.9464285714286, 1836.517857142857)",Rothia,0,2434
"(553.439024390244, 1887.8943089430895)",Actinomyces,0,2435
"(559.8815165876778, 29.72037914691943)",Veillonella,0,2436
"(555.0327868852459, 442.11475409836066)",Veillonella,0,2437
"(556.1020408163265, 612.4625850340136)",Pasteurellaceae,0,2438
"(553.6285714285714, 965.6190476190476)",Actinomyces,0,2439
"(556.2658227848101, 1140.7278481012659)",Neisseriaceae,0,2440
"(558.1608391608391, 1352.3916083916083)",Pasteurellaceae,0,2441
"(555.9494584837545, 112.8014440433213)",Neisseriaceae,0,2442
"(570.6291208791209, 223.00274725274724)",Gemella,0,2443
"(554.6595744680851, 928.936170212766)",Leptotrichia,0,2445
"(554.4814814814815, 981.7530864197531)",Actinomyces,0,2446
"(555.8689655172413, 1173.9172413793103)",Leptotrichia,0,2447
"(560.9432989690722, 1655.6752577319587)",Veillonella,0,2448
"(553.6481481481482, 1669.0185185185185)",Neisseriaceae,0,2449
"(557.9263803680982, 514.3312883435583)",Neisseriaceae,0,2451
"(562.1194029850747, 1050.4676616915424)",Leptotrichia,0,2452
"(564.651376146789, 401.2201834862385)",Neisseriaceae,0,2453
"(556.6415094339623, 849.6981132075472)",Rothia,0,2454
"(560.4748201438849, 902.6762589928057)",Actinomyces,0,2455
"(556.2121212121212, 271.1818181818182)",Neisseriaceae,0,2456
"(563.44, 313.0933333333333)",Gemella,0,2457
"(556.8, 1156.06)",Neisseriaceae,0,2458
"(558.3225806451613, 1266.5591397849462)",Neisseriaceae,0,2459
"(558.8229166666666, 1432.3645833333333)",Treponema,0,2460
"(561.9172932330827, 88.05263157894737)",Pasteurellaceae,0,2461
"(560.2213114754098, 346.61475409836066)",Neisseriaceae,0,2462
"(558.8512396694215, 717.3140495867768)",Actinomyces,0,2464
"(558.5190839694657, 757.0610687022901)",Actinomyces,0,2465
"(559.1666666666666, 1610.3055555555557)",Rothia,0,2466
"(566.1185185185185, 367.44444444444446)",Neisseriaceae,0,2467
"(559.4782608695652, 886.0652173913044)",Leptotrichia,0,2468
"(563.8145695364238, 1329.4569536423842)",Gemella,0,2469
"(560.2297297297297, 1629.4864864864865)",Rothia,0,2470
"(559.984375, 494.453125)",Veillonella,0,2471
"(566.7941176470588, 792.0294117647059)",Rothia,0,2472
"(567.7008547008547, 1252.7948717948718)",Neisseriaceae,0,2474
"(561.3804347826087, 1414.0326086956522)",Neisseriaceae,0,2475
"(561.0322580645161, 1865.6021505376343)",Pasteurellaceae,0,2476
"(562.0365853658536, 412.8048780487805)",Pasteurellaceae,0,2477
"(565.6115107913669, 477.6474820143885)",Pasteurellaceae,0,2478
"(570.4204545454545, 1106.469696969697)",Neisseriaceae,0,2479
"(560.4155844155844, 1496.922077922078)",Actinomyces,0,2480
"(563.2714285714286, 1566.9357142857143)",Actinomyces,0,2481
"(561.472972972973, 1739.2702702702702)",Leptotrichia,0,2482
"(560.9074074074074, 1752.3148148148148)",Veillonella,0,2483
"(568.5714285714286, 49.20454545454545)",Neisseriaceae,0,2484
"(562.9354838709677, 1524.763440860215)",Neisseriaceae,0,2485
"(573.7991803278688, 137.4262295081967)",Veillonella,0,2486
"(563.1875, 202.140625)",Gemella,0,2487
"(563.9117647058823, 212.5735294117647)",Treponema,0,2488
"(570.5957446808511, 425.9432624113475)",Neisseriaceae,0,2489
"(565.93, 454.78)",Veillonella,0,2491
"(565.1764705882352, 669.7058823529412)",Leptotrichia,0,2492
"(567.777027027027, 684.3445945945946)",Leptotrichia,0,2493
"(566.0677966101695, 812.8983050847457)",Neisseriaceae,0,2494
"(563.4328358208955, 844.955223880597)",Actinomyces,0,2495
"(563.2615384615384, 1691.5846153846153)",Leptotrichia,0,2496
"(567.9411764705883, 1396.1512605042017)",Neisseriaceae,0,2497
"(572.3053892215569, 1487.4670658682635)",Actinomyces,0,2498
"(568.7280701754386, 1684.9649122807018)",Leptotrichia,0,2499
"(567.6294416243654, 289.9695431472081)",Veillonella,0,2500
"(566.6074074074074, 866.5333333333333)",Leptotrichia,0,2501
"(571.8322580645162, 1003.4774193548387)",Neisseriaceae,0,2502
"(565.440366972477, 1285.2568807339449)",Neisseriaceae,0,2503
"(573.2631578947369, 384.94736842105266)",Neisseriaceae,0,2504
"(571.5818181818182, 741.5878787878788)",Actinomyces,0,2505
"(567.8170731707318, 1090.9878048780488)",Pasteurellaceae,0,2507
"(567.6666666666666, 1139.9753086419753)",Neisseriaceae,0,2509
"(571.163179916318, 1232.7949790794978)",Actinomyces,0,2510
"(576.4029126213592, 1506.8543689320388)",Actinomyces,0,2511
"(571.6153846153846, 990.945054945055)",Rothia,0,2513
"(568.8, 1842.28)",Neisseriaceae,0,2515
"(566.9824561403509, 699.1754385964912)",Actinomyces,0,2518
"(571.535864978903, 1212.8396624472573)",Actinomyces,0,2519
"(569.1538461538462, 1383.2435897435898)",Pasteurellaceae,0,2520
"(568.6860465116279, 1448.093023255814)",Pasteurellaceae,0,2521
"(568.0, 1588.2714285714285)",Rothia,0,2522
"(570.8153846153846, 1792.7923076923078)",Pasteurellaceae,0,2523
"(575.0206896551724, 12.537931034482758)",Rothia,0,2524
"(570.1142857142858, 639.6571428571428)",Veillonella,0,2525
"(568.4769230769231, 962.7384615384616)",Fusobacterium,0,2526
"(571.2440476190476, 1552.0)",Rothia,0,2527
"(570.1333333333333, 1827.9809523809524)",Neisseriaceae,0,2528
"(571.671875, 437.4375)",Lautropia,0,2529
"(569.8493150684932, 543.7260273972603)",Neisseriaceae,0,2530
"(570.5507246376811, 822.2028985507246)",Pasteurellaceae,0,2531
"(570.080459770115, 1192.0114942528735)",Actinomyces,0,2533
"(570.4181818181818, 1320.4727272727273)",Gemella,0,2534
"(581.0411522633744, 1460.625514403292)",Pasteurellaceae,0,2535
"(569.8196721311475, 1473.622950819672)",Rothia,0,2536
"(570.258064516129, 1602.8709677419354)",Rothia,0,2537
"(571.7317073170732, 527.390243902439)",Gemella,0,2538
"(569.9322033898305, 926.8305084745763)",Pasteurellaceae,0,2539
"(571.427536231884, 1878.7101449275362)",Pasteurellaceae,0,2541
"(574.6902654867257, 277.5486725663717)",Veillonella,0,2543
"(576.4565217391304, 344.731884057971)",Neisseriaceae,0,2544
"(572.9473684210526, 492.7368421052632)",Neisseriaceae,0,2545
"(573.0943396226415, 1154.433962264151)",Neisseriaceae,0,2546
"(577.6413043478261, 1171.8315217391305)",Rothia,0,2547
"(575.8730158730159, 724.2301587301587)",Leptotrichia,0,2550
"(573.056338028169, 1364.2957746478874)",Neisseriaceae,0,2551
"(573.0649350649351, 1640.6233766233765)",Rothia,0,2552
"(576.013698630137, 1734.5958904109589)",Lautropia,0,2553
"(574.8533333333334, 1810.4133333333334)",Rothia,0,2554
"(579.5128205128206, 508.2008547008547)",Gemella,0,2555
"(577.8773006134969, 603.7914110429448)",Neisseriaceae,0,2556
"(574.4631578947368, 973.3684210526316)",Neisseriaceae,0,2557
"(579.244019138756, 1310.22009569378)",Neisseriaceae,0,2559
"(575.8515625, 1529.4921875)",Leptotrichia,0,2560
"(576.012987012987, 706.8831168831168)",Leptotrichia,0,2562
"(577.2659574468086, 1120.8191489361702)",Gemella,0,2563
"(578.5888888888888, 1190.1)",Actinomyces,0,2564
"(575.9017857142857, 1346.3035714285713)",Neisseriaceae,0,2565
"(575.1666666666666, 86.65384615384616)",Leptotrichia,0,2566
"(578.5026178010471, 890.869109947644)",Rothia,0,2567
"(578.4276315789474, 936.828947368421)",Actinomyces,0,2568
"(579.4310344827586, 1012.9310344827586)",Neisseriaceae,0,2569
"(575.9324324324324, 1717.1081081081081)",Pasteurellaceae,0,2570
"(580.448275862069, 120.56896551724138)",Neisseriaceae,0,2571
"(578.918918918919, 239.01351351351352)",Neisseriaceae,0,2572
"(579.7142857142857, 302.57142857142856)",Gemella,0,2573
"(584.6355421686746, 323.9277108433735)",Treponema,0,2574
"(581.7204301075269, 1747.6827956989248)",Lautropia,0,2576
"(579.84, 553.2)",Neisseriaceae,0,2579
"(582.3484848484849, 1375.3636363636363)",Pasteurellaceae,0,2580
"(582.9791666666666, 200.13888888888889)",Actinomyces,0,2581
"(578.8354430379746, 470.126582278481)",Pasteurellaceae,0,2582
"(580.2352941176471, 673.0117647058823)",Leptotrichia,0,2583
"(580.4358974358975, 1079.871794871795)",Neisseriaceae,0,2584
"(580.0588235294117, 1093.0392156862745)",Neisseriaceae,0,2585
"(582.6755319148937, 1412.4521276595744)",Selenomonas,0,2586
"(593.1343283582089, 1434.1902985074628)",Pasteurellaceae,0,2587
"(580.5096153846154, 1674.1153846153845)",Leptotrichia,0,2588
"(581.2295081967213, 1775.2868852459017)",Pasteurellaceae,0,2589
"(580.9156626506024, 268.5301204819277)",Neisseriaceae,0,2590
"(580.8717948717949, 781.2051282051282)",Rothia,0,2591
"(580.2598425196851, 835.0157480314961)",Pasteurellaceae,0,2592
"(581.5850340136054, 1285.3877551020407)",Neisseriaceae,0,2593
"(579.5081967213115, 1614.983606557377)",Rothia,0,2594
"(585.5426356589147, 1622.8527131782946)",Rothia,0,2595
"(580.6590909090909, 1890.409090909091)",Actinomyces,0,2596
"(582.392523364486, 457.22429906542055)",Campylobacter,0,2598
"(581.8375, 655.4625)",Leptotrichia,0,2599
"(582.6666666666666, 915.959595959596)",Leptotrichia,0,2600
"(581.530303030303, 1391.1515151515152)",Neisseriaceae,0,2601
"(587.0188679245283, 95.4622641509434)",Pasteurellaceae,0,2602
"(586.2222222222222, 628.124183006536)",Veillonella,0,2603
"(581.6521739130435, 1579.8695652173913)",Rothia,0,2604
"(582.3, 429.78)",Neisseriaceae,0,2605
"(588.3986928104575, 686.3006535947712)",Pasteurellaceae,0,2606
"(585.6203703703703, 851.425925925926)",Pasteurellaceae,0,2607
"(583.0, 957.8194444444445)",Rothia,0,2608
"(583.2272727272727, 1549.590909090909)",Rothia,0,2609
"(582.3478260869565, 1595.1391304347826)",Actinomyces,0,2610
"(584.9886363636364, 486.4318181818182)",Veillonella,0,2611
"(585.1978021978022, 868.8241758241758)",Fusobacterium,0,2612
"(585.7088607594936, 1263.4430379746836)",Lautropia,0,2613
"(584.9880952380952, 1698.9404761904761)",Pasteurellaceae,0,2615
"(589.4593023255813, 1846.8488372093022)",Neisseriaceae,0,2616
"(586.421875, 41.9453125)",Streptococcus,0,2617
"(586.6342857142857, 251.97714285714287)",Gemella,0,2618
"(585.9722222222222, 1818.9444444444443)",Rothia,0,2619
"(589.3733333333333, 1833.34)",Actinomyces,0,2620
"(586.780487804878, 529.0853658536586)",Veillonella,0,2622
"(588.7375886524823, 767.0567375886525)",Rothia,0,2624
"(589.4591836734694, 812.0204081632653)",Leptotrichia,0,2625
"(589.6212121212121, 1148.5656565656566)",Actinomyces,0,2626
"(587.3761467889908, 1483.1284403669724)",Actinomyces,0,2628
"(589.4051724137931, 797.0086206896551)",Actinomyces,0,2629
"(590.4268292682926, 1026.0853658536585)",Veillonella,0,2630
"(592.8315789473684, 1297.5315789473684)",Neisseriaceae,0,2631
"(587.8352941176471, 1356.164705882353)",Leptotrichia,0,2632
"(591.4161073825503, 178.38926174496643)",Gemella,0,2633
"(593.9034090909091, 415.60795454545456)",Neisseriaceae,0,2634
"(592.6058394160584, 972.5474452554745)",Neisseriaceae,0,2635
"(588.3389830508474, 1041.7966101694915)",Lautropia,0,2636
"(586.72, 1216.78)",Lautropia,0,2637
"(590.7763157894736, 1523.5526315789473)",Neisseriaceae,0,2638
"(589.7222222222222, 944.0416666666666)",Rothia,0,2639
"(589.8641975308642, 1332.1728395061727)",Neisseriaceae,0,2640
"(590.0188679245283, 1501.9056603773586)",Streptococcus,0,2641
"(592.3375, 1802.75625)",Leptotrichia,0,2643
"(591.7720588235294, 1868.8529411764705)",Rothia,0,2644
"(591.3896103896104, 368.3376623376623)",Neisseriaceae,0,2645
"(596.1966292134831, 439.1685393258427)",Neisseriaceae,0,2646
"(599.1844262295082, 707.7090163934427)",Leptotrichia,0,2647
"(596.8321678321678, 1638.7972027972028)",Neisseriaceae,0,2648
"(595.328125, 1718.234375)",Prevotella,0,2649
"(592.3440860215054, 292.7956989247312)",Selenomonas,0,2651
"(590.875, 357.125)",Pasteurellaceae,0,2652
"(597.2443181818181, 398.35227272727275)",Leptotrichia,0,2653
"(592.0980392156863, 481.01960784313724)",Corynebacterium,0,2654
"(592.7422680412371, 993.6494845360825)",Neisseriaceae,0,2655
"(595.2, 1231.6823529411765)",Neisseriaceae,0,2657
"(600.038961038961, 346.1363636363636)",Veillonella,0,2658
"(595.7181208053692, 614.9463087248322)",Veillonella,0,2659
"(591.7283950617284, 724.395061728395)",Pasteurellaceae,0,2660
"(594.2978723404256, 749.9893617021277)",Streptococcus,0,2661
"(603.27, 887.5133333333333)",Corynebacterium,0,2662
"(593.3834586466165, 1198.8796992481202)",Actinomyces,0,2663
"(593.5324675324675, 24.025974025974026)",Actinomyces,0,2664
"(594.8441558441558, 539.961038961039)",Neisseriaceae,0,2665
"(595.8308823529412, 1085.4705882352941)",Capnocytophaga,0,2666
"(595.2571428571429, 1120.247619047619)",Veillonella,0,2667
"(601.8918918918919, 1889.7567567567567)",Neisseriaceae,0,2668
"(600.75, 196.2797619047619)",Actinomyces,0,2669
"(594.2549019607843, 736.1176470588235)",Pasteurellaceae,0,2670
"(595.9560439560439, 1005.3076923076923)",Neisseriaceae,0,2672
"(596.0347826086957, 1568.6521739130435)",Rothia,0,2673
"(598.056338028169, 91.36619718309859)",Pasteurellaceae,0,2674
"(609.0787589498807, 311.50119331742246)",Selenomonas,0,2675
"(596.9902912621359, 386.3398058252427)",Pasteurellaceae,0,2676
"(596.4310344827586, 521.1724137931035)",Lautropia,0,2677
"(597.3359375, 1602.171875)",Campylobacter,0,2679
"(594.4938271604939, 1661.4444444444443)",Leptotrichia,0,2680
"(600.4150943396227, 1788.7924528301887)",Leptotrichia,0,2681
"(595.6181818181818, 123.16363636363636)",Neisseriaceae,0,2682
"(596.0784313725491, 640.7450980392157)",Rothia,0,2684
"(598.1460674157304, 655.438202247191)",Leptotrichia,0,2685
"(595.3809523809524, 928.1746031746031)",Actinomyces,0,2686
"(595.5, 956.0)",Rothia,0,2687
"(597.2786885245902, 1389.5819672131147)",Neisseriaceae,0,2688
"(596.72, 1762.56)",Rothia,0,2689
"(598.1111111111111, 147.84343434343435)",Neisseriaceae,0,2690
"(597.3734939759037, 1057.8192771084337)",Neisseriaceae,0,2691
"(598.8705882352941, 1373.9176470588236)",Pasteurellaceae,0,2692
"(599.5135135135135, 1928.587837837838)",Neisseriaceae,0,2693
"(597.7613636363636, 110.45454545454545)",Neisseriaceae,0,2694
"(598.3650793650794, 455.3968253968254)",Veillonella,0,2695
"(602.3448275862069, 493.37931034482756)",Neisseriaceae,0,2696
"(604.2908496732026, 906.6699346405229)",Leptotrichia,0,2697
"(611.2944444444445, 1278.6027777777779)",Gemella,0,2699
"(597.1636363636363, 1515.2545454545455)",Neisseriaceae,0,2700
"(602.0560747663551, 469.5700934579439)",Gemella,0,2701
"(597.7014925373135, 868.1194029850747)",Pasteurellaceae,0,2702
"(603.8191489361702, 1173.7304964539007)",Lautropia,0,2703
"(599.3098591549295, 1488.6760563380283)",Rothia,0,2705
"(599.6444444444444, 1697.7333333333333)",Pasteurellaceae,0,2706
"(604.5229357798165, 1744.302752293578)",Veillonella,0,2707
"(601.9111111111112, 1909.7259259259258)",Rothia,0,2708
"(600.9473684210526, 224.64661654135338)",Campylobacter,0,2709
"(603.0330578512396, 784.0)",Actinomyces,0,2710
"(604.7861635220125, 842.4654088050314)",Leptotrichia,0,2711
"(600.6633663366337, 1219.3564356435643)",Neisseriaceae,0,2712
"(600.9911504424779, 1452.8849557522124)",Pasteurellaceae,0,2713
"(600.672131147541, 1582.7540983606557)",Rothia,0,2714
"(606.8829787234042, 1730.627659574468)",Veillonella,0,2715
"(601.4428571428572, 507.95714285714286)",Veillonella,0,2716
"(601.0722891566265, 1039.3734939759036)",Streptococcus,0,2717
"(601.2816901408451, 1105.0140845070423)",Veillonella,0,2718
"(610.3364928909953, 1315.9241706161138)",Neisseriaceae,0,2719
"(601.0350877192982, 1624.438596491228)",Rothia,0,2720
"(604.2342342342342, 1677.7567567567567)",Pasteurellaceae,0,2721
"(602.0441176470588, 1821.514705882353)",Leptotrichia,0,2722
"(604.93006993007, 1862.5314685314686)",Rothia,0,2723
"(604.9607843137255, 809.8235294117648)",Leptotrichia,0,2725
"(605.671497584541, 1347.8695652173913)",Rothia,0,2726
"(606.7741935483871, 1404.6532258064517)",Treponema,0,2728
"(603.3793103448276, 6.5344827586206895)",Rothia,0,2729
"(609.2433628318585, 52.14601769911504)",Neisseriaceae,0,2730
"(606.1327433628319, 360.6991150442478)",Pasteurellaceae,0,2731
"(603.7916666666666, 551.25)",Capnocytophaga,0,2732
"(605.0864197530864, 1236.1358024691358)",Neisseriaceae,0,2733
"(603.4035087719299, 1479.6666666666667)",Rothia,0,2734
"(606.1609195402299, 1652.9885057471265)",Veillonella,0,2735
"(605.439024390244, 32.47560975609756)",Actinomyces,0,2736
"(606.418918918919, 104.14864864864865)",Neisseriaceae,0,2737
"(607.2393162393163, 274.8974358974359)",Corynebacterium,0,2738
"(605.8402777777778, 684.5347222222222)",Leptotrichia,0,2739
"(606.7017543859649, 1257.8333333333333)",Neisseriaceae,0,2740
"(609.8269230769231, 1466.1538461538462)",Neisseriaceae,0,2741
"(606.0, 1501.890410958904)",Rothia,0,2742
"(605.9294117647058, 1543.8470588235293)",Capnocytophaga,0,2743
"(605.9302325581396, 764.3372093023256)",Streptococcus,0,2744
"(607.4605263157895, 933.5394736842105)",Neisseriaceae,0,2745
"(609.4514285714286, 1067.64)",Neisseriaceae,0,2746
"(610.5618811881188, 1142.9133663366338)",Treponema,0,2747
"(606.4920634920635, 120.5079365079365)",Pasteurellaceae,0,2748
"(608.4859813084112, 1296.9719626168223)",Neisseriaceae,0,2749
"(613.9398148148148, 1518.9351851851852)",Campylobacter,0,2750
"(608.0307692307692, 1777.0461538461539)",Pasteurellaceae,0,2751
"(609.1333333333333, 207.53333333333333)",Selenomonas,0,2752
"(611.74, 386.8933333333333)",Capnocytophaga,0,2753
"(608.3396226415094, 950.1509433962265)",Neisseriaceae,0,2754
"(610.3417721518987, 434.2278481012658)",Selenomonas,0,2755
"(609.7672413793103, 605.6896551724138)",Neisseriaceae,0,2756
"(608.3150684931506, 637.931506849315)",Fusobacterium,0,2757
"(611.6931818181819, 988.0738636363636)",Neisseriaceae,0,2758
"(608.9029126213592, 1008.1844660194175)",Neisseriaceae,0,2759
"(609.71875, 1329.015625)",Neisseriaceae,0,2760
"(618.0833333333334, 1564.7833333333333)",Rothia,0,2761
"(612.5783132530121, 1823.2530120481927)",Leptotrichia,0,2762
"(611.2826086956521, 163.42391304347825)",Pasteurellaceae,0,2763
"(611.5882352941177, 179.31764705882352)",Pasteurellaceae,0,2764
"(610.5671641791045, 451.05970149253733)",Veillonella,0,2765
"(611.5612244897959, 728.795918367347)",Streptococcus,0,2766
"(610.1914893617021, 745.9255319148937)",Rothia,0,2767
"(614.3478260869565, 18.295652173913044)",Rothia,0,2769
"(619.0041666666667, 91.8875)",Streptococcus,0,2770
"(613.6194690265487, 415.78761061946904)",Neisseriaceae,0,2772
"(612.5987654320987, 527.9506172839506)",Neisseriaceae,0,2773
"(614.6907216494845, 853.1340206185567)",Leptotrichia,0,2774
"(613.817679558011, 1585.7348066298343)",Rothia,0,2775
"(612.6941176470589, 1665.7529411764706)",Neisseriaceae,0,2776
"(614.8877551020408, 645.5918367346939)",Rothia,0,2777
"(613.0746268656717, 958.5074626865671)",Neisseriaceae,0,2778
"(612.7972972972973, 970.6621621621622)",Neisseriaceae,0,2779
"(612.3737373737374, 1028.6464646464647)",Neisseriaceae,0,2780
"(616.9711286089239, 1198.2283464566929)",Pasteurellaceae,0,2781
"(617.1921708185054, 675.5551601423488)",Leptotrichia,0,2782
"(617.3085106382979, 866.8191489361702)",Leptotrichia,0,2783
"(614.3663366336634, 1385.7128712871288)",Neisseriaceae,0,2784
"(613.8813559322034, 1842.5254237288136)",Fusobacterium,0,2785
"(612.8852459016393, 141.88524590163934)",Prevotella,0,2786
"(613.7678571428571, 509.89285714285717)",Neisseriaceae,0,2787
"(619.1666666666666, 622.9247311827957)",Leptotrichia,0,2788
"(617.9685039370079, 820.503937007874)",Leptotrichia,0,2789
"(615.603305785124, 1373.5867768595042)",Neisseriaceae,0,2790
"(616.6276595744681, 257.8723404255319)",Actinomyces,0,2792
"(616.5615384615385, 478.89230769230767)",Selenomonas,0,2793
"(614.5135135135135, 1104.4684684684685)",Pasteurellaceae,0,2794
"(621.3467741935484, 1493.766129032258)",Rothia,0,2795
"(614.8181818181819, 1937.0757575757575)",Veillonella,0,2796
"(615.7083333333334, 1088.5833333333333)",Neisseriaceae,0,2797
"(616.5151515151515, 1255.6818181818182)",Neisseriaceae,0,2799
"(617.1269841269841, 1691.4920634920634)",Pasteurellaceae,0,2800
"(619.0744680851063, 1909.5744680851064)",Veillonella,0,2801
"(621.55, 288.1)",Leptotrichia,0,2802
"(618.15625, 370.375)",Neisseriaceae,0,2804
"(625.1834319526628, 1055.7633136094676)",Neisseriaceae,0,2805
"(620.1162790697674, 1949.8992248062016)",Veillonella,0,2806
"(621.1428571428571, 596.6309523809524)",Neisseriaceae,0,2807
"(617.4727272727273, 760.0909090909091)",Streptococcus,0,2808
"(619.9589041095891, 795.5205479452055)",Actinomyces,0,2809
"(619.8735632183908, 923.8735632183908)",Neisseriaceae,0,2810
"(623.26, 1332.1466666666668)",Neisseriaceae,0,2811
"(618.3269230769231, 1358.0576923076924)",Neisseriaceae,0,2812
"(619.3939393939394, 1444.4545454545455)",Leptotrichia,0,2813
"(620.801652892562, 1646.495867768595)",Veillonella,0,2814
"(618.5405405405405, 1763.945945945946)",Campylobacter,0,2815
"(618.4225352112676, 114.52112676056338)",Neisseriaceae,0,2816
"(623.6388888888889, 218.47685185185185)",Rothia,0,2817
"(625.7124183006536, 500.01960784313724)",Neisseriaceae,0,2818
"(619.6542056074767, 1714.8317757009345)",Pasteurellaceae,0,2819
"(620.328, 1806.848)",Leptotrichia,0,2820
"(622.38, 550.0533333333333)",Neisseriaceae,0,2821
"(620.8260869565217, 777.9347826086956)",Leptotrichia,0,2822
"(622.1621621621622, 965.6486486486486)",TM7,0,2823
"(624.0243902439024, 1039.3475609756097)",Neisseriaceae,0,2824
"(624.3333333333334, 1082.2643678160919)",Pasteurellaceae,0,2825
"(619.8243243243244, 1782.1081081081081)",Rothia,0,2826
"(621.5232558139535, 5.534883720930233)",Rothia,0,2827
"(621.3978494623656, 195.30107526881721)",Campylobacter,0,2828
"(624.1948051948052, 341.93506493506493)",Capnocytophaga,0,2829
"(624.2127659574468, 380.5425531914894)",Pasteurellaceae,0,2830
"(621.5432098765432, 459.9382716049383)",Pasteurellaceae,0,2831
"(621.016393442623, 941.5737704918033)",Neisseriaceae,0,2832
"(623.5762711864406, 1238.0677966101696)",Pasteurellaceae,0,2833
"(623.6195652173913, 1474.0760869565217)",Actinomyces,0,2834
"(623.9580419580419, 1543.93006993007)",Rothia,0,2835
"(621.433962264151, 1870.0754716981132)",TM7,0,2836
"(627.5294117647059, 242.33155080213905)",Actinomyces,0,2837
"(623.2621359223301, 571.6893203883495)",Streptococcus,0,2838
"(623.3296703296703, 712.2747252747253)",Veillonella,0,2839
"(623.3383838383838, 1741.7272727272727)",Lautropia,0,2841
"(623.8058252427185, 1926.388349514563)",Lautropia,0,2842
"(625.3152173913044, 122.55434782608695)",Gemella,0,2843
"(623.5686274509804, 832.156862745098)",Pasteurellaceae,0,2845
"(622.6440677966102, 1012.2881355932203)",Neisseriaceae,0,2846
"(624.0434782608696, 1858.391304347826)",Leptotrichia,0,2847
"(625.4471544715448, 38.59349593495935)",Rothia,0,2848
"(625.0508474576271, 442.10169491525426)",Neisseriaceae,0,2849
"(628.8031088082902, 1425.6373056994819)",Veillonella,0,2850
"(632.5032679738562, 1774.3856209150326)",Neisseriaceae,0,2851
"(625.8648648648649, 410.8018018018018)",Neisseriaceae,0,2852
"(624.6875, 749.7125)",Rothia,0,2853
"(627.7435897435897, 1176.6837606837607)",Neisseriaceae,0,2854
"(633.2029520295202, 144.08856088560884)",Lautropia,0,2855
"(624.9830508474577, 157.25423728813558)",Selenomonas,0,2856
"(627.0144927536232, 393.6521739130435)",Veillonella,0,2857
"(629.1739130434783, 524.7515527950311)",Pasteurellaceae,0,2858
"(626.7619047619048, 731.8809523809524)",Pasteurellaceae,0,2859
"(625.8095238095239, 1347.2539682539682)",Pasteurellaceae,0,2860
"(627.6455696202531, 1261.0506329113923)",Rothia,0,2862
"(629.1544715447154, 1394.7560975609756)",Neisseriaceae,0,2863
"(628.1827956989247, 1830.1720430107528)",Rothia,0,2864
"(632.2777777777778, 606.4907407407408)",Neisseriaceae,0,2865
"(630.2185792349727, 887.7158469945355)",Neisseriaceae,0,2866
"(634.819512195122, 908.3853658536585)",Veillonella,0,2867
"(633.21875, 1524.171875)",Pasteurellaceae,0,2868
"(633.9905213270142, 428.3554502369668)",Veillonella,0,2869
"(632.6504424778761, 979.933628318584)",Neisseriaceae,0,2871
"(628.4137931034483, 1126.0862068965516)",Neisseriaceae,0,2872
"(631.2549019607843, 1304.3790849673203)",Capnocytophaga,0,2873
"(632.2413793103449, 1370.8879310344828)",Neisseriaceae,0,2874
"(629.16, 1660.04)",Veillonella,0,2875
"(630.5, 181.8235294117647)",Leptotrichia,0,2876
"(630.9591836734694, 653.734693877551)",Pasteurellaceae,0,2877
"(632.6260869565217, 810.5739130434782)",Leptotrichia,0,2878
"(630.301724137931, 1106.353448275862)",Streptococcus,0,2879
"(631.5074626865671, 1513.7164179104477)",Leptotrichia,0,2880
"(632.2131147540983, 1731.3934426229507)",Neisseriaceae,0,2881
"(637.0363636363636, 65.27272727272727)",Rothia,0,2882
"(634.9, 478.8636363636364)",Neisseriaceae,0,2883
"(631.6875, 630.328125)",Fusobacterium,0,2884
"(633.025641025641, 691.6153846153846)",Leptotrichia,0,2885
"(631.7765957446809, 1680.872340425532)",Rothia,0,2886
"(634.2190476190476, 1796.1190476190477)",Rothia,0,2887
"(635.9311926605504, 1450.1926605504586)",Pasteurellaceae,0,2889
"(637.5099337748344, 776.6622516556291)",Veillonella,0,2890
"(633.7196261682243, 866.392523364486)",Leptotrichia,0,2891
"(634.2359550561798, 1487.258426966292)",Campylobacter,0,2892
"(636.0802919708029, 1583.2335766423357)",Capnocytophaga,0,2893
"(639.5266666666666, 1694.5133333333333)",Actinomyces,0,2894
"(634.8269230769231, 1846.3365384615386)",Neisseriaceae,0,2896
"(634.7735849056604, 261.3867924528302)",Actinomyces,0,2897
"(634.3333333333334, 466.7971014492754)",Veillonella,0,2898
"(633.6969696969697, 664.0757575757576)",Capnocytophaga,0,2899
"(642.1020408163265, 758.8367346938776)",Actinomyces,0,2900
"(635.9929078014185, 1008.3333333333334)",Neisseriaceae,0,2902
"(637.3613445378152, 1215.4621848739496)",Capnocytophaga,0,2903
"(635.75, 347.5)",Actinomyces,0,2906
"(635.6206896551724, 509.6551724137931)",Neisseriaceae,0,2907
"(637.3164556962025, 547.7721518987341)",Selenomonas,0,2908
"(638.1184210526316, 927.1842105263158)",Veillonella,0,2909
"(637.6302521008404, 1151.1512605042017)",Neisseriaceae,0,2910
"(637.9698795180723, 1276.44578313253)",Campylobacter,0,2911
"(640.4655172413793, 1649.646551724138)",Neisseriaceae,0,2912
"(635.7946428571429, 15.0)",Actinomyces,0,2913
"(636.987012987013, 453.2207792207792)",Gemella,0,2914
"(636.2679738562091, 842.5490196078431)",Leptotrichia,0,2915
"(642.9797297297297, 1028.4662162162163)",Neisseriaceae,0,2916
"(636.3653846153846, 1066.8653846153845)",Veillonella,0,2917
"(636.0294117647059, 1087.0441176470588)",Treponema,0,2918
"(641.5645161290323, 1297.4032258064517)",Leptotrichia,0,2919
"(644.4046511627907, 1550.7255813953489)",Pasteurellaceae,0,2920
"(637.8514851485148, 1814.4455445544554)",Rothia,0,2921
"(641.9625668449198, 101.46524064171123)",Neisseriaceae,0,2922
"(639.0490196078431, 387.421568627451)",Pasteurellaceae,0,2923
"(640.2258064516129, 581.5096774193548)",Prevotella,0,2924
"(639.1184210526316, 706.5131578947369)",Leptotrichia,0,2925
"(640.7635135135135, 1046.445945945946)",Neisseriaceae,0,2926
"(641.3348623853211, 1409.9587155963302)",Neisseriaceae,0,2927
"(638.0416666666666, 1473.2083333333333)",Pasteurellaceae,0,2928
"(639.0695652173913, 1863.6260869565217)",Capnocytophaga,0,2929
"(644.5204678362574, 273.51461988304095)",Actinomyces,0,2930
"(643.4360465116279, 722.1162790697674)",Neisseriaceae,0,2931
"(642.3265306122449, 743.5510204081633)",Neisseriaceae,0,2932
"(638.8988764044943, 1238.9101123595506)",Leptotrichia,0,2933
"(638.6236559139785, 1352.752688172043)",Neisseriaceae,0,2934
"(638.0545454545454, 1637.9636363636364)",Actinomyces,0,2935
"(640.4155844155844, 123.7012987012987)",Pasteurellaceae,0,2936
"(640.082191780822, 596.6849315068494)",Neisseriaceae,0,2937
"(643.8, 800.4375)",Rothia,0,2938
"(637.3846153846154, 960.1153846153846)",Veillonella,0,2939
"(642.2901785714286, 1327.5714285714287)",Neisseriaceae,0,2940
"(645.7275985663082, 204.5483870967742)",Rothia,0,2941
"(641.7721518987341, 1001.2278481012659)",Neisseriaceae,0,2942
"(645.3419689119171, 1134.6424870466321)",Neisseriaceae,0,2943
"(642.4715447154472, 491.5121951219512)",Neisseriaceae,0,2944
"(640.9666666666667, 625.3)",Pasteurellaceae,0,2945
"(653.2432432432432, 1261.1081081081081)",Pasteurellaceae,0,2946
"(642.179104477612, 1381.2985074626865)",Neisseriaceae,0,2947
"(650.867088607595, 1660.379746835443)",Rothia,0,2948
"(645.2713178294574, 39.3875968992248)",Leptotrichia,0,2949
"(651.6144067796611, 233.66101694915255)",Actinomyces,0,2950
"(648.4525139664804, 290.54748603351953)",Veillonella,0,2951
"(642.2923076923076, 642.7846153846153)",Pasteurellaceae,0,2952
"(645.6273291925465, 1198.7826086956522)",Pasteurellaceae,0,2953
"(641.4411764705883, 1603.1617647058824)",Selenomonas,0,2954
"(644.8220338983051, 1619.906779661017)",Porphyromonas,0,2955
"(648.0867346938776, 410.0051020408163)",Pasteurellaceae,0,2956
"(644.065934065934, 538.3296703296703)",Veillonella,0,2957
"(642.4492753623189, 566.5942028985507)",Pasteurellaceae,0,2958
"(644.2978723404256, 824.063829787234)",Actinomyces,0,2959
"(652.4925373134329, 948.318407960199)",Veillonella,0,2960
"(642.9333333333333, 1172.0533333333333)",Pasteurellaceae,0,2961
"(643.4594594594595, 1505.3108108108108)",Leptotrichia,0,2962
"(644.6771653543307, 1713.5196850393702)",Rothia,0,2963
"(641.8928571428571, 1740.5535714285713)",Neisseriaceae,0,2964
"(644.8095238095239, 28.761904761904763)",Corynebacterium,0,2965
"(647.3168316831683, 364.5049504950495)",Pasteurellaceae,0,2966
"(646.4411764705883, 376.01960784313724)",Pasteurellaceae,0,2967
"(649.5248226950355, 437.9574468085106)",Neisseriaceae,0,2968
"(644.7868852459017, 608.8852459016393)",Pasteurellaceae,0,2969
"(646.8588957055215, 880.3742331288344)",Capnocytophaga,0,2970
"(648.5569620253165, 1754.1054852320676)",Neisseriaceae,0,2971
"(648.6046511627907, 1828.6279069767443)",Pasteurellaceae,0,2972
"(656.4522613065327, 1086.8442211055276)",Neisseriaceae,0,2973
"(648.6355932203389, 1430.7288135593221)",Veillonella,0,2974
"(645.5873015873016, 1730.015873015873)",Pasteurellaceae,0,2975
"(647.6377952755905, 248.90551181102362)",Actinomyces,0,2977
"(652.8939393939394, 521.070707070707)",Neisseriaceae,0,2978
"(647.4719101123595, 653.1460674157304)",Rothia,0,2979
"(650.1754385964912, 671.4824561403509)",Campylobacter,0,2980
"(646.0925925925926, 856.4814814814815)",Selenomonas,0,2981
"(646.8527131782946, 1389.7131782945737)",Neisseriaceae,0,2982
"(648.34375, 1903.7734375)",Neisseriaceae,0,2983
"(652.9459459459459, 135.03243243243244)",Neisseriaceae,0,2984
"(648.4492753623189, 1105.6014492753623)",Neisseriaceae,0,2985
"(647.5526315789474, 1465.2631578947369)",Pasteurellaceae,0,2986
"(648.2692307692307, 1874.179487179487)",Leptotrichia,0,2987
"(649.8888888888889, 304.6111111111111)",Lautropia,0,2988
"(649.8527131782946, 352.7829457364341)",Pasteurellaceae,0,2989
"(651.5619047619048, 1166.9619047619049)",Neisseriaceae,0,2990
"(652.0608695652174, 701.4782608695652)",Neisseriaceae,0,2991
"(648.271186440678, 913.728813559322)",Lautropia,0,2992
"(650.5897435897435, 1183.871794871795)",Pasteurellaceae,0,2993
"(651.3365384615385, 1280.875)",Actinomyces,0,2994
"(649.8631578947368, 1491.0947368421052)",Leptotrichia,0,2995
"(650.2096774193549, 65.01612903225806)",Treponema,0,2996
"(654.2987012987013, 791.7792207792207)",Gemella,0,2997
"(652.2945736434109, 469.5813953488372)",Neisseriaceae,0,2999
"(651.4375, 963.5625)",Gemella,0,3000
"(653.6666666666666, 1532.4444444444443)",Leptotrichia,0,3001
"(655.8085106382979, 14.97872340425532)",Actinomyces,0,3002
"(651.536231884058, 839.8550724637681)",Leptotrichia,0,3003
"(651.1686746987951, 993.3734939759037)",Pasteurellaceae,0,3004
"(660.7434554973822, 1072.8376963350786)",Neisseriaceae,0,3005
"(653.7326203208556, 1346.090909090909)",Neisseriaceae,0,3006
"(651.448275862069, 1365.8620689655172)",Neisseriaceae,0,3007
"(652.5316455696203, 628.2911392405064)",Pasteurellaceae,0,3008
"(654.3645833333334, 766.8229166666666)",Streptococcus,0,3009
"(654.5922330097087, 898.2621359223301)",Neisseriaceae,0,3010
"(652.90625, 1226.15625)",Leptotrichia,0,3011
"(659.1090909090909, 95.57272727272728)",Neisseriaceae,0,3013
"(666.8501742160279, 397.4773519163763)",Selenomonas,0,3014
"(655.7913669064748, 500.84892086330933)",Neisseriaceae,0,3015
"(660.4276729559748, 743.0125786163522)",Pasteurellaceae,0,3016
"(655.4509803921569, 1019.875816993464)",Neisseriaceae,0,3017
"(653.5294117647059, 1312.4313725490197)",Pasteurellaceae,0,3018
"(660.0837696335078, 1443.6701570680627)",Veillonella,0,3019
"(655.0, 1518.0714285714287)",Capnocytophaga,0,3020
"(656.8918918918919, 1634.4774774774776)",Rothia,0,3021
"(653.6666666666666, 1919.7222222222222)",Streptococcus,0,3023
"(658.3676470588235, 55.05882352941177)",Leptotrichia,0,3024
"(656.4242424242424, 454.72727272727275)",Leptotrichia,0,3025
"(655.3676470588235, 850.9117647058823)",Leptotrichia,0,3026
"(655.0533333333333, 1671.48)",Leptotrichia,0,3027
"(656.171875, 1706.15625)",Pasteurellaceae,0,3028
"(665.3425605536332, 1767.4048442906574)",Actinomyces,0,3029
"(654.7428571428571, 1859.5142857142857)",Pasteurellaceae,0,3030
"(656.2857142857143, 186.0612244897959)",Rothia,0,3032
"(657.6811594202899, 726.0289855072464)",Pasteurellaceae,0,3033
"(656.7727272727273, 931.3766233766233)",Porphyromonas,0,3034
"(657.360824742268, 1800.8041237113403)",Neisseriaceae,0,3036
"(663.0816326530612, 598.1156462585034)",Neisseriaceae,0,3037
"(657.8415841584158, 649.9306930693069)",Rothia,0,3038
"(659.3267326732673, 815.2277227722773)",Leptotrichia,0,3039
"(658.2647058823529, 1247.5882352941176)",Pasteurellaceae,0,3040
"(658.8135593220339, 1479.0338983050847)",Capnocytophaga,0,3041
"(658.8461538461538, 1681.2307692307693)",Leptotrichia,0,3042
"(658.5869565217391, 1785.5652173913043)",Capnocytophaga,0,3043
"(658.4819277108434, 1842.5903614457832)",Veillonella,0,3044
"(659.9072164948453, 83.10309278350516)",Streptococcus,0,3045
"(659.6138613861386, 982.7128712871287)",Leptotrichia,0,3046
"(657.8666666666667, 1210.9)",Neisseriaceae,0,3047
"(666.015503875969, 1384.1317829457364)",Neisseriaceae,0,3048
"(659.6172839506173, 1461.3333333333333)",Capnocytophaga,0,3049
"(663.2857142857143, 479.9375)",Neisseriaceae,0,3050
"(661.95, 534.2833333333333)",Neisseriaceae,0,3051
"(659.8279569892474, 613.7956989247311)",Neisseriaceae,0,3052
"(666.7837837837837, 1051.6891891891892)",Neisseriaceae,0,3053
"(664.427536231884, 1326.9420289855072)",Neisseriaceae,0,3055
"(659.4777777777778, 1604.4333333333334)",Neisseriaceae,0,3056
"(659.3214285714286, 1398.3392857142858)",Neisseriaceae,0,3057
"(661.6, 1411.575)",Pasteurellaceae,0,3058
"(663.5533980582525, 1619.7087378640776)",Neisseriaceae,0,3059
"(661.2873563218391, 1960.896551724138)",Treponema,0,3060
"(661.8055555555555, 124.54166666666667)",Pasteurellaceae,0,3061
"(664.0308641975308, 155.57407407407408)",Neisseriaceae,0,3062
"(660.8507462686567, 586.2985074626865)",Neisseriaceae,0,3063
"(662.6276595744681, 680.1808510638298)",Streptococcus,0,3064
"(665.2342342342342, 1291.5765765765766)",Capnocytophaga,0,3065
"(662.5949367088608, 1812.1898734177216)",Pasteurellaceae,0,3066
"(663.7302631578947, 1913.4736842105262)",Neisseriaceae,0,3067
"(662.0909090909091, 1933.986013986014)",Neisseriaceae,0,3068
"(662.3898305084746, 441.40677966101697)",Selenomonas,0,3070
"(661.7627118644068, 1737.2711864406779)",Pasteurellaceae,0,3072
"(678.0865051903114, 1895.7889273356402)",Gemella,0,3073
"(667.4313725490196, 221.5343137254902)",Actinomyces,0,3074
"(664.2, 635.5)",Neisseriaceae,0,3075
"(663.8275862068965, 1425.051724137931)",Gemella,0,3076
"(665.4859813084112, 1869.233644859813)",Pasteurellaceae,0,3077
"(668.9056603773585, 201.0062893081761)",Actinomyces,0,3078
"(670.0851063829788, 429.4609929078014)",Neisseriaceae,0,3079
"(666.9711538461538, 881.0673076923077)",Neisseriaceae,0,3080
"(666.0434782608696, 1302.2608695652175)",Capnocytophaga,0,3081
"(666.4477611940298, 1499.365671641791)",Pasteurellaceae,0,3083
"(671.046783625731, 32.21052631578947)",Leptotrichia,0,3084
"(669.8068669527897, 263.22317596566523)",Actinomyces,0,3085
"(669.2363636363636, 577.4545454545455)",Capnocytophaga,0,3087
"(665.7364864864865, 708.5945945945946)",Pasteurellaceae,0,3088
"(671.6453201970444, 916.8916256157636)",Actinomyces,0,3089
"(664.1147540983607, 998.5409836065573)",Leptotrichia,0,3090
"(671.5103448275862, 1238.903448275862)",Leptotrichia,0,3091
"(669.3666666666667, 773.25)",Corynebacterium,0,3094
"(666.1772151898734, 1030.7974683544303)",Neisseriaceae,0,3095
"(671.8630705394191, 1125.4937759336099)",Leptotrichia,0,3096
"(673.5254237288135, 1194.322033898305)",Rothia,0,3097
"(665.7857142857143, 1716.404761904762)",Rothia,0,3098
"(667.125786163522, 358.4842767295597)",Leptotrichia,0,3099
"(673.2056074766355, 466.2897196261682)",Neisseriaceae,0,3100
"(669.7244897959183, 866.4285714285714)",Neisseriaceae,0,3101
"(667.811320754717, 890.8490566037735)",Rothia,0,3102
"(667.0958904109589, 1166.0)",Campylobacter,0,3103
"(667.9324324324324, 1179.6891891891892)",Leptotrichia,0,3104
"(666.6615384615385, 1674.4923076923078)",Capnocytophaga,0,3106
"(672.556338028169, 173.41549295774647)",Pasteurellaceae,0,3107
"(670.4, 972.2761904761904)",Pasteurellaceae,0,3108
"(669.3620689655172, 1010.3448275862069)",Pasteurellaceae,0,3109
"(669.8701298701299, 1315.6233766233765)",Neisseriaceae,0,3110
"(669.3583333333333, 10.933333333333334)",Neisseriaceae,0,3111
"(669.0121951219512, 1107.8658536585365)",Pasteurellaceae,0,3112
"(670.9444444444445, 1225.875)",Leptotrichia,0,3113
"(670.8834951456311, 1511.7281553398059)",Veillonella,0,3114
"(671.2089552238806, 1822.2388059701493)",Pasteurellaceae,0,3115
"(672.6363636363636, 664.077922077922)",Rothia,0,3117
"(669.9571428571429, 1209.7714285714285)",Pasteurellaceae,0,3118
"(676.1774193548387, 1370.217741935484)",Neisseriaceae,0,3119
"(671.171052631579, 792.3552631578947)",Neisseriaceae,0,3120
"(671.6746987951807, 902.4578313253012)",Actinomyces,0,3121
"(675.072, 1277.76)",Neisseriaceae,0,3122
"(672.2357142857143, 1483.1571428571428)",Neisseriaceae,0,3123
"(670.2941176470588, 1692.0392156862745)",Neisseriaceae,0,3124
"(677.85, 1951.1666666666667)",Neisseriaceae,0,3126
"(684.6822429906542, 188.34112149532712)",Neisseriaceae,0,3127
"(672.7047619047619, 494.5809523809524)",Capnocytophaga,0,3128
"(672.8135593220339, 991.457627118644)",Leptotrichia,0,3129
"(680.306976744186, 1839.827906976744)",Pasteurellaceae,0,3130
"(674.2278481012659, 454.6455696202532)",Neisseriaceae,0,3131
"(676.3905325443787, 734.9171597633136)",Fusobacterium,0,3132
"(675.929203539823, 844.8495575221239)",Rothia,0,3133
"(673.225, 1599.8625)",Pasteurellaceae,0,3134
"(675.5294117647059, 73.72941176470589)",Neisseriaceae,0,3135
"(673.887323943662, 140.7605633802817)",Neisseriaceae,0,3136
"(673.1864406779661, 510.06779661016947)",Neisseriaceae,0,3137
"(675.2380952380952, 687.2285714285714)",Rothia,0,3138
"(673.7222222222222, 957.574074074074)",Neisseriaceae,0,3139
"(673.3666666666667, 1343.7888888888888)",Neisseriaceae,0,3140
"(675.7142857142857, 1580.4615384615386)",Leptotrichia,0,3141
"(675.6140350877193, 557.4035087719299)",Leptotrichia,0,3143
"(675.6071428571429, 803.5)",Campylobacter,0,3144
"(675.8347826086956, 826.1826086956522)",Actinomyces,0,3145
"(686.3978873239437, 1858.7394366197184)",Pasteurellaceae,0,3146
"(681.8698224852071, 101.53846153846153)",Neisseriaceae,0,3147
"(676.6511627906976, 240.47674418604652)",Rothia,0,3148
"(678.5840707964602, 1257.6814159292035)",Neisseriaceae,0,3149
"(677.2625, 1406.3625)",Gemella,0,3150
"(679.9577464788732, 384.51408450704224)",Pasteurellaceae,0,3151
"(677.7142857142857, 535.4591836734694)",Veillonella,0,3153
"(678.4519230769231, 610.2211538461538)",Corynebacterium,0,3154
"(676.560606060606, 1084.9545454545455)",Pasteurellaceae,0,3155
"(678.7125, 1637.3625)",Neisseriaceae,0,3156
"(678.2886597938144, 1661.8969072164948)",Neisseriaceae,0,3157
"(678.6296296296297, 1739.0740740740741)",Leptotrichia,0,3158
"(679.3478260869565, 1785.6666666666667)",Pasteurellaceae,0,3159
"(678.9871794871794, 61.55128205128205)",Leptotrichia,0,3160
"(678.5692307692308, 364.81538461538463)",Campylobacter,0,3161
"(678.64, 815.44)",Actinomyces,0,3162
"(678.320987654321, 1927.283950617284)",Neisseriaceae,0,3163
"(685.0926829268293, 591.990243902439)",Pasteurellaceae,0,3164
"(688.5252100840336, 629.1260504201681)",Porphyromonas,0,3165
"(681.1103448275862, 713.8896551724138)",Actinomyces,0,3166
"(681.7553191489362, 1023.2340425531914)",Leptotrichia,0,3167
"(679.8717948717949, 1722.7435897435898)",Capnocytophaga,0,3168
"(681.4673913043479, 1876.4891304347825)",Capnocytophaga,0,3169
"(680.4222222222222, 2005.5222222222221)",Veillonella,0,3170
"(680.8058252427185, 442.43689320388347)",Neisseriaceae,0,3171
"(681.6590909090909, 1800.5227272727273)",Pasteurellaceae,0,3174
"(681.7560975609756, 156.5)",TM7,0,3175
"(683.8504672897196, 644.9345794392524)",Leptotrichia,0,3176
"(685.2148760330579, 998.1074380165289)",Leptotrichia,0,3177
"(680.72, 1294.0266666666666)",Neisseriaceae,0,3178
"(681.74, 1621.74)",Leptotrichia,0,3179
"(688.2435897435897, 1674.7435897435898)",Pasteurellaceae,0,3180
"(686.9621621621621, 1754.664864864865)",Rothia,0,3181
"(683.1262135922331, 39.85436893203884)",Rothia,0,3182
"(683.9934210526316, 214.4671052631579)",Actinomyces,0,3183
"(684.2213740458016, 481.36641221374043)",Pasteurellaceae,0,3184
"(682.723076923077, 936.2923076923076)",Rothia,0,3186
"(683.5686274509804, 1098.264705882353)",Leptotrichia,0,3187
"(683.5909090909091, 1161.784090909091)",Pasteurellaceae,0,3188
"(685.5957446808511, 84.2872340425532)",Prevotella,0,3189
"(686.0869565217391, 252.4)",Neisseriaceae,0,3190
"(689.50826446281, 790.0123966942149)",Actinomyces,0,3191
"(691.5073891625616, 976.64039408867)",Leptotrichia,0,3192
"(684.8115942028985, 1036.9057971014493)",Leptotrichia,0,3193
"(687.7537313432836, 1336.902985074627)",Neisseriaceae,0,3195
"(685.4470588235295, 1689.3411764705882)",Pasteurellaceae,0,3196
"(687.9645390070922, 1819.2624113475176)",Capnocytophaga,0,3197
"(686.6060606060606, 7.5606060606060606)",Lautropia,0,3198
"(689.0784313725491, 173.09803921568627)",Actinomyces,0,3199
"(685.2674418604652, 1059.639534883721)",Leptotrichia,0,3200
"(687.0232558139535, 1322.7906976744187)",Neisseriaceae,0,3201
"(685.8717948717949, 1357.179487179487)",Neisseriaceae,0,3202
"(684.3298969072165, 1512.5979381443299)",Gemella,0,3203
"(688.4786324786324, 1594.923076923077)",Leptotrichia,0,3204
"(685.9705882352941, 575.2794117647059)",Leptotrichia,0,3205
"(685.4912280701755, 889.7894736842105)",Veillonella,0,3206
"(688.6019417475728, 1226.5339805825242)",Leptotrichia,0,3207
"(689.4453125, 1392.03125)",Streptococcus,0,3208
"(686.2371134020618, 1915.5876288659795)",Veillonella,0,3211
"(686.6545454545454, 124.9090909090909)",Neisseriaceae,0,3212
"(688.1212121212121, 140.77272727272728)",Veillonella,0,3213
"(688.6949152542373, 276.76271186440675)",Leptotrichia,0,3214
"(689.774834437086, 348.4370860927152)",Pasteurellaceae,0,3215
"(687.464, 508.4)",Neisseriaceae,0,3216
"(687.1830985915493, 700.2957746478874)",Fusobacterium,0,3217
"(687.6, 731.3578947368421)",Pasteurellaceae,0,3218
"(688.3473684210526, 867.0947368421052)",Actinomyces,0,3219
"(688.561797752809, 1079.2134831460673)",Leptotrichia,0,3221
"(687.4025974025974, 1473.0)",TM7,0,3222
"(687.35, 1703.5)",Capnocytophaga,0,3223
"(691.012987012987, 1310.974025974026)",Corynebacterium,0,3224
"(688.0, 902.9833333333333)",Streptococcus,0,3225
"(693.6180555555555, 954.8541666666666)",Neisseriaceae,0,3226
"(689.8214285714286, 423.54761904761904)",Neisseriaceae,0,3227
"(691.3478260869565, 810.8115942028985)",Actinomyces,0,3228
"(689.7254901960785, 824.0784313725491)",Fusobacterium,0,3229
"(694.5, 1124.39)",Leptotrichia,0,3230
"(701.0106382978723, 1483.340425531915)",Lautropia,0,3231
"(692.8703703703703, 1978.0092592592594)",Capnocytophaga,0,3233
"(695.884892086331, 29.755395683453237)",Rothia,0,3234
"(692.7159090909091, 225.92045454545453)",Actinomyces,0,3235
"(690.85, 470.35)",Neisseriaceae,0,3236
"(695.4732824427481, 525.6870229007634)",Rothia,0,3237
"(690.4912280701755, 913.4035087719299)",Actinomyces,0,3238
"(703.4615384615385, 1193.3153846153846)",Leptotrichia,0,3239
"(693.3389830508474, 1270.9774011299435)",Treponema,0,3240
"(692.4655172413793, 1369.051724137931)",Neisseriaceae,0,3241
"(693.9736842105264, 450.219298245614)",Neisseriaceae,0,3242
"(694.5, 685.6052631578947)",Rothia,0,3243
"(695.4343434343434, 1723.7323232323233)",Leptotrichia,0,3244
"(692.3965517241379, 1809.448275862069)",Capnocytophaga,0,3245
"(700.4345238095239, 114.5)",Veillonella,0,3246
"(694.5916666666667, 374.23333333333335)",Corynebacterium,0,3247
"(694.3809523809524, 1167.647619047619)",Pasteurellaceae,0,3248
"(695.8412698412699, 1772.047619047619)",Pasteurellaceae,0,3249
"(695.9057971014493, 1991.2028985507247)",Neisseriaceae,0,3250
"(694.188679245283, 565.811320754717)",Pasteurellaceae,0,3251
"(696.6593406593406, 770.7582417582418)",Leptotrichia,0,3252
"(695.7816901408451, 843.1267605633802)",Leptotrichia,0,3253
"(700.3391812865497, 1063.0877192982457)",Leptotrichia,0,3254
"(696.7191011235955, 1246.0786516853932)",Leptotrichia,0,3255
"(696.0340909090909, 1562.8977272727273)",Capnocytophaga,0,3256
"(697.2368421052631, 1636.1052631578948)",Neisseriaceae,0,3257
"(698.242718446602, 1746.6893203883494)",Actinomyces,0,3258
"(696.6304347826087, 412.7608695652174)",Neisseriaceae,0,3259
"(698.0, 1351.0816326530612)",Neisseriaceae,0,3260
"(701.3157894736842, 1883.267942583732)",Capnocytophaga,0,3261
"(695.859649122807, 1955.1754385964912)",Pasteurellaceae,0,3262
"(699.1102362204724, 71.51181102362204)",Corynebacterium,0,3264
"(696.9263157894737, 151.83157894736843)",Treponema,0,3265
"(697.2527472527472, 242.87912087912088)",Neisseriaceae,0,3266
"(697.5280898876405, 436.39325842696627)",Selenomonas,0,3267
"(696.3620689655172, 583.9137931034483)",Leptotrichia,0,3268
"(703.2383177570093, 924.8971962616822)",Rothia,0,3269
"(698.695652173913, 1154.304347826087)",Neisseriaceae,0,3270
"(697.188524590164, 1296.0081967213114)",Neisseriaceae,0,3271
"(697.3522727272727, 1581.125)",Leptotrichia,0,3272
"(699.0192307692307, 1612.929487179487)",Treponema,0,3273
"(709.1342857142857, 55.08571428571429)",Pasteurellaceae,0,3274
"(703.3007518796992, 132.98496240601503)",Treponema,0,3275
"(699.7073170731708, 205.41463414634146)",Rothia,0,3276
"(698.5079365079365, 654.6031746031746)",Campylobacter,0,3277
"(696.3272727272728, 1655.7454545454545)",Campylobacter,0,3278
"(697.75, 1929.5)",Streptococcus,0,3279
"(699.3235294117648, 500.72549019607845)",Neisseriaceae,0,3280
"(704.6601307189543, 542.6928104575163)",Corynebacterium,0,3281
"(699.6101694915254, 614.8983050847457)",Rothia,0,3282
"(703.0384615384615, 1110.2307692307693)",Neisseriaceae,0,3283
"(698.8351648351648, 1532.1978021978023)",Veillonella,0,3284
"(698.8051948051948, 91.55844155844156)",Rothia,0,3285
"(698.7086614173228, 1011.2204724409448)",Pasteurellaceae,0,3286
"(700.8456790123457, 1214.20987654321)",Leptotrichia,0,3287
"(703.3056603773584, 894.4415094339622)",Neisseriaceae,0,3289
"(700.0, 1687.3454545454545)",Leptotrichia,0,3290
"(703.7302631578947, 466.9078947368421)",Neisseriaceae,0,3292
"(702.8505747126437, 1139.9655172413793)",Neisseriaceae,0,3293
"(707.0076923076923, 1785.8538461538462)",Leptotrichia,0,3294
"(702.0135135135135, 486.06756756756755)",Pasteurellaceae,0,3296
"(709.60101010101, 992.8838383838383)",Neisseriaceae,0,3297
"(703.5188679245283, 1042.3490566037735)",Leptotrichia,0,3298
"(703.2795698924731, 1092.1182795698924)",Leptotrichia,0,3299
"(707.0744680851063, 1338.223404255319)",Neisseriaceae,0,3300
"(702.8870967741935, 1385.4032258064517)",Streptococcus,0,3301
"(708.5635359116022, 1737.1049723756905)",Actinomyces,0,3302
"(703.0298507462686, 1828.5671641791046)",Veillonella,0,3303
"(701.5285714285715, 1913.9)",Streptococcus,0,3304
"(704.3305785123966, 352.5289256198347)",Pasteurellaceae,0,3305
"(706.412213740458, 591.4045801526718)",Pasteurellaceae,0,3306
"(706.3307692307692, 668.123076923077)",Rothia,0,3307
"(708.8256410256411, 711.2820512820513)",Fusobacterium,0,3308
"(704.1525423728814, 554.9152542372881)",Leptotrichia,0,3310
"(705.454081632653, 807.969387755102)",Leptotrichia,0,3311
"(704.1153846153846, 1323.948717948718)",Streptococcus,0,3312
"(708.0451127819549, 1467.375939849624)",Neisseriaceae,0,3313
"(706.9314285714286, 1699.4171428571428)",Leptotrichia,0,3314
"(705.4166666666666, 181.61111111111111)",TM7,0,3315
"(711.4334975369458, 221.13793103448276)",Corynebacterium,0,3316
"(711.2551020408164, 403.28061224489795)",Neisseriaceae,0,3317
"(708.4895833333334, 518.5625)",Actinomyces,0,3319
"(708.6181818181818, 832.6545454545454)",Rothia,0,3320
"(710.4939759036145, 1810.6506024096386)",Capnocytophaga,0,3321
"(710.5914634146342, 962.2621951219512)",Neisseriaceae,0,3322
"(718.1476510067114, 1395.241610738255)",Gemella,0,3323
"(710.54802259887, 1954.9322033898304)",TM7,0,3324
"(708.4137931034483, 1845.6293103448277)",Leptotrichia,0,3325
"(710.5221238938053, 101.070796460177)",Neisseriaceae,0,3326
"(711.3505154639175, 170.62886597938143)",Neisseriaceae,0,3327
"(712.6239316239316, 322.97435897435895)",Gemella,0,3328
"(715.8662790697674, 345.6511627906977)",Corynebacterium,0,3329
"(710.0588235294117, 651.0588235294117)",Campylobacter,0,3330
"(711.0412371134021, 941.8556701030927)",Actinomyces,0,3331
"(714.6820809248555, 1234.6820809248554)",Leptotrichia,0,3332
"(709.0571428571428, 1258.095238095238)",Pasteurellaceae,0,3333
"(711.8181818181819, 1282.5227272727273)",Capnocytophaga,0,3334
"(710.2435897435897, 1659.2179487179487)",Campylobacter,0,3335
"(712.5454545454545, 1671.790909090909)",Leptotrichia,0,3336
"(709.5698924731183, 1996.6881720430108)",Gemella,0,3337
"(710.5, 149.13333333333333)",Lautropia,0,3338
"(714.1538461538462, 618.3665158371041)",Rothia,0,3339
"(712.75, 779.2983870967741)",Leptotrichia,0,3340
"(710.6666666666666, 852.4691358024692)",Leptotrichia,0,3341
"(710.0615384615385, 1171.9384615384615)",Leptotrichia,0,3342
"(714.616, 1377.744)",Neisseriaceae,0,3343
"(713.6838235294117, 1643.264705882353)",Leptotrichia,0,3344
"(709.9879518072289, 239.7710843373494)",Veillonella,0,3345
"(712.2179487179487, 377.8974358974359)",Pasteurellaceae,0,3346
"(716.0785714285714, 694.3642857142858)",Actinomyces,0,3347
"(719.5990099009902, 1296.950495049505)",Neisseriaceae,0,3348
"(710.2674418604652, 1561.8488372093022)",Treponema,0,3349
"(712.3277310924369, 29.403361344537814)",Rothia,0,3350
"(713.4776119402985, 1311.044776119403)",Neisseriaceae,0,3351
"(712.3921568627451, 1753.7450980392157)",Treponema,0,3352
"(713.655462184874, 1877.361344537815)",Neisseriaceae,0,3353
"(713.5, 640.8148148148148)",Neisseriaceae,0,3354
"(713.6417910447761, 1018.8656716417911)",Rothia,0,3355
"(716.5273631840796, 1925.5721393034826)",Veillonella,0,3356
"(727.6768060836501, 362.16730038022814)",Capnocytophaga,0,3357
"(718.6356589147287, 440.7674418604651)",Veillonella,0,3358
"(720.4897959183673, 507.15646258503403)",Gemella,0,3359
"(714.5520833333334, 1085.09375)",Leptotrichia,0,3360
"(714.8548387096774, 1350.758064516129)",Neisseriaceae,0,3361
"(719.6328125, 1622.109375)",Veillonella,0,3362
"(716.7156862745098, 1908.4019607843138)",Veillonella,0,3363
"(719.8806818181819, 14.909090909090908)",Rothia,0,3364
"(718.0, 86.04761904761905)",Pasteurellaceae,0,3365
"(715.7523809523809, 457.3142857142857)",Neisseriaceae,0,3366
"(714.9833333333333, 676.2166666666667)",Leptotrichia,0,3367
"(726.5909090909091, 1102.5151515151515)",Leptotrichia,0,3368
"(713.5689655172414, 1157.6724137931035)",Leptotrichia,0,3369
"(718.7, 1359.290909090909)",Neisseriaceae,0,3370
"(716.6666666666666, 1717.5050505050506)",Neisseriaceae,0,3371
"(716.0470588235294, 1764.4117647058824)",Actinomyces,0,3372
"(716.0363636363636, 899.0545454545454)",TM7,0,3373
"(715.746835443038, 1578.8987341772151)",Leptotrichia,0,3374
"(718.4722222222222, 119.58333333333333)",Pasteurellaceae,0,3375
"(718.8348623853211, 195.37614678899084)",Actinomyces,0,3376
"(720.7956989247311, 412.0537634408602)",Veillonella,0,3377
"(718.963768115942, 480.6376811594203)",Leptotrichia,0,3378
"(716.9193548387096, 982.8709677419355)",Campylobacter,0,3379
"(717.64, 1055.98)",Pasteurellaceae,0,3380
"(722.2634730538922, 1560.508982035928)",Rothia,0,3381
"(720.6896551724138, 1182.4597701149426)",Pasteurellaceae,0,3383
"(718.0645161290323, 1323.483870967742)",Neisseriaceae,0,3384
"(725.172932330827, 1677.1954887218046)",Leptotrichia,0,3385
"(721.7333333333333, 1793.9925925925927)",Corynebacterium,0,3386
"(723.503355704698, 1943.013422818792)",Capnocytophaga,0,3387
"(725.1022727272727, 1121.6931818181818)",Pasteurellaceae,0,3388
"(720.2833333333333, 1218.1333333333334)",Leptotrichia,0,3389
"(723.0068027210884, 1829.6258503401361)",Leptotrichia,0,3391
"(719.8815789473684, 1863.4605263157894)",Pasteurellaceae,0,3392
"(723.7142857142857, 136.61904761904762)",Lautropia,0,3393
"(720.7171717171717, 533.7676767676768)",Leptotrichia,0,3394
"(720.0555555555555, 581.4074074074074)",Leptotrichia,0,3395
"(727.6818181818181, 906.6136363636364)",Neisseriaceae,0,3396
"(723.9514563106796, 1337.6796116504854)",Neisseriaceae,0,3397
"(719.7875, 795.0875)",Capnocytophaga,0,3399
"(724.1488095238095, 860.9464285714286)",Actinomyces,0,3400
"(721.6164383561644, 1042.1917808219177)",Pasteurellaceae,0,3401
"(721.5679012345679, 1075.8271604938273)",Leptotrichia,0,3402
"(730.2744186046511, 1772.4976744186047)",Actinomyces,0,3403
"(721.48, 1850.8133333333333)",Leptotrichia,0,3404
"(729.875, 648.05078125)",Actinomyces,0,3405
"(725.3018867924528, 1033.1132075471698)",Pasteurellaceae,0,3406
"(722.264367816092, 1162.2758620689656)",Leptotrichia,0,3407
"(721.15, 1258.0833333333333)",Pasteurellaceae,0,3408
"(724.1203703703703, 562.1666666666666)",Leptotrichia,0,3409
"(726.3802816901408, 600.0281690140845)",Actinomyces,0,3410
"(724.4714285714285, 680.6571428571428)",Fusobacterium,0,3412
"(725.7927927927927, 163.73873873873873)",Capnocytophaga,0,3413
"(726.3055555555555, 208.36111111111111)",Fusobacterium,0,3414
"(730.6603773584906, 542.2264150943396)",Leptotrichia,0,3415
"(724.3684210526316, 726.25)",Fusobacterium,0,3417
"(726.44, 1270.44)",Capnocytophaga,0,3418
"(724.6521739130435, 1635.3333333333333)",Leptotrichia,0,3419
"(725.438596491228, 1694.6315789473683)",Leptotrichia,0,3420
"(724.9186046511628, 1740.2093023255813)",Rothia,0,3421
"(725.202380952381, 1890.8214285714287)",Veillonella,0,3422
"(728.8947368421053, 72.33552631578948)",Neisseriaceae,0,3423
"(726.5377358490566, 432.1698113207547)",Neisseriaceae,0,3424
"(727.9577464788732, 926.4553990610328)",Neisseriaceae,0,3425
"(726.6090909090909, 953.6181818181818)",Neisseriaceae,0,3426
"(724.2321428571429, 1538.357142857143)",Neisseriaceae,0,3428
"(730.9256756756756, 1655.5)",Leptotrichia,0,3429
"(727.0, 1005.1358024691358)",Neisseriaceae,0,3430
"(728.1285714285714, 231.38571428571427)",Leptotrichia,0,3431
"(728.2521739130435, 333.2869565217391)",Actinomyces,0,3432
"(732.6124031007752, 492.84496124031006)",Neisseriaceae,0,3433
"(731.3653846153846, 1249.1346153846155)",Pasteurellaceae,0,3434
"(727.8290598290598, 1416.8803418803418)",Veillonella,0,3435
"(728.0377358490566, 1837.245283018868)",Leptotrichia,0,3436
"(727.7014925373135, 29.134328358208954)",Rothia,0,3437
"(735.2260273972603, 471.7328767123288)",Selenomonas,0,3438
"(731.4375, 847.3214285714286)",Actinomyces,0,3439
"(729.6973684210526, 805.6052631578947)",Leptotrichia,0,3440
"(731.695652173913, 832.5130434782609)",Rothia,0,3441
"(729.4202898550725, 1019.3623188405797)",Rothia,0,3442
"(731.4112903225806, 1136.8709677419354)",Leptotrichia,0,3443
"(730.8367346938776, 1206.2244897959183)",Leptotrichia,0,3445
"(733.6148648648649, 1322.4256756756756)",Veillonella,0,3446
"(728.65625, 1370.46875)",Neisseriaceae,0,3447
"(734.9423076923077, 1545.298076923077)",Neisseriaceae,0,3448
"(733.8916666666667, 1902.6416666666667)",Neisseriaceae,0,3449
"(732.9638554216867, 98.78313253012048)",Neisseriaceae,0,3450
"(735.3963963963964, 572.5855855855856)",Corynebacterium,0,3451
"(731.1351351351351, 1308.5675675675675)",Leptotrichia,0,3452
"(732.9260869565218, 1714.5347826086957)",Rothia,0,3453
"(731.6938775510204, 42.744897959183675)",Neisseriaceae,0,3455
"(731.4651162790698, 308.3255813953488)",Lautropia,0,3456
"(731.8015267175573, 697.4198473282443)",Leptotrichia,0,3457
"(731.4657534246576, 789.3424657534247)",Leptotrichia,0,3458
"(731.7745098039215, 989.4705882352941)",Pasteurellaceae,0,3459
"(732.0775862068965, 1812.2758620689656)",Neisseriaceae,0,3461
"(734.6745562130177, 1961.0295857988165)",Corynebacterium,0,3462
"(732.7941176470588, 127.72058823529412)",Veillonella,0,3463
"(733.4, 459.01)",Neisseriaceae,0,3464
"(731.9272727272727, 1191.2727272727273)",Leptotrichia,0,3465
"(734.0, 381.7857142857143)",Gemella,0,3467
"(734.1587301587301, 1044.4126984126983)",Neisseriaceae,0,3468
"(733.8028169014085, 1845.0845070422536)",Leptotrichia,0,3469
"(739.734693877551, 1929.142857142857)",TM7,0,3470
"(738.5169491525423, 319.41525423728814)",Neisseriaceae,0,3471
"(735.6884057971015, 419.8550724637681)",Neisseriaceae,0,3472
"(738.8521739130434, 617.7391304347826)",TM7,0,3473
"(733.88, 628.48)",Actinomyces,0,3474
"(734.4112903225806, 882.5887096774194)",Neisseriaceae,0,3475
"(739.5844155844156, 1404.2012987012988)",Neisseriaceae,0,3476
"(736.3851351351351, 1880.0067567567567)",Veillonella,0,3477
"(736.2478632478633, 114.66666666666667)",Neisseriaceae,0,3478
"(740.1357142857142, 403.2)",Neisseriaceae,0,3479
"(735.9733333333334, 583.48)",Leptotrichia,0,3480
"(738.3777777777777, 723.0518518518519)",Neisseriaceae,0,3481
"(735.2676056338029, 964.2676056338029)",Porphyromonas,0,3482
"(737.4088397790056, 1352.7624309392265)",Neisseriaceae,0,3483
"(736.4479166666666, 1475.9895833333333)",Treponema,0,3484
"(743.5550660792951, 1524.6519823788547)",Neisseriaceae,0,3485
"(740.1156462585034, 1638.6666666666667)",Rothia,0,3486
"(735.3333333333334, 1859.7833333333333)",Pasteurellaceae,0,3487
"(737.0933333333334, 219.66666666666666)",Leptotrichia,0,3488
"(736.4873949579832, 1155.09243697479)",Leptotrichia,0,3490
"(739.7874015748032, 1229.0393700787401)",Neisseriaceae,0,3491
"(736.6153846153846, 1615.6025641025642)",Pasteurellaceae,0,3492
"(737.016129032258, 88.5)",Neisseriaceae,0,3493
"(737.7283950617284, 509.44444444444446)",Campylobacter,0,3494
"(737.9277108433735, 523.5783132530121)",Actinomyces,0,3495
"(736.7368421052631, 760.719298245614)",Pasteurellaceae,0,3496
"(743.935294117647, 821.1588235294117)",Leptotrichia,0,3497
"(737.8, 1384.45)",Pasteurellaceae,0,3498
"(738.5, 1438.1333333333334)",Rothia,0,3499
"(740.566037735849, 337.49056603773585)",Actinomyces,0,3501
"(740.7070707070707, 56.18181818181818)",Neisseriaceae,0,3502
"(739.3285714285714, 554.7285714285714)",Capnocytophaga,0,3503
"(739.1875, 675.7916666666666)",Rothia,0,3504
"(742.0869565217391, 872.8152173913044)",Pasteurellaceae,0,3505
"(741.587786259542, 21.68702290076336)",Veillonella,0,3506
"(741.296875, 939.875)",Neisseriaceae,0,3507
"(740.475, 1066.975)",Leptotrichia,0,3508
"(740.975, 1420.8125)",Streptococcus,0,3509
"(738.578125, 1673.8125)",Rothia,0,3510
"(740.5866666666667, 1753.16)",Actinomyces,0,3511
"(740.8148148148148, 235.11111111111111)",Fusobacterium,0,3512
"(745.0851063829788, 447.71276595744683)",Neisseriaceae,0,3513
"(742.85, 951.1)",Pasteurellaceae,0,3514
"(743.2323943661971, 1181.725352112676)",Leptotrichia,0,3515
"(743.5497382198953, 1696.4293193717278)",Actinomyces,0,3518
"(743.4893617021277, 775.7978723404256)",Rothia,0,3519
"(741.9206349206349, 1013.1587301587301)",Rothia,0,3520
"(742.82, 1035.35)",Neisseriaceae,0,3521
"(744.1513157894736, 1290.157894736842)",Neisseriaceae,0,3522
"(742.4477611940298, 1894.4626865671642)",Rothia,0,3524
"(744.7111111111111, 902.6111111111111)",Neisseriaceae,0,3525
"(744.6891891891892, 1213.5)",Neisseriaceae,0,3526
"(745.8219178082192, 1271.5616438356165)",Veillonella,0,3527
"(746.1188811188811, 1369.7062937062938)",Neisseriaceae,0,3528
"(744.3186813186813, 1602.2417582417581)",Neisseriaceae,0,3529
"(744.3090909090909, 1862.6)",Neisseriaceae,0,3530
"(743.9382716049382, 1971.8765432098764)",Capnocytophaga,0,3531
"(744.4631578947368, 652.0)",Actinomyces,0,3532
"(746.4666666666667, 1124.2888888888888)",Leptotrichia,0,3533
"(745.4807692307693, 1451.5384615384614)",Rothia,0,3534
"(753.3424657534247, 1335.0182648401826)",Neisseriaceae,0,3536
"(748.063063063063, 1788.4504504504505)",Leptotrichia,0,3538
"(746.1075268817204, 1827.4408602150538)",Corynebacterium,0,3539
"(746.2061855670103, 378.64948453608247)",Veillonella,0,3540
"(747.59375, 526.390625)",Actinomyces,0,3541
"(752.0, 1026.5221238938052)",Rothia,0,3542
"(745.7166666666667, 1088.6833333333334)",Pasteurellaceae,0,3543
"(747.5405405405405, 1250.2342342342342)",Neisseriaceae,0,3544
"(749.9158878504672, 106.05607476635514)",Neisseriaceae,0,3545
"(746.4464285714286, 124.05357142857143)",Gemella,0,3546
"(747.1971830985915, 208.04225352112675)",Leptotrichia,0,3547
"(748.3421052631579, 966.2894736842105)",Streptococcus,0,3548
"(749.3703703703703, 1101.3425925925926)",Leptotrichia,0,3549
"(752.2170542635658, 1732.4728682170542)",Actinomyces,0,3550
"(747.3548387096774, 1806.0860215053763)",Leptotrichia,0,3551
"(749.3862068965517, 40.55172413793103)",Neisseriaceae,0,3552
"(755.283105022831, 345.85388127853884)",Actinomyces,0,3553
"(747.6034482758621, 838.6379310344828)",Leptotrichia,0,3554
"(748.0322580645161, 861.8387096774194)",Leptotrichia,0,3555
"(748.7246376811594, 925.0579710144928)",Pasteurellaceae,0,3556
"(752.060606060606, 1564.1575757575758)",Neisseriaceae,0,3557
"(754.0063694267516, 367.90445859872614)",Pasteurellaceae,0,3558
"(748.7758620689655, 694.051724137931)",Rothia,0,3559
"(750.9166666666666, 993.25)",Veillonella,0,3560
"(749.192, 1483.184)",Lautropia,0,3561
"(748.969387755102, 1662.734693877551)",Leptotrichia,0,3562
"(752.3333333333334, 798.84375)",Leptotrichia,0,3563
"(751.8571428571429, 1053.843537414966)",Neisseriaceae,0,3564
"(750.6521739130435, 1147.9420289855072)",Leptotrichia,0,3565
"(753.5434782608696, 1581.1884057971015)",Neisseriaceae,0,3566
"(758.5921985815603, 1903.0)",Capnocytophaga,0,3567
"(753.8031496062993, 1946.7716535433071)",Pasteurellaceae,0,3568
"(755.4047619047619, 404.10884353741494)",Veillonella,0,3569
"(754.5971223021583, 851.8345323741007)",Actinomyces,0,3570
"(751.3139534883721, 884.7906976744187)",Capnocytophaga,0,3571
"(751.6266666666667, 1389.6)",Neisseriaceae,0,3572
"(754.2323943661971, 1621.9577464788733)",Rothia,0,3573
"(752.89, 1844.28)",Pasteurellaceae,0,3574
"(751.3660130718954, 1874.0849673202615)",Capnocytophaga,0,3575
"(753.2076923076924, 91.38461538461539)",Veillonella,0,3576
"(752.2328767123288, 512.4246575342465)",Capnocytophaga,0,3577
"(752.6935483870968, 616.766129032258)",Streptococcus,0,3578
"(753.4186046511628, 675.4825581395348)",Rothia,0,3579
"(752.741935483871, 752.5967741935484)",Leptotrichia,0,3580
"(755.2162162162163, 1075.855855855856)",TM7,0,3581
"(750.917808219178, 1203.890410958904)",Neisseriaceae,0,3582
"(754.8787878787879, 1719.2222222222222)",Capnocytophaga,0,3583
"(753.982905982906, 1988.7008547008547)",Capnocytophaga,0,3584
"(754.1818181818181, 782.1363636363636)",Leptotrichia,0,3585
"(758.1565217391304, 1006.5217391304348)",Rothia,0,3586
"(753.7313432835821, 1175.4776119402984)",Leptotrichia,0,3587
"(754.2991452991453, 1310.4358974358975)",Neisseriaceae,0,3588
"(759.9834710743802, 1539.495867768595)",Rothia,0,3589
"(761.5076142131979, 471.2690355329949)",Gemella,0,3590
"(759.4105960264901, 488.34437086092714)",Gemella,0,3591
"(755.452380952381, 764.5952380952381)",Leptotrichia,0,3593
"(754.3090909090909, 1499.6181818181817)",Pasteurellaceae,0,3594
"(755.824427480916, 1751.8854961832062)",Leptotrichia,0,3595
"(757.0761904761905, 532.2952380952381)",Actinomyces,0,3596
"(760.2590909090909, 634.5590909090909)",Gemella,0,3597
"(755.2361111111111, 907.6388888888889)",Pasteurellaceae,0,3598
"(757.018691588785, 948.1775700934579)",Neisseriaceae,0,3599
"(759.8169014084507, 1423.8309859154929)",Neisseriaceae,0,3600
"(759.9076923076923, 1680.9153846153847)",Leptotrichia,0,3601
"(758.8095238095239, 65.421768707483)",Veillonella,0,3602
"(757.6931818181819, 497.89772727272725)",Leptotrichia,0,3603
"(759.8132530120482, 1219.0602409638554)",Neisseriaceae,0,3604
"(755.2982456140351, 1649.5087719298247)",Rothia,0,3606
"(757.7536231884058, 1819.0)",Gemella,0,3607
"(756.0849056603773, 1964.933962264151)",Capnocytophaga,0,3608
"(759.8301886792453, 431.74213836477986)",Corynebacterium,0,3609
"(756.8767123287671, 658.7808219178082)",Rothia,0,3610
"(761.3157894736842, 700.2631578947369)",Gemella,0,3611
"(757.7710843373494, 1137.6746987951808)",Leptotrichia,0,3612
"(757.2857142857143, 868.4603174603175)",Campylobacter,0,3615
"(759.5542168674699, 924.0)",Pasteurellaceae,0,3616
"(759.4263565891473, 1240.5736434108528)",Neisseriaceae,0,3617
"(755.8679245283018, 1703.0754716981132)",Actinomyces,0,3618
"(760.2403846153846, 713.9134615384615)",Lautropia,0,3619
"(759.264367816092, 1299.9540229885058)",Pasteurellaceae,0,3620
"(760.2142857142857, 1510.2714285714285)",Neisseriaceae,0,3621
"(759.359375, 1920.34375)",Pasteurellaceae,0,3622
"(760.1733333333333, 450.8666666666667)",TM7,0,3623
"(759.7525773195877, 974.4123711340206)",Actinomyces,0,3625
"(760.0631578947368, 1375.3157894736842)",Capnocytophaga,0,3626
"(761.0994152046784, 1446.4795321637428)",Rothia,0,3627
"(761.4146341463414, 1605.0975609756097)",Pasteurellaceae,0,3628
"(759.6818181818181, 1766.0757575757575)",Corynebacterium,0,3629
"(765.1844660194175, 1838.378640776699)",Capnocytophaga,0,3630
"(762.2391304347826, 1019.8478260869565)",Porphyromonas,0,3631
"(764.1313868613139, 1198.7810218978102)",Neisseriaceae,0,3632
"(762.8974358974359, 1637.7820512820513)",Pasteurellaceae,0,3634
"(768.3353293413173, 1859.1497005988024)",Leptotrichia,0,3636
"(763.6901408450705, 775.4929577464789)",Leptotrichia,0,3637
"(766.5798319327731, 894.2605042016806)",Actinomyces,0,3638
"(764.016, 1262.896)",Neisseriaceae,0,3639
"(768.9720670391062, 1289.122905027933)",Actinomyces,0,3640
"(763.3877551020408, 1403.7448979591836)",Neisseriaceae,0,3641
"(764.3556701030927, 1789.0876288659795)",Corynebacterium,0,3642
"(767.2615384615384, 1995.753846153846)",Capnocytophaga,0,3643
"(764.9939393939394, 85.24848484848485)",Veillonella,0,3644
"(767.8849557522124, 353.92035398230087)",Actinomyces,0,3645
"(766.8988764044943, 379.2696629213483)",Gemella,0,3646
"(764.989898989899, 667.7373737373738)",Veillonella,0,3648
"(764.8396226415094, 1049.867924528302)",Neisseriaceae,0,3649
"(768.9285714285714, 1560.6607142857142)",Neisseriaceae,0,3650
"(764.5373134328358, 1658.6567164179105)",Rothia,0,3651
"(767.3951612903226, 1976.8629032258063)",Actinomyces,0,3652
"(768.0240963855422, 686.6746987951807)",Rothia,0,3653
"(769.1290322580645, 1744.9139784946237)",Rothia,0,3654
"(768.6976744186046, 857.1744186046511)",Campylobacter,0,3655
"(768.6708074534162, 1178.72049689441)",Pasteurellaceae,0,3656
"(775.2246696035243, 515.2114537444934)",Capnocytophaga,0,3657
"(770.4415584415584, 605.1168831168832)",Treponema,0,3658
"(770.5721649484536, 794.8453608247422)",Leptotrichia,0,3659
"(773.1412429378531, 813.1525423728814)",Fusobacterium,0,3660
"(772.5505617977528, 1152.9662921348315)",Neisseriaceae,0,3661
"(768.0462962962963, 1698.3240740740741)",Actinomyces,0,3662
"(769.1904761904761, 418.42857142857144)",Lautropia,0,3663
"(770.4719101123595, 992.8876404494382)",Neisseriaceae,0,3664
"(777.5347593582887, 1063.2941176470588)",Lautropia,0,3665
"(770.0718562874251, 1348.0179640718563)",Neisseriaceae,0,3666
"(769.2025316455696, 1458.9493670886077)",Capnocytophaga,0,3667
"(773.695, 398.18)",Veillonella,0,3668
"(775.3189189189189, 539.2324324324325)",Rothia,0,3669
"(771.6092715231788, 879.1721854304636)",Actinomyces,0,3670
"(772.05, 939.05)",Neisseriaceae,0,3671
"(773.4662576687117, 1390.484662576687)",Neisseriaceae,0,3672
"(777.2870370370371, 1477.4814814814815)",Selenomonas,0,3673
"(769.2962962962963, 1490.3703703703704)",Pasteurellaceae,0,3674
"(769.4520547945206, 1728.6027397260275)",Leptotrichia,0,3675
"(772.9375, 961.9236111111111)",Actinomyces,0,3676
"(772.1827956989247, 1038.0537634408602)",Neisseriaceae,0,3677
"(772.7734375, 1314.2578125)",Rothia,0,3678
"(770.5882352941177, 1599.2941176470588)",Actinomyces,0,3680
"(770.6119402985074, 1618.2537313432836)",Rothia,0,3681
"(774.3511450381679, 730.7557251908397)",Rothia,0,3682
"(779.282722513089, 908.0366492146596)",Actinomyces,0,3683
"(772.2098765432099, 1760.1851851851852)",Leptotrichia,0,3684
"(773.719512195122, 835.8414634146342)",Rothia,0,3685
"(774.3232323232323, 924.8282828282828)",Actinomyces,0,3686
"(773.8488372093024, 1232.6279069767443)",Pasteurellaceae,0,3690
"(775.4691358024692, 1529.9259259259259)",Actinomyces,0,3691
"(774.3132530120482, 1813.5722891566265)",Capnocytophaga,0,3692
"(776.0625, 651.6375)",Veillonella,0,3693
"(774.9824561403509, 845.0)",Rothia,0,3694
"(775.1515151515151, 977.5)",Porphyromonas,0,3695
"(779.3478260869565, 1267.9130434782608)",Neisseriaceae,0,3696
"(780.9629629629629, 1575.9907407407406)",Actinomyces,0,3697
"(774.6153846153846, 1640.9038461538462)",Leptotrichia,0,3698
"(779.1013513513514, 623.8445945945946)",Gemella,0,3699
"(780.9363636363636, 1007.5)",Pasteurellaceae,0,3700
"(780.5933333333334, 1219.3933333333334)",Neisseriaceae,0,3701
"(778.0714285714286, 1328.357142857143)",Pasteurellaceae,0,3702
"(777.876404494382, 1654.808988764045)",Actinomyces,0,3703
"(775.984375, 1666.5)",Actinomyces,0,3704
"(777.9733333333334, 1775.12)",Lautropia,0,3705
"(780.7213114754098, 764.2868852459017)",Leptotrichia,0,3706
"(778.1165644171779, 1684.3128834355828)",Capnocytophaga,0,3707
"(781.8867924528302, 432.48301886792456)",Lautropia,0,3708
"(782.3285714285714, 701.5238095238095)",Veillonella,0,3709
"(777.7727272727273, 1420.121212121212)",Neisseriaceae,0,3710
"(781.7364864864865, 1628.0608108108108)",Capnocytophaga,0,3712
"(780.0337078651686, 358.44943820224717)",Rothia,0,3713
"(780.0416666666666, 1202.4305555555557)",Pasteurellaceae,0,3714
"(779.99173553719, 1719.6363636363637)",Rothia,0,3716
"(783.3021978021978, 1996.1923076923076)",Lautropia,0,3717
"(781.0114942528736, 1023.0689655172414)",Porphyromonas,0,3718
"(785.7605633802817, 1041.1338028169014)",Neisseriaceae,0,3719
"(784.9629629629629, 1348.4814814814815)",Neisseriaceae,0,3720
"(783.6603773584906, 1429.301886792453)",Neisseriaceae,0,3721
"(783.6428571428571, 1501.0714285714287)",Pasteurellaceae,0,3722
"(781.734693877551, 1844.938775510204)",Leptotrichia,0,3724
"(789.4108108108109, 369.5945945945946)",Neisseriaceae,0,3725
"(783.6576576576576, 597.9459459459459)",Campylobacter,0,3726
"(781.7575757575758, 1183.2272727272727)",Leptotrichia,0,3727
"(796.183962264151, 1294.3490566037735)",Neisseriaceae,0,3728
"(782.2051282051282, 1377.2820512820513)",Neisseriaceae,0,3729
"(780.9824561403509, 1743.1754385964912)",Rothia,0,3730
"(782.9491525423729, 1405.7288135593221)",Pasteurellaceae,0,3731
"(787.3734939759037, 411.0843373493976)",Rothia,0,3732
"(789.8235294117648, 742.1657754010695)",Campylobacter,0,3733
"(787.8854166666666, 777.4895833333334)",Rothia,0,3734
"(784.012987012987, 995.6363636363636)",Porphyromonas,0,3735
"(785.9102564102565, 1250.0384615384614)",Neisseriaceae,0,3736
"(787.0327868852459, 1826.5)",Neisseriaceae,0,3737
"(786.9133858267717, 9.472440944881889)",Neisseriaceae,0,3738
"(787.144578313253, 857.7590361445783)",Campylobacter,0,3740
"(784.2923076923076, 887.6615384615385)",Neisseriaceae,0,3741
"(786.6060606060606, 1603.4141414141413)",Rothia,0,3742
"(787.9268292682926, 29.121951219512194)",Gemella,0,3743
"(796.2658227848101, 350.5379746835443)",Neisseriaceae,0,3744
"(787.4166666666666, 472.9791666666667)",Prevotella,0,3745
"(789.3691275167786, 552.0872483221476)",Streptococcus,0,3746
"(799.8294573643411, 1106.7984496124031)",Leptotrichia,0,3747
"(790.5911602209944, 1169.46408839779)",Capnocytophaga,0,3748
"(786.22, 1444.06)",Leptotrichia,0,3749
"(787.4782608695652, 1590.536231884058)",Rothia,0,3750
"(786.6716417910447, 383.92537313432837)",Veillonella,0,3751
"(787.6184210526316, 947.5131578947369)",Pasteurellaceae,0,3752
"(787.7549019607843, 976.7450980392157)",Rothia,0,3754
"(789.2970297029703, 1234.881188118812)",Veillonella,0,3755
"(793.7901234567901, 1367.2222222222222)",Neisseriaceae,0,3756
"(789.6, 1556.3764705882354)",Neisseriaceae,0,3757
"(790.6440677966102, 1148.7372881355932)",Neisseriaceae,0,3758
"(789.0982142857143, 1758.5714285714287)",Streptococcus,0,3760
"(790.5384615384615, 825.123076923077)",Campylobacter,0,3761
"(789.2682926829268, 845.3048780487804)",Pasteurellaceae,0,3762
"(789.6637168141593, 873.70796460177)",Actinomyces,0,3763
"(792.9193548387096, 1544.016129032258)",Rothia,0,3764
"(791.8223684210526, 334.35526315789474)",Neisseriaceae,0,3765
"(792.7055555555555, 932.1222222222223)",Rothia,0,3767
"(789.797619047619, 1195.095238095238)",Pasteurellaceae,0,3768
"(794.069264069264, 1309.6536796536795)",Neisseriaceae,0,3769
"(792.9922480620155, 1635.2015503875969)",Corynebacterium,0,3771
"(792.1478260869566, 1738.017391304348)",Lautropia,0,3772
"(794.4573170731708, 1002.5975609756098)",Neisseriaceae,0,3773
"(797.4842105263158, 1523.542105263158)",Actinomyces,0,3774
"(794.14, 1618.1)",Capnocytophaga,0,3775
"(793.5217391304348, 1678.7065217391305)",Rothia,0,3776
"(791.5056179775281, 1695.5280898876404)",Rothia,0,3777
"(791.1842105263158, 1717.1315789473683)",Leptotrichia,0,3778
"(792.8550724637681, 806.463768115942)",Rothia,0,3779
"(792.9137931034483, 1331.5689655172414)",Streptococcus,0,3780
"(794.3100775193799, 1661.139534883721)",Leptotrichia,0,3781
"(795.4022988505748, 1767.9195402298851)",Veillonella,0,3782
"(793.3333333333334, 895.0588235294117)",Neisseriaceae,0,3783
"(796.8493150684932, 1024.6027397260275)",Actinomyces,0,3784
"(799.075, 44.8625)",Gemella,0,3785
"(798.7486631016043, 454.93582887700535)",Veillonella,0,3786
"(796.6091954022988, 782.6321839080459)",Fusobacterium,0,3788
"(797.4891304347826, 1276.5869565217392)",Neisseriaceae,0,3789
"(801.2063492063492, 727.4920634920635)",Actinomyces,0,3790
"(798.2058823529412, 1502.7205882352941)",Pasteurellaceae,0,3791
"(800.0, 389.6628787878788)",Veillonella,0,3792
"(800.4811320754717, 712.8207547169811)",Neisseriaceae,0,3793
"(799.4383561643835, 751.7534246575342)",Actinomyces,0,3794
"(800.4461538461538, 950.5384615384615)",Rothia,0,3795
"(801.5, 1210.0597826086957)",Veillonella,0,3796
"(803.4009216589861, 1344.930875576037)",Neisseriaceae,0,3797
"(800.3119266055046, 1573.2844036697247)",Actinomyces,0,3798
"(799.6402877697842, 1053.4820143884892)",TM7,0,3799
"(801.1144578313254, 1395.2530120481927)",Neisseriaceae,0,3800
"(802.4364640883978, 1414.121546961326)",Neisseriaceae,0,3801
"(802.4732824427481, 841.4503816793894)",Pasteurellaceae,0,3803
"(801.1125, 1155.85)",Veillonella,0,3804
"(801.921052631579, 1227.6973684210527)",Neisseriaceae,0,3805
"(803.9945355191256, 1245.1967213114754)",Neisseriaceae,0,3806
"(802.5813953488372, 1440.9147286821706)",Pasteurellaceae,0,3807
"(800.3076923076923, 434.78846153846155)",Pasteurellaceae,0,3809
"(802.7461139896373, 900.9844559585492)",Pasteurellaceae,0,3810
"(809.9090909090909, 1263.1168831168832)",Veillonella,0,3811
"(808.0939226519337, 1618.2872928176796)",Actinomyces,0,3812
"(801.7543859649123, 30.842105263157894)",Lautropia,0,3813
"(802.2459016393443, 426.5081967213115)",Prevotella,0,3814
"(802.5369458128079, 969.4187192118227)",Actinomyces,0,3815
"(803.6140350877193, 993.3157894736842)",Pasteurellaceae,0,3816
"(801.8805970149253, 1187.8208955223881)",Pasteurellaceae,0,3817
"(802.8333333333334, 1600.450980392157)",Rothia,0,3819
"(806.1760563380282, 1798.0704225352113)",Neisseriaceae,0,3820
"(811.3670212765958, 801.5159574468086)",Pasteurellaceae,0,3821
"(807.7064220183486, 858.5963302752293)",Leptotrichia,0,3822
"(808.1073446327683, 1645.1129943502824)",Pasteurellaceae,0,3823
"(809.8495575221239, 925.3362831858407)",Neisseriaceae,0,3824
"(809.5615384615385, 1505.0153846153846)",Neisseriaceae,0,3825
"(806.016129032258, 1540.258064516129)",Neisseriaceae,0,3826
"(810.8186528497409, 1556.1502590673574)",Actinomyces,0,3827
"(805.6847826086956, 1724.7065217391305)",Corynebacterium,0,3828
"(806.5164835164835, 14.241758241758241)",Veillonella,0,3829
"(806.8383838383838, 875.7878787878788)",Actinomyces,0,3830
"(805.328125, 1693.3125)",Neisseriaceae,0,3831
"(808.5737704918033, 1161.983606557377)",Prevotella,0,3832
"(815.0783582089553, 1585.5858208955224)",Rothia,0,3833
"(811.951048951049, 1486.6153846153845)",Lautropia,0,3834
"(814.68345323741, 1705.6258992805756)",Capnocytophaga,0,3835
"(812.417808219178, 399.76027397260276)",Rothia,0,3836
"(822.0851063829788, 755.781914893617)",Leptotrichia,0,3837
"(808.6575342465753, 785.1095890410959)",Actinomyces,0,3838
"(811.1884057971015, 941.7391304347826)",Rothia,0,3839
"(809.3983050847457, 1174.635593220339)",Neisseriaceae,0,3840
"(810.5603448275862, 1193.2327586206898)",Neisseriaceae,0,3841
"(813.1212121212121, 1322.2651515151515)",Veillonella,0,3842
"(809.5409836065573, 1429.311475409836)",Neisseriaceae,0,3843
"(816.5705128205128, 999.5064102564103)",Streptococcus,0,3845
"(813.6421052631579, 1081.4894736842105)",Pasteurellaceae,0,3846
"(816.1150442477876, 1010.8318584070796)",Neisseriaceae,0,3847
"(813.6794871794872, 741.1282051282051)",Leptotrichia,0,3848
"(817.8986486486486, 1062.7297297297298)",Neisseriaceae,0,3850
"(812.953125, 1278.21875)",Treponema,0,3851
"(814.9013157894736, 1360.967105263158)",Neisseriaceae,0,3852
"(812.8787878787879, 1376.7272727272727)",Neisseriaceae,0,3853
"(814.8306451612904, 33.91129032258065)",Veillonella,0,3854
"(824.8497854077253, 784.7296137339056)",Leptotrichia,0,3855
"(817.2307692307693, 918.2019230769231)",Neisseriaceae,0,3856
"(815.820895522388, 1045.4776119402984)",Pasteurellaceae,0,3857
"(814.3837209302326, 1678.2906976744187)",Pasteurellaceae,0,3858
"(813.7444444444444, 355.4555555555556)",Veillonella,0,3859
"(816.6086956521739, 420.1391304347826)",Neisseriaceae,0,3860
"(818.9135802469136, 1538.9567901234568)",Actinomyces,0,3862
"(817.0595238095239, 435.6190476190476)",Veillonella,0,3863
"(820.2462686567164, 723.4104477611941)",Pasteurellaceae,0,3864
"(817.0967741935484, 983.3978494623656)",Actinomyces,0,3865
"(823.8638743455498, 1310.7958115183246)",Neisseriaceae,0,3866
"(824.1903114186852, 372.29757785467126)",Porphyromonas,0,3867
"(817.8939393939394, 1027.3484848484848)",TM7,0,3868
"(818.081081081081, 1386.1891891891892)",Neisseriaceae,0,3869
"(817.9041095890411, 711.2739726027397)",Neisseriaceae,0,3871
"(819.9814814814815, 767.0)",Capnocytophaga,0,3872
"(819.6875, 889.3)",Neisseriaceae,0,3874
"(819.2368421052631, 972.75)",Actinomyces,0,3875
"(818.1733333333333, 1210.6533333333334)",Gemella,0,3876
"(822.5328467153284, 1228.9963503649635)",Veillonella,0,3877
"(818.7123287671233, 1517.5753424657535)",Actinomyces,0,3878
"(818.5555555555555, 1691.7407407407406)",Treponema,0,3879
"(822.583850931677, 1730.7142857142858)",Pasteurellaceae,0,3880
"(824.2592592592592, 450.23280423280426)",Veillonella,0,3881
"(820.0833333333334, 954.075)",Actinomyces,0,3882
"(821.3076923076923, 1254.0879120879122)",Neisseriaceae,0,3883
"(821.827868852459, 1399.295081967213)",Neisseriaceae,0,3884
"(820.2209302325581, 1654.0232558139535)",Neisseriaceae,0,3885
"(826.8380281690141, 151.54225352112675)",Actinomyces,0,3886
"(820.6375, 172.9875)",Veillonella,0,3887
"(823.2692307692307, 1449.7615384615385)",Pasteurellaceae,0,3888
"(822.7459016393443, 7.311475409836065)",Gemella,0,3889
"(825.0204081632653, 1330.8163265306123)",Veillonella,0,3890
"(821.5, 1639.7413793103449)",Pasteurellaceae,0,3891
"(827.3478260869565, 827.5304347826087)",Rothia,0,3892
"(824.2063492063492, 844.3174603174604)",Rothia,0,3893
"(824.7227722772277, 1105.4851485148515)",Leptotrichia,0,3894
"(822.59375, 1423.40625)",Pasteurellaceae,0,3895
"(834.4473684210526, 1717.278947368421)",Leptotrichia,0,3896
"(826.6535947712418, 343.3137254901961)",Actinomyces,0,3897
"(824.8666666666667, 812.4111111111112)",Leptotrichia,0,3898
"(825.6888888888889, 935.5444444444445)",Rothia,0,3899
"(825.1686746987951, 25.566265060240966)",Gemella,0,3900
"(829.8245614035088, 169.3421052631579)",Pasteurellaceae,0,3901
"(830.4050632911392, 1023.8164556962025)",Veillonella,0,3902
"(830.0, 1608.353591160221)",Capnocytophaga,0,3903
"(826.2758620689655, 406.6551724137931)",Streptococcus,0,3904
"(830.055, 872.035)",Leptotrichia,0,3905
"(830.3790849673203, 902.7843137254902)",Pasteurellaceae,0,3906
"(832.3064516129032, 1560.7056451612902)",Lautropia,0,3907
"(829.0222222222222, 1439.5111111111112)",Pasteurellaceae,0,3908
"(827.4285714285714, 1501.0892857142858)",Streptococcus,0,3909
"(829.3416666666667, 1675.4166666666667)",Neisseriaceae,0,3911
"(828.5245901639345, 974.016393442623)",Actinomyces,0,3912
"(829.2352941176471, 1076.2470588235294)",Neisseriaceae,0,3913
"(835.5534591194969, 1338.427672955975)",Gemella,0,3914
"(829.6666666666666, 742.3854166666666)",Leptotrichia,0,3915
"(836.0576923076923, 1120.6586538461538)",Pasteurellaceae,0,3916
"(829.3207547169811, 1300.188679245283)",Neisseriaceae,0,3917
"(832.4389140271493, 1360.5203619909503)",Gemella,0,3918
"(831.3421052631579, 1589.7368421052631)",Streptococcus,0,3919
"(831.47, 271.26)",Treponema,0,3920
"(841.8340425531915, 704.7148936170213)",Treponema,0,3921
"(830.140350877193, 1088.9649122807018)",Pasteurellaceae,0,3922
"(830.9702970297029, 1279.6534653465346)",Neisseriaceae,0,3923
"(835.6214285714286, 1373.8428571428572)",Veillonella,0,3924
"(830.418918918919, 1661.418918918919)",Neisseriaceae,0,3925
"(832.083870967742, 293.71612903225804)",Treponema,0,3926
"(833.4615384615385, 1062.5576923076924)",Campylobacter,0,3927
"(835.8936170212766, 1204.014184397163)",Neisseriaceae,0,3928
"(837.4302325581396, 442.1511627906977)",Lautropia,0,3929
"(834.433734939759, 806.8674698795181)",Leptotrichia,0,3930
"(834.04, 1006.22)",Streptococcus,0,3931
"(834.8521126760563, 1696.4929577464789)",Leptotrichia,0,3933
"(835.9069767441861, 572.4302325581396)",Capnocytophaga,0,3934
"(837.8613861386139, 1254.5247524752476)",Gemella,0,3936
"(838.3168316831683, 1270.8910891089108)",Neisseriaceae,0,3937
"(845.3055555555555, 1638.0194444444444)",Neisseriaceae,0,3938
"(838.5701754385965, 927.561403508772)",Actinomyces,0,3939
"(841.3987341772151, 953.0189873417721)",Neisseriaceae,0,3940
"(836.6105263157895, 989.0947368421052)",Rothia,0,3941
"(836.4423076923077, 1242.6538461538462)",Neisseriaceae,0,3942
"(840.1111111111111, 726.015873015873)",Actinomyces,0,3943
"(837.85, 1404.525)",Veillonella,0,3944
"(840.2680412371134, 1619.7422680412371)",Actinomyces,0,3945
"(838.8245614035088, 1175.157894736842)",Leptotrichia,0,3946
"(838.9270833333334, 1468.6354166666667)",Neisseriaceae,0,3947
"(842.4473684210526, 1511.578947368421)",Actinomyces,0,3948
"(845.5813953488372, 1543.5988372093022)",Rothia,0,3949
"(843.8255319148936, 393.6085106382979)",Veillonella,0,3950
"(841.0, 822.3)",Rothia,0,3951
"(842.8376068376068, 837.0512820512821)",Rothia,0,3952
"(841.5706214689266, 1490.723163841808)",Pasteurellaceae,0,3953
"(843.3392857142857, 350.19642857142856)",Porphyromonas,0,3954
"(843.1264367816092, 893.2413793103449)",Capnocytophaga,0,3955
"(841.8958333333334, 969.9375)",Rothia,0,3956
"(841.9420289855072, 1088.7101449275362)",Neisseriaceae,0,3957
"(845.1652173913044, 1224.095652173913)",Neisseriaceae,0,3958
"(850.4730290456431, 191.35684647302904)",Actinomyces,0,3959
"(844.680412371134, 368.2216494845361)",Streptococcus,0,3960
"(845.2451612903226, 498.7096774193548)",Neisseriaceae,0,3961
"(842.140350877193, 1017.2456140350877)",Rothia,0,3962
"(842.2816901408451, 1190.8732394366198)",Pasteurellaceae,0,3963
"(840.7349397590361, 1294.578313253012)",Neisseriaceae,0,3964
"(846.0443349753695, 1043.9753694581282)",Rothia,0,3965
"(844.0735294117648, 1311.4264705882354)",Neisseriaceae,0,3967
"(843.68, 1734.62)",Selenomonas,0,3968
"(843.0842105263158, 28.473684210526315)",Gemella,0,3969
"(846.7719298245614, 456.80116959064327)",Gemella,0,3970
"(847.7349397590361, 847.7349397590361)",Rothia,0,3971
"(844.64, 867.5733333333334)",Leptotrichia,0,3972
"(845.6025641025641, 998.8205128205128)",Rothia,0,3973
"(848.3875, 1434.125)",Capnocytophaga,0,3974
"(846.8988764044943, 1527.0898876404494)",Actinomyces,0,3975
"(847.0439560439561, 563.8241758241758)",Pasteurellaceae,0,3976
"(846.7291666666666, 801.8333333333334)",Neisseriaceae,0,3978
"(849.7917981072555, 1583.864353312303)",Neisseriaceae,0,3980
"(848.4852941176471, 1074.6617647058824)",Neisseriaceae,0,3982
"(851.0555555555555, 1418.2301587301588)",Veillonella,0,3983
"(851.0, 1679.0843373493976)",Pasteurellaceae,0,3984
"(849.4202898550725, 720.4927536231884)",Pasteurellaceae,0,3986
"(848.434554973822, 774.9476439790576)",Veillonella,0,3987
"(847.6896551724138, 1061.3103448275863)",Pasteurellaceae,0,3988
"(855.543918918919, 1234.5608108108108)",Veillonella,0,3989
"(848.6777777777778, 1716.1333333333334)",Rothia,0,3990
"(848.9343065693431, 131.06569343065692)",Actinomyces,0,3991
"(849.4705882352941, 482.56470588235294)",Neisseriaceae,0,3992
"(851.125, 548.4090909090909)",Neisseriaceae,0,3993
"(855.0828729281768, 917.414364640884)",Actinomyces,0,3994
"(852.3306451612904, 942.4758064516129)",Capnocytophaga,0,3995
"(852.8888888888889, 1656.2530864197531)",Pasteurellaceae,0,3996
"(852.5, 257.2261904761905)",TM7,0,3997
"(851.328125, 302.953125)",Campylobacter,0,3998
"(855.6814159292036, 380.46902654867256)",Prevotella,0,3999
"(854.3863636363636, 472.21590909090907)",Veillonella,0,4000
"(856.3353293413173, 530.0)",Leptotrichia,0,4001
"(853.8053097345132, 1201.0973451327434)",Neisseriaceae,0,4002
"(855.8417721518987, 1258.8544303797469)",Neisseriaceae,0,4003
"(852.2794117647059, 1293.6176470588234)",Neisseriaceae,0,4004
"(853.6929824561404, 1324.0087719298247)",Neisseriaceae,0,4005
"(852.5754716981132, 1347.6415094339623)",Pasteurellaceae,0,4006
"(853.3149606299213, 1453.023622047244)",Veillonella,0,4007
"(853.4174757281553, 147.07766990291262)",Actinomyces,0,4008
"(854.3218390804598, 176.66666666666666)",Pasteurellaceae,0,4009
"(856.9247311827957, 269.6236559139785)",Treponema,0,4010
"(855.5123966942149, 577.1570247933885)",Actinomyces,0,4011
"(855.1, 989.8555555555556)",Neisseriaceae,0,4012
"(855.56, 38.54666666666667)",Gemella,0,4013
"(855.4565217391304, 791.4891304347826)",Leptotrichia,0,4014
"(858.8414096916299, 887.5726872246696)",Neisseriaceae,0,4015
"(856.2222222222222, 1016.020202020202)",Actinomyces,0,4016
"(855.2083333333334, 1094.7916666666667)",Neisseriaceae,0,4017
"(854.4529914529915, 1393.5470085470085)",Rothia,0,4018
"(853.7564102564103, 1469.7948717948718)",Neisseriaceae,0,4019
"(856.7112676056338, 1609.5422535211267)",Porphyromonas,0,4020
"(855.2048192771084, 9.108433734939759)",Neisseriaceae,0,4021
"(856.2666666666667, 601.8424242424243)",Campylobacter,0,4022
"(858.7307692307693, 735.6153846153846)",Leptotrichia,0,4023
"(859.6968085106383, 813.5691489361702)",Rothia,0,4024
"(862.096551724138, 1032.193103448276)",Streptococcus,0,4025
"(856.7837837837837, 1042.8018018018017)",Streptococcus,0,4026
"(856.1410256410256, 1180.6923076923076)",Pasteurellaceae,0,4027
"(858.5538461538462, 1280.253846153846)",Neisseriaceae,0,4028
"(855.059405940594, 1375.2673267326732)",Rothia,0,4029
"(861.9127906976744, 170.03488372093022)",Rothia,0,4030
"(855.6166666666667, 505.8666666666667)",Veillonella,0,4031
"(857.9310344827586, 862.5241379310345)",Pasteurellaceae,0,4032
"(857.6285714285714, 751.7571428571429)",Rothia,0,4033
"(858.9885714285714, 1132.3485714285714)",Pasteurellaceae,0,4034
"(857.5585585585585, 1158.837837837838)",Neisseriaceae,0,4035
"(864.2456140350877, 1503.4912280701753)",Actinomyces,0,4036
"(859.6413043478261, 1698.3478260869565)",Leptotrichia,0,4037
"(857.4727272727273, 2044.418181818182)",TM7,0,4038
"(858.48, 833.08)",Rothia,0,4039
"(867.7821011673152, 1308.8249027237355)",Veillonella,0,4040
"(862.5902777777778, 1520.3333333333333)",Capnocytophaga,0,4041
"(859.0705882352942, 1560.0588235294117)",Rothia,0,4042
"(861.3333333333334, 22.391666666666666)",Gemella,0,4043
"(864.4309392265193, 102.18232044198895)",Rothia,0,4044
"(863.9285714285714, 1336.9761904761904)",Neisseriaceae,0,4045
"(866.0142857142857, 1408.4857142857143)",Neisseriaceae,0,4046
"(859.2096774193549, 2030.4516129032259)",Veillonella,0,4047
"(859.6136363636364, 216.3181818181818)",Leptotrichia,0,4048
"(861.276923076923, 425.82307692307694)",Veillonella,0,4049
"(862.3333333333334, 972.4444444444445)",Neisseriaceae,0,4050
"(867.2168674698795, 331.0903614457831)",Fusobacterium,0,4052
"(868.5670103092783, 397.5773195876289)",Lautropia,0,4053
"(867.375, 1061.515625)",Veillonella,0,4054
"(871.4467213114754, 1114.795081967213)",Neisseriaceae,0,4055
"(863.6404494382023, 116.73033707865169)",Porphyromonas,0,4056
"(862.375, 559.725)",Rothia,0,4057
"(864.9912280701755, 694.6228070175439)",Lautropia,0,4058
"(863.5259259259259, 959.3333333333334)",Pasteurellaceae,0,4059
"(869.6711111111111, 148.55555555555554)",Actinomyces,0,4060
"(866.9024390243902, 313.1341463414634)",Campylobacter,0,4061
"(869.6739130434783, 546.2336956521739)",Rothia,0,4062
"(865.2870370370371, 639.175925925926)",Veillonella,0,4063
"(864.1052631578947, 1210.1263157894737)",Neisseriaceae,0,4064
"(865.9649122807018, 1356.201754385965)",Neisseriaceae,0,4065
"(870.3157894736842, 11.848684210526315)",Pasteurellaceae,0,4066
"(866.3604651162791, 292.80232558139534)",Rothia,0,4067
"(863.3589743589744, 361.05128205128204)",Leptotrichia,0,4068
"(866.6898395721926, 482.4812834224599)",Neisseriaceae,0,4069
"(865.047619047619, 763.8214285714286)",Neisseriaceae,0,4070
"(869.025641025641, 941.7350427350427)",Streptococcus,0,4071
"(864.3378378378378, 1171.4594594594594)",Fusobacterium,0,4072
"(868.0521327014218, 447.8293838862559)",Neisseriaceae,0,4073
"(865.4477611940298, 501.9850746268657)",Streptococcus,0,4074
"(867.9404761904761, 708.7738095238095)",Lautropia,0,4075
"(866.2745098039215, 1438.1568627450981)",Veillonella,0,4077
"(868.8852459016393, 1534.9262295081967)",Neisseriaceae,0,4078
"(866.796875, 352.515625)",Leptotrichia,0,4079
"(873.519313304721, 1001.0)",Neisseriaceae,0,4080
"(872.7605177993528, 1626.537216828479)",Leptotrichia,0,4081
"(868.5, 847.77)",Neisseriaceae,0,4082
"(870.4454545454546, 1489.5272727272727)",Actinomyces,0,4083
"(870.6190476190476, 519.031746031746)",Gemella,0,4084
"(869.2105263157895, 623.4105263157895)",Veillonella,0,4085
"(872.6211180124224, 904.223602484472)",Actinomyces,0,4086
"(867.943820224719, 1267.6516853932585)",Capnocytophaga,0,4087
"(871.7557251908397, 1577.7022900763359)",Neisseriaceae,0,4088
"(872.5675675675676, 164.66216216216216)",Rothia,0,4089
"(870.056179775281, 207.32584269662922)",Rothia,0,4090
"(872.4201680672269, 825.0756302521008)",Actinomyces,0,4091
"(877.6373056994819, 922.9326424870467)",Capnocytophaga,0,4092
"(874.4488636363636, 1377.5852272727273)",Veillonella,0,4093
"(869.7391304347826, 1390.9855072463768)",Neisseriaceae,0,4094
"(872.3629629629629, 1452.962962962963)",Neisseriaceae,0,4095
"(871.1842105263158, 1559.157894736842)",Campylobacter,0,4096
"(871.4479166666666, 597.1041666666666)",Actinomyces,0,4097
"(871.3186813186813, 984.5604395604396)",Neisseriaceae,0,4098
"(875.1111111111111, 1077.2444444444445)",Neisseriaceae,0,4099
"(871.06, 1148.51)",Neisseriaceae,0,4100
"(876.3618677042801, 1686.354085603113)",Leptotrichia,0,4101
"(870.5909090909091, 1187.1363636363637)",Pasteurellaceae,0,4103
"(876.7085714285714, 785.3371428571429)",Treponema,0,4104
"(876.1620370370371, 877.7824074074074)",Neisseriaceae,0,4105
"(882.2886178861788, 1282.7560975609756)",Neisseriaceae,0,4107
"(872.741935483871, 1324.8548387096773)",Streptococcus,0,4108
"(876.1190476190476, 463.9642857142857)",Neisseriaceae,0,4109
"(874.4935064935065, 343.0)",Leptotrichia,0,4110
"(872.75, 752.5714285714286)",Leptotrichia,0,4111
"(873.7162162162163, 1098.0)",Neisseriaceae,0,4112
"(875.3484848484849, 187.92424242424244)",Rothia,0,4113
"(875.8305084745763, 571.3644067796611)",Pasteurellaceae,0,4114
"(874.6111111111111, 1134.611111111111)",Veillonella,0,4115
"(876.6363636363636, 1253.509090909091)",Treponema,0,4116
"(874.546875, 1425.1640625)",Neisseriaceae,0,4117
"(876.6067415730337, 1550.191011235955)",Capnocytophaga,0,4118
"(878.9197080291971, 113.32846715328468)",Fusobacterium,0,4119
"(879.325925925926, 1221.348148148148)",Neisseriaceae,0,4121
"(878.6788990825688, 1361.440366972477)",Neisseriaceae,0,4122
"(876.763440860215, 1600.0752688172042)",Pasteurellaceae,0,4123
"(880.0564516129032, 1040.6693548387098)",Neisseriaceae,0,4124
"(883.5177664974619, 1234.6649746192893)",Pasteurellaceae,0,4125
"(884.6463878326996, 1519.467680608365)",Neisseriaceae,0,4126
"(881.9675925925926, 1656.5046296296296)",Pasteurellaceae,0,4127
"(879.5223880597015, 252.38805970149255)",Porphyromonas,0,4128
"(885.1189320388349, 263.05582524271847)",Actinomyces,0,4129
"(886.7190476190476, 601.4571428571429)",Lautropia,0,4130
"(878.7368421052631, 961.5473684210526)",Capnocytophaga,0,4131
"(878.703125, 1163.4375)",Neisseriaceae,0,4132
"(881.4931506849315, 217.2054794520548)",Rothia,0,4134
"(882.4761904761905, 441.22857142857146)",Pasteurellaceae,0,4135
"(886.5096153846154, 981.7259615384615)",Pasteurellaceae,0,4136
"(880.8091603053435, 1338.351145038168)",Neisseriaceae,0,4137
"(879.8909090909091, 235.83636363636364)",Porphyromonas,0,4138
"(880.7368421052631, 360.0657894736842)",Leptotrichia,0,4139
"(884.5567375886525, 493.49645390070924)",Fusobacterium,0,4140
"(879.8627450980392, 1569.5686274509803)",Neisseriaceae,0,4141
"(881.1515151515151, 27.893939393939394)",Lautropia,0,4142
"(881.4905660377359, 200.28301886792454)",Rothia,0,4143
"(881.24, 425.24)",Rothia,0,4144
"(883.156626506024, 800.566265060241)",Rothia,0,4145
"(887.948275862069, 862.8491379310345)",Rothia,0,4146
"(881.5172413793103, 179.6206896551724)",Rothia,0,4147
"(886.25, 283.16911764705884)",Fusobacterium,0,4148
"(881.752688172043, 618.3333333333334)",Streptococcus,0,4149
"(883.9179104477612, 730.8992537313433)",Leptotrichia,0,4150
"(884.7383720930233, 1175.4244186046512)",Neisseriaceae,0,4151
"(889.0949367088608, 1407.1012658227849)",Neisseriaceae,0,4152
"(892.0377358490566, 8.660377358490566)",Actinomyces,0,4153
"(884.531914893617, 558.7446808510638)",Neisseriaceae,0,4154
"(885.1938775510204, 585.6836734693877)",Fusobacterium,0,4155
"(883.6190476190476, 840.063492063492)",Pasteurellaceae,0,4156
"(883.4383561643835, 1015.6164383561644)",Pasteurellaceae,0,4157
"(885.1971830985915, 1102.2676056338028)",Neisseriaceae,0,4158
"(884.6643356643357, 1198.958041958042)",Neisseriaceae,0,4159
"(886.7021276595744, 1462.563829787234)",Veillonella,0,4160
"(884.7528089887641, 138.03370786516854)",Pasteurellaceae,0,4161
"(887.5317919075145, 691.3872832369942)",Lautropia,0,4162
"(887.2551020408164, 412.9387755102041)",Fusobacterium,0,4163
"(884.9016393442623, 1149.8524590163934)",Treponema,0,4164
"(887.3333333333334, 1394.3020833333333)",Veillonella,0,4165
"(887.6165803108809, 1482.041450777202)",Actinomyces,0,4166
"(893.1167512690355, 1584.53807106599)",Neisseriaceae,0,4167
"(887.2666666666667, 159.21333333333334)",TM7,0,4168
"(888.3636363636364, 231.15584415584416)",Prevotella,0,4169
"(885.188679245283, 391.66037735849056)",Campylobacter,0,4170
"(885.4629629629629, 512.5370370370371)",Pasteurellaceae,0,4171
"(887.1836734693877, 528.047619047619)",Neisseriaceae,0,4172
"(885.4354838709677, 749.8870967741935)",Leptotrichia,0,4173
"(889.6571428571428, 892.1785714285714)",Actinomyces,0,4174
"(890.2573529411765, 1087.7794117647059)",Pasteurellaceae,0,4175
"(887.3645833333334, 51.40625)",Lautropia,0,4176
"(886.9014084507043, 208.56338028169014)",Actinomyces,0,4177
"(888.0344827586207, 292.8965517241379)",Fusobacterium,0,4178
"(887.66, 306.77)",Actinomyces,0,4179
"(886.72, 544.72)",Capnocytophaga,0,4180
"(889.3983739837398, 670.3739837398374)",Streptococcus,0,4181
"(889.2946428571429, 1430.125)",Neisseriaceae,0,4182
"(887.3466666666667, 120.44)",Actinomyces,0,4183
"(887.22, 571.32)",Leptotrichia,0,4184
"(889.8333333333334, 96.67708333333333)",Pasteurellaceae,0,4185
"(890.040650406504, 321.780487804878)",Campylobacter,0,4186
"(900.2207792207793, 336.94372294372295)",Actinomyces,0,4187
"(892.8807339449542, 349.23853211009174)",Actinomyces,0,4188
"(889.0744680851063, 381.22340425531917)",Actinomyces,0,4189
"(890.0108695652174, 630.6413043478261)",Lautropia,0,4190
"(892.9717514124294, 825.6779661016949)",Rothia,0,4191
"(889.8245614035088, 925.2631578947369)",Campylobacter,0,4192
"(892.1296296296297, 944.0555555555555)",Neisseriaceae,0,4193
"(889.5967741935484, 963.2741935483871)",Leptotrichia,0,4194
"(891.2222222222222, 1250.4537037037037)",Veillonella,0,4195
"(889.7796610169491, 1291.8813559322034)",Veillonella,0,4196
"(888.8041237113403, 1135.9175257731958)",Neisseriaceae,0,4198
"(892.9901960784314, 1610.813725490196)",Capnocytophaga,0,4199
"(889.3157894736842, 1633.421052631579)",Neisseriaceae,0,4200
"(893.8206896551724, 366.88275862068963)",Leptotrichia,0,4201
"(892.3444444444444, 470.7)",Leptotrichia,0,4202
"(894.4921875, 707.8828125)",Leptotrichia,0,4203
"(892.7843137254902, 767.9803921568628)",Rothia,0,4204
"(890.6551724137931, 1557.9827586206898)",Veillonella,0,4205
"(899.2780748663101, 36.82887700534759)",Gemella,0,4207
"(892.4845360824743, 399.8659793814433)",Actinomyces,0,4208
"(899.5674157303371, 1009.7808988764045)",Neisseriaceae,0,4210
"(891.2962962962963, 1157.4444444444443)",Pasteurellaceae,0,4212
"(892.1052631578947, 1321.8947368421052)",Veillonella,0,4213
"(894.6782608695652, 72.3913043478261)",Neisseriaceae,0,4214
"(896.4255319148937, 114.65957446808511)",Actinomyces,0,4215
"(891.9382716049382, 184.76543209876544)",Rothia,0,4216
"(894.7450980392157, 1304.9901960784314)",Neisseriaceae,0,4218
"(896.5166666666667, 1494.5583333333334)",Actinomyces,0,4219
"(895.1944444444445, 1547.7569444444443)",Lautropia,0,4220
"(895.6792452830189, 81.0)",Rothia,0,4221
"(894.2941176470588, 913.8676470588235)",Pasteurellaceae,0,4222
"(894.609756097561, 1118.621951219512)",Leptotrichia,0,4223
"(899.3893129770993, 231.23664122137404)",Lautropia,0,4224
"(897.3298969072165, 449.6082474226804)",Actinomyces,0,4225
"(898.4918032786885, 1034.967213114754)",Veillonella,0,4226
"(900.5853658536586, 1049.1138211382113)",Gemella,0,4227
"(895.6477272727273, 1358.0)",Rothia,0,4228
"(900.2300884955753, 1444.8628318584072)",Lautropia,0,4229
"(896.8876404494382, 1528.9662921348315)",Pasteurellaceae,0,4230
"(896.9639639639639, 656.8468468468468)",Rothia,0,4231
"(897.1481481481482, 749.6543209876543)",Leptotrichia,0,4232
"(900.9626168224299, 1334.3271028037384)",Neisseriaceae,0,4233
"(898.8833333333333, 1818.7083333333333)",Leptotrichia,0,4234
"(905.0979381443299, 168.50515463917526)",Actinomyces,0,4235
"(902.8125, 430.61875)",Rothia,0,4236
"(897.875, 511.97222222222223)",Fusobacterium,0,4237
"(899.578125, 1374.6796875)",Neisseriaceae,0,4238
"(902.4107142857143, 1509.6607142857142)",Neisseriaceae,0,4239
"(901.9447852760736, 146.61349693251535)",Capnocytophaga,0,4240
"(897.1153846153846, 786.0)",Campylobacter,0,4241
"(900.8717948717949, 1217.1846153846154)",Neisseriaceae,0,4242
"(900.9006622516556, 1672.6291390728477)",Pasteurellaceae,0,4243
"(901.6730769230769, 314.125)",Fusobacterium,0,4244
"(898.8, 502.46)",Actinomyces,0,4245
"(899.875, 815.6590909090909)",Actinomyces,0,4247
"(901.2710280373832, 904.7570093457944)",Actinomyces,0,4248
"(899.8032786885246, 1103.950819672131)",Capnocytophaga,0,4249
"(901.3391304347826, 1643.6)",Neisseriaceae,0,4250
"(899.9473684210526, 57.11842105263158)",Pasteurellaceae,0,4252
"(901.8271604938271, 89.65432098765432)",Neisseriaceae,0,4253
"(906.6111111111111, 1160.1984126984128)",Capnocytophaga,0,4254
"(900.5875, 1418.775)",Pasteurellaceae,0,4255
"(908.7038834951456, 542.8058252427185)",Rothia,0,4256
"(903.7701149425287, 643.8045977011494)",Porphyromonas,0,4257
"(901.8461538461538, 976.0153846153846)",Leptotrichia,0,4258
"(905.9767441860465, 1602.4651162790697)",Leptotrichia,0,4259
"(904.7196261682243, 130.53271028037383)",Actinomyces,0,4260
"(905.3866666666667, 561.0466666666666)",Streptococcus,0,4261
"(903.375, 575.6153846153846)",Lautropia,0,4262
"(906.2277777777778, 722.6055555555556)",Actinomyces,0,4263
"(903.7142857142857, 1132.4812030075188)",Neisseriaceae,0,4264
"(903.0615384615385, 1347.1692307692308)",Rothia,0,4265
"(903.8702290076336, 296.1374045801527)",Actinomyces,0,4267
"(903.2, 927.8)",Actinomyces,0,4268
"(903.9130434782609, 207.92391304347825)",Actinomyces,0,4269
"(903.4193548387096, 407.0967741935484)",Leptotrichia,0,4270
"(904.3783783783783, 853.1531531531532)",Rothia,0,4271
"(906.2407407407408, 875.074074074074)",Actinomyces,0,4272
"(907.6706586826348, 992.8682634730538)",Veillonella,0,4273
"(908.8296296296296, 187.57777777777778)",Actinomyces,0,4274
"(908.8311688311688, 388.83116883116884)",Actinomyces,0,4275
"(905.0754716981132, 477.50943396226415)",Actinomyces,0,4276
"(907.53, 1023.11)",Pasteurellaceae,0,4277
"(905.0, 1184.2456140350878)",Neisseriaceae,0,4278
"(905.0379746835443, 1259.8987341772151)",Capnocytophaga,0,4279
"(906.7355371900826, 1466.5206611570247)",Pasteurellaceae,0,4280
"(909.5244755244755, 1559.4265734265734)",Gemella,0,4281
"(912.1472868217054, 245.38372093023256)",Actinomyces,0,4282
"(908.75, 266.38709677419354)",Fusobacterium,0,4283
"(906.6142857142858, 460.07142857142856)",Capnocytophaga,0,4284
"(912.9019607843137, 691.2156862745098)",Leptotrichia,0,4285
"(911.2848101265823, 964.5822784810126)",Pasteurellaceae,0,4287
"(909.0105263157894, 1199.4105263157894)",Neisseriaceae,0,4288
"(904.8518518518518, 1243.9814814814815)",Neisseriaceae,0,4289
"(908.1184210526316, 100.59210526315789)",Actinomyces,0,4290
"(910.0081300813008, 280.8211382113821)",Actinomyces,0,4291
"(906.1153846153846, 491.6923076923077)",Actinomyces,0,4292
"(906.8450704225352, 1091.3661971830986)",Lautropia,0,4293
"(915.2875536480686, 28.103004291845494)",Actinomyces,0,4294
"(908.8314606741573, 590.5842696629213)",Actinomyces,0,4295
"(913.2112676056338, 744.7957746478874)",Porphyromonas,0,4296
"(908.4396551724138, 781.7327586206897)",Leptotrichia,0,4297
"(910.9609375, 800.0859375)",Rothia,0,4298
"(915.9468599033817, 1530.9661835748793)",Neisseriaceae,0,4299
"(909.6107382550335, 365.9530201342282)",Actinomyces,0,4300
"(910.1333333333333, 524.5833333333334)",Pasteurellaceae,0,4301
"(914.7777777777778, 668.4347826086956)",Leptotrichia,0,4302
"(910.5135135135135, 890.0)",Actinomyces,0,4303
"(907.5555555555555, 1279.6944444444443)",Treponema,0,4305
"(910.7073170731708, 1303.3475609756097)",Rothia,0,4306
"(911.196261682243, 1398.46261682243)",Veillonella,0,4307
"(912.2028985507246, 111.73913043478261)",Fusobacterium,0,4308
"(909.9204545454545, 1116.5795454545455)",Pasteurellaceae,0,4309
"(920.1120331950208, 633.0622406639004)",Streptococcus,0,4312
"(912.7029702970297, 1361.1584158415842)",Pasteurellaceae,0,4313
"(914.4485981308411, 319.21495327102804)",Actinomyces,0,4314
"(914.645390070922, 1173.063829787234)",Pasteurellaceae,0,4315
"(921.2679425837321, 1477.3205741626793)",Veillonella,0,4316
"(912.6219512195122, 1587.1951219512196)",Leptotrichia,0,4317
"(913.0568181818181, 1629.4545454545455)",Leptotrichia,0,4318
"(915.1588785046729, 55.71028037383178)",Veillonella,0,4319
"(916.6274509803922, 502.67973856209153)",Fusobacterium,0,4321
"(918.2977528089888, 864.7359550561798)",Actinomyces,0,4322
"(915.2241379310345, 1508.5172413793102)",Pasteurellaceae,0,4323
"(914.48322147651, 74.66442953020135)",Selenomonas,0,4324
"(916.4387755102041, 707.8979591836735)",Pasteurellaceae,0,4325
"(918.036231884058, 771.2246376811594)",Fusobacterium,0,4326
"(916.7272727272727, 1137.6446280991736)",Pasteurellaceae,0,4328
"(913.4736842105264, 1495.4561403508771)",Actinomyces,0,4329
"(914.6842105263158, 1813.578947368421)",Actinomyces,0,4330
"(917.2761904761904, 214.62857142857143)",Neisseriaceae,0,4331
"(917.0648148148148, 465.81481481481484)",Actinomyces,0,4332
"(916.2575757575758, 600.7878787878788)",Rothia,0,4333
"(916.0157480314961, 1070.283464566929)",Streptococcus,0,4334
"(915.2823529411764, 1644.6235294117646)",Pasteurellaceae,0,4336
"(917.6702127659574, 903.3191489361702)",Rothia,0,4337
"(924.1337579617834, 942.7579617834394)",Leptotrichia,0,4338
"(916.8421052631579, 1222.2894736842106)",Selenomonas,0,4339
"(919.3604651162791, 1239.2151162790697)",Pasteurellaceae,0,4340
"(916.6407766990292, 1266.8155339805826)",Selenomonas,0,4341
"(917.4461538461538, 1332.9692307692308)",Veillonella,0,4342
"(922.8351648351648, 1378.3406593406594)",Neisseriaceae,0,4343
"(916.7, 614.3125)",Porphyromonas,0,4344
"(916.5576923076923, 652.4423076923077)",Campylobacter,0,4345
"(918.4678899082569, 844.8623853211009)",Rothia,0,4346
"(922.7037037037037, 1101.8395061728395)",Corynebacterium,0,4347
"(917.2321428571429, 1351.392857142857)",Neisseriaceae,0,4348
"(923.8484848484849, 1415.6363636363637)",Pasteurellaceae,0,4349
"(918.2692307692307, 586.3333333333334)",Rothia,0,4350
"(925.8653846153846, 920.1442307692307)",Neisseriaceae,0,4351
"(921.7692307692307, 1441.4412955465586)",Veillonella,0,4352
"(918.5892857142857, 1614.5714285714287)",Neisseriaceae,0,4353
"(918.9368421052632, 1681.4)",Leptotrichia,0,4354
"(918.0363636363636, 295.3090909090909)",Actinomyces,0,4355
"(932.6413994169096, 818.5072886297376)",Selenomonas,0,4356
"(921.9620253164557, 887.4050632911392)",Actinomyces,0,4357
"(921.3015873015873, 955.952380952381)",Treponema,0,4358
"(919.2051282051282, 1826.948717948718)",Leptotrichia,0,4359
"(921.8785046728972, 94.34579439252336)",Actinomyces,0,4360
"(919.6637931034483, 122.40517241379311)",Porphyromonas,0,4361
"(922.1958762886597, 197.1340206185567)",Actinomyces,0,4362
"(918.9852941176471, 451.05882352941177)",Actinomyces,0,4364
"(921.8857142857142, 998.3857142857142)",Capnocytophaga,0,4365
"(926.776119402985, 1187.8805970149253)",Pasteurellaceae,0,4366
"(921.1538461538462, 1285.2747252747254)",Pasteurellaceae,0,4367
"(924.359649122807, 175.82456140350877)",Actinomyces,0,4368
"(923.7291666666666, 308.4895833333333)",Actinomyces,0,4369
"(923.8832116788321, 360.64233576642334)",Fusobacterium,0,4370
"(923.1448275862069, 411.6413793103448)",Fusobacterium,0,4371
"(928.6036585365854, 551.3658536585366)",Fusobacterium,0,4372
"(925.4049079754601, 1026.4049079754602)",Gemella,0,4373
"(925.056, 1202.432)",Neisseriaceae,0,4374
"(927.8145695364238, 1307.867549668874)",Rothia,0,4375
"(925.48, 1496.4266666666667)",Veillonella,0,4377
"(925.2935779816514, 436.79816513761466)",Actinomyces,0,4378
"(928.2577319587629, 1519.1030927835052)",Veillonella,0,4379
"(925.768115942029, 263.05797101449275)",Actinomyces,0,4380
"(924.3833333333333, 684.45)",Veillonella,0,4381
"(927.3271604938271, 728.925925925926)",Actinomyces,0,4382
"(925.6516853932584, 758.1910112359551)",Streptococcus,0,4383
"(928.1197604790419, 151.5449101796407)",Actinomyces,0,4384
"(926.8153846153846, 227.03076923076924)",Treponema,0,4385
"(926.1142857142858, 325.0285714285714)",Leptotrichia,0,4387
"(926.4876033057851, 519.3553719008264)",Neisseriaceae,0,4389
"(928.2553191489362, 564.3510638297872)",Rothia,0,4390
"(928.5157894736842, 807.2210526315789)",Leptotrichia,0,4391
"(926.4109589041096, 1552.6712328767123)",Veillonella,0,4392
"(932.5294117647059, 47.8921568627451)",Actinomyces,0,4393
"(930.554794520548, 792.8835616438356)",Leptotrichia,0,4394
"(933.0806451612904, 1119.236559139785)",Pasteurellaceae,0,4395
"(927.8714285714286, 1278.2428571428572)",Capnocytophaga,0,4396
"(935.5040650406504, 170.9268292682927)",Actinomyces,0,4398
"(930.4845360824743, 333.8041237113402)",Actinomyces,0,4399
"(928.7945205479452, 607.2876712328767)",Rothia,0,4401
"(929.6666666666666, 699.6547619047619)",Capnocytophaga,0,4402
"(931.4134615384615, 877.9711538461538)",Rothia,0,4403
"(928.5229357798165, 1223.5504587155963)",Pasteurellaceae,0,4404
"(929.88, 1321.656)",Rothia,0,4405
"(929.2077922077922, 1361.142857142857)",Pasteurellaceae,0,4406
"(930.3333333333334, 67.6236559139785)",Leptotrichia,0,4407
"(929.8636363636364, 400.7878787878788)",Pasteurellaceae,0,4408
"(930.8557692307693, 494.78846153846155)",Leptotrichia,0,4409
"(929.0277777777778, 1067.2777777777778)",Neisseriaceae,0,4410
"(930.4761904761905, 1153.0873015873017)",Gemella,0,4411
"(936.5170068027211, 1459.2244897959183)",Veillonella,0,4412
"(930.7619047619048, 1601.5619047619048)",Neisseriaceae,0,4413
"(932.5925925925926, 16.54320987654321)",Veillonella,0,4414
"(929.2758620689655, 120.87931034482759)",Porphyromonas,0,4415
"(929.2680412371134, 586.8144329896908)",Capnocytophaga,0,4417
"(930.7037037037037, 647.4691358024692)",Pasteurellaceae,0,4418
"(935.7659574468086, 677.3475177304964)",Leptotrichia,0,4419
"(932.771812080537, 1053.9395973154362)",Leptotrichia,0,4420
"(937.5353982300885, 1082.3230088495575)",Treponema,0,4421
"(934.2066666666667, 1396.2333333333333)",Gemella,0,4422
"(932.0357142857143, 1626.25)",Neisseriaceae,0,4423
"(934.3508771929825, 461.7719298245614)",Actinomyces,0,4424
"(936.5, 1257.880281690141)",Pasteurellaceae,0,4425
"(932.7786885245902, 1347.6803278688524)",Neisseriaceae,0,4426
"(934.4356435643564, 275.35643564356434)",Actinomyces,0,4427
"(934.6438356164383, 661.6986301369863)",Streptococcus,0,4428
"(939.6, 524.6538461538462)",Pasteurellaceae,0,4429
"(936.5223880597015, 1441.9850746268658)",Veillonella,0,4430
"(935.0882352941177, 1543.9117647058824)",Gemella,0,4431
"(936.3771929824561, 89.25438596491227)",Fusobacterium,0,4432
"(936.3493975903615, 224.12048192771084)",Neisseriaceae,0,4433
"(935.170731707317, 288.3536585365854)",Actinomyces,0,4434
"(937.3974358974359, 344.3076923076923)",Actinomyces,0,4435
"(935.578125, 444.4375)",Fusobacterium,0,4436
"(936.5454545454545, 618.5757575757576)",Neisseriaceae,0,4437
"(936.3787878787879, 936.4242424242424)",Pasteurellaceae,0,4438
"(934.953125, 1104.328125)",Treponema,0,4439
"(940.1756756756756, 257.7567567567568)",Lautropia,0,4440
"(937.0891089108911, 392.2277227722772)",Actinomyces,0,4441
"(939.92, 420.4266666666667)",Actinomyces,0,4442
"(937.9230769230769, 480.64835164835165)",Pasteurellaceae,0,4443
"(937.3602941176471, 856.1691176470588)",Gemella,0,4444
"(940.8882681564246, 1644.804469273743)",Neisseriaceae,0,4445
"(941.1523178807947, 2006.450331125828)",Corynebacterium,0,4446
"(938.530303030303, 115.71212121212122)",Actinomyces,0,4447
"(941.4140625, 207.0703125)",Pasteurellaceae,0,4448
"(939.8602941176471, 711.7279411764706)",Campylobacter,0,4449
"(941.669014084507, 747.2605633802817)",Porphyromonas,0,4450
"(945.0725190839695, 1134.526717557252)",Neisseriaceae,0,4451
"(939.564705882353, 1989.7411764705882)",Rothia,0,4452
"(939.5, 241.5625)",Lautropia,0,4453
"(943.8571428571429, 896.9545454545455)",Pasteurellaceae,0,4454
"(942.3305785123966, 1241.5371900826447)",Neisseriaceae,0,4455
"(940.61, 1341.16)",Neisseriaceae,0,4456
"(939.010989010989, 1504.5714285714287)",Actinomyces,0,4457
"(941.3888888888889, 2.2777777777777777)",Gemella,0,4458
"(941.260162601626, 364.9674796747967)",Actinomyces,0,4459
"(940.9302325581396, 1372.7790697674418)",Veillonella,0,4460
"(941.9213483146067, 1528.0112359550562)",Veillonella,0,4461
"(940.5507246376811, 132.69565217391303)",Porphyromonas,0,4462
"(941.4912280701755, 1185.561403508772)",Pasteurellaceae,0,4464
"(951.2355371900826, 1225.2148760330579)",Veillonella,0,4466
"(944.3513513513514, 1606.3603603603603)",Actinomyces,0,4467
"(941.3064516129032, 2024.5967741935483)",Corynebacterium,0,4468
"(944.1333333333333, 306.55238095238093)",Actinomyces,0,4469
"(944.709090909091, 600.0363636363636)",Leptotrichia,0,4470
"(945.5353535353536, 769.7171717171717)",Leptotrichia,0,4471
"(943.375, 1209.125)",Neisseriaceae,0,4472
"(950.1875, 32.041666666666664)",Neisseriaceae,0,4473
"(950.7545787545788, 500.1941391941392)",Selenomonas,0,4475
"(945.8532110091743, 691.394495412844)",Streptococcus,0,4477
"(944.0, 927.0)",Pasteurellaceae,0,4478
"(950.0829268292683, 108.25853658536586)",Actinomyces,0,4479
"(945.9705882352941, 329.52941176470586)",Leptotrichia,0,4480
"(953.1949458483755, 636.0036101083033)",Corynebacterium,0,4481
"(946.6666666666666, 1417.4270833333333)",Gemella,0,4482
"(945.3333333333334, 150.27777777777777)",Neisseriaceae,0,4483
"(947.7747747747748, 185.94594594594594)",Rothia,0,4484
"(945.8333333333334, 647.2395833333334)",Streptococcus,0,4485
"(950.3805309734513, 81.70796460176992)",Actinomyces,0,4486
"(947.5185185185185, 387.81481481481484)",Actinomyces,0,4487
"(949.2526315789473, 614.4947368421052)",Selenomonas,0,4488
"(950.4814814814815, 723.9185185185186)",Actinomyces,0,4489
"(948.5289256198347, 1060.8181818181818)",Neisseriaceae,0,4491
"(948.9493670886076, 1622.367088607595)",Treponema,0,4492
"(948.3835616438356, 291.43835616438355)",Fusobacterium,0,4493
"(951.3357142857143, 911.0)",Pasteurellaceae,0,4494
"(951.0615384615385, 1107.253846153846)",Neisseriaceae,0,4495
"(949.6034482758621, 1170.8103448275863)",Pasteurellaceae,0,4496
"(952.0064516129032, 1385.9548387096775)",Neisseriaceae,0,4497
"(959.1924198250729, 57.95918367346939)",Fusobacterium,0,4498
"(951.2277227722773, 402.61386138613864)",Actinomyces,0,4500
"(953.5561224489796, 454.8316326530612)",Actinomyces,0,4501
"(950.4871794871794, 478.53846153846155)",Lautropia,0,4502
"(949.1486486486486, 537.8378378378378)",Leptotrichia,0,4503
"(950.9080459770115, 557.3793103448276)",Neisseriaceae,0,4504
"(952.0869565217391, 1308.791304347826)",Corynebacterium,0,4505
"(950.7435897435897, 13.23076923076923)",Gemella,0,4506
"(951.1851851851852, 345.26851851851853)",Actinomyces,0,4508
"(951.3333333333334, 572.7333333333333)",Leptotrichia,0,4509
"(957.1515151515151, 871.1212121212121)",Leptotrichia,0,4510
"(950.2285714285714, 1293.5142857142857)",Selenomonas,0,4511
"(953.0760869565217, 1500.7608695652175)",TM7,0,4512
"(951.5145631067961, 276.86407766990294)",Actinomyces,0,4513
"(952.3260869565217, 666.1594202898551)",Actinomyces,0,4514
"(952.7286821705426, 1025.3488372093022)",Pasteurellaceae,0,4515
"(953.5827338129496, 1273.7841726618706)",Pasteurellaceae,0,4516
"(951.0675675675676, 1406.8918918918919)",Actinomyces,0,4517
"(954.6382978723404, 1980.372340425532)",Leptotrichia,0,4518
"(950.6034482758621, 223.5344827586207)",Lautropia,0,4519
"(956.9888888888889, 1203.8277777777778)",Neisseriaceae,0,4520
"(952.6953125, 1358.390625)",Neisseriaceae,0,4521
"(952.6153846153846, 1636.0153846153846)",Streptococcus,0,4522
"(959.2544642857143, 2016.357142857143)",Capnocytophaga,0,4523
"(956.1532258064516, 434.4193548387097)",Actinomyces,0,4524
"(953.5675675675676, 1323.5405405405406)",Veillonella,0,4525
"(953.9775280898876, 1444.9887640449438)",Capnocytophaga,0,4526
"(955.9647887323944, 1534.0704225352113)",Prevotella,0,4527
"(958.775, 133.06)",Actinomyces,0,4528
"(954.7474747474747, 172.46464646464648)",Actinomyces,0,4529
"(956.5204081632653, 701.8367346938776)",Actinomyces,0,4530
"(954.7439024390244, 733.4634146341464)",Rothia,0,4531
"(958.8484848484849, 1452.139393939394)",Pasteurellaceae,0,4532
"(958.2934782608696, 317.30434782608694)",Actinomyces,0,4534
"(957.4059405940594, 1186.6336633663366)",Neisseriaceae,0,4535
"(961.7686567164179, 1610.6791044776119)",Fusobacterium,0,4536
"(957.018691588785, 1996.411214953271)",Rothia,0,4537
"(956.9885057471264, 1043.7011494252874)",Veillonella,0,4538
"(960.4685314685315, 1252.3496503496503)",Neisseriaceae,0,4539
"(963.2801418439716, 1339.5602836879432)",Neisseriaceae,0,4540
"(956.2205882352941, 1581.8382352941176)",Pasteurellaceae,0,4541
"(957.568493150685, 1849.7328767123288)",Actinomyces,0,4542
"(956.5333333333333, 260.0888888888889)",Lautropia,0,4543
"(956.7857142857143, 304.5357142857143)",Actinomyces,0,4544
"(965.7350993377484, 350.94701986754967)",Actinomyces,0,4545
"(958.1976744186046, 597.3023255813954)",Campylobacter,0,4546
"(960.6483516483516, 778.5824175824176)",Leptotrichia,0,4547
"(960.3623188405797, 796.4347826086956)",Leptotrichia,0,4548
"(957.7, 1080.2428571428572)",Pasteurellaceae,0,4549
"(961.7222222222222, 237.60493827160494)",Lautropia,0,4550
"(960.9134615384615, 515.1826923076923)",Leptotrichia,0,4552
"(959.8548387096774, 1066.516129032258)",Neisseriaceae,0,4553
"(967.4982698961937, 1135.6262975778548)",Neisseriaceae,0,4554
"(959.2, 1594.8923076923077)",Leptotrichia,0,4555
"(958.6229508196722, 391.26229508196724)",Actinomyces,0,4556
"(962.8489208633093, 1149.1079136690648)",Treponema,0,4557
"(963.2333333333333, 1294.4833333333333)",Actinomyces,0,4558
"(960.0933333333334, 1627.7466666666667)",Veillonella,0,4560
"(967.8655462184873, 210.0560224089636)",Lautropia,0,4561
"(962.5757575757576, 530.6212121212121)",Leptotrichia,0,4562
"(962.9457364341085, 546.3333333333334)",Leptotrichia,0,4563
"(962.7891156462586, 749.4081632653061)",Rothia,0,4564
"(961.7604166666666, 1513.09375)",Actinomyces,0,4565
"(965.68, 1842.968)",Actinomyces,0,4566
"(966.5182481751825, 374.5985401459854)",Campylobacter,0,4567
"(968.4777070063694, 711.4458598726114)",Leptotrichia,0,4568
"(964.5918367346939, 1421.455782312925)",Actinomyces,0,4569
"(963.7352941176471, 336.4852941176471)",Leptotrichia,0,4570
"(963.4193548387096, 685.1720430107526)",TM7,0,4571
"(965.0340909090909, 1011.9431818181819)",Capnocytophaga,0,4572
"(965.1681415929204, 157.35398230088495)",Actinomyces,0,4574
"(964.0842105263158, 1361.6736842105263)",Pasteurellaceae,0,4576
"(965.7941176470588, 22.098039215686274)",Pasteurellaceae,0,4577
"(970.7730496453901, 984.4539007092199)",Neisseriaceae,0,4579
"(966.9381443298969, 1096.2268041237114)",Neisseriaceae,0,4580
"(966.4901960784314, 1959.6078431372548)",Fusobacterium,0,4581
"(968.8455284552846, 281.5040650406504)",Actinomyces,0,4582
"(965.7307692307693, 325.3269230769231)",Actinomyces,0,4583
"(966.9166666666666, 415.89285714285717)",Actinomyces,0,4584
"(967.8145161290323, 1169.782258064516)",Neisseriaceae,0,4585
"(968.2777777777778, 1239.0)",Neisseriaceae,0,4586
"(968.7986577181208, 1263.5503355704698)",Neisseriaceae,0,4587
"(966.6619718309859, 1317.0140845070423)",Gemella,0,4588
"(965.6125, 1385.7125)",Selenomonas,0,4589
"(966.560975609756, 2023.8902439024391)",Leptotrichia,0,4590
"(971.5460992907801, 72.78014184397163)",Actinomyces,0,4591
"(967.9166666666666, 108.15)",Actinomyces,0,4592
"(966.8, 460.425)",Treponema,0,4593
"(971.1032258064516, 763.4387096774194)",Rothia,0,4594
"(970.339393939394, 1036.4242424242425)",Neisseriaceae,0,4595
"(971.0361445783133, 1054.698795180723)",Neisseriaceae,0,4596
"(972.0812720848056, 1476.47703180212)",Gemella,0,4597
"(969.0350877192982, 1974.4912280701753)",Capnocytophaga,0,4598
"(969.6545454545454, 397.42727272727274)",Actinomyces,0,4599
"(973.6166666666667, 476.9888888888889)",Corynebacterium,0,4600
"(973.1413043478261, 489.8423913043478)",Pasteurellaceae,0,4601
"(970.5126582278481, 1590.860759493671)",Leptotrichia,0,4602
"(973.2173913043479, 7.760869565217392)",Fusobacterium,0,4603
"(972.5619834710744, 224.7603305785124)",Actinomyces,0,4604
"(971.4086021505376, 311.4301075268817)",Fusobacterium,0,4605
"(979.3684210526316, 620.8877192982457)",Capnocytophaga,0,4606
"(972.4393063583815, 668.335260115607)",Porphyromonas,0,4607
"(972.0375939849624, 1111.0375939849623)",Neisseriaceae,0,4608
"(970.0853658536586, 1373.3902439024391)",Pasteurellaceae,0,4609
"(972.7128712871287, 1836.8019801980197)",Rothia,0,4610
"(972.0459770114943, 262.51724137931035)",Porphyromonas,0,4611
"(976.0, 573.8189655172414)",Leptotrichia,0,4612
"(976.0285714285715, 734.3314285714285)",Veillonella,0,4613
"(972.1392405063291, 143.35443037974684)",TM7,0,4614
"(977.2471264367816, 201.17241379310346)",Lautropia,0,4615
"(971.439024390244, 439.7439024390244)",Actinomyces,0,4616
"(974.925925925926, 424.2716049382716)",Fusobacterium,0,4618
"(972.7818181818182, 584.1090909090909)",Leptotrichia,0,4619
"(974.5555555555555, 603.1111111111111)",Capnocytophaga,0,4620
"(972.9718309859155, 798.8169014084507)",Pasteurellaceae,0,4621
"(974.1369863013699, 997.986301369863)",Prevotella,0,4622
"(976.7826086956521, 1226.5869565217392)",Neisseriaceae,0,4623
"(975.6504854368932, 1498.0679611650485)",Gemella,0,4624
"(978.5375, 529.33125)",Leptotrichia,0,4626
"(985.0242718446602, 560.2621359223301)",Leptotrichia,0,4627
"(976.1386138613861, 643.8613861386139)",Rothia,0,4628
"(975.3367346938776, 864.2857142857143)",Campylobacter,0,4629
"(976.7638888888889, 1182.5625)",Neisseriaceae,0,4630
"(979.6809523809524, 1206.4)",Pasteurellaceae,0,4631
"(974.4142857142857, 1623.5714285714287)",Leptotrichia,0,4632
"(975.3543307086615, 91.05511811023622)",Actinomyces,0,4633
"(979.1773399014778, 1068.4778325123152)",Pasteurellaceae,0,4634
"(976.9120879120879, 509.5274725274725)",Leptotrichia,0,4635
"(976.4050632911392, 1015.8987341772151)",Neisseriaceae,0,4636
"(979.1071428571429, 1290.4071428571428)",Pasteurellaceae,0,4637
"(978.0092592592592, 1998.638888888889)",Streptococcus,0,4639
"(976.9032258064516, 410.7258064516129)",Actinomyces,0,4640
"(985.8388625592418, 783.0521327014218)",Streptococcus,0,4641
"(980.1826923076923, 1086.3365384615386)",Neisseriaceae,0,4642
"(979.5175438596491, 1166.657894736842)",Veillonella,0,4643
"(976.3333333333334, 1307.8666666666666)",Treponema,0,4644
"(981.1785714285714, 1959.205357142857)",Porphyromonas,0,4645
"(977.9803921568628, 127.11764705882354)",Lautropia,0,4646
"(980.6428571428571, 237.12337662337663)",Lautropia,0,4647
"(983.9738219895288, 358.0890052356021)",Fusobacterium,0,4648
"(982.6736111111111, 2039.388888888889)",Porphyromonas,0,4649
"(978.390625, 330.65625)",Leptotrichia,0,4650
"(980.2181818181818, 1401.6060606060605)",Gemella,0,4652
"(981.4162162162162, 1520.8324324324324)",Actinomyces,0,4653
"(982.5819209039548, 1828.497175141243)",Rothia,0,4654
"(980.9375, 117.6875)",Rothia,0,4655
"(982.7267441860465, 379.3546511627907)",Leptotrichia,0,4656
"(983.2312138728323, 1131.2543352601156)",Neisseriaceae,0,4657
"(986.04, 1566.4581818181819)",Gemella,0,4659
"(982.2426470588235, 1927.8161764705883)",Streptococcus,0,4660
"(980.2840909090909, 2021.9886363636363)",Actinomyces,0,4661
"(981.62, 52.66)",Actinomyces,0,4662
"(982.2301587301587, 158.35714285714286)",Neisseriaceae,0,4663
"(981.74, 693.4866666666667)",Leptotrichia,0,4665
"(980.2033898305085, 1333.2881355932204)",Lautropia,0,4666
"(982.6923076923077, 1612.5299145299145)",Actinomyces,0,4667
"(984.4765625, 24.8046875)",Neisseriaceae,0,4668
"(982.7378048780488, 449.7439024390244)",Lautropia,0,4669
"(985.0617283950618, 750.4814814814815)",Streptococcus,0,4670
"(985.952380952381, 999.5)",Neisseriaceae,0,4671
"(981.8030303030303, 1254.8939393939395)",Pasteurellaceae,0,4672
"(981.46875, 1975.171875)",Actinomyces,0,4673
"(983.527027027027, 255.7972972972973)",Porphyromonas,0,4674
"(984.4016393442623, 292.61475409836066)",Actinomyces,0,4675
"(982.8636363636364, 588.4772727272727)",Leptotrichia,0,4676
"(982.7926829268292, 717.0975609756098)",Leptotrichia,0,4677
"(991.0204081632653, 3.2142857142857144)",Leptotrichia,0,4678
"(994.6269430051814, 1244.341968911917)",Neisseriaceae,0,4679
"(988.3868613138686, 655.8686131386861)",Pasteurellaceae,0,4681
"(984.5652173913044, 1041.2173913043478)",Pasteurellaceae,0,4682
"(987.0172413793103, 1174.198275862069)",Neisseriaceae,0,4683
"(992.5755395683453, 312.1798561151079)",Fusobacterium,0,4684
"(987.6701030927835, 340.8041237113402)",Campylobacter,0,4685
"(986.0853658536586, 546.5853658536586)",Corynebacterium,0,4686
"(995.1004366812227, 1026.7685589519651)",Neisseriaceae,0,4687
"(992.8684210526316, 105.85964912280701)",Actinomyces,0,4688
"(989.968992248062, 135.03875968992247)",Fusobacterium,0,4689
"(993.1088082901555, 831.3316062176166)",Streptococcus,0,4690
"(990.9009900990098, 61.37623762376238)",Actinomyces,0,4692
"(987.75, 77.40277777777777)",Rothia,0,4693
"(988.560606060606, 399.56060606060606)",Fusobacterium,0,4694
"(987.9589041095891, 471.32876712328766)",Treponema,0,4695
"(992.2805755395683, 675.410071942446)",Capnocytophaga,0,4696
"(990.4273504273505, 812.2991452991453)",Porphyromonas,0,4697
"(988.1684210526316, 853.9473684210526)",Actinomyces,0,4698
"(997.0697674418604, 1814.5548172757476)",Rothia,0,4699
"(987.9423076923077, 190.67307692307693)",Actinomyces,0,4700
"(990.025974025974, 322.6753246753247)",Actinomyces,0,4701
"(989.2077922077922, 974.4935064935065)",Veillonella,0,4702
"(992.6, 1117.047619047619)",Neisseriaceae,0,4703
"(990.7843137254902, 1302.2843137254902)",TM7,0,4704
"(997.3865030674847, 1949.4815950920245)",Capnocytophaga,0,4706
"(995.2731958762887, 41.371134020618555)",Campylobacter,0,4707
"(990.8076923076923, 427.29487179487177)",Actinomyces,0,4708
"(990.506329113924, 1995.012658227848)",Streptococcus,0,4709
"(992.0680272108843, 175.76190476190476)",Rothia,0,4710
"(993.5714285714286, 276.2298136645963)",Actinomyces,0,4711
"(990.4137931034483, 611.551724137931)",Leptotrichia,0,4712
"(993.9674796747968, 1047.821138211382)",Neisseriaceae,0,4713
"(991.3052631578947, 1323.2842105263157)",Leptotrichia,0,4714
"(997.0979020979021, 1516.86013986014)",Pasteurellaceae,0,4715
"(992.7765957446809, 1629.5)",Actinomyces,0,4716
"(992.3428571428572, 219.14285714285714)",Pasteurellaceae,0,4717
"(993.7810218978102, 866.8832116788321)",Actinomyces,0,4718
"(997.9338842975206, 1543.099173553719)",Veillonella,0,4719
"(996.0828402366864, 771.4319526627219)",Selenomonas,0,4722
"(993.2173913043479, 1273.5217391304348)",Pasteurellaceae,0,4723
"(994.3620689655172, 413.98275862068965)",Actinomyces,0,4724
"(996.6785714285714, 986.2946428571429)",Neisseriaceae,0,4725
"(995.294964028777, 1098.294964028777)",Neisseriaceae,0,4726
"(996.5073891625616, 1155.103448275862)",Neisseriaceae,0,4727
"(994.5454545454545, 1190.9752066115702)",Gemella,0,4728
"(993.328125, 1288.65625)",Pasteurellaceae,0,4729
"(995.5, 389.31081081081084)",Actinomyces,0,4731
"(999.7135135135135, 502.52972972972975)",Pasteurellaceae,0,4732
"(997.5, 579.1474358974359)",Leptotrichia,0,4733
"(998.3071895424837, 690.0718954248366)",Corynebacterium,0,4734
"(997.0576923076923, 729.8461538461538)",Leptotrichia,0,4735
"(998.6302521008404, 17.294117647058822)",Leptotrichia,0,4736
"(1004.1346153846154, 192.90865384615384)",Fusobacterium,0,4737
"(1000.1122448979592, 2009.2908163265306)",Rothia,0,4739
"(1001.4491525423729, 258.6186440677966)",Veillonella,0,4740
"(1002.3883495145631, 305.54368932038835)",Actinomyces,0,4741
"(1001.9868421052631, 481.4605263157895)",Neisseriaceae,0,4742
"(1002.2866666666666, 709.56)",Leptotrichia,0,4743
"(1002.4065040650406, 1494.5691056910568)",Campylobacter,0,4744
"(998.6936936936937, 141.13513513513513)",Pasteurellaceae,0,4746
"(999.0172413793103, 521.3793103448276)",Leptotrichia,0,4747
"(1001.8828828828829, 539.4144144144144)",Leptotrichia,0,4748
"(998.0555555555555, 597.0277777777778)",Leptotrichia,0,4749
"(999.9639175257732, 801.659793814433)",Veillonella,0,4750
"(999.0921052631579, 1068.8157894736842)",Neisseriaceae,0,4751
"(997.5, 1609.0)",Actinomyces,0,4752
"(997.695652173913, 1788.0782608695652)",Lautropia,0,4753
"(1000.5925925925926, 638.9814814814815)",Leptotrichia,0,4754
"(1002.0065789473684, 747.3092105263158)",Neisseriaceae,0,4755
"(1001.3513513513514, 1224.0108108108109)",Neisseriaceae,0,4756
"(1003.1875, 1260.9791666666667)",Neisseriaceae,0,4757
"(1001.7387387387388, 70.34234234234235)",TM7,0,4758
"(1000.9868421052631, 244.18421052631578)",Leptotrichia,0,4759
"(1000.4615384615385, 345.1666666666667)",Fusobacterium,0,4760
"(1001.1666666666666, 454.7929292929293)",Veillonella,0,4761
"(1001.2941176470588, 760.3411764705883)",Actinomyces,0,4762
"(1000.6545454545454, 1081.7272727272727)",Treponema,0,4763
"(1007.5075187969925, 157.99248120300751)",Pasteurellaceae,0,4764
"(1001.987012987013, 844.6623376623377)",Streptococcus,0,4765
"(1004.1758241758242, 211.78021978021977)",Leptotrichia,0,4766
"(1005.9558823529412, 230.76470588235293)",Leptotrichia,0,4767
"(1005.4965034965035, 438.06293706293707)",Corynebacterium,0,4769
"(1006.3266666666667, 1132.46)",Neisseriaceae,0,4770
"(1002.370786516854, 1976.5056179775281)",Actinomyces,0,4771
"(1002.4901960784314, 293.1372549019608)",Fusobacterium,0,4772
"(1003.6027397260274, 1206.6164383561643)",Neisseriaceae,0,4773
"(1003.1730769230769, 1854.6923076923076)",Campylobacter,0,4774
"(1006.1416666666667, 2023.8)",Rothia,0,4775
"(1003.3584905660377, 469.37735849056605)",Neisseriaceae,0,4776
"(1005.3675213675214, 911.6324786324786)",Capnocytophaga,0,4777
"(1004.4642857142857, 1013.9821428571429)",Neisseriaceae,0,4778
"(1008.9913793103449, 1109.2241379310344)",Neisseriaceae,0,4779
"(1006.2735849056604, 1311.8396226415093)",Capnocytophaga,0,4780
"(1004.2678571428571, 1868.357142857143)",Capnocytophaga,0,4782
"(1004.6417910447761, 1896.6119402985075)",Corynebacterium,0,4783
"(1005.2941176470588, 1916.3294117647058)",Leptotrichia,0,4784
"(1008.3725490196078, 96.36274509803921)",Porphyromonas,0,4785
"(1007.0, 364.36082474226805)",Leptotrichia,0,4786
"(1009.2478632478633, 823.3504273504274)",Streptococcus,0,4787
"(1007.1666666666666, 1767.8083333333334)",Veillonella,0,4788
"(1006.4086021505376, 1841.0752688172042)",Leptotrichia,0,4789
"(1006.551724137931, 128.6551724137931)",Actinomyces,0,4790
"(1005.9666666666667, 331.1333333333333)",Actinomyces,0,4791
"(1010.2866666666666, 1617.5266666666666)",Actinomyces,0,4792
"(1006.8888888888889, 515.1111111111111)",Neisseriaceae,0,4793
"(1006.8833333333333, 877.0666666666667)",Pasteurellaceae,0,4794
"(1008.52, 6.68)",Selenomonas,0,4796
"(1010.8152173913044, 80.78260869565217)",Actinomyces,0,4797
"(1009.5412371134021, 607.0567010309278)",Leptotrichia,0,4798
"(1016.1485148514852, 632.460396039604)",Leptotrichia,0,4799
"(1012.660606060606, 1598.2242424242424)",Neisseriaceae,0,4800
"(1011.9019607843137, 276.2647058823529)",Actinomyces,0,4802
"(1012.2536585365854, 399.90731707317076)",Actinomyces,0,4803
"(1007.9193548387096, 866.2903225806451)",Neisseriaceae,0,4804
"(1011.6349206349206, 1183.8492063492063)",Capnocytophaga,0,4806
"(1010.55, 1199.725)",Neisseriaceae,0,4807
"(1012.1145833333334, 1276.1979166666667)",Neisseriaceae,0,4808
"(1010.4252873563219, 1824.3218390804598)",Rothia,0,4809
"(1011.0806451612904, 1885.3951612903227)",Actinomyces,0,4810
"(1013.12, 1910.752)",Leptotrichia,0,4811
"(1017.7296137339056, 555.2875536480686)",Rothia,0,4813
"(1010.253164556962, 729.3037974683544)",Leptotrichia,0,4814
"(1011.4964028776978, 989.6474820143885)",Neisseriaceae,0,4815
"(1012.2289156626506, 376.578313253012)",Fusobacterium,0,4816
"(1013.9902912621359, 423.19417475728153)",Lautropia,0,4817
"(1017.1103448275862, 574.4896551724138)",Leptotrichia,0,4818
"(1012.3564356435644, 973.7821782178218)",Neisseriaceae,0,4819
"(1017.5217391304348, 1170.2434782608696)",Neisseriaceae,0,4820
"(1019.9959677419355, 27.91532258064516)",Actinomyces,0,4821
"(1013.09375, 114.86458333333333)",Lautropia,0,4822
"(1013.9363636363636, 1156.7818181818182)",Neisseriaceae,0,4824
"(1014.2173913043479, 1786.2826086956522)",Leptotrichia,0,4825
"(1012.2321428571429, 1007.1964285714286)",Campylobacter,0,4826
"(1015.3625, 1036.0875)",Neisseriaceae,0,4827
"(1017.25, 1064.7096774193549)",Veillonella,0,4828
"(1013.7378640776699, 1084.126213592233)",Neisseriaceae,0,4829
"(1017.3414634146342, 886.8130081300814)",Rothia,0,4830
"(1013.9090909090909, 1745.090909090909)",Rothia,0,4831
"(1017.4810126582279, 310.90506329113924)",Actinomyces,0,4832
"(1019.0645161290323, 800.141935483871)",Lautropia,0,4833
"(1023.9873417721519, 1048.0801687763712)",Rothia,0,4834
"(1017.5, 1872.7)",Leptotrichia,0,4836
"(1017.0545454545454, 290.6181818181818)",Actinomyces,0,4838
"(1020.3691275167786, 343.0268456375839)",Fusobacterium,0,4839
"(1019.1162790697674, 587.3139534883721)",Leptotrichia,0,4840
"(1016.2790697674419, 691.4186046511628)",Leptotrichia,0,4841
"(1016.046875, 838.75)",Streptococcus,0,4842
"(1022.7873303167421, 1294.6380090497737)",Corynebacterium,0,4843
"(1016.223880597015, 1537.865671641791)",TM7,0,4844
"(1018.8846153846154, 902.2820512820513)",Fusobacterium,0,4847
"(1017.0512820512821, 1227.8076923076924)",Neisseriaceae,0,4849
"(1018.8490566037735, 1262.7924528301887)",Pasteurellaceae,0,4850
"(1018.1965811965812, 1515.008547008547)",Rothia,0,4851
"(1017.7118644067797, 62.779661016949156)",Actinomyces,0,4852
"(1023.679104477612, 107.4776119402985)",Lautropia,0,4854
"(1022.7865853658536, 209.7987804878049)",Leptotrichia,0,4855
"(1018.3561643835617, 245.32876712328766)",Rothia,0,4856
"(1024.6444444444444, 477.9222222222222)",Capnocytophaga,0,4857
"(1025.7155963302753, 667.6391437308869)",Gemella,0,4858
"(1017.952380952381, 763.4285714285714)",Treponema,0,4859
"(1021.5954198473282, 855.0305343511451)",Rothia,0,4860
"(1023.7242647058823, 1850.702205882353)",Capnocytophaga,0,4862
"(1020.704081632653, 1982.3214285714287)",Actinomyces,0,4863
"(1022.3305084745763, 452.8135593220339)",Lautropia,0,4864
"(1023.744827586207, 503.0896551724138)",Pasteurellaceae,0,4865
"(1022.8359375, 706.203125)",Campylobacter,0,4866
"(1020.5977011494252, 738.1264367816092)",Leptotrichia,0,4867
"(1018.939393939394, 1932.6818181818182)",Leptotrichia,0,4868
"(1022.3193717277487, 2010.5916230366493)",Streptococcus,0,4869
"(1019.1414141414141, 521.4848484848485)",Pasteurellaceae,0,4870
"(1027.1564245810057, 535.2849162011173)",Pasteurellaceae,0,4871
"(1022.3984962406015, 1009.0300751879699)",Neisseriaceae,0,4872
"(1025.4593023255813, 1118.6220930232557)",Neisseriaceae,0,4873
"(1021.4943820224719, 1798.1011235955057)",Leptotrichia,0,4874
"(1021.3846153846154, 328.5192307692308)",Fusobacterium,0,4875
"(1031.6333333333334, 954.3416666666667)",Leptotrichia,0,4876
"(1020.4225352112676, 1138.943661971831)",Pasteurellaceae,0,4877
"(1023.2066666666667, 1247.6133333333332)",Neisseriaceae,0,4878
"(1023.6238532110092, 54.88990825688074)",Porphyromonas,0,4879
"(1024.8048780487804, 187.91869918699186)",Leptotrichia,0,4880
"(1022.2131147540983, 260.0655737704918)",Leptotrichia,0,4881
"(1024.2260869565218, 826.5478260869565)",Porphyromonas,0,4882
"(1028.7611940298507, 405.85074626865674)",Actinomyces,0,4884
"(1023.3770491803278, 1098.1311475409836)",Neisseriaceae,0,4885
"(1025.5882352941176, 1277.8823529411766)",Pasteurellaceae,0,4886
"(1026.868263473054, 1889.5209580838323)",Porphyromonas,0,4887
"(1025.71, 1918.17)",Leptotrichia,0,4888
"(1028.8266666666666, 461.18666666666667)",Lautropia,0,4889
"(1026.2359550561798, 617.314606741573)",Leptotrichia,0,4890
"(1026.1168831168832, 1077.6363636363637)",Pasteurellaceae,0,4892
"(1030.969387755102, 1193.908163265306)",Pasteurellaceae,0,4893
"(1029.8214285714287, 9.614285714285714)",Leptotrichia,0,4894
"(1026.2272727272727, 77.4659090909091)",TM7,0,4895
"(1026.1851851851852, 130.37037037037038)",Streptococcus,0,4896
"(1026.8103448275863, 1022.4827586206897)",Veillonella,0,4899
"(1026.5272727272727, 1151.0545454545454)",Neisseriaceae,0,4900
"(1026.3552631578948, 1770.6973684210527)",Porphyromonas,0,4901
"(1028.4938271604938, 425.9753086419753)",Porphyromonas,0,4903
"(1029.6938775510205, 436.8979591836735)",Lautropia,0,4904
"(1027.525, 721.6125)",Leptotrichia,0,4905
"(1028.7714285714285, 1545.557142857143)",TM7,0,4906
"(1027.3661971830986, 1965.112676056338)",Actinomyces,0,4907
"(1028.945945945946, 273.5405405405405)",Leptotrichia,0,4908
"(1029.5405405405406, 392.05405405405406)",Actinomyces,0,4909
"(1029.075, 874.8916666666667)",Leptotrichia,0,4910
"(1030.4076923076923, 981.1615384615385)",Veillonella,0,4911
"(1027.7628865979382, 1825.2680412371135)",Leptotrichia,0,4912
"(1032.5568181818182, 1948.659090909091)",Actinomyces,0,4913
"(1030.014705882353, 333.0147058823529)",Fusobacterium,0,4914
"(1028.7721518987341, 378.253164556962)",Actinomyces,0,4915
"(1034.6902173913043, 1533.3532608695652)",Streptococcus,0,4918
"(1029.4473684210527, 1739.1184210526317)",TM7,0,4919
"(1030.1339285714287, 155.47321428571428)",Rothia,0,4920
"(1030.5666666666666, 969.65)",Veillonella,0,4921
"(1036.1521739130435, 995.1666666666666)",Neisseriaceae,0,4922
"(1032.4375, 1755.0)",Lautropia,0,4923
"(1034.6339285714287, 811.4196428571429)",Treponema,0,4924
"(1031.3725490196077, 1089.8235294117646)",Neisseriaceae,0,4925
"(1033.0058823529412, 1215.3588235294117)",Pasteurellaceae,0,4926
"(1031.907894736842, 1232.5131578947369)",Pasteurellaceae,0,4927
"(1036.2704402515724, 1309.6792452830189)",Neisseriaceae,0,4928
"(1033.0, 67.1896551724138)",Porphyromonas,0,4929
"(1041.0747126436781, 325.4942528735632)",Fusobacterium,0,4932
"(1036.6025641025642, 512.8846153846154)",Pasteurellaceae,0,4933
"(1036.3763440860216, 612.9139784946236)",Leptotrichia,0,4934
"(1040.1089108910892, 688.1930693069307)",Leptotrichia,0,4935
"(1036.225, 755.21)",Leptotrichia,0,4936
"(1035.982905982906, 1109.4786324786326)",Neisseriaceae,0,4937
"(1034.1616161616162, 89.45454545454545)",Lautropia,0,4938
"(1034.0945945945946, 361.86486486486484)",Fusobacterium,0,4939
"(1034.0833333333333, 594.9722222222222)",Leptotrichia,0,4940
"(1034.6825396825398, 908.5873015873016)",Rothia,0,4941
"(1035.25, 1175.2211538461538)",Leptotrichia,0,4943
"(1035.3918918918919, 170.35135135135135)",Rothia,0,4944
"(1034.7323943661972, 238.35211267605635)",Leptotrichia,0,4945
"(1035.764705882353, 653.2823529411764)",Lautropia,0,4946
"(1035.7070707070707, 868.2929292929293)",Rothia,0,4947
"(1042.4953271028037, 1779.4766355140187)",TM7,0,4949
"(1039.3307692307692, 1861.0230769230768)",Actinomyces,0,4950
"(1039.1379310344828, 35.758620689655174)",Actinomyces,0,4951
"(1036.2131147540983, 140.91803278688525)",Campylobacter,0,4952
"(1036.8108108108108, 188.52702702702703)",Leptotrichia,0,4953
"(1037.2857142857142, 490.27272727272725)",Pasteurellaceae,0,4954
"(1036.3853658536586, 782.9365853658536)",Corynebacterium,0,4955
"(1037.0, 845.1524390243902)",Streptococcus,0,4956
"(1037.7641509433963, 1139.0566037735848)",Neisseriaceae,0,4957
"(1038.1677852348994, 1258.9463087248323)",Neisseriaceae,0,4958
"(1035.936507936508, 549.0)",Veillonella,0,4959
"(1042.21875, 1033.1640625)",Pasteurellaceae,0,4960
"(1041.2033898305085, 1276.3050847457628)",Capnocytophaga,0,4961
"(1041.5371900826447, 1816.1818181818182)",Rothia,0,4962
"(1040.013888888889, 575.4513888888889)",Leptotrichia,0,4963
"(1038.5408163265306, 632.5510204081633)",Leptotrichia,0,4964
"(1038.8985507246377, 896.1594202898551)",Rothia,0,4965
"(1039.3840579710145, 927.3985507246376)",Neisseriaceae,0,4966
"(1039.65625, 1013.20625)",Veillonella,0,4967
"(1042.5975609756097, 1796.841463414634)",Actinomyces,0,4968
"(1038.138888888889, 1900.0694444444443)",TM7,0,4969
"(1039.2388059701493, 419.2686567164179)",Lautropia,0,4970
"(1039.140350877193, 1078.578947368421)",Veillonella,0,4971
"(1041.3838383838383, 1974.5353535353536)",Actinomyces,0,4973
"(1044.3181818181818, 266.7142857142857)",Leptotrichia,0,4974
"(1040.4027777777778, 709.875)",Leptotrichia,0,4975
"(1040.625, 797.7142857142857)",Pasteurellaceae,0,4976
"(1043.140625, 1103.140625)",Pasteurellaceae,0,4977
"(1044.655844155844, 2030.987012987013)",Actinomyces,0,4978
"(1042.8831168831168, 120.35064935064935)",Prevotella,0,4979
"(1042.9652777777778, 217.27777777777777)",Leptotrichia,0,4980
"(1044.4444444444443, 300.3131313131313)",Leptotrichia,0,4981
"(1042.2847222222222, 447.05555555555554)",Lautropia,0,4982
"(1043.111111111111, 1913.6904761904761)",Leptotrichia,0,4983
"(1041.753846153846, 397.4153846153846)",Actinomyces,0,4984
"(1045.2285714285715, 557.4)",Corynebacterium,0,4985
"(1041.5656565656566, 736.2323232323232)",Leptotrichia,0,4987
"(1044.5555555555557, 1064.2936507936508)",Neisseriaceae,0,4988
"(1052.4761904761904, 1181.8961038961038)",Neisseriaceae,0,4989
"(1045.796992481203, 1873.6315789473683)",Actinomyces,0,4990
"(1043.6666666666667, 2008.0526315789473)",Actinomyces,0,4991
"(1047.7448275862068, 76.46896551724137)",Porphyromonas,0,4992
"(1049.0555555555557, 105.38095238095238)",Lautropia,0,4993
"(1043.3411764705882, 383.3411764705882)",Actinomyces,0,4994
"(1044.2948717948718, 1738.7307692307693)",Streptococcus,0,4995
"(1044.2625, 1752.2)",Streptococcus,0,4996
"(1045.7272727272727, 1930.290909090909)",Actinomyces,0,4998
"(1044.0166666666667, 7.033333333333333)",Campylobacter,0,4999
"(1043.8035714285713, 249.42857142857142)",Leptotrichia,0,5000
"(1049.0858895705521, 1154.7791411042945)",Neisseriaceae,0,5001
"(1044.8833333333334, 1293.4333333333334)",Lautropia,0,5002
"(1045.7808219178082, 1545.7534246575342)",Corynebacterium,0,5003
"(1045.8666666666666, 368.64)",TM7,0,5004
"(1046.5806451612902, 881.483870967742)",Fusobacterium,0,5005
"(1049.4418604651162, 1209.4360465116279)",Neisseriaceae,0,5007
"(1045.5873015873017, 1333.8095238095239)",Corynebacterium,0,5008
"(1048.1122448979593, 135.62244897959184)",Leptotrichia,0,5009
"(1052.9444444444443, 913.7013888888889)",Rothia,0,5010
"(1048.361963190184, 967.2515337423313)",Gemella,0,5011
"(1046.4333333333334, 1989.5666666666666)",TM7,0,5012
"(1053.473404255319, 159.70744680851064)",Leptotrichia,0,5013
"(1049.5194805194806, 234.13636363636363)",Rothia,0,5014
"(1047.3893805309735, 495.646017699115)",Pasteurellaceae,0,5015
"(1048.7466666666667, 829.96)",Capnocytophaga,0,5016
"(1047.7972972972973, 1226.2162162162163)",Pasteurellaceae,0,5017
"(1048.41, 1241.37)",Veillonella,0,5018
"(1049.3445378151262, 58.226890756302524)",Porphyromonas,0,5019
"(1048.195652173913, 172.93478260869566)",Fusobacterium,0,5020
"(1051.2734375, 358.2109375)",Campylobacter,0,5021
"(1052.7877094972066, 521.6424581005587)",Neisseriaceae,0,5022
"(1049.0515463917525, 592.6082474226804)",Leptotrichia,0,5023
"(1049.7373737373737, 1050.5656565656566)",Neisseriaceae,0,5024
"(1050.923076923077, 1125.9423076923076)",Neisseriaceae,0,5025
"(1050.3853211009175, 865.0366972477065)",Rothia,0,5026
"(1051.828282828283, 93.83838383838383)",Pasteurellaceae,0,5028
"(1055.702479338843, 283.35537190082647)",Leptotrichia,0,5029
"(1049.6705882352942, 642.5058823529412)",Corynebacterium,0,5030
"(1052.7456140350878, 670.5087719298245)",Neisseriaceae,0,5031
"(1055.4375, 941.3125)",Neisseriaceae,0,5032
"(1052.5073529411766, 706.2058823529412)",Leptotrichia,0,5033
"(1052.4587155963302, 753.9449541284404)",Leptotrichia,0,5034
"(1052.1081081081081, 981.2612612612612)",Veillonella,0,5036
"(1051.1826923076924, 1307.3076923076924)",Veillonella,0,5037
"(1054.7362637362637, 611.2967032967033)",Capnocytophaga,0,5038
"(1052.235294117647, 624.6470588235294)",Pasteurellaceae,0,5039
"(1053.4122807017543, 654.7543859649123)",Pasteurellaceae,0,5040
"(1052.426966292135, 1838.2247191011236)",Actinomyces,0,5042
"(1053.8032786885246, 1890.5737704918033)",Actinomyces,0,5043
"(1053.7394957983192, 1952.0756302521008)",Leptotrichia,0,5044
"(1053.797619047619, 1809.1666666666667)",Campylobacter,0,5046
"(1053.5072463768115, 1966.4202898550725)",Actinomyces,0,5047
"(1055.2315789473685, 404.61052631578946)",TM7,0,5049
"(1056.0421686746988, 431.65060240963857)",Lautropia,0,5050
"(1054.18487394958, 733.6722689075631)",Leptotrichia,0,5051
"(1052.8867924528302, 801.3018867924528)",TM7,0,5052
"(1054.7386363636363, 1007.3295454545455)",Pasteurellaceae,0,5054
"(1057.5436893203882, 1077.495145631068)",Rothia,0,5055
"(1056.7012987012988, 1264.1233766233765)",Capnocytophaga,0,5056
"(1054.9166666666667, 1552.6527777777778)",Leptotrichia,0,5057
"(1055.6347826086956, 1732.2260869565218)",Veillonella,0,5058
"(1058.094017094017, 1764.5726495726497)",Neisseriaceae,0,5059
"(1061.8878923766815, 18.793721973094172)",Fusobacterium,0,5060
"(1055.9444444444443, 145.2962962962963)",Leptotrichia,0,5061
"(1055.7435897435898, 1116.076923076923)",Capnocytophaga,0,5063
"(1055.3333333333333, 1536.2156862745098)",Capnocytophaga,0,5064
"(1056.3818181818183, 268.54545454545456)",Leptotrichia,0,5065
"(1055.1447368421052, 1089.092105263158)",Veillonella,0,5066
"(1058.9516129032259, 6.225806451612903)",Leptotrichia,0,5067
"(1057.179487179487, 391.05128205128204)",Actinomyces,0,5068
"(1059.6618705035971, 1030.6618705035971)",Neisseriaceae,0,5069
"(1056.6, 1284.0545454545454)",Treponema,0,5070
"(1058.2784810126582, 1941.8354430379748)",Leptotrichia,0,5071
"(1060.1880341880342, 121.6923076923077)",Leptotrichia,0,5072
"(1058.5333333333333, 317.2266666666667)",Actinomyces,0,5073
"(1060.6418918918919, 573.3378378378378)",Rothia,0,5074
"(1063.2566371681417, 856.6637168141593)",Rothia,0,5075
"(1058.1518987341772, 1980.8354430379748)",Actinomyces,0,5076
"(1060.1894736842105, 181.57894736842104)",Leptotrichia,0,5077
"(1060.716049382716, 902.358024691358)",Actinomyces,0,5079
"(1061.6587301587301, 1338.8492063492063)",Gemella,0,5080
"(1062.138211382114, 2005.6829268292684)",Corynebacterium,0,5081
"(1067.3861386138615, 322.18811881188117)",Actinomyces,0,5082
"(1059.6037735849056, 552.7264150943396)",Pasteurellaceae,0,5083
"(1060.7611940298507, 1990.9253731343283)",Capnocytophaga,0,5084
"(1062.7181818181818, 50.07272727272727)",Actinomyces,0,5085
"(1063.7755102040817, 259.83673469387753)",Actinomyces,0,5086
"(1064.1142857142856, 625.8142857142857)",Leptotrichia,0,5087
"(1068.1702127659576, 889.6010638297872)",Actinomyces,0,5088
"(1065.7711864406779, 988.2033898305085)",Pasteurellaceae,0,5089
"(1060.2962962962963, 1231.148148148148)",Neisseriaceae,0,5090
"(1062.9147286821706, 1318.3023255813953)",Streptococcus,0,5091
"(1069.408536585366, 411.8353658536585)",TM7,0,5092
"(1066.0349650349651, 1097.7622377622379)",Streptococcus,0,5094
"(1063.6814814814816, 1137.2592592592594)",Pasteurellaceae,0,5095
"(1061.4411764705883, 1204.8235294117646)",Pasteurellaceae,0,5096
"(1068.095744680851, 1241.8882978723404)",Neisseriaceae,0,5097
"(1061.1444444444444, 1909.5333333333333)",Fusobacterium,0,5098
"(1065.7868852459017, 540.516393442623)",Veillonella,0,5100
"(1069.1719745222929, 872.2165605095541)",Rothia,0,5101
"(1067.4977168949772, 1686.0456621004566)",Actinomyces,0,5103
"(1066.9527027027027, 2034.445945945946)",Leptotrichia,0,5105
"(1069.9328859060402, 921.3758389261745)",Veillonella,0,5108
"(1063.796875, 1192.578125)",Neisseriaceae,0,5109
"(1074.2173913043478, 1923.066889632107)",Capnocytophaga,0,5110
"(1065.573033707865, 824.6067415730337)",Leptotrichia,0,5111
"(1071.4439024390244, 942.4926829268293)",Neisseriaceae,0,5112
"(1069.2947976878613, 1061.2254335260116)",Veillonella,0,5113
"(1073.3080357142858, 1553.1294642857142)",Leptotrichia,0,5114
"(1067.424778761062, 1830.8849557522124)",Actinomyces,0,5115
"(1066.5857142857142, 96.34285714285714)",Fusobacterium,0,5116
"(1066.8428571428572, 340.25714285714287)",Fusobacterium,0,5117
"(1066.109375, 369.0)",Actinomyces,0,5118
"(1068.4583333333333, 379.14166666666665)",Actinomyces,0,5119
"(1070.2923076923078, 963.6923076923077)",Pasteurellaceae,0,5120
"(1071.3739837398373, 1003.5121951219512)",Pasteurellaceae,0,5121
"(1068.5111111111112, 1748.2833333333333)",Capnocytophaga,0,5123
"(1066.471264367816, 446.2528735632184)",Treponema,0,5124
"(1066.9893617021276, 723.6276595744681)",Corynebacterium,0,5125
"(1067.4318181818182, 743.0795454545455)",Leptotrichia,0,5126
"(1068.9916666666666, 763.5583333333333)",Leptotrichia,0,5127
"(1068.5422535211267, 1163.5985915492959)",Pasteurellaceae,0,5128
"(1069.3387096774193, 1714.7016129032259)",Lautropia,0,5129
"(1070.8652482269504, 1786.7801418439717)",Actinomyces,0,5130
"(1068.78125, 34.75)",TM7,0,5131
"(1068.549019607843, 240.69607843137254)",Leptotrichia,0,5132
"(1067.3846153846155, 359.38461538461536)",Actinomyces,0,5133
"(1074.4810996563574, 1269.9656357388317)",Gemella,0,5134
"(1068.53125, 1289.96875)",Gemella,0,5135
"(1069.8648648648648, 1803.972972972973)",Rothia,0,5136
"(1070.5689655172414, 1969.3620689655172)",Corynebacterium,0,5137
"(1070.0379746835442, 191.0379746835443)",Leptotrichia,0,5138
"(1069.077922077922, 217.7012987012987)",Rothia,0,5139
"(1070.8837209302326, 639.5348837209302)",Actinomyces,0,5140
"(1071.4745762711864, 705.5762711864406)",Campylobacter,0,5141
"(1069.109589041096, 1901.6712328767123)",Actinomyces,0,5142
"(1073.1728395061727, 5.864197530864198)",Actinomyces,0,5144
"(1071.9066666666668, 66.26)",Campylobacter,0,5145
"(1070.8039215686274, 150.7058823529412)",Leptotrichia,0,5146
"(1073.686274509804, 279.09150326797385)",Fusobacterium,0,5147
"(1074.953488372093, 298.37984496124034)",Actinomyces,0,5148
"(1075.0408163265306, 1122.3877551020407)",Veillonella,0,5149
"(1072.1869158878505, 606.3364485981308)",Neisseriaceae,0,5150
"(1072.992, 650.872)",Fusobacterium,0,5151
"(1075.8602150537633, 395.5483870967742)",Actinomyces,0,5153
"(1079.3787234042554, 578.3957446808511)",Treponema,0,5154
"(1072.3142857142857, 1086.357142857143)",Streptococcus,0,5155
"(1073.5274725274726, 1302.901098901099)",Pasteurellaceae,0,5156
"(1073.1234567901236, 1950.530864197531)",Fusobacterium,0,5157
"(1074.4380165289256, 169.26446280991735)",Leptotrichia,0,5158
"(1074.9795918367347, 205.8673469387755)",Leptotrichia,0,5159
"(1074.0933333333332, 351.3466666666667)",Actinomyces,0,5160
"(1073.320512820513, 2002.423076923077)",Corynebacterium,0,5161
"(1075.537037037037, 429.2037037037037)",Lautropia,0,5162
"(1074.983870967742, 130.74193548387098)",Actinomyces,0,5163
"(1075.3048780487804, 726.4512195121952)",Gemella,0,5164
"(1077.2272727272727, 1218.7897727272727)",Treponema,0,5165
"(1083.3333333333333, 991.15)",Pasteurellaceae,0,5166
"(1083.073394495413, 1109.6146788990825)",Prevotella,0,5167
"(1076.4225352112676, 1139.8450704225352)",Neisseriaceae,0,5168
"(1076.2716049382716, 1197.3765432098764)",Pasteurellaceae,0,5169
"(1077.7011494252874, 1329.4367816091954)",Lautropia,0,5171
"(1087.7672727272727, 267.2509090909091)",Actinomyces,0,5172
"(1078.2166666666667, 437.76666666666665)",Treponema,0,5173
"(1077.5402298850574, 1178.057471264368)",Corynebacterium,0,5174
"(1078.235294117647, 109.97647058823529)",Leptotrichia,0,5175
"(1083.8098591549297, 663.5774647887324)",TM7,0,5177
"(1080.528, 1024.568)",Neisseriaceae,0,5178
"(1079.3875, 1701.5125)",Rothia,0,5179
"(1087.7292576419213, 626.6026200873363)",Neisseriaceae,0,5181
"(1085.842105263158, 1294.0592105263158)",Gemella,0,5182
"(1080.4857142857143, 1838.3142857142857)",Actinomyces,0,5183
"(1080.0, 26.607142857142858)",Fusobacterium,0,5184
"(1087.3133333333333, 93.44)",Actinomyces,0,5185
"(1081.2622950819673, 385.0163934426229)",Actinomyces,0,5186
"(1088.71974522293, 693.0891719745223)",Capnocytophaga,0,5187
"(1082.5285714285715, 972.3714285714286)",Neisseriaceae,0,5188
"(1080.6833333333334, 1315.1666666666667)",Neisseriaceae,0,5189
"(1081.0, 1959.2278481012659)",Capnocytophaga,0,5190
"(1081.1458333333333, 2030.3854166666667)",Leptotrichia,0,5191
"(1083.5922330097087, 42.50485436893204)",Fusobacterium,0,5192
"(1085.9408284023668, 153.80473372781066)",Fusobacterium,0,5193
"(1083.7169811320755, 242.76415094339623)",Leptotrichia,0,5194
"(1088.1379310344828, 1728.8128078817733)",Streptococcus,0,5195
"(1087.2818181818182, 191.04545454545453)",Leptotrichia,0,5196
"(1082.9759036144578, 225.96385542168676)",Fusobacterium,0,5197
"(1083.126984126984, 341.93650793650795)",Fusobacterium,0,5198
"(1082.6, 590.6)",Veillonella,0,5199
"(1086.686746987952, 358.8433734939759)",Actinomyces,0,5201
"(1088.0157068062827, 912.5130890052357)",Lautropia,0,5202
"(1088.161971830986, 1083.2535211267605)",Pasteurellaceae,0,5203
"(1092.447963800905, 1157.79185520362)",Gemella,0,5204
"(1090.377990430622, 1911.6555023923445)",Actinomyces,0,5205
"(1084.8170731707316, 1981.3048780487804)",Leptotrichia,0,5206
"(1083.7938144329896, 2016.7628865979382)",Corynebacterium,0,5207
"(1086.2857142857142, 1689.3333333333333)",Rothia,0,5210
"(1087.348148148148, 1777.3925925925926)",Leptotrichia,0,5211
"(1088.337837837838, 17.45945945945946)",Actinomyces,0,5212
"(1090.9242424242425, 1142.469696969697)",Gemella,0,5214
"(1087.704081632653, 1760.3877551020407)",Leptotrichia,0,5215
"(1087.7751937984497, 1827.2015503875969)",Capnocytophaga,0,5216
"(1086.9397590361446, 1941.4698795180723)",Leptotrichia,0,5217
"(1086.6455696202531, 322.1518987341772)",Actinomyces,0,5218
"(1089.3348416289593, 1239.3574660633485)",Veillonella,0,5220
"(1089.2280701754387, 4.684210526315789)",Fusobacterium,0,5221
"(1096.639344262295, 119.45901639344262)",Fusobacterium,0,5222
"(1089.8173076923076, 400.9519230769231)",Actinomyces,0,5223
"(1091.4252873563219, 416.62068965517244)",Lautropia,0,5224
"(1089.8198198198197, 929.8738738738739)",Neisseriaceae,0,5225
"(1095.1420118343194, 954.8579881656805)",Leptotrichia,0,5226
"(1098.6042402826856, 1059.886925795053)",Capnocytophaga,0,5227
"(1097.767955801105, 1749.0552486187846)",Leptotrichia,0,5228
"(1087.9473684210527, 56.94736842105263)",Neisseriaceae,0,5229
"(1089.2413793103449, 605.6206896551724)",Treponema,0,5230
"(1092.0504201680671, 647.2521008403361)",Leptotrichia,0,5231
"(1094.0594059405942, 1007.6237623762377)",Capnocytophaga,0,5232
"(1099.0718232044198, 172.0331491712707)",Leptotrichia,0,5233
"(1091.4827586206898, 213.28735632183907)",Leptotrichia,0,5234
"(1092.051282051282, 872.4615384615385)",Leptotrichia,0,5235
"(1094.013071895425, 892.3529411764706)",Actinomyces,0,5236
"(1091.9142857142858, 1999.3238095238096)",Actinomyces,0,5237
"(1093.456, 1033.544)",Pasteurellaceae,0,5238
"(1095.358585858586, 1311.1818181818182)",Gemella,0,5239
"(1092.0, 29.21875)",Actinomyces,0,5240
"(1093.1157894736841, 300.0)",Actinomyces,0,5241
"(1093.1527777777778, 429.90277777777777)",Lautropia,0,5242
"(1094.1044776119404, 1175.1567164179105)",Gemella,0,5243
"(1092.352380952381, 1207.2285714285715)",Veillonella,0,5244
"(1093.7692307692307, 443.1923076923077)",TM7,0,5246
"(1094.6931818181818, 977.5113636363636)",Neisseriaceae,0,5247
"(1098.5102040816328, 701.1088435374149)",Leptotrichia,0,5248
"(1097.3398058252428, 1128.8252427184466)",Veillonella,0,5249
"(1098.5641025641025, 1222.91452991453)",Veillonella,0,5250
"(1093.7611940298507, 1280.8805970149253)",Veillonella,0,5251
"(1094.5316455696202, 1809.012658227848)",Leptotrichia,0,5252
"(1096.3333333333333, 1965.3063063063064)",Leptotrichia,0,5253
"(1099.035294117647, 283.8235294117647)",Actinomyces,0,5254
"(1099.195945945946, 1252.3648648648648)",Selenomonas,0,5255
"(1093.8358208955224, 1710.1940298507463)",Porphyromonas,0,5256
"(1098.6356589147288, 1796.6511627906978)",Rothia,0,5257
"(1099.9370078740158, 1949.716535433071)",Corynebacterium,0,5258
"(1095.8507462686566, 230.71641791044777)",Leptotrichia,0,5259
"(1097.9302325581396, 336.31007751937983)",Actinomyces,0,5260
"(1100.6470588235295, 680.1344537815127)",Leptotrichia,0,5261
"(1098.1311475409836, 49.295081967213115)",Actinomyces,0,5262
"(1105.2841530054645, 83.09836065573771)",Fusobacterium,0,5263
"(1101.1649484536083, 104.50515463917526)",Fusobacterium,0,5264
"(1100.7391304347825, 138.04347826086956)",Actinomyces,0,5265
"(1099.9473684210527, 1268.5350877192982)",Neisseriaceae,0,5266
"(1097.7295081967213, 2034.155737704918)",Actinomyces,0,5267
"(1099.7572815533981, 314.77669902912623)",Actinomyces,0,5268
"(1097.1764705882354, 381.2549019607843)",Fusobacterium,0,5269
"(1099.6638655462184, 935.5294117647059)",Pasteurellaceae,0,5270
"(1098.1509433962265, 1109.566037735849)",Pasteurellaceae,0,5271
"(1098.3333333333333, 1198.121212121212)",Veillonella,0,5272
"(1098.3666666666666, 196.78333333333333)",Leptotrichia,0,5273
"(1103.3529411764705, 251.6764705882353)",Actinomyces,0,5274
"(1100.0551181102362, 1897.1968503937007)",Actinomyces,0,5275
"(1103.7924528301887, 64.0754716981132)",Fusobacterium,0,5276
"(1102.212962962963, 1023.4722222222222)",Pasteurellaceae,0,5278
"(1108.75, 1693.361111111111)",Leptotrichia,0,5279
"(1100.25, 1932.8235294117646)",Actinomyces,0,5280
"(1102.0384615384614, 596.3461538461538)",Lautropia,0,5282
"(1100.9473684210527, 857.7719298245614)",Actinomyces,0,5283
"(1102.0117647058823, 1818.8588235294117)",Capnocytophaga,0,5284
"(1102.3392857142858, 3.8035714285714284)",Fusobacterium,0,5285
"(1102.6857142857143, 17.614285714285714)",Fusobacterium,0,5286
"(1106.2818181818182, 1099.0454545454545)",Neisseriaceae,0,5287
"(1104.6236559139784, 1676.6881720430108)",Rothia,0,5288
"(1101.5, 1984.5)",Actinomyces,0,5289
"(1103.6822429906542, 350.6542056074766)",Actinomyces,0,5290
"(1102.985294117647, 962.2647058823529)",Pasteurellaceae,0,5291
"(1104.6, 995.15)",Leptotrichia,0,5292
"(1105.638655462185, 1184.781512605042)",Veillonella,0,5293
"(1104.368932038835, 1780.7378640776699)",Leptotrichia,0,5294
"(1105.881188118812, 2012.1584158415842)",Veillonella,0,5295
"(1105.4014598540145, 635.5109489051094)",Veillonella,0,5297
"(1104.3333333333333, 905.6041666666666)",Veillonella,0,5298
"(1106.0375939849623, 372.2406015037594)",Actinomyces,0,5299
"(1111.8050314465409, 1083.8930817610062)",TM7,0,5300
"(1105.2596153846155, 1715.7596153846155)",Actinomyces,0,5301
"(1107.4130434782608, 1885.195652173913)",Actinomyces,0,5302
"(1107.8108108108108, 46.33783783783784)",Fusobacterium,0,5303
"(1106.9887640449438, 426.561797752809)",Leptotrichia,0,5304
"(1107.840425531915, 1042.3936170212767)",Lautropia,0,5306
"(1111.950819672131, 1650.672131147541)",Porphyromonas,0,5307
"(1107.6764705882354, 1732.049019607843)",Capnocytophaga,0,5309
"(1109.1317829457364, 212.33333333333334)",Porphyromonas,0,5310
"(1111.4098360655737, 1116.3360655737704)",Pasteurellaceae,0,5312
"(1111.8265306122448, 1977.969387755102)",Leptotrichia,0,5313
"(1109.448275862069, 225.27586206896552)",Actinomyces,0,5314
"(1109.9864864864865, 265.8243243243243)",Fusobacterium,0,5315
"(1109.204081632653, 394.07142857142856)",Porphyromonas,0,5316
"(1110.2526315789473, 876.1473684210526)",Rothia,0,5317
"(1110.673076923077, 1929.1153846153845)",Actinomyces,0,5318
"(1109.878787878788, 651.8939393939394)",Fusobacterium,0,5319
"(1113.2275862068966, 847.1517241379311)",Actinomyces,0,5320
"(1111.6097560975609, 1277.5243902439024)",Veillonella,0,5322
"(1110.2280701754387, 1809.6491228070176)",Actinomyces,0,5323
"(1114.3496503496503, 282.73426573426576)",Actinomyces,0,5324
"(1113.158273381295, 301.1438848920863)",Actinomyces,0,5325
"(1111.4190476190477, 974.504761904762)",Neisseriaceae,0,5327
"(1113.4927536231885, 1143.5072463768115)",Pasteurellaceae,0,5328
"(1116.7022471910113, 1229.5898876404494)",Veillonella,0,5329
"(1113.6048387096773, 1995.5887096774193)",Capnocytophaga,0,5330
"(1117.128787878788, 133.87878787878788)",Actinomyces,0,5331
"(1112.2325581395348, 1210.6744186046512)",Neisseriaceae,0,5332
"(1112.6307692307691, 177.4)",Leptotrichia,0,5333
"(1112.2027027027027, 321.5135135135135)",Actinomyces,0,5334
"(1112.729411764706, 814.7411764705882)",Porphyromonas,0,5335
"(1113.0645161290322, 1127.4354838709678)",Pasteurellaceae,0,5336
"(1114.9017857142858, 1196.107142857143)",Neisseriaceae,0,5337
"(1115.8532608695652, 1297.4619565217392)",Neisseriaceae,0,5339
"(1113.641304347826, 1315.6195652173913)",Neisseriaceae,0,5340
"(1115.972972972973, 27.41891891891892)",Streptococcus,0,5341
"(1116.8650793650793, 671.8333333333334)",Pasteurellaceae,0,5342
"(1113.9466666666667, 929.8666666666667)",Fusobacterium,0,5343
"(1116.7435897435898, 1167.5384615384614)",Neisseriaceae,0,5344
"(1115.2553191489362, 1965.2446808510638)",Corynebacterium,0,5345
"(1116.4603174603174, 10.38888888888889)",Actinomyces,0,5346
"(1117.7987012987012, 367.44805194805195)",Actinomyces,0,5347
"(1121.589928057554, 921.8057553956835)",TM7,0,5348
"(1117.2888888888888, 987.8666666666667)",Treponema,0,5349
"(1119.8865979381444, 1704.319587628866)",Actinomyces,0,5350
"(1117.2702702702702, 1798.472972972973)",Streptococcus,0,5351
"(1119.7410714285713, 191.625)",Fusobacterium,0,5352
"(1117.890410958904, 338.43835616438355)",Actinomyces,0,5353
"(1118.02, 418.18)",Actinomyces,0,5354
"(1117.9142857142858, 944.3523809523809)",Leptotrichia,0,5355
"(1121.5320512820513, 1948.4038461538462)",Leptotrichia,0,5356
"(1119.2711864406779, 158.7683615819209)",Leptotrichia,0,5357
"(1120.1279069767443, 863.2674418604652)",Rothia,0,5358
"(1118.876923076923, 1101.9384615384615)",Pasteurellaceae,0,5359
"(1122.3879781420765, 1253.2841530054645)",Veillonella,0,5360
"(1118.764705882353, 1325.6617647058824)",Actinomyces,0,5361
"(1118.5891472868218, 1762.84496124031)",Porphyromonas,0,5362
"(1120.7720588235295, 106.80882352941177)",Actinomyces,0,5363
"(1121.7420634920634, 897.8849206349206)",Veillonella,0,5364
"(1120.7479674796748, 1013.2113821138212)",Capnocytophaga,0,5365
"(1132.9588477366256, 1033.3086419753085)",Corynebacterium,0,5366
"(1122.0625, 1343.0972222222222)",Pasteurellaceae,0,5367
"(1119.4183673469388, 1666.6122448979593)",Actinomyces,0,5368
"(1119.2894736842106, 1744.9736842105262)",Leptotrichia,0,5369
"(1119.7407407407406, 1890.8395061728395)",Leptotrichia,0,5370
"(1120.4782608695652, 250.22608695652173)",Actinomyces,0,5371
"(1122.7914110429447, 692.4478527607362)",Porphyromonas,0,5372
"(1121.9746835443038, 1272.8354430379748)",Prevotella,0,5373
"(1119.9180327868853, 2027.0)",Leptotrichia,0,5374
"(1121.5342465753424, 71.08219178082192)",Actinomyces,0,5375
"(1120.603448275862, 205.70689655172413)",Selenomonas,0,5376
"(1121.0192307692307, 322.2692307692308)",Actinomyces,0,5377
"(1122.6944444444443, 832.3888888888889)",Rothia,0,5378
"(1121.4615384615386, 1182.2307692307693)",Pasteurellaceae,0,5379
"(1122.4727272727273, 222.85454545454544)",Porphyromonas,0,5380
"(1130.141975308642, 313.91358024691357)",Actinomyces,0,5381
"(1121.5507246376812, 386.7391304347826)",Porphyromonas,0,5382
"(1124.244094488189, 652.8425196850394)",Pasteurellaceae,0,5383
"(1127.1870967741936, 1716.1032258064515)",Veillonella,0,5384
"(1122.97, 1785.11)",Rothia,0,5385
"(1125.8765432098764, 37.22222222222222)",Actinomyces,0,5386
"(1126.372340425532, 118.76595744680851)",Actinomyces,0,5387
"(1123.8285714285714, 236.71428571428572)",Actinomyces,0,5388
"(1127.2307692307693, 268.5923076923077)",Actinomyces,0,5389
"(1127.3566878980891, 398.3312101910828)",Lautropia,0,5390
"(1126.006993006993, 1047.909090909091)",Treponema,0,5391
"(1123.48, 1728.94)",Streptococcus,0,5392
"(1124.7619047619048, 58.26984126984127)",Actinomyces,0,5393
"(1125.0483870967741, 289.5806451612903)",Actinomyces,0,5394
"(1126.547619047619, 997.952380952381)",Pasteurellaceae,0,5395
"(1126.75, 347.4)",Actinomyces,0,5396
"(1128.778409090909, 713.8977272727273)",Rothia,0,5397
"(1128.6068376068376, 819.008547008547)",Actinomyces,0,5398
"(1138.2197802197802, 964.0622710622711)",Pasteurellaceae,0,5399
"(1129.12, 1130.7485714285715)",Veillonella,0,5400
"(1127.34375, 1205.8046875)",Veillonella,0,5401
"(1127.875, 1876.0625)",Leptotrichia,0,5402
"(1127.4133333333334, 2008.28)",Campylobacter,0,5403
"(1127.4916666666666, 89.60833333333333)",Actinomyces,0,5404
"(1128.4473684210527, 212.0921052631579)",Fusobacterium,0,5405
"(1130.2978723404256, 1147.968085106383)",Veillonella,0,5406
"(1130.0718562874251, 1315.8383233532934)",Pasteurellaceae,0,5407
"(1129.9555555555555, 177.86666666666667)",Fusobacterium,0,5408
"(1127.764705882353, 1360.235294117647)",Lautropia,0,5409
"(1128.483870967742, 358.30645161290323)",Actinomyces,0,5410
"(1130.6279069767443, 1287.8139534883721)",Selenomonas,0,5411
"(1129.4842105263158, 1991.3157894736842)",Campylobacter,0,5412
"(1130.530864197531, 5.222222222222222)",Pasteurellaceae,0,5413
"(1130.3493975903614, 1647.6265060240964)",TM7,0,5414
"(1139.3553719008264, 1737.1528925619834)",Actinomyces,0,5415
"(1131.7413793103449, 854.8275862068965)",Rothia,0,5416
"(1133.2406015037593, 881.1353383458646)",Actinomyces,0,5417
"(1137.4684210526316, 1232.1894736842105)",Veillonella,0,5418
"(1134.2276422764228, 1092.0)",Pasteurellaceae,0,5419
"(1131.4383561643835, 1766.958904109589)",Rothia,0,5421
"(1132.5882352941176, 840.5147058823529)",Rothia,0,5423
"(1133.1346153846155, 1176.3076923076924)",Corynebacterium,0,5424
"(1133.3375, 1264.55)",Veillonella,0,5425
"(1134.671052631579, 1678.1973684210527)",Lautropia,0,5426
"(1133.9859154929577, 1898.4366197183099)",Gemella,0,5427
"(1134.0194805194806, 1964.0324675324675)",Leptotrichia,0,5428
"(1134.6280991735537, 141.28099173553719)",Leptotrichia,0,5429
"(1135.5487804878048, 199.8048780487805)",Actinomyces,0,5430
"(1134.2884615384614, 302.11538461538464)",Actinomyces,0,5431
"(1136.6783216783217, 681.4825174825174)",Selenomonas,0,5432
"(1139.739336492891, 918.2037914691944)",Actinomyces,0,5433
"(1134.6716417910447, 1794.313432835821)",Streptococcus,0,5434
"(1136.962962962963, 2028.2074074074073)",Leptotrichia,0,5435
"(1137.8, 21.255555555555556)",TM7,0,5436
"(1138.7687074829932, 74.16326530612245)",Actinomyces,0,5437
"(1136.2686567164178, 339.1940298507463)",Actinomyces,0,5438
"(1136.8135593220338, 363.4406779661017)",Actinomyces,0,5439
"(1136.4375, 1156.8)",Veillonella,0,5440
"(1139.4724409448818, 228.84251968503938)",Actinomyces,0,5441
"(1143.47311827957, 988.6594982078853)",Treponema,0,5442
"(1135.9807692307693, 1107.2884615384614)",Capnocytophaga,0,5443
"(1137.7924528301887, 1120.3207547169811)",Veillonella,0,5444
"(1137.7898550724638, 45.927536231884055)",Actinomyces,0,5445
"(1136.888888888889, 1019.5138888888889)",Neisseriaceae,0,5447
"(1137.7222222222222, 1299.8333333333333)",Pasteurellaceae,0,5448
"(1145.5475113122172, 1694.3393665158371)",Lautropia,0,5450
"(1140.9886363636363, 121.86363636363636)",Porphyromonas,0,5451
"(1138.9545454545455, 164.37272727272727)",Fusobacterium,0,5452
"(1137.469696969697, 245.15151515151516)",Actinomyces,0,5453
"(1139.3333333333333, 296.6236559139785)",Actinomyces,0,5454
"(1141.7261904761904, 384.5595238095238)",Lautropia,0,5455
"(1140.357142857143, 1204.0102040816328)",Treponema,0,5457
"(1138.5, 100.85576923076923)",Pasteurellaceae,0,5458
"(1139.7118644067796, 716.0)",Actinomyces,0,5460
"(1137.8833333333334, 1067.3333333333333)",Prevotella,0,5462
"(1140.9871794871794, 1361.025641025641)",Lautropia,0,5463
"(1138.6507936507937, 1781.095238095238)",Rothia,0,5464
"(1140.3207547169811, 263.3207547169811)",Actinomyces,0,5465
"(1140.4545454545455, 1186.7676767676767)",Pasteurellaceae,0,5466
"(1143.3581395348838, 1915.586046511628)",Leptotrichia,0,5467
"(1142.1635220125786, 2016.0943396226414)",Capnocytophaga,0,5468
"(1153.748987854251, 617.0769230769231)",Veillonella,0,5469
"(1146.6647398843932, 663.2080924855492)",Porphyromonas,0,5470
"(1148.8540540540541, 753.1513513513513)",Rothia,0,5471
"(1143.6148648648648, 898.1148648648649)",Actinomyces,0,5472
"(1146.6953642384105, 1344.5298013245033)",Veillonella,0,5473
"(1143.0821917808219, 1168.849315068493)",Gemella,0,5474
"(1152.9323671497584, 1247.2222222222222)",Streptococcus,0,5475
"(1143.6478873239437, 1727.225352112676)",Leptotrichia,0,5476
"(1144.796511627907, 1864.4127906976744)",Selenomonas,0,5477
"(1143.06, 4.04)",Pasteurellaceae,0,5479
"(1145.5454545454545, 210.73863636363637)",Actinomyces,0,5480
"(1143.041095890411, 702.3835616438356)",Treponema,0,5481
"(1144.4887218045112, 806.609022556391)",Leptotrichia,0,5482
"(1148.2616822429907, 864.8411214953271)",Actinomyces,0,5483
"(1144.4464285714287, 1642.7857142857142)",Actinomyces,0,5484
"(1145.7777777777778, 1757.8055555555557)",Rothia,0,5485
"(1144.8689655172413, 1988.2620689655173)",Leptotrichia,0,5486
"(1144.6333333333334, 182.63333333333333)",Actinomyces,0,5487
"(1143.8740157480315, 1282.259842519685)",Capnocytophaga,0,5488
"(1146.9253731343283, 1657.55223880597)",Actinomyces,0,5489
"(1144.6603773584907, 1790.4150943396226)",Rothia,0,5490
"(1148.050847457627, 320.03389830508473)",Actinomyces,0,5492
"(1145.9433962264152, 761.7547169811321)",Rothia,0,5493
"(1147.4748858447488, 826.1917808219179)",Actinomyces,0,5494
"(1145.5061728395062, 1050.0)",Capnocytophaga,0,5495
"(1145.1379310344828, 1131.844827586207)",Treponema,0,5496
"(1145.5959595959596, 1890.4646464646464)",Neisseriaceae,0,5498
"(1149.712765957447, 27.925531914893618)",Neisseriaceae,0,5500
"(1146.9568965517242, 1082.0344827586207)",Pasteurellaceae,0,5502
"(1151.9807692307693, 62.46153846153846)",Fusobacterium,0,5503
"(1147.9850746268658, 954.776119402985)",Selenomonas,0,5504
"(1146.1973684210527, 1948.1315789473683)",Leptotrichia,0,5505
"(1147.2727272727273, 359.3636363636364)",Actinomyces,0,5506
"(1153.139393939394, 1102.3272727272727)",Capnocytophaga,0,5507
"(1147.758064516129, 1154.258064516129)",Gemella,0,5508
"(1149.967032967033, 1216.9120879120878)",Veillonella,0,5509
"(1150.1391304347826, 1266.2434782608696)",Neisseriaceae,0,5510
"(1148.741935483871, 1300.8548387096773)",Pasteurellaceae,0,5511
"(1149.873015873016, 1773.3650793650793)",Rothia,0,5512
"(1152.7345132743362, 1977.6194690265486)",Capnocytophaga,0,5513
"(1155.2356687898089, 156.63694267515925)",Actinomyces,0,5514
"(1149.6129032258063, 283.61290322580646)",Actinomyces,0,5515
"(1152.751269035533, 502.2233502538071)",Lautropia,0,5516
"(1150.794642857143, 1012.2589285714286)",Neisseriaceae,0,5517
"(1155.1509433962265, 254.58490566037736)",Actinomyces,0,5519
"(1155.732057416268, 734.3875598086124)",Leptotrichia,0,5520
"(1155.9133333333334, 1138.3066666666666)",Veillonella,0,5521
"(1151.4358974358975, 1326.3247863247864)",Veillonella,0,5522
"(1159.0323886639676, 111.7085020242915)",Fusobacterium,0,5523
"(1151.089552238806, 131.2089552238806)",Leptotrichia,0,5524
"(1161.4093264248704, 1178.8445595854923)",Pasteurellaceae,0,5525
"(1157.2916666666667, 1195.578125)",Neisseriaceae,0,5526
"(1153.923611111111, 1960.423611111111)",Leptotrichia,0,5527
"(1154.718309859155, 89.02816901408451)",Leptotrichia,0,5528
"(1155.6612021857923, 190.224043715847)",Actinomyces,0,5529
"(1153.8121212121212, 712.5272727272727)",Actinomyces,0,5530
"(1155.3092783505156, 942.2164948453608)",Porphyromonas,0,5531
"(1152.642857142857, 1025.3)",Pasteurellaceae,0,5532
"(1153.1954022988505, 1678.344827586207)",Streptococcus,0,5533
"(1154.9885057471265, 47.13793103448276)",Leptotrichia,0,5534
"(1160.078947368421, 306.39473684210526)",Actinomyces,0,5535
"(1154.095238095238, 220.95238095238096)",Actinomyces,0,5537
"(1156.2168674698796, 640.656626506024)",Actinomyces,0,5538
"(1155.9727272727273, 691.0272727272727)",Lautropia,0,5539
"(1158.2916666666667, 850.1041666666666)",Actinomyces,0,5540
"(1161.3333333333333, 1063.6980392156863)",Neisseriaceae,0,5543
"(1159.488, 1441.76)",Neisseriaceae,0,5544
"(1159.2347826086957, 1670.3826086956522)",Streptococcus,0,5545
"(1157.929411764706, 140.9764705882353)",Campylobacter,0,5547
"(1162.0545454545454, 239.63636363636363)",Actinomyces,0,5548
"(1157.7532467532467, 268.94805194805195)",Fusobacterium,0,5549
"(1159.8095238095239, 1042.047619047619)",Pasteurellaceae,0,5550
"(1167.015625, 1906.6640625)",Corynebacterium,0,5551
"(1160.6729559748428, 375.8616352201258)",Lautropia,0,5552
"(1158.9031007751937, 884.3217054263566)",Rothia,0,5553
"(1157.878048780488, 1884.2439024390244)",Treponema,0,5554
"(1166.1052631578948, 16.352631578947367)",Pasteurellaceae,0,5555
"(1166.7701612903227, 980.6572580645161)",Veillonella,0,5559
"(1163.2058823529412, 1229.421568627451)",Neisseriaceae,0,5560
"(1159.6352941176472, 1641.6117647058823)",Actinomyces,0,5561
"(1162.0102040816328, 916.7244897959183)",Porphyromonas,0,5562
"(1163.2627118644068, 959.5593220338983)",Corynebacterium,0,5563
"(1161.7972972972973, 1425.9324324324325)",Pasteurellaceae,0,5564
"(1168.8617647058823, 1723.6176470588234)",Treponema,0,5565
"(1160.0, 1939.2837837837837)",Leptotrichia,0,5566
"(1162.90625, 1996.0625)",Streptococcus,0,5567
"(1160.2456140350878, 335.7543859649123)",Actinomyces,0,5569
"(1164.5357142857142, 1297.888392857143)",Veillonella,0,5570
"(1162.1195652173913, 355.45652173913044)",Porphyromonas,0,5572
"(1162.4418604651162, 1085.7674418604652)",Leptotrichia,0,5574
"(1163.0816326530612, 1116.9897959183672)",Prevotella,0,5575
"(1164.851851851852, 512.9876543209876)",Lautropia,0,5576
"(1163.4375, 1785.40625)",Actinomyces,0,5577
"(1164.109375, 208.859375)",Actinomyces,0,5578
"(1175.6600790513835, 655.3873517786561)",Veillonella,0,5580
"(1165.6923076923076, 682.1410256410256)",Lautropia,0,5581
"(1170.0821529745042, 832.600566572238)",Actinomyces,0,5582
"(1172.527027027027, 1744.6396396396397)",Selenomonas,0,5583
"(1167.0135135135135, 2030.4054054054054)",Veillonella,0,5584
"(1164.122807017544, 2044.0877192982457)",Veillonella,0,5585
"(1166.5737704918033, 279.344262295082)",Actinomyces,0,5586
"(1169.6846153846154, 316.38461538461536)",Actinomyces,0,5587
"(1167.8849557522124, 1323.3362831858408)",Veillonella,0,5588
"(1165.0188679245282, 1017.566037735849)",Pasteurellaceae,0,5589
"(1165.5762711864406, 1695.0677966101696)",Streptococcus,0,5590
"(1169.7472527472528, 223.58241758241758)",Actinomyces,0,5591
"(1168.1971830985915, 851.0140845070423)",Rothia,0,5592
"(1167.7865168539327, 1132.629213483146)",Corynebacterium,0,5593
"(1171.0689655172414, 1271.7142857142858)",Veillonella,0,5594
"(1169.621359223301, 1345.2330097087379)",Streptococcus,0,5595
"(1167.120481927711, 1924.7951807228915)",Corynebacterium,0,5596
"(1168.0821917808219, 128.4931506849315)",Fusobacterium,0,5597
"(1167.5294117647059, 716.8382352941177)",Lautropia,0,5598
"(1167.8360655737704, 742.7540983606557)",Pasteurellaceae,0,5599
"(1175.8727272727272, 1654.8090909090909)",Veillonella,0,5600
"(1168.8412698412699, 171.38095238095238)",Actinomyces,0,5602
"(1170.4432989690722, 1389.5360824742268)",Veillonella,0,5603
"(1170.0857142857142, 1759.4714285714285)",Streptococcus,0,5604
"(1170.712962962963, 1956.537037037037)",Prevotella,0,5605
"(1171.2048192771085, 51.9277108433735)",Fusobacterium,0,5606
"(1173.993006993007, 332.95104895104896)",Actinomyces,0,5607
"(1171.516129032258, 1219.032258064516)",Neisseriaceae,0,5609
"(1177.4972677595629, 1326.983606557377)",Veillonella,0,5610
"(1174.707182320442, 1975.1436464088397)",TM7,0,5611
"(1173.686567164179, 66.73134328358209)",Leptotrichia,0,5612
"(1171.0833333333333, 90.11111111111111)",Actinomyces,0,5613
"(1172.0459770114942, 145.367816091954)",Actinomyces,0,5614
"(1172.546511627907, 671.5697674418604)",Actinomyces,0,5615
"(1172.657894736842, 1028.1184210526317)",Selenomonas,0,5616
"(1175.7989417989418, 1154.010582010582)",Lautropia,0,5617
"(1174.5833333333333, 1636.8583333333333)",Veillonella,0,5618
"(1175.056074766355, 160.4018691588785)",Leptotrichia,0,5620
"(1173.5875, 288.975)",Actinomyces,0,5622
"(1172.0985915492959, 943.9014084507043)",Rothia,0,5623
"(1175.5694444444443, 1008.9513888888889)",Corynebacterium,0,5624
"(1172.5882352941176, 1417.1176470588234)",Pasteurellaceae,0,5625
"(1175.7474226804125, 873.6494845360825)",Campylobacter,0,5626
"(1175.212765957447, 916.5531914893617)",Lautropia,0,5627
"(1174.0, 1247.328947368421)",Neisseriaceae,0,5628
"(1172.3428571428572, 1374.5714285714287)",Veillonella,0,5629
"(1174.939393939394, 38.946969696969695)",TM7,0,5630
"(1174.3177570093458, 192.82242990654206)",Fusobacterium,0,5631
"(1175.1384615384616, 212.3846153846154)",Actinomyces,0,5632
"(1176.1875, 232.796875)",Actinomyces,0,5633
"(1177.7784810126582, 264.9177215189873)",Fusobacterium,0,5634
"(1176.9469696969697, 1444.7121212121212)",Pasteurellaceae,0,5635
"(1176.4653465346535, 104.68316831683168)",Leptotrichia,0,5636
"(1176.5392156862745, 348.15686274509807)",Actinomyces,0,5637
"(1181.9887218045112, 703.5075187969925)",Lautropia,0,5638
"(1180.4384615384615, 968.5769230769231)",Veillonella,0,5639
"(1176.0113636363637, 1048.5568181818182)",Gemella,0,5640
"(1177.25, 1406.0833333333333)",Neisseriaceae,0,5642
"(1175.876404494382, 1940.7303370786517)",Leptotrichia,0,5643
"(1176.5824175824175, 499.15384615384613)",Gemella,0,5644
"(1177.0731707317073, 1362.8170731707316)",Veillonella,0,5645
"(1177.9352517985612, 1774.0503597122301)",Leptotrichia,0,5646
"(1178.1136363636363, 601.4772727272727)",Pasteurellaceae,0,5647
"(1180.1028037383178, 1207.0841121495328)",Neisseriaceae,0,5648
"(1177.0727272727272, 1569.8363636363636)",Veillonella,0,5649
"(1187.8305084745762, 1902.1313559322034)",Rothia,0,5650
"(1179.3513513513512, 636.2432432432432)",Streptococcus,0,5651
"(1177.5700934579438, 1698.9158878504672)",Veillonella,0,5652
"(1180.3663366336634, 120.53465346534654)",Pasteurellaceae,0,5653
"(1178.9130434782608, 1130.695652173913)",Veillonella,0,5654
"(1183.3525179856115, 1675.0143884892086)",Veillonella,0,5656
"(1180.26582278481, 750.0886075949367)",Leptotrichia,0,5658
"(1180.2043010752689, 1183.8387096774193)",Capnocytophaga,0,5659
"(1180.4814814814815, 1288.2592592592594)",Streptococcus,0,5660
"(1179.6486486486488, 1590.7162162162163)",Gemella,0,5661
"(1197.6815068493152, 1976.25)",Actinomyces,0,5662
"(1179.9019607843138, 175.7058823529412)",Actinomyces,0,5663
"(1182.816, 377.88)",Selenomonas,0,5664
"(1184.0740740740741, 900.6962962962963)",Rothia,0,5666
"(1182.4554455445545, 987.3564356435644)",Capnocytophaga,0,5667
"(1188.0625, 1119.70625)",Veillonella,0,5668
"(1182.5569620253164, 1233.7721518987341)",Neisseriaceae,0,5669
"(1183.3620689655172, 1195.8793103448277)",Pasteurellaceae,0,5671
"(1184.1975308641975, 1427.0740740740741)",Pasteurellaceae,0,5672
"(1182.5294117647059, 1455.9411764705883)",Pasteurellaceae,0,5673
"(1185.887029288703, 1795.5188284518829)",TM7,0,5674
"(1192.7955555555557, 80.65333333333334)",Campylobacter,0,5675
"(1184.6103896103896, 1387.8701298701299)",Veillonella,0,5677
"(1185.6478873239437, 1553.0422535211267)",Veillonella,0,5678
"(1193.464864864865, 7.4972972972972975)",TM7,0,5679
"(1190.3648648648648, 941.9054054054054)",Fusobacterium,0,5680
"(1187.3068181818182, 997.0113636363636)",Capnocytophaga,0,5682
"(1185.1234567901236, 1039.8148148148148)",Gemella,0,5684
"(1186.2222222222222, 1102.3333333333333)",Veillonella,0,5685
"(1191.4262295081967, 1360.3524590163934)",Veillonella,0,5687
"(1189.4967320261437, 1926.18954248366)",TM7,0,5688
"(1186.264705882353, 226.16176470588235)",Actinomyces,0,5689
"(1186.5894736842106, 731.6631578947369)",Capnocytophaga,0,5690
"(1186.7460317460318, 1309.2698412698412)",Veillonella,0,5691
"(1186.59375, 188.046875)",Campylobacter,0,5692
"(1189.2626262626263, 294.989898989899)",Actinomyces,0,5693
"(1185.9074074074074, 317.5925925925926)",Actinomyces,0,5694
"(1186.709090909091, 1219.0727272727272)",Neisseriaceae,0,5695
"(1188.4357142857143, 1263.15)",Pasteurellaceae,0,5696
"(1186.0, 1275.9464285714287)",Neisseriaceae,0,5697
"(1191.7518248175184, 147.13868613138686)",Fusobacterium,0,5699
"(1189.1238938053098, 208.9646017699115)",Leptotrichia,0,5700
"(1191.709219858156, 852.4326241134752)",Pasteurellaceae,0,5702
"(1188.593220338983, 1834.915254237288)",Streptococcus,0,5703
"(1191.0060975609756, 24.5609756097561)",Neisseriaceae,0,5704
"(1189.9518072289156, 307.0722891566265)",Actinomyces,0,5705
"(1191.1940298507463, 477.0149253731343)",Lautropia,0,5706
"(1192.1626016260163, 501.1626016260163)",Lautropia,0,5707
"(1193.4834437086092, 680.3112582781457)",Porphyromonas,0,5708
"(1194.2868217054263, 921.4031007751938)",Actinomyces,0,5709
"(1190.1379310344828, 1622.8103448275863)",Veillonella,0,5710
"(1189.9130434782608, 1637.9347826086957)",Veillonella,0,5711
"(1191.6554621848738, 1714.857142857143)",Prevotella,0,5712
"(1189.9864864864865, 40.91891891891892)",TM7,0,5713
"(1195.9820359281437, 165.63473053892216)",Leptotrichia,0,5714
"(1191.9349593495936, 351.3739837398374)",Actinomyces,0,5715
"(1190.2777777777778, 1243.611111111111)",Streptococcus,0,5716
"(1193.0977443609022, 1460.5338345864661)",Neisseriaceae,0,5717
"(1193.5298013245033, 258.1456953642384)",Fusobacterium,0,5718
"(1189.5625, 1592.59375)",Gemella,0,5721
"(1197.5534351145038, 1754.0839694656488)",Capnocytophaga,0,5722
"(1191.7428571428572, 63.01904761904762)",Campylobacter,0,5723
"(1193.1641791044776, 333.82089552238807)",Actinomyces,0,5724
"(1196.6156156156155, 875.015015015015)",Leptotrichia,0,5725
"(1192.485294117647, 1108.9264705882354)",Veillonella,0,5726
"(1193.2121212121212, 1379.7878787878788)",Pasteurellaceae,0,5727
"(1192.06, 114.96)",Fusobacterium,0,5728
"(1193.4166666666667, 280.45238095238096)",Actinomyces,0,5729
"(1196.5497835497836, 754.4675324675325)",Leptotrichia,0,5730
"(1197.5593220338983, 841.6101694915254)",Rothia,0,5731
"(1191.3962264150944, 1138.5471698113208)",Selenomonas,0,5732
"(1199.2886597938145, 1536.3917525773195)",Leptotrichia,0,5733
"(1193.0542635658915, 1735.6666666666667)",Veillonella,0,5734
"(1195.64, 54.48)",Leptotrichia,0,5735
"(1194.904761904762, 131.5142857142857)",Leptotrichia,0,5736
"(1195.21875, 200.421875)",Actinomyces,0,5737
"(1194.326923076923, 368.9423076923077)",Veillonella,0,5738
"(1195.873015873016, 1689.888888888889)",Treponema,0,5739
"(1199.2769230769231, 967.9641025641025)",Pasteurellaceae,0,5740
"(1200.6256983240223, 1206.2290502793296)",Veillonella,0,5741
"(1196.1176470588234, 1332.637254901961)",Veillonella,0,5742
"(1198.279569892473, 1652.5806451612902)",Veillonella,0,5743
"(1194.983606557377, 1778.344262295082)",Streptococcus,0,5744
"(1200.405017921147, 1812.3297491039427)",Capnocytophaga,0,5745
"(1196.02, 237.0)",Actinomyces,0,5746
"(1198.1826923076924, 1300.125)",Veillonella,0,5747
"(1202.3916083916083, 1100.6783216783217)",Gemella,0,5748
"(1200.1279069767443, 1225.6744186046512)",Pasteurellaceae,0,5749
"(1202.4615384615386, 1240.8)",Veillonella,0,5750
"(1200.8248847926268, 1417.6129032258063)",Veillonella,0,5751
"(1203.5891089108911, 323.2821782178218)",Actinomyces,0,5752
"(1201.062937062937, 627.2237762237762)",Pasteurellaceae,0,5754
"(1200.611111111111, 641.2111111111111)",TM7,0,5755
"(1199.4117647058824, 1571.3058823529411)",Veillonella,0,5756
"(1199.8804347826087, 612.8478260869565)",Pasteurellaceae,0,5758
"(1200.9793103448276, 666.4551724137931)",Lautropia,0,5759
"(1199.5434782608695, 1938.9565217391305)",Veillonella,0,5760
"(1200.7578947368422, 1953.6947368421052)",Fusobacterium,0,5761
"(1201.5, 185.04545454545453)",Actinomyces,0,5762
"(1205.2848484848485, 1187.7333333333333)",Veillonella,0,5763
"(1204.020618556701, 227.58762886597938)",Fusobacterium,0,5764
"(1202.9074074074074, 1668.5462962962963)",Neisseriaceae,0,5765
"(1204.780487804878, 1889.9268292682927)",Leptotrichia,0,5766
"(1202.1333333333334, 359.6666666666667)",Lautropia,0,5767
"(1206.5036496350365, 949.9124087591241)",Leptotrichia,0,5768
"(1201.964705882353, 1274.835294117647)",Lautropia,0,5770
"(1203.0315789473684, 1317.4736842105262)",Prevotella,0,5771
"(1203.344827586207, 1557.1954022988505)",Corynebacterium,0,5772
"(1203.38, 246.43)",Actinomyces,0,5773
"(1206.0, 592.8846153846154)",Veillonella,0,5774
"(1203.8105263157895, 733.7789473684211)",Leptotrichia,0,5775
"(1208.278947368421, 1356.0947368421052)",Veillonella,0,5776
"(1203.6973684210527, 1374.8684210526317)",Neisseriaceae,0,5777
"(1203.7307692307693, 1394.951923076923)",Selenomonas,0,5778
"(1209.2333333333333, 1446.6333333333334)",Veillonella,0,5779
"(1203.0833333333333, 104.39285714285714)",Leptotrichia,0,5781
"(1207.131868131868, 271.2967032967033)",Actinomyces,0,5782
"(1205.8271604938273, 346.962962962963)",Pasteurellaceae,0,5783
"(1205.6478873239437, 1621.6478873239437)",Capnocytophaga,0,5785
"(1205.0526315789473, 118.12280701754386)",Leptotrichia,0,5787
"(1210.625, 982.4345238095239)",Leptotrichia,0,5788
"(1206.3304347826088, 1830.8869565217392)",TM7,0,5789
"(1205.2063492063492, 494.22222222222223)",Veillonella,0,5790
"(1212.7640449438202, 767.8089887640449)",Fusobacterium,0,5791
"(1205.671052631579, 1706.4605263157894)",Veillonella,0,5792
"(1209.032, 1729.392)",Veillonella,0,5793
"(1209.6646706586826, 1849.502994011976)",Streptococcus,0,5794
"(1207.423076923077, 94.78846153846153)",Actinomyces,0,5795
"(1208.132450331126, 208.33774834437085)",Leptotrichia,0,5796
"(1211.5546875, 285.6171875)",Actinomyces,0,5797
"(1208.3956043956043, 298.6923076923077)",Fusobacterium,0,5798
"(1208.4761904761904, 655.9285714285714)",Porphyromonas,0,5799
"(1217.387283236994, 1290.5953757225434)",Veillonella,0,5800
"(1208.1818181818182, 1333.7272727272727)",Prevotella,0,5801
"(1217.4313725490197, 1430.9705882352941)",Neisseriaceae,0,5802
"(1215.1326530612246, 1466.0510204081634)",Pasteurellaceae,0,5803
"(1211.2539682539682, 1496.6190476190477)",Veillonella,0,5804
"(1209.2642857142857, 1515.5928571428572)",Veillonella,0,5805
"(1208.0169491525423, 146.22033898305085)",Pasteurellaceae,0,5807
"(1210.8219178082193, 1650.3424657534247)",Pasteurellaceae,0,5808
"(1210.7565217391304, 29.356521739130436)",Lautropia,0,5809
"(1209.8148148148148, 506.44444444444446)",Veillonella,0,5810
"(1209.5376344086021, 805.6881720430108)",Rothia,0,5811
"(1216.2602739726028, 828.2493150684932)",Porphyromonas,0,5812
"(1211.7983193277312, 1902.9243697478992)",Leptotrichia,0,5813
"(1210.5421686746988, 791.9879518072289)",Neisseriaceae,0,5814
"(1210.5853658536585, 1257.3658536585365)",Veillonella,0,5815
"(1210.6923076923076, 132.34615384615384)",Leptotrichia,0,5816
"(1211.2717391304348, 963.3913043478261)",Neisseriaceae,0,5817
"(1215.2328767123288, 1794.109589041096)",Campylobacter,0,5818
"(1214.360655737705, 56.98360655737705)",Lautropia,0,5819
"(1211.7777777777778, 168.06349206349208)",Actinomyces,0,5820
"(1212.5357142857142, 379.11607142857144)",Corynebacterium,0,5821
"(1216.2222222222222, 338.3611111111111)",Actinomyces,0,5824
"(1215.7865168539327, 1666.7865168539327)",Capnocytophaga,0,5825
"(1214.725, 853.0875)",Leptotrichia,0,5826
"(1214.5151515151515, 1216.8939393939395)",Rothia,0,5827
"(1213.2972972972973, 1681.5)",Pasteurellaceae,0,5829
"(1216.7891156462586, 1693.8775510204082)",Capnocytophaga,0,5830
"(1219.9928057553957, 1241.6978417266187)",Pasteurellaceae,0,5833
"(1214.8813559322034, 1273.1186440677966)",Lautropia,0,5834
"(1216.224358974359, 1557.2371794871794)",Selenomonas,0,5835
"(1217.4455445544554, 71.54455445544555)",Treponema,0,5836
"(1220.2169811320755, 155.70754716981133)",Leptotrichia,0,5837
"(1222.1402877697842, 604.615107913669)",Treponema,0,5838
"(1217.8169014084508, 781.5915492957746)",Pasteurellaceae,0,5839
"(1217.4233576642337, 916.8978102189781)",Corynebacterium,0,5840
"(1219.1679389312976, 1317.6335877862596)",Veillonella,0,5841
"(1216.8169014084508, 1400.5633802816901)",Veillonella,0,5842
"(1219.65625, 1633.5625)",Capnocytophaga,0,5843
"(1217.9655172413793, 1877.751724137931)",Actinomyces,0,5844
"(1220.0222222222221, 92.63333333333334)",Capnocytophaga,0,5846
"(1216.7254901960785, 123.07843137254902)",Leptotrichia,0,5847
"(1219.311475409836, 1576.639344262295)",Lautropia,0,5848
"(1218.483870967742, 259.1720430107527)",Actinomyces,0,5849
"(1218.4018691588785, 310.21495327102804)",Fusobacterium,0,5850
"(1219.2298850574712, 354.42528735632186)",Porphyromonas,0,5851
"(1223.5794392523364, 632.9205607476636)",Gemella,0,5852
"(1220.1636363636364, 1349.5181818181818)",Capnocytophaga,0,5853
"(1222.708609271523, 1486.682119205298)",Veillonella,0,5854
"(1222.3714285714286, 1743.2714285714285)",Veillonella,0,5855
"(1220.7521367521367, 107.37606837606837)",Campylobacter,0,5856
"(1219.5294117647059, 211.65882352941176)",Fusobacterium,0,5857
"(1218.099173553719, 233.10743801652893)",Fusobacterium,0,5858
"(1225.282894736842, 1336.6315789473683)",Leptotrichia,0,5859
"(1220.03, 1380.17)",Neisseriaceae,0,5860
"(1226.421052631579, 325.70394736842104)",Actinomyces,0,5861
"(1221.5913978494623, 497.5698924731183)",Gemella,0,5862
"(1221.409090909091, 1228.2727272727273)",Veillonella,0,5863
"(1221.3125, 1256.171875)",Streptococcus,0,5864
"(1223.7962962962963, 1415.0092592592594)",Veillonella,0,5865
"(1222.241610738255, 1716.4697986577182)",Gemella,0,5866
"(1221.25, 656.8977272727273)",Streptococcus,0,5867
"(1220.3548387096773, 1184.6451612903227)",Porphyromonas,0,5868
"(1220.3666666666666, 173.86666666666667)",Actinomyces,0,5869
"(1223.2, 942.5066666666667)",TM7,0,5870
"(1220.607594936709, 1043.7848101265822)",Porphyromonas,0,5871
"(1224.2735849056603, 1200.9905660377358)",Neisseriaceae,0,5872
"(1228.2884615384614, 1604.6538461538462)",Gemella,0,5873
"(1230.7174887892377, 1791.9775784753363)",Neisseriaceae,0,5874
"(1221.4130434782608, 1815.5652173913043)",Rothia,0,5875
"(1223.5, 1941.6010638297873)",Veillonella,0,5876
"(1225.721649484536, 1961.6701030927834)",Pasteurellaceae,0,5877
"(1223.5655172413792, 804.1931034482759)",Pasteurellaceae,0,5879
"(1222.2307692307693, 1768.323076923077)",TM7,0,5880
"(1227.0986842105262, 1106.0526315789473)",Veillonella,0,5881
"(1225.9642857142858, 1393.6190476190477)",Neisseriaceae,0,5882
"(1228.8311688311687, 1890.564935064935)",TM7,0,5883
"(1231.5677083333333, 8.989583333333334)",Fusobacterium,0,5884
"(1227.2941176470588, 133.59477124183007)",Actinomyces,0,5885
"(1226.7272727272727, 183.52272727272728)",Fusobacterium,0,5886
"(1226.4402985074628, 276.55223880597015)",Actinomyces,0,5887
"(1228.9473684210527, 1620.812030075188)",Capnocytophaga,0,5888
"(1230.5315315315315, 1773.6576576576576)",Selenomonas,0,5889
"(1226.6218487394958, 200.15126050420167)",Actinomyces,0,5890
"(1226.9270833333333, 957.6458333333334)",Leptotrichia,0,5892
"(1226.4705882352941, 1021.8655462184873)",Veillonella,0,5893
"(1227.6097560975609, 25.609756097560975)",Veillonella,0,5895
"(1227.7904191616767, 248.4311377245509)",Actinomyces,0,5896
"(1225.877192982456, 383.42105263157896)",Fusobacterium,0,5897
"(1228.7672413793102, 507.19827586206895)",Lautropia,0,5898
"(1228.2230215827337, 1835.4604316546763)",Pasteurellaceae,0,5899
"(1230.7397260273972, 653.3287671232877)",Veillonella,0,5900
"(1229.5360824742268, 1304.8144329896907)",Veillonella,0,5901
"(1231.5829383886255, 1448.9004739336492)",Prevotella,0,5902
"(1228.253164556962, 1647.4556962025317)",Leptotrichia,0,5904
"(1229.8653846153845, 1756.673076923077)",Leptotrichia,0,5905
"(1227.9722222222222, 1975.7777777777778)",Veillonella,0,5906
"(1229.680412371134, 44.44329896907217)",Gemella,0,5907
"(1230.5377358490566, 304.87735849056605)",Actinomyces,0,5908
"(1237.857881136951, 1217.3023255813953)",Neisseriaceae,0,5909
"(1231.9325842696628, 1272.8988764044943)",Capnocytophaga,0,5910
"(1229.0752688172042, 1518.9247311827958)",Leptotrichia,0,5912
"(1233.9569892473119, 940.8387096774194)",Actinomyces,0,5913
"(1230.2330097087379, 1055.7378640776699)",Veillonella,0,5914
"(1233.6701030927834, 1371.9123711340205)",Neisseriaceae,0,5915
"(1238.4887892376682, 1680.5515695067265)",Capnocytophaga,0,5918
"(1231.0185185185185, 79.37037037037037)",Leptotrichia,0,5919
"(1239.0718954248366, 139.66666666666666)",Actinomyces,0,5920
"(1234.4405594405594, 223.5944055944056)",Fusobacterium,0,5921
"(1236.1716417910447, 776.8059701492538)",Corynebacterium,0,5922
"(1234.1284403669724, 976.0642201834862)",Corynebacterium,0,5923
"(1236.2162162162163, 1813.722972972973)",Capnocytophaga,0,5924
"(1234.4591836734694, 920.234693877551)",Corynebacterium,0,5925
"(1241.0296610169491, 1006.8347457627119)",Lautropia,0,5926
"(1233.620253164557, 1086.7848101265822)",Veillonella,0,5927
"(1235.7337278106509, 1854.5798816568047)",Treponema,0,5928
"(1235.4122137404581, 1904.381679389313)",Pasteurellaceae,0,5929
"(1238.6174496644296, 1032.9127516778524)",Gemella,0,5932
"(1233.9245283018868, 1873.1132075471698)",Streptococcus,0,5933
"(1234.2941176470588, 343.01176470588234)",Actinomyces,0,5934
"(1238.4653465346535, 1401.8910891089108)",Veillonella,0,5935
"(1235.857142857143, 1474.7563025210084)",Veillonella,0,5936
"(1236.7514792899408, 1705.224852071006)",Actinomyces,0,5937
"(1238.0, 818.9833333333333)",Leptotrichia,0,5938
"(1235.14, 1285.18)",Neisseriaceae,0,5939
"(1240.1842105263158, 1323.157894736842)",Pasteurellaceae,0,5940
"(1240.7207207207207, 91.71621621621621)",Actinomyces,0,5941
"(1236.8333333333333, 364.1515151515151)",Veillonella,0,5943
"(1236.9333333333334, 1506.4777777777779)",Prevotella,0,5944
"(1239.9270833333333, 1959.4583333333333)",Pasteurellaceae,0,5945
"(1241.8403361344538, 173.18487394957984)",Pasteurellaceae,0,5947
"(1237.4520547945206, 410.972602739726)",Lautropia,0,5948
"(1236.9259259259259, 649.6111111111111)",Streptococcus,0,5949
"(1239.1132075471698, 1637.6792452830189)",TM7,0,5950
"(1238.6239316239316, 1661.91452991453)",Pasteurellaceae,0,5951
"(1239.2063492063492, 787.8730158730159)",Capnocytophaga,0,5953
"(1239.1470588235295, 1358.1470588235295)",Neisseriaceae,0,5954
"(1242.2, 1730.6727272727273)",Pasteurellaceae,0,5955
"(1239.6836734693877, 1743.2142857142858)",Capnocytophaga,0,5956
"(1243.0153846153846, 1340.0153846153846)",Pasteurellaceae,0,5958
"(1246.6113360323886, 267.49392712550605)",Actinomyces,0,5959
"(1241.72131147541, 398.672131147541)",Selenomonas,0,5960
"(1246.4497607655503, 1424.8038277511962)",Gemella,0,5961
"(1241.7205882352941, 1760.5882352941176)",Leptotrichia,0,5962
"(1242.5495495495495, 1919.6036036036037)",Neisseriaceae,0,5963
"(1240.2830188679245, 1975.867924528302)",Streptococcus,0,5964
"(1243.4347826086957, 1996.5108695652175)",Porphyromonas,0,5965
"(1242.5902777777778, 193.83333333333334)",Leptotrichia,0,5966
"(1246.75, 218.45)",Leptotrichia,0,5967
"(1244.6494845360826, 330.6185567010309)",Actinomyces,0,5968
"(1243.5523809523809, 380.8095238095238)",Gemella,0,5969
"(1242.173076923077, 798.1730769230769)",Actinomyces,0,5970
"(1243.6860465116279, 1893.0697674418604)",Rothia,0,5972
"(1243.3561643835617, 40.397260273972606)",Veillonella,0,5973
"(1247.4945054945056, 63.282051282051285)",Gemella,0,5974
"(1241.9056603773586, 312.2641509433962)",Actinomyces,0,5975
"(1243.38, 422.96)",Actinomyces,0,5976
"(1251.15234375, 930.46484375)",Actinomyces,0,5977
"(1243.675, 118.7)",Porphyromonas,0,5978
"(1248.0, 235.82638888888889)",Fusobacterium,0,5979
"(1244.0555555555557, 250.09259259259258)",Fusobacterium,0,5980
"(1245.1525423728813, 1267.2881355932204)",Campylobacter,0,5981
"(1246.433155080214, 1294.4652406417113)",Veillonella,0,5982
"(1249.9261083743843, 1444.3054187192117)",Treponema,0,5983
"(1244.264705882353, 1464.8088235294117)",Veillonella,0,5984
"(1246.5503355704698, 1622.731543624161)",Veillonella,0,5985
"(1250.9451219512196, 287.1463414634146)",Actinomyces,0,5987
"(1245.2162162162163, 1058.7837837837837)",Corynebacterium,0,5988
"(1247.1782178217823, 1493.6732673267327)",Pasteurellaceae,0,5989
"(1246.0, 1944.4901960784314)",Veillonella,0,5990
"(1248.8074074074075, 20.651851851851852)",Porphyromonas,0,5991
"(1246.2954545454545, 350.6363636363636)",Actinomyces,0,5992
"(1248.3333333333333, 1777.1315789473683)",TM7,0,5993
"(1245.867924528302, 1839.7358490566037)",Capnocytophaga,0,5994
"(1249.1919191919192, 435.4141414141414)",Selenomonas,0,5995
"(1257.2508960573477, 958.0035842293906)",TM7,0,5996
"(1252.3333333333333, 1391.949494949495)",Pasteurellaceae,0,5998
"(1250.9505494505495, 1871.3241758241759)",Streptococcus,0,5999
"(1248.9583333333333, 1644.8055555555557)",Veillonella,0,6001
"(1248.359375, 160.6875)",Fusobacterium,0,6003
"(1253.9398496240601, 907.203007518797)",Corynebacterium,0,6004
"(1255.5185185185185, 1480.726851851852)",Streptococcus,0,6005
"(1254.313432835821, 971.4626865671642)",Neisseriaceae,0,6007
"(1249.679012345679, 983.7654320987655)",Leptotrichia,0,6008
"(1252.27950310559, 1078.5217391304348)",Veillonella,0,6009
"(1257.7467248908297, 1167.1091703056768)",Lautropia,0,6010
"(1253.095238095238, 1379.6734693877552)",Pasteurellaceae,0,6011
"(1252.1627906976744, 1406.2209302325582)",Gemella,0,6012
"(1257.7724867724867, 1695.3544973544974)",Pasteurellaceae,0,6013
"(1257.4702702702702, 201.4162162162162)",Fusobacterium,0,6014
"(1254.2244897959183, 404.6326530612245)",Lautropia,0,6015
"(1254.3419354838709, 1515.167741935484)",Veillonella,0,6016
"(1252.9014778325122, 1577.8423645320197)",Leptotrichia,0,6017
"(1254.4177215189873, 309.126582278481)",Actinomyces,0,6018
"(1253.15, 317.71666666666664)",Actinomyces,0,6019
"(1256.0824175824175, 1225.7857142857142)",Veillonella,0,6020
"(1256.2022471910113, 1461.7640449438202)",Lautropia,0,6021
"(1254.8416666666667, 1561.4)",Leptotrichia,0,6022
"(1252.0833333333333, 1982.7)",Veillonella,0,6023
"(1256.2335766423357, 365.95620437956205)",Lautropia,0,6024
"(1252.867924528302, 801.0754716981132)",Actinomyces,0,6025
"(1253.1652173913044, 1106.0869565217392)",TM7,0,6026
"(1256.3809523809523, 1649.152380952381)",Streptococcus,0,6027
"(1252.536231884058, 1815.6521739130435)",Actinomyces,0,6028
"(1255.424, 1832.84)",Selenomonas,0,6029
"(1259.3865546218487, 1848.6470588235295)",Pasteurellaceae,0,6030
"(1254.7435897435898, 1923.837606837607)",Neisseriaceae,0,6031
"(1257.3093525179856, 2000.9352517985612)",Lautropia,0,6032
"(1254.2837837837837, 107.88513513513513)",Leptotrichia,0,6033
"(1259.9256756756756, 791.2905405405405)",Leptotrichia,0,6034
"(1257.83125, 823.49375)",Rothia,0,6035
"(1256.4460431654677, 1714.2158273381294)",Leptotrichia,0,6036
"(1254.3207547169811, 40.679245283018865)",Streptococcus,0,6037
"(1258.0291262135922, 1357.611650485437)",Leptotrichia,0,6038
"(1258.0, 1530.5762711864406)",Pasteurellaceae,0,6039
"(1256.92, 336.35)",Actinomyces,0,6041
"(1257.4705882352941, 1017.4044117647059)",Selenomonas,0,6043
"(1258.65625, 1280.7291666666667)",Treponema,0,6044
"(1259.4770642201836, 1334.591743119266)",Veillonella,0,6045
"(1256.9493670886077, 1664.860759493671)",Leptotrichia,0,6046
"(1256.1944444444443, 1960.701388888889)",Selenomonas,0,6047
"(1261.2784810126582, 1047.295358649789)",Veillonella,0,6050
"(1257.5777777777778, 1251.1222222222223)",Leptotrichia,0,6051
"(1260.019801980198, 1501.2277227722773)",Veillonella,0,6052
"(1262.7908163265306, 1899.561224489796)",Pasteurellaceae,0,6054
"(1262.2447552447552, 126.21678321678321)",Actinomyces,0,6055
"(1259.1263157894737, 251.47368421052633)",Leptotrichia,0,6056
"(1257.2, 1784.764705882353)",Pasteurellaceae,0,6057
"(1257.3529411764705, 1974.5882352941176)",Selenomonas,0,6058
"(1263.219298245614, 302.0964912280702)",Actinomyces,0,6059
"(1259.9756097560976, 1422.9878048780488)",Gemella,0,6060
"(1263.7710843373493, 1765.7409638554218)",Leptotrichia,0,6061
"(1264.0593220338983, 7.830508474576271)",Pasteurellaceae,0,6062
"(1263.6964285714287, 27.357142857142858)",TM7,0,6063
"(1260.7948717948718, 989.5)",Leptotrichia,0,6064
"(1261.015625, 1680.625)",Leptotrichia,0,6066
"(1265.2904411764705, 76.12132352941177)",Neisseriaceae,0,6067
"(1266.41592920354, 161.89380530973452)",Actinomyces,0,6068
"(1261.9285714285713, 214.44642857142858)",Leptotrichia,0,6069
"(1264.073394495413, 384.1834862385321)",Porphyromonas,0,6070
"(1264.3529411764705, 1143.2588235294118)",Capnocytophaga,0,6071
"(1262.8829787234042, 1938.6489361702127)",Rothia,0,6072
"(1266.1181818181817, 183.05454545454546)",Actinomyces,0,6073
"(1266.3673469387754, 809.469387755102)",TM7,0,6074
"(1263.642857142857, 945.0571428571428)",Pasteurellaceae,0,6075
"(1263.8468468468468, 1127.7837837837837)",Pasteurellaceae,0,6076
"(1264.6666666666667, 1629.8045977011495)",Gemella,0,6079
"(1268.8309178743962, 1750.743961352657)",TM7,0,6080
"(1264.9411764705883, 96.0)",Veillonella,0,6081
"(1276.7952755905512, 394.0209973753281)",Lautropia,0,6082
"(1264.9814814814815, 430.1296296296296)",Leptotrichia,0,6083
"(1265.090909090909, 897.0795454545455)",Leptotrichia,0,6084
"(1265.5754716981132, 1076.2264150943397)",Pasteurellaceae,0,6085
"(1266.3584905660377, 1117.3207547169811)",Capnocytophaga,0,6086
"(1266.1404958677685, 224.72727272727272)",Leptotrichia,0,6088
"(1265.8030303030303, 243.21212121212122)",Pasteurellaceae,0,6089
"(1265.2857142857142, 1104.6964285714287)",Corynebacterium,0,6090
"(1266.8924731182797, 1814.3763440860216)",Corynebacterium,0,6091
"(1268.6567164179105, 261.94029850746267)",Fusobacterium,0,6092
"(1267.5, 1240.896551724138)",Veillonella,0,6094
"(1269.0797101449275, 1306.231884057971)",Neisseriaceae,0,6095
"(1269.1313131313132, 1719.5656565656566)",Leptotrichia,0,6096
"(1272.8403755868544, 1862.0704225352113)",Streptococcus,0,6097
"(1271.896551724138, 146.35862068965517)",Leptotrichia,0,6098
"(1270.3978494623657, 441.741935483871)",Lautropia,0,6099
"(1268.34, 1463.42)",Veillonella,0,6100
"(1267.9344262295083, 1884.5245901639344)",Veillonella,0,6101
"(1271.054794520548, 1377.109589041096)",TM7,0,6102
"(1275.1746031746031, 1554.94708994709)",Leptotrichia,0,6103
"(1270.728971962617, 43.532710280373834)",Rothia,0,6104
"(1276.6724137931035, 418.28879310344826)",Lautropia,0,6105
"(1269.6909090909091, 1399.7272727272727)",Veillonella,0,6106
"(1269.2622950819673, 1525.8852459016393)",Neisseriaceae,0,6107
"(1272.404761904762, 1668.2619047619048)",Pasteurellaceae,0,6108
"(1274.4232558139536, 1974.506976744186)",Corynebacterium,0,6109
"(1271.3333333333333, 1000.1190476190476)",Leptotrichia,0,6110
"(1274.9761904761904, 1098.0654761904761)",Leptotrichia,0,6111
"(1276.4344827586208, 1830.1310344827587)",Capnocytophaga,0,6112
"(1275.867088607595, 1919.4556962025317)",Rothia,0,6113
"(1275.6398305084747, 975.9703389830509)",Lautropia,0,6115
"(1273.378048780488, 1537.7073170731708)",Pasteurellaceae,0,6116
"(1275.9084967320262, 321.4901960784314)",Actinomyces,0,6117
"(1276.121359223301, 918.0)",Actinomyces,0,6118
"(1273.921568627451, 1018.3333333333334)",Neisseriaceae,0,6119
"(1275.8791208791208, 1041.1758241758241)",Selenomonas,0,6120
"(1274.5652173913043, 1151.9420289855072)",Pasteurellaceae,0,6121
"(1275.2836879432625, 1279.0283687943263)",Neisseriaceae,0,6122
"(1280.8738317757009, 1318.1542056074766)",Pasteurellaceae,0,6123
"(1277.4748603351954, 1341.6201117318435)",Neisseriaceae,0,6124
"(1275.5, 1477.6940298507463)",Neisseriaceae,0,6126
"(1276.8023255813953, 1651.4186046511627)",Lautropia,0,6127
"(1276.4470588235295, 92.92941176470588)",Lautropia,0,6128
"(1275.101851851852, 1060.0277777777778)",Corynebacterium,0,6129
"(1274.1929824561403, 1291.5087719298247)",Veillonella,0,6130
"(1277.9268292682927, 1362.4878048780488)",Lautropia,0,6131
"(1274.326923076923, 1446.2692307692307)",Leptotrichia,0,6132
"(1284.3309352517986, 1992.8129496402878)",Lautropia,0,6133
"(1275.35, 1075.375)",Leptotrichia,0,6135
"(1282.0081300813008, 1234.780487804878)",Actinomyces,0,6136
"(1277.4753086419753, 1416.1172839506173)",Veillonella,0,6137
"(1278.489655172414, 296.77241379310345)",Actinomyces,0,6139
"(1279.849710982659, 359.0115606936416)",Actinomyces,0,6140
"(1279.0530303030303, 834.060606060606)",Veillonella,0,6141
"(1278.6703296703297, 1507.956043956044)",Pasteurellaceae,0,6142
"(1281.3916083916083, 807.5734265734266)",Capnocytophaga,0,6143
"(1280.0714285714287, 1461.5204081632653)",Pasteurellaceae,0,6144
"(1277.7848101265822, 1741.8354430379748)",Neisseriaceae,0,6145
"(1287.1822660098521, 1845.2758620689656)",Capnocytophaga,0,6146
"(1284.3880597014925, 14.26865671641791)",Neisseriaceae,0,6147
"(1278.2631578947369, 818.280701754386)",Veillonella,0,6148
"(1281.1634615384614, 1120.326923076923)",Rothia,0,6149
"(1279.320987654321, 1639.6913580246915)",Veillonella,0,6150
"(1281.4031007751937, 57.76744186046512)",Porphyromonas,0,6151
"(1280.7363636363636, 208.52727272727273)",Leptotrichia,0,6152
"(1281.8943089430895, 236.0487804878049)",Fusobacterium,0,6153
"(1280.111111111111, 334.05555555555554)",Actinomyces,0,6154
"(1281.2434782608696, 1261.3652173913044)",Neisseriaceae,0,6156
"(1280.4878048780488, 1387.878048780488)",Streptococcus,0,6157
"(1280.872340425532, 1491.436170212766)",Veillonella,0,6158
"(1285.1360946745563, 1523.8579881656806)",Neisseriaceae,0,6159
"(1280.4285714285713, 1681.967032967033)",Capnocytophaga,0,6160
"(1282.2934782608695, 1777.7717391304348)",Pasteurellaceae,0,6161
"(1282.1592920353983, 1812.9646017699115)",Capnocytophaga,0,6162
"(1281.8983050847457, 1881.1468926553673)",Rothia,0,6163
"(1281.0077519379845, 178.26356589147287)",Leptotrichia,0,6164
"(1281.9166666666667, 272.68518518518516)",Leptotrichia,0,6165
"(1281.7349397590363, 940.6987951807229)",Rothia,0,6166
"(1281.4032258064517, 1134.967741935484)",Capnocytophaga,0,6167
"(1284.8639455782313, 1162.4013605442176)",Pasteurellaceae,0,6168
"(1283.5126050420167, 1696.2857142857142)",Pasteurellaceae,0,6169
"(1283.3076923076924, 1146.2923076923078)",Pasteurellaceae,0,6170
"(1285.5, 1737.8)",Neisseriaceae,0,6171
"(1287.3813559322034, 40.144067796610166)",Porphyromonas,0,6172
"(1287.0380952380951, 158.67619047619047)",Leptotrichia,0,6173
"(1285.0714285714287, 221.0)",Campylobacter,0,6174
"(1284.7295081967213, 1007.7213114754098)",Pasteurellaceae,0,6175
"(1283.9833333333333, 1175.5333333333333)",Neisseriaceae,0,6176
"(1287.3118279569892, 140.13978494623655)",Porphyromonas,0,6177
"(1285.1914893617022, 1714.6382978723404)",Leptotrichia,0,6178
"(1293.578947368421, 76.83732057416267)",Gemella,0,6179
"(1286.1967213114754, 1027.2459016393443)",Treponema,0,6180
"(1288.4835164835165, 256.032967032967)",Campylobacter,0,6182
"(1288.825, 828.525)",Veillonella,0,6183
"(1287.8809523809523, 1398.642857142857)",Pasteurellaceae,0,6184
"(1289.7173913043478, 1541.2934782608695)",Streptococcus,0,6185
"(1289.7105263157894, 1750.9912280701753)",Leptotrichia,0,6187
"(1288.1666666666667, 1958.9848484848485)",Streptococcus,0,6188
"(1305.4176470588236, 102.7764705882353)",Corynebacterium,0,6189
"(1290.5277777777778, 339.50925925925924)",Actinomyces,0,6190
"(1289.5405405405406, 957.4594594594595)",Rothia,0,6191
"(1290.944055944056, 1044.7972027972028)",Treponema,0,6192
"(1290.1304347826087, 1068.1913043478262)",Pasteurellaceae,0,6193
"(1288.5757575757575, 1904.6969696969697)",Rothia,0,6194
"(1295.328947368421, 481.48026315789474)",Streptococcus,0,6195
"(1290.7236842105262, 871.671052631579)",Leptotrichia,0,6196
"(1292.375, 1476.75)",Pasteurellaceae,0,6197
"(1292.9864864864865, 1673.9864864864865)",Pasteurellaceae,0,6198
"(1292.6777777777777, 372.47777777777776)",Lautropia,0,6201
"(1291.232142857143, 1182.0535714285713)",Neisseriaceae,0,6203
"(1292.642857142857, 1727.8428571428572)",Leptotrichia,0,6204
"(1297.9640287769785, 926.9208633093525)",Rothia,0,6205
"(1293.970297029703, 1094.5148514851485)",Pasteurellaceae,0,6206
"(1296.0338983050847, 1427.3333333333333)",Treponema,0,6207
"(1291.3684210526317, 1637.017543859649)",Rothia,0,6208
"(1294.6960784313726, 174.2156862745098)",Leptotrichia,0,6210
"(1294.196261682243, 896.3551401869158)",Pasteurellaceae,0,6211
"(1292.888888888889, 910.8888888888889)",Actinomyces,0,6212
"(1294.9918367346938, 979.0040816326531)",Actinomyces,0,6213
"(1293.970802919708, 1362.4087591240875)",Selenomonas,0,6214
"(1294.4285714285713, 1385.1818181818182)",Gemella,0,6215
"(1296.6824324324325, 1460.0067567567567)",Veillonella,0,6216
"(1293.9375, 1645.703125)",Veillonella,0,6217
"(1294.0877192982457, 1893.7368421052631)",Rothia,0,6218
"(1293.7837837837837, 1924.1531531531532)",Actinomyces,0,6219
"(1292.849315068493, 1940.4520547945206)",Capnocytophaga,0,6220
"(1295.7714285714285, 324.1904761904762)",Actinomyces,0,6221
"(1299.639534883721, 1109.3255813953488)",Pasteurellaceae,0,6222
"(1295.0481927710844, 1264.7228915662652)",Veillonella,0,6223
"(1301.9893617021276, 1509.2925531914893)",Treponema,0,6224
"(1294.7227722772277, 1863.4851485148515)",Rothia,0,6225
"(1300.5, 193.94482758620688)",Leptotrichia,0,6226
"(1295.548076923077, 215.1346153846154)",Fusobacterium,0,6227
"(1297.4505494505495, 512.6703296703297)",TM7,0,6228
"(1298.7570621468926, 1130.2881355932204)",Pasteurellaceae,0,6229
"(1295.72131147541, 1799.7622950819673)",Pasteurellaceae,0,6230
"(1300.7769230769231, 28.046153846153846)",Veillonella,0,6231
"(1295.8309859154929, 265.1830985915493)",Leptotrichia,0,6232
"(1296.5882352941176, 284.0735294117647)",Actinomyces,0,6233
"(1296.361111111111, 943.9583333333334)",Actinomyces,0,6234
"(1297.6114649681529, 1284.5222929936306)",Actinomyces,0,6235
"(1301.041958041958, 1494.832167832168)",Veillonella,0,6236
"(1297.6344086021506, 1689.9247311827958)",Streptococcus,0,6237
"(1303.0105263157895, 300.3157894736842)",Actinomyces,0,6238
"(1307.4710743801652, 859.1446280991736)",Leptotrichia,0,6239
"(1297.465909090909, 1003.7613636363636)",Leptotrichia,0,6240
"(1298.2375, 1784.025)",Pasteurellaceae,0,6242
"(1298.8064516129032, 56.655913978494624)",Actinomyces,0,6243
"(1298.989247311828, 814.516129032258)",Porphyromonas,0,6244
"(1300.1066666666666, 1188.52)",Neisseriaceae,0,6245
"(1299.2888888888888, 1302.588888888889)",Gemella,0,6246
"(1298.051282051282, 1706.6666666666667)",Leptotrichia,0,6247
"(1299.7307692307693, 1758.173076923077)",Campylobacter,0,6248
"(1298.7843137254902, 237.59803921568627)",Corynebacterium,0,6249
"(1305.741573033708, 891.9831460674158)",Corynebacterium,0,6250
"(1299.4333333333334, 1021.1666666666666)",Corynebacterium,0,6251
"(1299.593023255814, 1146.5581395348838)",Neisseriaceae,0,6252
"(1303.9285714285713, 1245.1868131868132)",Pasteurellaceae,0,6253
"(1303.3434782608695, 1332.7434782608696)",Veillonella,0,6254
"(1301.037037037037, 1552.4907407407406)",Capnocytophaga,0,6255
"(1299.5584415584415, 1658.2857142857142)",Leptotrichia,0,6256
"(1307.3472222222222, 1824.912037037037)",Leptotrichia,0,6257
"(1301.6333333333334, 1349.7166666666667)",Leptotrichia,0,6258
"(1300.2622950819673, 1527.311475409836)",Pasteurellaceae,0,6259
"(1302.5726495726497, 1030.4615384615386)",Pasteurellaceae,0,6261
"(1307.0743801652893, 1177.1322314049587)",Neisseriaceae,0,6262
"(1309.0947867298578, 1739.777251184834)",Pasteurellaceae,0,6263
"(1301.875, 1844.265625)",Capnocytophaga,0,6264
"(1301.3252032520325, 1976.8130081300812)",Actinomyces,0,6265
"(1303.225988700565, 2016.7118644067796)",Veillonella,0,6266
"(1312.901754385965, 1393.5964912280701)",Gemella,0,6267
"(1302.7611940298507, 1446.8805970149253)",TM7,0,6268
"(1306.2278481012659, 279.4810126582278)",Actinomyces,0,6269
"(1302.5438596491229, 409.57894736842104)",Lautropia,0,6270
"(1303.840425531915, 496.72340425531917)",Lautropia,0,6271
"(1303.5121951219512, 1073.5)",Pasteurellaceae,0,6272
"(1304.9191176470588, 1871.7794117647059)",Capnocytophaga,0,6273
"(1306.9918032786886, 224.7295081967213)",Fusobacterium,0,6275
"(1304.5087719298247, 254.82456140350877)",Leptotrichia,0,6276
"(1305.8166666666666, 832.875)",Streptococcus,0,6277
"(1308.0661157024792, 875.3305785123966)",Corynebacterium,0,6278
"(1303.949152542373, 1717.5762711864406)",Leptotrichia,0,6279
"(1308.0194174757282, 1057.990291262136)",Neisseriaceae,0,6280
"(1306.840909090909, 344.15909090909093)",Actinomyces,0,6281
"(1306.4444444444443, 1961.20987654321)",Actinomyces,0,6283
"(1308.880149812734, 386.812734082397)",Porphyromonas,0,6285
"(1313.9176470588236, 955.3882352941176)",Actinomyces,0,6286
"(1307.3076923076924, 1364.4945054945056)",Pasteurellaceae,0,6287
"(1309.9545454545455, 1376.060606060606)",Neisseriaceae,0,6288
"(1307.4942528735633, 1533.9885057471265)",Pasteurellaceae,0,6289
"(1306.4727272727273, 1918.5636363636363)",Capnocytophaga,0,6290
"(1307.0955882352941, 1937.25)",Fusobacterium,0,6291
"(1318.892523364486, 122.99065420560747)",Leptotrichia,0,6292
"(1308.8833333333334, 1160.9666666666667)",Pasteurellaceae,0,6293
"(1310.5744680851064, 1292.5106382978724)",Porphyromonas,0,6294
"(1309.7519379844962, 1668.6744186046512)",Leptotrichia,0,6295
"(1309.75, 1802.5125)",Leptotrichia,0,6296
"(1309.3834586466166, 2006.218045112782)",Porphyromonas,0,6297
"(1309.021978021978, 10.31868131868132)",Lautropia,0,6298
"(1310.551724137931, 42.298850574712645)",Porphyromonas,0,6299
"(1314.021582733813, 469.2517985611511)",Gemella,0,6300
"(1309.7851851851851, 991.5703703703704)",Rothia,0,6301
"(1309.8815789473683, 1220.9605263157894)",Veillonella,0,6302
"(1308.6714285714286, 1265.5857142857142)",Neisseriaceae,0,6303
"(1311.264705882353, 1478.3014705882354)",Treponema,0,6304
"(1313.2298136645963, 1771.807453416149)",Pasteurellaceae,0,6305
"(1315.7748344370862, 906.2450331125827)",Rothia,0,6306
"(1309.7230769230769, 942.2307692307693)",Actinomyces,0,6307
"(1311.8854166666667, 1131.78125)",Pasteurellaceae,0,6308
"(1314.7293233082708, 1309.8947368421052)",TM7,0,6309
"(1310.621212121212, 1087.0151515151515)",Prevotella,0,6310
"(1311.9072164948454, 1709.701030927835)",Corynebacterium,0,6311
"(1315.140350877193, 55.865497076023395)",Rothia,0,6312
"(1312.2388059701493, 361.7910447761194)",Actinomyces,0,6313
"(1315.1804511278197, 682.5037593984962)",Veillonella,0,6314
"(1315.0, 969.2454545454545)",Capnocytophaga,0,6315
"(1316.3873873873874, 1098.7837837837837)",Pasteurellaceae,0,6316
"(1311.5686274509803, 1682.9411764705883)",TM7,0,6318
"(1318.576923076923, 1691.621794871795)",Veillonella,0,6319
"(1314.6855670103093, 1903.3762886597938)",Actinomyces,0,6320
"(1315.1846153846154, 209.7076923076923)",Leptotrichia,0,6321
"(1314.8301886792453, 274.92452830188677)",Actinomyces,0,6322
"(1313.1818181818182, 1197.6363636363637)",Neisseriaceae,0,6323
"(1313.0882352941176, 1790.1617647058824)",Veillonella,0,6324
"(1313.8163265306123, 1841.5510204081634)",Porphyromonas,0,6325
"(1318.1896551724137, 1970.5689655172414)",Capnocytophaga,0,6326
"(1320.2361809045226, 237.99497487437185)",Leptotrichia,0,6328
"(1317.7428571428572, 286.8952380952381)",Actinomyces,0,6329
"(1313.1904761904761, 325.76190476190476)",Actinomyces,0,6330
"(1315.35, 824.9833333333333)",Lautropia,0,6331
"(1320.2237442922374, 1861.2739726027398)",Rothia,0,6333
"(1316.5897435897436, 1078.2435897435898)",Corynebacterium,0,6334
"(1317.5698924731182, 1758.6021505376343)",Leptotrichia,0,6335
"(1320.8992805755395, 76.46762589928058)",Actinomyces,0,6336
"(1316.7397260273972, 1366.2602739726028)",Capnocytophaga,0,6338
"(1320.6262626262626, 1277.4444444444443)",Gemella,0,6339
"(1317.7382550335572, 1431.7718120805368)",Campylobacter,0,6340
"(1317.5454545454545, 1462.6818181818182)",Leptotrichia,0,6341
"(1319.7643312101911, 1553.9745222929937)",Leptotrichia,0,6342
"(1318.5089285714287, 336.44642857142856)",Actinomyces,0,6343
"(1318.55, 480.7)",Prevotella,0,6344
"(1317.7586206896551, 1144.8275862068965)",Rothia,0,6346
"(1317.8909090909092, 1537.8)",Pasteurellaceae,0,6347
"(1319.108695652174, 261.6195652173913)",Fusobacterium,0,6348
"(1321.942196531792, 503.9248554913295)",Gemella,0,6349
"(1319.2337662337663, 934.9480519480519)",Veillonella,0,6350
"(1320.6311475409836, 1335.8524590163934)",Streptococcus,0,6351
"(1324.2312925170068, 1803.4353741496598)",Leptotrichia,0,6352
"(1320.3161764705883, 311.30882352941177)",Leptotrichia,0,6353
"(1321.8625, 1114.975)",Corynebacterium,0,6354
"(1324.859649122807, 1159.233918128655)",Pasteurellaceae,0,6355
"(1320.3473684210526, 1231.6947368421052)",Pasteurellaceae,0,6356
"(1320.1368421052632, 1921.8105263157895)",Pasteurellaceae,0,6357
"(1323.5733333333333, 2.8666666666666667)",Campylobacter,0,6358
"(1320.0833333333333, 217.4)",Leptotrichia,0,6359
"(1322.4234234234234, 1749.963963963964)",Corynebacterium,0,6360
"(1322.3333333333333, 1951.2533333333333)",Corynebacterium,0,6361
"(1325.2808510638297, 25.17872340425532)",Leptotrichia,0,6362
"(1322.9347826086957, 920.445652173913)",Pasteurellaceae,0,6363
"(1324.732057416268, 1059.1291866028707)",Pasteurellaceae,0,6364
"(1325.8294117647058, 1727.570588235294)",Capnocytophaga,0,6366
"(1323.3577981651376, 1822.467889908257)",Selenomonas,0,6367
"(1323.3037974683543, 369.0126582278481)",Porphyromonas,0,6368
"(1323.4193548387098, 1130.0967741935483)",Campylobacter,0,6369
"(1324.6470588235295, 1264.2941176470588)",Gemella,0,6370
"(1330.7450199203188, 1496.2828685258964)",Neisseriaceae,0,6372
"(1323.0852713178294, 1885.5658914728683)",Fusobacterium,0,6373
"(1325.9066666666668, 1993.38)",Rothia,0,6374
"(1326.563025210084, 1515.2521008403362)",Capnocytophaga,0,6375
"(1325.5181818181818, 2013.8545454545454)",Streptococcus,0,6376
"(1328.5696202531647, 1773.620253164557)",Streptococcus,0,6377
"(1326.0777777777778, 411.8333333333333)",Porphyromonas,0,6379
"(1329.1764705882354, 1035.5392156862745)",Streptococcus,0,6380
"(1328.5545851528384, 1189.9912663755458)",Pasteurellaceae,0,6381
"(1330.7697368421052, 1412.75)",Pasteurellaceae,0,6382
"(1326.134328358209, 1710.1492537313434)",Leptotrichia,0,6383
"(1335.1298076923076, 79.96153846153847)",Streptococcus,0,6384
"(1327.4202898550725, 394.2608695652174)",Lautropia,0,6385
"(1326.9166666666667, 879.8166666666667)",Neisseriaceae,0,6386
"(1332.119718309859, 987.8943661971831)",Treponema,0,6387
"(1328.534090909091, 1247.7727272727273)",Pasteurellaceae,0,6388
"(1328.6875, 355.8)",Actinomyces,0,6389
"(1328.4225352112676, 842.112676056338)",Corynebacterium,0,6390
"(1330.8313253012047, 276.4578313253012)",Fusobacterium,0,6391
"(1328.5238095238096, 1838.547619047619)",Veillonella,0,6392
"(1330.1744186046512, 1933.0232558139535)",Actinomyces,0,6393
"(1330.8051948051948, 975.5974025974026)",Gemella,0,6395
"(1335.1717791411043, 1467.355828220859)",Capnocytophaga,0,6396
"(1332.012658227848, 1704.6582278481012)",Capnocytophaga,0,6397
"(1336.2721088435374, 109.38095238095238)",Corynebacterium,0,6398
"(1331.6363636363637, 828.2159090909091)",Veillonella,0,6399
"(1332.3867403314916, 1092.596685082873)",Treponema,0,6400
"(1332.2820512820513, 54.12820512820513)",Actinomyces,0,6401
"(1333.5444444444445, 324.14444444444445)",Actinomyces,0,6402
"(1337.1117647058823, 461.9235294117647)",Lautropia,0,6403
"(1332.4095238095238, 679.8761904761905)",Gemella,0,6404
"(1335.5949367088608, 892.1582278481013)",Fusobacterium,0,6405
"(1336.0, 944.1985018726592)",Neisseriaceae,0,6406
"(1332.7301587301588, 1356.2698412698412)",Capnocytophaga,0,6407
"(1342.508064516129, 1375.9233870967741)",Corynebacterium,0,6408
"(1334.4545454545455, 1443.2314049586778)",Lautropia,0,6409
"(1335.2921348314608, 38.348314606741575)",Pasteurellaceae,0,6410
"(1339.7232704402516, 220.45283018867926)",Leptotrichia,0,6411
"(1335.89, 339.89)",Actinomyces,0,6412
"(1335.8455284552845, 1303.3739837398373)",Lautropia,0,6413
"(1333.1960784313726, 1397.9803921568628)",Corynebacterium,0,6414
"(1338.1603773584907, 1899.8396226415093)",Capnocytophaga,0,6415
"(1334.9555555555555, 1969.4777777777779)",Fusobacterium,0,6416
"(1335.5212765957447, 260.468085106383)",Fusobacterium,0,6417
"(1334.3975903614457, 810.3132530120482)",Lautropia,0,6418
"(1332.8, 1341.4666666666667)",Veillonella,0,6419
"(1338.5625, 1779.4609375)",Lautropia,0,6420
"(1339.2972972972973, 406.5810810810811)",Actinomyces,0,6421
"(1336.3291139240507, 708.4050632911392)",Leptotrichia,0,6422
"(1338.3909090909092, 1167.418181818182)",Neisseriaceae,0,6423
"(1340.5972222222222, 1264.4166666666667)",Corynebacterium,0,6424
"(1334.3, 1481.442857142857)",Neisseriaceae,0,6425
"(1337.1487603305786, 295.504132231405)",Leptotrichia,0,6426
"(1336.6788990825687, 1122.908256880734)",Selenomonas,0,6427
"(1335.5066666666667, 1853.9866666666667)",Rothia,0,6429
"(1338.345864661654, 913.4586466165414)",Pasteurellaceae,0,6430
"(1347.8461538461538, 1927.9467455621302)",Fusobacterium,0,6432
"(1339.56, 61.986666666666665)",Actinomyces,0,6433
"(1338.031746031746, 380.1904761904762)",Porphyromonas,0,6434
"(1339.078431372549, 1229.9281045751634)",Pasteurellaceae,0,6436
"(1338.3820224719102, 1323.2696629213483)",Veillonella,0,6437
"(1344.7883211678832, 1430.992700729927)",Lautropia,0,6438
"(1340.229411764706, 1691.335294117647)",Corynebacterium,0,6439
"(1340.4368421052632, 1869.8263157894737)",Rothia,0,6441
"(1338.2892561983472, 1950.314049586777)",Actinomyces,0,6442
"(1344.0983606557377, 965.6967213114754)",Gemella,0,6443
"(1338.8961038961038, 1040.7792207792209)",Neisseriaceae,0,6444
"(1345.3225806451612, 1201.6236559139784)",Capnocytophaga,0,6445
"(1341.2641509433963, 1720.2169811320755)",Leptotrichia,0,6446
"(1339.0151515151515, 1915.3636363636363)",Actinomyces,0,6447
"(1338.6714285714286, 1995.2857142857142)",Rothia,0,6448
"(1340.5523809523809, 1819.8285714285714)",Streptococcus,0,6449
"(1347.251497005988, 317.7065868263473)",Fusobacterium,0,6450
"(1342.0405405405406, 359.81081081081084)",Pasteurellaceae,0,6452
"(1342.5061728395062, 1133.5185185185185)",Streptococcus,0,6454
"(1344.2543859649122, 6.421052631578948)",Pasteurellaceae,0,6456
"(1342.4347826086957, 238.6195652173913)",Corynebacterium,0,6457
"(1343.2087912087911, 371.2857142857143)",Porphyromonas,0,6458
"(1350.4627450980392, 1448.521568627451)",Lautropia,0,6459
"(1344.5294117647059, 1982.7529411764706)",Rothia,0,6460
"(1342.140625, 2016.53125)",Streptococcus,0,6461
"(1347.7279411764705, 1283.8308823529412)",Veillonella,0,6463
"(1350.0123456790122, 858.5432098765432)",Selenomonas,0,6465
"(1345.872, 1339.528)",Lautropia,0,6467
"(1347.6384976525821, 1398.8309859154929)",Capnocytophaga,0,6468
"(1347.5094339622642, 1790.4528301886792)",Capnocytophaga,0,6469
"(1348.592356687898, 694.5414012738853)",Leptotrichia,0,6470
"(1347.607142857143, 825.2261904761905)",Leptotrichia,0,6471
"(1346.8857142857144, 929.8285714285714)",Leptotrichia,0,6472
"(1347.2162162162163, 1148.9324324324325)",Veillonella,0,6473
"(1346.0344827586207, 2024.6896551724137)",Streptococcus,0,6474
"(1348.923076923077, 123.3974358974359)",Leptotrichia,0,6475
"(1349.3614457831325, 254.710843373494)",TM7,0,6476
"(1349.901754385965, 1060.8035087719297)",Neisseriaceae,0,6477
"(1351.274336283186, 1906.070796460177)",Capnocytophaga,0,6478
"(1348.8051948051948, 2041.974025974026)",Lautropia,0,6479
"(1353.4014598540145, 19.99270072992701)",Corynebacterium,0,6480
"(1351.081081081081, 345.5)",Fusobacterium,0,6481
"(1353.3587786259543, 1309.6030534351146)",Lautropia,0,6482
"(1350.5866666666666, 47.57333333333333)",Pasteurellaceae,0,6483
"(1353.1724137931035, 101.6896551724138)",Rothia,0,6484
"(1349.0359281437127, 1113.5389221556886)",Gemella,0,6485
"(1348.948717948718, 1811.448717948718)",Pasteurellaceae,0,6486
"(1349.4545454545455, 1968.6363636363637)",Actinomyces,0,6487
"(1351.49, 87.11)",TM7,0,6488
"(1349.9864864864865, 787.1756756756756)",Pasteurellaceae,0,6489
"(1350.6133333333332, 888.1133333333333)",Rothia,0,6490
"(1354.6933333333334, 1828.9533333333334)",Capnocytophaga,0,6491
"(1352.33, 1850.825)",Capnocytophaga,0,6492
"(1356.4172185430464, 1362.1456953642385)",Leptotrichia,0,6493
"(1355.0173010380622, 1504.0069204152248)",Gemella,0,6494
"(1352.1650485436894, 983.2330097087379)",Neisseriaceae,0,6495
"(1355.3, 66.93)",Neisseriaceae,0,6497
"(1354.948275862069, 277.4597701149425)",Actinomyces,0,6498
"(1353.2435897435898, 385.52564102564105)",TM7,0,6499
"(1354.48, 1420.8)",Gemella,0,6500
"(1352.5833333333333, 1885.6805555555557)",Capnocytophaga,0,6501
"(1352.9125, 1955.95)",Rothia,0,6502
"(1359.9953051643192, 2013.5070422535211)",Capnocytophaga,0,6503
"(1358.3684210526317, 2032.2719298245613)",TM7,0,6504
"(1354.3274336283187, 33.2212389380531)",Corynebacterium,0,6505
"(1353.12, 548.14)",Veillonella,0,6506
"(1355.1090909090908, 807.3181818181819)",Leptotrichia,0,6507
"(1354.1052631578948, 1219.719298245614)",Selenomonas,0,6508
"(1355.8638743455497, 1254.0942408376964)",Corynebacterium,0,6509
"(1354.358024691358, 1713.6913580246915)",Leptotrichia,0,6510
"(1357.611111111111, 305.4111111111111)",Porphyromonas,0,6511
"(1354.8349514563106, 1085.0)",Streptococcus,0,6512
"(1355.7631578947369, 1992.3157894736842)",Actinomyces,0,6513
"(1357.1118881118882, 1177.7762237762238)",Capnocytophaga,0,6514
"(1359.066037735849, 580.2075471698113)",Fusobacterium,0,6515
"(1360.5036496350365, 921.043795620438)",Gemella,0,6516
"(1358.6836734693877, 372.7142857142857)",Actinomyces,0,6517
"(1358.9862068965517, 477.53793103448277)",Porphyromonas,0,6518
"(1365.1333333333334, 1864.9128205128204)",Veillonella,0,6519
"(1361.5641025641025, 1916.6410256410256)",Capnocytophaga,0,6520
"(1359.041095890411, 403.71232876712327)",Campylobacter,0,6521
"(1359.3235294117646, 442.8235294117647)",Selenomonas,0,6522
"(1359.862745098039, 456.9313725490196)",Treponema,0,6523
"(1361.646551724138, 750.5086206896551)",Gemella,0,6524
"(1360.8305084745762, 293.50847457627117)",Rothia,0,6525
"(1361.9746835443038, 905.2784810126582)",Rothia,0,6527
"(1359.9433962264152, 1162.8867924528302)",TM7,0,6528
"(1362.7314285714285, 1527.2171428571428)",Pasteurellaceae,0,6529
"(1363.0617283950617, 1708.9876543209878)",Leptotrichia,0,6530
"(1363.4240837696334, 1795.2041884816754)",TM7,0,6531
"(1360.8682170542636, 876.6201550387597)",Actinomyces,0,6532
"(1361.4615384615386, 1275.3461538461538)",Leptotrichia,0,6533
"(1361.0, 1468.140350877193)",Leptotrichia,0,6534
"(1368.9074074074074, 58.98456790123457)",Veillonella,0,6535
"(1363.6530612244899, 559.6802721088435)",Neisseriaceae,0,6536
"(1367.212669683258, 969.9004524886877)",Lautropia,0,6537
"(1362.3412698412699, 1146.9126984126983)",TM7,0,6538
"(1362.079365079365, 1294.7619047619048)",Treponema,0,6539
"(1366.716535433071, 1383.7716535433071)",Leptotrichia,0,6540
"(1367.837606837607, 846.6495726495726)",Neisseriaceae,0,6542
"(1364.1645569620252, 1405.9367088607594)",Leptotrichia,0,6545
"(1368.9596774193549, 1880.0362903225807)",Rothia,0,6546
"(1363.5, 332.1132075471698)",Leptotrichia,0,6547
"(1365.341463414634, 1131.2317073170732)",Prevotella,0,6548
"(1366.3493975903614, 785.2168674698795)",Leptotrichia,0,6550
"(1371.1069182389938, 1949.446540880503)",Actinomyces,0,6551
"(1367.9920634920634, 116.07936507936508)",Rothia,0,6552
"(1366.26582278481, 133.1012658227848)",Rothia,0,6553
"(1366.4642857142858, 257.4047619047619)",Actinomyces,0,6554
"(1371.532258064516, 824.7258064516129)",Leptotrichia,0,6555
"(1367.2236842105262, 1118.8026315789473)",Neisseriaceae,0,6556
"(1366.6973684210527, 1232.1315789473683)",Pasteurellaceae,0,6557
"(1367.0285714285715, 1812.7428571428572)",Capnocytophaga,0,6558
"(1367.5069444444443, 1969.236111111111)",Actinomyces,0,6559
"(1371.0650887573966, 700.7869822485208)",Corynebacterium,0,6560
"(1369.060975609756, 928.3048780487804)",Leptotrichia,0,6561
"(1367.7529411764706, 1310.5882352941176)",Gemella,0,6562
"(1367.8588235294117, 285.08235294117645)",Fusobacterium,0,6564
"(1368.8058252427184, 381.6990291262136)",Actinomyces,0,6565
"(1367.1076923076923, 537.1384615384616)",Veillonella,0,6566
"(1369.3287671232877, 902.3561643835617)",Rothia,0,6567
"(1368.590909090909, 1108.1060606060605)",TM7,0,6568
"(1370.357142857143, 1365.1632653061224)",Corynebacterium,0,6569
"(1367.8225806451612, 1426.1774193548388)",Lautropia,0,6570
"(1370.9885057471265, 148.94252873563218)",Actinomyces,0,6571
"(1369.8533333333332, 308.28)",Porphyromonas,0,6572
"(1373.0470588235294, 1196.8)",Actinomyces,0,6573
"(1374.6969696969697, 1283.1174242424242)",Corynebacterium,0,6574
"(1370.406779661017, 1345.8305084745762)",Capnocytophaga,0,6575
"(1369.4649122807018, 1455.3684210526317)",Leptotrichia,0,6576
"(1373.1066666666666, 341.34)",Capnocytophaga,0,6577
"(1372.578431372549, 406.7549019607843)",Porphyromonas,0,6578
"(1370.7857142857142, 444.33035714285717)",Gemella,0,6579
"(1378.2032258064517, 1255.7387096774194)",Pasteurellaceae,0,6580
"(1371.1739130434783, 1833.4927536231885)",Capnocytophaga,0,6581
"(1372.215909090909, 2007.4772727272727)",Porphyromonas,0,6582
"(1372.2028985507247, 271.6521739130435)",Corynebacterium,0,6583
"(1378.65, 1173.77)",Streptococcus,0,6584
"(1372.642857142857, 1906.1785714285713)",Rothia,0,6585
"(1378.6629834254143, 1929.7237569060774)",Corynebacterium,0,6586
"(1374.1044776119404, 423.47014925373134)",Prevotella,0,6588
"(1381.622641509434, 572.4150943396227)",Neisseriaceae,0,6589
"(1376.848, 771.272)",Gemella,0,6590
"(1376.654761904762, 879.5674603174604)",Pasteurellaceae,0,6591
"(1374.6511627906978, 1158.046511627907)",Pasteurellaceae,0,6592
"(1377.0331125827815, 1482.0132450331125)",Leptotrichia,0,6593
"(1377.069306930693, 1871.3564356435643)",Capnocytophaga,0,6594
"(1377.5123966942149, 2040.8264462809918)",Rothia,0,6595
"(1384.2938144329896, 364.89690721649487)",Actinomyces,0,6596
"(1378.0103092783504, 395.0618556701031)",Lautropia,0,6597
"(1375.844827586207, 79.41379310344827)",Corynebacterium,0,6598
"(1376.721649484536, 99.64948453608247)",Rothia,0,6599
"(1376.2463768115942, 1511.608695652174)",Leptotrichia,0,6600
"(1376.88, 1554.5333333333333)",Neisseriaceae,0,6601
"(1381.6666666666667, 316.1736111111111)",Pasteurellaceae,0,6602
"(1378.075, 548.5333333333333)",Porphyromonas,0,6603
"(1380.1223021582734, 755.410071942446)",Pasteurellaceae,0,6604
"(1376.8615384615384, 812.6461538461539)",Leptotrichia,0,6605
"(1378.6138613861385, 1217.6930693069307)",Capnocytophaga,0,6606
"(1378.3561643835617, 1397.0616438356165)",Pasteurellaceae,0,6607
"(1379.2636363636364, 1536.0272727272727)",Neisseriaceae,0,6608
"(1377.2808988764045, 1578.5393258426966)",Capnocytophaga,0,6609
"(1382.457627118644, 1592.1016949152543)",Neisseriaceae,0,6610
"(1377.844827586207, 130.13793103448276)",Rothia,0,6611
"(1380.965, 249.62)",Actinomyces,0,6612
"(1380.3142857142857, 857.7619047619048)",Leptotrichia,0,6613
"(1380.680412371134, 944.8247422680413)",Pasteurellaceae,0,6614
"(1377.2089552238806, 1130.3880597014925)",Pasteurellaceae,0,6615
"(1378.0, 1341.537037037037)",Actinomyces,0,6616
"(1378.5333333333333, 1820.1833333333334)",Veillonella,0,6617
"(1382.7720588235295, 2023.7941176470588)",Campylobacter,0,6619
"(1379.2051282051282, 1440.3846153846155)",Leptotrichia,0,6621
"(1380.4177215189873, 1501.9240506329113)",Corynebacterium,0,6622
"(1378.7903225806451, 1852.1451612903227)",Rothia,0,6623
"(1382.1775147928995, 1984.0473372781064)",Actinomyces,0,6624
"(1380.5514018691588, 299.2616822429907)",Fusobacterium,0,6625
"(1382.986301369863, 794.027397260274)",Selenomonas,0,6626
"(1381.5529411764705, 1097.9764705882353)",Veillonella,0,6627
"(1379.6274509803923, 1807.764705882353)",Porphyromonas,0,6628
"(1387.3469387755101, 381.74149659863946)",Actinomyces,0,6629
"(1383.0229885057472, 922.3333333333334)",TM7,0,6630
"(1384.75, 1140.1442307692307)",TM7,0,6631
"(1387.6891191709844, 1236.2279792746115)",Capnocytophaga,0,6632
"(1390.635, 1354.15)",Leptotrichia,0,6633
"(1381.75, 1118.475)",TM7,0,6634
"(1383.5394736842106, 1522.0263157894738)",Leptotrichia,0,6635
"(1383.2649572649573, 1914.4529914529915)",Actinomyces,0,6636
"(1386.3803680981596, 961.1226993865031)",Neisseriaceae,0,6638
"(1385.7846153846153, 1462.9)",Leptotrichia,0,6639
"(1385.2359550561798, 2003.6067415730338)",Actinomyces,0,6640
"(1385.4354838709678, 536.7258064516129)",Pasteurellaceae,0,6641
"(1389.6597222222222, 834.21875)",Leptotrichia,0,6642
"(1386.3706896551723, 1838.9913793103449)",Capnocytophaga,0,6643
"(1386.042105263158, 703.7578947368421)",Actinomyces,0,6644
"(1385.579365079365, 737.4761904761905)",Pasteurellaceae,0,6645
"(1388.4960629921259, 895.6771653543307)",Neisseriaceae,0,6646
"(1386.837837837838, 1431.8243243243244)",Leptotrichia,0,6647
"(1396.0579150579151, 1404.5752895752896)",Selenomonas,0,6648
"(1389.870588235294, 108.25882352941177)",Fusobacterium,0,6649
"(1388.5454545454545, 122.13636363636364)",Rothia,0,6650
"(1390.1041666666667, 276.90625)",Veillonella,0,6651
"(1387.423076923077, 350.5192307692308)",Actinomyces,0,6652
"(1392.948275862069, 1112.7356321839081)",Leptotrichia,0,6653
"(1388.857142857143, 1365.077922077922)",Pasteurellaceae,0,6654
"(1389.1075268817203, 1378.1182795698924)",Pasteurellaceae,0,6655
"(1387.1206896551723, 1825.103448275862)",Pasteurellaceae,0,6657
"(1391.5489130434783, 1892.1358695652175)",Rothia,0,6658
"(1387.032258064516, 1964.9032258064517)",Actinomyces,0,6659
"(1390.2298850574712, 1156.3218390804598)",Rothia,0,6660
"(1396.9812030075188, 1635.4887218045112)",TM7,0,6661
"(1396.0943396226414, 1856.7830188679245)",Streptococcus,0,6662
"(1390.6438356164383, 72.70547945205479)",Actinomyces,0,6663
"(1388.962962962963, 139.25925925925927)",Fusobacterium,0,6664
"(1391.75, 333.03846153846155)",Porphyromonas,0,6665
"(1395.0, 1551.2716049382716)",Treponema,0,6666
"(1391.4259259259259, 1618.0092592592594)",Treponema,0,6667
"(1391.9193548387098, 1799.1451612903227)",Veillonella,0,6668
"(1391.8939393939395, 776.560606060606)",Treponema,0,6669
"(1391.8189655172414, 1955.2068965517242)",Capnocytophaga,0,6670
"(1402.926406926407, 63.83549783549783)",Pasteurellaceae,0,6671
"(1393.5833333333333, 252.70238095238096)",Neisseriaceae,0,6672
"(1392.6785714285713, 405.01785714285717)",Lautropia,0,6673
"(1391.28125, 1194.09375)",Corynebacterium,0,6674
"(1392.581081081081, 1602.1486486486488)",Neisseriaceae,0,6675
"(1395.1949152542372, 1872.5677966101696)",Streptococcus,0,6676
"(1393.875, 906.725)",Fusobacterium,0,6678
"(1400.8636363636363, 939.8295454545455)",Lautropia,0,6679
"(1398.6028368794325, 965.2836879432624)",Leptotrichia,0,6680
"(1405.4, 183.7846153846154)",Neisseriaceae,0,6681
"(1397.5986842105262, 270.7171052631579)",Streptococcus,0,6682
"(1398.7478632478633, 550.1965811965812)",Leptotrichia,0,6683
"(1396.5857142857142, 2036.8857142857144)",Rothia,0,6684
"(1397.5508982035929, 89.9940119760479)",Actinomyces,0,6685
"(1395.4714285714285, 1387.6857142857143)",Selenomonas,0,6686
"(1395.4558823529412, 1812.764705882353)",Streptococcus,0,6687
"(1396.5714285714287, 294.51190476190476)",Porphyromonas,0,6688
"(1394.9298245614036, 756.4912280701755)",Capnocytophaga,0,6689
"(1397.6785714285713, 1505.9795918367347)",Leptotrichia,0,6690
"(1403.2781456953642, 426.4834437086093)",Fusobacterium,0,6691
"(1397.7692307692307, 1169.9846153846154)",Streptococcus,0,6692
"(1398.4485981308412, 1218.5794392523364)",Leptotrichia,0,6693
"(1397.2929292929293, 1572.1616161616162)",Neisseriaceae,0,6694
"(1401.672131147541, 1663.811475409836)",Veillonella,0,6695
"(1397.3181818181818, 2014.8181818181818)",Fusobacterium,0,6696
"(1397.8, 147.0)",Rothia,0,6697
"(1397.5483870967741, 575.4032258064516)",TM7,0,6698
"(1402.93006993007, 728.0)",Corynebacterium,0,6699
"(1399.3163265306123, 1486.030612244898)",Leptotrichia,0,6701
"(1402.3790322580646, 1533.5887096774193)",Leptotrichia,0,6702
"(1397.263888888889, 1927.2222222222222)",Porphyromonas,0,6703
"(1401.517543859649, 197.25438596491227)",Pasteurellaceae,0,6704
"(1401.0377358490566, 319.9496855345912)",Actinomyces,0,6705
"(1399.0746268656717, 743.1641791044776)",Pasteurellaceae,0,6706
"(1398.3376623376623, 766.0649350649351)",Pasteurellaceae,0,6707
"(1401.2680412371135, 921.8350515463917)",Capnocytophaga,0,6708
"(1400.3181818181818, 1281.060606060606)",Fusobacterium,0,6709
"(1400.4507042253522, 1422.394366197183)",Veillonella,0,6710
"(1402.2485207100592, 1887.2011834319526)",Capnocytophaga,0,6711
"(1400.1931818181818, 1201.2272727272727)",Pasteurellaceae,0,6712
"(1402.04, 1298.06)",Veillonella,0,6713
"(1401.695652173913, 1313.0521739130436)",Selenomonas,0,6714
"(1400.2068965517242, 1935.2931034482758)",Actinomyces,0,6715
"(1403.1379310344828, 250.19540229885058)",Lautropia,0,6716
"(1401.3671875, 703.5234375)",Actinomyces,0,6717
"(1407.0920245398772, 886.8527607361963)",Corynebacterium,0,6718
"(1405.7666666666667, 1327.1066666666666)",Veillonella,0,6719
"(1401.046875, 1365.40625)",Pasteurellaceae,0,6720
"(1402.2073170731708, 1837.5121951219512)",Capnocytophaga,0,6722
"(1401.9021739130435, 130.77173913043478)",Rothia,0,6723
"(1403.3836477987422, 351.49056603773585)",Actinomyces,0,6724
"(1405.8389830508474, 1824.9322033898304)",Capnocytophaga,0,6726
"(1403.3739837398373, 1968.4308943089432)",Capnocytophaga,0,6727
"(1402.6896551724137, 1992.6344827586206)",Actinomyces,0,6728
"(1404.2178217821781, 113.74257425742574)",Fusobacterium,0,6729
"(1403.267857142857, 386.64285714285717)",Actinomyces,0,6730
"(1404.2063492063492, 586.063492063492)",Streptococcus,0,6731
"(1403.3295454545455, 846.125)",Leptotrichia,0,6732
"(1405.3239436619717, 992.3098591549295)",Actinomyces,0,6733
"(1411.784090909091, 861.1439393939394)",Leptotrichia,0,6734
"(1405.215909090909, 1183.6818181818182)",Pasteurellaceae,0,6735
"(1404.032258064516, 1448.9569892473119)",Leptotrichia,0,6736
"(1405.5842696629213, 1649.5505617977528)",Rothia,0,6737
"(1411.7181818181818, 35.52424242424242)",Lautropia,0,6738
"(1410.261224489796, 1149.7142857142858)",Pasteurellaceae,0,6739
"(1406.7076923076922, 1467.0076923076922)",Leptotrichia,0,6740
"(1407.8429319371728, 1589.9476439790576)",Pasteurellaceae,0,6741
"(1406.654867256637, 566.4159292035398)",Veillonella,0,6742
"(1411.3801169590643, 978.719298245614)",Pasteurellaceae,0,6743
"(1408.6206896551723, 487.4913793103448)",Gemella,0,6744
"(1408.2931034482758, 903.551724137931)",Pasteurellaceae,0,6745
"(1408.4736842105262, 1250.9605263157894)",Leptotrichia,0,6746
"(1406.8252427184466, 1914.116504854369)",Actinomyces,0,6747
"(1412.5985401459855, 1950.912408759124)",Rothia,0,6748
"(1411.6756756756756, 218.38738738738738)",Selenomonas,0,6749
"(1408.6105263157895, 300.1684210526316)",Porphyromonas,0,6750
"(1407.5344827586207, 367.7413793103448)",Actinomyces,0,6751
"(1409.701388888889, 1127.8402777777778)",Lautropia,0,6752
"(1411.3511904761904, 1345.2261904761904)",Leptotrichia,0,6753
"(1408.8658536585365, 1521.5731707317073)",Leptotrichia,0,6754
"(1409.6027397260275, 1614.1575342465753)",Leptotrichia,0,6756
"(1408.6124031007753, 2017.4651162790697)",Capnocytophaga,0,6757
"(1413.496644295302, 1101.0)",Leptotrichia,0,6760
"(1409.25, 1484.5526315789473)",Leptotrichia,0,6761
"(1409.6697247706422, 612.6330275229358)",Gemella,0,6762
"(1410.8983050847457, 951.457627118644)",Lautropia,0,6763
"(1414.12, 1171.944)",Corynebacterium,0,6764
"(1409.7868852459017, 1233.295081967213)",Pasteurellaceae,0,6765
"(1415.6949152542372, 1375.5550847457628)",Pasteurellaceae,0,6766
"(1410.8115942028985, 1904.695652173913)",Actinomyces,0,6767
"(1416.1013513513512, 2042.8648648648648)",Rothia,0,6768
"(1414.688524590164, 147.3551912568306)",Actinomyces,0,6769
"(1420.602787456446, 159.29965156794424)",Actinomyces,0,6770
"(1413.5363636363636, 1216.8818181818183)",Leptotrichia,0,6771
"(1413.298245614035, 1810.5350877192982)",Fusobacterium,0,6772
"(1413.2777777777778, 53.666666666666664)",Pasteurellaceae,0,6773
"(1412.9772727272727, 747.9166666666666)",Treponema,0,6775
"(1414.978417266187, 1416.3597122302158)",Leptotrichia,0,6776
"(1411.735294117647, 1864.5)",Streptococcus,0,6777
"(1415.2659574468084, 384.8936170212766)",Porphyromonas,0,6779
"(1414.1478873239437, 409.5211267605634)",TM7,0,6780
"(1417.7687074829932, 1267.9251700680272)",Corynebacterium,0,6781
"(1428.463768115942, 90.94492753623189)",Pasteurellaceae,0,6782
"(1413.7410714285713, 1199.9285714285713)",Fusobacterium,0,6784
"(1416.5904761904762, 916.3619047619047)",Pasteurellaceae,0,6785
"(1422.3314917127072, 1283.2762430939226)",Corynebacterium,0,6787
"(1415.0, 1996.1290322580646)",Fusobacterium,0,6788
"(1417.1967213114754, 508.24590163934425)",Gemella,0,6789
"(1418.6323529411766, 596.4044117647059)",Gemella,0,6790
"(1418.6666666666667, 777.8888888888889)",Gemella,0,6791
"(1416.247191011236, 1978.6179775280898)",Capnocytophaga,0,6792
"(1416.388888888889, 129.95555555555555)",Actinomyces,0,6793
"(1424.3118279569892, 335.23655913978496)",Actinomyces,0,6794
"(1418.1780104712043, 703.8376963350786)",Actinomyces,0,6795
"(1417.7142857142858, 763.6)",Veillonella,0,6796
"(1424.1776649746193, 933.6142131979695)",Corynebacterium,0,6797
"(1420.9857142857143, 1387.1571428571428)",Pasteurellaceae,0,6798
"(1420.3467741935483, 1402.5645161290322)",Pasteurellaceae,0,6799
"(1416.6237623762377, 1446.8118811881188)",Leptotrichia,0,6800
"(1416.7118644067796, 1546.6949152542372)",Leptotrichia,0,6801
"(1416.6860465116279, 1846.953488372093)",Streptococcus,0,6802
"(1418.978354978355, 1932.112554112554)",Actinomyces,0,6803
"(1418.6024096385543, 635.1204819277109)",Lautropia,0,6804
"(1422.0737704918033, 1430.8688524590164)",Leptotrichia,0,6805
"(1418.7058823529412, 1497.75)",Leptotrichia,0,6806
"(1420.57, 1575.97)",Leptotrichia,0,6807
"(1418.0344827586207, 360.5)",Rothia,0,6808
"(1423.1268656716418, 965.4850746268656)",Corynebacterium,0,6809
"(1418.739837398374, 1304.1138211382113)",Selenomonas,0,6810
"(1419.3882352941177, 1558.9176470588236)",Leptotrichia,0,6811
"(1418.8333333333333, 1660.013888888889)",Rothia,0,6812
"(1423.6692913385828, 1880.716535433071)",Rothia,0,6813
"(1422.5098039215686, 107.66666666666667)",Selenomonas,0,6814
"(1434.076923076923, 480.16722408026754)",Gemella,0,6815
"(1423.8427672955975, 2018.0377358490566)",Porphyromonas,0,6816
"(1422.3333333333333, 205.95833333333334)",Leptotrichia,0,6817
"(1422.9882352941177, 222.2)",Campylobacter,0,6818
"(1421.5714285714287, 351.27472527472526)",Rothia,0,6819
"(1421.235294117647, 433.65686274509807)",TM7,0,6820
"(1420.8555555555556, 724.7888888888889)",Gemella,0,6821
"(1422.1222222222223, 1645.0555555555557)",Rothia,0,6822
"(1421.3015873015872, 1900.063492063492)",Capnocytophaga,0,6823
"(1430.1505376344087, 373.3763440860215)",Porphyromonas,0,6824
"(1424.5131578947369, 523.8815789473684)",Gemella,0,6825
"(1424.864, 554.496)",Corynebacterium,0,6826
"(1422.6774193548388, 1512.6774193548388)",Leptotrichia,0,6827
"(1421.0169491525423, 1522.3898305084747)",Leptotrichia,0,6828
"(1426.142857142857, 1623.8186813186812)",Leptotrichia,0,6829
"(1424.1707317073171, 73.17073170731707)",Leptotrichia,0,6830
"(1427.7479674796748, 424.4471544715447)",Veillonella,0,6831
"(1429.3287671232877, 1003.0319634703196)",Capnocytophaga,0,6832
"(1422.5081967213114, 1076.0655737704917)",Neisseriaceae,0,6833
"(1422.5873015873017, 1236.4761904761904)",Neisseriaceae,0,6834
"(1429.0157068062827, 1254.3821989528797)",Pasteurellaceae,0,6835
"(1423.4623655913979, 1481.8924731182797)",Leptotrichia,0,6836
"(1424.6027397260275, 1983.4657534246576)",Actinomyces,0,6838
"(1426.421686746988, 1316.2530120481927)",Selenomonas,0,6839
"(1428.0, 1540.662857142857)",Leptotrichia,0,6840
"(1425.467213114754, 898.6147540983607)",Corynebacterium,0,6842
"(1427.8333333333333, 987.1666666666666)",Neisseriaceae,0,6843
"(1427.5089285714287, 1089.625)",Fusobacterium,0,6844
"(1426.7582417582419, 1360.7912087912089)",Veillonella,0,6845
"(1426.1494252873563, 1854.5632183908046)",Veillonella,0,6846
"(1426.4941176470588, 444.81176470588235)",Veillonella,0,6847
"(1426.7307692307693, 761.1923076923077)",Prevotella,0,6848
"(1426.875, 1114.0972222222222)",Pasteurellaceae,0,6849
"(1425.5277777777778, 1216.5)",Leptotrichia,0,6850
"(1427.4649122807018, 1831.9649122807018)",Leptotrichia,0,6851
"(1427.7777777777778, 1869.9259259259259)",Leptotrichia,0,6852
"(1437.457264957265, 1916.7564102564102)",Rothia,0,6853
"(1430.1129032258063, 177.0)",Actinomyces,0,6854
"(1430.1568627450981, 189.61764705882354)",Actinomyces,0,6855
"(1428.578313253012, 642.289156626506)",Gemella,0,6856
"(1428.6666666666667, 1602.0)",Leptotrichia,0,6857
"(1428.9610389610389, 123.40259740259741)",Pasteurellaceae,0,6858
"(1434.4007782101166, 399.18677042801556)",Leptotrichia,0,6859
"(1429.0879120879122, 457.4945054945055)",Veillonella,0,6860
"(1429.986111111111, 1462.0069444444443)",Leptotrichia,0,6862
"(1436.3529411764705, 1965.7754010695187)",Capnocytophaga,0,6863
"(1430.625, 744.9772727272727)",Rothia,0,6864
"(1430.6883116883116, 1224.8701298701299)",Pasteurellaceae,0,6865
"(1432.5079365079366, 1427.3968253968253)",Corynebacterium,0,6866
"(1433.3495934959349, 47.78861788617886)",Lautropia,0,6867
"(1434.468085106383, 658.3333333333334)",Veillonella,0,6868
"(1431.76, 916.69)",Leptotrichia,0,6869
"(1434.3129770992366, 1897.4274809160306)",Capnocytophaga,0,6870
"(1434.9565217391305, 228.02173913043478)",Pasteurellaceae,0,6872
"(1431.6181818181817, 1244.2545454545455)",Pasteurellaceae,0,6873
"(1432.661971830986, 1301.5915492957747)",Capnocytophaga,0,6874
"(1433.6860465116279, 1328.4709302325582)",Rothia,0,6875
"(1434.659574468085, 1349.0)",Lautropia,0,6876
"(1434.047619047619, 1496.8639455782313)",Leptotrichia,0,6877
"(1438.1363636363637, 730.5324675324675)",Rothia,0,6878
"(1433.126984126984, 1069.4761904761904)",Campylobacter,0,6879
"(1439.951923076923, 1415.625)",Leptotrichia,0,6880
"(1438.475, 950.5208333333334)",Corynebacterium,0,6881
"(1439.1506024096386, 1208.1566265060242)",Capnocytophaga,0,6882
"(1446.04329004329, 126.83982683982684)",Pasteurellaceae,0,6883
"(1435.4244604316548, 624.3453237410072)",Pasteurellaceae,0,6884
"(1438.2238095238095, 707.552380952381)",Treponema,0,6885
"(1433.4406779661017, 1389.4915254237287)",Pasteurellaceae,0,6886
"(1437.9345794392523, 1617.5607476635514)",Leptotrichia,0,6887
"(1434.9506172839506, 1879.716049382716)",Rothia,0,6888
"(1436.4186046511627, 1931.8294573643411)",Capnocytophaga,0,6889
"(1438.450819672131, 1987.2377049180327)",Actinomyces,0,6890
"(1437.1333333333334, 2007.8133333333333)",Capnocytophaga,0,6891
"(1443.105882352941, 145.72941176470587)",TM7,0,6892
"(1436.3623188405797, 1397.304347826087)",Prevotella,0,6893
"(1438.8194444444443, 67.05555555555556)",Lautropia,0,6894
"(1437.4675324675325, 1371.9610389610389)",Lautropia,0,6897
"(1439.6477987421383, 2035.685534591195)",TM7,0,6898
"(1443.1647727272727, 351.95454545454544)",Leptotrichia,0,6899
"(1446.6979865771812, 604.6140939597316)",Prevotella,0,6900
"(1439.4736842105262, 773.7894736842105)",Lautropia,0,6901
"(1438.6268656716418, 1076.7761194029852)",Corynebacterium,0,6902
"(1441.1491228070176, 1109.0350877192982)",Actinomyces,0,6903
"(1444.3839285714287, 1527.4464285714287)",Leptotrichia,0,6904
"(1444.9291044776119, 10.097014925373134)",Treponema,0,6905
"(1439.5504587155963, 540.5321100917431)",Pasteurellaceae,0,6906
"(1440.48, 570.9066666666666)",Lautropia,0,6907
"(1440.1809523809525, 1159.9714285714285)",TM7,0,6908
"(1446.361963190184, 1511.5030674846626)",Leptotrichia,0,6909
"(1443.8898678414098, 1588.409691629956)",Leptotrichia,0,6910
"(1440.0852713178294, 1639.2480620155038)",Leptotrichia,0,6911
"(1441.6713286713286, 446.0)",Lautropia,0,6912
"(1439.6891891891892, 551.8648648648649)",Neisseriaceae,0,6913
"(1447.0631578947368, 1235.121052631579)",Capnocytophaga,0,6914
"(1441.7575757575758, 1656.1313131313132)",Capnocytophaga,0,6915
"(1445.578947368421, 527.2763157894736)",Neisseriaceae,0,6916
"(1443.0555555555557, 758.5222222222222)",Gemella,0,6917
"(1443.427536231884, 870.5797101449275)",Streptococcus,0,6918
"(1442.1716417910447, 1558.2089552238806)",Leptotrichia,0,6920
"(1448.2235294117647, 904.0588235294117)",Corynebacterium,0,6921
"(1444.056, 1443.976)",Campylobacter,0,6922
"(1443.73, 1951.94)",Actinomyces,0,6924
"(1447.032, 418.704)",Lautropia,0,6925
"(1445.1685393258426, 644.3820224719101)",Actinomyces,0,6926
"(1443.2115384615386, 917.7115384615385)",Leptotrichia,0,6927
"(1446.8726114649683, 1283.6433121019109)",Corynebacterium,0,6928
"(1448.6698113207547, 1360.0471698113208)",Pasteurellaceae,0,6929
"(1446.4122137404581, 1857.0)",Actinomyces,0,6930
"(1444.4025974025974, 985.4675324675325)",Pasteurellaceae,0,6931
"(1448.5244755244755, 1758.909090909091)",Lautropia,0,6932
"(1448.0104166666667, 110.69791666666667)",Pasteurellaceae,0,6934
"(1446.4086021505377, 179.4731182795699)",Rothia,0,6935
"(1449.2482269503546, 224.74468085106383)",TM7,0,6936
"(1446.0862068965516, 378.7068965517241)",Leptotrichia,0,6937
"(1448.4, 1320.4285714285713)",TM7,0,6938
"(1446.0645161290322, 1541.3064516129032)",Fusobacterium,0,6939
"(1449.0825688073394, 493.92660550458714)",Prevotella,0,6940
"(1456.7456647398844, 971.7572254335261)",Pasteurellaceae,0,6941
"(1449.1190476190477, 1189.9404761904761)",TM7,0,6942
"(1449.1866666666667, 1571.7333333333333)",Leptotrichia,0,6944
"(1452.6725663716813, 2000.3893805309735)",Streptococcus,0,6945
"(1451.560975609756, 52.673170731707316)",Neisseriaceae,0,6946
"(1452.4270833333333, 1302.7395833333333)",Pasteurellaceae,0,6947
"(1450.6235294117646, 1671.129411764706)",Streptococcus,0,6948
"(1448.3636363636363, 1900.7272727272727)",Actinomyces,0,6949
"(1454.3381294964029, 559.6762589928057)",Pasteurellaceae,0,6950
"(1456.3333333333333, 664.4245614035087)",Streptococcus,0,6951
"(1454.0232558139535, 1346.2403100775193)",Leptotrichia,0,6952
"(1451.576, 197.4)",Actinomyces,0,6954
"(1452.2926829268292, 1604.6504065040651)",Leptotrichia,0,6955
"(1455.2706766917292, 1882.0225563909773)",Porphyromonas,0,6956
"(1453.2577319587629, 2015.2680412371135)",Leptotrichia,0,6957
"(1455.3, 361.3272727272727)",TM7,0,6958
"(1454.040404040404, 633.4646464646464)",Streptococcus,0,6959
"(1451.5, 700.7380952380952)",TM7,0,6960
"(1457.7931034482758, 1452.1206896551723)",TM7,0,6962
"(1453.4516129032259, 161.40860215053763)",Campylobacter,0,6963
"(1454.948717948718, 1259.1581196581196)",Leptotrichia,0,6964
"(1456.2569444444443, 1937.388888888889)",Capnocytophaga,0,6965
"(1463.4597701149426, 213.70689655172413)",Rothia,0,6967
"(1461.9411764705883, 685.6029411764706)",Leptotrichia,0,6968
"(1457.1022222222223, 747.4177777777778)",Leptotrichia,0,6969
"(1454.4343434343434, 2030.1818181818182)",TM7,0,6970
"(1456.5531914893618, 35.01063829787234)",TM7,0,6971
"(1460.4205607476636, 718.8130841121496)",TM7,0,6972
"(1457.7833333333333, 881.5166666666667)",TM7,0,6973
"(1457.1734693877552, 946.469387755102)",Capnocytophaga,0,6974
"(1455.2115384615386, 1202.2307692307693)",Pasteurellaceae,0,6975
"(1462.0397350993378, 1221.569536423841)",Selenomonas,0,6976
"(1455.5967741935483, 1331.1129032258063)",TM7,0,6977
"(1455.6216216216217, 1413.1351351351352)",Gemella,0,6978
"(1457.3181818181818, 1436.6439393939395)",Actinomyces,0,6979
"(1458.8628571428571, 1478.097142857143)",Corynebacterium,0,6980
"(1456.1160220994475, 1628.9281767955802)",Leptotrichia,0,6981
"(1457.38, 921.32)",Leptotrichia,0,6982
"(1456.8411214953271, 1016.9906542056075)",Leptotrichia,0,6983
"(1458.624203821656, 396.07643312101914)",Actinomyces,0,6984
"(1459.2990654205607, 985.6728971962617)",Pasteurellaceae,0,6985
"(1458.6, 998.6526315789474)",Leptotrichia,0,6986
"(1458.933962264151, 1921.4811320754718)",Capnocytophaga,0,6987
"(1463.0568720379147, 18.22748815165877)",Treponema,0,6988
"(1459.6222222222223, 527.2444444444444)",Pasteurellaceae,0,6990
"(1463.6760563380283, 1316.9577464788733)",Fusobacterium,0,6991
"(1460.4344262295083, 1560.5409836065573)",Leptotrichia,0,6992
"(1459.0, 1652.3866666666668)",Rothia,0,6993
"(1458.1078431372548, 1966.7745098039215)",Porphyromonas,0,6994
"(1461.1891891891892, 2041.527027027027)",Leptotrichia,0,6995
"(1459.9240506329113, 510.126582278481)",Neisseriaceae,0,6996
"(1461.44578313253, 1150.132530120482)",Rothia,0,6997
"(1465.1704545454545, 1492.340909090909)",Leptotrichia,0,6998
"(1462.3333333333333, 624.5432098765432)",Streptococcus,0,6999
"(1463.7230769230769, 1543.2615384615385)",Leptotrichia,0,7000
"(1460.2456140350878, 1979.6842105263158)",TM7,0,7001
"(1462.698113207547, 182.9056603773585)",Rothia,0,7002
"(1464.112676056338, 764.3098591549295)",TM7,0,7003
"(1472.5485714285714, 1749.1657142857143)",Veillonella,0,7004
"(1463.177966101695, 1898.2118644067796)",Rothia,0,7005
"(1463.5591397849462, 465.60215053763443)",Gemella,0,7006
"(1465.702479338843, 497.43801652892563)",Fusobacterium,0,7007
"(1462.280487804878, 1170.3536585365853)",Streptococcus,0,7008
"(1463.3846153846155, 1292.7884615384614)",Treponema,0,7009
"(1463.031746031746, 1576.3650793650793)",Leptotrichia,0,7010
"(1463.078125, 413.203125)",Lautropia,0,7011
"(1469.027027027027, 436.5135135135135)",Treponema,0,7012
"(1465.1724137931035, 2006.2413793103449)",Pasteurellaceae,0,7014
"(1468.0684931506848, 954.3150684931506)",Pasteurellaceae,0,7016
"(1464.9253731343283, 1305.4328358208954)",Treponema,0,7017
"(1465.0877192982457, 1640.4736842105262)",Campylobacter,0,7018
"(1471.1259842519685, 412.6653543307087)",Gemella,0,7019
"(1469.9402985074628, 595.4029850746268)",Leptotrichia,0,7020
"(1468.9787234042553, 618.5425531914893)",Streptococcus,0,7021
"(1467.1734693877552, 1600.734693877551)",Leptotrichia,0,7022
"(1471.431654676259, 1664.1654676258993)",Rothia,0,7023
"(1466.0, 1993.0)",TM7,0,7024
"(1471.857142857143, 453.59627329192546)",Veillonella,0,7025
"(1470.0826446280992, 868.3553719008264)",Neisseriaceae,0,7026
"(1467.3709677419354, 896.7903225806451)",Corynebacterium,0,7027
"(1468.7377049180327, 1191.22131147541)",Selenomonas,0,7028
"(1468.1684210526316, 1359.621052631579)",Selenomonas,0,7029
"(1468.4173913043478, 1402.2260869565218)",Veillonella,0,7030
"(1471.1134020618556, 1681.9278350515465)",Streptococcus,0,7031
"(1467.6603773584907, 558.566037735849)",Pasteurellaceae,0,7032
"(1474.612359550562, 701.4101123595506)",Leptotrichia,0,7033
"(1467.6415094339623, 1586.6415094339623)",Leptotrichia,0,7034
"(1469.8931297709923, 544.0381679389313)",Neisseriaceae,0,7035
"(1473.0402298850574, 645.7528735632184)",Rothia,0,7036
"(1469.5625, 1009.546875)",Pasteurellaceae,0,7037
"(1471.7345132743362, 1234.6194690265486)",Corynebacterium,0,7038
"(1474.46875, 42.458333333333336)",Rothia,0,7039
"(1469.982456140351, 727.7017543859649)",Leptotrichia,0,7040
"(1470.640350877193, 1525.0)",Leptotrichia,0,7041
"(1469.4285714285713, 1615.357142857143)",Leptotrichia,0,7042
"(1472.793893129771, 1765.1603053435115)",Gemella,0,7043
"(1469.5692307692307, 1977.7230769230769)",Veillonella,0,7044
"(1477.2585034013605, 62.04761904761905)",Pasteurellaceae,0,7046
"(1471.6458333333333, 910.1875)",Leptotrichia,0,7047
"(1472.7708333333333, 1885.7083333333333)",Lautropia,0,7048
"(1476.6065573770493, 1913.7081967213114)",Selenomonas,0,7049
"(1473.887323943662, 747.2323943661971)",Rothia,0,7050
"(1472.1641791044776, 1172.2835820895523)",Gemella,0,7051
"(1472.611111111111, 524.6111111111111)",Pasteurellaceae,0,7052
"(1478.6602870813397, 570.0909090909091)",Leptotrichia,0,7053
"(1473.844155844156, 885.7142857142857)",Leptotrichia,0,7054
"(1475.0124223602484, 1454.8447204968943)",Neisseriaceae,0,7055
"(1474.1857142857143, 1625.6714285714286)",Leptotrichia,0,7056
"(1473.8072289156626, 1937.2771084337348)",Streptococcus,0,7057
"(1473.8648648648648, 2027.2567567567567)",Capnocytophaga,0,7058
"(1474.9823008849557, 510.4513274336283)",Leptotrichia,0,7059
"(1476.6949152542372, 965.8050847457627)",TM7,0,7060
"(1474.962962962963, 1259.5079365079366)",Leptotrichia,0,7061
"(1484.8658536585365, 1701.739837398374)",Capnocytophaga,0,7062
"(1476.680412371134, 201.3298969072165)",Actinomyces,0,7064
"(1474.2394366197184, 1286.3098591549297)",Lautropia,0,7065
"(1478.281914893617, 1336.3244680851064)",Leptotrichia,0,7066
"(1477.0701754385964, 1963.0438596491229)",Veillonella,0,7068
"(1477.5109489051094, 479.5036496350365)",Neisseriaceae,0,7069
"(1482.91875, 930.8625)",Corynebacterium,0,7070
"(1477.490909090909, 984.5272727272727)",Pasteurellaceae,0,7071
"(1480.2460317460318, 1382.8333333333333)",Corynebacterium,0,7072
"(1476.4479166666667, 1513.3229166666667)",Leptotrichia,0,7073
"(1478.036036036036, 666.2882882882883)",Leptotrichia,0,7074
"(1477.057471264368, 1553.4827586206898)",Leptotrichia,0,7075
"(1478.851851851852, 1650.641975308642)",Leptotrichia,0,7076
"(1477.3859649122808, 1774.7543859649122)",Rothia,0,7077
"(1478.0641025641025, 2004.7692307692307)",TM7,0,7078
"(1479.6603773584907, 128.38679245283018)",Lautropia,0,7079
"(1477.74, 1158.54)",Actinomyces,0,7081
"(1481.6714285714286, 183.45714285714286)",Leptotrichia,0,7082
"(1484.7411764705882, 1216.8588235294117)",Gemella,0,7083
"(1479.421965317919, 1578.971098265896)",Leptotrichia,0,7084
"(1480.69918699187, 1840.4959349593496)",Leptotrichia,0,7085
"(1482.5151515151515, 1990.4949494949494)",Porphyromonas,0,7086
"(1483.5029239766081, 152.7485380116959)",Rothia,0,7087
"(1480.7364864864865, 1303.837837837838)",Veillonella,0,7088
"(1480.3384615384616, 1366.6615384615384)",Corynebacterium,0,7089
"(1487.3008849557523, 1443.141592920354)",Veillonella,0,7090
"(1484.301204819277, 1826.1686746987953)",Veillonella,0,7091
"(1484.25, 679.3166666666667)",Pasteurellaceae,0,7092
"(1485.9886363636363, 440.28409090909093)",Veillonella,0,7094
"(1484.6363636363637, 592.1069518716578)",Leptotrichia,0,7095
"(1486.2222222222222, 945.9629629629629)",Leptotrichia,0,7097
"(1485.4615384615386, 1025.832167832168)",Veillonella,0,7099
"(1483.231884057971, 1490.9710144927535)",Leptotrichia,0,7100
"(1490.153284671533, 1505.5255474452554)",Leptotrichia,0,7101
"(1484.597014925373, 1605.05223880597)",Leptotrichia,0,7102
"(1490.3766233766235, 82.51298701298701)",TM7,0,7104
"(1485.9433962264152, 635.0188679245283)",Streptococcus,0,7105
"(1483.7857142857142, 724.5714285714286)",Leptotrichia,0,7106
"(1484.313432835821, 464.5223880597015)",Neisseriaceae,0,7108
"(1490.158273381295, 549.158273381295)",Veillonella,0,7109
"(1487.9596774193549, 1128.8709677419354)",Veillonella,0,7110
"(1489.256157635468, 1169.0689655172414)",Porphyromonas,0,7111
"(1485.6328125, 1191.609375)",Corynebacterium,0,7112
"(1486.525, 1398.6083333333333)",Lautropia,0,7113
"(1490.957219251337, 1467.716577540107)",Campylobacter,0,7114
"(1485.9074074074074, 536.0925925925926)",Neisseriaceae,0,7115
"(1486.2166666666667, 877.55)",Campylobacter,0,7116
"(1486.0744680851064, 1148.095744680851)",Rothia,0,7117
"(1488.5964912280701, 694.8245614035088)",Pasteurellaceae,0,7119
"(1490.0852713178294, 970.015503875969)",Streptococcus,0,7120
"(1487.9846153846154, 1539.7307692307693)",Leptotrichia,0,7121
"(1491.9026548672566, 44.0)",Treponema,0,7122
"(1489.0580357142858, 492.91517857142856)",Pasteurellaceae,0,7123
"(1495.1013513513512, 613.3378378378378)",Streptococcus,0,7124
"(1488.608695652174, 741.9739130434782)",Leptotrichia,0,7125
"(1491.0592105263158, 897.5263157894736)",Corynebacterium,0,7126
"(1487.078431372549, 1561.6274509803923)",Leptotrichia,0,7127
"(1488.9930555555557, 1627.8958333333333)",Leptotrichia,0,7128
"(1489.654135338346, 1734.218045112782)",Veillonella,0,7129
"(1494.18125, 1769.34375)",Veillonella,0,7130
"(1489.7045454545455, 1946.4204545454545)",Rothia,0,7131
"(1493.4453781512605, 757.3781512605042)",TM7,0,7132
"(1493.9038461538462, 919.6794871794872)",Corynebacterium,0,7133
"(1490.4741379310344, 1255.155172413793)",Neisseriaceae,0,7134
"(1488.7395833333333, 1935.15625)",Veillonella,0,7135
"(1492.367924528302, 1235.2830188679245)",Lautropia,0,7136
"(1490.391304347826, 1323.9378881987577)",Corynebacterium,0,7137
"(1490.7924528301887, 1660.0)",Rothia,0,7139
"(1491.7446808510638, 1720.159574468085)",Streptococcus,0,7140
"(1493.8620689655172, 1783.698275862069)",Capnocytophaga,0,7141
"(1498.103448275862, 1425.5)",Treponema,0,7142
"(1491.5056179775281, 1959.3370786516855)",TM7,0,7143
"(1492.8064516129032, 168.3709677419355)",Rothia,0,7144
"(1492.290909090909, 195.3090909090909)",Rothia,0,7145
"(1491.7058823529412, 1520.2941176470588)",Leptotrichia,0,7146
"(1494.8153846153846, 207.4)",Rothia,0,7148
"(1494.4583333333333, 449.4)",Neisseriaceae,0,7149
"(1494.2191780821918, 988.3972602739726)",Veillonella,0,7150
"(1495.4528301886792, 1350.0094339622642)",Lautropia,0,7152
"(1492.8490566037735, 2001.698113207547)",TM7,0,7153
"(1500.5361445783133, 421.8433734939759)",Pasteurellaceae,0,7154
"(1495.2542372881355, 885.6949152542373)",Campylobacter,0,7155
"(1495.4074074074074, 1012.9753086419753)",Pasteurellaceae,0,7156
"(1494.4098360655737, 1411.0)",Veillonella,0,7157
"(1497.049504950495, 1643.5544554455446)",Leptotrichia,0,7158
"(1496.3207547169811, 1748.5471698113208)",Pasteurellaceae,0,7159
"(1501.8356807511736, 2027.8779342723005)",TM7,0,7160
"(1500.4619883040937, 625.5555555555555)",Streptococcus,0,7162
"(1503.548717948718, 1935.6307692307691)",Treponema,0,7163
"(1502.7267441860465, 1208.953488372093)",Treponema,0,7164
"(1500.3214285714287, 1304.4928571428572)",TM7,0,7165
"(1498.888, 1489.464)",Leptotrichia,0,7166
"(1498.8461538461538, 1568.4615384615386)",Leptotrichia,0,7167
"(1499.468085106383, 1587.436170212766)",Pasteurellaceae,0,7168
"(1497.245283018868, 1618.6415094339623)",Leptotrichia,0,7169
"(1499.2043010752689, 1980.6666666666667)",Capnocytophaga,0,7170
"(1498.4683544303798, 152.36708860759492)",Rothia,0,7171
"(1498.9651162790697, 518.5697674418604)",Pasteurellaceae,0,7172
"(1499.301886792453, 596.8867924528302)",Neisseriaceae,0,7173
"(1499.9684210526316, 1450.178947368421)",Leptotrichia,0,7174
"(1499.0, 68.03389830508475)",Neisseriaceae,0,7175
"(1503.5426829268292, 1605.591463414634)",Pasteurellaceae,0,7177
"(1499.9120879120878, 1830.6153846153845)",Gemella,0,7178
"(1500.2558139534883, 466.1046511627907)",Pasteurellaceae,0,7179
"(1501.7196261682243, 572.018691588785)",Leptotrichia,0,7180
"(1501.76, 502.41333333333336)",Leptotrichia,0,7182
"(1503.390374331551, 689.2459893048128)",Pasteurellaceae,0,7183
"(1502.1976744186047, 956.2906976744187)",Leptotrichia,0,7184
"(1506.1409395973155, 1157.8389261744967)",Rothia,0,7185
"(1507.3274336283187, 1180.8938053097345)",Leptotrichia,0,7186
"(1505.2857142857142, 1692.857142857143)",Veillonella,0,7188
"(1510.2926829268292, 1728.5191637630662)",Selenomonas,0,7189
"(1501.7058823529412, 729.9607843137255)",Leptotrichia,0,7190
"(1503.3578947368421, 1138.6)",Pasteurellaceae,0,7191
"(1506.9484536082475, 1630.3917525773195)",Leptotrichia,0,7193
"(1508.7932692307693, 1666.2884615384614)",Actinomyces,0,7194
"(1505.5388888888888, 1914.7)",Capnocytophaga,0,7195
"(1502.6610169491526, 191.52542372881356)",Rothia,0,7196
"(1505.91, 1339.13)",Pasteurellaceae,0,7197
"(1503.6951219512196, 1543.8292682926829)",Leptotrichia,0,7198
"(1503.6666666666667, 1556.7264957264956)",Leptotrichia,0,7199
"(1506.7303370786517, 534.9325842696629)",Veillonella,0,7200
"(1505.313253012048, 996.3855421686746)",Treponema,0,7201
"(1508.4038461538462, 1379.0576923076924)",Lautropia,0,7202
"(1506.190082644628, 1401.5785123966941)",Gemella,0,7203
"(1510.031746031746, 1756.2592592592594)",Selenomonas,0,7204
"(1505.912, 2003.992)",Rothia,0,7205
"(1507.9496402877699, 142.94244604316546)",Streptococcus,0,7206
"(1505.2625, 220.5)",Rothia,0,7207
"(1505.8313253012047, 554.566265060241)",Corynebacterium,0,7209
"(1505.5421686746988, 746.855421686747)",Pasteurellaceae,0,7210
"(1507.1144578313254, 877.7289156626506)",Pasteurellaceae,0,7211
"(1509.2796610169491, 1514.5677966101696)",Leptotrichia,0,7213
"(1506.3875, 1528.1375)",Leptotrichia,0,7214
"(1505.3736263736264, 1959.7032967032967)",Leptotrichia,0,7215
"(1506.3484848484848, 175.07575757575756)",TM7,0,7216
"(1512.9272727272728, 777.8181818181819)",Veillonella,0,7217
"(1506.3170731707316, 971.7073170731708)",Leptotrichia,0,7218
"(1510.1233766233765, 1256.5974025974026)",Selenomonas,0,7219
"(1508.8141592920354, 61.73451327433628)",Campylobacter,0,7220
"(1507.2465753424658, 720.3013698630137)",Leptotrichia,0,7221
"(1510.3693693693695, 767.6666666666666)",Veillonella,0,7222
"(1508.1190476190477, 909.1190476190476)",Pasteurellaceae,0,7223
"(1512.6190476190477, 933.3214285714286)",Pasteurellaceae,0,7224
"(1510.0925925925926, 38.125)",Treponema,0,7225
"(1508.5116279069769, 1117.8023255813953)",Campylobacter,0,7226
"(1512.9530201342282, 1435.9530201342282)",Gemella,0,7227
"(1512.2589285714287, 161.375)",TM7,0,7228
"(1510.5591397849462, 372.7741935483871)",Corynebacterium,0,7229
"(1508.150684931507, 591.7534246575342)",Leptotrichia,0,7230
"(1517.7432950191571, 1007.4521072796935)",Veillonella,0,7231
"(1510.0, 1238.0)",Selenomonas,0,7232
"(1513.1878172588833, 1783.8883248730965)",Leptotrichia,0,7234
"(1509.421052631579, 1819.6842105263158)",Lautropia,0,7235
"(1510.8181818181818, 2018.9818181818182)",Rothia,0,7236
"(1512.1927710843374, 128.84337349397592)",Rothia,0,7237
"(1512.3738317757009, 445.50467289719626)",Corynebacterium,0,7238
"(1511.2291666666667, 487.6458333333333)",Corynebacterium,0,7239
"(1512.9769230769232, 1466.3615384615384)",Leptotrichia,0,7240
"(1512.1190476190477, 80.63095238095238)",Neisseriaceae,0,7241
"(1516.0560344827586, 106.96982758620689)",Actinomyces,0,7242
"(1511.3148148148148, 389.5925925925926)",Pasteurellaceae,0,7243
"(1513.782258064516, 471.35483870967744)",Selenomonas,0,7244
"(1517.0982142857142, 983.4732142857143)",Veillonella,0,7245
"(1515.3617021276596, 1804.127659574468)",Gemella,0,7247
"(1512.9016393442623, 210.04918032786884)",Rothia,0,7248
"(1521.9957805907172, 521.548523206751)",Pasteurellaceae,0,7249
"(1517.768, 638.136)",Lautropia,0,7251
"(1515.3737373737374, 894.6262626262626)",Capnocytophaga,0,7252
"(1518.588888888889, 1294.6777777777777)",Gemella,0,7253
"(1521.813492063492, 1568.7222222222222)",Leptotrichia,0,7254
"(1516.567901234568, 1687.3333333333333)",Lautropia,0,7255
"(1514.1923076923076, 706.7307692307693)",Veillonella,0,7256
"(1515.5263157894738, 1226.1052631578948)",Selenomonas,0,7257
"(1524.0046296296296, 1350.787037037037)",Capnocytophaga,0,7258
"(1514.8653846153845, 1450.9038461538462)",Leptotrichia,0,7259
"(1525.5924528301887, 221.42264150943396)",Actinomyces,0,7260
"(1518.8785046728972, 721.4859813084112)",Leptotrichia,0,7261
"(1516.439393939394, 950.7878787878788)",Leptotrichia,0,7262
"(1521.741935483871, 1495.7281105990783)",Leptotrichia,0,7263
"(1518.5375, 1647.7875)",Leptotrichia,0,7264
"(1523.7094339622643, 195.25283018867924)",Rothia,0,7265
"(1521.88622754491, 424.03592814371257)",Pasteurellaceae,0,7266
"(1520.3070866141732, 544.1653543307086)",Treponema,0,7267
"(1517.245508982036, 567.7305389221557)",Leptotrichia,0,7268
"(1520.0086206896551, 614.8922413793103)",Streptococcus,0,7269
"(1518.8484848484848, 863.3838383838383)",TM7,0,7270
"(1517.202380952381, 1138.0595238095239)",Leptotrichia,0,7271
"(1518.3703703703704, 1269.3333333333333)",Capnocytophaga,0,7272
"(1526.39649122807, 1970.3017543859648)",Capnocytophaga,0,7273
"(1518.4155844155844, 758.2597402597403)",Streptococcus,0,7274
"(1522.2348484848485, 1548.530303030303)",Leptotrichia,0,7275
"(1517.6285714285714, 1912.1571428571428)",Capnocytophaga,0,7276
"(1520.2282608695652, 919.4347826086956)",Treponema,0,7277
"(1522.7712765957447, 1367.377659574468)",Veillonella,0,7278
"(1522.2021857923498, 1407.5300546448088)",Gemella,0,7279
"(1519.3176470588235, 1705.894117647059)",Leptotrichia,0,7280
"(1525.2894736842106, 1931.8684210526317)",Capnocytophaga,0,7281
"(1519.3859649122808, 688.7543859649123)",Leptotrichia,0,7282
"(1523.5742574257426, 1824.029702970297)",Veillonella,0,7283
"(1520.5064935064936, 1996.935064935065)",TM7,0,7284
"(1521.7345132743362, 169.9646017699115)",Lautropia,0,7285
"(1528.3840304182509, 1068.3231939163497)",Campylobacter,0,7286
"(1521.5966386554621, 1119.8487394957983)",Leptotrichia,0,7287
"(1521.985294117647, 1480.25)",Leptotrichia,0,7288
"(1521.625, 1535.375)",Leptotrichia,0,7289
"(1523.9907407407406, 1748.5277777777778)",Veillonella,0,7290
"(1521.938775510204, 400.66326530612247)",Actinomyces,0,7291
"(1523.8724832214766, 596.1744966442953)",TM7,0,7292
"(1523.1354166666667, 876.8125)",Leptotrichia,0,7293
"(1524.9415584415585, 1633.5194805194806)",Leptotrichia,0,7294
"(1523.945945945946, 2029.2702702702702)",Capnocytophaga,0,7295
"(1525.88622754491, 501.16766467065867)",Pasteurellaceae,0,7296
"(1522.463768115942, 1104.144927536232)",Leptotrichia,0,7297
"(1525.910447761194, 1138.7462686567164)",Pasteurellaceae,0,7298
"(1524.5555555555557, 1386.7222222222222)",Gemella,0,7299
"(1524.0813953488373, 1950.0)",Actinomyces,0,7300
"(1527.0833333333333, 368.39166666666665)",TM7,0,7301
"(1526.125, 468.375)",Neisseriaceae,0,7302
"(1524.6827309236949, 829.6947791164658)",Gemella,0,7303
"(1525.3461538461538, 1187.2564102564102)",Gemella,0,7304
"(1527.5107913669065, 1587.3381294964029)",Leptotrichia,0,7306
"(1526.7966101694915, 1613.135593220339)",Leptotrichia,0,7307
"(1526.858695652174, 383.42391304347825)",Veillonella,0,7308
"(1525.6184210526317, 1168.1315789473683)",Porphyromonas,0,7309
"(1528.1089108910892, 1991.8316831683169)",Capnocytophaga,0,7310
"(1527.4395604395604, 2006.8351648351647)",Leptotrichia,0,7311
"(1534.7962962962963, 86.48611111111111)",Fusobacterium,0,7312
"(1527.936507936508, 133.03968253968253)",Actinomyces,0,7313
"(1530.1368421052632, 1047.3157894736842)",Neisseriaceae,0,7315
"(1530.009009009009, 1237.1801801801803)",Gemella,0,7316
"(1529.2233009708739, 1439.9223300970873)",Leptotrichia,0,7317
"(1532.7608695652175, 1712.1666666666667)",Leptotrichia,0,7318
"(1527.8813559322034, 410.5762711864407)",Leptotrichia,0,7319
"(1528.6524822695035, 771.0709219858156)",Leptotrichia,0,7320
"(1528.3879310344828, 905.7758620689655)",Selenomonas,0,7321
"(1528.3030303030303, 1772.969696969697)",Neisseriaceae,0,7322
"(1533.7837837837837, 440.2522522522523)",Veillonella,0,7324
"(1535.2068965517242, 1150.8896551724138)",Pasteurellaceae,0,7325
"(1533.4342105263158, 1164.2763157894738)",TM7,0,7326
"(1537.3413173652696, 1292.688622754491)",Veillonella,0,7327
"(1531.7557251908397, 1453.9160305343512)",Leptotrichia,0,7329
"(1532.2448979591836, 967.1700680272108)",Treponema,0,7331
"(1531.861111111111, 626.2361111111111)",TM7,0,7332
"(1536.6129032258063, 1535.4967741935484)",Leptotrichia,0,7333
"(1533.0530973451328, 1690.9115044247787)",Gemella,0,7334
"(1534.0697674418604, 1734.4496124031007)",Leptotrichia,0,7335
"(1532.560606060606, 98.43939393939394)",Rothia,0,7336
"(1535.467741935484, 160.84677419354838)",Leptotrichia,0,7337
"(1533.3283582089553, 390.35820895522386)",Veillonella,0,7338
"(1535.0653594771243, 857.3398692810457)",Pasteurellaceae,0,7339
"(1534.4716981132076, 1672.066037735849)",Veillonella,0,7340
"(1533.8391608391607, 940.3006993006993)",TM7,0,7341
"(1533.4411764705883, 1216.6617647058824)",Veillonella,0,7342
"(1536.2892156862745, 1267.612745098039)",Selenomonas,0,7343
"(1536.4074074074074, 1868.348148148148)",Capnocytophaga,0,7344
"(1540.0869565217392, 2022.1032608695652)",Streptococcus,0,7345
"(1537.4144144144145, 884.2162162162163)",Veillonella,0,7346
"(1540.6351351351352, 1095.2702702702702)",Leptotrichia,0,7347
"(1535.66, 1410.29)",Veillonella,0,7348
"(1541.1629629629629, 1423.888888888889)",Selenomonas,0,7349
"(1535.5075376884422, 1794.5477386934674)",Capnocytophaga,0,7350
"(1535.3684210526317, 187.8684210526316)",Neisseriaceae,0,7351
"(1534.9886363636363, 987.5909090909091)",TM7,0,7352
"(1538.71875, 1518.171875)",Leptotrichia,0,7353
"(1539.021505376344, 147.09677419354838)",Corynebacterium,0,7354
"(1537.304347826087, 474.0173913043478)",Pasteurellaceae,0,7355
"(1536.6136363636363, 805.2575757575758)",Lautropia,0,7356
"(1536.6290322580646, 1035.0806451612902)",Leptotrichia,0,7357
"(1537.265625, 1504.90625)",Leptotrichia,0,7358
"(1536.2823529411764, 1642.3058823529411)",Corynebacterium,0,7359
"(1540.7106918238994, 115.32704402515724)",Fusobacterium,0,7361
"(1537.6849315068494, 175.68493150684932)",Pasteurellaceae,0,7362
"(1542.3968253968253, 538.1322751322751)",Pasteurellaceae,0,7363
"(1537.0, 1183.9772727272727)",TM7,0,7365
"(1538.0222222222221, 1599.888888888889)",Leptotrichia,0,7366
"(1538.6458333333333, 1759.8472222222222)",Veillonella,0,7367
"(1538.7252747252746, 638.8901098901099)",Pasteurellaceae,0,7368
"(1539.2467532467533, 1487.2727272727273)",Pasteurellaceae,0,7369
"(1540.080808080808, 1470.4242424242425)",Leptotrichia,0,7371
"(1545.8494623655913, 416.0376344086022)",Treponema,0,7372
"(1547.8333333333333, 823.0)",Lautropia,0,7373
"(1539.8061224489795, 920.5510204081633)",Neisseriaceae,0,7374
"(1539.392523364486, 1024.5046728971963)",Leptotrichia,0,7375
"(1543.274336283186, 1132.8407079646017)",Capnocytophaga,0,7376
"(1541.9130434782608, 1658.2391304347825)",Streptococcus,0,7377
"(1542.6698113207547, 1910.5094339622642)",Corynebacterium,0,7379
"(1540.5454545454545, 1934.8760330578511)",Capnocytophaga,0,7380
"(1542.6626506024097, 653.6987951807229)",Leptotrichia,0,7381
"(1541.5135135135135, 897.8378378378378)",Veillonella,0,7382
"(1544.6746987951808, 1375.7469879518073)",Corynebacterium,0,7383
"(1545.2804232804233, 1396.6560846560847)",Veillonella,0,7384
"(1545.1037735849056, 1889.6698113207547)",Capnocytophaga,0,7385
"(1542.744966442953, 1981.3758389261745)",Veillonella,0,7386
"(1544.1818181818182, 399.8961038961039)",Pasteurellaceae,0,7387
"(1542.918918918919, 1812.8243243243244)",Corynebacterium,0,7388
"(1542.462311557789, 1835.6231155778894)",Leptotrichia,0,7389
"(1548.4240837696334, 377.75392670157066)",Gemella,0,7390
"(1543.4732142857142, 1003.8482142857143)",Corynebacterium,0,7391
"(1545.4597701149426, 1175.0919540229886)",Rothia,0,7392
"(1545.2413793103449, 1363.9770114942528)",Corynebacterium,0,7393
"(1545.112426035503, 1569.224852071006)",Leptotrichia,0,7394
"(1546.125, 4.5)",TM7,0,7395
"(1543.6923076923076, 462.28846153846155)",Leptotrichia,0,7396
"(1546.611111111111, 360.8240740740741)",Lautropia,0,7397
"(1549.2130177514794, 450.3313609467456)",Veillonella,0,7398
"(1545.3255813953488, 963.2209302325581)",Treponema,0,7400
"(1548.0673076923076, 1777.8653846153845)",Leptotrichia,0,7402
"(1547.9130434782608, 2003.072463768116)",TM7,0,7403
"(1549.490909090909, 211.23636363636365)",Lautropia,0,7404
"(1549.7925925925927, 513.9925925925926)",Leptotrichia,0,7405
"(1546.1694915254238, 1303.915254237288)",Pasteurellaceae,0,7406
"(1548.2474226804125, 1248.5051546391753)",Veillonella,0,7407
"(1551.3144329896907, 1445.3350515463917)",Leptotrichia,0,7408
"(1551.6333333333334, 233.18666666666667)",TM7,0,7411
"(1548.5567010309278, 482.0103092783505)",TM7,0,7412
"(1549.1442307692307, 1048.3653846153845)",Leptotrichia,0,7413
"(1548.527397260274, 1208.1575342465753)",Veillonella,0,7414
"(1549.342105263158, 1741.140350877193)",Leptotrichia,0,7415
"(1554.2774869109949, 124.30890052356021)",Leptotrichia,0,7416
"(1550.4642857142858, 1066.6190476190477)",Leptotrichia,0,7417
"(1552.8937198067633, 1623.5555555555557)",Lautropia,0,7418
"(1550.8019801980197, 905.1782178217821)",Veillonella,0,7420
"(1551.0135135135135, 936.0675675675676)",Lautropia,0,7421
"(1554.19375, 1117.7625)",Leptotrichia,0,7422
"(1550.6486486486488, 1229.5405405405406)",Veillonella,0,7424
"(1550.6835443037974, 1543.9367088607594)",Leptotrichia,0,7425
"(1550.3666666666666, 155.11666666666667)",Leptotrichia,0,7426
"(1552.8535031847134, 621.7643312101911)",Pasteurellaceae,0,7427
"(1553.1091954022988, 1693.787356321839)",Leptotrichia,0,7429
"(1554.525, 1461.1375)",Leptotrichia,0,7430
"(1554.1960784313726, 1476.549019607843)",Leptotrichia,0,7431
"(1553.9476744186047, 1598.7790697674418)",Leptotrichia,0,7432
"(1557.671717171717, 1722.4949494949494)",Capnocytophaga,0,7433
"(1553.4623655913979, 1880.752688172043)",TM7,0,7434
"(1551.6, 1959.8166666666666)",Actinomyces,0,7435
"(1555.688679245283, 647.9433962264151)",Leptotrichia,0,7436
"(1555.1294964028777, 1497.6618705035971)",Leptotrichia,0,7437
"(1552.9848484848485, 1522.939393939394)",Leptotrichia,0,7438
"(1556.0625, 1674.0104166666667)",Gemella,0,7439
"(1553.0238095238096, 1803.7738095238096)",Treponema,0,7440
"(1557.5066666666667, 1943.3133333333333)",Capnocytophaga,0,7441
"(1554.4606741573034, 1986.1797752808989)",Veillonella,0,7442
"(1559.5228426395938, 2035.766497461929)",Rothia,0,7443
"(1554.7142857142858, 103.77777777777777)",Leptotrichia,0,7444
"(1554.5238095238096, 869.0793650793651)",Pasteurellaceae,0,7446
"(1554.021978021978, 1029.2857142857142)",Leptotrichia,0,7447
"(1557.53125, 181.6875)",TM7,0,7448
"(1555.875, 882.5375)",Pasteurellaceae,0,7449
"(1555.274193548387, 1138.032258064516)",Rothia,0,7450
"(1558.4817518248176, 1375.890510948905)",Leptotrichia,0,7451
"(1559.9396551724137, 1787.2327586206898)",Capnocytophaga,0,7452
"(1554.6607142857142, 1829.4642857142858)",Prevotella,0,7453
"(1557.8024691358025, 1286.6234567901236)",Pasteurellaceae,0,7454
"(1557.4591836734694, 1655.7551020408164)",Actinomyces,0,7455
"(1556.7313432835822, 141.02985074626866)",Pasteurellaceae,0,7456
"(1557.3880597014925, 394.02985074626866)",Treponema,0,7457
"(1562.1283783783783, 523.7297297297297)",Pasteurellaceae,0,7458
"(1559.105882352941, 1165.9176470588236)",Capnocytophaga,0,7459
"(1560.872340425532, 1243.840425531915)",Gemella,0,7460
"(1561.7265625, 1642.828125)",Actinomyces,0,7462
"(1559.0914285714287, 1755.5828571428572)",Pasteurellaceae,0,7463
"(1557.5483870967741, 1900.0483870967741)",Streptococcus,0,7464
"(1557.6470588235295, 1923.8529411764705)",Streptococcus,0,7465
"(1561.8285714285714, 90.68571428571428)",Pasteurellaceae,0,7466
"(1561.0549450549452, 989.5054945054945)",Neisseriaceae,0,7467
"(1559.3048780487804, 1015.6829268292682)",Leptotrichia,0,7468
"(1557.5762711864406, 1190.050847457627)",Streptococcus,0,7469
"(1557.0776699029127, 1424.126213592233)",Campylobacter,0,7470
"(1557.58, 1769.34)",Corynebacterium,0,7472
"(1560.900900900901, 1845.3693693693695)",Lautropia,0,7473
"(1563.6875, 945.40625)",Gemella,0,7474
"(1559.421568627451, 1400.6960784313726)",Veillonella,0,7475
"(1566.4770642201836, 473.7201834862385)",Corynebacterium,0,7476
"(1566.741935483871, 864.0258064516129)",Corynebacterium,0,7477
"(1560.2045454545455, 959.5)",Gemella,0,7478
"(1559.031746031746, 1094.6190476190477)",Leptotrichia,0,7479
"(1561.561797752809, 1182.112359550562)",Streptococcus,0,7480
"(1572.5587044534414, 1824.5506072874493)",Gemella,0,7481
"(1560.8495575221239, 1863.8849557522124)",Veillonella,0,7482
"(1563.0993377483444, 424.20529801324506)",Neisseriaceae,0,7483
"(1563.9326923076924, 1153.0576923076924)",Leptotrichia,0,7484
"(1561.671875, 541.859375)",Lautropia,0,7485
"(1563.436170212766, 924.3723404255319)",Veillonella,0,7486
"(1562.0277777777778, 1535.638888888889)",Leptotrichia,0,7487
"(1566.221476510067, 1963.1073825503356)",Streptococcus,0,7488
"(1565.9764705882353, 24.929411764705883)",Fusobacterium,0,7489
"(1564.0, 195.17582417582418)",Fusobacterium,0,7490
"(1565.618556701031, 604.7938144329897)",Leptotrichia,0,7491
"(1562.9516129032259, 896.4193548387096)",Veillonella,0,7492
"(1568.4397163120568, 1069.723404255319)",Leptotrichia,0,7493
"(1565.6293706293707, 1222.1468531468531)",Streptococcus,0,7494
"(1563.3827160493827, 1486.3456790123457)",Leptotrichia,0,7495
"(1572.7880794701987, 1510.6158940397352)",Leptotrichia,0,7496
"(1566.5, 1570.691011235955)",Leptotrichia,0,7497
"(1565.0877192982457, 1619.201754385965)",Lautropia,0,7498
"(1565.3809523809523, 3.2261904761904763)",Campylobacter,0,7499
"(1567.0573248407643, 395.8789808917197)",Pasteurellaceae,0,7500
"(1567.9642857142858, 630.4081632653061)",Leptotrichia,0,7501
"(1573.031007751938, 1394.3953488372092)",Selenomonas,0,7502
"(1567.0686274509803, 1666.764705882353)",Prevotella,0,7503
"(1565.4402985074628, 502.97014925373134)",Leptotrichia,0,7504
"(1565.6478873239437, 1589.2394366197184)",Leptotrichia,0,7505
"(1566.301204819277, 1735.8072289156626)",Pasteurellaceae,0,7506
"(1572.2168674698796, 102.63253012048193)",Fusobacterium,0,7507
"(1566.051724137931, 147.20689655172413)",Pasteurellaceae,0,7508
"(1568.9550561797753, 174.24719101123594)",Gemella,0,7509
"(1566.1810344827586, 441.63793103448273)",Pasteurellaceae,0,7510
"(1567.338028169014, 560.0633802816901)",Lautropia,0,7511
"(1566.1186440677966, 1084.050847457627)",Leptotrichia,0,7512
"(1569.3840304182509, 1707.596958174905)",Capnocytophaga,0,7513
"(1570.440251572327, 1864.9056603773586)",Veillonella,0,7514
"(1573.0295857988165, 1981.1242603550295)",Rothia,0,7515
"(1567.3921568627452, 1997.8921568627452)",Streptococcus,0,7516
"(1572.5576923076924, 230.53365384615384)",TM7,0,7517
"(1567.7666666666667, 648.9666666666667)",Fusobacterium,0,7518
"(1568.576923076923, 1794.820512820513)",Leptotrichia,0,7519
"(1567.258064516129, 1890.741935483871)",Streptococcus,0,7520
"(1569.788990825688, 2013.954128440367)",Veillonella,0,7521
"(1568.4038461538462, 1035.371794871795)",Leptotrichia,0,7522
"(1570.0434782608695, 1196.9782608695652)",Lautropia,0,7523
"(1568.2957746478874, 1369.5633802816901)",Capnocytophaga,0,7524
"(1571.1541850220265, 1419.7885462555066)",Leptotrichia,0,7525
"(1569.3733333333332, 134.84)",Capnocytophaga,0,7526
"(1575.3842794759826, 1477.3362445414848)",Leptotrichia,0,7527
"(1572.386075949367, 1543.2911392405063)",Leptotrichia,0,7528
"(1569.5813953488373, 208.46511627906978)",Neisseriaceae,0,7529
"(1578.8055555555557, 885.55)",Lautropia,0,7531
"(1574.36, 1135.6355555555556)",Prevotella,0,7532
"(1575.8, 1248.5636363636363)",Lautropia,0,7533
"(1571.611650485437, 1684.8058252427184)",Lautropia,0,7534
"(1575.1121495327102, 1523.0467289719627)",Leptotrichia,0,7535
"(1572.8620689655172, 1923.1330049261085)",Pasteurellaceae,0,7536
"(1571.6935483870968, 1280.9193548387098)",Veillonella,0,7538
"(1574.159574468085, 1809.9787234042553)",Veillonella,0,7539
"(1573.5428571428572, 1169.557142857143)",Rothia,0,7540
"(1574.639175257732, 1606.360824742268)",TM7,0,7541
"(1576.3177570093458, 1904.233644859813)",Streptococcus,0,7542
"(1575.5180722891566, 414.48192771084337)",Pasteurellaceae,0,7543
"(1576.5714285714287, 492.98571428571427)",Leptotrichia,0,7544
"(1576.6666666666667, 644.9583333333334)",Leptotrichia,0,7545
"(1575.1838235294117, 1453.5514705882354)",Rothia,0,7546
"(1575.1827956989248, 1745.3978494623657)",Leptotrichia,0,7547
"(1575.948905109489, 1769.5182481751824)",Leptotrichia,0,7548
"(1576.2788461538462, 254.58653846153845)",Veillonella,0,7549
"(1576.9714285714285, 387.42857142857144)",Leptotrichia,0,7550
"(1582.6335078534032, 1844.4502617801047)",Veillonella,0,7551
"(1575.5657894736842, 2028.8684210526317)",Capnocytophaga,0,7552
"(1577.2962962962963, 569.4320987654321)",Veillonella,0,7553
"(1579.5633802816901, 906.1830985915493)",Veillonella,0,7554
"(1575.3974358974358, 964.4487179487179)",Campylobacter,0,7555
"(1579.3727810650887, 988.2366863905326)",Leptotrichia,0,7556
"(1579.4954954954956, 1054.4594594594594)",Leptotrichia,0,7557
"(1579.496, 591.48)",Pasteurellaceae,0,7558
"(1579.601226993865, 1014.5644171779142)",Leptotrichia,0,7559
"(1578.734693877551, 1211.1530612244899)",Pasteurellaceae,0,7560
"(1577.1315789473683, 1635.578947368421)",Porphyromonas,0,7561
"(1581.0774647887324, 188.17605633802816)",Gemella,0,7562
"(1583.6853146853148, 930.4475524475524)",Gemella,0,7563
"(1585.469135802469, 1384.8703703703704)",Leptotrichia,0,7564
"(1578.1509433962265, 1584.301886792453)",Leptotrichia,0,7565
"(1580.0, 1876.8095238095239)",Gemella,0,7566
"(1577.4915254237287, 1953.084745762712)",Fusobacterium,0,7567
"(1582.7583333333334, 453.675)",Leptotrichia,0,7568
"(1578.9827586206898, 520.6379310344828)",Pasteurellaceae,0,7569
"(1581.830357142857, 615.2767857142857)",Pasteurellaceae,0,7570
"(1580.9274193548388, 1088.7016129032259)",Gemella,0,7571
"(1581.0169491525423, 1266.5)",Pasteurellaceae,0,7572
"(1581.5675675675675, 3.5405405405405403)",TM7,0,7573
"(1580.1680672268908, 162.18487394957984)",Leptotrichia,0,7574
"(1580.141304347826, 432.3478260869565)",Leptotrichia,0,7575
"(1579.2533333333333, 464.08)",Leptotrichia,0,7576
"(1580.6969696969697, 1495.7878787878788)",Leptotrichia,0,7577
"(1580.83908045977, 1793.7356321839081)",Streptococcus,0,7578
"(1588.355855855856, 29.013513513513512)",Pasteurellaceae,0,7579
"(1587.8085106382978, 1620.5744680851064)",Actinomyces,0,7580
"(1581.7125, 1649.6875)",Leptotrichia,0,7581
"(1585.439393939394, 1719.2525252525252)",Veillonella,0,7582
"(1582.9493670886077, 2037.5822784810127)",Streptococcus,0,7584
"(1584.3300970873786, 948.4563106796116)",Neisseriaceae,0,7585
"(1586.4436090225563, 996.7142857142857)",Leptotrichia,0,7586
"(1591.556923076923, 1190.083076923077)",Selenomonas,0,7587
"(1583.1826923076924, 1431.9038461538462)",Gemella,0,7588
"(1581.607142857143, 1675.3035714285713)",Leptotrichia,0,7589
"(1585.7022471910113, 540.0224719101124)",Treponema,0,7590
"(1583.6923076923076, 555.8589743589744)",Lautropia,0,7591
"(1592.671111111111, 378.3288888888889)",Leptotrichia,0,7593
"(1584.876712328767, 1155.4383561643835)",Selenomonas,0,7594
"(1584.774647887324, 1571.3661971830986)",Actinomyces,0,7595
"(1584.2446808510638, 1750.8085106382978)",TM7,0,7596
"(1582.9705882352941, 1966.75)",Actinomyces,0,7598
"(1589.3951612903227, 478.31451612903226)",Leptotrichia,0,7599
"(1589.5126050420167, 507.9495798319328)",Pasteurellaceae,0,7600
"(1587.95, 1036.1125)",Campylobacter,0,7601
"(1585.3211009174313, 1285.9357798165138)",Veillonella,0,7602
"(1590.9285714285713, 1595.7142857142858)",Rothia,0,7603
"(1585.509090909091, 2020.7636363636364)",Streptococcus,0,7604
"(1586.9610389610389, 403.64935064935065)",Pasteurellaceae,0,7605
"(1587.25, 966.7619047619048)",Leptotrichia,0,7606
"(1589.7307692307693, 1171.1846153846154)",Veillonella,0,7607
"(1589.3083333333334, 318.3)",Veillonella,0,7608
"(1589.5, 519.453488372093)",Lautropia,0,7609
"(1589.0188679245282, 634.0754716981132)",Pasteurellaceae,0,7610
"(1587.49, 866.16)",Pasteurellaceae,0,7611
"(1591.6411764705883, 1223.535294117647)",Pasteurellaceae,0,7612
"(1596.1635687732341, 1406.6988847583643)",Capnocytophaga,0,7613
"(1590.4318181818182, 1673.3295454545455)",Leptotrichia,0,7614
"(1590.7777777777778, 1701.9555555555555)",Treponema,0,7615
"(1592.0409356725147, 1893.7309941520468)",Streptococcus,0,7616
"(1587.2727272727273, 2009.7636363636364)",Actinomyces,0,7617
"(1591.4932432432433, 276.0)",Lautropia,0,7618
"(1589.704081632653, 494.8469387755102)",Leptotrichia,0,7619
"(1588.4883720930231, 1780.6976744186047)",Neisseriaceae,0,7620
"(1591.8382352941176, 1931.2058823529412)",Capnocytophaga,0,7621
"(1589.6060606060605, 242.1969696969697)",Fusobacterium,0,7622
"(1589.3484848484848, 420.5151515151515)",Leptotrichia,0,7623
"(1589.3636363636363, 896.1313131313132)",Lautropia,0,7624
"(1597.6883720930232, 1455.4372093023255)",Rothia,0,7625
"(1588.921052631579, 1468.4736842105262)",Corynebacterium,0,7626
"(1590.7121212121212, 1687.8333333333333)",Pasteurellaceae,0,7628
"(1590.0731707317073, 1811.7560975609756)",Prevotella,0,7629
"(1589.8983050847457, 1919.050847457627)",Actinomyces,0,7630
"(1591.5344827586207, 1972.5)",TM7,0,7631
"(1589.554347826087, 605.1413043478261)",Fusobacterium,0,7632
"(1592.1206896551723, 1098.8189655172414)",Gemella,0,7633
"(1589.7530864197531, 1989.5061728395062)",Capnocytophaga,0,7634
"(1591.26582278481, 438.8987341772152)",Leptotrichia,0,7635
"(1592.5882352941176, 581.4411764705883)",Corynebacterium,0,7636
"(1592.5427135678392, 656.7286432160804)",Pasteurellaceae,0,7637
"(1591.9444444444443, 1908.7592592592594)",Veillonella,0,7638
"(1597.510989010989, 1944.2527472527472)",Veillonella,0,7639
"(1592.221476510067, 213.81208053691276)",Pasteurellaceae,0,7640
"(1594.2526315789473, 1253.578947368421)",Veillonella,0,7642
"(1598.6020942408377, 256.5183246073298)",Pasteurellaceae,0,7644
"(1595.1739130434783, 1201.768115942029)",Pasteurellaceae,0,7645
"(1594.6724137931035, 1495.7931034482758)",Corynebacterium,0,7646
"(1598.0135135135135, 1560.1351351351352)",Leptotrichia,0,7647
"(1595.3873873873874, 1733.7837837837837)",Leptotrichia,0,7648
"(1594.860465116279, 1866.5426356589148)",Selenomonas,0,7649
"(1592.9661016949153, 1957.7627118644068)",Capnocytophaga,0,7650
"(1593.6818181818182, 177.6818181818182)",Lautropia,0,7651
"(1595.3294117647058, 197.6705882352941)",Leptotrichia,0,7652
"(1598.6813725490197, 565.6029411764706)",Pasteurellaceae,0,7653
"(1597.5238095238096, 330.5357142857143)",Veillonella,0,7654
"(1597.55421686747, 1238.9638554216867)",Gemella,0,7655
"(1594.9264705882354, 1329.5441176470588)",Treponema,0,7656
"(1595.0897435897436, 1512.2179487179487)",Leptotrichia,0,7657
"(1598.546511627907, 390.5232558139535)",Pasteurellaceae,0,7658
"(1598.6107382550335, 1150.1342281879195)",Selenomonas,0,7659
"(1596.6984126984128, 1273.1031746031747)",Pasteurellaceae,0,7660
"(1597.13125, 2031.14375)",Veillonella,0,7661
"(1597.9024390243903, 10.853658536585366)",Leptotrichia,0,7662
"(1597.078431372549, 161.49019607843138)",Lautropia,0,7663
"(1598.7810218978102, 947.4598540145986)",Leptotrichia,0,7664
"(1598.5333333333333, 1124.351515151515)",Veillonella,0,7665
"(1600.325, 1581.175)",Veillonella,0,7666
"(1597.987012987013, 2001.974025974026)",Capnocytophaga,0,7667
"(1601.7818181818182, 314.9)",Veillonella,0,7668
"(1597.4666666666667, 616.8)",Leptotrichia,0,7669
"(1598.6, 1016.65)",Leptotrichia,0,7671
"(1597.4375, 1302.475)",Gemella,0,7672
"(1599.4285714285713, 1525.8333333333333)",Leptotrichia,0,7673
"(1602.2561983471073, 1649.2561983471073)",Leptotrichia,0,7674
"(1598.0326086956522, 1747.4347826086957)",Leptotrichia,0,7675
"(1603.7737226277372, 411.7883211678832)",Leptotrichia,0,7676
"(1603.4237288135594, 1385.906779661017)",Selenomonas,0,7677
"(1599.0307692307692, 1789.9076923076923)",Veillonella,0,7678
"(1609.3257575757575, 169.4848484848485)",Gemella,0,7680
"(1600.3809523809523, 347.752380952381)",Pasteurellaceae,0,7681
"(1599.6129032258063, 593.7096774193549)",Actinomyces,0,7682
"(1600.4133333333334, 1047.5933333333332)",Campylobacter,0,7683
"(1601.7264150943397, 1368.0754716981132)",Capnocytophaga,0,7684
"(1600.855421686747, 1541.9518072289156)",Leptotrichia,0,7685
"(1601.1951219512196, 1610.8048780487804)",Neisseriaceae,0,7686
"(1602.424778761062, 977.5132743362832)",Leptotrichia,0,7687
"(1601.8428571428572, 1636.1714285714286)",Actinomyces,0,7688
"(1601.1447368421052, 1665.6315789473683)",Corynebacterium,0,7689
"(1602.0, 1962.072463768116)",Capnocytophaga,0,7690
"(1605.84, 188.296)",Veillonella,0,7692
"(1602.134328358209, 431.04477611940297)",Pasteurellaceae,0,7693
"(1602.0, 446.53731343283584)",Pasteurellaceae,0,7694
"(1601.0, 462.1166666666667)",Pasteurellaceae,0,7695
"(1602.4924242424242, 527.9090909090909)",Prevotella,0,7696
"(1604.778409090909, 679.6306818181819)",TM7,0,7697
"(1603.426966292135, 849.438202247191)",Fusobacterium,0,7698
"(1602.639344262295, 864.7540983606557)",TM7,0,7699
"(1600.9247311827958, 875.6129032258065)",Neisseriaceae,0,7700
"(1605.8125, 997.4861111111111)",Leptotrichia,0,7701
"(1606.0100502512562, 1430.2211055276382)",Rothia,0,7702
"(1606.9469696969697, 1828.4848484848485)",Streptococcus,0,7703
"(1603.8727272727272, 157.4)",Lautropia,0,7704
"(1604.2823529411764, 233.6235294117647)",Leptotrichia,0,7705
"(1603.9384615384615, 907.0923076923077)",Lautropia,0,7706
"(1607.5076923076922, 1315.7615384615385)",Selenomonas,0,7707
"(1605.4948453608247, 1766.798969072165)",Selenomonas,0,7708
"(1606.8240740740741, 1804.5185185185185)",Gemella,0,7709
"(1602.5652173913043, 1850.2753623188405)",Gemella,0,7710
"(1603.7833333333333, 1909.2666666666667)",Veillonella,0,7711
"(1603.6744186046512, 485.06976744186045)",Leptotrichia,0,7712
"(1613.196319018405, 559.6687116564417)",Lautropia,0,7713
"(1603.7866666666666, 637.4666666666667)",Leptotrichia,0,7714
"(1604.5797101449275, 886.3188405797101)",Leptotrichia,0,7715
"(1607.2403846153845, 1289.3846153846155)",Pasteurellaceae,0,7716
"(1604.4605263157894, 1489.0394736842106)",Leptotrichia,0,7717
"(1604.942528735632, 31.551724137931036)",Leptotrichia,0,7718
"(1605.132530120482, 215.9156626506024)",Pasteurellaceae,0,7719
"(1606.547619047619, 293.7261904761905)",TM7,0,7720
"(1610.9098360655737, 399.0983606557377)",Pasteurellaceae,0,7721
"(1609.5786163522012, 1209.3962264150944)",Veillonella,0,7723
"(1604.9298245614036, 1247.0877192982457)",TM7,0,7724
"(1604.3623188405797, 1697.463768115942)",Pasteurellaceae,0,7725
"(1611.8248175182482, 540.7810218978102)",Lautropia,0,7726
"(1606.79, 1032.74)",Leptotrichia,0,7727
"(1607.1075268817203, 1174.5698924731182)",Pasteurellaceae,0,7728
"(1606.639344262295, 279.42622950819674)",Lautropia,0,7730
"(1611.6146788990825, 1337.1834862385322)",Pasteurellaceae,0,7731
"(1606.6911764705883, 1681.0294117647059)",Capnocytophaga,0,7732
"(1606.5967741935483, 1922.1129032258063)",Treponema,0,7733
"(1611.5212765957447, 2009.4787234042553)",Leptotrichia,0,7734
"(1610.6147540983607, 613.7868852459017)",Leptotrichia,0,7735
"(1607.7438016528927, 658.00826446281)",Leptotrichia,0,7736
"(1607.2, 1112.2727272727273)",Veillonella,0,7737
"(1609.432098765432, 72.23456790123457)",Rothia,0,7738
"(1611.5700934579438, 580.7196261682243)",Leptotrichia,0,7739
"(1612.4736842105262, 800.2573099415205)",Capnocytophaga,0,7740
"(1609.7142857142858, 928.2946428571429)",Pasteurellaceae,0,7741
"(1609.0754716981132, 960.377358490566)",Leptotrichia,0,7742
"(1609.8169014084508, 1856.8450704225352)",Veillonella,0,7743
"(1616.7522935779816, 151.57798165137615)",Selenomonas,0,7744
"(1613.5547445255474, 978.0)",Leptotrichia,0,7745
"(1614.5808383233532, 1992.2035928143712)",Leptotrichia,0,7746
"(1613.2929292929293, 2028.9292929292928)",Capnocytophaga,0,7747
"(1626.2374670184697, 100.90501319261213)",Actinomyces,0,7748
"(1614.642857142857, 1257.0982142857142)",Treponema,0,7749
"(1615.4083333333333, 947.9666666666667)",Leptotrichia,0,7752
"(1617.436170212766, 1017.5265957446809)",Leptotrichia,0,7753
"(1615.993006993007, 1231.8391608391607)",Fusobacterium,0,7754
"(1612.6285714285714, 1661.2)",Leptotrichia,0,7755
"(1614.3618421052631, 1886.6052631578948)",Prevotella,0,7756
"(1615.8260869565217, 325.8434782608696)",TM7,0,7757
"(1614.676923076923, 600.5692307692308)",Leptotrichia,0,7759
"(1620.7445054945056, 1448.0054945054944)",Corynebacterium,0,7760
"(1613.3675213675215, 1733.2136752136753)",Rothia,0,7761
"(1613.5714285714287, 1975.1948051948052)",Leptotrichia,0,7762
"(1614.2727272727273, 428.31168831168833)",Leptotrichia,0,7763
"(1618.9748427672955, 508.55345911949684)",Neisseriaceae,0,7764
"(1617.3083333333334, 1559.325)",Leptotrichia,0,7765
"(1615.9739130434782, 1687.6)",Pasteurellaceae,0,7766
"(1616.6122448979593, 1952.7142857142858)",Leptotrichia,0,7767
"(1615.3484848484848, 205.62121212121212)",Prevotella,0,7768
"(1618.5441176470588, 246.26470588235293)",Fusobacterium,0,7769
"(1615.1063829787233, 260.6063829787234)",Neisseriaceae,0,7770
"(1617.5180722891566, 375.4457831325301)",Corynebacterium,0,7771
"(1615.904255319149, 1190.0106382978724)",Gemella,0,7772
"(1618.7794117647059, 1356.4485294117646)",Pasteurellaceae,0,7773
"(1615.0841121495328, 1524.177570093458)",Leptotrichia,0,7774
"(1617.6525423728813, 1539.949152542373)",Leptotrichia,0,7775
"(1614.5602836879432, 1623.0567375886526)",Leptotrichia,0,7776
"(1618.8642857142856, 1909.942857142857)",Lautropia,0,7777
"(1620.9271523178809, 10.741721854304636)",Rothia,0,7778
"(1618.0, 81.34831460674157)",Actinomyces,0,7779
"(1620.7586206896551, 346.0)",Pasteurellaceae,0,7780
"(1615.5098039215686, 666.4705882352941)",TM7,0,7781
"(1616.5272727272727, 714.9454545454546)",Gemella,0,7782
"(1617.6822429906542, 1575.747663551402)",Corynebacterium,0,7784
"(1616.1408450704225, 1706.4647887323943)",Rothia,0,7785
"(1619.92, 456.9266666666667)",Leptotrichia,0,7786
"(1617.934065934066, 473.4835164835165)",Corynebacterium,0,7787
"(1617.48, 489.29333333333335)",Neisseriaceae,0,7788
"(1618.273631840796, 693.2388059701492)",TM7,0,7789
"(1618.5508021390374, 859.8609625668449)",Veillonella,0,7790
"(1619.9604519774011, 1155.8926553672316)",Pasteurellaceae,0,7791
"(1619.2569444444443, 1282.5833333333333)",Pasteurellaceae,0,7792
"(1618.142857142857, 1394.0714285714287)",Veillonella,0,7793
"(1619.6888888888889, 1785.3925925925926)",Selenomonas,0,7794
"(1619.113924050633, 1864.6582278481012)",Selenomonas,0,7795
"(1620.6777777777777, 1965.588888888889)",Pasteurellaceae,0,7796
"(1619.3739130434783, 32.76521739130435)",Corynebacterium,0,7797
"(1620.4017094017095, 647.3504273504274)",Leptotrichia,0,7798
"(1624.3389121338912, 888.7280334728033)",Leptotrichia,0,7799
"(1618.6891891891892, 1130.3108108108108)",Treponema,0,7800
"(1629.4530386740332, 1300.8480662983425)",Veillonella,0,7801
"(1621.4683544303798, 1416.9430379746836)",Leptotrichia,0,7802
"(1618.5494505494505, 1499.901098901099)",Leptotrichia,0,7803
"(1618.952380952381, 1715.5119047619048)",Rothia,0,7804
"(1619.056179775281, 524.9887640449438)",Lautropia,0,7805
"(1631.6969696969697, 1043.9121212121213)",Gemella,0,7806
"(1622.2690058479532, 224.36257309941521)",Leptotrichia,0,7807
"(1622.1851851851852, 294.39506172839504)",Actinomyces,0,7808
"(1621.158536585366, 629.6341463414634)",Pasteurellaceae,0,7809
"(1620.453125, 991.46875)",Leptotrichia,0,7810
"(1620.6, 1604.2555555555555)",Actinomyces,0,7812
"(1627.1307692307691, 1836.8961538461538)",Selenomonas,0,7813
"(1622.0786516853932, 309.3258426966292)",TM7,0,7814
"(1629.2539682539682, 1646.2460317460318)",Leptotrichia,0,7815
"(1624.4957983193278, 1675.0168067226891)",Rothia,0,7816
"(1619.9180327868853, 1934.311475409836)",Veillonella,0,7817
"(1629.9352941176471, 195.3764705882353)",TM7,0,7818
"(1625.5563909774437, 277.6616541353383)",Veillonella,0,7819
"(1622.421052631579, 1592.6666666666667)",TM7,0,7820
"(1625.3698630136987, 1817.5342465753424)",Leptotrichia,0,7821
"(1624.2428571428572, 1926.6)",Gemella,0,7822
"(1623.302752293578, 177.86238532110093)",Lautropia,0,7823
"(1625.1666666666667, 423.20588235294116)",Pasteurellaceae,0,7824
"(1623.4032258064517, 1267.5967741935483)",Leptotrichia,0,7826
"(1622.140625, 1656.140625)",Leptotrichia,0,7827
"(1626.0, 393.2016129032258)",Leptotrichia,0,7828
"(1626.8139534883721, 547.6744186046511)",Veillonella,0,7829
"(1624.1941747572816, 918.3495145631068)",Lautropia,0,7830
"(1631.592, 1219.208)",Corynebacterium,0,7831
"(1624.8137931034482, 1375.489655172414)",Gemella,0,7832
"(1623.1636363636364, 1475.3636363636363)",Veillonella,0,7833
"(1626.780612244898, 1760.5969387755101)",Actinomyces,0,7834
"(1627.0933333333332, 659.5733333333334)",Leptotrichia,0,7836
"(1629.763440860215, 902.5376344086021)",Treponema,0,7837
"(1629.5745856353592, 1522.9502762430939)",Leptotrichia,0,7838
"(1624.734375, 1621.90625)",Leptotrichia,0,7839
"(1628.2435897435898, 592.1410256410256)",Leptotrichia,0,7840
"(1632.8423645320197, 1342.527093596059)",Prevotella,0,7842
"(1627.9605263157894, 1406.6973684210527)",Leptotrichia,0,7843
"(1629.1348314606741, 1704.6067415730338)",Leptotrichia,0,7844
"(1626.030612244898, 2018.4795918367347)",TM7,0,7845
"(1629.68, 2041.328)",Veillonella,0,7846
"(1625.9245283018868, 436.4339622641509)",Pasteurellaceae,0,7847
"(1628.827868852459, 564.1475409836065)",Campylobacter,0,7848
"(1627.566037735849, 579.0943396226415)",Neisseriaceae,0,7849
"(1627.578947368421, 675.438596491228)",Neisseriaceae,0,7850
"(1628.7155963302753, 793.4954128440367)",Leptotrichia,0,7851
"(1630.2477876106195, 968.7787610619469)",Streptococcus,0,7852
"(1629.6268656716418, 1123.865671641791)",Campylobacter,0,7854
"(1628.2962962962963, 1151.4938271604938)",Streptococcus,0,7855
"(1627.2, 1727.7666666666667)",Rothia,0,7856
"(1633.0057142857142, 250.96)",Neisseriaceae,0,7857
"(1629.9529411764706, 515.3176470588236)",TM7,0,7858
"(1631.3576158940398, 1002.5695364238411)",Leptotrichia,0,7860
"(1634.7655172413793, 1320.4551724137932)",Corynebacterium,0,7861
"(1630.7884615384614, 1585.326923076923)",Gemella,0,7862
"(1638.9457364341085, 1736.9806201550387)",Actinomyces,0,7863
"(1633.3308823529412, 145.63235294117646)",Lautropia,0,7864
"(1632.1162790697674, 324.9767441860465)",Pasteurellaceae,0,7865
"(1631.2457627118645, 1183.864406779661)",Gemella,0,7866
"(1630.8095238095239, 1488.5357142857142)",Leptotrichia,0,7867
"(1632.4318181818182, 1784.409090909091)",Leptotrichia,0,7868
"(1633.0833333333333, 1939.4722222222222)",Lautropia,0,7869
"(1632.5338983050847, 1979.4661016949153)",Capnocytophaga,0,7870
"(1635.2088607594937, 166.35443037974684)",TM7,0,7871
"(1634.7898550724638, 353.2463768115942)",Veillonella,0,7872
"(1632.0, 535.4915254237288)",Streptococcus,0,7873
"(1631.6923076923076, 691.3974358974359)",Pasteurellaceae,0,7874
"(1631.2837837837837, 711.6621621621622)",Lautropia,0,7875
"(1635.7314814814815, 816.5)",TM7,0,7876
"(1630.953125, 1134.65625)",Corynebacterium,0,7877
"(1631.4, 1807.9809523809524)",TM7,0,7878
"(1631.375, 118.03571428571429)",Leptotrichia,0,7879
"(1635.4301075268818, 412.38709677419354)",Pasteurellaceae,0,7880
"(1632.6893203883494, 1202.7475728155339)",Gemella,0,7883
"(1632.041095890411, 1636.6164383561643)",Leptotrichia,0,7884
"(1633.3417721518988, 488.17721518987344)",Pasteurellaceae,0,7886
"(1637.577922077922, 605.6233766233767)",Leptotrichia,0,7887
"(1637.031007751938, 1027.5581395348838)",Leptotrichia,0,7888
"(1636.957627118644, 1693.2881355932204)",Rothia,0,7889
"(1636.6810344827586, 1242.7672413793102)",Pasteurellaceae,0,7890
"(1636.8248587570622, 1548.2881355932204)",Treponema,0,7891
"(1636.7586206896551, 1605.6896551724137)",Actinomyces,0,7892
"(1636.254716981132, 1855.2075471698113)",Leptotrichia,0,7893
"(1634.065934065934, 1901.131868131868)",Selenomonas,0,7894
"(1634.1842105263158, 2001.6842105263158)",Streptococcus,0,7895
"(1640.0, 1258.1387283236995)",Veillonella,0,7896
"(1635.0485436893205, 1455.5631067961165)",Leptotrichia,0,7897
"(1635.8292682926829, 1472.8658536585365)",Capnocytophaga,0,7898
"(1634.9406779661017, 1873.8305084745762)",Selenomonas,0,7899
"(1636.5494505494505, 225.4835164835165)",Lautropia,0,7900
"(1639.6648936170213, 296.26063829787233)",Veillonella,0,7901
"(1637.1980198019803, 472.0990099009901)",Leptotrichia,0,7902
"(1639.6975609756098, 845.5365853658536)",Veillonella,0,7903
"(1641.7477477477478, 971.4774774774775)",Selenomonas,0,7904
"(1636.154761904762, 1390.0238095238096)",Gemella,0,7905
"(1637.943925233645, 1961.177570093458)",Pasteurellaceae,0,7906
"(1643.1117021276596, 274.00531914893617)",Neisseriaceae,0,7907
"(1639.1016949152543, 312.5762711864407)",Corynebacterium,0,7908
"(1638.923076923077, 335.9846153846154)",TM7,0,7909
"(1643.4777777777779, 860.7777777777778)",Veillonella,0,7910
"(1637.0, 918.4329896907217)",Lautropia,0,7911
"(1641.2972972972973, 942.7027027027027)",Leptotrichia,0,7912
"(1639.8141592920354, 1503.2212389380531)",Leptotrichia,0,7913
"(1642.1467889908256, 501.1834862385321)",Pasteurellaceae,0,7914
"(1641.438596491228, 621.9035087719299)",Leptotrichia,0,7915
"(1640.8666666666666, 1272.6190476190477)",Pasteurellaceae,0,7916
"(1645.0777777777778, 1437.3833333333334)",Lautropia,0,7917
"(1638.2881355932204, 1626.0)",Leptotrichia,0,7918
"(1651.0931899641578, 1892.5698924731182)",Capnocytophaga,0,7919
"(1638.7169811320755, 399.0)",Pasteurellaceae,0,7920
"(1644.94776119403, 550.4776119402985)",Neisseriaceae,0,7921
"(1640.6916666666666, 667.6083333333333)",Neisseriaceae,0,7922
"(1639.9583333333333, 1225.8020833333333)",Rothia,0,7923
"(1642.090909090909, 1916.5371900826447)",Veillonella,0,7925
"(1642.8190476190475, 122.94285714285714)",Leptotrichia,0,7926
"(1644.2905982905984, 210.4102564102564)",Corynebacterium,0,7927
"(1639.967741935484, 454.13978494623655)",Leptotrichia,0,7928
"(1640.695652173913, 524.5942028985507)",Lautropia,0,7929
"(1640.9213483146068, 582.4494382022472)",Campylobacter,0,7930
"(1640.2393162393162, 640.4529914529915)",Leptotrichia,0,7931
"(1642.7920792079208, 703.6633663366337)",Prevotella,0,7932
"(1643.74213836478, 1146.6352201257862)",Rothia,0,7933
"(1641.0111111111112, 1680.7333333333333)",Selenomonas,0,7934
"(1642.6013071895425, 2016.7712418300653)",Actinomyces,0,7935
"(1641.5064935064936, 427.8831168831169)",Leptotrichia,0,7936
"(1645.4761904761904, 1595.695238095238)",Actinomyces,0,7937
"(1644.3720930232557, 1659.6666666666667)",Leptotrichia,0,7938
"(1642.195652173913, 1797.25)",Veillonella,0,7939
"(1642.301886792453, 363.1698113207547)",Gemella,0,7940
"(1647.0333333333333, 1774.9266666666667)",TM7,0,7942
"(1642.8152173913043, 380.25)",Corynebacterium,0,7943
"(1644.3974358974358, 650.7820512820513)",Neisseriaceae,0,7944
"(1646.1666666666667, 1577.611111111111)",Gemella,0,7945
"(1646.7927927927929, 567.5405405405405)",Pasteurellaceae,0,7947
"(1644.5915492957747, 1129.3239436619717)",Pasteurellaceae,0,7948
"(1645.8082191780823, 1300.7534246575342)",Capnocytophaga,0,7949
"(1650.0753424657535, 1405.2534246575342)",Pasteurellaceae,0,7950
"(1643.5645161290322, 684.3387096774194)",Neisseriaceae,0,7951
"(1644.8181818181818, 879.2363636363636)",Pasteurellaceae,0,7952
"(1645.608695652174, 957.1014492753624)",Leptotrichia,0,7953
"(1647.4561403508771, 1167.0877192982457)",Gemella,0,7954
"(1648.5902777777778, 1822.6458333333333)",Selenomonas,0,7955
"(1646.537037037037, 1989.9351851851852)",Leptotrichia,0,7956
"(1647.5046728971963, 148.19626168224298)",TM7,0,7957
"(1646.8701298701299, 485.06493506493507)",Pasteurellaceae,0,7959
"(1648.0204081632653, 795.8061224489796)",Campylobacter,0,7960
"(1646.7285714285715, 892.1142857142858)",Leptotrichia,0,7962
"(1649.0645161290322, 1750.2096774193549)",Leptotrichia,0,7963
"(1647.076923076923, 1847.1692307692308)",Selenomonas,0,7964
"(1650.191011235955, 2030.5280898876404)",Actinomyces,0,7965
"(1649.0, 444.21176470588233)",Leptotrichia,0,7966
"(1650.9506172839506, 806.8148148148148)",Lautropia,0,7967
"(1653.3270440251572, 1198.6037735849056)",Gemella,0,7968
"(1647.967213114754, 1346.6065573770493)",Veillonella,0,7969
"(1654.8882681564246, 1365.8854748603353)",Veillonella,0,7970
"(1650.590909090909, 1424.9727272727273)",Rothia,0,7971
"(1654.0289855072465, 1938.4492753623188)",Streptococcus,0,7972
"(1650.7264957264956, 1963.8632478632478)",Selenomonas,0,7973
"(1653.4871794871794, 1555.4700854700855)",Veillonella,0,7974
"(1649.159420289855, 1702.4927536231885)",Treponema,0,7975
"(1655.0714285714287, 1874.2142857142858)",Capnocytophaga,0,7976
"(1650.4342105263158, 110.97368421052632)",Actinomyces,0,7977
"(1650.2307692307693, 346.83516483516485)",Selenomonas,0,7979
"(1650.3021582733813, 1014.6906474820144)",Leptotrichia,0,7980
"(1652.061224489796, 1325.5204081632653)",Capnocytophaga,0,7981
"(1650.155172413793, 1390.1724137931035)",Lautropia,0,7982
"(1653.3068181818182, 1531.1477272727273)",Corynebacterium,0,7983
"(1650.1190476190477, 1640.702380952381)",Corynebacterium,0,7984
"(1650.3333333333333, 1809.1333333333334)",Pasteurellaceae,0,7985
"(1650.290909090909, 245.61818181818182)",Actinomyces,0,7986
"(1655.0487804878048, 1622.9512195121952)",Veillonella,0,7988
"(1655.1911764705883, 1711.7205882352941)",Selenomonas,0,7989
"(1655.4468085106382, 421.7340425531915)",Leptotrichia,0,7990
"(1654.601226993865, 992.6748466257669)",Pasteurellaceae,0,7991
"(1654.4805194805194, 1096.878787878788)",Leptotrichia,0,7992
"(1653.112359550562, 1609.2921348314608)",Selenomonas,0,7993
"(1655.1357142857144, 135.7)",TM7,0,7994
"(1656.1726618705036, 1305.769784172662)",Leptotrichia,0,7996
"(1653.9620253164558, 1454.4050632911392)",Veillonella,0,7997
"(1653.3675213675215, 1470.8290598290598)",Lautropia,0,7998
"(1656.8383838383838, 160.46464646464648)",Actinomyces,0,7999
"(1655.9540229885058, 1174.471264367816)",Pasteurellaceae,0,8001
"(1653.3692307692309, 1684.7384615384615)",Leptotrichia,0,8002
"(1656.6063829787233, 1786.1170212765958)",Corynebacterium,0,8003
"(1657.0526315789473, 223.9157894736842)",Pasteurellaceae,0,8005
"(1654.2469135802469, 467.5925925925926)",Leptotrichia,0,8006
"(1661.9156626506024, 1033.2710843373493)",Gemella,0,8007
"(1658.9425837320575, 1071.5215311004786)",Veillonella,0,8008
"(1662.235294117647, 1483.5833333333333)",Gemella,0,8009
"(1658.3838383838383, 1836.060606060606)",Prevotella,0,8010
"(1660.6125, 259.9375)",Campylobacter,0,8011
"(1661.9301075268818, 557.010752688172)",Campylobacter,0,8012
"(1657.6048387096773, 1138.782258064516)",Leptotrichia,0,8013
"(1664.1524390243903, 1739.8536585365853)",Capnocytophaga,0,8014
"(1657.5819672131147, 495.77868852459017)",Pasteurellaceae,0,8015
"(1658.094890510949, 676.4817518248175)",Neisseriaceae,0,8016
"(1657.873015873016, 1585.4603174603174)",Selenomonas,0,8017
"(1657.4, 1649.0166666666667)",Corynebacterium,0,8018
"(1657.235294117647, 1851.4117647058824)",Leptotrichia,0,8019
"(1663.9117647058824, 171.63529411764705)",Capnocytophaga,0,8020
"(1658.9931506849316, 385.13698630136986)",Leptotrichia,0,8021
"(1659.7903225806451, 649.0241935483871)",Lautropia,0,8023
"(1667.8125, 1666.485294117647)",Rothia,0,8024
"(1659.2878787878788, 1917.9545454545455)",Porphyromonas,0,8025
"(1660.5244755244755, 195.36363636363637)",Actinomyces,0,8026
"(1661.8990825688074, 366.51376146788994)",Treponema,0,8027
"(1661.1142857142856, 455.54285714285714)",Leptotrichia,0,8028
"(1661.8272727272727, 526.7)",Neisseriaceae,0,8029
"(1657.7142857142858, 627.4404761904761)",TM7,0,8030
"(1661.6875, 798.0125)",Leptotrichia,0,8031
"(1662.763440860215, 690.4193548387096)",Lautropia,0,8032
"(1666.6529411764707, 1126.4941176470588)",Corynebacterium,0,8033
"(1663.7706422018348, 1184.2201834862385)",Veillonella,0,8034
"(1662.4025974025974, 1429.3116883116884)",Prevotella,0,8035
"(1661.3950617283951, 1509.962962962963)",Corynebacterium,0,8036
"(1665.7540106951872, 1052.903743315508)",Veillonella,0,8037
"(1664.0393700787401, 1724.4803149606298)",Veillonella,0,8038
"(1661.3589743589744, 1762.8461538461538)",Treponema,0,8039
"(1661.728971962617, 1801.5981308411215)",Selenomonas,0,8040
"(1664.7426470588234, 1978.4044117647059)",Leptotrichia,0,8041
"(1666.3815789473683, 335.0394736842105)",Leptotrichia,0,8043
"(1662.560606060606, 509.59090909090907)",Neisseriaceae,0,8044
"(1664.2692307692307, 635.7692307692307)",Veillonella,0,8046
"(1662.5833333333333, 975.1527777777778)",Streptococcus,0,8047
"(1665.1748251748252, 1297.972027972028)",Corynebacterium,0,8048
"(1663.5728155339805, 587.504854368932)",Leptotrichia,0,8049
"(1663.990476190476, 818.3809523809524)",Capnocytophaga,0,8050
"(1664.1525423728813, 1210.7288135593221)",Veillonella,0,8051
"(1662.0, 1416.8)",Veillonella,0,8052
"(1671.963963963964, 1629.8018018018017)",Selenomonas,0,8053
"(1664.3375, 2025.525)",Capnocytophaga,0,8054
"(1664.5, 117.3048780487805)",Actinomyces,0,8055
"(1662.8235294117646, 906.8039215686274)",TM7,0,8056
"(1664.6176470588234, 1692.4411764705883)",Actinomyces,0,8057
"(1684.8530259365994, 1506.5677233429394)",Gemella,0,8058
"(1668.258064516129, 411.2795698924731)",Leptotrichia,0,8060
"(1666.8217821782177, 1382.3168316831684)",Veillonella,0,8062
"(1666.7912087912089, 1603.5604395604396)",Veillonella,0,8063
"(1669.35838150289, 1996.271676300578)",Capnocytophaga,0,8065
"(1667.8, 248.48333333333332)",Actinomyces,0,8066
"(1669.287037037037, 436.3333333333333)",Leptotrichia,0,8067
"(1668.5233644859813, 1168.981308411215)",Veillonella,0,8069
"(1667.5089285714287, 1447.7589285714287)",Pasteurellaceae,0,8070
"(1671.5454545454545, 1864.6168831168832)",Treponema,0,8071
"(1670.0481927710844, 2039.6506024096386)",Fusobacterium,0,8072
"(1670.3090909090909, 475.3454545454546)",Leptotrichia,0,8073
"(1673.021897810219, 1951.6423357664235)",Capnocytophaga,0,8074
"(1671.6507936507937, 238.20634920634922)",TM7,0,8075
"(1672.6218487394958, 394.3613445378151)",Leptotrichia,0,8076
"(1681.5338645418326, 1007.0996015936255)",Selenomonas,0,8078
"(1669.1407407407407, 1405.7333333333333)",Veillonella,0,8079
"(1668.4528301886792, 1523.0566037735848)",Leptotrichia,0,8080
"(1669.5595238095239, 1568.4404761904761)",Actinomyces,0,8081
"(1672.260606060606, 1590.3696969696969)",Veillonella,0,8082
"(1668.7692307692307, 1753.0576923076924)",Leptotrichia,0,8083
"(1668.3584905660377, 1822.9245283018868)",Veillonella,0,8084
"(1670.6142857142856, 1312.5857142857142)",Capnocytophaga,0,8085
"(1670.2941176470588, 1967.5441176470588)",Leptotrichia,0,8086
"(1671.698113207547, 2020.1132075471698)",Leptotrichia,0,8087
"(1672.0153846153846, 604.8923076923077)",Treponema,0,8088
"(1672.9827586206898, 633.0344827586207)",Treponema,0,8089
"(1669.2881355932204, 995.6440677966102)",Corynebacterium,0,8090
"(1671.7916666666667, 1459.1979166666667)",Pasteurellaceae,0,8091
"(1670.8777777777777, 1532.2444444444445)",Leptotrichia,0,8092
"(1670.2238805970148, 1552.7910447761194)",Selenomonas,0,8093
"(1676.0238095238096, 1648.9107142857142)",Corynebacterium,0,8094
"(1675.2941176470588, 1683.4444444444443)",Actinomyces,0,8095
"(1673.142857142857, 39.753246753246756)",Corynebacterium,0,8097
"(1675.36, 1613.86)",Selenomonas,0,8100
"(1672.7142857142858, 1787.051948051948)",Veillonella,0,8101
"(1678.768817204301, 1841.274193548387)",TM7,0,8102
"(1681.7796610169491, 805.3954802259886)",Leptotrichia,0,8103
"(1679.7594501718213, 1919.3711340206185)",Capnocytophaga,0,8104
"(1675.3302752293578, 219.44036697247705)",Veillonella,0,8105
"(1675.2689655172414, 581.4551724137931)",Leptotrichia,0,8106
"(1675.3010752688172, 1097.52688172043)",Leptotrichia,0,8107
"(1677.05223880597, 1771.1044776119404)",Selenomonas,0,8108
"(1677.1216216216217, 1853.4324324324325)",Rothia,0,8109
"(1675.5942028985507, 374.40579710144925)",Leptotrichia,0,8110
"(1676.340909090909, 669.4469696969697)",Gemella,0,8111
"(1677.4270833333333, 1489.4895833333333)",Veillonella,0,8113
"(1675.378787878788, 1804.939393939394)",Veillonella,0,8114
"(1677.45, 344.27)",Corynebacterium,0,8115
"(1676.774193548387, 507.1505376344086)",Pasteurellaceae,0,8116
"(1678.5833333333333, 1216.3484848484848)",Gemella,0,8117
"(1687.837606837607, 1386.7307692307693)",Selenomonas,0,8118
"(1675.6142857142856, 1937.442857142857)",Capnocytophaga,0,8119
"(1679.5740740740741, 27.24074074074074)",Corynebacterium,0,8120
"(1677.4794520547946, 123.15068493150685)",Actinomyces,0,8121
"(1683.6582278481012, 151.95569620253164)",Leptotrichia,0,8122
"(1675.7454545454545, 359.23636363636365)",Leptotrichia,0,8123
"(1684.9162995594713, 487.75770925110135)",Pasteurellaceae,0,8124
"(1677.5616438356165, 1087.835616438356)",Leptotrichia,0,8125
"(1679.7117117117118, 1153.954954954955)",Selenomonas,0,8126
"(1681.0394736842106, 1374.0263157894738)",Gemella,0,8127
"(1676.0, 1430.95)",Selenomonas,0,8128
"(1677.2109375, 1892.5625)",Veillonella,0,8129
"(1678.862745098039, 619.343137254902)",Lautropia,0,8130
"(1677.8307692307692, 647.3846153846154)",Gemella,0,8131
"(1678.1666666666667, 817.3166666666667)",Corynebacterium,0,8132
"(1683.878787878788, 421.18939393939394)",Leptotrichia,0,8133
"(1680.9857142857143, 1026.9285714285713)",Neisseriaceae,0,8134
"(1685.34765625, 1185.15234375)",Treponema,0,8135
"(1682.0993788819876, 1721.4658385093169)",Leptotrichia,0,8136
"(1681.9923076923078, 205.80769230769232)",Pasteurellaceae,0,8138
"(1679.75, 547.8125)",Neisseriaceae,0,8139
"(1680.32, 1545.6)",Leptotrichia,0,8140
"(1680.5294117647059, 1702.0980392156862)",Selenomonas,0,8141
"(1681.75, 1467.9166666666667)",Veillonella,0,8142
"(1684.7862595419847, 1878.1297709923665)",Leptotrichia,0,8143
"(1681.8333333333333, 2011.6363636363637)",Prevotella,0,8144
"(1684.078431372549, 532.5098039215686)",Pasteurellaceae,0,8145
"(1683.1458333333333, 1570.5520833333333)",Actinomyces,0,8146
"(1684.9810126582279, 1746.4810126582279)",Capnocytophaga,0,8147
"(1683.4324324324325, 190.3918918918919)",Capnocytophaga,0,8148
"(1683.5913978494623, 465.48387096774195)",Leptotrichia,0,8150
"(1690.4786324786326, 1197.7264957264956)",Capnocytophaga,0,8151
"(1683.593984962406, 1411.781954887218)",Veillonella,0,8152
"(1686.3854166666667, 442.5)",Leptotrichia,0,8153
"(1684.3548387096773, 639.5645161290323)",Treponema,0,8154
"(1684.7037037037037, 1127.4296296296295)",TM7,0,8155
"(1685.828125, 2036.71875)",Capnocytophaga,0,8157
"(1685.5802469135801, 328.0987654320988)",Corynebacterium,0,8158
"(1691.0529411764705, 565.964705882353)",Leptotrichia,0,8159
"(1691.2803738317757, 1057.588785046729)",Pasteurellaceae,0,8160
"(1691.5702479338843, 1082.702479338843)",Corynebacterium,0,8161
"(1691.6666666666667, 1106.4247311827958)",Gemella,0,8162
"(1686.72131147541, 1310.8032786885246)",Leptotrichia,0,8164
"(1685.1875, 1791.3375)",Prevotella,0,8165
"(1686.4285714285713, 34.160714285714285)",Leptotrichia,0,8167
"(1686.625, 129.01388888888889)",Rothia,0,8168
"(1686.8278145695365, 397.05298013245033)",Pasteurellaceae,0,8169
"(1688.4552845528456, 661.9349593495934)",Lautropia,0,8170
"(1688.7756097560975, 1532.0536585365853)",Selenomonas,0,8171
"(1689.1685393258426, 604.6629213483146)",Lautropia,0,8172
"(1689.8344827586207, 1440.5310344827585)",Selenomonas,0,8173
"(1691.0357142857142, 1980.5535714285713)",Capnocytophaga,0,8174
"(1687.4074074074074, 362.68518518518516)",Leptotrichia,0,8175
"(1691.0884955752213, 374.53982300884957)",Leptotrichia,0,8176
"(1688.1, 1043.9833333333333)",Actinomyces,0,8177
"(1689.65, 1554.69)",Leptotrichia,0,8178
"(1690.716535433071, 1811.5196850393702)",Veillonella,0,8179
"(1690.0425531914893, 1830.4574468085107)",Pasteurellaceae,0,8180
"(1687.8974358974358, 1937.8974358974358)",Selenomonas,0,8181
"(1690.686746987952, 2000.355421686747)",Capnocytophaga,0,8182
"(1692.0, 178.31746031746033)",Capnocytophaga,0,8183
"(1695.9444444444443, 1484.048611111111)",Treponema,0,8185
"(1696.3869346733668, 1661.5226130653266)",Leptotrichia,0,8187
"(1691.6101694915253, 550.6779661016949)",Leptotrichia,0,8188
"(1704.3386243386244, 594.1719576719577)",Neisseriaceae,0,8189
"(1694.8692810457517, 1638.3006535947713)",Gemella,0,8190
"(1694.7310924369747, 1762.1680672268908)",Treponema,0,8191
"(1695.8581560283687, 18.099290780141843)",Leptotrichia,0,8192
"(1693.0162601626016, 701.9430894308944)",Veillonella,0,8193
"(1706.3585365853658, 1265.0)",Leptotrichia,0,8194
"(1701.6880341880342, 1466.2606837606838)",Gemella,0,8195
"(1692.6101694915253, 1913.050847457627)",Treponema,0,8196
"(1699.0281690140846, 519.9295774647887)",Leptotrichia,0,8197
"(1695.965909090909, 791.5227272727273)",Campylobacter,0,8198
"(1696.6101694915253, 1149.177966101695)",Pasteurellaceae,0,8199
"(1694.051282051282, 1866.162393162393)",Pasteurellaceae,0,8201
"(1694.40625, 1900.3958333333333)",Veillonella,0,8202
"(1694.8, 1963.5866666666666)",Selenomonas,0,8203
"(1695.2089552238806, 347.8358208955224)",Actinomyces,0,8204
"(1694.7166666666667, 1402.7666666666667)",Veillonella,0,8205
"(1694.4761904761904, 1734.3333333333333)",Selenomonas,0,8207
"(1699.262443438914, 2017.4615384615386)",Corynebacterium,0,8208
"(1698.6351351351352, 646.0495495495495)",Lautropia,0,8209
"(1697.2021857923498, 968.983606557377)",Leptotrichia,0,8210
"(1697.2417582417581, 1693.3406593406594)",Gemella,0,8212
"(1697.59375, 1717.5833333333333)",Actinomyces,0,8213
"(1697.0240963855422, 1592.6506024096386)",Rothia,0,8214
"(1702.973544973545, 1679.5714285714287)",Veillonella,0,8215
"(1704.0114942528735, 33.03448275862069)",Corynebacterium,0,8216
"(1698.0, 200.3109756097561)",Pasteurellaceae,0,8217
"(1698.7446808510638, 620.6276595744681)",Lautropia,0,8218
"(1704.3157894736842, 1164.5894736842106)",Selenomonas,0,8219
"(1697.6818181818182, 1425.2)",Lautropia,0,8220
"(1698.2142857142858, 1782.7857142857142)",Gemella,0,8221
"(1698.4661016949153, 1576.093220338983)",Porphyromonas,0,8222
"(1703.6666666666667, 1797.4492753623188)",Pasteurellaceae,0,8223
"(1701.6113989637306, 134.5181347150259)",Actinomyces,0,8224
"(1698.295081967213, 432.73770491803276)",Leptotrichia,0,8225
"(1704.4, 690.9485714285714)",Gemella,0,8226
"(1699.910447761194, 1210.8955223880596)",Veillonella,0,8227
"(1702.3561643835617, 1530.027397260274)",Corynebacterium,0,8228
"(1699.6491228070176, 1615.8947368421052)",Rothia,0,8229
"(1700.3510638297873, 156.39361702127658)",Rothia,0,8230
"(1702.3333333333333, 326.349593495935)",Leptotrichia,0,8231
"(1700.3626373626373, 404.8901098901099)",Leptotrichia,0,8232
"(1701.4725274725274, 450.02197802197804)",Leptotrichia,0,8233
"(1701.016393442623, 673.6229508196722)",Selenomonas,0,8234
"(1701.2372881355932, 1829.4745762711864)",Lautropia,0,8235
"(1699.7466666666667, 1851.3733333333332)",Capnocytophaga,0,8236
"(1700.5131578947369, 1948.7894736842106)",Selenomonas,0,8237
"(1701.7619047619048, 379.968253968254)",Pasteurellaceae,0,8238
"(1705.3228346456692, 498.0787401574803)",Leptotrichia,0,8239
"(1704.904255319149, 1396.840425531915)",Streptococcus,0,8240
"(1706.3426294820717, 1236.6972111553785)",Pasteurellaceae,0,8241
"(1703.9166666666667, 1414.486111111111)",Gemella,0,8242
"(1703.5692307692307, 482.15384615384613)",Leptotrichia,0,8244
"(1703.090909090909, 1065.0545454545454)",Pasteurellaceae,0,8245
"(1704.6944444444443, 242.31944444444446)",TM7,0,8246
"(1704.3333333333333, 364.94117647058823)",Pasteurellaceae,0,8247
"(1705.925, 393.3625)",Leptotrichia,0,8248
"(1710.0721649484535, 546.4536082474227)",Fusobacterium,0,8249
"(1704.3865546218487, 1006.7058823529412)",Pasteurellaceae,0,8250
"(1703.6666666666667, 1036.5444444444445)",Veillonella,0,8251
"(1707.8870967741937, 231.44354838709677)",Leptotrichia,0,8252
"(1708.4324324324325, 1542.7027027027027)",Leptotrichia,0,8253
"(1705.1379310344828, 1554.9827586206898)",Leptotrichia,0,8254
"(1706.1967213114754, 1600.672131147541)",Selenomonas,0,8255
"(1705.6756756756756, 1931.7972972972973)",Veillonella,0,8257
"(1707.7339449541284, 2042.5963302752293)",Actinomyces,0,8258
"(1711.03007518797, 111.15789473684211)",Actinomyces,0,8259
"(1708.1206896551723, 169.07758620689654)",Rothia,0,8260
"(1708.9133858267717, 421.76377952755905)",Leptotrichia,0,8261
"(1708.5071428571428, 1112.3214285714287)",Gemella,0,8262
"(1705.8392857142858, 1319.125)",Leptotrichia,0,8263
"(1706.2698412698412, 1450.079365079365)",Veillonella,0,8264
"(1705.677966101695, 1906.406779661017)",Veillonella,0,8266
"(1709.1134020618556, 1964.2164948453608)",Corynebacterium,0,8267
"(1714.3809523809523, 214.63809523809525)",Leptotrichia,0,8268
"(1707.5882352941176, 628.2549019607843)",TM7,0,8269
"(1710.3537414965986, 1370.9455782312925)",Corynebacterium,0,8270
"(1708.6190476190477, 780.4557823129252)",Pasteurellaceae,0,8271
"(1707.4848484848485, 1182.8484848484848)",Treponema,0,8272
"(1711.8756756756757, 1845.162162162162)",Veillonella,0,8273
"(1711.2573529411766, 1868.4485294117646)",Capnocytophaga,0,8274
"(1714.8755760368663, 1891.930875576037)",Veillonella,0,8275
"(1711.152, 467.144)",Leptotrichia,0,8276
"(1713.3947368421052, 1047.0877192982457)",Leptotrichia,0,8277
"(1711.5524475524476, 1489.7552447552448)",Leptotrichia,0,8278
"(1710.2083333333333, 341.5)",Pasteurellaceae,0,8279
"(1710.375, 580.71875)",Leptotrichia,0,8280
"(1712.4414414414414, 767.2612612612612)",Leptotrichia,0,8281
"(1710.4117647058824, 1198.8970588235295)",Prevotella,0,8282
"(1709.6511627906978, 1521.7790697674418)",Corynebacterium,0,8283
"(1711.986301369863, 1558.890410958904)",Corynebacterium,0,8284
"(1719.9207317073171, 5.554878048780488)",TM7,0,8285
"(1714.184331797235, 662.0460829493088)",Gemella,0,8286
"(1718.0041493775934, 1084.3029045643154)",Leptotrichia,0,8287
"(1710.6404494382023, 1720.943820224719)",Corynebacterium,0,8288
"(1715.7042253521126, 1816.6244131455398)",Gemella,0,8289
"(1715.984126984127, 444.26984126984127)",Leptotrichia,0,8290
"(1712.4146341463415, 1024.0731707317073)",Leptotrichia,0,8291
"(1714.5, 1402.8444444444444)",Pasteurellaceae,0,8292
"(1717.861635220126, 1423.2327044025158)",Lautropia,0,8293
"(1712.593023255814, 1584.8953488372092)",Treponema,0,8294
"(1716.725806451613, 2003.1881720430108)",TM7,0,8295
"(1713.5232558139535, 180.9418604651163)",Actinomyces,0,8297
"(1712.6, 193.3294117647059)",Pasteurellaceae,0,8298
"(1717.3557046979865, 577.4563758389262)",Actinomyces,0,8299
"(1714.2682926829268, 995.8536585365854)",Capnocytophaga,0,8300
"(1727.4277108433735, 1384.620481927711)",Capnocytophaga,0,8301
"(1723.630985915493, 1442.0)",Selenomonas,0,8302
"(1712.8387096774193, 1510.4032258064517)",Capnocytophaga,0,8303
"(1716.7603305785124, 1633.2644628099174)",Veillonella,0,8304
"(1717.375, 1917.6931818181818)",Selenomonas,0,8306
"(1717.4758620689656, 126.33793103448276)",Actinomyces,0,8307
"(1714.835616438356, 622.2876712328767)",Lautropia,0,8308
"(1714.4056603773586, 796.4528301886793)",Neisseriaceae,0,8309
"(1716.4415584415585, 948.1948051948052)",Gemella,0,8310
"(1717.2777777777778, 360.64814814814815)",Pasteurellaceae,0,8312
"(1719.982905982906, 531.1452991452992)",Capnocytophaga,0,8313
"(1718.4615384615386, 988.2527472527472)",Pasteurellaceae,0,8315
"(1716.113924050633, 1060.632911392405)",Leptotrichia,0,8316
"(1719.4057142857143, 1616.24)",Capnocytophaga,0,8317
"(1716.765306122449, 1753.9591836734694)",Streptococcus,0,8318
"(1718.4809160305344, 84.25954198473282)",Capnocytophaga,0,8319
"(1716.4819277108434, 152.44578313253012)",Leptotrichia,0,8320
"(1716.578313253012, 378.31325301204816)",Leptotrichia,0,8321
"(1714.86, 1125.48)",Streptococcus,0,8322
"(1715.7254901960785, 1142.8039215686274)",Leptotrichia,0,8323
"(1719.1759259259259, 1779.0416666666667)",Veillonella,0,8325
"(1719.597014925373, 1216.6567164179105)",Capnocytophaga,0,8326
"(1719.8934426229507, 1334.0)",Corynebacterium,0,8327
"(1716.9714285714285, 1942.8428571428572)",Selenomonas,0,8328
"(1718.5, 1984.953125)",Selenomonas,0,8329
"(1723.1384615384616, 681.1153846153846)",Lautropia,0,8330
"(1717.5344827586207, 1162.0172413793102)",Streptococcus,0,8331
"(1726.4178403755868, 1479.4929577464789)",Lautropia,0,8332
"(1718.622950819672, 1672.2622950819673)",Veillonella,0,8333
"(1720.6904761904761, 1700.3253968253969)",Veillonella,0,8334
"(1719.1733333333334, 2023.3333333333333)",Gemella,0,8335
"(1718.676923076923, 331.12307692307695)",Corynebacterium,0,8336
"(1721.3163265306123, 413.7244897959184)",Leptotrichia,0,8337
"(1721.2706766917292, 511.2706766917293)",Leptotrichia,0,8338
"(1722.5121951219512, 640.2560975609756)",Gemella,0,8339
"(1719.5744680851064, 974.9574468085107)",Capnocytophaga,0,8340
"(1721.9770114942528, 1306.463601532567)",Corynebacterium,0,8341
"(1721.7751937984497, 316.27906976744185)",Leptotrichia,0,8342
"(1721.1552795031057, 485.45341614906835)",Leptotrichia,0,8343
"(1722.484126984127, 1188.357142857143)",Veillonella,0,8344
"(1721.5294117647059, 1353.5529411764705)",Capnocytophaga,0,8345
"(1722.1162790697674, 754.3023255813954)",Corynebacterium,0,8347
"(1729.888349514563, 803.9514563106796)",Pasteurellaceae,0,8348
"(1722.4, 1169.2142857142858)",Pasteurellaceae,0,8349
"(1722.0, 1598.9397590361446)",Selenomonas,0,8350
"(1722.4642857142858, 1647.0595238095239)",Gemella,0,8351
"(1729.5602409638554, 2039.3373493975903)",Streptococcus,0,8352
"(1722.09375, 1529.28125)",Leptotrichia,0,8353
"(1725.4719101123596, 1253.2022471910113)",Corynebacterium,0,8354
"(1725.5274725274726, 1836.0549450549452)",Gemella,0,8356
"(1725.0695652173913, 1874.5478260869565)",Leptotrichia,0,8357
"(1727.496644295302, 1973.5704697986578)",Corynebacterium,0,8358
"(1728.171052631579, 21.06578947368421)",Lautropia,0,8359
"(1726.3349514563106, 50.44660194174757)",Pasteurellaceae,0,8360
"(1725.7826086956522, 198.18260869565216)",Selenomonas,0,8361
"(1726.0390625, 1055.9765625)",Pasteurellaceae,0,8364
"(1730.2602040816328, 1135.8979591836735)",Veillonella,0,8365
"(1728.4, 1233.395)",Corynebacterium,0,8366
"(1725.2738095238096, 1685.654761904762)",Leptotrichia,0,8367
"(1725.0238095238096, 1107.6785714285713)",Leptotrichia,0,8369
"(1726.8015267175572, 1547.0152671755725)",Leptotrichia,0,8371
"(1728.6923076923076, 1755.9615384615386)",Actinomyces,0,8372
"(1728.407894736842, 346.07894736842104)",Fusobacterium,0,8373
"(1730.5868263473053, 778.3832335329341)",Treponema,0,8374
"(1727.4444444444443, 935.0769230769231)",Gemella,0,8375
"(1730.096551724138, 1007.0068965517241)",Capnocytophaga,0,8376
"(1728.5646258503402, 1035.952380952381)",Capnocytophaga,0,8377
"(1729.8512396694214, 1155.2479338842975)",Leptotrichia,0,8378
"(1728.1044776119404, 1364.3283582089553)",Corynebacterium,0,8379
"(1728.903448275862, 1510.4758620689656)",Leptotrichia,0,8380
"(1730.4223602484471, 1568.024844720497)",Selenomonas,0,8381
"(1729.7368421052631, 1585.4298245614036)",Pasteurellaceae,0,8382
"(1728.3214285714287, 1955.904761904762)",Veillonella,0,8383
"(1731.0844155844156, 141.23376623376623)",Fusobacterium,0,8384
"(1730.6397849462367, 166.96774193548387)",Pasteurellaceae,0,8385
"(1734.7783251231526, 575.4778325123152)",Leptotrichia,0,8386
"(1728.5352112676057, 422.7323943661972)",Pasteurellaceae,0,8389
"(1730.2738853503186, 604.4649681528663)",Campylobacter,0,8390
"(1729.3918918918919, 1403.2027027027027)",Pasteurellaceae,0,8391
"(1729.9540229885058, 1716.83908045977)",Corynebacterium,0,8392
"(1729.7699115044247, 106.04424778761062)",Rothia,0,8393
"(1730.375, 381.4479166666667)",Pasteurellaceae,0,8395
"(1731.7266666666667, 462.64)",Leptotrichia,0,8396
"(1730.2105263157894, 547.7982456140351)",Pasteurellaceae,0,8397
"(1730.4239130434783, 1097.0434782608695)",Leptotrichia,0,8398
"(1735.5845588235295, 1284.672794117647)",Treponema,0,8399
"(1733.202380952381, 1344.7261904761904)",Capnocytophaga,0,8400
"(1731.4366197183099, 1665.3239436619717)",Treponema,0,8401
"(1731.1728395061727, 1738.888888888889)",Leptotrichia,0,8402
"(1731.85, 1942.65)",Streptococcus,0,8403
"(1736.280487804878, 391.0365853658537)",Pasteurellaceae,0,8404
"(1732.7777777777778, 440.5656565656566)",Leptotrichia,0,8405
"(1738.1283018867925, 627.1396226415094)",Lautropia,0,8406
"(1733.8320610687024, 668.5801526717557)",Gemella,0,8407
"(1731.6333333333334, 1119.25)",Fusobacterium,0,8408
"(1733.4468085106382, 362.40425531914894)",Leptotrichia,0,8409
"(1735.8930817610062, 985.433962264151)",Leptotrichia,0,8410
"(1732.3488372093022, 1795.1046511627908)",Streptococcus,0,8411
"(1733.4358974358975, 68.43589743589743)",Fusobacterium,0,8412
"(1737.6879432624114, 411.78014184397165)",Leptotrichia,0,8413
"(1735.3863636363637, 650.9431818181819)",Porphyromonas,0,8414
"(1739.7055837563453, 960.5583756345178)",Treponema,0,8415
"(1734.4761904761904, 1930.4285714285713)",Veillonella,0,8416
"(1736.5299145299145, 333.0)",Pasteurellaceae,0,8417
"(1739.5531914893618, 1081.1063829787233)",Corynebacterium,0,8418
"(1734.090909090909, 1725.1272727272728)",Leptotrichia,0,8419
"(1734.1884057971015, 1849.2608695652175)",Leptotrichia,0,8420
"(1740.7935779816514, 1989.091743119266)",Selenomonas,0,8421
"(1738.8461538461538, 79.70192307692308)",Pasteurellaceae,0,8423
"(1736.3461538461538, 117.61538461538461)",Porphyromonas,0,8424
"(1737.391489361702, 1208.0425531914893)",Pasteurellaceae,0,8425
"(1735.4188034188035, 1323.7606837606838)",Leptotrichia,0,8426
"(1740.5762711864406, 1635.9661016949153)",Veillonella,0,8427
"(1736.0625, 1809.65625)",Campylobacter,0,8429
"(1735.2555555555555, 1865.9)",Neisseriaceae,0,8430
"(1735.2276422764228, 1907.5447154471544)",Veillonella,0,8431
"(1741.313253012048, 96.06024096385542)",Porphyromonas,0,8432
"(1736.1948051948052, 1171.2597402597403)",Lautropia,0,8433
"(1744.4408602150538, 1534.2724014336918)",Veillonella,0,8434
"(1741.0181818181818, 1604.2848484848485)",Leptotrichia,0,8435
"(1741.032786885246, 1697.0273224043715)",Capnocytophaga,0,8436
"(1740.1744966442952, 1887.0738255033557)",Veillonella,0,8437
"(1736.5409836065573, 194.34426229508196)",Fusobacterium,0,8438
"(1740.5315789473684, 494.59473684210525)",Pasteurellaceae,0,8439
"(1735.8070175438597, 1182.4561403508771)",Pasteurellaceae,0,8441
"(1738.648148148148, 1651.4814814814815)",Veillonella,0,8442
"(1739.4660194174758, 2022.4757281553398)",Veillonella,0,8443
"(1743.1824324324325, 512.9797297297297)",Pasteurellaceae,0,8444
"(1738.2857142857142, 1024.607142857143)",Leptotrichia,0,8446
"(1746.9501915708813, 1418.065134099617)",Veillonella,0,8447
"(1740.732283464567, 42.118110236220474)",Leptotrichia,0,8448
"(1738.7464788732395, 707.6478873239437)",TM7,0,8449
"(1741.3240740740741, 1449.6851851851852)",Corynebacterium,0,8450
"(1744.3396226415093, 1676.5283018867924)",Pasteurellaceae,0,8451
"(1739.7037037037037, 1966.5555555555557)",Corynebacterium,0,8453
"(1742.9264705882354, 162.28676470588235)",Actinomyces,0,8454
"(1740.851851851852, 754.6666666666666)",Leptotrichia,0,8455
"(1744.9846153846154, 1256.9307692307693)",TM7,0,8456
"(1741.5057471264367, 1619.448275862069)",Leptotrichia,0,8457
"(1746.2083333333333, 1505.015625)",Corynebacterium,0,8459
"(1744.75, 1554.9431818181818)",TM7,0,8460
"(1742.4083333333333, 1834.575)",Leptotrichia,0,8461
"(1744.970238095238, 18.928571428571427)",Leptotrichia,0,8462
"(1743.148148148148, 206.64197530864197)",TM7,0,8463
"(1742.3272727272727, 458.05454545454546)",Leptotrichia,0,8464
"(1745.9622641509434, 1245.0754716981132)",Capnocytophaga,0,8466
"(1745.0775862068965, 1304.25)",Pasteurellaceae,0,8467
"(1742.967741935484, 1372.8709677419354)",Treponema,0,8468
"(1743.0091743119267, 1761.7431192660551)",Gemella,0,8469
"(1749.4041095890411, 227.53424657534248)",Pasteurellaceae,0,8470
"(1748.8481012658228, 426.15822784810126)",Leptotrichia,0,8471
"(1764.904761904762, 658.9814814814815)",Gemella,0,8472
"(1746.17316017316, 724.7532467532468)",Veillonella,0,8473
"(1745.3162790697675, 1098.4558139534884)",Corynebacterium,0,8474
"(1744.936507936508, 1478.2222222222222)",Lautropia,0,8475
"(1744.221052631579, 1579.8842105263159)",Leptotrichia,0,8476
"(1747.7878787878788, 1920.8686868686868)",Streptococcus,0,8477
"(1745.0314960629921, 356.0)",Pasteurellaceae,0,8478
"(1745.2272727272727, 537.8863636363636)",Leptotrichia,0,8479
"(1745.283950617284, 557.604938271605)",Leptotrichia,0,8480
"(1743.6707317073171, 1037.158536585366)",Veillonella,0,8481
"(1744.8313253012047, 1059.2168674698796)",Pasteurellaceae,0,8482
"(1744.2033898305085, 1151.2881355932204)",Leptotrichia,0,8483
"(1743.378787878788, 1954.7121212121212)",Capnocytophaga,0,8484
"(1747.2395833333333, 2039.8333333333333)",Rothia,0,8485
"(1747.0833333333333, 71.375)",Corynebacterium,0,8486
"(1746.7142857142858, 185.61904761904762)",Rothia,0,8487
"(1751.6200873362445, 791.5152838427948)",Pasteurellaceae,0,8488
"(1744.9538461538461, 1731.3076923076924)",Leptotrichia,0,8489
"(1746.5, 1229.7121212121212)",Veillonella,0,8490
"(1746.7757009345794, 1357.2990654205607)",Selenomonas,0,8491
"(1746.2794117647059, 1745.3235294117646)",Leptotrichia,0,8492
"(1746.8490566037735, 111.09433962264151)",Rothia,0,8493
"(1747.2931034482758, 471.2931034482759)",Pasteurellaceae,0,8494
"(1747.4125, 605.4875)",Pasteurellaceae,0,8495
"(1754.1809523809525, 674.2904761904762)",Lautropia,0,8496
"(1749.3253012048192, 1270.867469879518)",Treponema,0,8497
"(1747.4516129032259, 1938.274193548387)",Selenomonas,0,8498
"(1748.25, 575.6323529411765)",Actinomyces,0,8499
"(1751.8590785907859, 1175.531165311653)",Corynebacterium,0,8500
"(1748.5230769230768, 1716.9538461538461)",Leptotrichia,0,8501
"(1750.6, 1776.3166666666666)",Gemella,0,8502
"(1748.953125, 55.828125)",Leptotrichia,0,8503
"(1752.1225806451612, 1124.8967741935485)",Corynebacterium,0,8504
"(1757.2446808510638, 1393.3563829787233)",Selenomonas,0,8505
"(1749.79, 1856.57)",Leptotrichia,0,8506
"(1754.421568627451, 450.54901960784315)",Leptotrichia,0,8507
"(1752.075, 767.4916666666667)",Rothia,0,8508
"(1753.741573033708, 1215.1460674157304)",Veillonella,0,8509
"(1756.2641509433963, 1650.3537735849056)",Leptotrichia,0,8510
"(1750.5463917525774, 1820.3298969072166)",Leptotrichia,0,8511
"(1752.901098901099, 1897.7912087912089)",Actinomyces,0,8512
"(1755.4905660377358, 747.4811320754717)",Leptotrichia,0,8514
"(1754.5326086956522, 1473.4239130434783)",Veillonella,0,8515
"(1752.1012658227849, 1622.1772151898733)",Corynebacterium,0,8516
"(1753.4032258064517, 1796.983870967742)",Leptotrichia,0,8517
"(1753.9174311926606, 2010.5412844036698)",Veillonella,0,8518
"(1751.8349514563106, 6.592233009708738)",Corynebacterium,0,8519
"(1754.4285714285713, 345.3333333333333)",Corynebacterium,0,8520
"(1758.6623376623377, 373.3766233766234)",Leptotrichia,0,8521
"(1756.159574468085, 1047.936170212766)",Gemella,0,8522
"(1757.2477064220184, 1142.3761467889908)",Leptotrichia,0,8523
"(1755.5344827586207, 1878.301724137931)",Veillonella,0,8524
"(1756.2692307692307, 38.46153846153846)",Leptotrichia,0,8525
"(1753.3142857142857, 316.98571428571427)",Leptotrichia,0,8526
"(1753.6842105263158, 437.2456140350877)",Leptotrichia,0,8528
"(1755.27868852459, 1695.5737704918033)",Leptotrichia,0,8529
"(1757.3225806451612, 198.8709677419355)",Actinomyces,0,8530
"(1759.4166666666667, 487.29411764705884)",Leptotrichia,0,8531
"(1754.904761904762, 808.1111111111111)",Fusobacterium,0,8532
"(1759.455223880597, 1712.8432835820895)",Leptotrichia,0,8533
"(1755.2876712328766, 1963.1917808219177)",Capnocytophaga,0,8534
"(1757.723404255319, 2027.8652482269504)",TM7,0,8535
"(1755.662162162162, 400.2162162162162)",Leptotrichia,0,8536
"(1755.8865979381444, 593.5979381443299)",Leptotrichia,0,8537
"(1755.4, 1949.35)",Pasteurellaceae,0,8539
"(1757.81, 149.79)",Rothia,0,8540
"(1757.057142857143, 550.3571428571429)",Pasteurellaceae,0,8541
"(1757.360824742268, 1031.2886597938145)",Lautropia,0,8542
"(1756.7625, 1065.1375)",Porphyromonas,0,8543
"(1757.642857142857, 1316.4285714285713)",Pasteurellaceae,0,8544
"(1763.5245901639344, 1433.3333333333333)",Selenomonas,0,8545
"(1758.3783783783783, 1587.7297297297298)",Selenomonas,0,8546
"(1758.705357142857, 464.6875)",Leptotrichia,0,8548
"(1760.0707547169811, 635.5990566037735)",Gemella,0,8549
"(1758.4126984126983, 1206.0)",Treponema,0,8551
"(1758.5072463768115, 1369.8115942028985)",Streptococcus,0,8552
"(1756.7462686567164, 1458.2835820895523)",Corynebacterium,0,8553
"(1758.0632911392406, 1573.886075949367)",Treponema,0,8555
"(1763.0934065934066, 1600.3791208791208)",Veillonella,0,8556
"(1760.2173913043478, 1915.4608695652173)",Selenomonas,0,8557
"(1761.5947368421052, 1989.621052631579)",Selenomonas,0,8558
"(1756.8444444444444, 89.06666666666666)",Selenomonas,0,8559
"(1759.830357142857, 125.46428571428571)",Rothia,0,8560
"(1759.695652173913, 1291.2028985507247)",Prevotella,0,8561
"(1758.9, 1546.5166666666667)",Porphyromonas,0,8562
"(1761.2748091603053, 1732.6259541984732)",Rothia,0,8563
"(1771.720394736842, 698.1743421052631)",Treponema,0,8564
"(1760.6095238095238, 816.8571428571429)",Lautropia,0,8565
"(1768.4954954954956, 1489.3468468468468)",Treponema,0,8567
"(1761.2054794520548, 1634.0684931506848)",Fusobacterium,0,8568
"(1761.506329113924, 1973.8227848101267)",Selenomonas,0,8570
"(1760.9, 527.4142857142857)",Campylobacter,0,8571
"(1760.0722891566265, 571.9759036144578)",TM7,0,8572
"(1759.896551724138, 1812.155172413793)",Leptotrichia,0,8573
"(1764.7564102564102, 182.99358974358975)",Rothia,0,8574
"(1760.888888888889, 733.574074074074)",Gemella,0,8576
"(1769.5705521472394, 93.94478527607362)",TM7,0,8578
"(1765.8555555555556, 828.85)",Leptotrichia,0,8579
"(1762.3529411764705, 1505.2745098039215)",Leptotrichia,0,8580
"(1763.6046511627908, 1519.5697674418604)",Treponema,0,8581
"(1762.3076923076924, 1675.3846153846155)",Leptotrichia,0,8582
"(1766.478787878788, 71.01818181818182)",Pasteurellaceae,0,8583
"(1763.6122448979593, 1087.3741496598639)",Gemella,0,8584
"(1765.628272251309, 1244.371727748691)",Treponema,0,8585
"(1767.938596491228, 1303.3070175438597)",Treponema,0,8586
"(1766.013452914798, 1346.1255605381166)",Veillonella,0,8587
"(1768.0530303030303, 1664.310606060606)",Leptotrichia,0,8589
"(1763.888888888889, 1750.111111111111)",Leptotrichia,0,8590
"(1764.8974358974358, 233.74358974358975)",Campylobacter,0,8591
"(1764.2153846153847, 1194.446153846154)",Selenomonas,0,8592
"(1763.8240740740741, 1939.0277777777778)",Rothia,0,8593
"(1766.060975609756, 411.0121951219512)",Leptotrichia,0,8594
"(1768.1637931034484, 509.5258620689655)",Leptotrichia,0,8595
"(1766.362962962963, 1114.2222222222222)",Selenomonas,0,8596
"(1769.2432432432433, 167.11711711711712)",Actinomyces,0,8597
"(1772.6192170818506, 327.0391459074733)",Leptotrichia,0,8598
"(1769.0070422535211, 560.4788732394367)",Fusobacterium,0,8600
"(1768.502564102564, 1267.497435897436)",Veillonella,0,8601
"(1765.6969696969697, 1858.6515151515152)",Corynebacterium,0,8602
"(1767.0487804878048, 442.9634146341463)",Leptotrichia,0,8603
"(1767.2340425531916, 719.0212765957447)",Veillonella,0,8604
"(1776.6185897435898, 761.4935897435897)",Leptotrichia,0,8605
"(1772.0878048780487, 790.6780487804878)",Pasteurellaceae,0,8606
"(1768.68, 1177.52)",Veillonella,0,8607
"(1769.5940594059407, 1322.5049504950496)",Veillonella,0,8608
"(1772.8196721311476, 1535.295081967213)",Porphyromonas,0,8609
"(1766.392857142857, 1555.5892857142858)",TM7,0,8610
"(1768.275, 1927.625)",Lautropia,0,8611
"(1771.5523809523809, 44.46349206349206)",Leptotrichia,0,8612
"(1769.2054794520548, 618.7808219178082)",Neisseriaceae,0,8613
"(1769.9897959183672, 1876.0816326530612)",Veillonella,0,8614
"(1767.8829787234042, 1893.936170212766)",Gemella,0,8615
"(1775.0227272727273, 369.77840909090907)",Corynebacterium,0,8616
"(1780.8297872340424, 680.9716312056737)",Lautropia,0,8617
"(1769.958762886598, 1127.6288659793815)",Leptotrichia,0,8618
"(1775.126984126984, 1144.4656084656085)",Pasteurellaceae,0,8619
"(1769.8372093023256, 1447.0697674418604)",Pasteurellaceae,0,8620
"(1772.354609929078, 1802.1489361702127)",Leptotrichia,0,8621
"(1771.4056603773586, 210.54716981132074)",Capnocytophaga,0,8622
"(1770.3846153846155, 242.73076923076923)",Pasteurellaceae,0,8623
"(1771.4410480349345, 596.5589519650655)",Pasteurellaceae,0,8624
"(1772.2190476190476, 1225.3238095238096)",TM7,0,8625
"(1775.9389312977098, 1686.679389312977)",Leptotrichia,0,8626
"(1772.2028985507247, 2020.2971014492753)",Capnocytophaga,0,8627
"(1776.6026490066224, 105.83443708609272)",Pasteurellaceae,0,8628
"(1777.4713375796177, 348.0891719745223)",Corynebacterium,0,8629
"(1772.1466666666668, 849.2266666666667)",Corynebacterium,0,8630
"(1775.1209677419354, 2041.5564516129032)",Selenomonas,0,8631
"(1778.436090225564, 226.28571428571428)",Corynebacterium,0,8632
"(1775.5339805825242, 644.0194174757281)",Gemella,0,8633
"(1776.6209150326797, 1906.575163398693)",Corynebacterium,0,8634
"(1775.340909090909, 18.25)",Leptotrichia,0,8635
"(1782.3038674033148, 466.0773480662983)",Pasteurellaceae,0,8636
"(1774.6084337349398, 1205.9096385542168)",Leptotrichia,0,8637
"(1780.7969348659003, 1363.6704980842912)",Veillonella,0,8638
"(1778.5576923076924, 134.03205128205127)",Fusobacterium,0,8639
"(1774.5049504950496, 393.4257425742574)",Corynebacterium,0,8640
"(1777.989010989011, 436.64835164835165)",Leptotrichia,0,8641
"(1776.6083916083917, 738.4335664335664)",Leptotrichia,0,8642
"(1775.6744186046512, 961.5697674418604)",Gemella,0,8643
"(1774.72, 1166.6666666666667)",Treponema,0,8644
"(1776.1764705882354, 1289.1274509803923)",Leptotrichia,0,8645
"(1775.4285714285713, 1701.2857142857142)",Leptotrichia,0,8646
"(1775.72, 1737.5333333333333)",Actinomyces,0,8647
"(1779.6742081447965, 1777.79185520362)",Leptotrichia,0,8648
"(1775.712643678161, 1837.7701149425288)",Corynebacterium,0,8649
"(1775.6021505376343, 494.89247311827955)",Leptotrichia,0,8650
"(1778.5281690140846, 1413.5070422535211)",Selenomonas,0,8651
"(1777.437908496732, 1471.7320261437908)",Gemella,0,8652
"(1780.8453608247423, 1509.0154639175257)",Selenomonas,0,8653
"(1780.9833333333333, 1574.2533333333333)",Veillonella,0,8654
"(1776.990291262136, 1631.7378640776699)",Leptotrichia,0,8655
"(1778.900709219858, 1941.3900709219859)",Treponema,0,8656
"(1777.6078431372548, 1957.5882352941176)",TM7,0,8657
"(1777.088888888889, 1972.2740740740742)",Selenomonas,0,8658
"(1779.3095238095239, 524.2777777777778)",Pasteurellaceae,0,8659
"(1779.2796610169491, 1996.2288135593221)",Streptococcus,0,8660
"(1779.2727272727273, 421.1818181818182)",Leptotrichia,0,8661
"(1781.8903225806453, 1076.458064516129)",Gemella,0,8663
"(1779.7586206896551, 1551.8850574712644)",Selenomonas,0,8664
"(1784.4845360824743, 1613.4742268041236)",Capnocytophaga,0,8665
"(1778.8470588235293, 1714.4705882352941)",Leptotrichia,0,8666
"(1780.134328358209, 1881.2238805970148)",Selenomonas,0,8667
"(1781.135593220339, 488.03389830508473)",Pasteurellaceae,0,8669
"(1780.59, 1390.93)",Selenomonas,0,8670
"(1778.4285714285713, 1593.8035714285713)",Actinomyces,0,8672
"(1780.893203883495, 1646.9708737864078)",Leptotrichia,0,8673
"(1780.5375, 1748.55)",Streptococcus,0,8675
"(1781.0337078651685, 1819.876404494382)",Leptotrichia,0,8676
"(1780.8703703703704, 3.1666666666666665)",Leptotrichia,0,8677
"(1787.7582417582419, 151.62087912087912)",Rothia,0,8678
"(1783.423611111111, 183.76388888888889)",Rothia,0,8679
"(1783.0266666666666, 407.32)",Leptotrichia,0,8680
"(1784.611111111111, 838.9333333333333)",TM7,0,8681
"(1783.8087649402391, 1859.9282868525897)",Selenomonas,0,8683
"(1784.828125, 74.2734375)",Veillonella,0,8684
"(1782.2372881355932, 1188.7118644067796)",Selenomonas,0,8685
"(1782.9726775956285, 1331.207650273224)",Veillonella,0,8686
"(1784.078125, 332.90625)",Corynebacterium,0,8687
"(1784.142857142857, 810.7967032967033)",Veillonella,0,8688
"(1790.0795847750865, 1112.5051903114186)",Gemella,0,8689
"(1783.2777777777778, 1241.8148148148148)",Pasteurellaceae,0,8690
"(1784.5344827586207, 164.9655172413793)",Rothia,0,8691
"(1786.6181818181817, 234.22727272727272)",Leptotrichia,0,8692
"(1784.5069444444443, 626.1666666666666)",Treponema,0,8693
"(1788.6785714285713, 723.1666666666666)",Porphyromonas,0,8694
"(1786.9764705882353, 953.0470588235294)",Veillonella,0,8695
"(1786.423076923077, 474.46153846153845)",Pasteurellaceae,0,8696
"(1792.8864864864865, 1221.4864864864865)",Selenomonas,0,8697
"(1786.326923076923, 28.78846153846154)",Leptotrichia,0,8698
"(1787.3145161290322, 117.8225806451613)",Pasteurellaceae,0,8699
"(1789.2178217821781, 393.64356435643566)",Corynebacterium,0,8700
"(1787.5106382978724, 1164.2553191489362)",Pasteurellaceae,0,8701
"(1790.3190184049079, 1312.3251533742332)",Actinomyces,0,8702
"(1787.5903614457832, 1679.1927710843374)",Leptotrichia,0,8703
"(1789.0804597701149, 60.0)",Leptotrichia,0,8704
"(1786.6142857142856, 508.8857142857143)",Pasteurellaceae,0,8705
"(1787.8055555555557, 535.3333333333334)",Campylobacter,0,8706
"(1790.0275229357799, 550.3761467889908)",Pasteurellaceae,0,8707
"(1789.4302325581396, 563.8720930232558)",Pasteurellaceae,0,8708
"(1787.6907216494844, 587.6494845360825)",Pasteurellaceae,0,8709
"(1788.4358974358975, 665.8717948717949)",Selenomonas,0,8710
"(1796.0122699386502, 859.680981595092)",TM7,0,8711
"(1787.2075471698113, 871.7358490566038)",Pasteurellaceae,0,8712
"(1788.0860215053763, 1399.3225806451612)",Leptotrichia,0,8713
"(1787.2380952380952, 1895.4166666666667)",Actinomyces,0,8714
"(1791.0456852791879, 203.46192893401016)",Lautropia,0,8715
"(1789.3738317757009, 1426.7196261682243)",Selenomonas,0,8716
"(1788.9302325581396, 1526.1162790697674)",Leptotrichia,0,8717
"(1803.1220472440946, 1916.0196850393702)",Campylobacter,0,8718
"(1788.9662921348315, 2011.3033707865168)",Selenomonas,0,8719
"(1792.2758620689656, 602.5310344827586)",TM7,0,8720
"(1791.1932773109243, 1277.9915966386554)",Pasteurellaceae,0,8721
"(1794.476510067114, 1698.8456375838925)",Leptotrichia,0,8722
"(1791.4495412844037, 1827.651376146789)",Selenomonas,0,8724
"(1795.962962962963, 450.9567901234568)",Leptotrichia,0,8725
"(1791.21, 499.02)",Leptotrichia,0,8726
"(1790.4578313253012, 782.8674698795181)",Neisseriaceae,0,8727
"(1800.8878205128206, 1147.6891025641025)",Corynebacterium,0,8728
"(1791.1456310679612, 1454.2135922330096)",Rothia,0,8729
"(1791.4833333333333, 1586.45)",Selenomonas,0,8730
"(1797.6731707317074, 1975.7219512195122)",Selenomonas,0,8731
"(1798.4355555555555, 2031.0222222222221)",Selenomonas,0,8732
"(1793.1081081081081, 364.3445945945946)",Leptotrichia,0,8733
"(1794.015037593985, 744.9924812030075)",Lautropia,0,8735
"(1793.3428571428572, 994.4642857142857)",Lautropia,0,8736
"(1791.878048780488, 1131.219512195122)",Capnocytophaga,0,8737
"(1791.2222222222222, 1540.2380952380952)",TM7,0,8738
"(1791.0441176470588, 1878.3529411764705)",TM7,0,8739
"(1793.8613861386139, 1179.6831683168316)",Neisseriaceae,0,8740
"(1793.8785714285714, 1201.2642857142857)",Streptococcus,0,8741
"(1798.4450549450548, 1557.9725274725274)",Rothia,0,8742
"(1792.8253968253969, 1665.8253968253969)",Leptotrichia,0,8743
"(1795.5, 1715.138888888889)",Corynebacterium,0,8744
"(1797.9685534591194, 1753.138364779874)",Corynebacterium,0,8745
"(1795.9493670886077, 381.2911392405063)",Leptotrichia,0,8746
"(1800.2448979591836, 644.2312925170068)",Veillonella,0,8747
"(1797.0208333333333, 1954.4305555555557)",Campylobacter,0,8748
"(1795.1714285714286, 1998.2857142857142)",Selenomonas,0,8749
"(1794.959595959596, 93.62626262626263)",TM7,0,8750
"(1795.5875, 714.6125)",Porphyromonas,0,8751
"(1795.359477124183, 1481.4183006535948)",Leptotrichia,0,8752
"(1795.3716814159293, 1808.725663716814)",Leptotrichia,0,8753
"(1794.8651685393259, 1937.7640449438202)",Campylobacter,0,8754
"(1800.52, 44.865)",TM7,0,8755
"(1797.5275590551182, 313.43307086614175)",Leptotrichia,0,8756
"(1800.9901960784314, 914.3872549019608)",Lautropia,0,8757
"(1799.7743902439024, 1598.7439024390244)",Leptotrichia,0,8758
"(1794.8309859154929, 1632.1408450704225)",Neisseriaceae,0,8759
"(1796.3225806451612, 1839.6612903225807)",Streptococcus,0,8760
"(1803.6984126984128, 168.75661375661375)",Rothia,0,8761
"(1810.4812967581047, 662.1321695760598)",Campylobacter,0,8762
"(1797.8241758241759, 821.3516483516484)",Leptotrichia,0,8763
"(1798.128205128205, 1090.9102564102564)",Treponema,0,8764
"(1804.152985074627, 1249.8507462686566)",Rothia,0,8765
"(1798.0416666666667, 411.075)",Leptotrichia,0,8766
"(1796.4117647058824, 438.4901960784314)",Leptotrichia,0,8767
"(1797.7534246575342, 703.5205479452055)",TM7,0,8769
"(1804.030888030888, 948.030888030888)",Gemella,0,8770
"(1799.109375, 975.1875)",Gemella,0,8771
"(1799.6283783783783, 1265.8175675675675)",TM7,0,8772
"(1806.594470046083, 1766.3548387096773)",Selenomonas,0,8774
"(1798.7411764705882, 339.8)",Corynebacterium,0,8775
"(1800.3333333333333, 807.0208333333334)",Pasteurellaceae,0,8776
"(1800.1285714285714, 835.2285714285714)",Treponema,0,8777
"(1801.9447852760736, 1338.478527607362)",Selenomonas,0,8778
"(1799.8, 1358.2095238095237)",Pasteurellaceae,0,8779
"(1797.7816091954023, 1463.5977011494253)",Selenomonas,0,8780
"(1798.0, 1729.1296296296296)",Leptotrichia,0,8781
"(1801.4347826086957, 1892.5391304347827)",Capnocytophaga,0,8782
"(1802.795321637427, 133.2514619883041)",Streptococcus,0,8783
"(1798.1149425287356, 761.0574712643678)",Prevotella,0,8785
"(1801.951923076923, 780.5384615384615)",Neisseriaceae,0,8786
"(1802.0984848484848, 1403.340909090909)",Selenomonas,0,8787
"(1800.671052631579, 1643.2368421052631)",Leptotrichia,0,8788
"(1801.905982905983, 1738.8974358974358)",Leptotrichia,0,8789
"(1802.4126984126983, 189.76190476190476)",Actinomyces,0,8790
"(1807.970394736842, 1381.608552631579)",Veillonella,0,8792
"(1807.15, 1539.6944444444443)",Streptococcus,0,8793
"(1802.8602150537633, 1497.5698924731182)",Leptotrichia,0,8795
"(1803.867469879518, 1521.6746987951808)",Selenomonas,0,8796
"(1806.2123287671234, 223.65753424657535)",Corynebacterium,0,8798
"(1803.752688172043, 469.7956989247312)",Leptotrichia,0,8800
"(1805.069306930693, 532.5049504950495)",Leptotrichia,0,8801
"(1803.9512195121952, 881.0243902439024)",Leptotrichia,0,8802
"(1802.6421052631579, 1103.7578947368422)",Veillonella,0,8803
"(1809.264, 1780.064)",Gemella,0,8805
"(1803.433962264151, 1862.566037735849)",Rothia,0,8806
"(1810.956204379562, 685.5182481751825)",Gemella,0,8807
"(1803.7567567567567, 515.3918918918919)",Leptotrichia,0,8808
"(1805.804347826087, 612.8532608695652)",Lautropia,0,8809
"(1808.4153846153847, 702.6538461538462)",Corynebacterium,0,8810
"(1808.9684210526316, 1827.2526315789473)",Corynebacterium,0,8811
"(1805.1891891891892, 1293.554054054054)",Veillonella,0,8812
"(1806.9473684210527, 1683.1503759398497)",Leptotrichia,0,8813
"(1806.73417721519, 491.46835443037975)",Leptotrichia,0,8814
"(1806.0253164556962, 569.9620253164557)",Leptotrichia,0,8815
"(1809.4807692307693, 1421.4326923076924)",Veillonella,0,8816
"(1806.0, 1434.433962264151)",Rothia,0,8817
"(1808.9019607843138, 1979.735294117647)",Selenomonas,0,8818
"(1809.2878787878788, 29.40909090909091)",Pasteurellaceae,0,8819
"(1808.5113636363637, 149.39772727272728)",Rothia,0,8820
"(1808.929411764706, 394.1764705882353)",Leptotrichia,0,8821
"(1811.2153846153847, 433.17692307692306)",Pasteurellaceae,0,8822
"(1811.0821256038648, 999.0048309178744)",Gemella,0,8823
"(1806.9, 1196.78)",Selenomonas,0,8824
"(1807.6236559139784, 1309.5913978494623)",Leptotrichia,0,8825
"(1807.3098591549297, 1582.2394366197184)",Campylobacter,0,8826
"(1807.8857142857144, 1878.0)",Leptotrichia,0,8827
"(1810.5, 728.9324324324324)",Lautropia,0,8828
"(1813.2, 796.0608695652174)",Leptotrichia,0,8829
"(1810.0531914893618, 354.40425531914894)",Leptotrichia,0,8830
"(1816.8473684210526, 375.33684210526314)",Leptotrichia,0,8831
"(1809.7179487179487, 558.1282051282051)",Pasteurellaceae,0,8833
"(1809.6825396825398, 847.7619047619048)",Leptotrichia,0,8834
"(1808.360655737705, 1476.0655737704917)",Pasteurellaceae,0,8837
"(1816.4846153846154, 1668.7)",Leptotrichia,0,8838
"(1811.9723320158103, 754.7193675889328)",Gemella,0,8839
"(1814.3333333333333, 1177.5405405405406)",Selenomonas,0,8840
"(1812.5694444444443, 1805.423611111111)",TM7,0,8841
"(1812.1754385964912, 2007.9035087719299)",Capnocytophaga,0,8842
"(1820.448275862069, 2041.7389162561576)",Selenomonas,0,8843
"(1813.1348314606741, 335.6179775280899)",Pasteurellaceae,0,8844
"(1812.0253164556962, 417.65822784810126)",Leptotrichia,0,8845
"(1811.3275862068965, 784.4655172413793)",Fusobacterium,0,8846
"(1812.7522935779816, 1232.954128440367)",Veillonella,0,8847
"(1811.5166666666667, 1363.8)",Pasteurellaceae,0,8848
"(1815.186274509804, 1441.049019607843)",Rothia,0,8849
"(1813.0280373831777, 1508.252336448598)",Leptotrichia,0,8850
"(1814.5420560747664, 1634.6448598130842)",Leptotrichia,0,8851
"(1819.3094170403588, 68.97757847533633)",Lautropia,0,8852
"(1816.9457364341085, 451.48062015503876)",Leptotrichia,0,8853
"(1813.122807017544, 478.8421052631579)",Pasteurellaceae,0,8854
"(1816.8333333333333, 504.3174603174603)",Leptotrichia,0,8855
"(1815.241573033708, 968.1629213483146)",Lautropia,0,8856
"(1815.7483870967742, 1130.425806451613)",Lautropia,0,8857
"(1813.0, 1652.753846153846)",Leptotrichia,0,8858
"(1813.948051948052, 10.467532467532468)",Actinomyces,0,8859
"(1816.8347107438017, 321.93388429752065)",Pasteurellaceae,0,8860
"(1815.0, 580.0)",Pasteurellaceae,0,8861
"(1815.5028571428572, 921.3257142857143)",Lautropia,0,8862
"(1814.6172839506173, 1219.3703703703704)",Lautropia,0,8863
"(1814.5348837209303, 1571.4418604651162)",Leptotrichia,0,8864
"(1814.5396825396826, 1954.2063492063492)",Lautropia,0,8865
"(1817.6447368421052, 146.03947368421052)",Actinomyces,0,8866
"(1817.921052631579, 722.1973684210526)",Prevotella,0,8867
"(1823.5990783410139, 1552.2764976958526)",Corynebacterium,0,8869
"(1815.7088607594937, 1712.6962025316457)",Leptotrichia,0,8870
"(1817.648888888889, 1879.911111111111)",Veillonella,0,8872
"(1823.6751824817518, 1929.7627737226278)",Rothia,0,8873
"(1815.8548387096773, 305.2903225806452)",Pasteurellaceae,0,8874
"(1825.298611111111, 551.4930555555555)",Leptotrichia,0,8876
"(1816.3529411764705, 819.2470588235294)",Pasteurellaceae,0,8877
"(1816.2539682539682, 1316.3015873015872)",Campylobacter,0,8878
"(1816.5, 1526.0192307692307)",Streptococcus,0,8879
"(1816.142857142857, 1595.6507936507937)",Streptococcus,0,8880
"(1818.0530973451328, 119.65486725663717)",Lautropia,0,8881
"(1820.605504587156, 841.6788990825688)",Campylobacter,0,8882
"(1823.0734463276835, 1353.5649717514125)",Selenomonas,0,8883
"(1816.0655737704917, 1406.049180327869)",Selenomonas,0,8884
"(1819.760736196319, 1611.2699386503068)",Porphyromonas,0,8885
"(1818.351851851852, 596.0)",TM7,0,8886
"(1818.0615384615385, 1199.3384615384616)",Corynebacterium,0,8888
"(1818.2396694214876, 1277.1818181818182)",Pasteurellaceae,0,8889
"(1822.418918918919, 1462.1824324324325)",Leptotrichia,0,8890
"(1820.1294964028777, 1486.705035971223)",Leptotrichia,0,8891
"(1821.06, 1726.81)",Leptotrichia,0,8892
"(1819.245283018868, 103.88679245283019)",Lautropia,0,8893
"(1820.0923076923077, 772.3692307692307)",Veillonella,0,8894
"(1819.808988764045, 1106.247191011236)",Pasteurellaceae,0,8895
"(1823.4265402843603, 1700.255924170616)",Leptotrichia,0,8896
"(1820.1666666666667, 1794.8333333333333)",Veillonella,0,8897
"(1819.4259259259259, 51.166666666666664)",Actinomyces,0,8898
"(1822.7522935779816, 808.0825688073395)",Leptotrichia,0,8899
"(1821.3030303030303, 1293.6262626262626)",Capnocytophaga,0,8900
"(1822.4351145038167, 1985.9160305343512)",Streptococcus,0,8901
"(1819.290909090909, 2024.8)",Selenomonas,0,8902
"(1825.4378109452737, 703.4427860696518)",Pasteurellaceae,0,8904
"(1820.5433070866143, 1746.4960629921259)",Corynebacterium,0,8905
"(1822.3866666666668, 1856.76)",Rothia,0,8906
"(1824.0, 130.82978723404256)",Leptotrichia,0,8907
"(1824.3177570093458, 219.11214953271028)",Leptotrichia,0,8908
"(1821.7042253521126, 567.2676056338029)",Leptotrichia,0,8910
"(1825.4454545454546, 622.9545454545455)",Treponema,0,8911
"(1823.7093023255813, 874.8139534883721)",Treponema,0,8912
"(1823.784946236559, 233.6451612903226)",Leptotrichia,0,8913
"(1823.7534246575342, 294.1095890410959)",Actinomyces,0,8914
"(1826.06993006993, 605.9020979020979)",Leptotrichia,0,8915
"(1823.6483516483515, 1169.6703296703297)",Neisseriaceae,0,8916
"(1825.554794520548, 1312.513698630137)",Campylobacter,0,8917
"(1827.608695652174, 1784.3565217391304)",Selenomonas,0,8918
"(1823.25, 1842.407894736842)",Rothia,0,8919
"(1823.741935483871, 1964.532258064516)",Streptococcus,0,8920
"(1824.7747747747749, 416.22522522522524)",Leptotrichia,0,8921
"(1823.8709677419354, 757.5)",Lautropia,0,8923
"(1826.451923076923, 890.3365384615385)",Pasteurellaceae,0,8924
"(1824.2380952380952, 1206.4404761904761)",Leptotrichia,0,8925
"(1825.7664233576643, 2005.5766423357663)",Corynebacterium,0,8927
"(1830.196923076923, 185.0646153846154)",Actinomyces,0,8928
"(1827.3762376237623, 345.16831683168317)",Pasteurellaceae,0,8929
"(1828.104761904762, 397.3333333333333)",Pasteurellaceae,0,8930
"(1825.4935064935064, 536.6753246753246)",Leptotrichia,0,8932
"(1826.78, 1396.94)",Leptotrichia,0,8934
"(1827.3, 1585.5)",Leptotrichia,0,8936
"(1831.7950310559006, 1876.3540372670807)",Porphyromonas,0,8938
"(1829.0, 1897.7857142857142)",Rothia,0,8939
"(1830.5209302325582, 39.013953488372096)",Rothia,0,8940
"(1825.775, 281.7625)",Actinomyces,0,8941
"(1828.632075471698, 1151.1509433962265)",Veillonella,0,8942
"(1829.4099378881988, 1827.7018633540372)",Actinomyces,0,8944
"(1830.05, 479.3)",Leptotrichia,0,8946
"(1828.874074074074, 1234.9037037037037)",Rothia,0,8948
"(1828.9512195121952, 309.2113821138211)",Leptotrichia,0,8950
"(1832.9520958083833, 784.377245508982)",Leptotrichia,0,8951
"(1829.9746835443038, 1184.5569620253164)",Selenomonas,0,8952
"(1829.7222222222222, 1420.611111111111)",Leptotrichia,0,8953
"(1830.3030303030303, 1511.2626262626263)",Actinomyces,0,8954
"(1835.3624454148471, 1620.9039301310045)",Corynebacterium,0,8955
"(1831.8529411764705, 1653.4882352941177)",Leptotrichia,0,8956
"(1831.2792792792793, 96.34234234234235)",TM7,0,8957
"(1830.3119266055046, 264.1559633027523)",Actinomyces,0,8958
"(1836.6117021276596, 677.2872340425532)",Lautropia,0,8959
"(1835.2322580645161, 1255.9161290322581)",Treponema,0,8961
"(1830.512, 1378.152)",TM7,0,8962
"(1832.797385620915, 1528.9019607843138)",Pasteurellaceae,0,8963
"(1831.7795275590552, 17.4251968503937)",Actinomyces,0,8964
"(1831.3037974683543, 329.1012658227848)",Pasteurellaceae,0,8965
"(1831.990990990991, 365.8738738738739)",Leptotrichia,0,8966
"(1835.5148514851485, 442.7821782178218)",Leptotrichia,0,8967
"(1830.9418604651162, 659.0697674418604)",Leptotrichia,0,8968
"(1830.1888888888889, 1115.2111111111112)",Veillonella,0,8969
"(1830.9484536082475, 1947.5773195876288)",Neisseriaceae,0,8971
"(1832.392857142857, 516.1666666666666)",Leptotrichia,0,8972
"(1832.2015503875969, 735.8527131782946)",Gemella,0,8973
"(1832.0268456375838, 910.9328859060403)",Leptotrichia,0,8974
"(1835.077922077922, 1274.4155844155844)",Pasteurellaceae,0,8975
"(1830.78, 1599.16)",Leptotrichia,0,8976
"(1835.5092024539877, 1970.9570552147238)",Lautropia,0,8977
"(1838.3653846153845, 1470.525641025641)",Fusobacterium,0,8979
"(1832.015625, 79.359375)",Leptotrichia,0,8980
"(1836.731843575419, 239.12849162011173)",Actinomyces,0,8981
"(1834.9935483870968, 826.2322580645161)",Neisseriaceae,0,8982
"(1838.5220125786163, 1490.1006289308177)",TM7,0,8983
"(1834.128205128205, 1689.128205128205)",Leptotrichia,0,8985
"(1836.4, 1749.3619047619047)",Capnocytophaga,0,8987
"(1835.162162162162, 1769.6486486486488)",Selenomonas,0,8988
"(1833.0, 1913.0)",Rothia,0,8989
"(1836.404761904762, 1366.5714285714287)",Veillonella,0,8990
"(1838.9077669902913, 1444.4271844660195)",Rothia,0,8991
"(1833.8333333333333, 1993.621212121212)",Selenomonas,0,8992
"(1838.4829931972788, 2023.2380952380952)",Gemella,0,8993
"(1835.5684210526315, 573.2736842105263)",Leptotrichia,0,8995
"(1838.1827956989248, 1121.9462365591398)",Selenomonas,0,8996
"(1837.030534351145, 1673.7480916030534)",Leptotrichia,0,8997
"(1835.2923076923078, 291.4)",Leptotrichia,0,8998
"(1835.5972222222222, 382.90277777777777)",Neisseriaceae,0,8999
"(1840.3709677419354, 530.0483870967741)",Leptotrichia,0,9000
"(1845.165991902834, 721.9392712550607)",Gemella,0,9001
"(1839.11, 889.45)",Leptotrichia,0,9002
"(1836.7743902439024, 1093.3841463414635)",Lautropia,0,9003
"(1839.3666666666666, 1139.6333333333334)",Rothia,0,9004
"(1840.4341085271317, 210.5968992248062)",Leptotrichia,0,9005
"(1838.1103448275862, 498.48275862068965)",Leptotrichia,0,9007
"(1838.26875, 758.28125)",Lautropia,0,9008
"(1843.9269406392693, 951.0410958904109)",Lautropia,0,9009
"(1849.0568181818182, 1200.8636363636363)",Gemella,0,9010
"(1838.6842105263158, 1227.1447368421052)",Capnocytophaga,0,9011
"(1837.7043478260869, 1333.2)",Leptotrichia,0,9012
"(1846.1768707482993, 1731.4421768707482)",Corynebacterium,0,9013
"(1842.125, 593.4083333333333)",Leptotrichia,0,9014
"(1839.8985507246377, 849.231884057971)",TM7,0,9015
"(1839.6268656716418, 164.17910447761193)",TM7,0,9016
"(1842.9314285714286, 468.32)",Leptotrichia,0,9017
"(1843.66875, 696.41875)",Leptotrichia,0,9018
"(1846.1209964412812, 1567.0106761565837)",Leptotrichia,0,9019
"(1841.3333333333333, 1849.4615384615386)",Lautropia,0,9020
"(1839.0588235294117, 1862.7794117647059)",TM7,0,9021
"(1840.4444444444443, 608.2222222222222)",Leptotrichia,0,9022
"(1843.9878048780488, 801.2682926829268)",Pasteurellaceae,0,9023
"(1840.448275862069, 1838.655172413793)",Selenomonas,0,9025
"(1842.4736842105262, 421.7684210526316)",Leptotrichia,0,9026
"(1840.938775510204, 1413.3265306122448)",Leptotrichia,0,9027
"(1845.5454545454545, 1893.2142857142858)",Capnocytophaga,0,9028
"(1850.5942028985507, 108.04710144927536)",Lautropia,0,9029
"(1842.8620689655172, 640.0459770114943)",Leptotrichia,0,9030
"(1844.5298507462687, 992.2537313432836)",Gemella,0,9031
"(1841.2711864406779, 1153.7288135593221)",Actinomyces,0,9032
"(1846.965909090909, 1348.7556818181818)",Leptotrichia,0,9033
"(1842.7910447761194, 2038.8805970149253)",Gemella,0,9035
"(1843.661971830986, 323.46478873239437)",Leptotrichia,0,9036
"(1843.7472527472528, 556.1318681318681)",Leptotrichia,0,9037
"(1848.8333333333333, 767.6)",Lautropia,0,9038
"(1846.0857142857142, 1284.1714285714286)",Rothia,0,9040
"(1842.2173913043478, 1302.4347826086957)",Leptotrichia,0,9041
"(1844.1222222222223, 1513.0222222222221)",Actinomyces,0,9042
"(1845.0185185185185, 1712.1851851851852)",Veillonella,0,9043
"(1843.6477272727273, 1807.875)",Actinomyces,0,9044
"(1850.2895752895754, 1913.042471042471)",Rothia,0,9045
"(1844.1714285714286, 127.04761904761905)",Streptococcus,0,9046
"(1843.8482142857142, 346.39285714285717)",TM7,0,9047
"(1850.5225225225224, 1084.4054054054054)",Pasteurellaceae,0,9049
"(1845.2272727272727, 1316.409090909091)",Leptotrichia,0,9050
"(1847.25, 1401.0151515151515)",Pasteurellaceae,0,9051
"(1843.8524590163934, 1588.2459016393443)",Leptotrichia,0,9052
"(1844.5795454545455, 1777.5113636363637)",Capnocytophaga,0,9053
"(1847.3416666666667, 9.75)",Actinomyces,0,9054
"(1851.0115606936415, 177.71098265895955)",TM7,0,9055
"(1846.1063829787233, 256.3333333333333)",Pasteurellaceae,0,9056
"(1845.2222222222222, 395.2098765432099)",TM7,0,9057
"(1849.9172932330828, 839.6917293233083)",Neisseriaceae,0,9058
"(1857.1474358974358, 876.2948717948718)",Treponema,0,9059
"(1849.7105263157894, 2009.8157894736842)",Treponema,0,9060
"(1857.1520618556701, 32.99484536082474)",Leptotrichia,0,9061
"(1845.4050632911392, 305.40506329113924)",Leptotrichia,0,9062
"(1847.8591549295775, 543.6338028169014)",Leptotrichia,0,9063
"(1847.5396825396826, 1330.4603174603174)",Leptotrichia,0,9064
"(1852.4906542056074, 1393.7009345794393)",Selenomonas,0,9065
"(1849.193103448276, 1544.8689655172413)",Treponema,0,9066
"(1847.4242424242425, 1602.5151515151515)",Leptotrichia,0,9067
"(1848.5367647058824, 1944.9926470588234)",Actinomyces,0,9070
"(1847.4504504504505, 1990.4144144144145)",TM7,0,9071
"(1848.1311475409836, 434.0655737704918)",Leptotrichia,0,9072
"(1849.9745762711864, 657.6101694915254)",Leptotrichia,0,9073
"(1847.46, 1111.14)",Capnocytophaga,0,9074
"(1849.2666666666667, 1639.2888888888888)",Leptotrichia,0,9075
"(1848.8636363636363, 52.378787878787875)",TM7,0,9076
"(1853.957805907173, 514.5611814345991)",Leptotrichia,0,9077
"(1853.7142857142858, 700.6428571428571)",Leptotrichia,0,9078
"(1857.48125, 1262.775)",TM7,0,9079
"(1857.388349514563, 2044.504854368932)",Selenomonas,0,9080
"(1854.2242990654206, 322.8738317757009)",Leptotrichia,0,9081
"(1850.7386363636363, 376.6363636363636)",Fusobacterium,0,9082
"(1853.3181818181818, 566.9242424242424)",Corynebacterium,0,9083
"(1852.64, 1218.27)",Lautropia,0,9084
"(1851.5955056179776, 1369.0112359550562)",TM7,0,9085
"(1852.821052631579, 1499.1473684210525)",Corynebacterium,0,9086
"(1852.8068181818182, 1529.1818181818182)",Veillonella,0,9087
"(1854.2279069767442, 1660.6279069767443)",Leptotrichia,0,9088
"(1852.0, 363.78333333333336)",Pasteurellaceae,0,9089
"(1853.0238095238096, 487.64285714285717)",Leptotrichia,0,9090
"(1852.5802469135801, 1682.6296296296296)",Rothia,0,9091
"(1852.271523178808, 1866.6887417218543)",Rothia,0,9092
"(1853.7457627118645, 738.8644067796611)",Lautropia,0,9093
"(1853.328125, 1781.625)",TM7,0,9094
"(1853.2012987012988, 1967.2207792207791)",Veillonella,0,9096
"(1857.0452261306532, 198.5427135678392)",Rothia,0,9097
"(1853.33, 1467.69)",Leptotrichia,0,9099
"(1855.2549019607843, 1829.1176470588234)",Rothia,0,9101
"(1853.2407407407406, 669.574074074074)",Pasteurellaceae,0,9102
"(1855.5128205128206, 810.4871794871794)",TM7,0,9104
"(1857.2105263157894, 824.0175438596491)",Pasteurellaceae,0,9105
"(1860.8588235294117, 1422.4411764705883)",Leptotrichia,0,9106
"(1866.4948805460751, 1453.5051194539249)",Actinomyces,0,9107
"(1855.1948051948052, 350.90909090909093)",Pasteurellaceae,0,9108
"(1854.939024390244, 854.5853658536586)",TM7,0,9109
"(1856.7397260273972, 939.6027397260274)",TM7,0,9111
"(1861.0661764705883, 1103.0441176470588)",Streptococcus,0,9112
"(1855.1463414634147, 1144.5487804878048)",Actinomyces,0,9113
"(1854.8472222222222, 1843.8194444444443)",Streptococcus,0,9114
"(1855.96875, 2028.34375)",Selenomonas,0,9115
"(1862.175, 59.23125)",Leptotrichia,0,9116
"(1856.9052631578948, 86.51578947368421)",Treponema,0,9117
"(1859.1134020618556, 386.10309278350513)",Pasteurellaceae,0,9118
"(1856.4270833333333, 455.2916666666667)",Leptotrichia,0,9119
"(1856.1911764705883, 1765.0588235294117)",Streptococcus,0,9120
"(1859.2803738317757, 785.5327102803739)",Leptotrichia,0,9123
"(1857.1203703703704, 1123.4722222222222)",Veillonella,0,9124
"(1859.672619047619, 1311.9583333333333)",Leptotrichia,0,9125
"(1858.9484536082475, 1580.7422680412371)",Leptotrichia,0,9126
"(1868.2417061611375, 1068.9431279620853)",Streptococcus,0,9128
"(1860.1559633027523, 1270.7431192660551)",Leptotrichia,0,9129
"(1859.8, 1701.2380952380952)",Leptotrichia,0,9130
"(1859.171052631579, 1750.9605263157894)",Veillonella,0,9131
"(1861.5744680851064, 552.6595744680851)",Leptotrichia,0,9132
"(1860.645390070922, 579.4326241134752)",Leptotrichia,0,9133
"(1862.8827586206896, 1250.0275862068966)",TM7,0,9134
"(1869.3461538461538, 1355.8076923076924)",Leptotrichia,0,9135
"(1861.7878787878788, 1515.3939393939395)",Rothia,0,9136
"(1859.5974025974026, 1819.5584415584415)",Rothia,0,9137
"(1861.59375, 1919.15625)",Streptococcus,0,9138
"(1859.2363636363636, 1995.1636363636364)",Veillonella,0,9139
"(1863.0153846153846, 424.7692307692308)",Leptotrichia,0,9140
"(1862.5339805825242, 605.0194174757281)",Leptotrichia,0,9141
"(1864.3076923076924, 642.2948717948718)",Neisseriaceae,0,9142
"(1860.5151515151515, 1001.1969696969697)",Veillonella,0,9143
"(1860.96875, 1333.84375)",Leptotrichia,0,9144
"(1860.96, 591.8)",Leptotrichia,0,9145
"(1862.0384615384614, 769.9871794871794)",Treponema,0,9146
"(1863.264705882353, 1225.7205882352941)",Veillonella,0,9147
"(1862.5555555555557, 1630.017094017094)",Leptotrichia,0,9148
"(1864.982456140351, 620.5)",Leptotrichia,0,9149
"(1863.546218487395, 1612.142857142857)",Veillonella,0,9150
"(1864.0506329113923, 1849.012658227848)",TM7,0,9151
"(1861.936507936508, 1937.7142857142858)",Veillonella,0,9152
"(1863.621951219512, 276.5121951219512)",Veillonella,0,9153
"(1863.4901960784314, 361.4117647058824)",Actinomyces,0,9154
"(1863.5797101449275, 398.1449275362319)",Actinomyces,0,9155
"(1864.8988764044943, 407.02247191011236)",Fusobacterium,0,9156
"(1864.5140186915887, 1169.233644859813)",Capnocytophaga,0,9157
"(1862.3939393939395, 1382.2575757575758)",Capnocytophaga,0,9158
"(1865.2115384615386, 223.35576923076923)",Streptococcus,0,9159
"(1866.3898305084747, 439.9830508474576)",Corynebacterium,0,9160
"(1865.6521739130435, 1283.9304347826087)",Leptotrichia,0,9161
"(1865.7286821705427, 1533.6589147286822)",Rothia,0,9162
"(1866.3067484662577, 1889.3865030674847)",Selenomonas,0,9163
"(1865.9027777777778, 511.44444444444446)",Leptotrichia,0,9164
"(1867.9765625, 660.359375)",Leptotrichia,0,9166
"(1864.164383561644, 752.4931506849315)",Porphyromonas,0,9167
"(1869.1568627450981, 1672.3921568627452)",Actinomyces,0,9168
"(1868.9907407407406, 210.37037037037038)",Streptococcus,0,9169
"(1866.7021276595744, 246.72340425531914)",Lautropia,0,9170
"(1871.92, 530.04)",Leptotrichia,0,9171
"(1868.423076923077, 701.3461538461538)",Pasteurellaceae,0,9172
"(1871.4825870646766, 948.6716417910447)",Lautropia,0,9173
"(1865.1076923076923, 1088.1384615384616)",Selenomonas,0,9174
"(1866.34, 1566.76)",Capnocytophaga,0,9175
"(1865.85, 1728.4)",Streptococcus,0,9176
"(1866.5, 1774.9545454545455)",Rothia,0,9177
"(1868.3300970873786, 1790.8058252427184)",Actinomyces,0,9178
"(1872.6782608695653, 1804.0)",Fusobacterium,0,9179
"(1872.51875, 1978.43125)",Capnocytophaga,0,9180
"(1870.020134228188, 333.66442953020135)",Leptotrichia,0,9182
"(1867.76, 679.16)",TM7,0,9183
"(1870.8108108108108, 806.9662162162163)",Leptotrichia,0,9184
"(1873.540404040404, 482.83838383838383)",Leptotrichia,0,9185
"(1869.7906976744187, 1131.3372093023256)",Rothia,0,9186
"(1867.6451612903227, 1739.032258064516)",Selenomonas,0,9187
"(1869.457627118644, 545.5254237288135)",Leptotrichia,0,9189
"(1872.4347826086957, 715.9217391304347)",Leptotrichia,0,9190
"(1869.2152777777778, 849.2777777777778)",Leptotrichia,0,9191
"(1877.0184049079755, 1686.8527607361964)",Capnocytophaga,0,9192
"(1871.020202020202, 10.88888888888889)",Lautropia,0,9193
"(1870.4657534246576, 88.34931506849315)",Lautropia,0,9194
"(1870.2058823529412, 462.1764705882353)",Leptotrichia,0,9195
"(1872.2131147540983, 1210.7540983606557)",Capnocytophaga,0,9198
"(1870.4444444444443, 1493.5185185185185)",Rothia,0,9199
"(1870.797619047619, 1552.047619047619)",Capnocytophaga,0,9200
"(1870.4285714285713, 1582.8428571428572)",Fusobacterium,0,9201
"(1870.2803738317757, 1867.3831775700935)",Rothia,0,9202
"(1869.578947368421, 2031.719298245614)",Leptotrichia,0,9203
"(1872.3387096774193, 302.2903225806452)",Gemella,0,9204
"(1873.6716417910447, 371.0820895522388)",TM7,0,9205
"(1871.85, 1117.125)",Actinomyces,0,9206
"(1874.608695652174, 1187.9202898550725)",Treponema,0,9208
"(1875.0902255639098, 1240.4135338345864)",Pasteurellaceae,0,9209
"(1876.4032258064517, 1605.6532258064517)",Rothia,0,9210
"(1875.0865384615386, 833.8365384615385)",Pasteurellaceae,0,9212
"(1877.4318181818182, 73.8409090909091)",Veillonella,0,9213
"(1874.1650485436894, 283.5533980582524)",Lautropia,0,9214
"(1873.0566037735848, 386.41509433962267)",TM7,0,9215
"(1873.4574468085107, 1405.6489361702127)",Selenomonas,0,9216
"(1876.2347826086957, 1651.2434782608696)",Rothia,0,9217
"(1874.75, 1929.078947368421)",Streptococcus,0,9218
"(1872.388429752066, 1947.7520661157025)",Porphyromonas,0,9219
"(1880.0338164251207, 769.9661835748792)",Leptotrichia,0,9221
"(1881.2057142857143, 1475.6171428571429)",Leptotrichia,0,9222
"(1876.5258215962442, 1766.6854460093896)",Selenomonas,0,9223
"(1876.7931034482758, 1886.1896551724137)",Rothia,0,9224
"(1876.937062937063, 1911.3566433566434)",Selenomonas,0,9225
"(1877.3632075471698, 2005.7688679245282)",Veillonella,0,9226
"(1882.1690140845071, 98.09859154929578)",Lautropia,0,9227
"(1875.3384615384616, 256.46153846153845)",Lautropia,0,9228
"(1875.969387755102, 1329.295918367347)",Leptotrichia,0,9229
"(1876.3391304347826, 1374.6347826086956)",Pasteurellaceae,0,9230
"(1877.0094786729858, 1824.1421800947867)",Rothia,0,9231
"(1878.2882882882882, 2027.1891891891892)",Corynebacterium,0,9232
"(1877.881118881119, 348.83216783216784)",TM7,0,9233
"(1876.3733333333332, 786.9333333333333)",Leptotrichia,0,9234
"(1878.287037037037, 1227.3425925925926)",Pasteurellaceae,0,9235
"(1878.0978260869565, 45.119565217391305)",Corynebacterium,0,9236
"(1877.1884057971015, 450.0289855072464)",Pasteurellaceae,0,9237
"(1877.4698795180723, 749.2530120481928)",Pasteurellaceae,0,9238
"(1877.8082191780823, 1284.9178082191781)",Leptotrichia,0,9239
"(1879.3846153846155, 1592.051282051282)",Rothia,0,9240
"(1877.1896551724137, 1630.2241379310344)",Capnocytophaga,0,9241
"(1881.2481751824816, 1845.1824817518248)",Veillonella,0,9242
"(1877.7301587301588, 1990.3174603174602)",Capnocytophaga,0,9243
"(1880.2301587301588, 408.6031746031746)",TM7,0,9244
"(1878.7459016393443, 576.6065573770492)",Leptotrichia,0,9245
"(1879.1259842519685, 1091.5354330708662)",Corynebacterium,0,9248
"(1880.698275862069, 1513.4224137931035)",Rothia,0,9249
"(1881.404761904762, 64.11904761904762)",Lautropia,0,9250
"(1880.8898305084747, 1167.5677966101696)",Leptotrichia,0,9252
"(1882.1681415929204, 1565.3893805309735)",Rothia,0,9253
"(1886.3125, 32.1796875)",Corynebacterium,0,9255
"(1885.6344827586206, 243.35862068965517)",Rothia,0,9258
"(1882.6535433070867, 502.1496062992126)",Leptotrichia,0,9259
"(1882.338028169014, 265.83098591549293)",Gemella,0,9260
"(1881.7936507936508, 465.7142857142857)",Leptotrichia,0,9261
"(1884.0444444444445, 519.7555555555556)",Leptotrichia,0,9262
"(1882.6439790575917, 657.7643979057592)",Leptotrichia,0,9263
"(1885.367088607595, 872.3607594936709)",Leptotrichia,0,9265
"(1882.1339285714287, 1152.5625)",Rothia,0,9266
"(1882.8783783783783, 1389.9594594594594)",Leptotrichia,0,9267
"(1882.32, 1426.2666666666667)",Veillonella,0,9268
"(1883.6203703703704, 1721.0648148148148)",Capnocytophaga,0,9269
"(1882.9775280898875, 1859.4044943820224)",Streptococcus,0,9270
"(1884.3333333333333, 424.72727272727275)",Fusobacterium,0,9271
"(1883.686567164179, 545.8805970149253)",Neisseriaceae,0,9272
"(1884.5833333333333, 1270.3229166666667)",Leptotrichia,0,9274
"(1882.3684210526317, 1943.157894736842)",Capnocytophaga,0,9276
"(1885.3367346938776, 2043.061224489796)",Rothia,0,9277
"(1884.8021978021977, 393.0989010989011)",Actinomyces,0,9278
"(1884.5445544554455, 720.8118811881188)",Leptotrichia,0,9279
"(1884.6182795698924, 1541.6720430107528)",Rothia,0,9280
"(1885.474358974359, 1662.8846153846155)",Rothia,0,9281
"(1885.8942307692307, 327.49038461538464)",Leptotrichia,0,9282
"(1884.9344262295083, 444.21311475409834)",Pasteurellaceae,0,9283
"(1885.9305555555557, 1198.0277777777778)",Leptotrichia,0,9284
"(1895.225626740947, 1460.8384401114206)",Actinomyces,0,9285
"(1886.4362416107383, 609.0536912751678)",Leptotrichia,0,9288
"(1890.6257668711658, 696.9325153374233)",TM7,0,9289
"(1890.3774834437086, 1129.6688741721855)",Leptotrichia,0,9290
"(1890.9183673469388, 1304.688775510204)",Leptotrichia,0,9291
"(1889.4537444933922, 1497.308370044053)",Corynebacterium,0,9292
"(1886.2105263157894, 1955.9473684210527)",Veillonella,0,9293
"(1888.6979166666667, 1966.9479166666667)",Veillonella,0,9294
"(1890.5395683453237, 8.46043165467626)",Leptotrichia,0,9295
"(1890.581081081081, 257.7567567567568)",Veillonella,0,9296
"(1892.4415584415585, 812.9090909090909)",Pasteurellaceae,0,9298
"(1888.4722222222222, 1341.9444444444443)",Leptotrichia,0,9299
"(1893.1423076923077, 1378.9615384615386)",Leptotrichia,0,9300
"(1890.759493670886, 636.746835443038)",Treponema,0,9301
"(1892.7157894736843, 1072.8578947368421)",Pasteurellaceae,0,9302
"(1892.9907407407406, 1409.9444444444443)",Rothia,0,9303
"(1896.595652173913, 51.14782608695652)",Leptotrichia,0,9304
"(1897.944099378882, 319.0993788819876)",Leptotrichia,0,9305
"(1892.6564885496184, 557.9160305343512)",Treponema,0,9306
"(1892.7404580152672, 832.6717557251908)",Pasteurellaceae,0,9307
"(1892.0677083333333, 958.765625)",Lautropia,0,9308
"(1889.8235294117646, 1637.9764705882353)",Leptotrichia,0,9309
"(1890.5166666666667, 1923.9583333333333)",Capnocytophaga,0,9310
"(1891.8217054263566, 851.8604651162791)",TM7,0,9311
"(1893.066037735849, 1107.3396226415093)",Corynebacterium,0,9312
"(1890.716049382716, 1216.6666666666667)",Pasteurellaceae,0,9313
"(1894.0413793103448, 1748.3241379310346)",Selenomonas,0,9314
"(1891.4827586206898, 1837.6666666666667)",Rothia,0,9315
"(1895.7878787878788, 1899.4848484848485)",Streptococcus,0,9316
"(1892.7121212121212, 281.1363636363636)",Lautropia,0,9317
"(1892.8504672897195, 375.7102803738318)",Neisseriaceae,0,9318
"(1890.4556962025317, 589.2278481012659)",Pasteurellaceae,0,9319
"(1899.7142857142858, 1187.6309523809523)",Selenomonas,0,9320
"(1893.5408163265306, 1284.8673469387754)",TM7,0,9321
"(1891.6404494382023, 1880.0337078651685)",Capnocytophaga,0,9322
"(1893.9154929577464, 20.929577464788732)",Leptotrichia,0,9323
"(1892.563829787234, 354.75531914893617)",Lautropia,0,9324
"(1891.057471264368, 480.9655172413793)",Corynebacterium,0,9325
"(1893.379746835443, 541.126582278481)",Leptotrichia,0,9326
"(1894.2608695652175, 1681.895652173913)",Actinomyces,0,9327
"(1894.7604166666667, 454.5416666666667)",Pasteurellaceae,0,9328
"(1895.0283018867924, 624.8018867924528)",TM7,0,9329
"(1893.1037735849056, 783.2358490566038)",Leptotrichia,0,9330
"(1895.984126984127, 1150.5873015873017)",Streptococcus,0,9331
"(1893.853448275862, 1765.0)",Selenomonas,0,9332
"(1893.425, 1985.8833333333334)",Selenomonas,0,9333
"(1895.9905660377358, 220.41509433962264)",TM7,0,9334
"(1899.5980392156862, 677.6862745098039)",Lautropia,0,9335
"(1899.7945205479452, 1237.7488584474886)",Capnocytophaga,0,9336
"(1894.9690721649486, 1430.5154639175257)",Leptotrichia,0,9337
"(1895.5433070866143, 1603.7716535433071)",Leptotrichia,0,9338
"(1893.4833333333333, 1782.8833333333334)",Corynebacterium,0,9340
"(1896.118811881188, 1800.1386138613861)",Leptotrichia,0,9341
"(1896.3333333333333, 76.2051282051282)",Lautropia,0,9342
"(1896.625, 654.0583333333333)",Leptotrichia,0,9343
"(1895.8990825688074, 750.3302752293578)",Leptotrichia,0,9344
"(1899.9650349650349, 1253.6643356643356)",Selenomonas,0,9345
"(1896.36, 1325.9)",Leptotrichia,0,9346
"(1895.061224489796, 1518.7448979591836)",TM7,0,9347
"(1896.6422764227643, 1582.1869918699188)",Rothia,0,9348
"(1896.7866666666666, 2027.4933333333333)",TM7,0,9349
"(1901.708609271523, 1364.6490066225165)",Leptotrichia,0,9350
"(1896.8125, 1817.1607142857142)",Rothia,0,9351
"(1896.0384615384614, 1861.8461538461538)",Capnocytophaga,0,9354
"(1897.411111111111, 1932.5333333333333)",Capnocytophaga,0,9355
"(1897.078947368421, 2002.157894736842)",TM7,0,9356
"(1901.3879310344828, 501.12931034482756)",Leptotrichia,0,9357
"(1898.0666666666666, 528.64)",Leptotrichia,0,9358
"(1903.5844155844156, 1443.0389610389611)",Corynebacterium,0,9359
"(1898.4197530864199, 1562.7407407407406)",Rothia,0,9360
"(1901.1241379310345, 438.39310344827584)",Porphyromonas,0,9361
"(1902.069306930693, 468.1287128712871)",Leptotrichia,0,9362
"(1901.1785714285713, 727.8428571428572)",Corynebacterium,0,9363
"(1905.439393939394, 1910.8030303030303)",Lautropia,0,9364
"(1905.0921658986176, 99.71428571428571)",Corynebacterium,0,9365
"(1900.3410852713178, 413.82945736434107)",Streptococcus,0,9366
"(1903.344, 577.872)",Leptotrichia,0,9367
"(1903.576923076923, 1117.5384615384614)",Leptotrichia,0,9368
"(1899.1267605633802, 1544.8591549295775)",Corynebacterium,0,9369
"(1907.483695652174, 1944.2771739130435)",Selenomonas,0,9371
"(1903.3398058252428, 2041.009708737864)",Leptotrichia,0,9372
"(1900.6442307692307, 64.54807692307692)",Porphyromonas,0,9373
"(1905.9913793103449, 367.9568965517241)",TM7,0,9374
"(1903.4028776978416, 391.40287769784175)",Streptococcus,0,9375
"(1902.4776119402984, 514.4179104477612)",Pasteurellaceae,0,9376
"(1901.7075471698113, 1666.8584905660377)",Rothia,0,9378
"(1900.8625, 1728.2375)",Gemella,0,9379
"(1903.664, 1849.352)",Capnocytophaga,0,9380
"(1901.1632653061224, 1960.3367346938776)",Porphyromonas,0,9381
"(1904.2866242038217, 302.2547770700637)",Neisseriaceae,0,9382
"(1902.4769230769232, 605.1076923076923)",Leptotrichia,0,9384
"(1903.1851851851852, 345.98148148148147)",TM7,0,9385
"(1907.4273504273503, 1200.2649572649573)",Capnocytophaga,0,9387
"(1902.9354838709678, 1267.8870967741937)",Leptotrichia,0,9388
"(1904.02, 1626.24)",Leptotrichia,0,9389
"(1905.0970873786407, 1711.6893203883494)",Corynebacterium,0,9390
"(1908.351485148515, 240.5742574257426)",Porphyromonas,0,9393
"(1906.8955223880596, 961.6567164179105)",Gemella,0,9394
"(1909.6380952380953, 1575.4857142857143)",Rothia,0,9395
"(1909.44, 1611.63)",Leptotrichia,0,9396
"(1905.8648648648648, 823.1756756756756)",Leptotrichia,0,9397
"(1905.1863354037266, 851.3291925465838)",Neisseriaceae,0,9398
"(1908.860759493671, 1217.132911392405)",Leptotrichia,0,9399
"(1905.550847457627, 1343.4830508474577)",Leptotrichia,0,9400
"(1910.7701149425288, 1493.9137931034484)",Selenomonas,0,9401
"(1905.883495145631, 1533.7378640776699)",Leptotrichia,0,9402
"(1906.5631067961165, 2017.7572815533981)",Veillonella,0,9403
"(1906.0224719101125, 9.9438202247191)",Actinomyces,0,9404
"(1908.377358490566, 714.4528301886793)",Leptotrichia,0,9405
"(1906.8433734939758, 772.6987951807229)",Selenomonas,0,9406
"(1914.5034246575342, 1094.9794520547946)",Corynebacterium,0,9407
"(1908.7610619469026, 1136.9734513274336)",Corynebacterium,0,9408
"(1907.5833333333333, 1559.138888888889)",Rothia,0,9409
"(1905.3846153846155, 1639.673076923077)",Corynebacterium,0,9410
"(1907.1267605633802, 1652.5915492957747)",Leptotrichia,0,9411
"(1910.3096446700508, 1780.6294416243654)",Capnocytophaga,0,9412
"(1907.2272727272727, 1874.3454545454545)",Corynebacterium,0,9413
"(1908.3870967741937, 34.096774193548384)",Pasteurellaceae,0,9414
"(1909.8819444444443, 651.5486111111111)",Pasteurellaceae,0,9416
"(1910.3037037037036, 696.3037037037037)",Neisseriaceae,0,9417
"(1908.1290322580646, 796.741935483871)",Pasteurellaceae,0,9418
"(1907.0481927710844, 1282.8433734939758)",Treponema,0,9419
"(1910.7236842105262, 266.73026315789474)",Lautropia,0,9420
"(1916.9684210526316, 865.478947368421)",Streptococcus,0,9421
"(1911.5781990521327, 1978.60663507109)",Lautropia,0,9423
"(1909.7058823529412, 2007.4264705882354)",Selenomonas,0,9424
"(1910.1463414634147, 555.3536585365854)",Leptotrichia,0,9425
"(1910.8988764044943, 622.7977528089888)",TM7,0,9426
"(1910.6666666666667, 783.1494252873563)",Capnocytophaga,0,9427
"(1911.6549295774648, 1165.4014084507041)",Selenomonas,0,9428
"(1909.632911392405, 1514.126582278481)",Selenomonas,0,9429
"(1921.2792792792793, 222.4954954954955)",Leptotrichia,0,9430
"(1917.8225806451612, 358.2903225806452)",Fusobacterium,0,9431
"(1912.8018018018017, 424.4864864864865)",TM7,0,9432
"(1914.3181818181818, 1890.375)",TM7,0,9433
"(1916.3, 583.7357142857143)",Leptotrichia,0,9434
"(1911.9594594594594, 752.6891891891892)",Fusobacterium,0,9437
"(1912.1384615384616, 810.1538461538462)",Pasteurellaceae,0,9438
"(1915.5096153846155, 1338.0)",Leptotrichia,0,9439
"(1914.7701149425288, 1478.83908045977)",Capnocytophaga,0,9440
"(1912.8513513513512, 1679.4864864864865)",Actinomyces,0,9441
"(1914.6387096774195, 482.3741935483871)",Leptotrichia,0,9443
"(1914.2803738317757, 534.8504672897196)",Leptotrichia,0,9444
"(1914.4591836734694, 1316.1938775510205)",Leptotrichia,0,9445
"(1919.5886075949368, 1422.746835443038)",Streptococcus,0,9446
"(1913.421875, 1434.8125)",Veillonella,0,9447
"(1913.7, 1836.7625)",TM7,0,9449
"(1916.6296296296296, 403.5679012345679)",Porphyromonas,0,9450
"(1914.945945945946, 1361.2702702702702)",Leptotrichia,0,9451
"(1919.0083333333334, 1996.7666666666667)",Veillonella,0,9452
"(1915.4883720930231, 76.97674418604652)",Fusobacterium,0,9453
"(1920.2578947368422, 649.8)",Pasteurellaceae,0,9454
"(1919.013698630137, 841.3356164383562)",Pasteurellaceae,0,9455
"(1914.8666666666666, 1372.6833333333334)",Leptotrichia,0,9456
"(1918.2167832167831, 1387.5874125874127)",Leptotrichia,0,9457
"(1915.051724137931, 1466.2068965517242)",Selenomonas,0,9458
"(1916.4666666666667, 1551.5777777777778)",Leptotrichia,0,9459
"(1916.4418604651162, 1800.5581395348838)",Leptotrichia,0,9460
"(1920.4666666666667, 1921.7733333333333)",Lautropia,0,9461
"(1916.5, 118.43023255813954)",Lautropia,0,9462
"(1915.9264705882354, 506.6764705882353)",Leptotrichia,0,9463
"(1918.7043478260869, 745.2)",Leptotrichia,0,9465
"(1917.9453125, 1635.0703125)",Leptotrichia,0,9466
"(1916.446153846154, 1813.8153846153846)",Leptotrichia,0,9467
"(1914.8392857142858, 2021.375)",TM7,0,9469
"(1925.053003533569, 62.7773851590106)",Rothia,0,9470
"(1919.8968253968253, 326.44444444444446)",Leptotrichia,0,9471
"(1919.7712418300653, 384.2483660130719)",Pasteurellaceae,0,9472
"(1916.859375, 1232.421875)",Porphyromonas,0,9473
"(1920.3962264150944, 1449.1037735849056)",Lautropia,0,9474
"(1918.8241758241759, 1696.4945054945056)",Corynebacterium,0,9475
"(1917.84375, 604.8020833333334)",Leptotrichia,0,9476
"(1922.541095890411, 1151.2671232876712)",Leptotrichia,0,9477
"(1920.746153846154, 1593.9692307692308)",Veillonella,0,9478
"(1920.0648648648648, 1724.1459459459459)",Veillonella,0,9479
"(1918.7878787878788, 1958.6060606060605)",Capnocytophaga,0,9480
"(1923.0357142857142, 787.8061224489796)",Pasteurellaceae,0,9481
"(1922.1777777777777, 1405.0444444444445)",Leptotrichia,0,9482
"(1918.873015873016, 1791.4285714285713)",Leptotrichia,0,9483
"(1920.806896551724, 1857.5241379310344)",Corynebacterium,0,9484
"(1922.0869565217392, 2032.1739130434783)",Selenomonas,0,9485
"(1920.8440366972477, 287.43119266055044)",Porphyromonas,0,9486
"(1920.1919191919192, 687.3434343434343)",Leptotrichia,0,9487
"(1920.6910569105692, 727.3089430894308)",Leptotrichia,0,9488
"(1919.8260869565217, 825.1014492753624)",Neisseriaceae,0,9489
"(1920.53125, 1123.84375)",Lautropia,0,9490
"(1926.212669683258, 1296.972850678733)",Corynebacterium,0,9491
"(1918.65625, 1529.4166666666667)",Selenomonas,0,9492
"(1919.87, 1618.67)",Leptotrichia,0,9493
"(1925.844827586207, 766.0)",Lautropia,0,9496
"(1922.8989898989898, 1203.7575757575758)",Streptococcus,0,9497
"(1928.3333333333333, 1756.265625)",Leptotrichia,0,9499
"(1923.8543689320388, 521.6019417475728)",Leptotrichia,0,9500
"(1924.4415584415585, 10.915584415584416)",Actinomyces,0,9503
"(1925.8260869565217, 30.08695652173913)",Fusobacterium,0,9504
"(1927.4875, 341.86875)",Leptotrichia,0,9505
"(1924.4554455445545, 438.76237623762376)",Neisseriaceae,0,9506
"(1935.8235294117646, 666.2352941176471)",Gemella,0,9507
"(1923.0, 712.7894736842105)",Leptotrichia,0,9508
"(1923.877358490566, 1246.5471698113208)",Selenomonas,0,9509
"(1925.0114942528735, 1938.2068965517242)",Capnocytophaga,0,9511
"(1925.939024390244, 112.91463414634147)",Lautropia,0,9512
"(1927.936170212766, 144.63475177304966)",Lautropia,0,9513
"(1924.7142857142858, 276.4642857142857)",Treponema,0,9514
"(1928.595041322314, 572.5123966942149)",Leptotrichia,0,9515
"(1926.7529411764706, 632.5411764705882)",Prevotella,0,9516
"(1926.855072463768, 752.5652173913044)",Leptotrichia,0,9517
"(1925.2808988764045, 873.6629213483146)",TM7,0,9518
"(1925.1960784313726, 889.3725490196078)",Lautropia,0,9519
"(1928.8818897637796, 1173.984251968504)",Leptotrichia,0,9520
"(1929.0568181818182, 1188.7045454545455)",Selenomonas,0,9521
"(1927.7058823529412, 1535.3882352941177)",Treponema,0,9522
"(1924.857142857143, 1569.482142857143)",Campylobacter,0,9523
"(1927.0206896551724, 1651.2896551724139)",Leptotrichia,0,9524
"(1939.3365758754865, 1871.9844357976654)",Corynebacterium,0,9526
"(1927.1068702290077, 91.61832061068702)",Capnocytophaga,0,9527
"(1926.4782608695652, 414.7608695652174)",Pasteurellaceae,0,9528
"(1927.5666666666666, 492.4)",Pasteurellaceae,0,9529
"(1926.736111111111, 552.4027777777778)",Leptotrichia,0,9530
"(1926.3861386138615, 1677.039603960396)",Leptotrichia,0,9531
"(1925.5, 2012.7)",Veillonella,0,9532
"(1927.8783783783783, 1138.3648648648648)",Lautropia,0,9533
"(1928.2376237623762, 1270.7029702970297)",Leptotrichia,0,9534
"(1929.6927710843374, 1465.6686746987953)",Pasteurellaceae,0,9535
"(1933.7121951219513, 1508.6)",Gemella,0,9536
"(1933.522448979592, 1714.004081632653)",Capnocytophaga,0,9537
"(1927.8985507246377, 1958.4927536231885)",Streptococcus,0,9539
"(1930.090909090909, 44.55844155844156)",Actinomyces,0,9540
"(1929.73, 537.12)",Leptotrichia,0,9541
"(1928.5, 697.0)",Leptotrichia,0,9542
"(1929.593220338983, 809.5508474576271)",Campylobacter,0,9543
"(1928.5128205128206, 1281.525641025641)",Leptotrichia,0,9544
"(1929.5979381443299, 1578.7525773195875)",Pasteurellaceae,0,9545
"(1927.5357142857142, 1976.732142857143)",Gemella,0,9546
"(1928.672131147541, 2043.9344262295083)",Selenomonas,0,9547
"(1930.0875, 177.8625)",Fusobacterium,0,9548
"(1928.94, 472.38)",TM7,0,9549
"(1933.0375939849623, 595.5563909774436)",Leptotrichia,0,9550
"(1931.012987012987, 646.6493506493506)",Neisseriaceae,0,9551
"(1929.547619047619, 1226.0357142857142)",Veillonella,0,9552
"(1931.7651515151515, 1347.1818181818182)",Leptotrichia,0,9553
"(1928.7096774193549, 1433.0)",Selenomonas,0,9554
"(1931.1754385964912, 1258.7719298245613)",Corynebacterium,0,9555
"(1933.838028169014, 1362.2323943661972)",Lautropia,0,9556
"(1931.5384615384614, 1489.5164835164835)",Leptotrichia,0,9557
"(1931.7954545454545, 257.22727272727275)",Rothia,0,9558
"(1933.6574074074074, 366.48148148148147)",Rothia,0,9559
"(1933.6736842105263, 509.42105263157896)",Leptotrichia,0,9560
"(1936.0533333333333, 1560.02)",Leptotrichia,0,9562
"(1934.076388888889, 1903.5416666666667)",Lautropia,0,9563
"(1932.641975308642, 456.0987654320988)",Pasteurellaceae,0,9564
"(1933.068376068376, 613.9145299145299)",Leptotrichia,0,9565
"(1940.0678733031675, 1120.0407239819006)",Veillonella,0,9566
"(1937.7806451612903, 1522.574193548387)",Lautropia,0,9568
"(1934.9109947643979, 1799.4869109947645)",Selenomonas,0,9569
"(1935.0462962962963, 1990.2777777777778)",Selenomonas,0,9570
"(1937.7018633540372, 207.55900621118013)",Actinomyces,0,9571
"(1937.6949152542372, 407.1186440677966)",Leptotrichia,0,9572
"(1938.6641791044776, 436.67910447761193)",Pasteurellaceae,0,9573
"(1935.1125, 1375.5875)",Selenomonas,0,9574
"(1932.6849315068494, 1621.5205479452054)",Corynebacterium,0,9575
"(1935.0104166666667, 1845.1458333333333)",Leptotrichia,0,9576
"(1937.9562841530055, 236.37158469945356)",Porphyromonas,0,9577
"(1941.3319672131147, 678.6311475409836)",Leptotrichia,0,9578
"(1935.4324324324325, 830.6756756756756)",Leptotrichia,0,9579
"(1933.8507462686566, 1388.9402985074628)",Pasteurellaceae,0,9580
"(1936.9662162162163, 1774.6891891891892)",Selenomonas,0,9581
"(1935.453947368421, 388.86842105263156)",Leptotrichia,0,9582
"(1940.6857142857143, 1644.2714285714285)",Leptotrichia,0,9583
"(1937.3934426229507, 1928.7704918032787)",Capnocytophaga,0,9584
"(1938.9246575342465, 2018.1917808219177)",Streptococcus,0,9585
"(1936.2835820895523, 857.776119402985)",Leptotrichia,0,9586
"(1936.20987654321, 1818.6049382716049)",TM7,0,9587
"(1937.561403508772, 1967.0964912280701)",Streptococcus,0,9589
"(1938.218487394958, 14.277310924369749)",Actinomyces,0,9590
"(1937.1785714285713, 190.60714285714286)",Actinomyces,0,9591
"(1937.563829787234, 1216.723404255319)",Treponema,0,9592
"(1938.6973684210527, 1324.8947368421052)",Selenomonas,0,9593
"(1940.6986301369864, 1422.5684931506848)",Corynebacterium,0,9594
"(1937.4528301886792, 1546.7924528301887)",Leptotrichia,0,9595
"(1940.2464788732395, 1599.8521126760563)",Streptococcus,0,9596
"(1939.1470588235295, 1665.6078431372548)",Corynebacterium,0,9597
"(1936.4833333333333, 1686.6666666666667)",Leptotrichia,0,9598
"(1944.5080213903743, 711.0187165775401)",Prevotella,0,9599
"(1941.5295774647886, 732.7492957746479)",Gemella,0,9600
"(1938.883495145631, 796.8834951456311)",Selenomonas,0,9601
"(1940.578125, 110.859375)",Rothia,0,9604
"(1941.5666666666666, 649.0333333333333)",Neisseriaceae,0,9605
"(1943.5, 1343.0)",Corynebacterium,0,9606
"(1942.3917525773195, 323.3298969072165)",Actinomyces,0,9607
"(1940.9156626506024, 844.1686746987951)",Pasteurellaceae,0,9608
"(1940.3111111111111, 1244.6222222222223)",Gemella,0,9609
"(1941.7446808510638, 2000.5744680851064)",Capnocytophaga,0,9610
"(1942.5454545454545, 26.579545454545453)",Actinomyces,0,9611
"(1948.875, 421.00694444444446)",Leptotrichia,0,9612
"(1941.3076923076924, 1153.876923076923)",Corynebacterium,0,9613
"(1942.0679611650485, 1200.5825242718447)",Lautropia,0,9614
"(1945.029197080292, 1398.7883211678832)",Selenomonas,0,9615
"(1940.967213114754, 1475.4262295081967)",Rothia,0,9616
"(1943.421052631579, 1697.0526315789473)",Leptotrichia,0,9617
"(1945.2358490566037, 555.122641509434)",Leptotrichia,0,9618
"(1952.1012145748987, 629.4251012145749)",Pasteurellaceae,0,9619
"(1945.7787234042553, 1445.6936170212766)",Selenomonas,0,9620
"(1941.418181818182, 1488.2181818181818)",Actinomyces,0,9621
"(1951.9218241042345, 1620.1205211726385)",Rothia,0,9622
"(1943.8174603174602, 1947.904761904762)",Lautropia,0,9623
"(1943.504854368932, 2042.4466019417475)",Rothia,0,9624
"(1946.9135802469136, 77.67283950617283)",Actinomyces,0,9625
"(1946.0320512820513, 129.8653846153846)",Rothia,0,9626
"(1946.4840425531916, 174.75531914893617)",Rothia,0,9627
"(1944.2121212121212, 340.35353535353534)",Actinomyces,0,9628
"(1946.9924242424242, 358.31060606060606)",Rothia,0,9629
"(1944.142857142857, 759.2)",Corynebacterium,0,9630
"(1944.322033898305, 1228.9322033898304)",Veillonella,0,9631
"(1942.9512195121952, 1301.4756097560976)",TM7,0,9632
"(1943.3846153846155, 453.26153846153846)",Leptotrichia,0,9633
"(1946.235294117647, 468.0470588235294)",Pasteurellaceae,0,9634
"(1944.5072463768115, 515.4782608695652)",Leptotrichia,0,9635
"(1950.1987577639752, 1539.2049689440994)",Veillonella,0,9636
"(1945.7631578947369, 44.39473684210526)",Actinomyces,0,9637
"(1944.672131147541, 1185.688524590164)",Lautropia,0,9640
"(1944.7142857142858, 1727.557142857143)",Lautropia,0,9641
"(1949.5, 1887.3983050847457)",Leptotrichia,0,9642
"(1947.221052631579, 95.89473684210526)",Porphyromonas,0,9643
"(1948.4918032786886, 483.57377049180326)",Leptotrichia,0,9644
"(1951.3434343434344, 1976.2575757575758)",Selenomonas,0,9645
"(1950.639455782313, 1579.0884353741496)",Streptococcus,0,9647
"(1947.438596491228, 214.8421052631579)",Actinomyces,0,9648
"(1951.1203703703704, 383.38425925925924)",Actinomyces,0,9649
"(1952.095785440613, 583.0344827586207)",Leptotrichia,0,9650
"(1957.655290102389, 697.6177474402731)",Lautropia,0,9651
"(1950.125, 880.8916666666667)",TM7,0,9652
"(1948.1375, 1253.85)",Veillonella,0,9653
"(1950.7466666666667, 1110.4533333333334)",Corynebacterium,0,9655
"(1949.2222222222222, 1750.031746031746)",Gemella,0,9656
"(1951.050847457627, 156.11864406779662)",Rothia,0,9658
"(1954.4431818181818, 320.375)",Actinomyces,0,9659
"(1955.0604026845638, 525.3020134228188)",Leptotrichia,0,9660
"(1952.260162601626, 822.4552845528456)",Leptotrichia,0,9661
"(1951.661971830986, 1139.3661971830986)",Veillonella,0,9662
"(1952.9156626506024, 1842.566265060241)",Veillonella,0,9664
"(1951.0652173913043, 1905.4420289855072)",Fusobacterium,0,9665
"(1959.555, 2033.775)",Capnocytophaga,0,9666
"(1952.4905660377358, 777.9622641509434)",Leptotrichia,0,9668
"(1954.2091503267975, 1172.6470588235295)",Treponema,0,9669
"(1952.8135593220338, 839.8135593220339)",Pasteurellaceae,0,9670
"(1954.254716981132, 1244.8962264150944)",Porphyromonas,0,9671
"(1953.2314049586778, 1496.1157024793388)",Capnocytophaga,0,9672
"(1952.0131578947369, 1679.5)",Rothia,0,9673
"(1952.8880597014925, 1810.0)",TM7,0,9674
"(1955.6319444444443, 1096.8055555555557)",Corynebacterium,0,9675
"(1954.0652173913043, 1324.1195652173913)",Veillonella,0,9677
"(1952.53125, 1712.546875)",Capnocytophaga,0,9678
"(1956.8019801980197, 2014.5841584158416)",Selenomonas,0,9680
"(1958.1986754966888, 442.6225165562914)",Pasteurellaceae,0,9681
"(1955.5729166666667, 504.34375)",Corynebacterium,0,9682
"(1955.3424657534247, 1226.5068493150684)",Veillonella,0,9683
"(1954.8068181818182, 1473.6931818181818)",Rothia,0,9684
"(1954.990476190476, 1779.247619047619)",Leptotrichia,0,9685
"(1957.8396226415093, 1825.2735849056603)",Capnocytophaga,0,9686
"(1956.9813664596272, 1929.1987577639752)",Capnocytophaga,0,9687
"(1955.084745762712, 1356.4915254237287)",Leptotrichia,0,9688
"(1958.5052631578947, 1591.0)",Streptococcus,0,9689
"(1956.4875, 55.45)",Actinomyces,0,9690
"(1957.2435897435898, 238.0)",Veillonella,0,9691
"(1958.6504065040651, 304.390243902439)",Actinomyces,0,9692
"(1961.3397435897436, 402.34615384615387)",Leptotrichia,0,9693
"(1955.2535211267605, 1195.3098591549297)",Treponema,0,9694
"(1961.4615384615386, 1268.7596153846155)",Leptotrichia,0,9695
"(1957.046875, 1289.859375)",Campylobacter,0,9696
"(1956.3076923076924, 1662.8153846153846)",Leptotrichia,0,9697
"(1956.1052631578948, 1958.8070175438597)",Pasteurellaceae,0,9698
"(1958.7373737373737, 223.05050505050505)",Actinomyces,0,9699
"(1959.687074829932, 554.4081632653061)",Leptotrichia,0,9700
"(1956.6666666666667, 649.2352941176471)",Neisseriaceae,0,9701
"(1960.5426356589148, 766.6976744186046)",Corynebacterium,0,9702
"(1956.9054054054054, 1444.6891891891892)",Pasteurellaceae,0,9703
"(1957.9108910891089, 25.00990099009901)",Rothia,0,9704
"(1964.0883977900553, 106.16022099447514)",Rothia,0,9705
"(1956.90625, 750.96875)",Prevotella,0,9706
"(1957.7358490566037, 868.0377358490566)",Treponema,0,9707
"(1961.202380952381, 1133.25)",Corynebacterium,0,9708
"(1963.9556962025317, 1207.5569620253164)",Pasteurellaceae,0,9709
"(1959.354609929078, 1555.3758865248226)",Actinomyces,0,9710
"(1962.0737704918033, 1705.1311475409836)",TM7,0,9711
"(1960.373786407767, 1738.9466019417475)",Gemella,0,9712
"(1962.745856353591, 1997.9779005524863)",Veillonella,0,9713
"(1958.865671641791, 462.65671641791045)",Pasteurellaceae,0,9714
"(1960.7173913043478, 608.0434782608696)",Leptotrichia,0,9715
"(1961.322033898305, 795.8389830508474)",Pasteurellaceae,0,9716
"(1959.3918918918919, 1605.6081081081081)",TM7,0,9717
"(1960.4831460674156, 142.8426966292135)",Rothia,0,9718
"(1961.958041958042, 204.69230769230768)",Actinomyces,0,9719
"(1960.9615384615386, 740.7692307692307)",Lautropia,0,9720
"(1961.3157894736842, 1361.3333333333333)",Leptotrichia,0,9721
"(1960.2941176470588, 1387.7254901960785)",Corynebacterium,0,9722
"(1962.6879432624114, 1426.0283687943263)",Actinomyces,0,9723
"(1962.527027027027, 86.01351351351352)",Actinomyces,0,9724
"(1961.7068965517242, 169.43103448275863)",Actinomyces,0,9725
"(1963.0057471264367, 336.2758620689655)",Rothia,0,9726
"(1967.3440860215053, 853.758064516129)",Pasteurellaceae,0,9727
"(1962.3061224489795, 1376.0102040816328)",Leptotrichia,0,9728
"(1965.967741935484, 1399.5290322580645)",Lautropia,0,9729
"(1965.6178861788617, 1507.39837398374)",Rothia,0,9730
"(1963.3363636363636, 1765.418181818182)",Leptotrichia,0,9731
"(1962.9, 35.95)",Streptococcus,0,9732
"(1966.1328125, 368.34375)",Actinomyces,0,9733
"(1966.1954887218046, 386.57894736842104)",Leptotrichia,0,9734
"(1965.625, 1634.4583333333333)",Actinomyces,0,9735
"(1965.4660194174758, 1861.0)",Streptococcus,0,9736
"(1969.3757225433526, 9.815028901734104)",Campylobacter,0,9737
"(1972.028901734104, 349.0115606936416)",Actinomyces,0,9738
"(1965.2277227722773, 484.34653465346537)",Leptotrichia,0,9739
"(1969.7636363636364, 904.2)",Gemella,0,9740
"(1971.3969072164948, 1464.7628865979382)",Rothia,0,9741
"(1967.8695652173913, 1486.1581027667985)",Rothia,0,9742
"(1965.4177215189873, 432.1392405063291)",Leptotrichia,0,9743
"(1969.125, 507.5982142857143)",Leptotrichia,0,9744
"(1964.9, 825.9625)",Pasteurellaceae,0,9746
"(1967.340425531915, 885.0531914893617)",Veillonella,0,9747
"(1966.4018691588785, 1684.2429906542056)",Capnocytophaga,0,9748
"(1969.1463414634147, 1896.5528455284552)",Capnocytophaga,0,9750
"(1964.1081081081081, 1966.9324324324325)",Selenomonas,0,9751
"(1967.875, 243.29545454545453)",Porphyromonas,0,9752
"(1970.5773195876288, 781.6082474226804)",Leptotrichia,0,9753
"(1967.091743119266, 1119.366972477064)",Pasteurellaceae,0,9754
"(1973.1447368421052, 1171.0822368421052)",Corynebacterium,0,9755
"(1967.944, 1232.816)",Gemella,0,9756
"(1967.6309523809523, 1304.7380952380952)",Veillonella,0,9757
"(1973.4137931034484, 1524.7456896551723)",Selenomonas,0,9758
"(1965.7692307692307, 127.41538461538461)",Rothia,0,9759
"(1968.5844155844156, 1292.2597402597403)",Leptotrichia,0,9760
"(1971.6225490196077, 1574.9117647058824)",Streptococcus,0,9761
"(1968.2711864406779, 48.47457627118644)",Actinomyces,0,9762
"(1975.093567251462, 75.17543859649123)",Actinomyces,0,9763
"(1972.812865497076, 587.187134502924)",Leptotrichia,0,9764
"(1970.3733333333332, 1327.911111111111)",Selenomonas,0,9765
"(1970.5729166666667, 1349.0625)",Leptotrichia,0,9766
"(1972.267857142857, 1803.875)",Veillonella,0,9767
"(1970.801886792453, 1844.877358490566)",Capnocytophaga,0,9768
"(1967.8082191780823, 1874.2602739726028)",Corynebacterium,0,9769
"(1971.0819672131147, 1918.1065573770493)",Selenomonas,0,9771
"(1970.3275862068965, 1945.75)",Selenomonas,0,9772
"(1969.36, 119.92)",Pasteurellaceae,0,9773
"(1969.4328358208954, 1106.044776119403)",Veillonella,0,9774
"(1969.278350515464, 1152.4845360824743)",Fusobacterium,0,9775
"(1974.1411764705883, 835.4470588235295)",Pasteurellaceae,0,9777
"(1972.457627118644, 1444.9661016949153)",Actinomyces,0,9779
"(1970.1443298969073, 1659.3298969072166)",Leptotrichia,0,9780
"(1969.8039215686274, 1826.9411764705883)",Leptotrichia,0,9781
"(1973.2448979591836, 813.704081632653)",Actinomyces,0,9782
"(1971.36, 1539.2533333333333)",Pasteurellaceae,0,9783
"(1975.2517985611512, 316.33812949640287)",Porphyromonas,0,9784
"(1973.9078341013824, 455.7834101382488)",Leptotrichia,0,9785
"(1973.2654867256638, 559.0619469026549)",Leptotrichia,0,9786
"(1975.8373983739837, 1883.4227642276423)",Capnocytophaga,0,9789
"(1972.014705882353, 228.9264705882353)",Actinomyces,0,9790
"(1973.9027777777778, 421.93055555555554)",Corynebacterium,0,9791
"(1974.858585858586, 751.9494949494949)",Neisseriaceae,0,9792
"(1980.3541666666667, 1240.3958333333333)",Veillonella,0,9793
"(1974.5206611570247, 1421.4628099173553)",Leptotrichia,0,9794
"(1976.036231884058, 1977.5434782608695)",Capnocytophaga,0,9795
"(1977.5792682926829, 2014.1097560975609)",Veillonella,0,9796
"(1978.4686346863468, 639.819188191882)",Leptotrichia,0,9797
"(1974.5806451612902, 1696.8064516129032)",Actinomyces,0,9799
"(1978.0922330097087, 1780.7815533980583)",Gemella,0,9800
"(1981.8875, 181.578125)",Lautropia,0,9801
"(1977.2435897435898, 570.8333333333334)",Pasteurellaceae,0,9802
"(1978.4739884393064, 720.3179190751445)",Treponema,0,9803
"(1975.3684210526317, 1368.2368421052631)",Leptotrichia,0,9804
"(1980.764705882353, 412.0882352941176)",Corynebacterium,0,9806
"(1979.5604395604396, 1254.7912087912089)",Selenomonas,0,9807
"(1975.8732394366198, 1549.2535211267605)",Leptotrichia,0,9808
"(1978.9292929292928, 1613.090909090909)",Streptococcus,0,9809
"(1977.2933333333333, 1858.7066666666667)",Leptotrichia,0,9810
"(1987.0722891566265, 118.71084337349397)",Pasteurellaceae,0,9811
"(1977.3503649635036, 148.94160583941607)",Pasteurellaceae,0,9812
"(1978.2105263157894, 525.4421052631579)",Leptotrichia,0,9813
"(1983.7098445595855, 1284.2746113989638)",Lautropia,0,9815
"(1976.433962264151, 1388.5094339622642)",Selenomonas,0,9816
"(1976.7586206896551, 1598.0)",Leptotrichia,0,9817
"(1978.0723684210527, 1720.5)",Gemella,0,9818
"(1977.3655172413794, 1746.2)",Veillonella,0,9819
"(1976.3692307692309, 2029.6307692307691)",Selenomonas,0,9820
"(1977.375, 129.94642857142858)",Rothia,0,9821
"(1983.3666666666666, 471.65833333333336)",Leptotrichia,0,9822
"(1984.8548387096773, 738.8346774193549)",Gemella,0,9823
"(1981.7490196078431, 1138.7450980392157)",Corynebacterium,0,9824
"(1978.5675675675675, 1558.0)",Selenomonas,0,9825
"(1981.5326086956522, 1649.3369565217392)",Leptotrichia,0,9826
"(1985.6119402985075, 397.6865671641791)",Leptotrichia,0,9827
"(1983.6470588235295, 858.4803921568628)",Leptotrichia,0,9828
"(1982.3454545454545, 887.8818181818182)",Pasteurellaceae,0,9829
"(1982.3089430894308, 1932.3333333333333)",Capnocytophaga,0,9830
"(1979.9846153846154, 695.4769230769231)",Pasteurellaceae,0,9831
"(1982.9461077844312, 1213.0119760479042)",Veillonella,0,9832
"(1987.3805970149253, 161.3582089552239)",Leptotrichia,0,9833
"(1979.6727272727273, 368.03636363636366)",Capnocytophaga,0,9834
"(1985.6564885496184, 608.8091603053435)",Leptotrichia,0,9835
"(1982.1927710843374, 771.0722891566265)",Leptotrichia,0,9836
"(1984.6382978723404, 1443.5390070921985)",Fusobacterium,0,9837
"(1985.3561643835617, 1757.3835616438357)",Veillonella,0,9838
"(1988.5744680851064, 1817.1205673758866)",Veillonella,0,9839
"(1981.7362637362637, 1831.989010989011)",Rothia,0,9840
"(1982.5182481751824, 49.839416058394164)",Corynebacterium,0,9842
"(1988.0112994350281, 799.3107344632768)",Treponema,0,9843
"(1983.4918032786886, 2044.72131147541)",Streptococcus,0,9844
"(1985.0111111111112, 381.22222222222223)",Leptotrichia,0,9845
"(1987.4453125, 872.34375)",Pasteurellaceae,0,9846
"(1982.2242990654206, 1109.822429906542)",Gemella,0,9847
"(1986.28, 1504.8733333333332)",Leptotrichia,0,9848
"(1994.4705882352941, 1596.3333333333333)",Leptotrichia,0,9849
"(1985.1919191919192, 1953.5151515151515)",Gemella,0,9851
"(1987.4705882352941, 1186.361344537815)",Corynebacterium,0,9852
"(1993.1541218637992, 1266.6129032258063)",Capnocytophaga,0,9853
"(1991.5858585858587, 1621.4646464646464)",Rothia,0,9854
"(1986.959349593496, 486.260162601626)",Leptotrichia,0,9855
"(1988.2627118644068, 685.9406779661017)",Leptotrichia,0,9856
"(1986.2207792207791, 2001.922077922078)",Gemella,0,9858
"(1988.736, 349.032)",Leptotrichia,0,9859
"(1989.4128440366972, 783.2110091743119)",Pasteurellaceae,0,9860
"(1991.25, 1322.267857142857)",Pasteurellaceae,0,9861
"(1986.5054945054944, 1686.978021978022)",Leptotrichia,0,9862
"(1985.9464285714287, 1964.9464285714287)",Veillonella,0,9863
"(1987.2363636363636, 211.72727272727272)",TM7,0,9864
"(1987.7272727272727, 819.6969696969697)",Neisseriaceae,0,9865
"(1991.549180327869, 1224.4016393442623)",Treponema,0,9866
"(1988.9761904761904, 1358.2380952380952)",Leptotrichia,0,9867
"(1987.7983193277312, 576.4285714285714)",Leptotrichia,0,9869
"(1990.639534883721, 763.8139534883721)",Pasteurellaceae,0,9870
"(1987.8076923076924, 1374.0192307692307)",Leptotrichia,0,9871
"(1988.6153846153845, 1800.3333333333333)",Veillonella,0,9872
"(1993.448, 21.504)",Actinomyces,0,9873
"(1990.5977011494253, 65.65517241379311)",TM7,0,9874
"(1989.4470588235295, 505.78823529411767)",Leptotrichia,0,9875
"(1990.6592592592592, 841.562962962963)",Pasteurellaceae,0,9876
"(1989.7692307692307, 1385.1208791208792)",Leptotrichia,0,9877
"(1990.5125, 1523.2625)",Rothia,0,9878
"(1990.0919540229886, 1697.942528735632)",Leptotrichia,0,9879
"(1992.5157894736842, 1746.8736842105263)",Gemella,0,9880
"(1989.2096774193549, 1877.8387096774193)",TM7,0,9881
"(1996.516587677725, 1978.7725118483413)",Lautropia,0,9882
"(1990.1263157894737, 8.178947368421053)",Actinomyces,0,9883
"(1989.9692307692308, 447.81538461538463)",Leptotrichia,0,9884
"(1992.005376344086, 1856.747311827957)",Rothia,0,9885
"(1997.6518987341772, 37.70253164556962)",Actinomyces,0,9886
"(1990.09375, 139.796875)",Treponema,0,9887
"(1992.032967032967, 665.967032967033)",Leptotrichia,0,9888
"(1991.6691176470588, 901.5661764705883)",Neisseriaceae,0,9889
"(1993.3555555555556, 1574.3037037037036)",Veillonella,0,9890
"(1994.952380952381, 432.41269841269843)",Leptotrichia,0,9891
"(1996.765, 1429.8)",Actinomyces,0,9892
"(1992.3076923076924, 1479.3846153846155)",Actinomyces,0,9893
"(1991.6338028169014, 1715.9014084507041)",Leptotrichia,0,9894
"(1992.9146341463415, 200.4268292682927)",Lautropia,0,9895
"(1992.4895833333333, 529.3541666666666)",Leptotrichia,0,9896
"(1995.0, 551.671875)",Pasteurellaceae,0,9897
"(1993.8833333333334, 619.1666666666666)",Leptotrichia,0,9898
"(1996.5882352941176, 1403.137254901961)",Corynebacterium,0,9899
"(1995.2868852459017, 1539.672131147541)",Actinomyces,0,9900
"(1996.6935483870968, 1661.6612903225807)",Selenomonas,0,9901
"(1994.179487179487, 1840.025641025641)",Rothia,0,9902
"(1995.2233009708739, 1922.7864077669904)",Gemella,0,9903
"(1995.1686746987953, 91.57831325301204)",Rothia,0,9904
"(1997.9351851851852, 106.06481481481481)",Leptotrichia,0,9905
"(1998.9271523178809, 652.9668874172186)",Corynebacterium,0,9906
"(1998.3010204081634, 703.8316326530612)",Veillonella,0,9907
"(1994.581818181818, 1199.8363636363636)",Veillonella,0,9908
"(1994.3478260869565, 1777.0)",Selenomonas,0,9910
"(1995.4307692307693, 458.9846153846154)",Leptotrichia,0,9911
"(1997.4923076923078, 634.2)",Corynebacterium,0,9912
"(1995.6013986013986, 1113.5594405594406)",Veillonella,0,9913
"(1997.4970760233919, 1169.514619883041)",Corynebacterium,0,9914
"(1998.2058823529412, 1466.8014705882354)",Rothia,0,9915
"(1998.3030303030303, 1639.8257575757575)",Corynebacterium,0,9916
"(1995.3541666666667, 1729.5729166666667)",Leptotrichia,0,9917
"(1998.3245614035088, 2010.5526315789473)",Streptococcus,0,9918
"(1996.1857142857143, 597.0)",Leptotrichia,0,9920
"(1995.8857142857144, 1300.9714285714285)",Veillonella,0,9921
"(1996.2068965517242, 1556.5977011494253)",Actinomyces,0,9922
"(2010.2265372168285, 64.96116504854369)",Actinomyces,0,9923
"(1999.620253164557, 354.5189873417722)",Leptotrichia,0,9924
"(2000.7807486631016, 1334.3582887700534)",Corynebacterium,0,9926
"(1997.9157894736843, 1681.7052631578947)",Capnocytophaga,0,9927
"(1997.2295081967213, 1939.4262295081967)",Veillonella,0,9928
"(1997.6041666666667, 2031.375)",Veillonella,0,9929
"(1999.0, 517.8636363636364)",Leptotrichia,0,9930
"(2003.3868613138686, 714.6496350364963)",Pasteurellaceae,0,9931
"(1998.671875, 935.6875)",Lautropia,0,9933
"(2006.0996441281138, 1147.9893238434163)",Pasteurellaceae,0,9935
"(2002.672131147541, 1250.6939890710382)",Veillonella,0,9936
"(1999.1587301587301, 1826.6666666666667)",Veillonella,0,9937
"(2000.2564102564102, 381.3931623931624)",Leptotrichia,0,9938
"(2000.3387096774193, 576.3225806451613)",Leptotrichia,0,9939
"(2002.2380952380952, 588.2619047619048)",Leptotrichia,0,9940
"(2001.5126050420167, 752.3949579831933)",Leptotrichia,0,9941
"(2001.5526315789473, 149.89473684210526)",Leptotrichia,0,9942
"(2003.9041916167664, 410.31736526946105)",Leptotrichia,0,9944
"(2001.9247311827958, 1883.9139784946237)",Streptococcus,0,9945
"(2012.5086206896551, 769.1163793103449)",Selenomonas,0,9946
"(2004.3296703296703, 820.7802197802198)",Pasteurellaceae,0,9947
"(2005.4792899408285, 918.5443786982248)",Veillonella,0,9948
"(2009.0347826086957, 1212.091304347826)",Veillonella,0,9949
"(2004.4787234042553, 1292.2978723404256)",Veillonella,0,9950
"(2006.1278195488721, 1378.360902255639)",Leptotrichia,0,9951
"(2003.446153846154, 1453.1384615384616)",Rothia,0,9952
"(2005.3653846153845, 1904.7948717948718)",Veillonella,0,9953
"(2003.328947368421, 128.6315789473684)",Pasteurellaceae,0,9955
"(2006.132075471698, 361.6320754716981)",Pasteurellaceae,0,9956
"(2006.6178343949045, 1797.8598726114649)",Selenomonas,0,9957
"(2009.7757575757576, 1951.8727272727272)",Veillonella,0,9958
"(2004.0927835051546, 1997.041237113402)",Lautropia,0,9959
"(2009.04, 90.92)",Rothia,0,9960
"(2008.8125, 465.0982142857143)",Pasteurellaceae,0,9962
"(2003.6760563380283, 623.0)",Leptotrichia,0,9963
"(2005.702380952381, 805.8928571428571)",Fusobacterium,0,9964
"(2005.4109589041095, 1701.3424657534247)",Leptotrichia,0,9965
"(2005.0555555555557, 397.8703703703704)",Pasteurellaceae,0,9966
"(2006.5801526717557, 734.9541984732824)",Leptotrichia,0,9967
"(2010.4705882352941, 789.5)",Selenomonas,0,9968
"(2006.619718309859, 865.5915492957746)",Leptotrichia,0,9969
"(2005.044776119403, 1187.4776119402984)",Pasteurellaceae,0,9970
"(2011.2296296296297, 1495.8)",Leptotrichia,0,9971
"(2007.1142857142856, 111.67142857142858)",Leptotrichia,0,9972
"(2006.2037037037037, 607.925925925926)",Capnocytophaga,0,9973
"(2006.7945205479452, 666.5753424657535)",Leptotrichia,0,9974
"(2008.7920792079208, 684.5940594059406)",Fusobacterium,0,9975
"(2009.7546012269938, 845.6564417177914)",Leptotrichia,0,9976
"(2006.6777777777777, 887.7777777777778)",Leptotrichia,0,9977
"(2012.469483568075, 1120.4647887323943)",Gemella,0,9978
"(2006.5968992248063, 1362.2945736434108)",Leptotrichia,0,9979
"(2006.2371134020618, 1522.618556701031)",Actinomyces,0,9980
"(2005.58, 1626.96)",Streptococcus,0,9981
"(2006.8098159509202, 1749.361963190184)",Porphyromonas,0,9982
"(2009.7637362637363, 535.6758241758242)",Leptotrichia,0,9983
"(2012.554794520548, 1419.3082191780823)",Streptococcus,0,9984
"(2008.4285714285713, 2024.5324675324675)",TM7,0,9985
"(2007.47311827957, 498.6774193548387)",Leptotrichia,0,9986
"(2008.8947368421052, 1235.092105263158)",Pasteurellaceae,0,9987
"(2017.9512195121952, 1309.2628726287262)",Selenomonas,0,9988
"(2007.3376623376623, 1547.5584415584415)",Leptotrichia,0,9989
"(2010.530487804878, 1718.7560975609756)",Leptotrichia,0,9990
"(2009.5434782608695, 1963.6521739130435)",Selenomonas,0,9991
"(2010.8910891089108, 18.455445544554454)",Actinomyces,0,9992
"(2008.1509433962265, 1569.9811320754718)",Streptococcus,0,9993
"(2010.611111111111, 146.73611111111111)",Corynebacterium,0,9994
"(2009.1728395061727, 1775.4444444444443)",Selenomonas,0,9995
"(2011.4545454545455, 1854.4848484848485)",Fusobacterium,0,9996
"(2013.0361445783133, 554.4457831325301)",Fusobacterium,0,9997
"(2013.0212765957447, 1613.8297872340424)",Capnocytophaga,0,9998
"(2013.4642857142858, 1692.705357142857)",Leptotrichia,0,9999
"(2013.1484375, 424.1015625)",TM7,0,10000
"(2014.537037037037, 479.3611111111111)",Leptotrichia,0,10001
"(2015.2670454545455, 1171.5397727272727)",Veillonella,0,10002
"(2013.4761904761904, 1676.8190476190475)",Campylobacter,0,10004
"(2021.4806629834254, 133.4254143646409)",Corynebacterium,0,10006
"(2016.4638554216867, 633.9277108433735)",Leptotrichia,0,10007
"(2013.5373134328358, 675.9850746268656)",Leptotrichia,0,10008
"(2013.32, 750.22)",Leptotrichia,0,10009
"(2013.5333333333333, 1869.92)",Rothia,0,10011
"(2013.6090909090908, 1932.918181818182)",Veillonella,0,10012
"(2023.3823529411766, 118.74705882352941)",Leptotrichia,0,10014
"(2015.609022556391, 373.6466165413534)",Treponema,0,10015
"(2016.2317073170732, 518.7682926829268)",Capnocytophaga,0,10016
"(2014.9054054054054, 598.6621621621622)",Pasteurellaceae,0,10017
"(2015.8333333333333, 613.4027777777778)",Corynebacterium,0,10018
"(2016.2222222222222, 934.3222222222222)",Lautropia,0,10019
"(2015.4504504504505, 949.1171171171171)",Lautropia,0,10020
"(2015.164383561644, 1456.972602739726)",Rothia,0,10021
"(2019.1849315068494, 1578.513698630137)",Veillonella,0,10022
"(2014.084745762712, 1598.0)",Leptotrichia,0,10023
"(2013.9180327868853, 1783.9016393442623)",Capnocytophaga,0,10024
"(2013.7727272727273, 1818.9886363636363)",Capnocytophaga,0,10025
"(2017.6792452830189, 441.0503144654088)",Lautropia,0,10026
"(2015.4352941176471, 905.1529411764706)",Capnocytophaga,0,10027
"(2020.5714285714287, 1442.3828571428571)",TM7,0,10028
"(2023.1991701244813, 1557.1618257261412)",Selenomonas,0,10029
"(2015.111111111111, 1633.4814814814815)",Rothia,0,10030
"(2017.05, 3.316666666666667)",Actinomyces,0,10031
"(2016.879518072289, 83.43373493975903)",Rothia,0,10032
"(2017.5142857142857, 582.0714285714286)",Selenomonas,0,10033
"(2020.880149812734, 1277.5880149812733)",Corynebacterium,0,10035
"(2018.9481481481482, 1402.9481481481482)",Veillonella,0,10036
"(2022.9479768786127, 1975.7976878612717)",Veillonella,0,10037
"(2017.2372881355932, 2040.8813559322034)",Capnocytophaga,0,10038
"(2021.757225433526, 392.88439306358384)",Lautropia,0,10039
"(2020.0666666666666, 1236.7777777777778)",Selenomonas,0,10040
"(2023.1885714285713, 695.5657142857143)",Pasteurellaceae,0,10042
"(2019.6097560975609, 726.329268292683)",Capnocytophaga,0,10043
"(2029.9732441471572, 1335.4347826086957)",Leptotrichia,0,10044
"(2019.211009174312, 1889.3394495412845)",Rothia,0,10045
"(2019.8207547169811, 1349.2264150943397)",Gemella,0,10046
"(2019.9310344827586, 1658.8045977011495)",Leptotrichia,0,10047
"(2024.642857142857, 33.58163265306123)",Actinomyces,0,10048
"(2019.546875, 504.625)",Leptotrichia,0,10049
"(2019.9846153846154, 875.6153846153846)",Fusobacterium,0,10050
"(2024.8319327731092, 885.7226890756302)",Leptotrichia,0,10051
"(2020.7763157894738, 1202.8157894736842)",Neisseriaceae,0,10052
"(2022.079365079365, 1910.2857142857142)",Rothia,0,10053
"(2028.136170212766, 2001.1340425531914)",Gemella,0,10054
"(2028.373015873016, 102.46825396825396)",Fusobacterium,0,10055
"(2024.4126984126983, 743.7301587301587)",Corynebacterium,0,10056
"(2025.275641025641, 1253.0576923076924)",Leptotrichia,0,10057
"(2027.1666666666667, 1370.232142857143)",Gemella,0,10058
"(2023.8595505617977, 1528.6011235955057)",Actinomyces,0,10059
"(2021.8736842105263, 1733.6842105263158)",Leptotrichia,0,10060
"(2023.2815533980583, 1759.5436893203882)",Leptotrichia,0,10061
"(2022.0326086956522, 2032.5326086956522)",Selenomonas,0,10062
"(2024.3291139240507, 812.0886075949367)",Fusobacterium,0,10063
"(2026.6639118457301, 834.3030303030303)",Leptotrichia,0,10064
"(2023.2790697674418, 861.6162790697674)",Pasteurellaceae,0,10065
"(2022.9166666666667, 1189.3125)",Streptococcus,0,10066
"(2023.6666666666667, 1940.1728395061727)",Capnocytophaga,0,10067
"(2029.51871657754, 710.0695187165776)",Pasteurellaceae,0,10068
"(2024.52, 1143.62)",Selenomonas,0,10069
"(2025.0846153846153, 484.03076923076924)",Leptotrichia,0,10070
"(2024.5068493150684, 530.5890410958904)",Leptotrichia,0,10071
"(2030.9147286821706, 596.9186046511628)",Leptotrichia,0,10072
"(2026.0825688073394, 1711.880733944954)",Leptotrichia,0,10074
"(2025.349315068493, 1801.2876712328766)",Leptotrichia,0,10075
"(2025.6146788990825, 667.8532110091743)",Leptotrichia,0,10076
"(2025.8474576271187, 897.8474576271186)",Capnocytophaga,0,10077
"(2027.2820512820513, 564.7820512820513)",Leptotrichia,0,10078
"(2029.264705882353, 1114.7745098039215)",Treponema,0,10079
"(2028.344, 1591.088)",Selenomonas,0,10080
"(2027.7910447761194, 1608.8208955223881)",Pasteurellaceae,0,10081
"(2029.232142857143, 1826.2410714285713)",Selenomonas,0,10082
"(2029.201923076923, 1869.9326923076924)",Rothia,0,10083
"(2027.6493506493507, 14.168831168831169)",Pasteurellaceae,0,10084
"(2027.5833333333333, 577.7857142857143)",Leptotrichia,0,10085
"(2032.5474137931035, 922.8620689655172)",Selenomonas,0,10086
"(2029.080357142857, 1221.857142857143)",Selenomonas,0,10087
"(2029.1190476190477, 1643.904761904762)",Actinomyces,0,10088
"(2026.4074074074074, 1672.351851851852)",Leptotrichia,0,10089
"(2028.75, 51.279411764705884)",Actinomyces,0,10091
"(2029.567901234568, 1622.037037037037)",Streptococcus,0,10092
"(2030.1346153846155, 1961.9326923076924)",Fusobacterium,0,10093
"(2033.7014925373135, 493.7313432835821)",Fusobacterium,0,10094
"(2031.024193548387, 617.516129032258)",Leptotrichia,0,10096
"(2033.0685714285714, 777.3371428571429)",Pasteurellaceae,0,10097
"(2029.655172413793, 1176.2068965517242)",Treponema,0,10098
"(2029.8, 1407.3)",Veillonella,0,10099
"(2036.6409090909092, 1784.3136363636363)",Lautropia,0,10100
"(2029.4941176470588, 799.1058823529412)",Pasteurellaceae,0,10101
"(2030.7551020408164, 1279.265306122449)",Pasteurellaceae,0,10102
"(2029.1153846153845, 1459.0192307692307)",Porphyromonas,0,10103
"(2035.6531791907514, 1473.9479768786127)",Rothia,0,10104
"(2029.7254901960785, 1883.0392156862745)",Rothia,0,10105
"(2030.7534246575342, 415.54794520547944)",Gemella,0,10106
"(2031.0853658536585, 723.5975609756098)",Leptotrichia,0,10107
"(2032.24, 758.88)",TM7,0,10108
"(2030.7121212121212, 939.9090909090909)",TM7,0,10109
"(2032.2682926829268, 1694.5731707317073)",Veillonella,0,10110
"(2032.7185185185185, 82.85185185185185)",Rothia,0,10111
"(2037.032258064516, 1391.778801843318)",Capnocytophaga,0,10112
"(2036.1421568627452, 1431.7941176470588)",Leptotrichia,0,10113
"(2033.3423423423424, 1500.4504504504505)",Rothia,0,10114
"(2033.0877192982457, 1707.280701754386)",Neisseriaceae,0,10115
"(2033.0, 1743.3222222222223)",Leptotrichia,0,10116
"(2038.4444444444443, 1918.2407407407406)",Rothia,0,10117
"(2037.7906976744187, 8.131782945736434)",Pasteurellaceae,0,10118
"(2032.8809523809523, 517.2261904761905)",Capnocytophaga,0,10119
"(2034.2337662337663, 553.2597402597403)",Leptotrichia,0,10120
"(2034.576923076923, 680.6282051282051)",Pasteurellaceae,0,10121
"(2033.820512820513, 1548.7948717948718)",Capnocytophaga,0,10124
"(2038.803680981595, 1677.159509202454)",Leptotrichia,0,10125
"(2035.8364485981308, 648.2056074766355)",Corynebacterium,0,10126
"(2036.5641025641025, 868.2179487179487)",Capnocytophaga,0,10128
"(2039.0737704918033, 901.7049180327868)",Leptotrichia,0,10129
"(2040.1516853932585, 1167.3033707865168)",Pasteurellaceae,0,10130
"(2037.0582524271845, 1841.1941747572816)",Rothia,0,10131
"(2037.8333333333333, 1854.9814814814815)",Rothia,0,10132
"(2037.5714285714287, 1126.3766233766235)",Lautropia,0,10133
"(2038.2380952380952, 1142.5238095238096)",Lautropia,0,10134
"(2035.4727272727273, 1188.4727272727273)",Neisseriaceae,0,10135
"(2038.1046511627908, 1298.906976744186)",Veillonella,0,10137
"(2038.370786516854, 1658.2808988764045)",Leptotrichia,0,10138
"(2040.6315789473683, 874.2105263157895)",Leptotrichia,0,10139
"(2038.0845070422536, 1314.1408450704225)",Veillonella,0,10140
"(2038.75, 2033.125)",Selenomonas,0,10142
"(2038.6493506493507, 740.961038961039)",Pasteurellaceae,0,10144
"(2043.0198675496688, 847.364238410596)",Pasteurellaceae,0,10145
"(2040.3731343283582, 1416.7462686567164)",Leptotrichia,0,10148
"(2041.3131313131314, 1897.2626262626263)",Rothia,0,10149
"(2042.328947368421, 1934.7236842105262)",Porphyromonas,0,10150
"(2039.951923076923, 1224.076923076923)",Selenomonas,0,10151
"(2039.4615384615386, 2008.2615384615385)",Streptococcus,0,10152
"(2042.921052631579, 1241.842105263158)",Streptococcus,0,10153
"(2042.5631067961165, 1262.7475728155339)",Selenomonas,0,10154
"(2041.7142857142858, 1453.857142857143)",Leptotrichia,0,10155
"(2042.4302325581396, 1533.8372093023256)",Actinomyces,0,10156
"(2041.0104166666667, 1809.9270833333333)",Treponema,0,10157
"(2041.296875, 1973.078125)",Capnocytophaga,0,10158
"(2042.8076923076924, 49.217948717948715)",Corynebacterium,0,10159
"(2042.9032258064517, 61.564516129032256)",Leptotrichia,0,10160
"(2042.9381443298969, 127.9381443298969)",Capnocytophaga,0,10161
"(2042.4411764705883, 787.7794117647059)",Pasteurellaceae,0,10163
"(2043.4, 800.3166666666667)",Fusobacterium,0,10166
"(2042.6029411764705, 813.4264705882352)",Neisseriaceae,0,10167
"(2043.2222222222222, 1595.2469135802469)",Actinomyces,0,10168
"(2043.72, 1955.16)",Veillonella,0,10169
"(2044.1267605633802, 753.6338028169014)",Pasteurellaceae,0,10170
"(2044.0602409638554, 721.277108433735)",Pasteurellaceae,0,10174
"(2044.1923076923076, 886.4615384615385)",Capnocytophaga,0,10175
"(2044.5762711864406, 1613.0)",Veillonella,0,10176
"(2044.865671641791, 108.31343283582089)",Neisseriaceae,0,10178
"(2044.888888888889, 1762.588888888889)",Veillonella,0,10179
