coord,sciname,tile,label
"(4.987341772151899, 172.50632911392404)",Capnocytophaga,0,1
"(6.701754385964913, 189.60526315789474)",Corynebacterium,0,2
"(4.712643678160919, 242.58620689655172)",Capnocytophaga,0,4
"(8.904494382022472, 272.20786516853934)",Capnocytophaga,0,5
"(7.0, 307.8073394495413)",Actinomyces,0,6
"(23.16915422885572, 519.0547263681592)",Streptococcus,0,7
"(3.1475409836065573, 575.7049180327868)",TM7,0,9
"(5.496240601503759, 641.2255639097745)",Streptococcus,0,10
"(4.291666666666667, 697.5833333333334)",TM7,0,11
"(3.967741935483871, 727.0483870967741)",TM7,0,13
"(9.322916666666666, 1033.3697916666667)",Streptococcus,0,14
"(6.619469026548672, 1057.9026548672566)",Leptotrichia,0,15
"(6.640718562874252, 1346.0958083832336)",Leptotrichia,0,17
"(3.180327868852459, 1379.1147540983607)",Streptococcus,0,18
"(6.438095238095238, 1442.6095238095238)",Leptotrichia,0,20
"(4.766129032258065, 1487.6854838709678)",Streptococcus,0,21
"(7.695035460992908, 1628.758865248227)",Leptotrichia,0,23
"(5.5625, 1658.2142857142858)",Veillonella,0,24
"(2.479338842975207, 1718.1487603305786)",Streptococcus,0,25
"(3.5901639344262297, 1825.8196721311476)",Fusobacterium,0,26
"(2.6, 1835.909090909091)",Treponema,0,27
"(4.519230769230769, 1857.7307692307693)",Leptotrichia,0,28
"(3.5309734513274336, 1946.513274336283)",Pasteurellaceae,0,29
"(5.957142857142857, 681.5428571428571)",Capnocytophaga,0,30
"(7.130952380952381, 1267.3095238095239)",TM7,0,31
"(6.466019417475728, 1398.8446601941748)",Leptotrichia,0,32
"(7.7555555555555555, 291.73333333333335)",Rothia,0,33
"(7.875, 557.8863636363636)",Rothia,0,34
"(9.964285714285714, 1679.3316326530612)",Selenomonas,0,36
"(7.76158940397351, 1807.291390728477)",Corynebacterium,0,37
"(9.4375, 1095.5)",Treponema,0,38
"(12.541666666666666, 1254.96875)",Selenomonas,0,39
"(11.703125, 1300.1484375)",Streptococcus,0,40
"(8.72289156626506, 1470.4819277108434)",Leptotrichia,0,41
"(7.148148148148148, 1740.462962962963)",Corynebacterium,0,43
"(12.36, 1772.544)",Capnocytophaga,0,44
"(7.391304347826087, 1897.3188405797102)",Treponema,0,45
"(15.800904977375566, 1931.8461538461538)",Capnocytophaga,0,46
"(13.148351648351648, 1984.576923076923)",Capnocytophaga,0,47
"(8.803571428571429, 544.6071428571429)",Rothia,0,48
"(11.379310344827585, 750.25)",TM7,0,49
"(11.731092436974789, 989.436974789916)",Campylobacter,0,50
"(10.45, 1965.8583333333333)",Capnocytophaga,0,51
"(11.913978494623656, 207.16129032258064)",Corynebacterium,0,52
"(11.38888888888889, 600.6851851851852)",Fusobacterium,0,53
"(13.195652173913043, 763.5434782608696)",Fusobacterium,0,54
"(9.18867924528302, 1502.9245283018868)",TM7,0,55
"(12.10948905109489, 1914.3503649635036)",Treponema,0,57
"(11.901098901098901, 632.3626373626373)",Treponema,0,58
"(11.0, 670.6923076923077)",TM7,0,59
"(14.94890510948905, 1014.7737226277372)",Leptotrichia,0,60
"(13.011627906976743, 1416.046511627907)",Leptotrichia,0,62
"(14.0, 253.9120879120879)",Capnocytophaga,0,64
"(13.685185185185185, 1329.212962962963)",Streptococcus,0,65
"(11.489795918367347, 1561.8673469387754)",Leptotrichia,0,66
"(13.83157894736842, 1610.842105263158)",Prevotella,0,67
"(11.870588235294118, 1704.3529411764705)",Streptococcus,0,68
"(13.946666666666667, 1724.12)",Streptococcus,0,69
"(15.042372881355933, 907.5593220338983)",Leptotrichia,0,70
"(12.94059405940594, 1077.2574257425742)",Actinomyces,0,71
"(12.272727272727273, 1515.2207792207791)",Streptococcus,0,72
"(18.525547445255473, 1741.3722627737227)",Capnocytophaga,0,73
"(14.065934065934066, 1370.923076923077)",Leptotrichia,0,75
"(14.784090909090908, 1589.2954545454545)",Lautropia,0,76
"(26.53846153846154, 480.3476923076923)",Streptococcus,0,77
"(17.769736842105264, 711.1776315789474)",Fusobacterium,0,78
"(16.454545454545453, 1457.1704545454545)",Leptotrichia,0,80
"(18.483333333333334, 1092.9166666666667)",TM7,0,81
"(15.861538461538462, 1864.9384615384615)",Streptococcus,0,83
"(25.815625, 220.875)",Corynebacterium,0,84
"(18.586734693877553, 576.984693877551)",Treponema,0,85
"(17.492957746478872, 660.7746478873239)",Capnocytophaga,0,86
"(21.884615384615383, 731.8974358974359)",Rothia,0,88
"(20.554744525547445, 1109.7883211678832)",Streptococcus,0,90
"(20.537815126050422, 1792.2605042016808)",Veillonella,0,91
"(19.323076923076922, 1898.323076923077)",Streptococcus,0,92
"(18.844827586206897, 174.24137931034483)",Capnocytophaga,0,93
"(20.75, 1883.1052631578948)",Streptococcus,0,95
"(21.8099173553719, 1282.8842975206612)",TM7,0,96
"(21.015873015873016, 1481.6666666666667)",Leptotrichia,0,97
"(21.039473684210527, 1549.9605263157894)",Leptotrichia,0,98
"(20.95, 1647.9833333333333)",Gemella,0,99
"(20.791044776119403, 1664.7164179104477)",Veillonella,0,100
"(24.153061224489797, 240.58163265306123)",Fusobacterium,0,101
"(22.035714285714285, 547.4642857142857)",Capnocytophaga,0,103
"(22.214953271028037, 1525.803738317757)",Leptotrichia,0,104
"(21.12, 1573.84)",Treponema,0,105
"(32.938709677419354, 1826.2193548387097)",Streptococcus,0,107
"(23.17391304347826, 1839.6521739130435)",Selenomonas,0,108
"(23.515463917525775, 307.319587628866)",Treponema,0,109
"(22.52747252747253, 600.8681318681319)",Capnocytophaga,0,110
"(26.372670807453417, 647.7080745341615)",TM7,0,111
"(23.022727272727273, 680.0340909090909)",Corynebacterium,0,112
"(26.177570093457945, 922.0560747663551)",TM7,0,113
"(23.897727272727273, 934.0795454545455)",Prevotella,0,114
"(23.571428571428573, 1497.1948051948052)",Leptotrichia,0,115
"(28.639097744360903, 1703.1203007518798)",Capnocytophaga,0,116
"(24.945205479452056, 700.3972602739726)",Campylobacter,0,117
"(25.46153846153846, 1080.8076923076924)",Neisseriaceae,0,118
"(27.34020618556701, 1693.298969072165)",TM7,0,119
"(24.73015873015873, 1714.873015873016)",Fusobacterium,0,120
"(23.220588235294116, 1850.0441176470588)",Treponema,0,121
"(25.743243243243242, 165.22972972972974)",Capnocytophaga,0,122
"(25.96470588235294, 264.63529411764705)",Rothia,0,123
"(29.704225352112676, 287.28169014084506)",Streptococcus,0,124
"(26.17948717948718, 558.7948717948718)",Corynebacterium,0,125
"(25.142857142857142, 950.5204081632653)",Prevotella,0,126
"(25.01086956521739, 1355.0760869565217)",Streptococcus,0,127
"(25.065573770491802, 1384.4262295081967)",Leptotrichia,0,128
"(25.0, 1400.9268292682927)",Gemella,0,129
"(30.198275862068964, 1425.3362068965516)",Leptotrichia,0,130
"(24.92, 1472.0)",Leptotrichia,0,131
"(28.324786324786324, 1755.7264957264956)",Treponema,0,132
"(25.24175824175824, 1951.5604395604396)",Treponema,0,133
"(25.955882352941178, 1341.3235294117646)",Streptococcus,0,134
"(26.876923076923077, 1370.5846153846153)",Streptococcus,0,135
"(30.344, 627.728)",Capnocytophaga,0,136
"(28.939393939393938, 1000.6060606060606)",Leptotrichia,0,137
"(27.486842105263158, 1034.4342105263158)",Leptotrichia,0,138
"(29.113861386138613, 1319.509900990099)",Leptotrichia,0,141
"(30.20689655172414, 1777.9862068965517)",Pasteurellaceae,0,143
"(27.29, 1911.56)",Pasteurellaceae,0,145
"(34.52439024390244, 759.8170731707318)",Prevotella,0,146
"(29.760563380281692, 1272.281690140845)",Pasteurellaceae,0,147
"(27.492537313432837, 1586.2089552238806)",Prevotella,0,148
"(30.28846153846154, 502.22115384615387)",Fusobacterium,0,149
"(30.28205128205128, 1050.3760683760684)",Leptotrichia,0,150
"(28.466666666666665, 1255.8166666666666)",Treponema,0,151
"(31.714285714285715, 1623.7047619047619)",Prevotella,0,152
"(30.729508196721312, 1867.1065573770493)",Leptotrichia,0,153
"(36.5207100591716, 1962.396449704142)",Capnocytophaga,0,154
"(30.96470588235294, 984.7647058823529)",Leptotrichia,0,155
"(31.56910569105691, 451.390243902439)",TM7,0,157
"(32.32911392405063, 613.7721518987341)",TM7,0,158
"(30.88679245283019, 1092.0377358490566)",Streptococcus,0,159
"(31.53488372093023, 1994.4186046511627)",Gemella,0,160
"(33.125, 657.7)",Prevotella,0,161
"(32.83168316831683, 1677.930693069307)",Veillonella,0,162
"(33.43835616438356, 1727.0684931506848)",TM7,0,163
"(33.43010752688172, 1439.4623655913979)",Lautropia,0,164
"(32.91525423728814, 1738.8813559322034)",Pasteurellaceae,0,165
"(39.33566433566433, 257.24475524475525)",Streptococcus,0,166
"(37.21008403361345, 673.0336134453781)",Capnocytophaga,0,167
"(34.955882352941174, 1980.7205882352941)",Streptococcus,0,169
"(36.439655172413794, 586.6465517241379)",Fusobacterium,0,170
"(40.97727272727273, 712.7545454545455)",TM7,0,171
"(37.741573033707866, 1061.9101123595506)",Leptotrichia,0,172
"(33.30769230769231, 1459.246153846154)",Streptococcus,0,173
"(36.53465346534654, 1799.7524752475247)",Pasteurellaceae,0,174
"(36.36470588235294, 1941.2823529411764)",Neisseriaceae,0,175
"(43.267857142857146, 234.0654761904762)",Capnocytophaga,0,176
"(34.98, 698.06)",Corynebacterium,0,178
"(36.064935064935064, 1538.7272727272727)",Gemella,0,180
"(38.03007518796993, 1638.7142857142858)",Treponema,0,181
"(38.037593984962406, 302.70676691729324)",Leptotrichia,0,182
"(41.04716981132076, 1253.9245283018868)",Selenomonas,0,183
"(36.766666666666666, 1393.6166666666666)",Leptotrichia,0,184
"(36.73076923076923, 1488.7692307692307)",Leptotrichia,0,185
"(39.45614035087719, 1595.921052631579)",Capnocytophaga,0,186
"(35.36, 1663.62)",Campylobacter,0,187
"(43.07382550335571, 562.1610738255033)",TM7,0,189
"(40.99145299145299, 734.7606837606837)",Capnocytophaga,0,190
"(39.18181818181818, 1106.3181818181818)",Streptococcus,0,191
"(42.156028368794324, 1288.8297872340424)",Fusobacterium,0,192
"(41.976190476190474, 1648.7380952380952)",Gemella,0,194
"(39.52577319587629, 1855.8556701030927)",Treponema,0,195
"(37.91304347826087, 1925.4927536231885)",Treponema,0,196
"(37.5, 1356.0588235294117)",Leptotrichia,0,197
"(41.130434782608695, 1518.0108695652175)",Leptotrichia,0,198
"(38.68333333333333, 1552.8833333333334)",Streptococcus,0,199
"(42.98529411764706, 1564.2794117647059)",Treponema,0,200
"(39.27450980392157, 687.8823529411765)",Campylobacter,0,202
"(41.62352941176471, 916.6941176470589)",TM7,0,203
"(43.7093023255814, 1074.6744186046512)",Streptococcus,0,205
"(39.857142857142854, 1366.6964285714287)",Fusobacterium,0,206
"(40.35820895522388, 1743.8208955223881)",Treponema,0,207
"(40.721518987341774, 1888.5949367088608)",Fusobacterium,0,208
"(41.69090909090909, 205.44545454545454)",Selenomonas,0,209
"(41.75342465753425, 491.1917808219178)",Fusobacterium,0,210
"(42.601851851851855, 941.3425925925926)",Prevotella,0,211
"(42.01449275362319, 1378.4057971014493)",Streptococcus,0,212
"(43.45977011494253, 993.3908045977012)",Leptotrichia,0,214
"(41.07843137254902, 1303.313725490196)",Gemella,0,215
"(45.196969696969695, 1531.0151515151515)",Streptococcus,0,216
"(44.208333333333336, 1087.513888888889)",Streptococcus,0,217
"(44.49295774647887, 1412.2112676056338)",Fusobacterium,0,218
"(45.903225806451616, 1611.1612903225807)",Leptotrichia,0,219
"(47.795918367346935, 1720.1530612244899)",Fusobacterium,0,220
"(46.01075268817204, 459.0537634408602)",Corynebacterium,0,223
"(46.04, 595.2266666666667)",Gemella,0,224
"(45.30769230769231, 1708.673076923077)",Lautropia,0,226
"(44.64705882352941, 1774.0882352941176)",Streptococcus,0,227
"(49.0, 1808.3939393939395)",Leptotrichia,0,228
"(45.5735294117647, 1451.985294117647)",TM7,0,230
"(46.32835820895522, 1474.55223880597)",Streptococcus,0,231
"(46.2972972972973, 1661.5135135135135)",Rothia,0,232
"(47.08163265306123, 1693.4897959183672)",Capnocytophaga,0,233
"(49.483333333333334, 1790.6083333333333)",Leptotrichia,0,235
"(50.239669421487605, 508.0413223140496)",Prevotella,0,236
"(46.6764705882353, 653.9313725490196)",TM7,0,237
"(47.472727272727276, 1763.8363636363636)",Treponema,0,238
"(47.236111111111114, 1904.5555555555557)",Selenomonas,0,239
"(49.775, 429.6)",TM7,0,240
"(47.869565217391305, 530.3478260869565)",Rothia,0,241
"(51.82727272727273, 639.1727272727272)",TM7,0,242
"(50.90291262135922, 1322.6407766990292)",Leptotrichia,0,243
"(55.92896174863388, 1392.8032786885246)",Prevotella,0,244
"(48.52173913043478, 1425.7173913043478)",Lautropia,0,245
"(49.5625, 1444.7375)",TM7,0,246
"(57.39920948616601, 476.3162055335968)",Streptococcus,0,247
"(50.86206896551724, 249.06896551724137)",Fusobacterium,0,251
"(49.41346153846154, 613.7692307692307)",TM7,0,252
"(49.30508474576271, 748.2372881355932)",Rothia,0,254
"(50.875, 1098.4107142857142)",Streptococcus,0,256
"(50.06349206349206, 1544.3809523809523)",Streptococcus,0,257
"(50.146067415730336, 1749.8314606741574)",Veillonella,0,258
"(68.31238779174147, 807.9407540394973)",Streptococcus,0,260
"(53.75714285714286, 1508.3142857142857)",Leptotrichia,0,262
"(50.294117647058826, 1572.7058823529412)",TM7,0,263
"(52.863157894736844, 676.7894736842105)",Capnocytophaga,0,266
"(54.40229885057471, 1111.3563218390805)",Streptococcus,0,267
"(54.669642857142854, 1274.732142857143)",Fusobacterium,0,268
"(53.68421052631579, 1308.1315789473683)",Leptotrichia,0,269
"(55.82608695652174, 1867.7043478260869)",Treponema,0,270
"(53.93055555555556, 1921.173611111111)",Corynebacterium,0,271
"(55.1747572815534, 215.51456310679612)",Capnocytophaga,0,273
"(56.60576923076923, 628.1826923076923)",Fusobacterium,0,275
"(58.377245508982035, 665.5209580838323)",Fusobacterium,0,276
"(59.69402985074627, 1250.1119402985075)",Campylobacter,0,278
"(61.16504854368932, 546.4757281553398)",Capnocytophaga,0,280
"(60.945945945945944, 568.7945945945946)",TM7,0,281
"(55.98701298701299, 1629.1168831168832)",Corynebacterium,0,283
"(58.89393939393939, 1647.560606060606)",TM7,0,284
"(53.98076923076923, 1735.8653846153845)",Capnocytophaga,0,285
"(58.5, 1408.9895833333333)",Rothia,0,286
"(55.90277777777778, 1464.361111111111)",TM7,0,287
"(57.932038834951456, 1595.2524271844661)",Treponema,0,289
"(55.75675675675676, 1817.7027027027027)",Neisseriaceae,0,290
"(61.432748538011694, 492.5672514619883)",Streptococcus,0,291
"(58.970238095238095, 717.5952380952381)",Streptococcus,0,292
"(58.78703703703704, 1062.7962962962963)",Streptococcus,0,293
"(56.78991596638655, 1834.7142857142858)",Capnocytophaga,0,294
"(57.27272727272727, 1851.0113636363637)",Corynebacterium,0,295
"(60.03225806451613, 683.989247311828)",Capnocytophaga,0,296
"(62.67796610169491, 758.0847457627119)",Lautropia,0,297
"(63.611111111111114, 1535.8253968253969)",Treponema,0,298
"(63.96521739130435, 1880.9652173913043)",Neisseriaceae,0,299
"(59.53012048192771, 1954.3614457831325)",Veillonella,0,300
"(61.623931623931625, 929.8632478632478)",Fusobacterium,0,301
"(59.09722222222222, 1895.0555555555557)",Corynebacterium,0,303
"(61.06666666666667, 228.93333333333334)",Capnocytophaga,0,304
"(61.81512605042017, 414.78991596638656)",Streptococcus,0,305
"(60.161764705882355, 1374.6470588235295)",Fusobacterium,0,306
"(62.37864077669903, 1486.7864077669904)",Treponema,0,307
"(61.258823529411764, 1673.9764705882353)",Rothia,0,308
"(60.01298701298701, 1703.3506493506493)",Capnocytophaga,0,309
"(59.75925925925926, 1978.5925925925926)",Veillonella,0,310
"(62.246753246753244, 203.80519480519482)",Capnocytophaga,0,311
"(64.39090909090909, 584.5)",Capnocytophaga,0,312
"(62.292307692307695, 602.223076923077)",Rothia,0,313
"(65.05454545454545, 1725.4454545454546)",Neisseriaceae,0,314
"(62.903743315508024, 1766.5882352941176)",Treponema,0,315
"(63.433734939759034, 1332.7590361445782)",Leptotrichia,0,316
"(64.1731843575419, 1425.9720670391062)",Lautropia,0,317
"(64.5, 1685.6315789473683)",Capnocytophaga,0,318
"(64.15757575757576, 263.44242424242424)",Corynebacterium,0,319
"(62.653225806451616, 442.758064516129)",Campylobacter,0,320
"(62.666666666666664, 457.8550724637681)",TM7,0,321
"(62.8, 530.8363636363637)",Veillonella,0,322
"(66.24193548387096, 1939.6370967741937)",Corynebacterium,0,323
"(64.92523364485982, 1990.6635514018692)",Treponema,0,324
"(65.640625, 240.359375)",Fusobacterium,0,325
"(85.30909090909091, 282.6969696969697)",Treponema,0,326
"(68.37037037037037, 655.237037037037)",Fusobacterium,0,327
"(64.12, 700.42)",Neisseriaceae,0,328
"(65.2394366197183, 1344.8450704225352)",Rothia,0,329
"(66.88775510204081, 1447.1122448979593)",Capnocytophaga,0,330
"(67.27167630057804, 1569.606936416185)",Rothia,0,332
"(63.98571428571429, 1744.5857142857142)",Capnocytophaga,0,333
"(69.84848484848484, 670.0787878787879)",Lautropia,0,334
"(65.29850746268657, 1360.7014925373135)",Fusobacterium,0,335
"(65.2279411764706, 1793.25)",Treponema,0,336
"(67.54761904761905, 1291.392857142857)",Rothia,0,337
"(70.25225225225225, 1499.3243243243244)",Leptotrichia,0,338
"(67.40243902439025, 773.8414634146342)",Capnocytophaga,0,339
"(70.0, 1264.6869565217391)",Selenomonas,0,340
"(69.39393939393939, 1900.4545454545455)",Treponema,0,341
"(67.25454545454545, 507.9818181818182)",Rothia,0,342
"(71.88613861386139, 628.9950495049505)",Streptococcus,0,343
"(69.78070175438596, 682.0)",TM7,0,344
"(69.34146341463415, 1066.1463414634147)",Streptococcus,0,345
"(69.06, 1119.64)",Streptococcus,0,346
"(68.81746031746032, 1312.1349206349207)",Lautropia,0,347
"(69.56716417910448, 1587.3432835820895)",Treponema,0,348
"(74.40331491712708, 1475.3204419889503)",Selenomonas,0,350
"(72.42528735632185, 1546.8735632183907)",Leptotrichia,0,351
"(73.36458333333333, 1605.9479166666667)",Gemella,0,352
"(73.73529411764706, 1913.9632352941176)",Selenomonas,0,353
"(74.63725490196079, 517.7058823529412)",Pasteurellaceae,0,355
"(71.75949367088607, 791.8987341772151)",Capnocytophaga,0,357
"(73.3015873015873, 1629.6666666666667)",Fusobacterium,0,358
"(72.79729729729729, 1662.7837837837837)",TM7,0,359
"(69.25, 1836.25)",Veillonella,0,360
"(75.85714285714286, 418.0095238095238)",Fusobacterium,0,361
"(79.58849557522124, 1387.4778761061948)",Gemella,0,362
"(73.66304347826087, 1811.7282608695652)",Fusobacterium,0,363
"(74.44444444444444, 1279.888888888889)",Lautropia,0,364
"(72.88888888888889, 1355.4074074074074)",Streptococcus,0,365
"(73.76530612244898, 1709.2755102040817)",Capnocytophaga,0,366
"(76.04419889502762, 1859.0718232044198)",Selenomonas,0,367
"(74.14285714285714, 442.1587301587302)",Treponema,0,369
"(76.26086956521739, 612.0144927536232)",Veillonella,0,370
"(76.92622950819673, 1408.9180327868853)",Fusobacterium,0,371
"(74.8970588235294, 1826.6029411764705)",Treponema,0,372
"(75.82222222222222, 466.18888888888887)",Actinomyces,0,373
"(76.35185185185185, 648.1296296296297)",Capnocytophaga,0,374
"(78.13716814159292, 704.7168141592921)",Streptococcus,0,375
"(77.28571428571429, 189.5595238095238)",Prevotella,0,376
"(75.45205479452055, 205.58904109589042)",Fusobacterium,0,377
"(75.69090909090909, 1519.3636363636363)",Streptococcus,0,378
"(78.38095238095238, 1800.8214285714287)",Treponema,0,379
"(82.28780487804877, 1926.7121951219513)",Treponema,0,380
"(77.9390243902439, 395.4390243902439)",Capnocytophaga,0,381
"(78.1063829787234, 531.1170212765958)",Capnocytophaga,0,382
"(80.0, 749.7514124293785)",Streptococcus,0,384
"(80.1869918699187, 778.0162601626016)",Rothia,0,385
"(79.54225352112677, 1681.0140845070423)",TM7,0,386
"(83.79203539823008, 1733.9911504424779)",Treponema,0,387
"(78.20408163265306, 1782.0408163265306)",Leptotrichia,0,388
"(80.51086956521739, 1842.2826086956522)",Selenomonas,0,389
"(77.45569620253164, 268.9873417721519)",Capnocytophaga,0,391
"(83.44281524926686, 665.067448680352)",TM7,0,392
"(80.96808510638297, 1554.2446808510638)",Leptotrichia,0,393
"(78.25806451612904, 589.5483870967741)",TM7,0,395
"(80.92248062015504, 682.4108527131783)",Corynebacterium,0,396
"(79.38947368421053, 1325.2)",Leptotrichia,0,397
"(80.24528301886792, 1461.301886792453)",TM7,0,398
"(81.29591836734694, 1965.438775510204)",Capnocytophaga,0,399
"(81.68055555555556, 503.25)",Treponema,0,400
"(83.78443113772455, 1366.0299401197606)",Fusobacterium,0,401
"(82.21212121212122, 599.2222222222222)",Fusobacterium,0,403
"(80.816091954023, 1105.3333333333333)",Streptococcus,0,404
"(82.0377358490566, 218.28301886792454)",Capnocytophaga,0,406
"(81.85714285714286, 485.84415584415586)",TM7,0,407
"(83.02272727272727, 1447.0113636363637)",Leptotrichia,0,408
"(84.88202247191012, 1882.1797752808989)",Selenomonas,0,409
"(83.59740259740259, 1306.7012987012988)",Corynebacterium,0,410
"(83.64788732394366, 1426.5070422535211)",Veillonella,0,411
"(85.55801104972376, 235.29834254143645)",TM7,0,413
"(86.13636363636364, 450.8181818181818)",Corynebacterium,0,414
"(84.87142857142857, 553.452380952381)",Capnocytophaga,0,415
"(84.71428571428571, 1506.5974025974026)",Streptococcus,0,417
"(85.93589743589743, 624.6538461538462)",Selenomonas,0,419
"(88.13294797687861, 798.1907514450867)",Fusobacterium,0,420
"(86.97272727272727, 1088.4454545454546)",Leptotrichia,0,421
"(86.25274725274726, 1344.010989010989)",Prevotella,0,422
"(85.13333333333334, 1618.0111111111112)",TM7,0,423
"(86.9375, 1665.9583333333333)",Selenomonas,0,424
"(87.42424242424242, 1980.2929292929293)",Selenomonas,0,425
"(86.71875, 476.890625)",Capnocytophaga,0,426
"(96.73251028806584, 652.9794238683128)",Streptococcus,0,427
"(85.15942028985508, 1253.4202898550725)",Rothia,0,428
"(93.01104972375691, 1591.8950276243095)",TM7,0,429
"(86.44186046511628, 1757.2209302325582)",Capnocytophaga,0,430
"(86.95714285714286, 203.87142857142857)",Fusobacterium,0,431
"(89.03174603174604, 428.48148148148147)",Capnocytophaga,0,432
"(91.04081632653062, 582.3605442176871)",TM7,0,433
"(87.16923076923077, 715.5692307692308)",Treponema,0,434
"(89.6829268292683, 768.280487804878)",Capnocytophaga,0,435
"(88.72602739726027, 1903.5753424657535)",Gemella,0,437
"(90.78, 1954.18)",Selenomonas,0,438
"(89.57971014492753, 1265.0869565217392)",TM7,0,439
"(89.73493975903614, 1292.1084337349398)",Lautropia,0,440
"(90.55555555555556, 1438.3809523809523)",Leptotrichia,0,441
"(89.75728155339806, 1525.0873786407767)",Leptotrichia,0,443
"(87.78, 1716.56)",Fusobacterium,0,444
"(89.3108108108108, 1823.6351351351352)",Capnocytophaga,0,445
"(92.01538461538462, 1334.1692307692308)",Gemella,0,446
"(92.14563106796116, 1413.2815533980583)",TM7,0,447
"(92.6951219512195, 1566.158536585366)",Capnocytophaga,0,448
"(90.56, 1640.56)",Fusobacterium,0,449
"(91.47863247863248, 1784.5213675213674)",Treponema,0,450
"(93.58064516129032, 189.79569892473117)",Streptococcus,0,451
"(96.6241610738255, 265.3456375838926)",Streptococcus,0,452
"(96.59562841530055, 531.4590163934427)",Pasteurellaceae,0,453
"(93.3211009174312, 741.7018348623853)",Leptotrichia,0,454
"(92.56603773584905, 1606.9056603773586)",Campylobacter,0,456
"(92.61016949152543, 1656.5254237288136)",Fusobacterium,0,457
"(94.73275862068965, 1700.646551724138)",Capnocytophaga,0,458
"(94.93859649122807, 1811.561403508772)",Porphyromonas,0,459
"(93.54945054945055, 461.61538461538464)",Capnocytophaga,0,460
"(92.57142857142857, 836.0892857142857)",Capnocytophaga,0,461
"(97.44059405940594, 695.9851485148515)",Streptococcus,0,463
"(101.43715846994536, 1242.950819672131)",Rothia,0,464
"(94.27272727272727, 1319.7272727272727)",Leptotrichia,0,465
"(101.75833333333334, 1454.6958333333334)",Leptotrichia,0,466
"(96.30827067669173, 1863.5263157894738)",Selenomonas,0,467
"(97.15562913907284, 503.6887417218543)",Streptococcus,0,468
"(100.88148148148149, 1272.5037037037036)",Fusobacterium,0,469
"(97.26851851851852, 1477.6574074074074)",Fusobacterium,0,470
"(95.62711864406779, 1837.8474576271187)",Selenomonas,0,471
"(103.07377049180327, 406.672131147541)",Capnocytophaga,0,473
"(98.72950819672131, 1541.204918032787)",Leptotrichia,0,475
"(100.69333333333333, 1030.4066666666668)",Streptococcus,0,476
"(97.60240963855422, 1361.0722891566265)",Prevotella,0,477
"(98.54761904761905, 715.1904761904761)",Streptococcus,0,478
"(102.01724137931035, 826.3620689655172)",Rothia,0,479
"(98.4074074074074, 227.03703703703704)",TM7,0,480
"(102.14814814814815, 483.712962962963)",Lautropia,0,483
"(99.57142857142857, 785.8214285714286)",Pasteurellaceae,0,484
"(98.76404494382022, 1511.5393258426966)",Gemella,0,485
"(101.52252252252252, 1730.2432432432433)",Streptococcus,0,486
"(99.96610169491525, 1847.8813559322034)",Leptotrichia,0,487
"(102.5241935483871, 1930.975806451613)",Selenomonas,0,488
"(100.27536231884058, 1950.5652173913043)",Selenomonas,0,489
"(110.9873949579832, 813.0336134453781)",Leptotrichia,0,490
"(103.10204081632654, 1300.9285714285713)",TM7,0,491
"(102.04761904761905, 1347.7777777777778)",Lautropia,0,494
"(105.32432432432432, 1631.436936936937)",Capnocytophaga,0,497
"(103.71428571428571, 1682.2527472527472)",TM7,0,498
"(105.23275862068965, 1796.1120689655172)",Streptococcus,0,499
"(103.60952380952381, 208.58095238095237)",Prevotella,0,500
"(103.19254658385093, 565.7453416149068)",Capnocytophaga,0,501
"(105.86440677966101, 846.0254237288135)",Prevotella,0,502
"(103.95192307692308, 1386.2115384615386)",Veillonella,0,503
"(104.12, 1575.29)",TM7,0,504
"(106.29452054794521, 1751.9246575342465)",Gemella,0,505
"(104.504, 1772.648)",Streptococcus,0,506
"(103.50704225352112, 1916.1690140845071)",Campylobacter,0,507
"(104.66346153846153, 443.0576923076923)",Fusobacterium,0,509
"(104.78014184397163, 545.0921985815603)",TM7,0,510
"(103.65079365079364, 674.015873015873)",TM7,0,511
"(104.14754098360656, 733.1311475409836)",Capnocytophaga,0,512
"(109.59420289855072, 791.3333333333334)",Fusobacterium,0,513
"(105.13253012048193, 1486.9638554216867)",Gemella,0,514
"(103.97674418604652, 1611.7209302325582)",Capnocytophaga,0,515
"(105.14516129032258, 1657.1935483870968)",Fusobacterium,0,516
"(107.95364238410596, 594.9470198675497)",Rothia,0,517
"(106.92366412213741, 1015.8320610687023)",Streptococcus,0,518
"(105.25675675675676, 1338.0135135135135)",Streptococcus,0,519
"(106.89320388349515, 1552.8543689320388)",Fusobacterium,0,521
"(105.74725274725274, 1895.2307692307693)",Neisseriaceae,0,523
"(108.78321678321679, 1967.3286713286714)",Corynebacterium,0,524
"(108.12727272727273, 144.73939393939395)",Capnocytophaga,0,525
"(106.09433962264151, 1416.377358490566)",Rothia,0,527
"(107.6, 222.47272727272727)",Fusobacterium,0,528
"(107.39682539682539, 628.031746031746)",Campylobacter,0,529
"(108.28688524590164, 646.6967213114754)",Fusobacterium,0,530
"(108.29310344827586, 1698.4137931034484)",Leptotrichia,0,532
"(109.2421052631579, 466.0315789473684)",Corynebacterium,0,533
"(109.69565217391305, 615.8478260869565)",Rothia,0,534
"(110.42222222222222, 1049.7777777777778)",Leptotrichia,0,535
"(109.66216216216216, 1258.581081081081)",Lautropia,0,536
"(111.62962962962963, 1312.9135802469136)",Lautropia,0,537
"(109.05172413793103, 1509.4827586206898)",TM7,0,538
"(108.234375, 1947.640625)",Capnocytophaga,0,539
"(112.4, 234.1375)",Prevotella,0,540
"(110.54929577464789, 427.4225352112676)",Capnocytophaga,0,541
"(111.40151515151516, 1401.871212121212)",TM7,0,542
"(109.61111111111111, 1669.388888888889)",Gemella,0,543
"(113.9551282051282, 1821.7307692307693)",Porphyromonas,0,544
"(111.53424657534246, 694.6438356164383)",Treponema,0,545
"(111.92537313432835, 1501.4328358208954)",TM7,0,546
"(113.53246753246754, 1648.7792207792209)",TM7,0,547
"(110.04477611940298, 1860.0149253731342)",Lautropia,0,548
"(111.3, 578.5)",TM7,0,549
"(113.26086956521739, 1335.536231884058)",Lautropia,0,550
"(116.41258741258741, 1431.1468531468531)",Leptotrichia,0,551
"(112.67777777777778, 1715.888888888889)",Corynebacterium,0,552
"(113.86440677966101, 1840.5254237288136)",Treponema,0,553
"(112.19444444444444, 1980.1666666666667)",Capnocytophaga,0,554
"(113.24242424242425, 753.339393939394)",Capnocytophaga,0,555
"(114.02542372881356, 1225.449152542373)",Capnocytophaga,0,556
"(114.6, 1607.36)",TM7,0,558
"(114.65454545454546, 507.55454545454546)",Capnocytophaga,0,560
"(113.87272727272727, 675.4181818181818)",Selenomonas,0,561
"(115.0, 1484.2051282051282)",Capnocytophaga,0,562
"(115.90225563909775, 384.90977443609023)",Corynebacterium,0,563
"(115.63095238095238, 1288.6904761904761)",TM7,0,566
"(117.71428571428571, 1571.2077922077922)",Actinomyces,0,568
"(117.21782178217822, 1801.148514851485)",Treponema,0,569
"(116.41346153846153, 489.75961538461536)",Treponema,0,570
"(115.85245901639344, 567.8032786885246)",Rothia,0,571
"(118.10169491525424, 1243.7966101694915)",Rothia,0,572
"(120.59633027522936, 1371.9174311926606)",Leptotrichia,0,573
"(121.0421686746988, 1687.4759036144578)",TM7,0,574
"(117.84210526315789, 1738.778947368421)",Treponema,0,575
"(117.66666666666667, 440.96666666666664)",Veillonella,0,576
"(121.03225806451613, 664.9548387096775)",Leptotrichia,0,577
"(118.96039603960396, 835.2673267326733)",Capnocytophaga,0,578
"(116.69444444444444, 1531.9722222222222)",Leptotrichia,0,579
"(123.53684210526316, 527.6210526315789)",Corynebacterium,0,580
"(118.95061728395062, 737.6666666666666)",Corynebacterium,0,582
"(118.65517241379311, 1301.051724137931)",Treponema,0,583
"(120.41111111111111, 1320.8555555555556)",Actinomyces,0,584
"(117.84, 1357.92)",Streptococcus,0,585
"(120.17647058823529, 1927.4183006535948)",Treponema,0,586
"(120.5, 460.8173076923077)",Rothia,0,588
"(120.25352112676056, 1074.056338028169)",Lautropia,0,590
"(121.87628865979381, 1387.1030927835052)",Leptotrichia,0,591
"(120.40944881889764, 1870.1968503937007)",Streptococcus,0,592
"(122.359375, 773.515625)",Rothia,0,593
"(123.09183673469387, 1455.015306122449)",Leptotrichia,0,594
"(127.68020304568527, 1547.6852791878173)",Selenomonas,0,595
"(118.69354838709677, 1766.774193548387)",Capnocytophaga,0,596
"(120.79729729729729, 637.3783783783783)",Gemella,0,597
"(123.7448275862069, 1589.7655172413793)",TM7,0,598
"(124.36263736263736, 1776.8241758241759)",Pasteurellaceae,0,599
"(125.34482758620689, 445.44827586206895)",Capnocytophaga,0,600
"(122.15315315315316, 550.4414414414415)",Capnocytophaga,0,601
"(123.76842105263158, 1759.6631578947367)",Fusobacterium,0,603
"(123.16107382550335, 1896.1073825503356)",Treponema,0,604
"(122.81967213114754, 237.98360655737704)",TM7,0,605
"(123.69014084507042, 425.9154929577465)",Veillonella,0,606
"(123.0, 584.1764705882352)",Rothia,0,607
"(124.19540229885058, 714.7701149425287)",Pasteurellaceae,0,609
"(124.49253731343283, 1223.2238805970148)",Capnocytophaga,0,611
"(123.53225806451613, 1345.0645161290322)",Rothia,0,612
"(131.21476510067114, 414.6711409395973)",TM7,0,613
"(123.94642857142857, 617.6964285714286)",Streptococcus,0,614
"(129.7485380116959, 1637.5847953216373)",Capnocytophaga,0,616
"(124.77777777777777, 1710.7916666666667)",TM7,0,617
"(127.05426356589147, 1990.9612403100775)",Treponema,0,618
"(125.0576923076923, 147.03846153846155)",Capnocytophaga,0,619
"(128.2875, 627.0125)",Leptotrichia,0,620
"(124.46551724137932, 700.2413793103449)",Prevotella,0,622
"(132.0909090909091, 860.0757575757576)",Fusobacterium,0,623
"(125.58260869565217, 1252.9652173913043)",Prevotella,0,624
"(125.6701030927835, 1413.4845360824743)",Pasteurellaceae,0,625
"(125.7605633802817, 1472.8028169014085)",Leptotrichia,0,626
"(128.63333333333333, 1562.5466666666666)",Streptococcus,0,627
"(125.08333333333333, 1603.9333333333334)",TM7,0,628
"(127.23076923076923, 400.8333333333333)",Capnocytophaga,0,630
"(126.34482758620689, 592.0172413793103)",Veillonella,0,631
"(127.45454545454545, 1809.2545454545455)",Treponema,0,634
"(128.25842696629215, 648.561797752809)",Treponema,0,635
"(133.1203007518797, 797.2067669172932)",Corynebacterium,0,636
"(129.18309859154928, 1270.0845070422536)",Rothia,0,637
"(129.27058823529413, 1398.2470588235294)",TM7,0,638
"(134.45833333333334, 1963.3035714285713)",Streptococcus,0,639
"(127.76363636363637, 1971.0727272727272)",Leptotrichia,0,640
"(128.80645161290323, 568.258064516129)",Fusobacterium,0,641
"(130.01098901098902, 1060.4615384615386)",Leptotrichia,0,642
"(128.37254901960785, 1736.1960784313726)",Treponema,0,644
"(133.0440251572327, 1787.6163522012578)",Selenomonas,0,645
"(128.30555555555554, 1834.7037037037037)",Corynebacterium,0,646
"(130.44247787610618, 362.08849557522126)",Lautropia,0,647
"(130.93548387096774, 476.10752688172045)",Actinomyces,0,648
"(128.4915254237288, 1285.2881355932204)",TM7,0,650
"(134.36559139784947, 1330.1720430107528)",Lautropia,0,651
"(132.2051282051282, 753.2461538461539)",Capnocytophaga,0,653
"(129.91071428571428, 812.3392857142857)",Selenomonas,0,654
"(134.07142857142858, 1239.7857142857142)",Streptococcus,0,655
"(130.2, 1489.9875)",Streptococcus,0,656
"(131.74698795180723, 1503.120481927711)",Streptococcus,0,657
"(131.368, 1616.36)",TM7,0,658
"(129.71830985915494, 1653.112676056338)",Corynebacterium,0,659
"(132.2972972972973, 600.1621621621622)",Rothia,0,661
"(132.51764705882354, 1084.8823529411766)",Rothia,0,662
"(133.01379310344828, 1206.558620689655)",Prevotella,0,663
"(135.14529914529913, 1676.179487179487)",Streptococcus,0,664
"(132.5, 458.36764705882354)",Actinomyces,0,665
"(133.67857142857142, 492.07142857142856)",Rothia,0,666
"(133.12222222222223, 1353.588888888889)",Prevotella,0,668
"(134.13675213675214, 1373.3589743589744)",Lautropia,0,669
"(140.88082901554404, 1517.1658031088082)",TM7,0,670
"(135.3012048192771, 1532.0240963855422)",Lautropia,0,671
"(138.41860465116278, 1750.7093023255813)",Pasteurellaceae,0,672
"(137.89285714285714, 1773.845238095238)",Leptotrichia,0,673
"(133.70149253731344, 1823.9253731343283)",Selenomonas,0,674
"(141.62408759124088, 1879.3868613138686)",Streptococcus,0,675
"(136.1813186813187, 250.2912087912088)",Capnocytophaga,0,677
"(133.80392156862746, 434.62745098039215)",Veillonella,0,678
"(133.8030303030303, 834.5)",Rothia,0,680
"(135.27338129496403, 1297.9568345323742)",Lautropia,0,681
"(134.32876712328766, 1907.6986301369864)",Leptotrichia,0,682
"(136.22368421052633, 1921.8552631578948)",Streptococcus,0,683
"(135.2972972972973, 515.4864864864865)",Capnocytophaga,0,684
"(135.8034188034188, 1435.145299145299)",Fusobacterium,0,686
"(136.47727272727272, 1861.3068181818182)",Capnocytophaga,0,687
"(135.40625, 547.625)",Fusobacterium,0,688
"(138.06796116504853, 1094.5339805825242)",Prevotella,0,689
"(143.25465838509317, 1765.1863354037266)",Leptotrichia,0,690
"(140.2, 824.5142857142857)",Corynebacterium,0,691
"(139.03896103896105, 1578.3506493506493)",TM7,0,692
"(136.52830188679246, 1595.0754716981132)",Capnocytophaga,0,693
"(138.90697674418604, 712.9767441860465)",Rothia,0,694
"(136.69230769230768, 771.75)",Lautropia,0,695
"(138.5463917525773, 1190.5773195876288)",Lautropia,0,696
"(138.64864864864865, 1700.2702702702702)",Capnocytophaga,0,697
"(142.0859375, 1716.84375)",Capnocytophaga,0,698
"(139.8469387755102, 1952.1530612244899)",Streptococcus,0,699
"(140.02666666666667, 529.2)",Actinomyces,0,700
"(140.84615384615384, 677.4017094017094)",Streptococcus,0,701
"(139.27631578947367, 781.4473684210526)",Lautropia,0,703
"(141.6936936936937, 882.009009009009)",Rothia,0,704
"(144.8978494623656, 1399.8440860215053)",Rothia,0,705
"(138.6969696969697, 1456.590909090909)",Leptotrichia,0,706
"(138.15, 1891.5666666666666)",Streptococcus,0,707
"(141.70535714285714, 1935.919642857143)",Treponema,0,708
"(141.9625668449198, 1981.283422459893)",Selenomonas,0,709
"(140.80459770114942, 505.95402298850576)",Streptococcus,0,710
"(140.28378378378378, 867.3648648648649)",Capnocytophaga,0,711
"(142.7663551401869, 1223.0467289719627)",Lautropia,0,712
"(139.20833333333334, 1276.013888888889)",Prevotella,0,713
"(147.75418994413408, 1468.4078212290503)",Lautropia,0,714
"(142.35294117647058, 565.8161764705883)",TM7,0,715
"(141.4787234042553, 659.2553191489362)",Corynebacterium,0,716
"(141.8921568627451, 1422.5098039215686)",Prevotella,0,717
"(148.3375796178344, 1730.5668789808917)",Corynebacterium,0,718
"(149.2357142857143, 399.1142857142857)",Streptococcus,0,720
"(142.29347826086956, 1107.9239130434783)",Rothia,0,721
"(145.7443181818182, 1661.6875)",Prevotella,0,722
"(148.30882352941177, 1686.5220588235295)",Pasteurellaceae,0,723
"(143.67045454545453, 328.8863636363636)",Leptotrichia,0,724
"(144.4367816091954, 609.0919540229885)",Campylobacter,0,725
"(146.78443113772454, 1155.6467065868264)",Treponema,0,726
"(149.17857142857142, 1172.017857142857)",Treponema,0,727
"(145.67391304347825, 1791.5760869565217)",Corynebacterium,0,729
"(143.55405405405406, 1805.7432432432433)",Pasteurellaceae,0,730
"(143.92207792207793, 1842.357142857143)",Leptotrichia,0,732
"(146.12, 363.28)",Lautropia,0,733
"(144.56756756756758, 451.0810810810811)",Capnocytophaga,0,734
"(144.61290322580646, 1485.0645161290322)",TM7,0,735
"(153.47752808988764, 1861.1460674157304)",Capnocytophaga,0,736
"(145.9206349206349, 1893.7301587301588)",Leptotrichia,0,737
"(146.4313725490196, 422.7352941176471)",Selenomonas,0,738
"(145.89256198347107, 472.3636363636364)",Neisseriaceae,0,739
"(148.40571428571428, 588.9828571428571)",Treponema,0,740
"(147.4488188976378, 736.2598425196851)",Streptococcus,0,741
"(154.10204081632654, 1255.0340136054422)",Gemella,0,742
"(147.64102564102564, 238.14102564102564)",Corynebacterium,0,744
"(147.01785714285714, 631.25)",TM7,0,745
"(147.46052631578948, 887.8684210526316)",Fusobacterium,0,746
"(150.7037037037037, 1598.6296296296296)",Pasteurellaceae,0,747
"(153.4954954954955, 1758.1036036036037)",Veillonella,0,748
"(147.94285714285715, 545.8)",Capnocytophaga,0,749
"(150.70689655172413, 755.0057471264367)",Streptococcus,0,750
"(151.58389261744966, 1121.503355704698)",Prevotella,0,751
"(149.25641025641025, 1194.4957264957266)",Rothia,0,752
"(147.672131147541, 1364.1639344262296)",Rothia,0,753
"(147.50862068965517, 1545.9913793103449)",Capnocytophaga,0,754
"(148.92537313432837, 698.5522388059702)",TM7,0,756
"(180.21395348837208, 1138.9302325581396)",Streptococcus,0,757
"(154.99346405228758, 1704.248366013072)",Capnocytophaga,0,758
"(151.5040650406504, 270.2682926829268)",Capnocytophaga,0,760
"(151.77966101694915, 437.91525423728814)",Selenomonas,0,761
"(151.86153846153846, 642.7846153846153)",Fusobacterium,0,762
"(151.83, 1073.56)",Leptotrichia,0,763
"(150.07575757575756, 1265.5757575757575)",Actinomyces,0,764
"(149.79268292682926, 1442.0121951219512)",Rothia,0,765
"(150.54651162790697, 1631.9302325581396)",Fusobacterium,0,766
"(157.46451612903226, 1824.4129032258065)",Corynebacterium,0,767
"(156.4855072463768, 1932.0)",Treponema,0,768
"(151.9875, 1993.0)",Treponema,0,769
"(156.8535031847134, 682.1337579617834)",Streptococcus,0,770
"(152.01923076923077, 817.4807692307693)",Streptococcus,0,771
"(151.4963503649635, 1286.5328467153286)",Rothia,0,772
"(150.51923076923077, 1451.6153846153845)",Leptotrichia,0,773
"(152.231884057971, 1570.9420289855072)",Actinomyces,0,774
"(154.79253112033194, 1783.5809128630706)",Capnocytophaga,0,775
"(153.23684210526315, 1918.2894736842106)",Streptococcus,0,776
"(152.21686746987953, 769.7469879518072)",Streptococcus,0,777
"(154.08695652173913, 1214.644927536232)",Fusobacterium,0,778
"(152.63716814159292, 1311.2389380530974)",Fusobacterium,0,779
"(155.75124378109453, 1381.2388059701493)",Leptotrichia,0,782
"(151.90740740740742, 487.6666666666667)",Fusobacterium,0,783
"(154.23333333333332, 561.4833333333333)",Capnocytophaga,0,784
"(153.3953488372093, 835.1395348837209)",Capnocytophaga,0,785
"(154.29787234042553, 1353.5744680851064)",TM7,0,786
"(158.1834862385321, 495.45871559633025)",Capnocytophaga,0,788
"(153.23214285714286, 858.0446428571429)",Fusobacterium,0,790
"(158.51162790697674, 533.3139534883721)",Lautropia,0,791
"(155.6027397260274, 901.6438356164383)",Prevotella,0,792
"(155.47826086956522, 1413.017391304348)",Streptococcus,0,793
"(161.58823529411765, 1095.270588235294)",Streptococcus,0,794
"(157.13924050632912, 1238.746835443038)",Prevotella,0,795
"(156.89473684210526, 1560.6315789473683)",Capnocytophaga,0,796
"(159.39743589743588, 407.02564102564105)",Selenomonas,0,797
"(156.1216216216216, 462.44594594594594)",Selenomonas,0,798
"(157.231884057971, 545.768115942029)",Fusobacterium,0,799
"(162.96363636363637, 606.2787878787879)",Neisseriaceae,0,800
"(160.60504201680672, 1771.6974789915967)",Treponema,0,801
"(162.3148148148148, 1873.2314814814815)",Streptococcus,0,802
"(157.22, 523.7)",Lautropia,0,803
"(166.81012658227849, 648.8354430379746)",TM7,0,804
"(162.77551020408163, 667.6802721088435)",Streptococcus,0,805
"(163.7, 805.4153846153846)",TM7,0,807
"(157.71052631578948, 881.4868421052631)",TM7,0,808
"(160.8993710691824, 919.6352201257862)",TM7,0,809
"(163.75151515151515, 1505.4060606060607)",TM7,0,810
"(157.45833333333334, 1527.9166666666667)",Treponema,0,811
"(159.1829268292683, 1645.2317073170732)",TM7,0,812
"(158.32692307692307, 1742.3653846153845)",TM7,0,813
"(159.0, 1959.4392523364486)",Capnocytophaga,0,814
"(160.54945054945054, 581.9010989010989)",TM7,0,815
"(162.10852713178295, 1484.3953488372092)",Capnocytophaga,0,816
"(161.84126984126985, 1968.7936507936508)",Capnocytophaga,0,817
"(162.01923076923077, 244.42307692307693)",Capnocytophaga,0,818
"(167.37967914438502, 727.524064171123)",Streptococcus,0,819
"(164.23834196891193, 1803.8341968911918)",Treponema,0,821
"(161.43055555555554, 569.2916666666666)",Fusobacterium,0,822
"(161.4181818181818, 763.1454545454545)",Leptotrichia,0,823
"(164.15418502202644, 783.6607929515418)",Capnocytophaga,0,824
"(162.6027397260274, 481.63013698630135)",Porphyromonas,0,826
"(166.1769911504425, 506.11504424778764)",Gemella,0,827
"(162.2027972027972, 706.916083916084)",Rothia,0,828
"(162.80555555555554, 941.25)",Prevotella,0,829
"(161.66265060240963, 1198.0722891566265)",TM7,0,830
"(162.32876712328766, 1681.5205479452054)",TM7,0,831
"(162.7826086956522, 1847.9130434782608)",Capnocytophaga,0,832
"(164.86904761904762, 260.25)",Veillonella,0,833
"(166.15873015873015, 450.42063492063494)",Pasteurellaceae,0,834
"(165.00666666666666, 628.1)",Actinomyces,0,835
"(162.59722222222223, 847.125)",Lautropia,0,836
"(162.90740740740742, 1165.388888888889)",Treponema,0,837
"(163.16483516483515, 1330.4285714285713)",Prevotella,0,839
"(164.65060240963857, 1538.5421686746988)",Leptotrichia,0,841
"(164.52727272727273, 1280.509090909091)",Lautropia,0,842
"(165.25641025641025, 1429.9615384615386)",Streptococcus,0,843
"(163.1153846153846, 1456.9423076923076)",Lautropia,0,844
"(167.0359712230216, 1951.4820143884892)",Pasteurellaceae,0,845
"(166.86, 866.39)",TM7,0,846
"(164.88505747126436, 418.5632183908046)",Gemella,0,848
"(165.96190476190475, 829.7904761904762)",Lautropia,0,849
"(166.1014492753623, 1666.9420289855072)",Corynebacterium,0,850
"(168.78666666666666, 1717.0133333333333)",Corynebacterium,0,851
"(169.3008130081301, 281.5121951219512)",TM7,0,852
"(170.5597014925373, 1693.4925373134329)",Pasteurellaceae,0,854
"(167.5483870967742, 1734.3709677419354)",Corynebacterium,0,855
"(166.83783783783784, 1838.9054054054054)",Fusobacterium,0,856
"(169.52666666666667, 1912.5333333333333)",Treponema,0,857
"(170.38333333333333, 745.1333333333333)",Neisseriaceae,0,858
"(168.03614457831324, 1125.0)",Rothia,0,862
"(170.95689655172413, 1344.25)",Rothia,0,863
"(170.02631578947367, 1626.2894736842106)",Pasteurellaceae,0,864
"(171.53801169590642, 1976.8362573099416)",Pasteurellaceae,0,865
"(169.7674418604651, 468.5658914728682)",Capnocytophaga,0,866
"(169.3125, 1171.765625)",Leptotrichia,0,867
"(168.7704918032787, 1218.1475409836066)",Veillonella,0,868
"(170.59633027522935, 1235.5045871559632)",Prevotella,0,869
"(172.8181818181818, 1288.3363636363636)",Streptococcus,0,870
"(169.58666666666667, 1396.1333333333334)",Lautropia,0,871
"(168.82089552238807, 1520.5223880597016)",Fusobacterium,0,872
"(168.609375, 1567.609375)",Prevotella,0,873
"(173.22155688622755, 1191.3952095808384)",Capnocytophaga,0,874
"(170.80263157894737, 1314.7763157894738)",Leptotrichia,0,875
"(170.97590361445782, 1584.4819277108434)",TM7,0,876
"(170.2377049180328, 1885.1065573770493)",Leptotrichia,0,877
"(172.40277777777777, 430.9583333333333)",Campylobacter,0,878
"(173.97169811320754, 982.0094339622641)",Prevotella,0,879
"(172.38333333333333, 1608.8333333333333)",Fusobacterium,0,880
"(171.63013698630138, 1749.5616438356165)",Fusobacterium,0,881
"(176.1164383561644, 523.986301369863)",Streptococcus,0,882
"(175.65725806451613, 551.7379032258065)",Streptococcus,0,883
"(172.35714285714286, 1075.8095238095239)",Streptococcus,0,884
"(175.1705882352941, 1265.2411764705882)",Streptococcus,0,885
"(179.84132841328415, 1966.0774907749078)",Streptococcus,0,886
"(175.8041237113402, 1092.1030927835052)",Streptococcus,0,888
"(179.42142857142858, 1866.9714285714285)",Streptococcus,0,890
"(178.33139534883722, 1948.5058139534883)",Capnocytophaga,0,891
"(174.48387096774192, 574.9032258064516)",Porphyromonas,0,892
"(175.58778625954199, 703.4732824427481)",TM7,0,893
"(174.07, 1379.47)",Gemella,0,894
"(177.02072538860102, 1414.2020725388602)",Lautropia,0,895
"(176.55223880597015, 1460.9253731343283)",TM7,0,896
"(174.3913043478261, 404.8695652173913)",TM7,0,898
"(178.72413793103448, 761.0344827586207)",Corynebacterium,0,899
"(175.78301886792454, 1207.9528301886792)",Rothia,0,900
"(179.455223880597, 1359.8880597014925)",Prevotella,0,901
"(176.61261261261262, 1441.2072072072071)",TM7,0,902
"(177.25641025641025, 250.74358974358975)",Capnocytophaga,0,903
"(177.30882352941177, 594.0441176470588)",Rothia,0,904
"(177.1875, 1300.71875)",Treponema,0,905
"(176.22916666666666, 1775.84375)",Leptotrichia,0,906
"(176.51923076923077, 416.15384615384613)",Corynebacterium,0,908
"(177.66037735849056, 844.5471698113207)",Capnocytophaga,0,909
"(178.69298245614036, 886.3421052631579)",Capnocytophaga,0,910
"(176.56164383561645, 956.8767123287671)",Rothia,0,911
"(183.37869822485206, 1010.1005917159763)",Rothia,0,912
"(178.0597014925373, 1476.7014925373135)",TM7,0,913
"(178.9, 1680.9714285714285)",Streptococcus,0,914
"(183.6153846153846, 1983.1346153846155)",Capnocytophaga,0,916
"(178.0701754385965, 631.0526315789474)",TM7,0,917
"(177.9402985074627, 815.4179104477612)",Fusobacterium,0,918
"(178.29032258064515, 904.4032258064516)",Actinomyces,0,919
"(178.42424242424244, 1327.8484848484848)",Treponema,0,920
"(181.63945578231292, 663.7891156462586)",Leptotrichia,0,921
"(182.67469879518072, 681.8132530120482)",Actinomyces,0,922
"(183.8743961352657, 1490.8454106280194)",Leptotrichia,0,923
"(179.1551724137931, 1653.3103448275863)",Pasteurellaceae,0,924
"(192.81720430107526, 1932.752688172043)",Streptococcus,0,925
"(181.25892857142858, 781.5357142857143)",Porphyromonas,0,926
"(181.375, 1122.55)",Prevotella,0,927
"(183.7922077922078, 1638.7077922077922)",TM7,0,928
"(182.1875, 1822.1785714285713)",Fusobacterium,0,929
"(183.88793103448276, 1850.8706896551723)",Treponema,0,930
"(182.8168498168498, 1555.6776556776556)",Rothia,0,932
"(181.47457627118644, 1760.5762711864406)",Treponema,0,933
"(185.0810810810811, 238.83783783783784)",Capnocytophaga,0,934
"(183.0879120879121, 270.54945054945057)",Prevotella,0,935
"(189.3265306122449, 465.2959183673469)",Veillonella,0,936
"(182.4, 503.4315789473684)",Streptococcus,0,937
"(188.28758169934642, 605.3660130718954)",Fusobacterium,0,938
"(184.6153846153846, 875.1538461538462)",Pasteurellaceae,0,939
"(185.59493670886076, 964.9113924050633)",Lautropia,0,940
"(184.7280701754386, 1159.9649122807018)",Porphyromonas,0,941
"(182.18072289156626, 1834.433734939759)",Veillonella,0,943
"(185.6605504587156, 830.3577981651376)",Fusobacterium,0,944
"(182.85555555555555, 858.8888888888889)",TM7,0,945
"(187.04310344827587, 918.3275862068965)",Leptotrichia,0,946
"(185.22522522522522, 1732.882882882883)",Fusobacterium,0,947
"(183.10294117647058, 1804.75)",Pasteurellaceae,0,948
"(183.98245614035088, 620.0701754385965)",Neisseriaceae,0,949
"(184.19117647058823, 1313.1323529411766)",Treponema,0,950
"(192.75379939209728, 1572.1884498480242)",Fusobacterium,0,951
"(184.77027027027026, 1619.9864864864865)",Capnocytophaga,0,952
"(188.3587786259542, 1297.8473282442749)",Streptococcus,0,953
"(186.04597701149424, 1520.5172413793102)",Streptococcus,0,955
"(187.65986394557822, 937.5918367346939)",Lautropia,0,957
"(190.21226415094338, 1177.4056603773586)",Streptococcus,0,958
"(185.42028985507247, 1396.9130434782608)",Streptococcus,0,959
"(186.68, 1592.5)",Streptococcus,0,960
"(186.7325581395349, 435.75581395348837)",Lautropia,0,961
"(187.80459770114942, 717.7931034482758)",Corynebacterium,0,963
"(187.82608695652175, 1221.9478260869564)",Gemella,0,964
"(189.991452991453, 1248.6752136752136)",Lautropia,0,965
"(190.08653846153845, 1337.4134615384614)",Fusobacterium,0,966
"(187.41176470588235, 1670.4117647058824)",Veillonella,0,967
"(185.64285714285714, 1692.4642857142858)",Treponema,0,968
"(190.1881188118812, 1749.970297029703)",Treponema,0,969
"(188.86915887850466, 1905.1869158878505)",Streptococcus,0,970
"(188.73493975903614, 411.3975903614458)",Fusobacterium,0,971
"(189.38679245283018, 648.5377358490566)",Leptotrichia,0,972
"(196.15625, 746.9166666666666)",Neisseriaceae,0,973
"(188.38028169014083, 1379.4647887323943)",Lautropia,0,974
"(189.41975308641975, 693.679012345679)",Leptotrichia,0,977
"(189.5, 1878.7368421052631)",Streptococcus,0,978
"(189.046875, 535.484375)",Porphyromonas,0,979
"(193.34453781512605, 1794.5546218487395)",Pasteurellaceae,0,981
"(195.4, 1960.7151515151515)",Capnocytophaga,0,982
"(192.42222222222222, 481.76296296296294)",Corynebacterium,0,983
"(190.98387096774192, 770.5967741935484)",Gemella,0,984
"(194.5655737704918, 795.483606557377)",TM7,0,985
"(192.55339805825244, 897.8155339805825)",TM7,0,986
"(191.3186813186813, 1102.4615384615386)",Lautropia,0,987
"(191.59420289855072, 1508.1739130434783)",Gemella,0,988
"(193.5, 1721.5)",Treponema,0,989
"(191.14864864864865, 1776.837837837838)",Capnocytophaga,0,990
"(197.50704225352112, 257.00469483568077)",Streptococcus,0,992
"(196.41052631578947, 397.46315789473687)",Treponema,0,993
"(198.13223140495867, 424.40495867768595)",Leptotrichia,0,994
"(193.30985915492957, 447.38028169014086)",TM7,0,995
"(192.33333333333334, 586.9139784946236)",Actinomyces,0,996
"(199.9805194805195, 819.3668831168832)",Rothia,0,997
"(194.16363636363636, 979.1363636363636)",Streptococcus,0,998
"(195.31632653061226, 1234.4183673469388)",Fusobacterium,0,999
"(202.03149606299212, 545.3543307086615)",Streptococcus,0,1000
"(193.672131147541, 869.4262295081967)",Veillonella,0,1002
"(192.3684210526316, 954.1578947368421)",Fusobacterium,0,1003
"(193.92631578947368, 1363.0947368421052)",Rothia,0,1004
"(193.1231884057971, 1542.5217391304348)",TM7,0,1006
"(192.875, 1709.140625)",Treponema,0,1007
"(192.76923076923077, 1813.1384615384616)",Lautropia,0,1008
"(196.67883211678833, 519.7299270072992)",Streptococcus,0,1009
"(198.01324503311258, 843.3907284768212)",Gemella,0,1010
"(194.1095890410959, 1265.8013698630136)",Lautropia,0,1011
"(195.33333333333334, 1426.2222222222222)",Rothia,0,1012
"(194.15384615384616, 1660.0865384615386)",Treponema,0,1013
"(197.76433121019107, 1973.7579617834394)",Selenomonas,0,1015
"(196.171875, 776.671875)",Selenomonas,0,1016
"(194.47761194029852, 1477.4179104477612)",Actinomyces,0,1017
"(201.37158469945356, 1554.0382513661202)",Fusobacterium,0,1018
"(200.80180180180182, 880.5405405405405)",Prevotella,0,1019
"(198.71523178807948, 1604.0331125827815)",Fusobacterium,0,1020
"(197.33333333333334, 1680.5396825396826)",Gemella,0,1021
"(197.6829268292683, 277.1707317073171)",Lautropia,0,1022
"(197.8440366972477, 857.7155963302753)",Fusobacterium,0,1023
"(196.1237113402062, 1122.958762886598)",Streptococcus,0,1024
"(196.9313725490196, 1203.5196078431372)",Corynebacterium,0,1025
"(197.7012987012987, 1844.2077922077922)",Pasteurellaceae,0,1026
"(198.33333333333334, 567.8924731182796)",Rothia,0,1027
"(197.83050847457628, 622.1694915254237)",Fusobacterium,0,1028
"(198.39743589743588, 637.9487179487179)",Leptotrichia,0,1029
"(199.14953271028037, 1153.8691588785048)",Streptococcus,0,1030
"(199.40243902439025, 1317.1097560975609)",Lautropia,0,1031
"(201.375, 1645.4545454545455)",TM7,0,1032
"(202.34259259259258, 1860.712962962963)",Leptotrichia,0,1033
"(199.33333333333334, 1919.9855072463768)",Leptotrichia,0,1034
"(199.34545454545454, 665.290909090909)",TM7,0,1036
"(202.91071428571428, 1349.8035714285713)",TM7,0,1037
"(201.88188976377953, 1630.0629921259842)",Pasteurellaceae,0,1039
"(200.2, 1695.235294117647)",Leptotrichia,0,1040
"(200.43939393939394, 1829.878787878788)",Fusobacterium,0,1041
"(203.25471698113208, 677.3018867924528)",Campylobacter,0,1042
"(201.1206896551724, 732.6551724137931)",Corynebacterium,0,1043
"(201.46835443037975, 1007.6582278481013)",Rothia,0,1044
"(202.0, 1285.7894736842106)",Actinomyces,0,1046
"(200.55, 1523.0625)",Streptococcus,0,1047
"(205.3955223880597, 649.8358208955224)",Neisseriaceae,0,1049
"(201.6629213483146, 1388.1685393258426)",Selenomonas,0,1050
"(205.25, 1566.4761904761904)",Fusobacterium,0,1051
"(202.2206896551724, 1878.3862068965518)",Streptococcus,0,1052
"(203.95495495495496, 719.9459459459459)",Treponema,0,1053
"(202.2054794520548, 1413.5205479452054)",TM7,0,1055
"(202.67567567567568, 1785.3648648648648)",Actinomyces,0,1056
"(202.7962962962963, 455.3333333333333)",Capnocytophaga,0,1058
"(204.5909090909091, 1445.709090909091)",TM7,0,1059
"(203.4923076923077, 691.2153846153847)",TM7,0,1060
"(203.96774193548387, 1468.0)",Actinomyces,0,1061
"(204.23333333333332, 1505.2222222222222)",Pasteurellaceae,0,1062
"(208.49074074074073, 1770.6944444444443)",Veillonella,0,1064
"(205.6627906976744, 1904.0116279069769)",Gemella,0,1065
"(205.61176470588236, 1946.0823529411764)",Treponema,0,1066
"(205.76712328767124, 598.1232876712329)",Leptotrichia,0,1067
"(207.58426966292134, 612.2134831460675)",Treponema,0,1068
"(207.3, 994.4)",Capnocytophaga,0,1070
"(204.6451612903226, 1180.0430107526881)",Campylobacter,0,1071
"(211.26415094339623, 1593.1949685534591)",Treponema,0,1072
"(218.7155172413793, 494.9008620689655)",Selenomonas,0,1074
"(210.5851851851852, 802.4666666666667)",Rothia,0,1075
"(206.10752688172042, 1113.1075268817203)",Lautropia,0,1076
"(206.40449438202248, 1729.6179775280898)",Capnocytophaga,0,1077
"(208.04854368932038, 228.20388349514562)",TM7,0,1078
"(210.3090909090909, 1032.2818181818182)",Rothia,0,1079
"(208.36521739130436, 1240.4347826086957)",Fusobacterium,0,1080
"(209.0818181818182, 1372.9545454545455)",Leptotrichia,0,1081
"(210.42331288343559, 1668.8834355828221)",Treponema,0,1082
"(208.80357142857142, 571.2142857142857)",Prevotella,0,1084
"(208.0151515151515, 582.4545454545455)",Pasteurellaceae,0,1085
"(211.22619047619048, 661.6309523809524)",Pasteurellaceae,0,1086
"(207.88888888888889, 1225.079365079365)",TM7,0,1087
"(210.19565217391303, 1334.6195652173913)",Rothia,0,1088
"(210.10434782608695, 1484.4173913043478)",TM7,0,1089
"(207.12280701754386, 1536.6315789473683)",Gemella,0,1090
"(209.83185840707964, 1986.7345132743362)",Lautropia,0,1092
"(210.23809523809524, 243.47619047619048)",Lautropia,0,1093
"(211.21238938053096, 411.3362831858407)",Leptotrichia,0,1094
"(212.12173913043478, 769.304347826087)",TM7,0,1095
"(210.02564102564102, 1192.551282051282)",Rothia,0,1096
"(214.8828125, 475.4765625)",TM7,0,1097
"(210.30769230769232, 1526.871794871795)",Streptococcus,0,1101
"(209.45, 1839.66)",Capnocytophaga,0,1102
"(212.49473684210525, 284.34736842105264)",Streptococcus,0,1103
"(212.69230769230768, 697.5384615384615)",Leptotrichia,0,1104
"(211.41717791411043, 1428.0245398773006)",TM7,0,1107
"(212.06451612903226, 1462.758064516129)",Streptococcus,0,1108
"(213.2987012987013, 396.7922077922078)",TM7,0,1109
"(214.2872340425532, 1166.095744680851)",Streptococcus,0,1111
"(213.95959595959596, 1325.4040404040404)",Prevotella,0,1112
"(214.1818181818182, 1614.939393939394)",Lautropia,0,1113
"(218.15962441314554, 1752.8967136150234)",Pasteurellaceae,0,1114
"(211.54237288135593, 1896.1186440677966)",Lautropia,0,1116
"(215.2016806722689, 264.15966386554624)",Streptococcus,0,1117
"(212.08, 527.22)",Streptococcus,0,1118
"(218.7983193277311, 557.0336134453781)",Leptotrichia,0,1119
"(213.94285714285715, 631.3571428571429)",Veillonella,0,1120
"(214.99115044247787, 1266.0619469026549)",Lautropia,0,1122
"(212.25, 1650.9615384615386)",Campylobacter,0,1123
"(215.8391959798995, 441.62311557788945)",Treponema,0,1124
"(219.58450704225353, 1391.5774647887324)",Gemella,0,1126
"(215.7074829931973, 1714.2244897959183)",Corynebacterium,0,1127
"(215.7875, 1692.6875)",Treponema,0,1128
"(217.02173913043478, 1963.695652173913)",Veillonella,0,1129
"(216.91860465116278, 713.2325581395348)",Capnocytophaga,0,1130
"(215.55172413793105, 751.448275862069)",Porphyromonas,0,1131
"(222.29032258064515, 837.8629032258065)",Rothia,0,1132
"(221.26241134751774, 853.418439716312)",Streptococcus,0,1133
"(216.43589743589743, 1216.4615384615386)",TM7,0,1134
"(215.56, 1927.08)",Streptococcus,0,1135
"(221.15075376884423, 870.1608040201005)",Streptococcus,0,1136
"(217.289156626506, 1282.5060240963855)",Fusobacterium,0,1137
"(216.66666666666666, 1788.3333333333333)",Corynebacterium,0,1138
"(219.35416666666666, 1826.3541666666667)",Corynebacterium,0,1139
"(222.49375, 594.0)",Lautropia,0,1140
"(221.16822429906543, 618.7476635514018)",TM7,0,1141
"(218.96226415094338, 1049.6132075471698)",Treponema,0,1142
"(219.51470588235293, 1121.8529411764705)",Lautropia,0,1143
"(219.36904761904762, 1308.1130952380952)",Fusobacterium,0,1144
"(217.7258064516129, 1496.741935483871)",Capnocytophaga,0,1145
"(220.81521739130434, 1806.6847826086957)",Gemella,0,1146
"(226.36633663366337, 740.7970297029703)",Actinomyces,0,1148
"(220.07407407407408, 1139.2037037037037)",Rothia,0,1149
"(222.23756906077347, 1542.8011049723757)",Gemella,0,1151
"(221.2972972972973, 1876.2792792792793)",Selenomonas,0,1152
"(219.6056338028169, 1910.225352112676)",Treponema,0,1153
"(221.32432432432432, 510.7477477477477)",TM7,0,1155
"(222.02564102564102, 673.6538461538462)",Capnocytophaga,0,1156
"(219.94736842105263, 813.0131578947369)",Rothia,0,1157
"(225.14285714285714, 1162.0)",Gemella,0,1158
"(220.5, 1347.9264705882354)",Leptotrichia,0,1159
"(220.35714285714286, 1253.3392857142858)",Rothia,0,1161
"(224.17808219178082, 1575.3561643835617)",Rothia,0,1162
"(222.09411764705882, 1730.5764705882352)",TM7,0,1163
"(220.8953488372093, 1944.2209302325582)",Streptococcus,0,1164
"(221.35384615384615, 1019.3230769230769)",TM7,0,1165
"(221.4923076923077, 1181.246153846154)",Gemella,0,1166
"(229.93055555555554, 1471.5694444444443)",Rothia,0,1167
"(227.72592592592594, 1559.1925925925925)",Capnocytophaga,0,1168
"(224.85882352941175, 1632.0176470588235)",Rothia,0,1169
"(222.77777777777777, 1976.8194444444443)",TM7,0,1170
"(223.52293577981652, 1196.366972477064)",Lautropia,0,1173
"(230.57512953367876, 1361.7357512953367)",TM7,0,1174
"(224.02666666666667, 1649.7866666666666)",Fusobacterium,0,1176
"(228.72602739726028, 427.04794520547944)",Rothia,0,1177
"(225.5810810810811, 454.05405405405406)",Leptotrichia,0,1178
"(228.47727272727272, 529.3484848484849)",Actinomyces,0,1179
"(222.6451612903226, 575.4193548387096)",Treponema,0,1180
"(226.86725663716814, 824.3893805309734)",TM7,0,1181
"(225.44144144144144, 1233.0)",Lautropia,0,1182
"(226.25899280575538, 1452.36690647482)",Leptotrichia,0,1183
"(222.8923076923077, 1526.5846153846153)",Treponema,0,1184
"(225.25, 1682.6145833333333)",Corynebacterium,0,1185
"(228.97333333333333, 1843.7533333333333)",Leptotrichia,0,1186
"(230.69306930693068, 646.5990099009902)",TM7,0,1187
"(227.43382352941177, 781.3897058823529)",Treponema,0,1188
"(227.75247524752476, 1993.6633663366338)",Veillonella,0,1189
"(225.49295774647888, 285.32394366197184)",Leptotrichia,0,1190
"(227.47222222222223, 1040.763888888889)",Streptococcus,0,1191
"(226.0943396226415, 1293.2830188679245)",TM7,0,1192
"(241.30935251798562, 1703.5323741007194)",TM7,0,1193
"(231.5032258064516, 1774.5483870967741)",Capnocytophaga,0,1194
"(227.18840579710144, 1795.8985507246377)",Fusobacterium,0,1195
"(235.33004926108376, 1893.1674876847292)",Neisseriaceae,0,1196
"(228.6883116883117, 544.922077922078)",Fusobacterium,0,1198
"(231.136, 664.048)",Neisseriaceae,0,1199
"(226.37142857142857, 698.1714285714286)",Leptotrichia,0,1200
"(227.90816326530611, 727.234693877551)",Corynebacterium,0,1201
"(234.2325581395349, 884.2732558139535)",Streptococcus,0,1202
"(227.64406779661016, 1210.2372881355932)",Lautropia,0,1203
"(230.2235294117647, 1401.8588235294117)",Lautropia,0,1204
"(230.59375, 1415.1354166666667)",Fusobacterium,0,1205
"(227.44776119402985, 1504.2537313432836)",Fusobacterium,0,1206
"(228.27692307692308, 686.1692307692308)",Treponema,0,1207
"(228.55405405405406, 1428.2972972972973)",Capnocytophaga,0,1208
"(227.46376811594203, 1927.1014492753623)",Streptococcus,0,1209
"(229.0185185185185, 562.5185185185185)",Treponema,0,1210
"(234.23611111111111, 1082.3055555555557)",Streptococcus,0,1211
"(230.08536585365854, 1328.8658536585365)",Lautropia,0,1212
"(234.91538461538462, 1385.2384615384615)",Lautropia,0,1213
"(231.9848484848485, 1856.3030303030303)",Streptococcus,0,1214
"(230.76699029126215, 1065.1359223300972)",Veillonella,0,1216
"(230.51666666666668, 1337.7166666666667)",TM7,0,1217
"(237.11724137931034, 1588.2)",Capnocytophaga,0,1218
"(231.06172839506172, 1665.8641975308642)",Pasteurellaceae,0,1219
"(231.8, 1816.6)",Streptococcus,0,1220
"(231.94117647058823, 392.0147058823529)",Treponema,0,1221
"(232.53968253968253, 761.8571428571429)",Treponema,0,1222
"(230.90740740740742, 1132.0555555555557)",TM7,0,1223
"(231.77333333333334, 108.34666666666666)",Treponema,0,1224
"(234.05825242718447, 466.3883495145631)",Rothia,0,1225
"(235.49333333333334, 1017.82)",TM7,0,1226
"(232.26923076923077, 1486.9807692307693)",Lautropia,0,1227
"(231.43478260869566, 1757.2934782608695)",Treponema,0,1228
"(233.0, 606.2857142857143)",Capnocytophaga,0,1229
"(233.89156626506025, 811.2289156626506)",Prevotella,0,1230
"(232.70689655172413, 1600.2068965517242)",Fusobacterium,0,1231
"(234.1979695431472, 1949.3045685279187)",Streptococcus,0,1232
"(234.3815789473684, 794.4473684210526)",Lautropia,0,1233
"(233.61194029850745, 1144.5373134328358)",Fusobacterium,0,1234
"(237.61333333333334, 1187.808888888889)",Treponema,0,1235
"(233.78787878787878, 1248.5353535353536)",Lautropia,0,1236
"(234.14102564102564, 1911.576923076923)",Treponema,0,1238
"(238.90076335877862, 1220.8702290076335)",Prevotella,0,1240
"(239.8695652173913, 1512.4037267080746)",TM7,0,1241
"(240.56024096385542, 1981.2409638554218)",Selenomonas,0,1242
"(237.95402298850576, 146.51724137931035)",Selenomonas,0,1243
"(237.12605042016807, 576.9495798319327)",Treponema,0,1244
"(237.41935483870967, 848.6451612903226)",Streptococcus,0,1245
"(236.32835820895522, 1715.044776119403)",Pasteurellaceae,0,1246
"(236.70666666666668, 288.94666666666666)",Streptococcus,0,1247
"(236.58823529411765, 481.6470588235294)",Veillonella,0,1248
"(238.71844660194174, 710.5631067961165)",Leptotrichia,0,1249
"(237.44, 1286.0133333333333)",TM7,0,1251
"(238.36764705882354, 407.20588235294116)",Leptotrichia,0,1254
"(238.36363636363637, 865.9545454545455)",Leptotrichia,0,1255
"(238.0, 1043.1616161616162)",Streptococcus,0,1256
"(238.33333333333334, 1300.1333333333334)",Prevotella,0,1257
"(238.53191489361703, 1316.9787234042553)",Lautropia,0,1258
"(238.06410256410257, 1542.1025641025642)",Veillonella,0,1259
"(241.74074074074073, 1654.0962962962963)",Fusobacterium,0,1260
"(239.61052631578949, 1876.3578947368421)",Treponema,0,1261
"(241.27826086956523, 81.54782608695652)",Capnocytophaga,0,1262
"(244.21100917431193, 513.2477064220184)",TM7,0,1263
"(238.56521739130434, 695.8695652173913)",Actinomyces,0,1264
"(240.14772727272728, 1268.6818181818182)",Streptococcus,0,1265
"(245.4126984126984, 723.7063492063492)",Prevotella,0,1266
"(241.11881188118812, 998.6732673267327)",Fusobacterium,0,1267
"(239.859649122807, 1496.3859649122808)",Lautropia,0,1268
"(242.25, 1801.351851851852)",Corynebacterium,0,1269
"(242.11267605633802, 378.51408450704224)",Streptococcus,0,1270
"(243.3835616438356, 767.3013698630137)",Streptococcus,0,1271
"(245.50485436893203, 1033.9126213592233)",Leptotrichia,0,1272
"(245.5304347826087, 1148.7565217391304)",Capnocytophaga,0,1274
"(242.7, 1829.1875)",Pasteurellaceae,0,1275
"(247.4718309859155, 96.66197183098592)",Capnocytophaga,0,1276
"(242.08, 435.42)",Capnocytophaga,0,1277
"(242.50515463917526, 595.0309278350516)",Rothia,0,1278
"(246.825, 750.9)",Rothia,0,1279
"(241.83333333333334, 1557.8703703703704)",Fusobacterium,0,1280
"(242.74257425742573, 1635.2376237623762)",Capnocytophaga,0,1281
"(249.7157894736842, 1728.2157894736843)",Rothia,0,1282
"(243.26315789473685, 539.0)",Gemella,0,1285
"(251.8372093023256, 557.6)",Veillonella,0,1286
"(244.6060606060606, 566.2272727272727)",Treponema,0,1287
"(245.7265625, 833.1875)",Rothia,0,1288
"(244.87301587301587, 1237.8412698412699)",TM7,0,1289
"(242.78378378378378, 1342.3648648648648)",TM7,0,1290
"(243.63529411764705, 1456.0)",Treponema,0,1291
"(242.72368421052633, 1745.7763157894738)",Veillonella,0,1292
"(244.71052631578948, 1777.907894736842)",Campylobacter,0,1293
"(246.18627450980392, 159.59803921568627)",Capnocytophaga,0,1294
"(246.85833333333332, 817.1416666666667)",Fusobacterium,0,1295
"(243.51724137931035, 1423.1206896551723)",Capnocytophaga,0,1296
"(242.74285714285713, 1524.7)",Rothia,0,1297
"(244.92537313432837, 1608.0149253731342)",Selenomonas,0,1298
"(251.44210526315788, 1958.9526315789474)",Leptotrichia,0,1299
"(245.64285714285714, 113.625)",Capnocytophaga,0,1300
"(247.13725490196077, 414.3333333333333)",Leptotrichia,0,1301
"(244.13432835820896, 495.3731343283582)",TM7,0,1303
"(244.51785714285714, 615.9642857142857)",Veillonella,0,1304
"(245.58823529411765, 1059.7205882352941)",Treponema,0,1306
"(245.327868852459, 1251.6065573770493)",Lautropia,0,1307
"(247.0737704918033, 1573.2459016393443)",Fusobacterium,0,1308
"(246.09859154929578, 1620.1971830985915)",Rothia,0,1309
"(245.88732394366198, 1905.338028169014)",Rothia,0,1310
"(248.26050420168067, 473.85714285714283)",Gemella,0,1311
"(250.38235294117646, 679.6764705882352)",Actinomyces,0,1313
"(250.52631578947367, 1162.2697368421052)",Pasteurellaceae,0,1315
"(251.3840579710145, 1690.8840579710145)",Veillonella,0,1316
"(247.64935064935065, 394.8831168831169)",Capnocytophaga,0,1317
"(246.2, 657.8555555555556)",Fusobacterium,0,1319
"(247.22972972972974, 968.8918918918919)",TM7,0,1320
"(248.41104294478527, 1439.6625766871166)",Gemella,0,1321
"(252.13671875, 1851.72265625)",Streptococcus,0,1322
"(247.8, 1177.8923076923077)",Veillonella,0,1324
"(254.63181818181818, 1378.9318181818182)",Lautropia,0,1325
"(252.54320987654322, 1403.5123456790122)",Lautropia,0,1326
"(249.28703703703704, 1760.1296296296296)",Fusobacterium,0,1327
"(257.15686274509807, 853.0718954248366)",Streptococcus,0,1328
"(249.9016393442623, 861.0)",Porphyromonas,0,1329
"(253.35833333333332, 1129.6166666666666)",Treponema,0,1330
"(252.24683544303798, 1199.5759493670887)",Leptotrichia,0,1331
"(248.94642857142858, 1416.607142857143)",Prevotella,0,1333
"(249.43037974683546, 1941.1012658227849)",Selenomonas,0,1334
"(250.9217391304348, 633.4173913043478)",Leptotrichia,0,1336
"(251.7, 871.7714285714286)",Porphyromonas,0,1337
"(256.3695652173913, 985.4565217391304)",Streptococcus,0,1338
"(253.48888888888888, 1098.3066666666666)",Streptococcus,0,1339
"(251.50632911392404, 361.53164556962025)",Rothia,0,1340
"(254.48979591836735, 520.2142857142857)",TM7,0,1341
"(253.23214285714286, 886.2083333333334)",Streptococcus,0,1342
"(252.63513513513513, 900.2297297297297)",Pasteurellaceae,0,1343
"(250.76470588235293, 1309.3823529411766)",Lautropia,0,1344
"(251.42105263157896, 1665.1052631578948)",Selenomonas,0,1345
"(255.7570093457944, 1787.766355140187)",Fusobacterium,0,1346
"(251.55555555555554, 1819.3333333333333)",Corynebacterium,0,1347
"(252.078125, 1868.5)",Campylobacter,0,1348
"(251.954128440367, 1918.2385321100917)",Pasteurellaceae,0,1349
"(253.3452380952381, 74.95238095238095)",Capnocytophaga,0,1350
"(251.98387096774192, 141.82258064516128)",Capnocytophaga,0,1351
"(251.6341463414634, 347.780487804878)",Capnocytophaga,0,1352
"(251.80208333333334, 1536.4479166666667)",TM7,0,1353
"(257.40425531914894, 508.28723404255317)",TM7,0,1355
"(252.56302521008402, 700.5042016806723)",Capnocytophaga,0,1356
"(254.93457943925233, 952.7196261682243)",TM7,0,1357
"(253.5483870967742, 1011.6774193548387)",Veillonella,0,1358
"(254.6530612244898, 1074.8979591836735)",Capnocytophaga,0,1359
"(262.9935897435897, 1282.3878205128206)",Streptococcus,0,1360
"(256.2108108108108, 1470.172972972973)",Streptococcus,0,1361
"(254.82666666666665, 251.69333333333333)",Streptococcus,0,1362
"(254.18666666666667, 911.2133333333334)",Treponema,0,1364
"(253.9620253164557, 1046.1898734177216)",Leptotrichia,0,1365
"(252.66666666666666, 1348.235294117647)",Lautropia,0,1366
"(255.0, 1555.2197802197802)",Capnocytophaga,0,1367
"(255.96116504854368, 1599.0970873786407)",Rothia,0,1368
"(254.53086419753086, 1801.9753086419753)",Corynebacterium,0,1369
"(257.5691056910569, 282.6178861788618)",Streptococcus,0,1370
"(280.61511423550087, 314.1634446397188)",Streptococcus,0,1374
"(258.0537634408602, 998.6774193548387)",Leptotrichia,0,1376
"(255.265625, 1494.484375)",Prevotella,0,1377
"(259.64772727272725, 1523.0511363636363)",Fusobacterium,0,1378
"(257.62626262626264, 1978.20202020202)",Campylobacter,0,1379
"(258.40625, 166.640625)",Capnocytophaga,0,1380
"(258.14736842105265, 377.6736842105263)",Lautropia,0,1381
"(259.9866666666667, 453.3066666666667)",TM7,0,1382
"(257.8679245283019, 486.79245283018867)",Treponema,0,1383
"(263.0121212121212, 534.9090909090909)",Streptococcus,0,1384
"(257.2352941176471, 602.9803921568628)",TM7,0,1385
"(259.88235294117646, 659.6684491978609)",Actinomyces,0,1386
"(258.1034482758621, 1025.7931034482758)",Pasteurellaceae,0,1387
"(259.7283950617284, 1226.9506172839506)",Rothia,0,1388
"(259.9516129032258, 1327.032258064516)",Leptotrichia,0,1389
"(263.03968253968253, 1642.5873015873017)",Fusobacterium,0,1390
"(259.2077922077922, 467.2077922077922)",Rothia,0,1391
"(260.2, 582.9125)",Fusobacterium,0,1392
"(266.4568527918782, 735.0710659898477)",Neisseriaceae,0,1393
"(258.88709677419354, 753.9354838709677)",Capnocytophaga,0,1394
"(260.0147058823529, 1218.9558823529412)",Fusobacterium,0,1395
"(262.42657342657344, 1243.7762237762238)",Fusobacterium,0,1396
"(266.09016393442624, 1305.5409836065573)",Leptotrichia,0,1397
"(263.21608040201005, 1579.2713567839196)",Treponema,0,1398
"(260.031007751938, 1745.2015503875969)",Treponema,0,1399
"(261.7758620689655, 1834.0689655172414)",Treponema,0,1401
"(262.0759493670886, 87.12658227848101)",Corynebacterium,0,1402
"(263.04430379746833, 119.18354430379746)",Capnocytophaga,0,1403
"(265.801652892562, 269.06611570247935)",Leptotrichia,0,1404
"(262.8, 416.3125)",Leptotrichia,0,1405
"(261.8, 928.5733333333334)",Leptotrichia,0,1407
"(263.8333333333333, 1349.3703703703704)",TM7,0,1408
"(263.43, 1878.67)",Treponema,0,1409
"(261.64935064935065, 351.8961038961039)",Rothia,0,1410
"(268.10362694300517, 441.7720207253886)",Capnocytophaga,0,1411
"(266.3658536585366, 811.560975609756)",Fusobacterium,0,1412
"(264.0967741935484, 966.5913978494624)",Prevotella,0,1413
"(265.6931818181818, 1044.8863636363637)",Treponema,0,1414
"(263.5632183908046, 1487.3103448275863)",TM7,0,1415
"(264.9758064516129, 1679.5806451612902)",Corynebacterium,0,1416
"(261.51724137931035, 1929.2931034482758)",TM7,0,1417
"(264.0, 394.10869565217394)",Prevotella,0,1420
"(264.1984126984127, 618.2936507936508)",Streptococcus,0,1421
"(262.859649122807, 1442.9473684210527)",TM7,0,1422
"(265.016, 1660.152)",Capnocytophaga,0,1423
"(262.79245283018867, 1777.3584905660377)",Fusobacterium,0,1424
"(264.6385542168675, 1805.44578313253)",TM7,0,1425
"(269.47231270358304, 866.7166123778502)",Treponema,0,1426
"(265.2896551724138, 1177.048275862069)",Fusobacterium,0,1427
"(263.9230769230769, 1456.576923076923)",Prevotella,0,1428
"(267.21890547263683, 1625.9502487562188)",Capnocytophaga,0,1430
"(263.54285714285714, 1892.8761904761905)",Treponema,0,1432
"(267.8490566037736, 178.87735849056602)",Rothia,0,1433
"(264.2808988764045, 1145.6179775280898)",Prevotella,0,1434
"(266.12345679012344, 1191.2222222222222)",Rothia,0,1435
"(266.70588235294116, 1210.2156862745098)",TM7,0,1436
"(266.22522522522524, 1762.7027027027027)",Selenomonas,0,1437
"(266.6388888888889, 70.97222222222223)",Selenomonas,0,1438
"(268.59493670886076, 496.82278481012656)",Lautropia,0,1439
"(268.5979381443299, 635.4123711340206)",Leptotrichia,0,1440
"(267.2608695652174, 1016.8405797101449)",Rothia,0,1441
"(269.3734939759036, 103.25301204819277)",Fusobacterium,0,1443
"(267.0508474576271, 148.32203389830508)",Capnocytophaga,0,1444
"(270.0076923076923, 371.9307692307692)",Treponema,0,1445
"(266.7448979591837, 708.6836734693877)",Capnocytophaga,0,1446
"(266.4769230769231, 841.5692307692308)",Rothia,0,1447
"(268.6388888888889, 944.0)",Rothia,0,1448
"(268.2583333333333, 1115.95)",Lautropia,0,1449
"(269.5, 1157.5416666666667)",TM7,0,1450
"(271.8888888888889, 1498.5555555555557)",TM7,0,1451
"(266.9375, 1917.65625)",Treponema,0,1452
"(268.7027027027027, 553.6621621621622)",Treponema,0,1453
"(269.75728155339806, 1133.6601941747572)",TM7,0,1454
"(271.87179487179486, 1717.7371794871794)",Corynebacterium,0,1455
"(269.3809523809524, 594.5)",Leptotrichia,0,1456
"(271.1442307692308, 667.0096153846154)",Neisseriaceae,0,1457
"(269.1714285714286, 683.3285714285714)",Actinomyces,0,1458
"(270.7956989247312, 755.9354838709677)",Corynebacterium,0,1459
"(269.546875, 769.84375)",Rothia,0,1460
"(274.89473684210526, 911.2392344497607)",Streptococcus,0,1461
"(269.45714285714286, 1431.7142857142858)",Prevotella,0,1462
"(269.75, 1844.6176470588234)",Streptococcus,0,1463
"(274.6904761904762, 252.35119047619048)",Streptococcus,0,1464
"(274.75206611570246, 349.1818181818182)",Corynebacterium,0,1465
"(270.8030303030303, 786.1969696969697)",Streptococcus,0,1466
"(272.01785714285717, 892.1696428571429)",Prevotella,0,1467
"(272.52542372881356, 1067.446327683616)",Capnocytophaga,0,1468
"(274.4824561403509, 1099.6052631578948)",Prevotella,0,1469
"(271.3544303797468, 1787.7974683544303)",Selenomonas,0,1470
"(273.1666666666667, 1966.438596491228)",Selenomonas,0,1471
"(272.584, 483.872)",Streptococcus,0,1472
"(277.7357723577236, 1393.4674796747968)",Rothia,0,1473
"(273.00970873786406, 1412.5922330097087)",Prevotella,0,1474
"(270.2352941176471, 1598.235294117647)",Lautropia,0,1475
"(271.6862745098039, 1695.7843137254902)",TM7,0,1476
"(273.05128205128204, 1821.2179487179487)",Streptococcus,0,1477
"(275.9484536082474, 162.7422680412371)",Lautropia,0,1478
"(271.22222222222223, 1372.047619047619)",Fusobacterium,0,1479
"(277.5165562913907, 1512.7417218543046)",Treponema,0,1480
"(273.7980769230769, 1559.7403846153845)",Selenomonas,0,1481
"(271.84615384615387, 1946.9538461538461)",Capnocytophaga,0,1482
"(273.58620689655174, 194.98275862068965)",Corynebacterium,0,1483
"(278.1328125, 699.640625)",Streptococcus,0,1484
"(274.735632183908, 994.6551724137931)",Rothia,0,1485
"(273.6666666666667, 1266.0666666666666)",Actinomyces,0,1486
"(273.5, 1733.857142857143)",Pasteurellaceae,0,1487
"(273.63513513513516, 1898.5135135135135)",Gemella,0,1488
"(279.1111111111111, 407.9074074074074)",Streptococcus,0,1489
"(274.09090909090907, 1458.6022727272727)",Fusobacterium,0,1492
"(274.5813953488372, 1611.093023255814)",Pasteurellaceae,0,1493
"(279.18333333333334, 1985.175)",Treponema,0,1494
"(276.07070707070704, 517.3131313131313)",Capnocytophaga,0,1495
"(275.5233644859813, 722.7943925233645)",Streptococcus,0,1496
"(275.2054794520548, 1010.7945205479452)",Rothia,0,1497
"(276.4415584415584, 1028.090909090909)",Veillonella,0,1498
"(278.39285714285717, 1365.1190476190477)",Lautropia,0,1499
"(277.7890625, 1478.71875)",Treponema,0,1500
"(274.95522388059703, 1546.3880597014925)",TM7,0,1501
"(275.06493506493507, 1860.7402597402597)",Treponema,0,1502
"(277.57142857142856, 132.91836734693877)",Rothia,0,1503
"(280.9025641025641, 540.4871794871794)",Streptococcus,0,1504
"(276.3975903614458, 572.5542168674699)",TM7,0,1505
"(282.1929824561403, 655.1461988304094)",Leptotrichia,0,1506
"(277.63, 975.85)",TM7,0,1508
"(278.3666666666667, 1197.65)",TM7,0,1509
"(278.5398773006135, 1240.601226993865)",Prevotella,0,1510
"(281.59375, 468.21875)",Leptotrichia,0,1511
"(278.8550724637681, 798.9710144927536)",Lautropia,0,1512
"(284.4731182795699, 1223.6344086021506)",Prevotella,0,1513
"(280.5980392156863, 1651.264705882353)",Fusobacterium,0,1514
"(278.1923076923077, 1773.7307692307693)",TM7,0,1515
"(286.6045197740113, 553.8305084745763)",Streptococcus,0,1518
"(277.76785714285717, 927.3928571428571)",Prevotella,0,1519
"(281.50925925925924, 958.3703703703703)",Prevotella,0,1520
"(287.07438016528926, 1128.1157024793388)",Rothia,0,1521
"(281.51612903225805, 1326.3333333333333)",Treponema,0,1522
"(278.4788732394366, 1345.6901408450703)",Fusobacterium,0,1523
"(279.4375, 1442.921875)",Leptotrichia,0,1524
"(277.75384615384615, 1757.0153846153846)",Capnocytophaga,0,1525
"(279.63235294117646, 220.83823529411765)",Prevotella,0,1527
"(280.12345679012344, 587.9012345679013)",TM7,0,1528
"(284.5581395348837, 844.7906976744187)",Prevotella,0,1529
"(279.73333333333335, 1049.3777777777777)",Fusobacterium,0,1530
"(288.621359223301, 1150.0970873786407)",TM7,0,1531
"(284.3231707317073, 1168.8170731707316)",Rothia,0,1532
"(289.8832891246684, 1271.4376657824935)",Streptococcus,0,1533
"(282.39823008849555, 1575.3362831858408)",Pasteurellaceae,0,1534
"(278.6, 1836.68)",Leptotrichia,0,1536
"(280.85714285714283, 1911.978021978022)",Streptococcus,0,1537
"(281.6601941747573, 745.8446601941747)",Corynebacterium,0,1538
"(281.3252032520325, 941.3333333333334)",Capnocytophaga,0,1539
"(282.6979166666667, 73.79166666666667)",Capnocytophaga,0,1540
"(282.1333333333333, 112.35833333333333)",Corynebacterium,0,1541
"(281.5970149253731, 819.6567164179105)",Capnocytophaga,0,1542
"(284.4173228346457, 1533.9370078740158)",Gemella,0,1543
"(282.6842105263158, 1681.5157894736842)",Corynebacterium,0,1544
"(281.752688172043, 1805.279569892473)",Pasteurellaceae,0,1545
"(282.0086206896552, 90.06896551724138)",Fusobacterium,0,1546
"(286.77862595419845, 626.2595419847328)",Streptococcus,0,1547
"(283.015625, 640.703125)",Leptotrichia,0,1548
"(282.82758620689657, 675.3908045977012)",Streptococcus,0,1549
"(282.5, 1210.3714285714286)",Fusobacterium,0,1550
"(284.6448598130841, 607.2803738317757)",Gemella,0,1551
"(285.037037037037, 873.4722222222222)",Prevotella,0,1552
"(285.43971631205676, 1083.3617021276596)",Prevotella,0,1553
"(284.47058823529414, 1311.4705882352941)",TM7,0,1554
"(284.53125, 1340.25)",Leptotrichia,0,1555
"(283.85714285714283, 1668.9285714285713)",Prevotella,0,1556
"(290.03921568627453, 1853.7320261437908)",Streptococcus,0,1557
"(288.3235294117647, 1885.105882352941)",Streptococcus,0,1558
"(283.6216216216216, 1923.945945945946)",Porphyromonas,0,1559
"(287.2583333333333, 449.06666666666666)",Fusobacterium,0,1560
"(287.07894736842104, 786.5421052631579)",Leptotrichia,0,1561
"(286.575, 1009.6625)",Rothia,0,1562
"(287.37931034482756, 430.77241379310345)",Corynebacterium,0,1565
"(287.0701754385965, 688.6754385964912)",Gemella,0,1566
"(291.9738219895288, 764.2513089005236)",Streptococcus,0,1567
"(292.5480769230769, 888.2115384615385)",Prevotella,0,1568
"(287.09090909090907, 1427.892561983471)",Leptotrichia,0,1570
"(287.57608695652175, 1496.2608695652175)",Fusobacterium,0,1571
"(288.5496183206107, 1740.0916030534352)",Corynebacterium,0,1572
"(293.7, 344.96666666666664)",Capnocytophaga,0,1573
"(287.1276595744681, 361.20212765957444)",TM7,0,1574
"(288.6515151515151, 1379.2348484848485)",Treponema,0,1575
"(286.22340425531917, 1626.212765957447)",TM7,0,1576
"(287.2278481012658, 497.746835443038)",Prevotella,0,1577
"(291.6390532544379, 1458.8520710059172)",Lautropia,0,1578
"(288.6990291262136, 1593.126213592233)",Corynebacterium,0,1579
"(286.44642857142856, 1609.2857142857142)",TM7,0,1580
"(289.3503184713376, 1788.7261146496814)",Selenomonas,0,1581
"(287.9512195121951, 1560.1829268292684)",TM7,0,1582
"(288.60227272727275, 1696.5113636363637)",Treponema,0,1583
"(289.6969696969697, 1724.9242424242425)",Porphyromonas,0,1584
"(288.5774647887324, 1958.2394366197184)",Corynebacterium,0,1585
"(292.4175824175824, 193.45604395604394)",Fusobacterium,0,1586
"(295.2931034482759, 561.9022988505748)",Leptotrichia,0,1587
"(295.0149253731343, 917.8283582089553)",Streptococcus,0,1588
"(288.5357142857143, 1102.5714285714287)",Rothia,0,1589
"(294.421686746988, 1298.421686746988)",Veillonella,0,1590
"(290.65346534653463, 1835.851485148515)",Leptotrichia,0,1592
"(291.89473684210526, 167.76315789473685)",TM7,0,1593
"(292.6574074074074, 389.25925925925924)",TM7,0,1594
"(290.2054794520548, 1192.6986301369864)",TM7,0,1595
"(290.0375, 1763.3375)",Veillonella,0,1597
"(289.4230769230769, 1916.076923076923)",Streptococcus,0,1598
"(289.8235294117647, 1937.0735294117646)",Neisseriaceae,0,1599
"(293.1547619047619, 149.89285714285714)",Rothia,0,1600
"(296.10215053763443, 241.73655913978496)",Leptotrichia,0,1601
"(292.8067226890756, 527.5378151260504)",TM7,0,1602
"(293.9423076923077, 811.6153846153846)",Prevotella,0,1603
"(291.4909090909091, 828.290909090909)",TM7,0,1604
"(292.86516853932585, 1064.112359550562)",TM7,0,1605
"(295.75454545454545, 1638.7181818181818)",Rothia,0,1607
"(291.64285714285717, 136.7)",Fusobacterium,0,1609
"(297.86384976525824, 413.4366197183099)",Leptotrichia,0,1610
"(295.48201438848923, 591.7697841726618)",Prevotella,0,1611
"(293.9923076923077, 724.2)",Pasteurellaceae,0,1612
"(292.8, 1475.8727272727272)",Lautropia,0,1613
"(299.40909090909093, 481.78977272727275)",Gemella,0,1614
"(296.29896907216494, 1870.9484536082475)",Streptococcus,0,1615
"(294.57943925233644, 218.58878504672896)",Capnocytophaga,0,1616
"(297.85915492957747, 464.61267605633805)",Treponema,0,1617
"(294.43333333333334, 512.6)",TM7,0,1618
"(294.6666666666667, 1326.8412698412699)",Fusobacterium,0,1619
"(299.65441176470586, 962.9852941176471)",Fusobacterium,0,1620
"(296.63829787234044, 1039.6914893617022)",Rothia,0,1621
"(294.67469879518075, 1183.3975903614457)",TM7,0,1622
"(298.0740740740741, 1669.2345679012346)",Pasteurellaceae,0,1623
"(295.98765432098764, 1823.0123456790122)",Leptotrichia,0,1624
"(303.03286384976525, 1987.3849765258217)",Corynebacterium,0,1625
"(296.71794871794873, 645.5512820512821)",Capnocytophaga,0,1626
"(296.51960784313724, 702.6078431372549)",Corynebacterium,0,1627
"(300.97902097902096, 742.7762237762238)",Capnocytophaga,0,1628
"(297.1515151515151, 981.9090909090909)",Rothia,0,1629
"(296.24074074074076, 998.9629629629629)",TM7,0,1630
"(297.03125, 1238.6458333333333)",TM7,0,1632
"(299.55172413793105, 1440.7724137931034)",Streptococcus,0,1633
"(299.536231884058, 1491.1376811594203)",Lautropia,0,1634
"(300.36, 1704.52)",Rothia,0,1635
"(297.2567567567568, 1900.8783783783783)",Streptococcus,0,1636
"(296.26851851851853, 94.08333333333333)",Streptococcus,0,1637
"(300.6803278688525, 274.60655737704917)",Capnocytophaga,0,1638
"(296.9807692307692, 615.3846153846154)",TM7,0,1639
"(298.025, 899.3875)",Prevotella,0,1640
"(295.7962962962963, 1076.5740740740741)",Rothia,0,1641
"(299.3440366972477, 1353.0)",Rothia,0,1642
"(299.0943396226415, 1656.4811320754718)",Capnocytophaga,0,1643
"(301.6102941176471, 1808.6764705882354)",Streptococcus,0,1644
"(298.8787878787879, 374.72727272727275)",Prevotella,0,1645
"(298.4782608695652, 1025.0289855072465)",Prevotella,0,1646
"(297.0495049504951, 1402.049504950495)",Fusobacterium,0,1647
"(298.2962962962963, 1548.8333333333333)",Gemella,0,1649
"(299.7604166666667, 1750.28125)",Rothia,0,1650
"(300.6984126984127, 1778.6878306878307)",Corynebacterium,0,1651
"(301.89444444444445, 80.56666666666666)",Streptococcus,0,1652
"(303.03937007874015, 107.11811023622047)",Prevotella,0,1653
"(300.912, 329.088)",Lautropia,0,1654
"(300.56, 665.9714285714285)",Prevotella,0,1655
"(302.18888888888887, 1246.4333333333334)",Prevotella,0,1657
"(305.39690721649487, 1419.1701030927834)",Capnocytophaga,0,1658
"(299.69767441860466, 1511.860465116279)",Leptotrichia,0,1659
"(298.5344827586207, 1602.655172413793)",TM7,0,1660
"(300.0625, 1966.0625)",Corynebacterium,0,1661
"(300.96153846153845, 1166.7051282051282)",TM7,0,1663
"(302.01020408163265, 1389.8367346938776)",Prevotella,0,1664
"(300.33870967741933, 1916.0967741935483)",Treponema,0,1665
"(304.58653846153845, 151.06730769230768)",TM7,0,1666
"(302.09375, 291.28125)",Prevotella,0,1667
"(303.8090909090909, 360.5090909090909)",Rothia,0,1668
"(302.76785714285717, 503.9107142857143)",Prevotella,0,1669
"(303.77669902912623, 576.3495145631068)",Campylobacter,0,1670
"(304.44776119402985, 606.0149253731344)",Gemella,0,1671
"(305.16438356164383, 758.4520547945206)",Leptotrichia,0,1672
"(308.50678733031674, 925.737556561086)",Streptococcus,0,1673
"(304.93693693693695, 1372.855855855856)",Prevotella,0,1675
"(302.4561403508772, 1586.5964912280701)",Prevotella,0,1676
"(302.13432835820896, 1683.3432835820895)",TM7,0,1677
"(306.1024096385542, 310.01807228915663)",Capnocytophaga,0,1679
"(306.58937198067633, 444.4347826086956)",Lautropia,0,1680
"(303.1454545454545, 798.0909090909091)",Lautropia,0,1681
"(309.25210084033614, 1226.8067226890757)",Fusobacterium,0,1683
"(302.8876404494382, 1620.8426966292134)",Pasteurellaceae,0,1684
"(305.5764705882353, 1943.5941176470587)",Corynebacterium,0,1686
"(305.705035971223, 128.22302158273382)",Prevotella,0,1687
"(304.1896551724138, 262.1896551724138)",Lautropia,0,1688
"(306.311320754717, 873.4528301886793)",Prevotella,0,1690
"(302.9746835443038, 1565.0632911392406)",Capnocytophaga,0,1691
"(306.8901098901099, 211.73626373626374)",TM7,0,1692
"(305.47435897435895, 545.3589743589744)",Fusobacterium,0,1693
"(305.5064935064935, 947.1168831168832)",Prevotella,0,1694
"(306.32183908045977, 1005.2298850574713)",Rothia,0,1695
"(305.3076923076923, 1047.2884615384614)",Fusobacterium,0,1696
"(304.609375, 1069.796875)",TM7,0,1697
"(305.69565217391306, 1121.2173913043478)",TM7,0,1698
"(308.93333333333334, 1143.4755555555555)",Rothia,0,1699
"(308.0444444444444, 1532.7777777777778)",Treponema,0,1700
"(306.53521126760563, 1019.0845070422536)",Lautropia,0,1702
"(305.62857142857143, 1195.8142857142857)",Prevotella,0,1703
"(306.6081081081081, 1574.5)",TM7,0,1704
"(306.5390070921986, 1725.5815602836878)",Capnocytophaga,0,1705
"(312.26060606060605, 1856.3333333333333)",Streptococcus,0,1706
"(309.4457831325301, 535.7469879518072)",Prevotella,0,1707
"(308.2328767123288, 683.5616438356165)",TM7,0,1708
"(307.30357142857144, 692.9642857142857)",TM7,0,1709
"(308.2307692307692, 710.4487179487179)",Rothia,0,1710
"(310.53968253968253, 1094.7142857142858)",TM7,0,1711
"(306.91525423728814, 1264.3135593220338)",Prevotella,0,1712
"(309.2477064220183, 1641.7706422018348)",TM7,0,1713
"(312.2061403508772, 171.10526315789474)",Lautropia,0,1714
"(310.9009009009009, 229.83783783783784)",Prevotella,0,1715
"(311.0232558139535, 1325.3178294573643)",TM7,0,1717
"(311.1518987341772, 844.8101265822785)",Prevotella,0,1718
"(308.5892857142857, 1056.875)",Streptococcus,0,1719
"(308.1818181818182, 1184.8961038961038)",Rothia,0,1720
"(311.1025641025641, 1210.2692307692307)",Prevotella,0,1721
"(310.6666666666667, 1475.474074074074)",Lautropia,0,1722
"(313.51173708920186, 1874.7981220657277)",Streptococcus,0,1723
"(310.39344262295083, 1906.0)",Treponema,0,1724
"(312.1764705882353, 587.0686274509804)",Prevotella,0,1726
"(309.8378378378378, 636.1621621621622)",Fusobacterium,0,1727
"(312.2844036697248, 809.0275229357799)",Leptotrichia,0,1728
"(312.7638888888889, 1794.763888888889)",Streptococcus,0,1729
"(310.28125, 1820.75)",Treponema,0,1730
"(317.47849462365593, 400.16129032258067)",TM7,0,1731
"(312.1666666666667, 492.125)",Rothia,0,1732
"(312.4594594594595, 520.3153153153153)",Prevotella,0,1733
"(312.1764705882353, 1461.2470588235294)",Lautropia,0,1734
"(315.27522935779814, 1837.3211009174313)",Streptococcus,0,1735
"(315.0846153846154, 424.96153846153845)",TM7,0,1736
"(312.4339622641509, 1078.6415094339623)",Gemella,0,1738
"(313.8503401360544, 1307.578231292517)",TM7,0,1739
"(316.1034482758621, 1517.9224137931035)",Streptococcus,0,1740
"(312.0576923076923, 1556.1346153846155)",Fusobacterium,0,1741
"(311.72289156626505, 1604.0963855421687)",Neisseriaceae,0,1742
"(317.1859296482412, 1918.497487437186)",Streptococcus,0,1744
"(312.8524590163934, 263.39344262295083)",Prevotella,0,1745
"(314.8712871287129, 559.6039603960396)",Rothia,0,1746
"(324.23981900452486, 820.8009049773756)",Lautropia,0,1747
"(314.39325842696627, 972.5730337078652)",TM7,0,1748
"(312.6551724137931, 1402.9885057471265)",Streptococcus,0,1749
"(313.0133333333333, 1962.24)",Streptococcus,0,1750
"(314.5405405405405, 281.13513513513516)",Rothia,0,1751
"(315.18279569892474, 903.3763440860215)",TM7,0,1753
"(315.84705882352944, 1109.4352941176471)",Rothia,0,1754
"(315.7105263157895, 1281.1754385964912)",Lautropia,0,1755
"(316.87, 1346.93)",Rothia,0,1756
"(313.5326086956522, 1499.1739130434783)",Porphyromonas,0,1757
"(315.3243243243243, 468.1756756756757)",Capnocytophaga,0,1758
"(315.69620253164555, 704.5189873417721)",Lautropia,0,1759
"(315.69565217391306, 859.8152173913044)",Prevotella,0,1760
"(315.5656565656566, 1439.4040404040404)",Prevotella,0,1762
"(315.6292134831461, 1626.5505617977528)",Pasteurellaceae,0,1763
"(314.42105263157896, 1693.6052631578948)",TM7,0,1764
"(316.73636363636365, 1894.6909090909091)",Streptococcus,0,1765
"(315.81159420289856, 347.40579710144925)",Rothia,0,1766
"(323.348, 377.708)",Treponema,0,1767
"(318.8582677165354, 1380.3700787401574)",TM7,0,1769
"(319.8321167883212, 1761.956204379562)",TM7,0,1770
"(318.4, 94.3578947368421)",Capnocytophaga,0,1771
"(316.6901408450704, 1362.2394366197184)",Leptotrichia,0,1773
"(322.6322580645161, 1662.6451612903227)",Capnocytophaga,0,1774
"(317.05555555555554, 1809.2083333333333)",Actinomyces,0,1775
"(318.32, 202.82)",Fusobacterium,0,1776
"(320.4245810055866, 996.1452513966481)",TM7,0,1777
"(317.03125, 1040.5520833333333)",Gemella,0,1778
"(318.6, 1545.75)",TM7,0,1779
"(319.8863636363636, 1706.1060606060605)",TM7,0,1781
"(320.3440860215054, 1972.9462365591398)",Porphyromonas,0,1783
"(320.44520547945206, 330.8972602739726)",Rothia,0,1784
"(320.9186046511628, 619.6976744186046)",Prevotella,0,1785
"(318.5952380952381, 1179.5)",Prevotella,0,1787
"(320.34090909090907, 668.0909090909091)",Fusobacterium,0,1791
"(330.7029702970297, 944.4488448844885)",Streptococcus,0,1792
"(319.3623188405797, 1243.1014492753623)",TM7,0,1793
"(325.37692307692305, 1421.5307692307692)",Rothia,0,1794
"(320.74603174603175, 1596.079365079365)",TM7,0,1795
"(322.2845528455285, 1951.0487804878048)",Corynebacterium,0,1796
"(321.43956043956047, 140.6043956043956)",Prevotella,0,1797
"(324.92397660818716, 482.32748538011697)",Rothia,0,1798
"(321.3943661971831, 505.14084507042253)",Prevotella,0,1799
"(320.3137254901961, 1012.843137254902)",Streptococcus,0,1800
"(323.11267605633805, 1030.6830985915492)",Leptotrichia,0,1801
"(323.70676691729324, 1571.7368421052631)",Rothia,0,1803
"(321.47945205479454, 1732.6301369863013)",Pasteurellaceae,0,1804
"(324.92715231788077, 188.27814569536423)",TM7,0,1805
"(322.79761904761904, 219.29761904761904)",Capnocytophaga,0,1806
"(326.7829457364341, 238.92248062015503)",Campylobacter,0,1807
"(329.595015576324, 891.8224299065421)",Streptococcus,0,1808
"(323.76, 1060.62)",Capnocytophaga,0,1809
"(324.14736842105265, 1166.9473684210527)",Rothia,0,1810
"(325.97520661157023, 1788.702479338843)",Corynebacterium,0,1811
"(324.010989010989, 123.24175824175825)",Rothia,0,1812
"(325.25714285714287, 361.3904761904762)",Prevotella,0,1813
"(325.125, 442.6041666666667)",Prevotella,0,1814
"(325.392, 582.352)",Gemella,0,1815
"(322.96491228070175, 1451.0350877192982)",Lautropia,0,1816
"(328.5607476635514, 154.7663551401869)",Prevotella,0,1817
"(324.10714285714283, 547.75)",Prevotella,0,1818
"(324.2307692307692, 603.2820512820513)",Prevotella,0,1819
"(324.61290322580646, 692.752688172043)",Rothia,0,1820
"(324.55555555555554, 929.9111111111112)",TM7,0,1821
"(326.078125, 1125.2890625)",Rothia,0,1822
"(326.10169491525426, 1406.7288135593221)",Rothia,0,1823
"(326.15714285714284, 1591.1857142857143)",Veillonella,0,1824
"(324.8904109589041, 1611.3972602739725)",Rothia,0,1825
"(324.1666666666667, 1989.0)",Capnocytophaga,0,1826
"(327.11392405063293, 169.37974683544303)",Prevotella,0,1827
"(331.6474358974359, 304.77564102564105)",TM7,0,1828
"(324.38271604938274, 460.28395061728395)",Rothia,0,1829
"(326.375, 1151.46875)",Prevotella,0,1831
"(325.99319727891157, 1498.0748299319728)",Fusobacterium,0,1832
"(328.90909090909093, 1748.719008264463)",TM7,0,1833
"(324.7037037037037, 1937.648148148148)",Actinomyces,0,1834
"(326.4533333333333, 253.45333333333335)",Fusobacterium,0,1835
"(325.5438596491228, 636.2456140350877)",Treponema,0,1836
"(327.60185185185185, 652.9166666666666)",Neisseriaceae,0,1837
"(329.3350785340314, 1235.8795811518326)",Lautropia,0,1838
"(329.0263157894737, 1475.5087719298247)",Treponema,0,1839
"(327.02, 1643.27)",Corynebacterium,0,1840
"(328.7244897959184, 113.89795918367346)",TM7,0,1841
"(327.6145833333333, 289.7291666666667)",Prevotella,0,1842
"(333.7516339869281, 517.9411764705883)",Prevotella,0,1843
"(325.7857142857143, 1110.4464285714287)",Lautropia,0,1844
"(325.4727272727273, 1213.1454545454546)",Rothia,0,1845
"(327.0, 1258.8805970149253)",Rothia,0,1846
"(329.27710843373495, 1274.1686746987953)",Leptotrichia,0,1847
"(328.58730158730157, 1287.047619047619)",Rothia,0,1848
"(331.2828947368421, 1687.2105263157894)",Corynebacterium,0,1849
"(329.02222222222224, 419.7888888888889)",Fusobacterium,0,1850
"(331.49444444444447, 1093.1)",Lautropia,0,1851
"(331.5174825174825, 1823.6503496503497)",Treponema,0,1854
"(330.1162790697674, 1889.7790697674418)",Leptotrichia,0,1856
"(329.7125, 563.5)",Rothia,0,1857
"(332.088, 1350.888)",Prevotella,0,1859
"(328.53225806451616, 1539.1290322580646)",Gemella,0,1860
"(330.14, 1805.36)",Treponema,0,1861
"(332.4852941176471, 269.04411764705884)",Prevotella,0,1862
"(331.046875, 1368.578125)",Rothia,0,1863
"(330.6106194690266, 1391.9203539823009)",Rothia,0,1864
"(335.18562874251495, 1769.7904191616767)",Treponema,0,1866
"(331.82142857142856, 94.13095238095238)",Capnocytophaga,0,1867
"(332.037037037037, 838.4814814814815)",Lautropia,0,1868
"(331.17910447761193, 864.7313432835821)",TM7,0,1869
"(334.2849162011173, 1453.2458100558658)",Gemella,0,1870
"(333.7163120567376, 1876.6879432624114)",Leptotrichia,0,1871
"(332.089552238806, 1962.9253731343283)",Gemella,0,1872
"(333.3421052631579, 535.4605263157895)",Rothia,0,1873
"(332.55434782608694, 712.054347826087)",Rothia,0,1874
"(333.23423423423424, 1554.6936936936936)",Fusobacterium,0,1875
"(333.0243902439024, 1630.5853658536585)",Capnocytophaga,0,1876
"(334.6928571428571, 1854.7285714285715)",Streptococcus,0,1877
"(334.1340206185567, 1929.020618556701)",Treponema,0,1878
"(336.7383177570093, 74.78504672897196)",Treponema,0,1879
"(334.52222222222224, 207.06666666666666)",TM7,0,1880
"(333.71264367816093, 396.7701149425287)",Prevotella,0,1881
"(333.7464788732394, 919.6901408450705)",Capnocytophaga,0,1882
"(332.76785714285717, 1054.267857142857)",Prevotella,0,1883
"(334.1730769230769, 1316.6538461538462)",Prevotella,0,1884
"(334.23333333333335, 877.3)",TM7,0,1886
"(334.2, 979.72)",Gemella,0,1887
"(336.015625, 1131.3125)",Prevotella,0,1888
"(334.4366197183099, 1174.3661971830986)",Rothia,0,1889
"(336.20512820512823, 1517.5384615384614)",Actinomyces,0,1890
"(340.79234972677597, 497.8142076502732)",Rothia,0,1891
"(335.2843137254902, 675.7156862745098)",Fusobacterium,0,1892
"(334.80392156862746, 1532.5882352941176)",TM7,0,1893
"(335.056338028169, 1607.338028169014)",Pasteurellaceae,0,1894
"(335.7142857142857, 222.2207792207792)",Rothia,0,1896
"(345.57327586206895, 448.2068965517241)",Prevotella,0,1897
"(342.26973684210526, 699.6184210526316)",TM7,0,1898
"(334.80263157894734, 1199.2105263157894)",Rothia,0,1900
"(339.45454545454544, 1581.9504132231405)",TM7,0,1901
"(336.038961038961, 1659.6103896103896)",TM7,0,1902
"(339.5655737704918, 852.2950819672132)",Prevotella,0,1903
"(342.4830508474576, 1709.4745762711864)",Pasteurellaceae,0,1904
"(338.84615384615387, 1942.6068376068376)",Streptococcus,0,1905
"(337.27884615384613, 1977.798076923077)",Neisseriaceae,0,1906
"(340.811320754717, 319.8490566037736)",Rothia,0,1907
"(344.3538461538462, 476.37948717948717)",Rothia,0,1908
"(342.8666666666667, 1051.1851851851852)",Rothia,0,1909
"(338.2344827586207, 1074.096551724138)",Leptotrichia,0,1910
"(341.15315315315314, 1429.1801801801803)",Lautropia,0,1912
"(339.6388888888889, 1737.5)",Leptotrichia,0,1913
"(339.98198198198196, 589.4864864864865)",Rothia,0,1914
"(340.3388429752066, 609.1652892561983)",Capnocytophaga,0,1915
"(339.3157894736842, 1000.4736842105264)",Pasteurellaceae,0,1916
"(339.1927710843373, 1209.9638554216867)",Prevotella,0,1917
"(339.0, 1616.2203389830509)",TM7,0,1919
"(342.484375, 1901.71875)",TM7,0,1920
"(339.484375, 1911.421875)",Corynebacterium,0,1921
"(348.9102564102564, 166.6346153846154)",Lautropia,0,1922
"(343.6904761904762, 250.98809523809524)",Rothia,0,1923
"(340.8953488372093, 354.1744186046512)",Lautropia,0,1924
"(340.6119402985075, 428.7686567164179)",Prevotella,0,1925
"(340.14084507042253, 1031.8309859154929)",Lautropia,0,1926
"(340.9753086419753, 1304.432098765432)",Streptococcus,0,1929
"(340.92424242424244, 1675.3636363636363)",Rothia,0,1930
"(341.36764705882354, 146.36764705882354)",Capnocytophaga,0,1931
"(350.6064690026954, 547.9191374663072)",Streptococcus,0,1932
"(345.0914634146341, 572.420731707317)",Fusobacterium,0,1933
"(347.4503311258278, 663.7350993377484)",Pasteurellaceae,0,1934
"(342.3181818181818, 1252.3295454545455)",Rothia,0,1935
"(342.3863636363636, 1499.9431818181818)",Treponema,0,1936
"(344.0625, 100.84375)",Capnocytophaga,0,1937
"(343.14814814814815, 133.74074074074073)",Prevotella,0,1938
"(343.41237113402065, 1286.8969072164948)",TM7,0,1939
"(343.55, 112.46666666666667)",Prevotella,0,1945
"(343.8265306122449, 646.7551020408164)",Rothia,0,1946
"(349.27322404371586, 1161.2896174863388)",Prevotella,0,1947
"(342.84722222222223, 1184.888888888889)",Prevotella,0,1948
"(343.2317073170732, 1798.6097560975609)",Selenomonas,0,1949
"(343.0892857142857, 1954.6607142857142)",Pasteurellaceae,0,1950
"(344.0576923076923, 123.63461538461539)",Rothia,0,1951
"(347.3137254901961, 200.95098039215685)",Capnocytophaga,0,1952
"(344.59375, 282.5)",Fusobacterium,0,1953
"(343.4307692307692, 376.46153846153845)",Prevotella,0,1954
"(346.5421686746988, 402.90361445783134)",Rothia,0,1955
"(352.45581395348836, 838.3116279069767)",Streptococcus,0,1956
"(345.1475409836066, 872.2131147540983)",Rothia,0,1957
"(349.1666666666667, 995.6354166666666)",Prevotella,0,1958
"(347.25454545454545, 1108.0363636363636)",Lautropia,0,1959
"(345.83168316831683, 1224.90099009901)",Prevotella,0,1960
"(343.76363636363635, 1368.3454545454545)",Rothia,0,1961
"(347.74626865671644, 1789.8507462686566)",Veillonella,0,1962
"(347.1896551724138, 621.7413793103449)",Veillonella,0,1963
"(346.6439393939394, 1388.280303030303)",Prevotella,0,1964
"(347.35, 1548.0875)",Rothia,0,1965
"(348.6095238095238, 1971.2666666666667)",Fusobacterium,0,1966
"(347.84158415841586, 337.1287128712871)",Capnocytophaga,0,1967
"(346.5342465753425, 1146.5342465753424)",Prevotella,0,1969
"(347.92045454545456, 1195.159090909091)",Prevotella,0,1970
"(348.67045454545456, 1410.875)",Fusobacterium,0,1972
"(346.1698113207547, 1532.5471698113208)",Streptococcus,0,1973
"(352.0420168067227, 1593.7394957983192)",TM7,0,1974
"(346.9016393442623, 1637.0983606557377)",Lautropia,0,1975
"(350.1081081081081, 1691.277027027027)",Fusobacterium,0,1976
"(347.109756097561, 1723.658536585366)",Lautropia,0,1977
"(346.98387096774195, 1987.0645161290322)",Fusobacterium,0,1978
"(349.03921568627453, 79.18627450980392)",Lautropia,0,1979
"(350.26126126126127, 186.07207207207207)",TM7,0,1980
"(348.0886075949367, 979.3417721518987)",Lautropia,0,1982
"(347.9130434782609, 1335.3217391304347)",Rothia,0,1983
"(349.6545454545454, 1396.9454545454546)",Rothia,0,1984
"(347.67676767676767, 1446.4040404040404)",Streptococcus,0,1985
"(352.23809523809524, 1608.0680272108843)",Rothia,0,1986
"(348.1090909090909, 1812.6727272727273)",Treponema,0,1987
"(349.056338028169, 881.4788732394367)",TM7,0,1989
"(351.31654676258995, 1133.5971223021584)",Prevotella,0,1990
"(354.55801104972375, 1270.4419889502763)",Lautropia,0,1991
"(350.7567567567568, 1663.027027027027)",Selenomonas,0,1992
"(350.41584158415844, 1751.4752475247524)",TM7,0,1993
"(350.921568627451, 1868.3039215686274)",Selenomonas,0,1994
"(351.46153846153845, 293.9384615384615)",Prevotella,0,1995
"(350.72972972972974, 419.8918918918919)",TM7,0,1996
"(351.3888888888889, 1020.9305555555555)",Streptococcus,0,1997
"(351.76536312849163, 1089.2793296089385)",Leptotrichia,0,1998
"(353.1322314049587, 1769.9504132231405)",Capnocytophaga,0,1999
"(351.6309523809524, 277.6547619047619)",Capnocytophaga,0,2001
"(351.63291139240505, 901.1898734177215)",Prevotella,0,2002
"(351.8082191780822, 1926.7123287671234)",Capnocytophaga,0,2004
"(353.5673076923077, 219.60576923076923)",Rothia,0,2005
"(352.2413793103448, 681.4137931034483)",TM7,0,2006
"(352.6865671641791, 968.1343283582089)",Lautropia,0,2007
"(353.2448979591837, 1831.1224489795918)",Corynebacterium,0,2008
"(355.0806451612903, 88.83870967741936)",Veillonella,0,2010
"(357.22151898734177, 383.77848101265823)",TM7,0,2011
"(352.75925925925924, 520.5)",Prevotella,0,2012
"(353.68055555555554, 934.0833333333334)",Lautropia,0,2013
"(352.89473684210526, 1039.2105263157894)",Porphyromonas,0,2014
"(354.6842105263158, 1209.0526315789473)",Prevotella,0,2015
"(354.18279569892474, 1489.7096774193549)",Neisseriaceae,0,2016
"(352.33734939759034, 1890.3373493975903)",Pasteurellaceae,0,2017
"(353.3, 506.35)",Rothia,0,2018
"(354.688679245283, 1377.7075471698113)",Neisseriaceae,0,2019
"(358.4166666666667, 1064.9888888888888)",Leptotrichia,0,2020
"(355.1842105263158, 1423.7631578947369)",Lautropia,0,2021
"(356.13, 1473.13)",Treponema,0,2022
"(355.44827586206895, 1881.103448275862)",Fusobacterium,0,2023
"(360.14193548387095, 116.53548387096774)",Rothia,0,2024
"(360.704347826087, 460.4)",Rothia,0,2025
"(359.45454545454544, 628.8383838383838)",Rothia,0,2026
"(356.93333333333334, 1296.65)",Treponema,0,2027
"(356.3734939759036, 1538.1927710843374)",Streptococcus,0,2028
"(356.2413793103448, 1579.7816091954023)",Prevotella,0,2029
"(355.96031746031747, 1944.2936507936508)",Treponema,0,2031
"(359.15686274509807, 152.11111111111111)",TM7,0,2032
"(357.0344827586207, 349.4655172413793)",Rothia,0,2033
"(357.54794520547944, 363.28767123287673)",Neisseriaceae,0,2034
"(359.524115755627, 597.4308681672026)",Leptotrichia,0,2035
"(357.09558823529414, 1314.5808823529412)",Lautropia,0,2037
"(358.14529914529913, 1650.6495726495727)",TM7,0,2038
"(357.52564102564105, 1736.9871794871794)",Pasteurellaceae,0,2039
"(358.97849462365593, 137.70967741935485)",Lautropia,0,2040
"(365.4216216216216, 204.7027027027027)",TM7,0,2041
"(363.78977272727275, 649.2670454545455)",TM7,0,2042
"(358.65625, 695.453125)",TM7,0,2043
"(361.73333333333335, 869.9333333333333)",TM7,0,2044
"(363.16279069767444, 1178.968992248062)",Prevotella,0,2045
"(360.7238805970149, 1780.910447761194)",Corynebacterium,0,2046
"(366.1735537190083, 65.4297520661157)",Treponema,0,2047
"(363.50961538461536, 181.66346153846155)",Veillonella,0,2048
"(368.45412844036696, 408.75688073394497)",Prevotella,0,2049
"(360.8963414634146, 1353.2012195121952)",Rothia,0,2050
"(361.11504424778764, 1453.4778761061948)",Corynebacterium,0,2051
"(360.48, 1523.76)",Lautropia,0,2052
"(359.0, 1673.8059701492537)",Leptotrichia,0,2053
"(360.7181818181818, 1962.1545454545455)",Capnocytophaga,0,2054
"(366.8154761904762, 491.4107142857143)",Prevotella,0,2055
"(361.36082474226805, 571.2474226804123)",Prevotella,0,2056
"(359.73214285714283, 1024.767857142857)",Streptococcus,0,2057
"(363.10833333333335, 1042.2)",Fusobacterium,0,2058
"(360.67605633802816, 1119.2676056338028)",Fusobacterium,0,2059
"(361.10714285714283, 1239.0595238095239)",Prevotella,0,2060
"(361.0842105263158, 1254.157894736842)",Rothia,0,2061
"(360.0625, 1632.0125)",TM7,0,2063
"(360.5822784810127, 1704.1518987341772)",TM7,0,2064
"(359.4111111111111, 1847.9777777777779)",Capnocytophaga,0,2065
"(360.22222222222223, 1995.2962962962963)",Pasteurellaceae,0,2066
"(362.9770992366412, 889.7022900763359)",Leptotrichia,0,2067
"(360.86206896551727, 1194.7068965517242)",Prevotella,0,2068
"(365.62, 1437.01)",Prevotella,0,2069
"(362.3820224719101, 1803.629213483146)",TM7,0,2070
"(360.453125, 1912.9375)",Pasteurellaceae,0,2071
"(363.2597402597403, 253.44805194805195)",Fusobacterium,0,2072
"(361.3103448275862, 307.2068965517241)",Prevotella,0,2073
"(362.0253164556962, 318.8101265822785)",Rothia,0,2074
"(365.0377358490566, 941.311320754717)",Lautropia,0,2075
"(361.58490566037733, 956.0)",Fusobacterium,0,2076
"(363.1340206185567, 1008.1752577319587)",Leptotrichia,0,2078
"(362.16326530612247, 1560.9863945578231)",TM7,0,2079
"(362.375, 1719.7045454545455)",TM7,0,2080
"(365.01162790697674, 1859.5813953488373)",Capnocytophaga,0,2081
"(362.961038961039, 330.2207792207792)",Rothia,0,2082
"(365.9389312977099, 536.9847328244275)",Prevotella,0,2083
"(365.04597701149424, 916.0459770114943)",TM7,0,2084
"(366.4691358024691, 1330.5020576131687)",Prevotella,0,2085
"(362.31481481481484, 1410.648148148148)",Lautropia,0,2086
"(365.81481481481484, 1676.7777777777778)",Gemella,0,2087
"(366.6764705882353, 104.38235294117646)",TM7,0,2088
"(364.96, 421.8666666666667)",Rothia,0,2089
"(363.05172413793105, 505.98275862068965)",Prevotella,0,2090
"(364.3421052631579, 681.1973684210526)",Capnocytophaga,0,2091
"(365.8173076923077, 1144.2211538461538)",Prevotella,0,2092
"(364.4415584415584, 228.64935064935065)",Capnocytophaga,0,2095
"(370.9430894308943, 433.8292682926829)",Prevotella,0,2096
"(367.74436090225566, 1365.015037593985)",Prevotella,0,2097
"(366.3780487804878, 1502.6463414634147)",Veillonella,0,2098
"(364.7258064516129, 1896.8225806451612)",Campylobacter,0,2099
"(367.7413793103448, 471.91379310344826)",Fusobacterium,0,2100
"(368.28205128205127, 518.6495726495726)",Prevotella,0,2101
"(367.0923076923077, 975.6307692307693)",Lautropia,0,2102
"(365.9, 1083.142857142857)",TM7,0,2103
"(368.5978260869565, 1660.25)",Rothia,0,2104
"(374.23318385650225, 84.3677130044843)",Fusobacterium,0,2105
"(371.3611111111111, 1104.7388888888888)",Prevotella,0,2106
"(373.40579710144925, 1223.6304347826087)",Prevotella,0,2107
"(369.85714285714283, 1621.1052631578948)",Rothia,0,2108
"(368.4193548387097, 1285.0806451612902)",Actinomyces,0,2110
"(371.7173913043478, 1420.0072463768115)",Streptococcus,0,2111
"(373.69620253164555, 1543.8987341772151)",Fusobacterium,0,2112
"(372.54938271604937, 1584.3395061728395)",TM7,0,2113
"(369.12745098039215, 1693.862745098039)",Lautropia,0,2114
"(369.14606741573033, 1747.7191011235955)",TM7,0,2115
"(369.0853658536585, 858.390243902439)",Treponema,0,2116
"(369.0508474576271, 963.8474576271186)",TM7,0,2117
"(368.72131147540983, 1300.7868852459017)",Lautropia,0,2118
"(370.54545454545456, 1809.8701298701299)",Pasteurellaceae,0,2119
"(370.9578947368421, 1878.3684210526317)",TM7,0,2120
"(369.7413793103448, 1923.103448275862)",Selenomonas,0,2121
"(369.3551401869159, 1938.392523364486)",Porphyromonas,0,2122
"(371.2156862745098, 170.68627450980392)",Prevotella,0,2123
"(371.01190476190476, 277.0952380952381)",Capnocytophaga,0,2124
"(373.0352941176471, 346.97058823529414)",Corynebacterium,0,2125
"(372.0315789473684, 617.0631578947368)",Rothia,0,2126
"(369.50847457627117, 634.7796610169491)",Prevotella,0,2127
"(369.875, 702.453125)",Prevotella,0,2128
"(372.6046511627907, 828.8488372093024)",Streptococcus,0,2129
"(370.65714285714284, 1465.8714285714286)",TM7,0,2130
"(370.44943820224717, 1972.6966292134832)",Selenomonas,0,2131
"(378.9492753623188, 197.70289855072463)",TM7,0,2133
"(376.6015037593985, 596.7669172932331)",Corynebacterium,0,2134
"(370.79347826086956, 846.2282608695652)",Leptotrichia,0,2135
"(371.4375, 1161.8958333333333)",Prevotella,0,2136
"(370.9449541284404, 1202.4036697247707)",Prevotella,0,2137
"(373.01960784313724, 235.7843137254902)",TM7,0,2139
"(371.873417721519, 988.5443037974684)",Prevotella,0,2140
"(377.6666666666667, 1341.4368686868686)",Treponema,0,2141
"(373.7125748502994, 1390.0359281437127)",Treponema,0,2142
"(372.5, 1730.5)",TM7,0,2143
"(377.0211267605634, 1792.7464788732395)",Fusobacterium,0,2144
"(374.07547169811323, 682.622641509434)",Prevotella,0,2145
"(372.45, 1021.86)",Fusobacterium,0,2146
"(374.21374045801525, 1523.5496183206108)",Capnocytophaga,0,2147
"(376.6952380952381, 1603.2666666666667)",Streptococcus,0,2148
"(378.31007751937983, 567.1085271317829)",Fusobacterium,0,2149
"(375.30232558139534, 670.1860465116279)",Capnocytophaga,0,2150
"(375.3448275862069, 1318.655172413793)",Prevotella,0,2152
"(381.58528428093643, 1360.4147157190635)",TM7,0,2153
"(379.51485148514854, 1640.4488448844884)",Leptotrichia,0,2154
"(376.80392156862746, 1891.6764705882354)",Capnocytophaga,0,2156
"(376.7717391304348, 137.6304347826087)",Prevotella,0,2157
"(376.61764705882354, 552.1764705882352)",Prevotella,0,2158
"(375.60493827160496, 1121.4197530864199)",Prevotella,0,2159
"(374.9727272727273, 1842.4272727272728)",Capnocytophaga,0,2160
"(375.5, 1908.875)",Capnocytophaga,0,2161
"(376.4264705882353, 221.11764705882354)",Fusobacterium,0,2162
"(380.6608187134503, 450.3567251461988)",TM7,0,2163
"(379.25, 478.969696969697)",Rothia,0,2164
"(381.5, 948.0918367346939)",Prevotella,0,2165
"(376.55357142857144, 1000.6071428571429)",Gemella,0,2166
"(382.75875486381324, 1058.6186770428017)",Prevotella,0,2167
"(377.4823529411765, 1240.7117647058824)",Prevotella,0,2168
"(378.3813559322034, 1949.0677966101696)",Streptococcus,0,2169
"(378.05555555555554, 317.53333333333336)",Rothia,0,2170
"(381.1448275862069, 400.17931034482757)",Fusobacterium,0,2171
"(382.2317880794702, 803.9006622516556)",Prevotella,0,2172
"(387.32474226804123, 1660.9690721649486)",Fusobacterium,0,2173
"(379.6542056074766, 1712.5420560747664)",Fusobacterium,0,2174
"(381.6606060606061, 162.0121212121212)",Prevotella,0,2176
"(378.9, 694.3857142857142)",Prevotella,0,2177
"(377.7, 1184.96)",Prevotella,0,2178
"(379.0, 1453.2926829268292)",Lautropia,0,2179
"(380.32978723404256, 1767.031914893617)",Pasteurellaceae,0,2180
"(382.89344262295083, 387.3360655737705)",Lautropia,0,2181
"(379.8313253012048, 582.0240963855422)",TM7,0,2182
"(380.7920792079208, 1037.1782178217823)",Lautropia,0,2183
"(380.81366459627327, 1491.9503105590063)",Treponema,0,2184
"(379.7142857142857, 257.4142857142857)",Prevotella,0,2185
"(379.5673076923077, 537.1826923076923)",Prevotella,0,2186
"(381.16831683168317, 1142.90099009901)",Prevotella,0,2187
"(380.36842105263156, 1173.1973684210527)",Prevotella,0,2188
"(380.37735849056605, 1207.1509433962265)",Prevotella,0,2189
"(379.758064516129, 1274.8870967741937)",Prevotella,0,2190
"(380.28, 1307.64)",Prevotella,0,2191
"(380.7260273972603, 115.9041095890411)",Capnocytophaga,0,2193
"(382.0574712643678, 184.2528735632184)",TM7,0,2194
"(381.05128205128204, 887.7564102564103)",Lautropia,0,2195
"(385.05434782608694, 906.4184782608696)",Rothia,0,2196
"(386.5874125874126, 1325.3076923076924)",TM7,0,2197
"(380.19444444444446, 1436.986111111111)",TM7,0,2198
"(389.7869822485207, 1618.2662721893491)",Pasteurellaceae,0,2199
"(380.57142857142856, 1817.232142857143)",Actinomyces,0,2200
"(383.6140350877193, 287.20175438596493)",Capnocytophaga,0,2201
"(385.95098039215685, 371.4901960784314)",Lautropia,0,2202
"(382.0365853658537, 625.5243902439024)",Rothia,0,2203
"(386.2068965517241, 773.2413793103449)",Leptotrichia,0,2204
"(383.3645833333333, 961.375)",Prevotella,0,2205
"(383.3955223880597, 1290.589552238806)",Rothia,0,2207
"(382.05172413793105, 1377.6206896551723)",Corynebacterium,0,2209
"(383.3809523809524, 1466.6380952380953)",Fusobacterium,0,2210
"(382.2368421052632, 1857.5526315789473)",Treponema,0,2211
"(382.17543859649123, 1933.2631578947369)",Treponema,0,2212
"(384.7142857142857, 1990.5714285714287)",Streptococcus,0,2213
"(382.8987341772152, 239.15189873417722)",TM7,0,2214
"(386.05333333333334, 270.3466666666667)",Fusobacterium,0,2215
"(389.427807486631, 500.09090909090907)",Prevotella,0,2216
"(384.952, 928.48)",Prevotella,0,2217
"(383.12345679012344, 1013.641975308642)",Fusobacterium,0,2218
"(389.3205128205128, 1265.628205128205)",Lautropia,0,2219
"(383.77358490566036, 879.2452830188679)",Lautropia,0,2220
"(392.42767295597486, 1591.2201257861636)",TM7,0,2221
"(385.06944444444446, 1925.013888888889)",TM7,0,2222
"(389.3768115942029, 67.8840579710145)",Capnocytophaga,0,2223
"(385.2957746478873, 837.3802816901408)",Prevotella,0,2224
"(386.47945205479454, 1091.9315068493152)",TM7,0,2225
"(385.5064935064935, 1125.8961038961038)",Prevotella,0,2226
"(385.0, 1684.75)",Lautropia,0,2227
"(387.2475247524753, 1699.1881188118812)",Lautropia,0,2228
"(386.2156862745098, 606.8921568627451)",Prevotella,0,2229
"(391.15986394557825, 647.0612244897959)",Streptococcus,0,2230
"(388.10743801652893, 705.0661157024794)",TM7,0,2231
"(387.07142857142856, 785.8)",Rothia,0,2232
"(388.75274725274727, 979.7802197802198)",TM7,0,2233
"(390.8272727272727, 1411.1909090909091)",Treponema,0,2234
"(387.5135135135135, 1511.581081081081)",TM7,0,2236
"(389.2909090909091, 1528.290909090909)",TM7,0,2237
"(388.2739726027397, 1561.472602739726)",Gemella,0,2238
"(387.1707317073171, 1726.3536585365853)",Treponema,0,2239
"(388.3855421686747, 349.855421686747)",TM7,0,2241
"(389.93589743589746, 1543.1025641025642)",Prevotella,0,2242
"(391.30434782608694, 1759.9347826086957)",TM7,0,2243
"(389.4310344827586, 108.22413793103448)",TM7,0,2245
"(390.36842105263156, 309.0131578947368)",Rothia,0,2246
"(390.16101694915255, 427.3813559322034)",Fusobacterium,0,2247
"(392.5207100591716, 522.2721893491124)",Prevotella,0,2248
"(390.0416666666667, 814.1458333333334)",Prevotella,0,2249
"(388.5769230769231, 859.0769230769231)",Capnocytophaga,0,2250
"(388.96610169491527, 1159.6610169491526)",Prevotella,0,2251
"(389.8690476190476, 1743.9285714285713)",Lautropia,0,2252
"(392.0655737704918, 201.11475409836066)",Capnocytophaga,0,2254
"(390.4, 1142.5466666666666)",Prevotella,0,2256
"(392.1875, 1224.359375)",Prevotella,0,2257
"(389.4583333333333, 1777.7083333333333)",Pasteurellaceae,0,2258
"(391.3333333333333, 1883.9583333333333)",TM7,0,2259
"(391.7885714285714, 142.29714285714286)",Fusobacterium,0,2260
"(392.5068493150685, 238.013698630137)",Capnocytophaga,0,2261
"(391.77570093457945, 1189.4299065420562)",Prevotella,0,2262
"(393.9078947368421, 1343.203947368421)",Prevotella,0,2263
"(394.3063063063063, 1480.6756756756756)",Rothia,0,2264
"(392.4715025906736, 1808.19689119171)",Pasteurellaceae,0,2265
"(394.0873786407767, 1832.1553398058252)",Gemella,0,2266
"(391.358024691358, 1975.79012345679)",Treponema,0,2267
"(398.5210526315789, 545.2526315789473)",Prevotella,0,2268
"(394.1734104046243, 1026.0346820809248)",Lautropia,0,2269
"(392.5, 1902.0)",Pasteurellaceae,0,2271
"(401.0120481927711, 118.12048192771084)",TM7,0,2272
"(394.32894736842104, 1116.7894736842106)",Prevotella,0,2273
"(393.078125, 1298.4375)",Pasteurellaceae,0,2275
"(392.984126984127, 1309.5873015873017)",Actinomyces,0,2276
"(396.8101265822785, 253.84177215189874)",TM7,0,2277
"(396.3304347826087, 764.0782608695653)",Streptococcus,0,2278
"(397.8, 871.24)",Fusobacterium,0,2279
"(395.7040816326531, 949.9081632653061)",Prevotella,0,2280
"(393.45454545454544, 1245.5)",Prevotella,0,2281
"(397.9035532994924, 1443.53807106599)",Treponema,0,2282
"(395.1595744680851, 169.9255319148936)",Lautropia,0,2285
"(396.6190476190476, 830.1309523809524)",Rothia,0,2286
"(399.2987012987013, 848.1038961038961)",Selenomonas,0,2287
"(397.01807228915663, 1388.855421686747)",Pasteurellaceae,0,2288
"(395.4516129032258, 1461.8225806451612)",Lautropia,0,2289
"(395.9318181818182, 1785.909090909091)",Fusobacterium,0,2290
"(398.24444444444447, 1847.0333333333333)",Fusobacterium,0,2291
"(397.82608695652175, 454.07608695652175)",TM7,0,2292
"(396.5164835164835, 479.5164835164835)",Fusobacterium,0,2293
"(395.79245283018867, 914.5849056603773)",Lautropia,0,2294
"(397.7029702970297, 1074.6930693069307)",Prevotella,0,2295
"(398.304, 1711.688)",TM7,0,2296
"(399.96067415730334, 89.93820224719101)",Corynebacterium,0,2297
"(399.46067415730334, 297.6629213483146)",Veillonella,0,2299
"(398.86607142857144, 888.3928571428571)",Prevotella,0,2300
"(397.7721518987342, 1048.0253164556962)",TM7,0,2301
"(398.37333333333333, 1212.9866666666667)",Prevotella,0,2302
"(397.63013698630135, 1422.7671232876712)",TM7,0,2303
"(400.4943820224719, 1603.258426966292)",Leptotrichia,0,2304
"(397.0515463917526, 1676.298969072165)",Corynebacterium,0,2305
"(398.22222222222223, 315.8888888888889)",Rothia,0,2306
"(399.23148148148147, 619.9537037037037)",Treponema,0,2307
"(401.8888888888889, 1169.020202020202)",Prevotella,0,2308
"(398.0, 1871.9577464788733)",Capnocytophaga,0,2309
"(402.97687861271675, 1922.2196531791908)",Selenomonas,0,2310
"(400.3859649122807, 190.02631578947367)",Rothia,0,2311
"(399.0762711864407, 281.2118644067797)",TM7,0,2312
"(400.04285714285714, 329.92857142857144)",TM7,0,2313
"(406.10759493670884, 364.7721518987342)",Lautropia,0,2314
"(399.64957264957263, 598.008547008547)",Fusobacterium,0,2315
"(400.75, 1005.5862068965517)",Lautropia,0,2316
"(402.04285714285714, 1154.8142857142857)",Prevotella,0,2317
"(398.23214285714283, 1284.8214285714287)",Rothia,0,2318
"(401.4976744186047, 1500.6186046511627)",TM7,0,2319
"(401.2474226804124, 210.7422680412371)",TM7,0,2320
"(402.1746031746032, 380.6031746031746)",Prevotella,0,2321
"(403.5851851851852, 398.43703703703704)",TM7,0,2322
"(400.7142857142857, 414.10714285714283)",Rothia,0,2323
"(400.57608695652175, 931.554347826087)",Prevotella,0,2324
"(400.5405405405405, 1964.7837837837837)",Lautropia,0,2325
"(400.44736842105266, 984.3552631578947)",Lautropia,0,2326
"(405.8076923076923, 1131.320512820513)",Prevotella,0,2328
"(407.4428571428571, 1468.942857142857)",Prevotella,0,2329
"(400.7, 787.3)",TM7,0,2330
"(401.85333333333335, 859.5466666666666)",TM7,0,2331
"(404.21276595744683, 1103.0212765957447)",Prevotella,0,2332
"(402.9019607843137, 1632.813725490196)",Rothia,0,2334
"(404.8804347826087, 1892.141304347826)",Corynebacterium,0,2336
"(403.01960784313724, 1944.3529411764705)",Treponema,0,2337
"(405.25, 269.40625)",Rothia,0,2338
"(405.378640776699, 579.7961165048544)",Prevotella,0,2340
"(404.77142857142854, 1573.92)",Fusobacterium,0,2341
"(402.5, 1693.0)",TM7,0,2342
"(409.8291814946619, 349.8576512455516)",Porphyromonas,0,2343
"(404.16129032258067, 796.6935483870968)",Rothia,0,2344
"(405.0289855072464, 1552.1014492753623)",Gemella,0,2345
"(404.2153846153846, 1644.7692307692307)",TM7,0,2346
"(404.44117647058823, 133.89705882352942)",Rothia,0,2347
"(407.64, 433.944)",Rothia,0,2348
"(405.40277777777777, 907.6527777777778)",Rothia,0,2349
"(404.5913043478261, 1268.304347826087)",Rothia,0,2350
"(406.48275862068965, 1316.4344827586208)",Lautropia,0,2351
"(405.75, 1539.607142857143)",Lautropia,0,2352
"(407.40909090909093, 1721.1022727272727)",Capnocytophaga,0,2353
"(403.864406779661, 1774.593220338983)",Pasteurellaceae,0,2354
"(406.6547619047619, 969.5714285714286)",TM7,0,2355
"(407.0281690140845, 1056.3239436619717)",Lautropia,0,2356
"(406.5857142857143, 1223.7857142857142)",Prevotella,0,2357
"(405.55652173913046, 1744.486956521739)",Corynebacterium,0,2358
"(406.8876404494382, 151.74157303370785)",Lautropia,0,2359
"(408.6046511627907, 1299.1046511627908)",Leptotrichia,0,2360
"(407.0344827586207, 1354.2413793103449)",Fusobacterium,0,2361
"(408.2340425531915, 1665.3191489361702)",TM7,0,2362
"(410.9577464788732, 1823.4718309859154)",Treponema,0,2364
"(410.39830508474574, 307.16101694915255)",Prevotella,0,2365
"(409.35135135135135, 468.35135135135135)",Prevotella,0,2366
"(409.04761904761904, 482.07936507936506)",Rothia,0,2367
"(414.8321167883212, 533.0656934306569)",Prevotella,0,2368
"(408.2386363636364, 559.4772727272727)",Prevotella,0,2369
"(410.60769230769233, 625.0692307692308)",Campylobacter,0,2370
"(414.0654761904762, 1368.0833333333333)",Capnocytophaga,0,2371
"(408.7910447761194, 168.02985074626866)",Capnocytophaga,0,2372
"(409.986301369863, 184.95890410958904)",Rothia,0,2373
"(409.0980392156863, 502.0)",Prevotella,0,2374
"(410.32, 518.7333333333333)",Prevotella,0,2375
"(409.0365853658537, 1027.4634146341464)",Lautropia,0,2377
"(413.06091370558374, 1338.8730964467004)",Leptotrichia,0,2378
"(409.85714285714283, 1420.1517857142858)",Lautropia,0,2380
"(410.55555555555554, 1789.2666666666667)",Treponema,0,2381
"(410.0, 1878.1830985915492)",Capnocytophaga,0,2382
"(411.3128834355828, 227.7361963190184)",TM7,0,2383
"(409.5217391304348, 830.9420289855072)",Lautropia,0,2384
"(411.1830985915493, 1608.1971830985915)",Lautropia,0,2385
"(412.0610687022901, 1681.2671755725191)",TM7,0,2387
"(411.7951807228916, 674.3734939759037)",Treponema,0,2389
"(414.12820512820514, 916.2051282051282)",Fusobacterium,0,2390
"(410.34343434343435, 1091.0)",Prevotella,0,2391
"(417.4736842105263, 1214.3947368421052)",Prevotella,0,2392
"(414.49624060150376, 1258.2706766917292)",Fusobacterium,0,2393
"(412.06060606060606, 243.87878787878788)",Rothia,0,2394
"(412.53389830508473, 779.7627118644068)",Rothia,0,2395
"(411.60377358490564, 1118.5283018867924)",Prevotella,0,2396
"(415.1287128712871, 1701.069306930693)",Lautropia,0,2398
"(413.5, 103.39393939393939)",Fusobacterium,0,2399
"(419.72872340425533, 933.6436170212766)",Actinomyces,0,2400
"(416.7671232876712, 1066.7260273972602)",Prevotella,0,2401
"(414.0777777777778, 1238.0666666666666)",Prevotella,0,2402
"(415.18888888888887, 1479.3)",TM7,0,2403
"(415.48062015503876, 1492.2015503875969)",Lautropia,0,2404
"(427.05535055350555, 1559.8339483394834)",Capnocytophaga,0,2405
"(414.7153284671533, 1899.8102189781023)",Pasteurellaceae,0,2406
"(412.6507936507937, 1949.047619047619)",Porphyromonas,0,2407
"(413.55384615384617, 1962.0615384615385)",Pasteurellaceae,0,2408
"(416.10091743119267, 202.85321100917432)",Rothia,0,2409
"(414.75, 278.97058823529414)",Capnocytophaga,0,2410
"(415.4947368421053, 328.65263157894736)",Prevotella,0,2411
"(419.1388888888889, 848.2111111111111)",Prevotella,0,2412
"(415.0632911392405, 894.6708860759494)",TM7,0,2413
"(413.75471698113205, 1191.8584905660377)",Prevotella,0,2414
"(413.97938144329896, 1283.5670103092784)",Prevotella,0,2415
"(414.29824561403507, 1381.017543859649)",TM7,0,2416
"(419.45848375451266, 1858.1371841155235)",Corynebacterium,0,2417
"(416.9428571428571, 150.74285714285713)",Neisseriaceae,0,2418
"(414.11538461538464, 416.0)",Fusobacterium,0,2419
"(415.78504672897196, 876.5140186915888)",TM7,0,2420
"(417.7054794520548, 992.8561643835617)",Prevotella,0,2421
"(418.2391304347826, 1009.1630434782609)",Lautropia,0,2422
"(415.5344827586207, 1145.8275862068965)",Prevotella,0,2423
"(418.297520661157, 1317.0495867768595)",Rothia,0,2424
"(427.73972602739724, 1595.945205479452)",TM7,0,2426
"(416.05405405405406, 1735.2567567567567)",Corynebacterium,0,2427
"(417.06306306306305, 1977.4954954954956)",Corynebacterium,0,2428
"(415.46666666666664, 1443.15)",Leptotrichia,0,2429
"(417.6940298507463, 1518.2089552238806)",Capnocytophaga,0,2430
"(419.4022988505747, 91.94252873563218)",Gemella,0,2431
"(417.7529411764706, 129.6235294117647)",Rothia,0,2432
"(417.3378378378378, 291.8783783783784)",Corynebacterium,0,2433
"(417.37254901960785, 1181.1764705882354)",Prevotella,0,2434
"(415.95402298850576, 1635.2528735632184)",TM7,0,2435
"(417.6179775280899, 1762.887640449438)",Capnocytophaga,0,2436
"(417.6588235294118, 452.6235294117647)",Fusobacterium,0,2437
"(420.9217391304348, 549.8)",Prevotella,0,2438
"(419.18279569892474, 821.6666666666666)",TM7,0,2439
"(419.8095238095238, 954.0)",Prevotella,0,2440
"(418.62, 111.1)",Prevotella,0,2442
"(422.12142857142857, 260.6642857142857)",Fusobacterium,0,2443
"(419.8666666666667, 427.58666666666664)",Fusobacterium,0,2444
"(423.49152542372883, 601.9604519774011)",Rothia,0,2446
"(419.7196261682243, 737.1121495327103)",TM7,0,2447
"(419.74468085106383, 805.3297872340426)",TM7,0,2448
"(418.68918918918916, 1433.1486486486488)",Streptococcus,0,2449
"(419.7391304347826, 1653.6521739130435)",Capnocytophaga,0,2450
"(427.0820512820513, 78.54358974358975)",Treponema,0,2451
"(422.0, 176.73793103448276)",TM7,0,2452
"(422.1518987341772, 409.37974683544303)",Fusobacterium,0,2454
"(421.0377358490566, 866.2830188679245)",TM7,0,2456
"(421.6666666666667, 1412.611111111111)",Gemella,0,2457
"(425.5813953488372, 387.0)",Prevotella,0,2458
"(423.3975903614458, 506.6385542168675)",TM7,0,2459
"(423.89622641509436, 758.0188679245283)",Prevotella,0,2460
"(422.4831460674157, 1391.0224719101125)",Streptococcus,0,2461
"(423.5826086956522, 1719.9217391304348)",TM7,0,2462
"(424.19191919191917, 1834.1818181818182)",Treponema,0,2463
"(424.6923076923077, 192.04615384615386)",Capnocytophaga,0,2464
"(423.85185185185185, 1085.1234567901236)",Prevotella,0,2465
"(423.31168831168833, 1135.025974025974)",Prevotella,0,2466
"(426.5, 1926.320512820513)",Selenomonas,0,2468
"(425.9, 1302.2428571428572)",Actinomyces,0,2471
"(426.3557692307692, 1427.6057692307693)",Streptococcus,0,2472
"(425.9934640522876, 1539.9934640522877)",Fusobacterium,0,2473
"(425.4214285714286, 1579.4642857142858)",Gemella,0,2474
"(425.2298850574713, 1613.3218390804598)",Lautropia,0,2475
"(424.0657894736842, 228.05263157894737)",Veillonella,0,2477
"(427.2450980392157, 244.18627450980392)",TM7,0,2478
"(425.4810126582278, 311.49367088607596)",Fusobacterium,0,2479
"(427.5238095238095, 565.2244897959183)",Prevotella,0,2480
"(428.9764705882353, 578.0941176470589)",Prevotella,0,2481
"(426.7258064516129, 977.983870967742)",Prevotella,0,2482
"(429.94059405940595, 1038.4158415841584)",Prevotella,0,2483
"(428.24242424242425, 1154.4545454545455)",Prevotella,0,2484
"(426.32, 1456.06)",Streptococcus,0,2487
"(425.6707317073171, 1803.5853658536585)",Capnocytophaga,0,2488
"(424.38157894736844, 1946.328947368421)",Capnocytophaga,0,2489
"(427.1764705882353, 363.5367647058824)",Lautropia,0,2490
"(428.49122807017545, 1020.1315789473684)",Fusobacterium,0,2492
"(425.92045454545456, 1117.840909090909)",Prevotella,0,2493
"(427.2564102564103, 1405.8846153846155)",Leptotrichia,0,2494
"(429.1847826086956, 1744.0)",Porphyromonas,0,2495
"(427.046875, 1879.484375)",TM7,0,2496
"(429.9754098360656, 123.77868852459017)",Capnocytophaga,0,2497
"(431.72327044025155, 494.5974842767296)",TM7,0,2498
"(426.7236842105263, 882.8552631578947)",Prevotella,0,2499
"(428.6736842105263, 1353.0105263157895)",Treponema,0,2500
"(434.1767955801105, 1472.1049723756905)",Leptotrichia,0,2501
"(428.5736434108527, 1667.2713178294573)",Fusobacterium,0,2502
"(430.2403100775194, 620.1627906976744)",Streptococcus,0,2503
"(431.4367816091954, 1331.7356321839081)",Streptococcus,0,2504
"(428.0945945945946, 1685.3918918918919)",TM7,0,2505
"(429.9673913043478, 144.94565217391303)",Lautropia,0,2506
"(431.0425531914894, 474.86170212765956)",Prevotella,0,2507
"(432.2416666666667, 519.1)",Prevotella,0,2508
"(428.1636363636364, 1178.8)",Prevotella,0,2509
"(429.126582278481, 1638.4430379746836)",Capnocytophaga,0,2510
"(429.3235294117647, 1697.6911764705883)",Veillonella,0,2511
"(431.991935483871, 1890.508064516129)",Lautropia,0,2513
"(433.3795620437956, 709.9197080291971)",Rothia,0,2515
"(430.9483870967742, 780.4903225806452)",Rothia,0,2516
"(432.7809523809524, 900.504761904762)",Veillonella,0,2517
"(432.7959183673469, 1238.8843537414966)",Prevotella,0,2518
"(430.6185567010309, 1277.8041237113403)",Prevotella,0,2519
"(429.7926829268293, 1488.3170731707316)",Fusobacterium,0,2520
"(433.5086206896552, 1767.4827586206898)",Leptotrichia,0,2522
"(431.4029850746269, 743.5373134328358)",Rothia,0,2524
"(430.125, 913.875)",Rothia,0,2525
"(432.8611111111111, 965.25)",Prevotella,0,2526
"(436.54777070063693, 1068.8789808917197)",Prevotella,0,2528
"(433.55128205128204, 1190.6153846153845)",Prevotella,0,2529
"(432.2528735632184, 1208.5057471264367)",Prevotella,0,2530
"(433.6666666666667, 1444.7676767676767)",Streptococcus,0,2531
"(432.7049180327869, 1518.7622950819673)",Gemella,0,2532
"(430.55172413793105, 1975.0)",TM7,0,2533
"(434.8595041322314, 280.5206611570248)",Rothia,0,2534
"(434.0067567567568, 327.0067567567568)",Streptococcus,0,2535
"(434.2105263157895, 449.30263157894734)",Rothia,0,2536
"(433.6666666666667, 830.8427672955975)",Fusobacterium,0,2537
"(431.21153846153845, 855.0)",Prevotella,0,2538
"(436.2890625, 1004.078125)",Actinomyces,0,2539
"(432.47058823529414, 1257.3176470588235)",Prevotella,0,2540
"(436.7938144329897, 1651.0103092783504)",Pasteurellaceae,0,2541
"(433.8695652173913, 345.59420289855075)",Corynebacterium,0,2544
"(436.36641221374043, 423.76335877862596)",Prevotella,0,2545
"(434.07575757575756, 540.9469696969697)",Prevotella,0,2546
"(433.1333333333333, 587.3166666666667)",Prevotella,0,2547
"(433.1142857142857, 990.7714285714286)",TM7,0,2549
"(433.88732394366195, 1913.4507042253522)",Leptotrichia,0,2550
"(434.9836065573771, 463.91803278688525)",Prevotella,0,2552
"(437.7457627118644, 1162.3135593220338)",Prevotella,0,2553
"(438.5777777777778, 1369.0666666666666)",Leptotrichia,0,2554
"(434.6792452830189, 1381.0943396226414)",Leptotrichia,0,2555
"(434.28169014084506, 1956.1549295774648)",Veillonella,0,2557
"(434.7391304347826, 1146.2898550724638)",Prevotella,0,2558
"(435.79487179487177, 1320.0897435897436)",Lautropia,0,2559
"(439.87179487179486, 1497.2735042735044)",Lautropia,0,2560
"(438.7027027027027, 1751.6891891891892)",Pasteurellaceae,0,2562
"(438.6509433962264, 1807.5094339622642)",Neisseriaceae,0,2563
"(437.29333333333335, 159.04)",TM7,0,2564
"(436.8421052631579, 697.3157894736842)",Rothia,0,2565
"(441.6135265700483, 808.2125603864735)",Fusobacterium,0,2566
"(436.95604395604397, 1121.2417582417581)",Prevotella,0,2567
"(440.8862275449102, 102.07185628742515)",Fusobacterium,0,2568
"(436.80882352941177, 181.5)",Lautropia,0,2569
"(439.1666666666667, 396.65625)",Lautropia,0,2570
"(437.14864864864865, 936.1081081081081)",Prevotella,0,2571
"(437.0113636363636, 1709.1704545454545)",Selenomonas,0,2572
"(439.2037037037037, 1782.3796296296296)",Streptococcus,0,2573
"(439.0, 1824.6333333333334)",Veillonella,0,2574
"(437.90291262135923, 1864.3495145631068)",Corynebacterium,0,2575
"(441.85093167701865, 305.888198757764)",TM7,0,2576
"(438.97802197802196, 670.2197802197802)",Lautropia,0,2577
"(441.5701754385965, 1084.0964912280701)",Prevotella,0,2578
"(440.1595744680851, 1304.3617021276596)",Treponema,0,2580
"(442.2, 1402.4260869565217)",Streptococcus,0,2581
"(437.4795918367347, 1425.9897959183672)",Streptococcus,0,2582
"(439.06976744186045, 1985.2093023255813)",Veillonella,0,2583
"(439.4810126582278, 230.0632911392405)",Corynebacterium,0,2584
"(441.958904109589, 630.1369863013699)",Streptococcus,0,2585
"(444.6829268292683, 948.6951219512196)",Prevotella,0,2587
"(442.6691729323308, 978.2105263157895)",Prevotella,0,2588
"(440.8, 1101.4105263157894)",Prevotella,0,2589
"(439.83516483516485, 1224.2307692307693)",Prevotella,0,2591
"(439.8070175438597, 1967.3508771929824)",Capnocytophaga,0,2592
"(441.37931034482756, 196.8706896551724)",Rothia,0,2593
"(443.2315789473684, 1259.6105263157895)",Prevotella,0,2594
"(442.12820512820514, 1581.301282051282)",TM7,0,2595
"(446.40410958904107, 1723.123287671233)",Treponema,0,2596
"(446.3533834586466, 1791.9398496240601)",Gemella,0,2597
"(442.95652173913044, 266.7463768115942)",TM7,0,2598
"(440.2307692307692, 871.2692307692307)",Lautropia,0,2599
"(441.72857142857146, 1057.1)",Prevotella,0,2600
"(441.42105263157896, 1671.3333333333333)",Fusobacterium,0,2601
"(439.6296296296296, 1686.1296296296296)",Streptococcus,0,2602
"(443.84615384615387, 215.3956043956044)",TM7,0,2603
"(447.08641975308643, 601.358024691358)",Lautropia,0,2604
"(443.53968253968253, 910.531746031746)",Fusobacterium,0,2606
"(442.42857142857144, 1195.557142857143)",Prevotella,0,2607
"(444.39622641509436, 1418.622641509434)",Streptococcus,0,2608
"(444.90285714285716, 1623.8628571428571)",Treponema,0,2609
"(441.93333333333334, 1841.0)",Capnocytophaga,0,2610
"(442.6463414634146, 1853.219512195122)",Campylobacter,0,2611
"(447.8807339449541, 138.454128440367)",TM7,0,2612
"(443.5733333333333, 354.96)",Prevotella,0,2613
"(445.24242424242425, 1360.969696969697)",Actinomyces,0,2615
"(449.1222222222222, 1459.4777777777779)",Streptococcus,0,2616
"(444.52054794520546, 1736.7534246575342)",Gemella,0,2617
"(445.51960784313724, 736.5686274509804)",TM7,0,2619
"(444.05, 857.8833333333333)",Rothia,0,2620
"(444.63440860215053, 1179.1075268817203)",Prevotella,0,2621
"(446.8241758241758, 1280.4505494505495)",Prevotella,0,2622
"(444.0, 1541.4)",Lautropia,0,2623
"(445.27027027027026, 1872.7162162162163)",TM7,0,2624
"(446.4433962264151, 1900.1603773584907)",Actinomyces,0,2625
"(444.7922077922078, 1934.2467532467533)",Treponema,0,2626
"(444.9384615384615, 561.4)",Prevotella,0,2628
"(443.85, 614.3666666666667)",TM7,0,2629
"(445.4428571428571, 751.9428571428572)",Capnocytophaga,0,2630
"(444.9836065573771, 1043.8688524590164)",Prevotella,0,2632
"(445.87012987012986, 68.49350649350649)",Fusobacterium,0,2633
"(445.39344262295083, 122.8688524590164)",Capnocytophaga,0,2634
"(449.625, 507.7132352941176)",Prevotella,0,2636
"(445.73333333333335, 585.0333333333333)",Fusobacterium,0,2637
"(446.2878787878788, 836.6818181818181)",Fusobacterium,0,2638
"(448.59574468085106, 1345.3191489361702)",Rothia,0,2639
"(449.1, 1553.15)",Actinomyces,0,2640
"(447.2261904761905, 171.77380952380952)",Rothia,0,2642
"(447.2692307692308, 246.81730769230768)",Prevotella,0,2643
"(447.19444444444446, 1015.6111111111111)",Rothia,0,2644
"(453.41129032258067, 1479.508064516129)",Lautropia,0,2645
"(448.5507246376812, 1685.072463768116)",Treponema,0,2646
"(447.22641509433964, 1945.6792452830189)",Corynebacterium,0,2647
"(448.6559139784946, 446.6774193548387)",Prevotella,0,2648
"(450.14814814814815, 1245.8333333333333)",Prevotella,0,2649
"(450.12820512820514, 1332.6538461538462)",TM7,0,2650
"(449.0833333333333, 1431.3666666666666)",Streptococcus,0,2651
"(454.09178743961354, 340.17874396135267)",Corynebacterium,0,2653
"(449.84722222222223, 413.25)",Veillonella,0,2654
"(448.9710144927536, 773.9855072463768)",TM7,0,2655
"(456.11330049261085, 790.448275862069)",TM7,0,2656
"(452.36538461538464, 1322.1923076923076)",Rothia,0,2657
"(449.30434782608694, 1386.1014492753623)",Streptococcus,0,2658
"(452.6666666666667, 1512.5806451612902)",Rothia,0,2659
"(450.53913043478263, 1534.8)",Leptotrichia,0,2660
"(450.9418604651163, 1750.4186046511627)",Corynebacterium,0,2661
"(451.9512195121951, 574.390243902439)",Rothia,0,2662
"(449.89473684210526, 924.7894736842105)",Fusobacterium,0,2664
"(453.8095238095238, 1219.0544217687075)",Prevotella,0,2665
"(451.24590163934425, 1446.1639344262296)",Streptococcus,0,2666
"(453.9135135135135, 1641.4972972972973)",Treponema,0,2667
"(454.67080745341616, 1918.9937888198758)",Treponema,0,2668
"(455.25531914893617, 1984.436170212766)",Treponema,0,2669
"(451.5357142857143, 83.625)",Fusobacterium,0,2670
"(451.1967213114754, 320.0)",Lautropia,0,2671
"(451.69117647058823, 535.9558823529412)",Prevotella,0,2672
"(453.031914893617, 697.1063829787234)",Prevotella,0,2673
"(452.09722222222223, 871.6388888888889)",TM7,0,2674
"(451.23636363636365, 1027.1272727272728)",Lautropia,0,2675
"(452.3306451612903, 1120.467741935484)",Prevotella,0,2676
"(454.0359712230216, 1883.0503597122301)",TM7,0,2679
"(453.38260869565215, 475.3652173913043)",Rothia,0,2680
"(451.95652173913044, 1136.8260869565217)",Prevotella,0,2682
"(454.3809523809524, 1659.4857142857143)",Fusobacterium,0,2683
"(453.43939393939394, 392.1666666666667)",Prevotella,0,2685
"(454.0327868852459, 558.2786885245902)",Prevotella,0,2686
"(458.5632183908046, 623.419540229885)",Leptotrichia,0,2687
"(453.6271186440678, 681.8983050847457)",Streptococcus,0,2688
"(454.85, 722.23)",Prevotella,0,2689
"(454.4222222222222, 1098.3222222222223)",Prevotella,0,2690
"(455.8, 1169.6857142857143)",Prevotella,0,2691
"(455.11971830985914, 1966.0774647887324)",Actinomyces,0,2692
"(459.08, 192.25714285714287)",TM7,0,2693
"(454.4938271604938, 376.7901234567901)",Rothia,0,2694
"(454.8426966292135, 426.03370786516854)",TM7,0,2695
"(460.0113636363636, 499.3068181818182)",TM7,0,2696
"(453.4, 522.22)",Prevotella,0,2697
"(459.81865284974094, 905.6683937823834)",Gemella,0,2698
"(454.8805970149254, 1208.2238805970148)",Prevotella,0,2699
"(455.5, 1565.75)",Treponema,0,2700
"(452.9818181818182, 1671.1636363636364)",TM7,0,2701
"(457.2105263157895, 1817.342105263158)",Streptococcus,0,2703
"(456.1194029850746, 111.13432835820896)",Treponema,0,2704
"(457.0625, 235.9609375)",Fusobacterium,0,2705
"(455.30555555555554, 667.0694444444445)",Lautropia,0,2706
"(459.2857142857143, 998.0178571428571)",Treponema,0,2707
"(460.2037037037037, 1413.638888888889)",Treponema,0,2708
"(462.5882352941176, 65.57219251336899)",Capnocytophaga,0,2710
"(456.1034482758621, 161.98275862068965)",Rothia,0,2711
"(456.4567901234568, 295.1111111111111)",TM7,0,2712
"(460.8904109589041, 984.7465753424658)",Streptococcus,0,2713
"(455.6875, 1152.625)",Prevotella,0,2714
"(460.8034188034188, 1196.2564102564102)",Prevotella,0,2715
"(455.6875, 1838.34375)",Treponema,0,2716
"(460.358024691358, 281.38271604938274)",Rothia,0,2717
"(457.15584415584414, 544.4805194805194)",Prevotella,0,2718
"(460.55288461538464, 816.2115384615385)",Rothia,0,2719
"(456.10169491525426, 857.3898305084746)",TM7,0,2720
"(464.50422535211266, 1363.8140845070423)",Streptococcus,0,2721
"(458.5833333333333, 1610.361111111111)",Lautropia,0,2722
"(457.53125, 1860.390625)",Veillonella,0,2723
"(462.8222222222222, 1996.7666666666667)",Streptococcus,0,2724
"(460.1485148514852, 94.91089108910892)",Capnocytophaga,0,2725
"(459.3627450980392, 214.3235294117647)",Campylobacter,0,2726
"(460.7962962962963, 839.9166666666666)",Prevotella,0,2728
"(458.3466666666667, 1039.5733333333333)",Prevotella,0,2729
"(459.6814159292035, 1063.654867256637)",Prevotella,0,2730
"(459.1341463414634, 1080.9268292682927)",Prevotella,0,2731
"(459.1818181818182, 1380.5064935064936)",Lautropia,0,2732
"(465.20866141732284, 1599.0984251968505)",Fusobacterium,0,2733
"(464.87951807228916, 150.26506024096386)",TM7,0,2734
"(460.7457627118644, 265.91525423728814)",Rothia,0,2735
"(459.72463768115944, 363.72463768115944)",Capnocytophaga,0,2736
"(459.36842105263156, 588.9473684210526)",Rothia,0,2737
"(457.89285714285717, 1434.3035714285713)",Lautropia,0,2739
"(466.0159574468085, 1703.6382978723404)",TM7,0,2740
"(459.63793103448273, 1737.3103448275863)",Treponema,0,2741
"(461.13186813186815, 1754.6703296703297)",Gemella,0,2742
"(461.46875, 1788.9375)",Streptococcus,0,2743
"(458.89285714285717, 1262.1785714285713)",Prevotella,0,2744
"(462.41346153846155, 1296.1346153846155)",Prevotella,0,2745
"(464.272, 1499.456)",Veillonella,0,2746
"(461.5263157894737, 736.3815789473684)",Fusobacterium,0,2747
"(461.37654320987656, 759.5370370370371)",Capnocytophaga,0,2748
"(461.0990099009901, 966.3960396039604)",Streptococcus,0,2749
"(467.10614525139664, 1180.5195530726257)",Prevotella,0,2750
"(462.59090909090907, 1934.8545454545454)",Streptococcus,0,2751
"(463.0232558139535, 127.02325581395348)",Capnocytophaga,0,2752
"(463.26666666666665, 949.4933333333333)",Gemella,0,2753
"(464.27710843373495, 1399.879518072289)",Streptococcus,0,2755
"(462.2676056338028, 1679.661971830986)",Capnocytophaga,0,2756
"(462.7647058823529, 1904.75)",Rothia,0,2757
"(463.2083333333333, 455.8888888888889)",Prevotella,0,2759
"(464.18823529411765, 1770.5882352941176)",Leptotrichia,0,2761
"(467.73333333333335, 1025.414814814815)",TM7,0,2762
"(466.42857142857144, 1580.1666666666667)",Gemella,0,2764
"(465.1166666666667, 80.1)",Campylobacter,0,2765
"(465.078125, 321.140625)",Rothia,0,2766
"(464.87692307692305, 712.7538461538461)",Rothia,0,2767
"(465.0, 1160.532258064516)",Prevotella,0,2768
"(469.5238095238095, 1446.304761904762)",Gemella,0,2769
"(468.5329341317365, 1552.2155688622754)",TM7,0,2770
"(467.6645569620253, 174.5759493670886)",Fusobacterium,0,2771
"(467.35483870967744, 291.7096774193548)",Fusobacterium,0,2772
"(467.4769230769231, 400.0923076923077)",Rothia,0,2773
"(469.06535947712416, 524.7647058823529)",Prevotella,0,2774
"(468.8255813953488, 639.5813953488372)",Lautropia,0,2776
"(466.1666666666667, 880.3076923076923)",Prevotella,0,2777
"(468.6666666666667, 1135.2486772486773)",Prevotella,0,2778
"(469.9145299145299, 1478.7863247863247)",Rothia,0,2779
"(467.7142857142857, 1853.3376623376623)",Actinomyces,0,2781
"(467.8888888888889, 382.62626262626264)",TM7,0,2783
"(469.0268456375839, 670.4362416107383)",Prevotella,0,2784
"(467.5238095238095, 1458.6349206349207)",Treponema,0,2786
"(470.7415730337079, 1723.747191011236)",Leptotrichia,0,2787
"(468.94059405940595, 1801.8712871287128)",Streptococcus,0,2788
"(467.11224489795916, 1885.142857142857)",Pasteurellaceae,0,2789
"(468.64516129032256, 250.65591397849462)",Rothia,0,2790
"(471.88349514563106, 347.79611650485435)",TM7,0,2791
"(470.26506024096386, 441.7831325301205)",Fusobacterium,0,2792
"(467.56451612903226, 486.9516129032258)",Prevotella,0,2793
"(469.25581395348837, 562.8139534883721)",Prevotella,0,2794
"(467.6616541353383, 862.2330827067669)",TM7,0,2795
"(470.8082191780822, 1156.6438356164383)",Prevotella,0,2797
"(470.90677966101697, 1241.9830508474577)",Prevotella,0,2799
"(468.94520547945206, 1258.0)",Prevotella,0,2800
"(471.29411764705884, 1536.5546218487395)",Veillonella,0,2801
"(468.7590361445783, 1620.7710843373493)",Lautropia,0,2802
"(467.76363636363635, 1667.8181818181818)",Pasteurellaceae,0,2803
"(468.40816326530614, 420.8673469387755)",Fusobacterium,0,2805
"(470.05479452054794, 1008.917808219178)",Lautropia,0,2806
"(473.0, 1046.0066666666667)",Prevotella,0,2807
"(478.82278481012656, 1277.0168776371308)",Prevotella,0,2808
"(469.5897435897436, 1424.7820512820513)",Leptotrichia,0,2809
"(468.56716417910445, 1828.3283582089553)",Lautropia,0,2810
"(468.44262295081967, 1949.4918032786886)",Streptococcus,0,2811
"(472.22727272727275, 112.89772727272727)",Capnocytophaga,0,2812
"(470.241935483871, 549.5645161290323)",Fusobacterium,0,2813
"(474.13125, 1094.0375)",Prevotella,0,2816
"(473.7417218543046, 1340.2649006622516)",Lautropia,0,2817
"(471.3739837398374, 1644.6341463414635)",Prevotella,0,2818
"(471.92727272727274, 602.5272727272727)",Lautropia,0,2819
"(471.30263157894734, 684.078947368421)",TM7,0,2820
"(471.1896551724138, 893.4827586206897)",TM7,0,2821
"(472.77450980392155, 1078.9411764705883)",Prevotella,0,2822
"(472.1090909090909, 1515.8272727272727)",Prevotella,0,2823
"(471.60655737704917, 1655.4918032786886)",Fusobacterium,0,2824
"(471.22857142857146, 1840.557142857143)",Gemella,0,2825
"(476.13675213675214, 1910.2735042735044)",Selenomonas,0,2826
"(479.88439306358384, 218.73410404624278)",TM7,0,2827
"(472.11538461538464, 272.4423076923077)",Prevotella,0,2828
"(471.85087719298247, 1225.157894736842)",Prevotella,0,2830
"(473.02985074626866, 55.791044776119406)",Capnocytophaga,0,2831
"(472.41509433962267, 507.3018867924528)",Rothia,0,2832
"(476.27906976744185, 803.3488372093024)",Rothia,0,2834
"(474.0128205128205, 1434.423076923077)",Streptococcus,0,2835
"(474.609756097561, 206.0121951219512)",Lautropia,0,2836
"(475.4024390243902, 234.0609756097561)",TM7,0,2837
"(473.5, 308.5)",Rothia,0,2838
"(475.9186991869919, 369.9430894308943)",TM7,0,2839
"(477.7040816326531, 481.55102040816325)",Prevotella,0,2840
"(474.06, 538.1)",Prevotella,0,2841
"(475.4578313253012, 650.4698795180723)",Fusobacterium,0,2842
"(479.9300699300699, 702.7762237762238)",Prevotella,0,2843
"(474.5660377358491, 1318.2641509433963)",Lautropia,0,2845
"(478.86238532110093, 1392.211009174312)",Streptococcus,0,2846
"(475.71153846153845, 1571.6923076923076)",Streptococcus,0,2847
"(476.2013888888889, 1963.1666666666667)",Capnocytophaga,0,2848
"(474.5859375, 963.984375)",Prevotella,0,2849
"(474.52, 1109.64)",Prevotella,0,2850
"(474.74, 1978.39)",TM7,0,2851
"(477.9375, 85.20833333333333)",Campylobacter,0,2852
"(482.3469387755102, 103.47619047619048)",Capnocytophaga,0,2853
"(476.54545454545456, 739.6818181818181)",Prevotella,0,2855
"(475.5098039215686, 1120.549019607843)",Prevotella,0,2856
"(479.4130434782609, 1306.358695652174)",TM7,0,2857
"(480.59842519685037, 1467.3070866141732)",Treponema,0,2858
"(476.97402597402595, 1780.5974025974026)",Streptococcus,0,2859
"(477.4035087719298, 319.6842105263158)",Prevotella,0,2860
"(478.62608695652176, 724.2)",Fusobacterium,0,2861
"(476.7878787878788, 767.4545454545455)",Prevotella,0,2862
"(476.15714285714284, 1063.3428571428572)",Prevotella,0,2863
"(486.12883435582825, 1323.20245398773)",Prevotella,0,2864
"(479.05970149253733, 1379.7462686567164)",Leptotrichia,0,2865
"(479.3095238095238, 1412.6309523809523)",Leptotrichia,0,2866
"(480.96385542168673, 1793.7590361445782)",Streptococcus,0,2869
"(481.38961038961037, 1863.474025974026)",TM7,0,2870
"(477.18461538461537, 184.33846153846153)",Rothia,0,2871
"(478.5903614457831, 625.3132530120482)",Corynebacterium,0,2873
"(478.017094017094, 915.4444444444445)",Lautropia,0,2874
"(487.1328125, 934.83984375)",Lautropia,0,2875
"(479.1650485436893, 1495.883495145631)",Prevotella,0,2876
"(486.79234972677597, 1633.0109289617487)",Veillonella,0,2877
"(483.5138888888889, 1760.8472222222222)",Streptococcus,0,2878
"(479.9166666666667, 1820.3125)",Gemella,0,2879
"(478.69642857142856, 1894.580357142857)",Treponema,0,2880
"(480.4913793103448, 1991.8793103448277)",Capnocytophaga,0,2881
"(479.54285714285714, 255.61428571428573)",TM7,0,2882
"(479.6896551724138, 494.05172413793105)",Lautropia,0,2883
"(478.16, 612.78)",Lautropia,0,2884
"(482.7735042735043, 1201.4273504273503)",Prevotella,0,2885
"(482.5657894736842, 1510.7105263157894)",Rothia,0,2886
"(486.67251461988303, 159.44444444444446)",Corynebacterium,0,2888
"(479.3205128205128, 300.0769230769231)",Rothia,0,2889
"(480.9019607843137, 792.9607843137255)",TM7,0,2890
"(479.2450980392157, 876.7941176470588)",TM7,0,2891
"(481.1463414634146, 1673.6341463414635)",Treponema,0,2892
"(481.7142857142857, 1684.6483516483515)",Streptococcus,0,2893
"(480.86, 1741.74)",Leptotrichia,0,2894
"(480.7049180327869, 1808.3934426229507)",Leptotrichia,0,2895
"(480.90277777777777, 333.97222222222223)",Rothia,0,2897
"(482.19101123595505, 425.60674157303373)",Prevotella,0,2898
"(483.2197802197802, 785.5714285714286)",Rothia,0,2899
"(481.1794871794872, 899.5641025641025)",Lautropia,0,2900
"(481.86567164179104, 1220.044776119403)",Prevotella,0,2901
"(485.7857142857143, 1527.1825396825398)",Prevotella,0,2902
"(486.4, 132.08461538461538)",Fusobacterium,0,2903
"(487.5042735042735, 190.15384615384616)",Rothia,0,2904
"(483.95726495726495, 407.86324786324786)",Prevotella,0,2905
"(482.7469879518072, 566.9879518072289)",Prevotella,0,2906
"(482.6666666666667, 774.4705882352941)",Prevotella,0,2908
"(482.16129032258067, 992.8225806451613)",Leptotrichia,0,2909
"(483.3139534883721, 1157.4418604651162)",Prevotella,0,2910
"(483.03125, 1618.421875)",Leptotrichia,0,2911
"(483.23943661971833, 593.6338028169014)",Prevotella,0,2913
"(483.5833333333333, 658.4083333333333)",Rothia,0,2914
"(482.25, 753.953125)",Fusobacterium,0,2915
"(483.8030303030303, 825.9318181818181)",TM7,0,2916
"(481.59154929577466, 1251.0281690140846)",Prevotella,0,2917
"(486.8888888888889, 1370.3931623931624)",Leptotrichia,0,2918
"(484.4555555555556, 1879.5333333333333)",Gemella,0,2919
"(491.4125874125874, 269.75524475524475)",TM7,0,2920
"(487.0833333333333, 349.9166666666667)",Prevotella,0,2921
"(484.91, 847.09)",Fusobacterium,0,2923
"(486.13592233009706, 951.1747572815534)",Gemella,0,2924
"(484.92753623188406, 1022.1449275362319)",Fusobacterium,0,2925
"(485.56666666666666, 1126.7777777777778)",Prevotella,0,2926
"(485.2882882882883, 1592.009009009009)",Capnocytophaga,0,2927
"(488.92039800995025, 1652.9452736318408)",TM7,0,2928
"(484.67241379310343, 1829.344827586207)",Gemella,0,2929
"(491.1933333333333, 205.49333333333334)",Prevotella,0,2930
"(490.25592417061614, 450.6824644549763)",Prevotella,0,2931
"(485.5826771653543, 547.6771653543307)",Prevotella,0,2932
"(489.10377358490564, 1438.5754716981132)",Streptococcus,0,2934
"(487.16901408450707, 1771.6901408450703)",Streptococcus,0,2935
"(485.54545454545456, 48.40495867768595)",Streptococcus,0,2936
"(485.05263157894734, 512.1973684210526)",TM7,0,2937
"(485.78688524590166, 1296.0655737704917)",TM7,0,2939
"(495.1391304347826, 1348.3652173913044)",Treponema,0,2940
"(485.5, 1939.409090909091)",Gemella,0,2941
"(489.375, 173.9659090909091)",Fusobacterium,0,2942
"(490.7079646017699, 675.70796460177)",Fusobacterium,0,2943
"(491.08444444444444, 1174.4355555555555)",Prevotella,0,2944
"(487.5211267605634, 1238.1408450704225)",Prevotella,0,2945
"(487.968253968254, 1844.968253968254)",Treponema,0,2947
"(491.2118644067797, 1047.2966101694915)",Prevotella,0,2949
"(495.2748091603053, 89.68702290076335)",Capnocytophaga,0,2950
"(489.16494845360825, 286.1340206185567)",TM7,0,2952
"(488.85714285714283, 313.6020408163265)",Prevotella,0,2953
"(492.91346153846155, 567.1057692307693)",Prevotella,0,2954
"(489.0, 637.0576923076923)",Leptotrichia,0,2955
"(490.34567901234567, 856.9753086419753)",Prevotella,0,2956
"(488.7125, 888.45)",Prevotella,0,2957
"(493.6025641025641, 1142.0576923076924)",Prevotella,0,2958
"(490.03921568627453, 1701.5588235294117)",Leptotrichia,0,2959
"(491.14942528735634, 1713.2528735632184)",Leptotrichia,0,2960
"(491.84615384615387, 1928.3461538461538)",Veillonella,0,2961
"(490.0816326530612, 70.9795918367347)",Capnocytophaga,0,2962
"(495.59090909090907, 812.8257575757576)",Pasteurellaceae,0,2963
"(491.0, 1555.5)",Rothia,0,2964
"(490.28205128205127, 1576.9615384615386)",Prevotella,0,2965
"(491.22222222222223, 252.26984126984127)",TM7,0,2966
"(491.70866141732284, 388.503937007874)",TM7,0,2967
"(490.64, 623.62)",Streptococcus,0,2968
"(493.8618421052632, 713.5)",Prevotella,0,2969
"(491.48809523809524, 1062.7738095238096)",TM7,0,2971
"(494.8021978021978, 1402.032967032967)",Leptotrichia,0,2972
"(493.42857142857144, 1481.0380952380951)",Gemella,0,2973
"(493.99122807017545, 1743.842105263158)",Streptococcus,0,2974
"(497.6, 366.6923076923077)",Capnocytophaga,0,2975
"(496.49032258064517, 767.9096774193548)",Fusobacterium,0,2976
"(491.1038961038961, 909.2727272727273)",Lautropia,0,2977
"(491.77272727272725, 978.0227272727273)",Prevotella,0,2978
"(495.87, 1085.515)",TM7,0,2979
"(492.49514563106794, 1258.1844660194174)",Prevotella,0,2980
"(498.46666666666664, 1420.0133333333333)",Streptococcus,0,2981
"(494.96992481203006, 1602.4812030075188)",TM7,0,2982
"(495.9281045751634, 1784.424836601307)",Leptotrichia,0,2983
"(493.0940170940171, 1954.5128205128206)",Capnocytophaga,0,2984
"(493.25925925925924, 1498.320987654321)",Campylobacter,0,2986
"(493.6034482758621, 239.8448275862069)",Fusobacterium,0,2987
"(495.17514124293785, 429.2316384180791)",Prevotella,0,2988
"(493.54545454545456, 498.5584415584416)",Prevotella,0,2989
"(497.84444444444443, 605.2444444444444)",Prevotella,0,2990
"(494.92857142857144, 693.9047619047619)",TM7,0,2991
"(493.6862745098039, 800.1372549019608)",Fusobacterium,0,2992
"(500.1243781094527, 1451.9203980099503)",Lautropia,0,2993
"(496.26771653543307, 1726.6299212598426)",Treponema,0,2994
"(496.32835820895525, 1867.3432835820895)",Streptococcus,0,2995
"(494.2470588235294, 1901.9529411764706)",Capnocytophaga,0,2996
"(493.2, 1980.06)",Corynebacterium,0,2997
"(496.6666666666667, 514.7456140350877)",Prevotella,0,2998
"(499.6167664670659, 536.4550898203593)",Prevotella,0,2999
"(499.27647058823527, 640.3117647058823)",Streptococcus,0,3000
"(495.4697986577181, 745.5234899328859)",Prevotella,0,3001
"(495.67676767676767, 1108.1818181818182)",Rothia,0,3002
"(496.03409090909093, 1802.2386363636363)",Leptotrichia,0,3003
"(494.32, 1968.96)",Capnocytophaga,0,3004
"(497.3411764705882, 327.18823529411765)",Capnocytophaga,0,3005
"(495.67241379310343, 964.5344827586207)",Campylobacter,0,3006
"(495.93055555555554, 1033.611111111111)",TM7,0,3007
"(499.38582677165357, 1231.763779527559)",Prevotella,0,3008
"(496.7263157894737, 1539.536842105263)",Rothia,0,3010
"(499.68702290076334, 1883.2748091603053)",Fusobacterium,0,3011
"(502.80120481927713, 1989.44578313253)",Treponema,0,3012
"(502.2064516129032, 39.961290322580645)",Capnocytophaga,0,3013
"(499.0782608695652, 588.9304347826087)",Prevotella,0,3014
"(500.17894736842106, 1282.0684210526315)",Prevotella,0,3015
"(498.2105263157895, 1822.578947368421)",Capnocytophaga,0,3016
"(497.55357142857144, 101.83928571428571)",TM7,0,3017
"(498.01769911504425, 833.6991150442478)",Leptotrichia,0,3018
"(500.9625, 864.5375)",TM7,0,3019
"(498.77777777777777, 1216.9259259259259)",Prevotella,0,3020
"(500.2247191011236, 1312.5955056179776)",Prevotella,0,3021
"(502.5987261146497, 1682.4522292993631)",Treponema,0,3023
"(501.7642276422764, 1844.959349593496)",Selenomonas,0,3024
"(499.24615384615385, 23.16923076923077)",Capnocytophaga,0,3025
"(498.9107142857143, 476.57142857142856)",Prevotella,0,3026
"(517.3287671232877, 783.9561643835616)",Streptococcus,0,3027
"(498.1929824561403, 991.4561403508771)",Rothia,0,3028
"(498.75, 1005.6944444444445)",Rothia,0,3029
"(498.27941176470586, 1298.485294117647)",Fusobacterium,0,3030
"(505.35897435897436, 1333.25)",Streptococcus,0,3031
"(500.48514851485146, 122.18811881188118)",Corynebacterium,0,3032
"(501.0175438596491, 264.859649122807)",Prevotella,0,3033
"(501.11650485436894, 404.43689320388347)",Prevotella,0,3034
"(500.67605633802816, 490.07042253521126)",Prevotella,0,3035
"(503.0315789473684, 1022.6421052631579)",TM7,0,3037
"(503.83809523809526, 1753.904761904762)",Streptococcus,0,3039
"(502.0422535211268, 339.7464788732394)",Rothia,0,3041
"(508.14141414141415, 613.570707070707)",Corynebacterium,0,3042
"(501.23809523809524, 845.5714285714286)",Streptococcus,0,3043
"(502.88235294117646, 1124.8725490196077)",Prevotella,0,3044
"(503.8333333333333, 1381.7121212121212)",Rothia,0,3045
"(500.5, 1520.2432432432433)",Lautropia,0,3046
"(506.09316770186336, 60.546583850931675)",Fusobacterium,0,3047
"(506.46564885496184, 217.6946564885496)",TM7,0,3049
"(508.9217391304348, 281.83478260869566)",TM7,0,3050
"(503.29761904761904, 293.57142857142856)",Rothia,0,3051
"(503.15625, 307.3020833333333)",Rothia,0,3052
"(508.46753246753246, 1916.4155844155844)",Capnocytophaga,0,3054
"(507.41525423728814, 560.1864406779661)",Rothia,0,3055
"(503.6381578947368, 918.0065789473684)",Lautropia,0,3056
"(504.75, 950.53125)",TM7,0,3057
"(506.2952380952381, 1068.009523809524)",Rothia,0,3058
"(501.7818181818182, 1579.6181818181817)",Lautropia,0,3059
"(503.7457627118644, 141.45762711864407)",Corynebacterium,0,3060
"(503.25, 233.90384615384616)",Rothia,0,3061
"(505.0375, 465.2375)",Prevotella,0,3062
"(508.22463768115944, 1563.7898550724638)",TM7,0,3063
"(505.40677966101697, 1954.1186440677966)",Selenomonas,0,3065
"(504.2063492063492, 9.777777777777779)",Capnocytophaga,0,3067
"(505.7846153846154, 151.4923076923077)",Capnocytophaga,0,3068
"(506.69026548672565, 187.1769911504425)",TM7,0,3069
"(507.6930693069307, 392.46534653465346)",TM7,0,3070
"(505.3965517241379, 420.3103448275862)",Rothia,0,3071
"(507.63709677419354, 1368.6774193548388)",Lautropia,0,3072
"(508.24657534246575, 352.35616438356163)",Prevotella,0,3073
"(507.8068181818182, 378.14772727272725)",Rothia,0,3074
"(508.25, 549.6875)",Prevotella,0,3075
"(509.0240963855422, 651.9397590361446)",Streptococcus,0,3076
"(507.4767441860465, 253.30232558139534)",Rothia,0,3077
"(507.5154639175258, 971.1237113402062)",TM7,0,3079
"(505.3731343283582, 1050.134328358209)",Lautropia,0,3080
"(510.025, 1266.8833333333334)",Prevotella,0,3081
"(507.8170731707317, 1490.621951219512)",TM7,0,3082
"(507.46666666666664, 1635.5333333333333)",TM7,0,3083
"(507.8484848484849, 1700.969696969697)",Leptotrichia,0,3084
"(510.2878787878788, 1940.280303030303)",Leptotrichia,0,3085
"(511.3731343283582, 436.67910447761193)",Fusobacterium,0,3086
"(509.25333333333333, 719.3533333333334)",Lautropia,0,3087
"(507.9852941176471, 742.2058823529412)",Rothia,0,3088
"(512.1783783783784, 797.5891891891891)",Streptococcus,0,3089
"(507.7536231884058, 996.2898550724638)",Selenomonas,0,3090
"(508.3728813559322, 1532.9830508474577)",Prevotella,0,3091
"(509.93939393939394, 1856.7424242424242)",Corynebacterium,0,3092
"(513.6974789915967, 173.47899159663865)",Capnocytophaga,0,3093
"(509.8369565217391, 690.6304347826087)",Lautropia,0,3094
"(511.11764705882354, 703.9117647058823)",Fusobacterium,0,3095
"(511.1666666666667, 817.95)",Fusobacterium,0,3096
"(508.6619718309859, 983.5492957746479)",Lautropia,0,3097
"(519.0830324909747, 1082.5740072202166)",Streptococcus,0,3098
"(509.0853658536585, 1105.9878048780488)",Prevotella,0,3099
"(509.7142857142857, 1204.6050420168067)",Prevotella,0,3100
"(512.05, 1396.21875)",Fusobacterium,0,3101
"(515.1024390243903, 1431.6097560975609)",Lautropia,0,3102
"(508.4920634920635, 1507.079365079365)",Rothia,0,3103
"(508.42857142857144, 1550.1964285714287)",Fusobacterium,0,3104
"(511.8615384615385, 1808.1846153846154)",Leptotrichia,0,3105
"(507.7118644067797, 1897.2372881355932)",Leptotrichia,0,3107
"(515.3624161073825, 201.04026845637583)",Fusobacterium,0,3108
"(510.82142857142856, 454.64285714285717)",Prevotella,0,3109
"(511.6474820143885, 760.2158273381295)",Prevotella,0,3111
"(510.65671641791045, 1590.910447761194)",Fusobacterium,0,3112
"(511.88950276243094, 1610.635359116022)",TM7,0,3113
"(511.6015037593985, 1711.9323308270677)",Leptotrichia,0,3114
"(511.74545454545455, 1777.1181818181817)",Streptococcus,0,3115
"(510.7413793103448, 133.08620689655172)",TM7,0,3116
"(511.42857142857144, 574.0357142857143)",Lautropia,0,3117
"(511.8131868131868, 855.5934065934066)",Rothia,0,3118
"(512.6319444444445, 1145.173611111111)",Prevotella,0,3119
"(511.58940397350995, 1471.9139072847681)",Rothia,0,3120
"(512.559633027523, 1666.7798165137615)",Selenomonas,0,3121
"(512.972972972973, 1735.25)",Streptococcus,0,3122
"(512.7407407407408, 94.9753086419753)",TM7,0,3123
"(512.5230769230769, 316.66153846153844)",Lautropia,0,3125
"(511.71153846153845, 475.8269230769231)",Prevotella,0,3126
"(513.5555555555555, 663.0138888888889)",Streptococcus,0,3127
"(513.7116564417178, 877.1288343558282)",TM7,0,3128
"(518.8804664723032, 1182.9620991253644)",Prevotella,0,3129
"(517.8014184397163, 1881.787234042553)",Fusobacterium,0,3130
"(514.5277777777778, 1958.5)",Pasteurellaceae,0,3131
"(514.6413043478261, 15.815217391304348)",Capnocytophaga,0,3132
"(514.7383177570093, 75.90654205607477)",Capnocytophaga,0,3133
"(522.6967213114754, 506.3688524590164)",Prevotella,0,3135
"(513.2361111111111, 1011.6805555555555)",Prevotella,0,3136
"(517.535593220339, 1049.406779661017)",Rothia,0,3137
"(518.5798816568048, 1250.5325443786983)",Prevotella,0,3138
"(512.5714285714286, 1292.1964285714287)",Rothia,0,3139
"(513.52, 1576.8933333333334)",Lautropia,0,3141
"(514.7037037037037, 243.90740740740742)",Prevotella,0,3142
"(518.0245901639345, 329.5409836065574)",Capnocytophaga,0,3143
"(513.7924528301887, 526.4150943396227)",Prevotella,0,3144
"(519.5153374233129, 586.5276073619632)",Prevotella,0,3145
"(522.0364583333334, 731.7864583333334)",Prevotella,0,3146
"(515.5769230769231, 900.2538461538461)",Treponema,0,3147
"(513.28, 1823.92)",Veillonella,0,3148
"(514.8214285714286, 1972.607142857143)",Treponema,0,3149
"(522.0995260663507, 483.8388625592417)",Rothia,0,3151
"(519.9916666666667, 1133.75)",Prevotella,0,3152
"(514.536231884058, 1306.8115942028985)",Prevotella,0,3153
"(516.5714285714286, 1646.1818181818182)",Treponema,0,3154
"(516.0675675675676, 107.32432432432432)",Capnocytophaga,0,3155
"(517.1058823529412, 1159.3529411764705)",Prevotella,0,3156
"(521.0366972477065, 1350.633027522936)",Prevotella,0,3157
"(516.4133333333333, 1843.3866666666668)",Streptococcus,0,3158
"(525.0346820809249, 1861.1560693641618)",Capnocytophaga,0,3159
"(521.1052631578947, 1928.3245614035088)",Capnocytophaga,0,3160
"(518.1095890410959, 229.95890410958904)",TM7,0,3161
"(520.0, 342.03333333333336)",Rothia,0,3162
"(518.3232323232323, 1222.3434343434344)",Prevotella,0,3163
"(517.0126582278481, 1523.2911392405063)",TM7,0,3164
"(517.7857142857143, 261.9428571428571)",TM7,0,3165
"(520.1428571428571, 414.7857142857143)",Prevotella,0,3166
"(517.9746835443038, 674.1012658227849)",Leptotrichia,0,3167
"(520.5056179775281, 828.7303370786517)",Rothia,0,3168
"(518.1833333333333, 1542.9)",Lautropia,0,3169
"(519.2641509433962, 32.924528301886795)",Corynebacterium,0,3170
"(521.4886363636364, 144.7159090909091)",Capnocytophaga,0,3171
"(523.1753246753246, 300.37012987012986)",Prevotella,0,3172
"(521.2127659574468, 937.2021276595744)",Gemella,0,3175
"(519.1704545454545, 1119.25)",Prevotella,0,3176
"(523.8550724637681, 1237.7463768115942)",Prevotella,0,3177
"(525.6794871794872, 1824.076923076923)",Capnocytophaga,0,3179
"(522.9166666666666, 363.28205128205127)",Prevotella,0,3180
"(520.1904761904761, 383.031746031746)",Rothia,0,3181
"(518.4716981132076, 947.6603773584906)",Prevotella,0,3182
"(519.5094339622641, 1379.0754716981132)",Prevotella,0,3183
"(524.7549668874173, 1461.1523178807947)",Prevotella,0,3184
"(523.3565891472869, 1751.6356589147288)",Streptococcus,0,3185
"(520.8425925925926, 1789.4722222222222)",Capnocytophaga,0,3186
"(523.2676056338029, 242.32394366197184)",TM7,0,3187
"(521.953488372093, 847.453488372093)",TM7,0,3188
"(520.377358490566, 1679.4528301886792)",Treponema,0,3190
"(521.8701298701299, 128.96103896103895)",Capnocytophaga,0,3192
"(523.0384615384615, 216.16666666666666)",TM7,0,3193
"(522.2020202020202, 446.77777777777777)",Rothia,0,3194
"(523.6111111111111, 464.1222222222222)",Prevotella,0,3195
"(523.697247706422, 913.7247706422019)",Streptococcus,0,3196
"(524.1485148514852, 1033.039603960396)",Fusobacterium,0,3197
"(522.5783132530121, 1284.8915662650602)",Prevotella,0,3198
"(525.5, 1902.926724137931)",Capnocytophaga,0,3199
"(524.6769230769231, 1956.2769230769231)",TM7,0,3200
"(525.7722772277227, 528.8811881188119)",Prevotella,0,3201
"(524.5588235294117, 664.2843137254902)",Streptococcus,0,3204
"(525.5657894736842, 969.7072368421053)",Streptococcus,0,3205
"(524.797619047619, 1314.1666666666667)",TM7,0,3206
"(524.4468085106383, 1333.872340425532)",Prevotella,0,3207
"(523.5217391304348, 1487.4202898550725)",TM7,0,3208
"(530.3383838383838, 1506.7070707070707)",Lautropia,0,3209
"(533.2829268292683, 1549.9170731707318)",Lautropia,0,3210
"(524.7709923664122, 1633.4580152671756)",TM7,0,3211
"(525.0530303030303, 279.7878787878788)",Capnocytophaga,0,3212
"(523.5979381443299, 642.3505154639175)",Fusobacterium,0,3213
"(528.9105263157895, 746.6315789473684)",Lautropia,0,3214
"(529.5882352941177, 765.5882352941177)",Rothia,0,3215
"(530.0501792114695, 998.516129032258)",Streptococcus,0,3216
"(526.1692307692308, 1685.576923076923)",Leptotrichia,0,3217
"(531.2083333333334, 1802.3402777777778)",Selenomonas,0,3219
"(526.5068493150685, 158.4931506849315)",TM7,0,3220
"(524.2, 568.2461538461539)",Lautropia,0,3221
"(524.8148148148148, 625.2777777777778)",Corynebacterium,0,3222
"(528.1206896551724, 1269.1637931034484)",Prevotella,0,3224
"(526.45, 1364.7125)",Fusobacterium,0,3225
"(525.3793103448276, 1601.7471264367816)",Fusobacterium,0,3226
"(529.1153846153846, 1617.5288461538462)",Rothia,0,3227
"(525.8870967741935, 1736.2903225806451)",Streptococcus,0,3228
"(527.7049180327868, 1776.1803278688524)",Lautropia,0,3229
"(524.632911392405, 1989.5569620253164)",Treponema,0,3230
"(526.8024691358024, 186.69135802469137)",Fusobacterium,0,3231
"(526.2253521126761, 1020.2112676056338)",Fusobacterium,0,3232
"(526.8372093023256, 1208.3023255813953)",Prevotella,0,3233
"(535.4556213017752, 1447.9585798816568)",TM7,0,3234
"(526.4150943396227, 1659.0943396226414)",Leptotrichia,0,3235
"(527.8658536585366, 85.79268292682927)",TM7,0,3236
"(529.0405405405405, 112.85135135135135)",Rothia,0,3237
"(530.6344086021505, 402.98387096774195)",Rothia,0,3238
"(535.9982046678635, 695.3662477558348)",Streptococcus,0,3239
"(528.8636363636364, 810.5454545454545)",Campylobacter,0,3241
"(527.4150943396227, 1300.3207547169811)",Fusobacterium,0,3242
"(529.1081081081081, 1532.8918918918919)",Fusobacterium,0,3243
"(528.21875, 1569.5729166666667)",TM7,0,3244
"(531.2869565217392, 1587.6173913043478)",Lautropia,0,3245
"(528.974025974026, 1765.5454545454545)",Leptotrichia,0,3246
"(529.5, 9.578125)",Capnocytophaga,0,3248
"(534.6666666666666, 48.72649572649573)",Capnocytophaga,0,3249
"(537.4345238095239, 97.74404761904762)",Leptotrichia,0,3250
"(530.5735294117648, 552.4411764705883)",Prevotella,0,3251
"(533.1357466063348, 611.1447963800905)",Prevotella,0,3252
"(529.4864864864865, 926.9324324324324)",Rothia,0,3253
"(532.8285714285714, 1411.990476190476)",TM7,0,3254
"(529.3387096774194, 1972.483870967742)",Streptococcus,0,3255
"(533.9375, 70.03571428571429)",TM7,0,3256
"(534.951048951049, 259.6293706293706)",Capnocytophaga,0,3257
"(532.8837209302326, 349.9651162790698)",Capnocytophaga,0,3258
"(536.4520547945206, 872.0479452054794)",Treponema,0,3260
"(532.9924812030075, 1398.8721804511279)",Rothia,0,3261
"(531.2071428571429, 1943.5642857142857)",Capnocytophaga,0,3262
"(531.542372881356, 29.47457627118644)",Veillonella,0,3263
"(532.5394736842105, 170.6578947368421)",Capnocytophaga,0,3264
"(533.4634146341464, 315.280487804878)",Capnocytophaga,0,3265
"(532.5454545454545, 429.68595041322317)",TM7,0,3266
"(536.3295454545455, 1121.4431818181818)",Prevotella,0,3267
"(533.9333333333333, 675.3888888888889)",Treponema,0,3269
"(533.2577319587629, 1702.4639175257732)",Treponema,0,3270
"(540.5106382978723, 1789.4787234042553)",Capnocytophaga,0,3271
"(534.8121546961326, 1843.1381215469614)",Capnocytophaga,0,3272
"(535.0, 227.96938775510205)",Capnocytophaga,0,3273
"(541.8894736842105, 495.88947368421054)",Rothia,0,3274
"(533.8275862068965, 643.8103448275862)",Capnocytophaga,0,3275
"(537.7182320441989, 898.8563535911602)",Streptococcus,0,3276
"(534.7723577235772, 1151.6097560975609)",Prevotella,0,3277
"(534.6823529411764, 1165.5058823529412)",TM7,0,3278
"(533.4727272727273, 1221.9454545454546)",TM7,0,3279
"(535.158273381295, 1382.0287769784172)",Pasteurellaceae,0,3280
"(534.9418604651163, 1724.9302325581396)",TM7,0,3282
"(537.5441176470588, 128.25)",Capnocytophaga,0,3283
"(536.16, 829.38)",Prevotella,0,3284
"(538.0459770114943, 919.5977011494252)",TM7,0,3286
"(534.622641509434, 984.1509433962265)",Treponema,0,3287
"(535.2115384615385, 1353.9423076923076)",TM7,0,3288
"(538.9673202614379, 1427.764705882353)",TM7,0,3289
"(536.1029411764706, 141.30882352941177)",Fusobacterium,0,3290
"(536.2380952380952, 329.1746031746032)",TM7,0,3291
"(540.8045112781955, 778.7744360902255)",Streptococcus,0,3292
"(535.9864864864865, 798.1351351351351)",Gemella,0,3293
"(535.7368421052631, 1879.8631578947368)",Streptococcus,0,3294
"(536.2941176470588, 1985.0294117647059)",Treponema,0,3295
"(541.928, 30.712)",Capnocytophaga,0,3296
"(537.7875, 444.425)",Rothia,0,3297
"(544.230303030303, 703.6484848484848)",Leptotrichia,0,3298
"(539.1666666666666, 724.060606060606)",Fusobacterium,0,3299
"(537.3295454545455, 947.5227272727273)",Leptotrichia,0,3300
"(538.6315789473684, 1261.6973684210527)",Prevotella,0,3301
"(537.5901639344262, 1314.7704918032787)",TM7,0,3302
"(537.875, 1650.013888888889)",Fusobacterium,0,3303
"(541.6987951807229, 1917.9759036144578)",Treponema,0,3304
"(537.1842105263158, 371.94736842105266)",Prevotella,0,3305
"(537.8260869565217, 1090.0869565217392)",Pasteurellaceae,0,3306
"(538.6860465116279, 1478.8837209302326)",TM7,0,3307
"(539.3333333333334, 15.06060606060606)",Pasteurellaceae,0,3308
"(544.8282828282828, 155.83838383838383)",TM7,0,3309
"(538.6567164179105, 633.955223880597)",Fusobacterium,0,3310
"(540.6363636363636, 965.3636363636364)",Streptococcus,0,3311
"(540.1954022988506, 1053.4367816091954)",Prevotella,0,3313
"(540.4255319148937, 1181.7978723404256)",Prevotella,0,3314
"(540.0, 1282.2222222222222)",Prevotella,0,3315
"(538.4098360655738, 1345.7377049180327)",TM7,0,3316
"(540.0309278350516, 191.91752577319588)",Rothia,0,3318
"(540.927536231884, 240.7536231884058)",Prevotella,0,3319
"(544.6842105263158, 307.43859649122805)",TM7,0,3320
"(541.8915662650602, 472.4578313253012)",Prevotella,0,3321
"(540.3866666666667, 589.0933333333334)",Prevotella,0,3322
"(543.1145038167939, 755.3282442748092)",Rothia,0,3323
"(542.9705882352941, 1073.5686274509803)",TM7,0,3324
"(539.1549295774648, 1202.4225352112676)",Prevotella,0,3325
"(541.2403100775193, 1299.968992248062)",Lautropia,0,3326
"(542.1142857142858, 1493.9642857142858)",Lautropia,0,3327
"(540.2, 1575.7818181818182)",Prevotella,0,3328
"(541.219298245614, 1666.0263157894738)",Capnocytophaga,0,3329
"(539.8644067796611, 80.84745762711864)",TM7,0,3330
"(542.7794117647059, 291.69117647058823)",TM7,0,3331
"(542.7583892617449, 521.0134228187919)",Prevotella,0,3332
"(548.0240963855422, 539.3975903614457)",Prevotella,0,3333
"(540.7731092436975, 655.7647058823529)",Prevotella,0,3334
"(544.3108108108108, 712.0)",Treponema,0,3335
"(542.5612244897959, 937.9897959183673)",Streptococcus,0,3336
"(541.1746031746031, 1247.6190476190477)",Prevotella,0,3338
"(540.1578947368421, 1895.9122807017543)",Treponema,0,3340
"(541.970802919708, 1965.963503649635)",Treponema,0,3341
"(542.7301587301587, 814.5079365079365)",TM7,0,3342
"(542.1754385964912, 882.1578947368421)",Streptococcus,0,3343
"(544.3953488372093, 1029.3488372093022)",TM7,0,3344
"(545.5, 1041.767857142857)",TM7,0,3345
"(543.6022727272727, 1234.7272727272727)",Prevotella,0,3346
"(542.5633802816901, 1529.3521126760563)",Corynebacterium,0,3347
"(541.4615384615385, 1682.3846153846155)",Actinomyces,0,3348
"(544.2625, 214.9625)",Corynebacterium,0,3349
"(550.1210191082803, 282.14649681528664)",TM7,0,3350
"(547.7155963302753, 846.1926605504588)",Prevotella,0,3351
"(543.6875, 1321.6)",Prevotella,0,3352
"(550.9347826086956, 402.71014492753625)",TM7,0,3353
"(545.6022727272727, 1564.25)",Rothia,0,3355
"(547.0055865921788, 1870.4078212290503)",Streptococcus,0,3358
"(545.8807339449542, 105.92660550458716)",Treponema,0,3359
"(545.3764705882353, 178.18823529411765)",Capnocytophaga,0,3360
"(544.5849056603773, 354.1320754716981)",TM7,0,3361
"(547.0422535211268, 573.7816901408451)",Prevotella,0,3362
"(547.8412698412699, 1083.7301587301588)",Prevotella,0,3363
"(546.5645161290323, 1194.5806451612902)",Prevotella,0,3364
"(551.5204678362574, 1367.280701754386)",TM7,0,3365
"(545.1875, 1620.328125)",Rothia,0,3367
"(546.6068376068376, 1695.7179487179487)",TM7,0,3368
"(542.8235294117648, 1829.8431372549019)",Gemella,0,3369
"(544.622641509434, 1945.1509433962265)",Pasteurellaceae,0,3370
"(545.4426229508197, 269.0655737704918)",Prevotella,0,3371
"(547.418918918919, 1328.8783783783783)",TM7,0,3373
"(546.8307692307692, 1743.2153846153847)",Treponema,0,3374
"(548.1782178217821, 1592.4356435643565)",TM7,0,3376
"(546.5903614457832, 1845.55421686747)",TM7,0,3377
"(555.9601769911504, 421.4911504424779)",Rothia,0,3378
"(554.8642533936652, 453.07239819004525)",Selenomonas,0,3379
"(548.6415094339623, 913.1415094339623)",Fusobacterium,0,3380
"(547.7466666666667, 988.4)",Leptotrichia,0,3381
"(547.0, 1163.3484848484848)",Prevotella,0,3382
"(547.25, 1642.0357142857142)",Capnocytophaga,0,3383
"(552.369696969697, 1811.9878787878788)",Streptococcus,0,3384
"(550.2553191489362, 1896.936170212766)",Lautropia,0,3385
"(549.7383177570093, 739.5794392523364)",Prevotella,0,3386
"(551.0978260869565, 956.0652173913044)",Streptococcus,0,3387
"(550.4152542372881, 1018.0508474576271)",TM7,0,3388
"(552.416149068323, 142.38509316770185)",Pasteurellaceae,0,3389
"(556.9494949494949, 242.95959595959596)",Prevotella,0,3390
"(549.695652173913, 339.6521739130435)",Rothia,0,3391
"(549.84375, 602.0833333333334)",TM7,0,3392
"(551.0519480519481, 623.012987012987)",TM7,0,3393
"(554.7096774193549, 773.7096774193549)",Fusobacterium,0,3395
"(551.3313609467456, 1409.473372781065)",Lautropia,0,3396
"(551.0540540540541, 1608.4324324324325)",Prevotella,0,3397
"(550.7435897435897, 1725.7307692307693)",Veillonella,0,3398
"(552.2258064516129, 1763.9354838709678)",Neisseriaceae,0,3399
"(551.1428571428571, 1779.978021978022)",TM7,0,3400
"(551.6825396825396, 63.111111111111114)",Prevotella,0,3401
"(552.1166666666667, 207.36666666666667)",Rothia,0,3402
"(552.6608695652174, 380.295652173913)",TM7,0,3404
"(554.2451361867704, 1986.0778210116732)",Leptotrichia,0,3406
"(554.1014492753624, 166.8840579710145)",Capnocytophaga,0,3407
"(553.9130434782609, 393.0869565217391)",Rothia,0,3408
"(558.0044843049327, 486.1210762331838)",Lautropia,0,3409
"(553.953216374269, 797.0409356725146)",Treponema,0,3410
"(555.0989010989011, 929.1208791208791)",Streptococcus,0,3411
"(554.59375, 1351.19375)",TM7,0,3413
"(552.5378151260504, 1383.4705882352941)",Fusobacterium,0,3414
"(558.8502994011976, 1438.2155688622754)",Lautropia,0,3415
"(553.4077669902913, 45.029126213592235)",Corynebacterium,0,3416
"(555.155737704918, 229.12295081967213)",Prevotella,0,3417
"(556.9230769230769, 665.6713286713286)",Rothia,0,3419
"(555.5602836879433, 1210.7659574468084)",Prevotella,0,3420
"(554.7586206896551, 14.770114942528735)",Leptotrichia,0,3422
"(554.7808219178082, 118.84931506849315)",Fusobacterium,0,3423
"(557.070707070707, 1010.7878787878788)",Fusobacterium,0,3424
"(553.9736842105264, 1136.671052631579)",Prevotella,0,3425
"(557.7466666666667, 1232.56)",Prevotella,0,3426
"(555.9660194174758, 1464.0679611650485)",Prevotella,0,3427
"(554.2, 1655.129411764706)",Fusobacterium,0,3428
"(554.984375, 1926.0)",Treponema,0,3429
"(555.4777777777778, 78.61111111111111)",Veillonella,0,3430
"(558.5857142857143, 297.3857142857143)",Rothia,0,3431
"(555.2815533980582, 889.9805825242719)",Treponema,0,3432
"(555.1888888888889, 1099.6666666666667)",Lautropia,0,3433
"(555.3855421686746, 1184.0843373493976)",Prevotella,0,3434
"(559.8541666666666, 1707.0)",TM7,0,3436
"(555.7543859649123, 522.6842105263158)",Prevotella,0,3437
"(560.3716814159292, 598.8230088495575)",Prevotella,0,3438
"(557.2470588235294, 648.2352941176471)",TM7,0,3439
"(562.2951807228916, 908.9397590361446)",TM7,0,3440
"(556.7926829268292, 1120.219512195122)",Prevotella,0,3441
"(556.7738095238095, 1291.2261904761904)",Leptotrichia,0,3443
"(559.7027027027027, 1502.7945945945946)",TM7,0,3445
"(556.3942307692307, 1537.8942307692307)",TM7,0,3446
"(556.3521126760563, 1579.2394366197184)",Lautropia,0,3447
"(555.3661971830986, 1826.7323943661972)",Fusobacterium,0,3448
"(558.81, 262.34)",TM7,0,3449
"(557.2941176470588, 464.2352941176471)",Rothia,0,3450
"(560.330985915493, 859.8732394366198)",Rothia,0,3451
"(557.65, 1056.0875)",Prevotella,0,3452
"(556.1525423728814, 1074.2203389830509)",Prevotella,0,3453
"(557.0, 1153.1694915254238)",Prevotella,0,3454
"(559.4368932038835, 89.31067961165049)",TM7,0,3455
"(558.1935483870968, 198.8709677419355)",TM7,0,3456
"(560.6161616161617, 359.6212121212121)",TM7,0,3457
"(563.5238095238095, 709.1645021645022)",TM7,0,3458
"(558.2, 941.9375)",Leptotrichia,0,3459
"(558.4310344827586, 1521.1896551724137)",Lautropia,0,3460
"(558.4102564102565, 1681.7051282051282)",Lautropia,0,3461
"(559.1525423728814, 1937.2372881355932)",TM7,0,3462
"(559.3448275862069, 1042.1896551724137)",Actinomyces,0,3464
"(559.7, 1263.39)",Prevotella,0,3466
"(559.0, 1628.3068181818182)",TM7,0,3467
"(560.1666666666666, 1838.3666666666666)",Treponema,0,3469
"(565.878612716763, 1947.763005780347)",Fusobacterium,0,3470
"(566.3541666666666, 475.40972222222223)",TM7,0,3471
"(560.9480519480519, 1001.038961038961)",Actinomyces,0,3472
"(561.8888888888889, 1559.8300653594772)",TM7,0,3475
"(567.6, 1645.9375)",TM7,0,3476
"(560.9589041095891, 315.47945205479454)",Veillonella,0,3479
"(562.0151515151515, 1197.4545454545455)",Rothia,0,3480
"(567.2093023255813, 1390.7131782945737)",TM7,0,3481
"(562.5568181818181, 1485.8977272727273)",Capnocytophaga,0,3482
"(563.765625, 820.8671875)",Veillonella,0,3483
"(564.6025641025641, 968.525641025641)",Leptotrichia,0,3484
"(562.7555555555556, 1730.9444444444443)",Veillonella,0,3486
"(561.6119402985074, 1752.089552238806)",Treponema,0,3487
"(564.3411764705883, 178.56470588235294)",Corynebacterium,0,3488
"(563.7863247863248, 333.1880341880342)",Prevotella,0,3489
"(568.7738095238095, 561.1071428571429)",Prevotella,0,3490
"(569.2576687116565, 579.4723926380368)",Prevotella,0,3491
"(563.8152173913044, 839.7717391304348)",Prevotella,0,3492
"(570.4692737430167, 989.3966480446927)",Treponema,0,3493
"(563.655737704918, 1223.8524590163934)",Prevotella,0,3494
"(564.6601941747573, 1322.6407766990292)",Rothia,0,3495
"(563.5040650406504, 1859.7886178861788)",Corynebacterium,0,3496
"(562.3508771929825, 140.08771929824562)",Lautropia,0,3497
"(567.9767441860465, 161.68992248062017)",Corynebacterium,0,3498
"(563.6538461538462, 682.5769230769231)",Rothia,0,3500
"(563.2727272727273, 691.6909090909091)",Fusobacterium,0,3501
"(575.0045662100457, 927.3835616438356)",Streptococcus,0,3502
"(566.7978723404256, 1113.904255319149)",TM7,0,3503
"(563.2461538461539, 1611.7230769230769)",Fusobacterium,0,3504
"(564.3877551020408, 1665.295918367347)",TM7,0,3505
"(564.4722222222222, 1687.875)",Rothia,0,3506
"(570.6375, 104.9875)",Corynebacterium,0,3507
"(566.65625, 122.71875)",Fusobacterium,0,3508
"(568.5970149253732, 442.67164179104475)",Neisseriaceae,0,3509
"(567.7251908396946, 510.46564885496184)",Prevotella,0,3510
"(569.3684210526316, 1027.8373205741627)",Streptococcus,0,3511
"(567.2662721893491, 1092.0118343195265)",Lautropia,0,3512
"(566.2115384615385, 1963.1634615384614)",Corynebacterium,0,3513
"(567.7701149425287, 6.057471264367816)",Corynebacterium,0,3514
"(567.668918918919, 619.7905405405405)",Rothia,0,3515
"(567.5957446808511, 1153.6914893617022)",Prevotella,0,3516
"(566.5507246376811, 1246.9130434782608)",TM7,0,3517
"(567.4683544303797, 1886.240506329114)",Treponema,0,3518
"(568.8867924528302, 869.7264150943396)",TM7,0,3520
"(565.8490566037735, 1168.8301886792453)",Prevotella,0,3521
"(567.5625, 1278.078125)",Lautropia,0,3522
"(568.0, 1295.6909090909091)",Lautropia,0,3523
"(572.8511904761905, 1417.6904761904761)",TM7,0,3524
"(570.4615384615385, 1789.8343195266273)",Gemella,0,3525
"(568.9754098360655, 52.68032786885246)",Fusobacterium,0,3526
"(567.6842105263158, 417.80263157894734)",Prevotella,0,3528
"(569.0625, 520.6875)",Prevotella,0,3529
"(568.2857142857143, 533.9761904761905)",Prevotella,0,3530
"(572.4545454545455, 546.5181818181818)",Prevotella,0,3531
"(572.5473251028807, 958.2510288065844)",Streptococcus,0,3532
"(575.7942583732057, 1065.1004784688996)",TM7,0,3533
"(571.4056603773585, 1350.4622641509434)",Capnocytophaga,0,3534
"(569.4651162790698, 727.5813953488372)",Prevotella,0,3538
"(570.8947368421053, 785.796052631579)",Streptococcus,0,3539
"(569.027027027027, 803.2702702702703)",Streptococcus,0,3540
"(569.569105691057, 1134.219512195122)",TM7,0,3541
"(573.4609929078014, 1314.9645390070923)",TM7,0,3543
"(570.1648351648352, 1598.3296703296703)",Rothia,0,3544
"(571.6666666666666, 383.24285714285713)",TM7,0,3545
"(571.709090909091, 764.4454545454546)",Prevotella,0,3546
"(579.1868131868132, 940.1923076923077)",Streptococcus,0,3547
"(573.5056179775281, 1049.5168539325844)",Lautropia,0,3548
"(575.1048387096774, 1715.8225806451612)",Rothia,0,3549
"(569.5142857142857, 1815.1714285714286)",Streptococcus,0,3550
"(569.6455696202531, 1975.4050632911392)",Capnocytophaga,0,3551
"(572.2564102564103, 74.62393162393163)",Corynebacterium,0,3552
"(571.6153846153846, 406.94871794871796)",TM7,0,3553
"(582.64, 457.6)",Pasteurellaceae,0,3554
"(569.972972972973, 657.418918918919)",Prevotella,0,3555
"(570.8378378378378, 747.9594594594595)",Rothia,0,3556
"(571.3846153846154, 1516.1692307692308)",Fusobacterium,0,3557
"(574.6736111111111, 1546.4791666666667)",TM7,0,3558
"(570.9065420560747, 1581.9252336448599)",Veillonella,0,3559
"(572.203125, 1743.21875)",TM7,0,3560
"(573.5714285714286, 1833.7142857142858)",Streptococcus,0,3561
"(575.1507936507936, 194.52380952380952)",Lautropia,0,3562
"(572.7835820895523, 252.3582089552239)",TM7,0,3563
"(572.0, 1190.661971830986)",Prevotella,0,3564
"(572.820895522388, 1528.2238805970148)",Rothia,0,3565
"(572.7671232876712, 1773.6164383561643)",Leptotrichia,0,3566
"(574.4529914529915, 1899.5128205128206)",Lautropia,0,3567
"(574.3684210526316, 1915.1052631578948)",Corynebacterium,0,3568
"(576.0322580645161, 230.41935483870967)",Prevotella,0,3569
"(574.2352941176471, 1259.894117647059)",Prevotella,0,3572
"(573.94375, 1622.20625)",TM7,0,3573
"(573.271186440678, 1679.0)",TM7,0,3574
"(574.525, 20.875)",Capnocytophaga,0,3575
"(574.9896907216495, 36.55670103092783)",Capnocytophaga,0,3576
"(576.7241379310345, 639.698275862069)",Capnocytophaga,0,3577
"(573.6769230769231, 675.8615384615384)",Prevotella,0,3578
"(575.7710843373494, 899.0602409638554)",Gemella,0,3579
"(574.1428571428571, 1373.595238095238)",Rothia,0,3580
"(576.4177215189874, 1446.4113924050632)",Lautropia,0,3581
"(573.7962962962963, 1701.037037037037)",Prevotella,0,3582
"(574.0921052631579, 1930.5131578947369)",Corynebacterium,0,3583
"(575.8674698795181, 1986.5421686746988)",Corynebacterium,0,3584
"(575.0430107526881, 138.80645161290323)",TM7,0,3585
"(577.1478260869566, 311.8521739130435)",Rothia,0,3586
"(575.8333333333334, 1012.1111111111111)",Streptococcus,0,3587
"(577.6078431372549, 286.3627450980392)",Rothia,0,3588
"(576.6301369863014, 342.9178082191781)",Prevotella,0,3589
"(580.3455882352941, 600.9852941176471)",Lautropia,0,3592
"(582.4772727272727, 1113.6363636363637)",Prevotella,0,3593
"(579.1512605042017, 1755.142857142857)",Leptotrichia,0,3594
"(577.741935483871, 436.16129032258067)",TM7,0,3595
"(580.5242718446602, 1239.6601941747572)",Prevotella,0,3596
"(581.6465517241379, 1565.2758620689656)",Fusobacterium,0,3597
"(576.8076923076923, 1669.9423076923076)",TM7,0,3598
"(579.528, 211.088)",Veillonella,0,3599
"(579.6533333333333, 1172.1666666666667)",Prevotella,0,3601
"(579.0224719101124, 1204.3258426966293)",Prevotella,0,3602
"(579.2952380952381, 1280.9238095238095)",Rothia,0,3603
"(579.021978021978, 1470.1868131868132)",Capnocytophaga,0,3604
"(577.7926829268292, 1488.6463414634147)",Fusobacterium,0,3605
"(577.6626506024096, 1730.2168674698796)",TM7,0,3606
"(581.4857142857143, 83.95714285714286)",TM7,0,3608
"(579.1355932203389, 118.9322033898305)",Corynebacterium,0,3609
"(581.716049382716, 266.1358024691358)",Rothia,0,3610
"(583.7426470588235, 532.6838235294117)",Prevotella,0,3611
"(579.7765957446809, 737.8829787234042)",Prevotella,0,3612
"(586.8779069767442, 911.3488372093024)",TM7,0,3614
"(581.5217391304348, 1002.304347826087)",Leptotrichia,0,3615
"(588.1351351351351, 1035.2927927927929)",Streptococcus,0,3616
"(579.4081632653061, 1662.1836734693877)",Fusobacterium,0,3618
"(582.4583333333334, 1878.0416666666667)",TM7,0,3619
"(581.4466019417475, 178.18446601941747)",Veillonella,0,3620
"(580.3508771929825, 861.6491228070175)",TM7,0,3621
"(580.8461538461538, 1150.551282051282)",Prevotella,0,3623
"(584.1144578313254, 1298.0180722891566)",Rothia,0,3624
"(582.4864864864865, 1433.2432432432433)",Lautropia,0,3625
"(581.5396825396825, 1506.6507936507937)",Capnocytophaga,0,3626
"(582.4468085106383, 67.14893617021276)",Corynebacterium,0,3628
"(582.3846153846154, 357.4188034188034)",TM7,0,3629
"(582.6162790697674, 492.8837209302326)",Prevotella,0,3630
"(580.4631578947368, 701.2)",Fusobacterium,0,3631
"(584.4297520661157, 827.3471074380166)",Veillonella,0,3632
"(582.1081081081081, 876.8108108108108)",Lautropia,0,3633
"(582.4914285714286, 1337.2742857142857)",Prevotella,0,3634
"(581.7777777777778, 1696.2592592592594)",Gemella,0,3635
"(580.6760563380282, 1960.2394366197184)",Gemella,0,3636
"(581.7972972972973, 420.0945945945946)",Lautropia,0,3637
"(582.3882352941176, 659.1529411764706)",Corynebacterium,0,3638
"(589.8830409356725, 971.625730994152)",TM7,0,3639
"(582.5909090909091, 1080.7272727272727)",Veillonella,0,3640
"(582.1649484536083, 1361.1855670103093)",Prevotella,0,3641
"(583.44, 806.47)",Rothia,0,3642
"(585.6161616161617, 1252.919191919192)",Prevotella,0,3643
"(584.4461538461538, 1934.5384615384614)",Corynebacterium,0,3645
"(586.904, 159.616)",Capnocytophaga,0,3646
"(583.4096385542168, 680.3493975903615)",Rothia,0,3647
"(585.5196850393701, 718.8267716535433)",Fusobacterium,0,3648
"(586.2644628099174, 1598.9504132231405)",Corynebacterium,0,3649
"(584.36, 1950.66)",Gemella,0,3651
"(585.6125, 331.0375)",Rothia,0,3652
"(587.9848484848485, 366.56060606060606)",Veillonella,0,3653
"(586.0425531914893, 383.7659574468085)",Fusobacterium,0,3654
"(585.2394366197183, 613.2816901408451)",Prevotella,0,3655
"(583.8235294117648, 632.7450980392157)",Rothia,0,3656
"(587.5657894736842, 749.2894736842105)",TM7,0,3657
"(585.8039215686274, 1100.7843137254902)",Gemella,0,3658
"(585.8630136986301, 1138.86301369863)",Prevotella,0,3659
"(585.3222222222222, 1579.1222222222223)",Prevotella,0,3660
"(584.4925373134329, 1858.044776119403)",Streptococcus,0,3661
"(586.1481481481482, 549.7777777777778)",TM7,0,3663
"(588.6511627906976, 1224.3488372093022)",Prevotella,0,3664
"(587.2134831460675, 1386.5280898876404)",Leptotrichia,0,3665
"(585.6949152542373, 1818.915254237288)",Actinomyces,0,3666
"(587.6344086021505, 103.35483870967742)",Capnocytophaga,0,3667
"(589.5783132530121, 295.87951807228916)",TM7,0,3668
"(589.728, 515.8)",Rothia,0,3669
"(587.2203389830509, 869.4915254237288)",TM7,0,3670
"(588.3725490196078, 1127.3333333333333)",Rothia,0,3671
"(591.418439716312, 1175.6524822695035)",Prevotella,0,3672
"(588.3826086956522, 1846.7478260869566)",Streptococcus,0,3674
"(589.2522522522522, 1900.3243243243244)",Capnocytophaga,0,3675
"(587.859375, 29.859375)",Capnocytophaga,0,3676
"(589.021052631579, 124.69473684210526)",Pasteurellaceae,0,3677
"(587.5507246376811, 255.95652173913044)",Fusobacterium,0,3678
"(590.92, 482.69)",Capnocytophaga,0,3679
"(590.3636363636364, 621.7575757575758)",Capnocytophaga,0,3680
"(591.0, 786.4892086330935)",TM7,0,3681
"(587.4150943396227, 1466.2641509433963)",Pasteurellaceae,0,3682
"(587.18, 1637.1)",Prevotella,0,3683
"(592.9419087136929, 1774.070539419087)",Porphyromonas,0,3684
"(588.1477272727273, 1795.6931818181818)",TM7,0,3685
"(589.0289855072464, 410.5217391304348)",Fusobacterium,0,3686
"(590.4931506849315, 772.1780821917808)",TM7,0,3687
"(594.6601307189543, 1267.3071895424837)",Prevotella,0,3688
"(592.8133333333334, 1375.3466666666666)",TM7,0,3689
"(593.1436781609195, 1677.7011494252874)",TM7,0,3690
"(587.8181818181819, 1739.9818181818182)",Gemella,0,3691
"(593.7162162162163, 43.49324324324324)",Pasteurellaceae,0,3693
"(593.0909090909091, 240.82954545454547)",TM7,0,3694
"(594.542600896861, 581.9775784753364)",Prevotella,0,3695
"(591.3703703703703, 651.1111111111111)",TM7,0,3696
"(593.3030303030303, 1462.6666666666667)",Prevotella,0,3697
"(589.21875, 1538.8125)",Fusobacterium,0,3698
"(593.3046357615895, 1977.6026490066224)",Corynebacterium,0,3700
"(592.1855670103092, 5.051546391752577)",Gemella,0,3701
"(593.4505494505495, 57.86813186813187)",Veillonella,0,3702
"(591.7452830188679, 434.16037735849056)",Treponema,0,3703
"(594.1044776119403, 800.776119402985)",Fusobacterium,0,3705
"(592.4536082474227, 845.1030927835052)",TM7,0,3706
"(598.4776119402985, 956.679104477612)",Lautropia,0,3707
"(590.3818181818182, 1408.2181818181818)",Rothia,0,3708
"(592.7752808988764, 1449.9213483146068)",Fusobacterium,0,3709
"(592.5970149253732, 1483.1567164179105)",Lautropia,0,3710
"(590.9384615384615, 1917.623076923077)",Capnocytophaga,0,3711
"(592.919540229885, 1013.6091954022988)",Streptococcus,0,3715
"(594.7733333333333, 1400.5866666666666)",Campylobacter,0,3717
"(593.4489795918367, 1423.6632653061224)",TM7,0,3718
"(593.528, 1657.952)",Rothia,0,3719
"(593.2881355932203, 1734.2711864406779)",Capnocytophaga,0,3720
"(593.1216216216217, 87.70270270270271)",Capnocytophaga,0,3721
"(599.1822222222222, 565.8711111111111)",Prevotella,0,3722
"(594.5212765957447, 733.3085106382979)",Fusobacterium,0,3723
"(594.2485549132948, 1156.4277456647399)",Prevotella,0,3724
"(597.3223140495868, 1496.595041322314)",TM7,0,3726
"(598.1045751633987, 1517.326797385621)",Pasteurellaceae,0,3727
"(597.1083333333333, 1552.8583333333333)",TM7,0,3728
"(593.7698412698413, 1618.2142857142858)",Fusobacterium,0,3729
"(603.2037037037037, 1958.3703703703704)",Corynebacterium,0,3730
"(599.4961832061068, 170.9885496183206)",Leptotrichia,0,3731
"(594.5131578947369, 193.0921052631579)",TM7,0,3732
"(598.8461538461538, 340.19871794871796)",Rothia,0,3734
"(595.375, 399.92857142857144)",TM7,0,3735
"(599.1068702290077, 814.2595419847328)",Lautropia,0,3738
"(593.952380952381, 994.9206349206349)",Streptococcus,0,3739
"(596.787610619469, 1055.8230088495575)",Prevotella,0,3740
"(595.1666666666666, 1200.530303030303)",Prevotella,0,3741
"(594.6111111111111, 1283.5555555555557)",TM7,0,3742
"(597.6966292134831, 1306.5505617977528)",TM7,0,3743
"(595.2045454545455, 1710.2386363636363)",Veillonella,0,3744
"(594.5483870967741, 1724.0967741935483)",Campylobacter,0,3745
"(594.7659574468086, 1750.7553191489362)",Fusobacterium,0,3746
"(598.6979166666666, 319.4895833333333)",Fusobacterium,0,3747
"(595.4736842105264, 860.3157894736842)",Fusobacterium,0,3749
"(595.8192771084338, 1096.7349397590363)",Fusobacterium,0,3751
"(595.5220588235294, 1869.1176470588234)",Fusobacterium,0,3752
"(597.7168141592921, 1937.4513274336284)",Corynebacterium,0,3753
"(598.3897058823529, 211.1985294117647)",Fusobacterium,0,3754
"(595.0980392156863, 665.2156862745098)",Fusobacterium,0,3755
"(596.9285714285714, 711.125)",Fusobacterium,0,3756
"(596.344, 1079.784)",Treponema,0,3757
"(600.122641509434, 144.37735849056602)",TM7,0,3758
"(596.9821428571429, 281.875)",Rothia,0,3759
"(602.2125984251968, 1819.007874015748)",Treponema,0,3761
"(601.234693877551, 19.275510204081634)",Capnocytophaga,0,3762
"(596.5178571428571, 360.32142857142856)",Prevotella,0,3764
"(597.074074074074, 375.0740740740741)",Lautropia,0,3766
"(600.6021505376344, 546.9354838709677)",Rothia,0,3767
"(598.820895522388, 832.6119402985074)",TM7,0,3768
"(601.3157894736842, 885.4360902255639)",Treponema,0,3769
"(600.8695652173913, 1330.3333333333333)",Rothia,0,3770
"(601.2727272727273, 1636.5050505050506)",TM7,0,3771
"(599.0825688073395, 1805.3119266055046)",TM7,0,3772
"(599.4418604651163, 1831.546511627907)",Veillonella,0,3773
"(598.9268292682926, 248.46341463414635)",TM7,0,3774
"(601.5263157894736, 675.171052631579)",TM7,0,3775
"(599.6533333333333, 684.6933333333334)",TM7,0,3776
"(599.622641509434, 757.1698113207547)",TM7,0,3777
"(609.0751445086705, 898.5780346820809)",Treponema,0,3778
"(598.9264705882352, 928.1323529411765)",Prevotella,0,3779
"(599.4776119402985, 1214.0)",Prevotella,0,3780
"(611.0833333333334, 79.91071428571429)",Capnocytophaga,0,3782
"(603.7218045112782, 111.60902255639098)",Rothia,0,3783
"(601.4634146341464, 498.9024390243902)",Veillonella,0,3785
"(599.9298245614035, 697.4035087719299)",Fusobacterium,0,3786
"(599.6666666666666, 1112.875)",Leptotrichia,0,3787
"(599.8644067796611, 1248.9830508474577)",Prevotella,0,3788
"(598.6724137931035, 1567.051724137931)",Rothia,0,3789
"(600.8640776699029, 1590.0485436893205)",TM7,0,3790
"(601.4561403508771, 95.3157894736842)",Capnocytophaga,0,3792
"(601.984126984127, 224.46031746031747)",Corynebacterium,0,3793
"(602.2727272727273, 261.3636363636364)",Rothia,0,3795
"(603.3235294117648, 308.8529411764706)",Rothia,0,3796
"(603.625730994152, 612.3333333333334)",Fusobacterium,0,3797
"(602.4642857142857, 913.4642857142857)",Rothia,0,3798
"(603.0990990990991, 938.972972972973)",Lautropia,0,3799
"(601.3898305084746, 1135.084745762712)",TM7,0,3800
"(604.6319018404907, 1346.2944785276075)",TM7,0,3801
"(604.2608695652174, 1390.7826086956522)",Rothia,0,3802
"(605.7184466019418, 1759.2912621359224)",TM7,0,3804
"(604.4197530864197, 387.0740740740741)",TM7,0,3806
"(602.9577464788732, 473.59154929577466)",TM7,0,3807
"(602.4857142857143, 531.8285714285714)",TM7,0,3808
"(604.0769230769231, 1193.3365384615386)",TM7,0,3809
"(607.9, 1371.429411764706)",TM7,0,3810
"(611.7592592592592, 1606.7654320987654)",TM7,0,3811
"(605.536231884058, 1893.231884057971)",Veillonella,0,3812
"(605.2058823529412, 1908.5686274509803)",Fusobacterium,0,3813
"(605.4939759036145, 745.3493975903615)",Pasteurellaceae,0,3814
"(607.3916666666667, 992.2)",Streptococcus,0,3815
"(604.0, 1690.5096153846155)",Treponema,0,3816
"(605.4794520547945, 1995.6164383561643)",Veillonella,0,3817
"(605.4285714285714, 642.3095238095239)",Fusobacterium,0,3819
"(604.1014492753624, 655.3478260869565)",Prevotella,0,3820
"(606.2840909090909, 711.1818181818181)",Rothia,0,3821
"(604.4324324324324, 1285.972972972973)",Streptococcus,0,3823
"(605.8441558441558, 1409.1818181818182)",Rothia,0,3824
"(606.0185185185185, 1466.0648148148148)",Prevotella,0,3825
"(606.2474226804123, 1788.7938144329896)",Veillonella,0,3826
"(607.2173913043479, 1032.4565217391305)",Leptotrichia,0,3827
"(607.8823529411765, 1535.359477124183)",TM7,0,3829
"(607.0754716981132, 68.0754716981132)",Fusobacterium,0,3830
"(612.317880794702, 328.841059602649)",Capnocytophaga,0,3831
"(607.5, 870.5)",Gemella,0,3834
"(611.1157024793389, 980.0661157024794)",Streptococcus,0,3835
"(607.2528735632184, 1123.287356321839)",Prevotella,0,3836
"(605.5, 1444.3)",Fusobacterium,0,3837
"(608.7156862745098, 1508.8725490196077)",Prevotella,0,3838
"(606.3703703703703, 1654.3148148148148)",TM7,0,3839
"(610.8675496688742, 1739.41059602649)",Campylobacter,0,3840
"(615.4371859296482, 1846.1959798994974)",Corynebacterium,0,3841
"(607.9354838709677, 1920.758064516129)",Capnocytophaga,0,3842
"(607.0952380952381, 53.96825396825397)",Lautropia,0,3843
"(610.4786324786324, 292.52991452991455)",Fusobacterium,0,3844
"(609.4782608695652, 485.72463768115944)",Pasteurellaceae,0,3845
"(612.3495145631068, 633.8252427184466)",Prevotella,0,3846
"(611.9692307692308, 732.8461538461538)",Veillonella,0,3847
"(608.144578313253, 774.9759036144578)",Lautropia,0,3848
"(607.65, 921.65)",TM7,0,3849
"(608.925, 1176.4625)",Fusobacterium,0,3850
"(609.2535211267606, 1315.338028169014)",TM7,0,3851
"(609.7851851851852, 1573.8222222222223)",TM7,0,3852
"(606.9074074074074, 1870.0740740740741)",Leptotrichia,0,3853
"(611.0588235294117, 228.6235294117647)",Fusobacterium,0,3854
"(608.2641509433962, 275.811320754717)",Fusobacterium,0,3855
"(609.2166666666667, 402.5)",TM7,0,3856
"(609.875, 458.1666666666667)",Rothia,0,3857
"(611.38, 664.15)",Prevotella,0,3858
"(613.5193370165746, 805.2265193370166)",Leptotrichia,0,3859
"(609.2142857142857, 1087.1666666666667)",TM7,0,3860
"(611.1634615384615, 1149.9711538461538)",Rothia,0,3862
"(611.3417721518987, 1625.1518987341772)",Fusobacterium,0,3864
"(610.2745098039215, 194.80392156862746)",TM7,0,3865
"(609.3125, 366.6875)",TM7,0,3866
"(614.2690058479532, 417.53801169590645)",Capnocytophaga,0,3867
"(613.0670731707318, 1049.969512195122)",Lautropia,0,3869
"(617.0540540540541, 1638.0202702702702)",TM7,0,3870
"(610.3861386138614, 1944.7029702970297)",Capnocytophaga,0,3871
"(611.2043010752689, 41.18279569892473)",Veillonella,0,3872
"(613.0322580645161, 261.5268817204301)",TM7,0,3873
"(613.2179487179487, 1071.4871794871794)",Treponema,0,3874
"(611.7341772151899, 1107.0759493670887)",Rothia,0,3875
"(616.328125, 1554.0)",Prevotella,0,3876
"(611.7313432835821, 1668.089552238806)",Streptococcus,0,3877
"(615.5081967213115, 1680.7377049180327)",TM7,0,3878
"(611.1029411764706, 1700.1029411764705)",Fusobacterium,0,3879
"(610.9607843137255, 1774.0196078431372)",Fusobacterium,0,3880
"(617.2820512820513, 1881.2564102564102)",Lautropia,0,3881
"(611.1785714285714, 590.9107142857143)",TM7,0,3882
"(611.7636363636364, 762.2727272727273)",TM7,0,3883
"(612.4067796610169, 966.0)",Treponema,0,3884
"(611.0972222222222, 1250.0416666666667)",TM7,0,3885
"(613.7368421052631, 1727.578947368421)",TM7,0,3886
"(612.9677419354839, 246.01612903225808)",Lautropia,0,3887
"(616.3288590604027, 1022.7315436241611)",Streptococcus,0,3889
"(615.425, 1158.3166666666666)",Prevotella,0,3890
"(611.7413793103449, 1212.448275862069)",Prevotella,0,3891
"(613.8387096774194, 1295.978494623656)",Lautropia,0,3892
"(612.6825396825396, 1421.857142857143)",Lautropia,0,3893
"(614.7563025210084, 1433.3697478991596)",TM7,0,3894
"(626.1804511278195, 1719.8157894736842)",Capnocytophaga,0,3895
"(619.7453416149068, 1991.4534161490683)",Veillonella,0,3897
"(615.020202020202, 21.727272727272727)",Gemella,0,3898
"(613.9827586206897, 136.13793103448276)",Capnocytophaga,0,3899
"(613.9569892473119, 692.9784946236559)",Fusobacterium,0,3901
"(622.5018587360595, 1005.2156133828996)",Streptococcus,0,3902
"(613.0555555555555, 1653.7037037037037)",Rothia,0,3903
"(615.1296296296297, 149.74074074074073)",Lautropia,0,3904
"(617.0820895522388, 179.21641791044777)",Rothia,0,3905
"(615.025974025974, 499.6233766233766)",Corynebacterium,0,3906
"(615.2051282051282, 515.8205128205128)",Fusobacterium,0,3907
"(618.3214285714286, 1189.4928571428572)",Rothia,0,3908
"(615.5, 1233.5)",Prevotella,0,3909
"(621.3024390243902, 1260.2439024390244)",Treponema,0,3910
"(621.4758620689655, 1275.3517241379311)",Streptococcus,0,3911
"(614.6694214876034, 1802.495867768595)",Lautropia,0,3913
"(618.8383838383838, 1898.7676767676767)",Corynebacterium,0,3914
"(616.3626373626373, 97.65934065934066)",Veillonella,0,3915
"(614.4754098360655, 562.4590163934427)",TM7,0,3918
"(616.5744680851063, 835.9787234042553)",Actinomyces,0,3919
"(617.4026845637584, 852.6711409395973)",Actinomyces,0,3920
"(618.3444444444444, 1463.111111111111)",Prevotella,0,3921
"(618.010101010101, 1927.6363636363637)",Corynebacterium,0,3922
"(622.8925619834711, 161.65289256198346)",Capnocytophaga,0,3923
"(616.7272727272727, 210.83636363636364)",Capnocytophaga,0,3924
"(628.7288888888888, 682.6444444444444)",Prevotella,0,3925
"(617.493670886076, 938.5379746835443)",Prevotella,0,3926
"(624.4011627906976, 1864.4302325581396)",Selenomonas,0,3927
"(618.6842105263158, 356.6666666666667)",TM7,0,3928
"(618.8448275862069, 444.32758620689657)",Rothia,0,3929
"(620.28125, 577.0)",Rothia,0,3930
"(618.5, 1402.0689655172414)",Fusobacterium,0,3932
"(618.8888888888889, 1449.5757575757575)",Prevotella,0,3933
"(620.0348837209302, 1761.8139534883721)",Fusobacterium,0,3934
"(621.578947368421, 1824.8646616541353)",Veillonella,0,3935
"(623.1392405063291, 53.278481012658226)",TM7,0,3936
"(618.6851851851852, 721.0)",Lautropia,0,3937
"(622.8481012658228, 749.7341772151899)",Lautropia,0,3938
"(618.9666666666667, 1318.5)",Rothia,0,3939
"(620.0208333333334, 1479.0833333333333)",TM7,0,3940
"(620.2307692307693, 1784.753846153846)",Gemella,0,3941
"(621.060606060606, 305.7121212121212)",TM7,0,3942
"(620.183486238532, 383.07339449541286)",Corynebacterium,0,3944
"(624.7702702702703, 402.1621621621622)",TM7,0,3945
"(623.6533333333333, 783.4666666666667)",Pasteurellaceae,0,3947
"(621.3090909090909, 986.3454545454546)",Streptococcus,0,3948
"(628.8010471204188, 1354.7068062827225)",Fusobacterium,0,3949
"(625.9738562091503, 1387.3464052287582)",Pasteurellaceae,0,3950
"(620.7285714285714, 1414.0428571428572)",TM7,0,3951
"(620.9333333333333, 1579.5)",TM7,0,3952
"(621.8863636363636, 279.0)",Rothia,0,3953
"(622.6236559139785, 550.6129032258065)",Prevotella,0,3954
"(629.2663316582915, 705.6934673366834)",Lautropia,0,3955
"(620.5438596491229, 1338.438596491228)",Rothia,0,3959
"(621.5212765957447, 1498.1702127659576)",Rothia,0,3960
"(629.4705882352941, 336.4075630252101)",Capnocytophaga,0,3961
"(622.4409448818898, 912.0314960629921)",Lautropia,0,3962
"(622.74, 966.04)",Lautropia,0,3963
"(625.4347826086956, 1593.182608695652)",Lautropia,0,3966
"(625.1914893617021, 112.53191489361703)",Capnocytophaga,0,3967
"(624.0222222222222, 236.32222222222222)",Capnocytophaga,0,3968
"(628.3150684931506, 664.0068493150685)",Prevotella,0,3969
"(629.4051724137931, 1080.9310344827586)",Fusobacterium,0,3970
"(624.277108433735, 1096.3493975903614)",Fusobacterium,0,3971
"(624.0612244897959, 1208.8061224489795)",Prevotella,0,3972
"(624.8391608391609, 1971.1958041958042)",Treponema,0,3973
"(623.2297297297297, 197.66216216216216)",Corynebacterium,0,3975
"(623.2692307692307, 1127.576923076923)",Prevotella,0,3976
"(623.575, 1224.05)",Prevotella,0,3977
"(626.6220930232558, 1515.610465116279)",TM7,0,3978
"(627.1438356164383, 1538.1027397260275)",TM7,0,3979
"(626.3766233766233, 1695.2337662337663)",Treponema,0,3980
"(625.81, 456.84)",Capnocytophaga,0,3982
"(625.2394366197183, 588.9154929577464)",Pasteurellaceae,0,3983
"(626.2475247524752, 763.9306930693069)",TM7,0,3984
"(625.3421052631579, 1039.7894736842106)",Prevotella,0,3985
"(630.5849056603773, 1329.6729559748428)",Pasteurellaceae,0,3986
"(627.4318181818181, 1706.1818181818182)",TM7,0,3988
"(627.2627118644068, 1913.9237288135594)",Corynebacterium,0,3989
"(628.6351351351351, 34.0945945945946)",Lautropia,0,3990
"(626.0289855072464, 490.2173913043478)",Rothia,0,3991
"(625.0461538461539, 502.6)",Prevotella,0,3992
"(627.7555555555556, 611.1666666666666)",TM7,0,3993
"(628.5324675324675, 629.4805194805194)",Prevotella,0,3994
"(631.6344827586207, 1649.0413793103448)",Rothia,0,3995
"(625.5113636363636, 1948.4431818181818)",Leptotrichia,0,3996
"(627.964705882353, 366.9647058823529)",Fusobacterium,0,3997
"(626.4086021505376, 477.2795698924731)",Fusobacterium,0,3998
"(627.0757575757576, 564.1363636363636)",Prevotella,0,3999
"(627.1864406779661, 1614.8983050847457)",Fusobacterium,0,4000
"(627.8818181818182, 1806.909090909091)",Prevotella,0,4001
"(629.8181818181819, 213.94545454545454)",TM7,0,4002
"(630.4375, 258.0729166666667)",Capnocytophaga,0,4003
"(628.6081081081081, 292.14864864864865)",Corynebacterium,0,4004
"(632.8543689320388, 440.83009708737865)",Treponema,0,4005
"(630.795918367347, 1109.030612244898)",Rothia,0,4006
"(628.7282608695652, 1675.3152173913043)",Capnocytophaga,0,4008
"(630.15625, 1939.75)",Leptotrichia,0,4009
"(630.1304347826087, 539.927536231884)",Fusobacterium,0,4010
"(629.4123711340206, 820.1443298969073)",TM7,0,4011
"(632.8677248677249, 1748.3068783068784)",Corynebacterium,0,4012
"(633.8368794326241, 77.177304964539)",Capnocytophaga,0,4013
"(631.4948453608248, 96.9278350515464)",Corynebacterium,0,4014
"(631.0481927710844, 956.0361445783133)",Rothia,0,4016
"(632.6382978723404, 1569.0709219858156)",TM7,0,4017
"(633.4792899408284, 1888.508875739645)",Corynebacterium,0,4018
"(632.9042553191489, 275.4148936170213)",TM7,0,4020
"(634.0, 802.816091954023)",Treponema,0,4021
"(634.4642857142857, 854.2785714285715)",TM7,0,4022
"(631.5641025641025, 876.2307692307693)",Prevotella,0,4023
"(630.8695652173913, 1163.3478260869565)",Rothia,0,4025
"(631.629213483146, 1305.8314606741574)",Lautropia,0,4026
"(631.95, 1433.6416666666667)",Rothia,0,4027
"(631.4305555555555, 1847.361111111111)",Fusobacterium,0,4028
"(632.7301587301587, 421.36507936507934)",Capnocytophaga,0,4029
"(634.0982142857143, 518.4017857142857)",Lautropia,0,4030
"(630.9491525423729, 834.3559322033898)",TM7,0,4032
"(635.1025641025641, 1063.0961538461538)",Selenomonas,0,4033
"(631.6854838709677, 1140.8709677419354)",Fusobacterium,0,4035
"(634.0744680851063, 1199.7659574468084)",Prevotella,0,4036
"(634.6186440677966, 1237.8728813559321)",Prevotella,0,4037
"(632.1818181818181, 1481.6666666666667)",Rothia,0,4038
"(632.7415730337078, 1775.2921348314608)",Corynebacterium,0,4039
"(634.7142857142857, 1791.5816326530612)",Rothia,0,4040
"(635.34375, 594.4479166666666)",Rothia,0,4041
"(638.1087866108786, 975.5062761506276)",Prevotella,0,4042
"(633.231884057971, 1461.5217391304348)",Lautropia,0,4044
"(635.0117647058823, 1602.235294117647)",Gemella,0,4045
"(631.8103448275862, 1625.5862068965516)",TM7,0,4046
"(634.0806451612904, 125.29032258064517)",Corynebacterium,0,4047
"(634.6796116504854, 1027.2330097087379)",Rothia,0,4048
"(638.4416666666667, 1282.0916666666667)",Lautropia,0,4049
"(634.8611111111111, 1409.9305555555557)",Prevotella,0,4050
"(634.8169014084507, 1552.8450704225352)",TM7,0,4051
"(634.8676470588235, 1583.8088235294117)",TM7,0,4052
"(635.0091743119266, 1835.0275229357799)",Capnocytophaga,0,4053
"(636.4945054945055, 938.7142857142857)",Prevotella,0,4054
"(635.3709677419355, 1634.8387096774193)",TM7,0,4055
"(636.8157894736842, 1687.0350877192982)",Corynebacterium,0,4056
"(636.6363636363636, 6.757575757575758)",Corynebacterium,0,4057
"(640.5913978494624, 242.80645161290323)",Lautropia,0,4059
"(636.1341463414634, 305.4756097560976)",TM7,0,4060
"(637.864, 383.576)",Lautropia,0,4061
"(639.560975609756, 1668.4227642276423)",TM7,0,4063
"(635.1772151898734, 1871.506329113924)",Pasteurellaceae,0,4064
"(640.2035398230089, 1930.6637168141592)",Leptotrichia,0,4065
"(637.1232876712329, 1958.4794520547946)",Leptotrichia,0,4066
"(636.4050632911392, 636.6075949367089)",TM7,0,4067
"(639.4608695652174, 915.1826086956522)",Prevotella,0,4068
"(640.139344262295, 1222.049180327869)",Fusobacterium,0,4070
"(639.1270718232045, 1372.6022099447514)",Leptotrichia,0,4071
"(638.3859649122807, 1449.5964912280701)",Pasteurellaceae,0,4072
"(638.2, 1734.076923076923)",Campylobacter,0,4073
"(639.66, 23.56)",Capnocytophaga,0,4074
"(646.3267973856209, 209.6078431372549)",Treponema,0,4075
"(638.375, 563.5138888888889)",TM7,0,4076
"(639.4639175257732, 580.2061855670103)",Streptococcus,0,4077
"(639.5888888888888, 652.2111111111111)",Fusobacterium,0,4078
"(640.021978021978, 1044.9120879120878)",Lautropia,0,4079
"(639.2764705882353, 1496.4058823529413)",Prevotella,0,4080
"(641.3333333333334, 1987.25)",Veillonella,0,4081
"(642.3428571428572, 543.0428571428571)",Pasteurellaceae,0,4082
"(640.068493150685, 753.5890410958904)",Rothia,0,4083
"(640.7671232876712, 894.0342465753424)",TM7,0,4085
"(638.3166666666667, 1175.25)",Fusobacterium,0,4087
"(639.56, 1422.3066666666666)",Rothia,0,4089
"(639.2888888888889, 1818.2333333333333)",TM7,0,4090
"(639.7096774193549, 161.46774193548387)",Fusobacterium,0,4091
"(641.5674418604651, 471.95813953488374)",Capnocytophaga,0,4092
"(642.0510204081633, 994.1122448979592)",Fusobacterium,0,4095
"(640.2820512820513, 1514.8076923076924)",TM7,0,4096
"(643.1764705882352, 63.21176470588235)",TM7,0,4097
"(647.6940298507462, 152.1044776119403)",Capnocytophaga,0,4098
"(641.3333333333334, 394.49122807017545)",Fusobacterium,0,4099
"(640.8135593220339, 1075.6610169491526)",Rothia,0,4100
"(648.9073359073359, 1216.3088803088804)",Leptotrichia,0,4101
"(644.2947368421053, 1293.4)",Gemella,0,4102
"(644.59375, 1997.09375)",Treponema,0,4103
"(642.031746031746, 137.0793650793651)",Capnocytophaga,0,4105
"(641.2297297297297, 263.4054054054054)",TM7,0,4106
"(641.7142857142857, 1014.015873015873)",Prevotella,0,4107
"(647.0769230769231, 1195.9615384615386)",Rothia,0,4108
"(649.9765258215963, 1259.9154929577464)",Capnocytophaga,0,4109
"(643.1, 1338.975)",Prevotella,0,4110
"(643.7432432432432, 1473.3108108108108)",Fusobacterium,0,4111
"(643.9827586206897, 40.810344827586206)",Lautropia,0,4113
"(647.8445945945946, 52.020270270270274)",Capnocytophaga,0,4114
"(650.3941176470588, 112.38823529411765)",Capnocytophaga,0,4115
"(643.9263157894737, 184.8421052631579)",TM7,0,4116
"(644.3333333333334, 326.55555555555554)",Pasteurellaceae,0,4117
"(644.0612244897959, 502.6530612244898)",Fusobacterium,0,4119
"(646.9453125, 696.1484375)",Veillonella,0,4120
"(646.1818181818181, 719.8116883116883)",Gemella,0,4121
"(645.1308411214953, 927.7102803738318)",Prevotella,0,4122
"(644.55, 1007.15)",Fusobacterium,0,4123
"(649.1822660098522, 347.3497536945813)",TM7,0,4124
"(645.8099173553719, 366.8264462809917)",Rothia,0,4125
"(643.4769230769231, 410.10769230769233)",Rothia,0,4126
"(643.3636363636364, 674.4935064935065)",Rothia,0,4127
"(645.4859813084112, 817.4953271028037)",Capnocytophaga,0,4128
"(646.2692307692307, 843.1634615384615)",Actinomyces,0,4129
"(646.2805755395683, 1123.388489208633)",TM7,0,4130
"(644.5454545454545, 1149.090909090909)",TM7,0,4131
"(644.1475409836065, 1612.032786885246)",TM7,0,4132
"(644.7678571428571, 126.28571428571429)",Pasteurellaceae,0,4133
"(646.2075471698113, 739.0754716981132)",Fusobacterium,0,4134
"(645.5652173913044, 1162.9347826086957)",Actinomyces,0,4136
"(645.8522727272727, 1527.1931818181818)",Prevotella,0,4137
"(645.4596774193549, 1548.8548387096773)",TM7,0,4138
"(645.5487804878048, 1625.780487804878)",Capnocytophaga,0,4139
"(645.9873417721519, 295.5822784810127)",TM7,0,4141
"(646.5164835164835, 774.9120879120879)",Pasteurellaceae,0,4142
"(649.5597014925373, 946.3731343283582)",Leptotrichia,0,4143
"(650.260162601626, 1239.5691056910568)",Prevotella,0,4144
"(646.2037037037037, 1312.8796296296296)",Fusobacterium,0,4145
"(645.7901234567901, 1707.9382716049383)",TM7,0,4147
"(646.2786885245902, 1808.327868852459)",Veillonella,0,4148
"(646.3243243243244, 1843.837837837838)",Porphyromonas,0,4149
"(647.5145631067961, 1915.5436893203882)",Porphyromonas,0,4150
"(648.8690476190476, 1180.642857142857)",Treponema,0,4152
"(650.5042735042736, 318.94017094017096)",Fusobacterium,0,4154
"(651.1564245810056, 621.0055865921788)",Leptotrichia,0,4155
"(650.2254335260116, 1578.9942196531792)",Prevotella,0,4158
"(647.1764705882352, 1733.5735294117646)",Fusobacterium,0,4159
"(650.3149606299213, 1783.5905511811025)",Corynebacterium,0,4160
"(647.4905660377359, 1863.5849056603774)",Neisseriaceae,0,4161
"(648.7115384615385, 278.88461538461536)",TM7,0,4162
"(653.328125, 603.0625)",Streptococcus,0,4163
"(653.2282608695652, 800.6086956521739)",TM7,0,4164
"(649.6506024096385, 1030.5180722891566)",Treponema,0,4165
"(650.4507042253521, 1396.6760563380283)",Corynebacterium,0,4166
"(652.5217391304348, 1662.7717391304348)",Capnocytophaga,0,4167
"(649.4237288135594, 1752.5593220338983)",Pasteurellaceae,0,4169
"(652.6704545454545, 861.6590909090909)",Lautropia,0,4170
"(656.6842105263158, 1108.7293233082708)",Rothia,0,4171
"(649.6521739130435, 1441.4130434782608)",Prevotella,0,4172
"(653.0847457627119, 73.2542372881356)",TM7,0,4174
"(652.5301204819277, 169.02409638554218)",TM7,0,4175
"(654.5964912280701, 251.0)",Prevotella,0,4176
"(652.1285714285714, 400.5285714285714)",TM7,0,4177
"(650.4306569343066, 433.6934306569343)",TM7,0,4178
"(652.4492753623189, 460.3768115942029)",Capnocytophaga,0,4179
"(656.5846153846154, 484.4384615384615)",Rothia,0,4180
"(652.0757575757576, 1136.121212121212)",Rothia,0,4181
"(654.2688172043011, 1457.9569892473119)",Actinomyces,0,4183
"(650.3035714285714, 1681.4642857142858)",Fusobacterium,0,4185
"(650.2413793103449, 1717.8620689655172)",Pasteurellaceae,0,4186
"(652.0583941605839, 1768.6277372262773)",Selenomonas,0,4187
"(649.2115384615385, 1879.6538461538462)",Leptotrichia,0,4188
"(650.9516129032259, 1976.741935483871)",Gemella,0,4189
"(653.632911392405, 447.75949367088606)",TM7,0,4190
"(653.8091603053435, 880.9389312977099)",TM7,0,4191
"(653.1666666666666, 964.6666666666666)",Lautropia,0,4192
"(665.5448113207547, 522.7948113207547)",Treponema,0,4196
"(660.9331210191083, 576.2420382165606)",TM7,0,4197
"(653.3, 667.7571428571429)",Lautropia,0,4198
"(652.8028169014085, 1502.3521126760563)",Prevotella,0,4199
"(655.525, 1639.475)",Campylobacter,0,4200
"(656.1488095238095, 1926.7261904761904)",Treponema,0,4201
"(654.3516483516484, 234.01098901098902)",TM7,0,4202
"(654.0144927536232, 385.07246376811594)",Rothia,0,4203
"(654.0, 468.86)",Capnocytophaga,0,4205
"(656.4057971014493, 564.2898550724638)",TM7,0,4206
"(655.1610169491526, 638.8559322033898)",Lautropia,0,4207
"(654.8690476190476, 1081.7738095238096)",TM7,0,4208
"(655.7191011235955, 1516.3483146067415)",Prevotella,0,4209
"(660.6829268292682, 1537.8455284552845)",Prevotella,0,4210
"(661.4916201117319, 1690.608938547486)",TM7,0,4211
"(655.5925925925926, 831.8148148148148)",Lautropia,0,4215
"(662.6645161290322, 1203.8387096774193)",Prevotella,0,4216
"(656.725, 1418.8375)",Rothia,0,4217
"(661.2362204724409, 1485.7952755905512)",Fusobacterium,0,4218
"(658.1666666666666, 1854.0)",Streptococcus,0,4219
"(656.0, 1897.3664596273293)",Capnocytophaga,0,4220
"(657.1666666666666, 275.4047619047619)",Rothia,0,4221
"(661.943820224719, 903.5393258426966)",Rothia,0,4222
"(656.4, 1017.1)",Streptococcus,0,4223
"(657.8205128205128, 1269.6153846153845)",Prevotella,0,4224
"(658.1972789115646, 1558.2176870748299)",Lautropia,0,4225
"(658.224, 1955.744)",Streptococcus,0,4226
"(660.5855855855856, 1982.882882882883)",Veillonella,0,4227
"(660.0689655172414, 679.4051724137931)",Lautropia,0,4228
"(659.3333333333334, 704.2857142857143)",Rothia,0,4229
"(657.695652173913, 920.2753623188406)",Prevotella,0,4230
"(659.9145299145299, 1040.5811965811965)",Neisseriaceae,0,4231
"(660.1323529411765, 1827.235294117647)",TM7,0,4232
"(660.2178217821782, 85.04950495049505)",TM7,0,4233
"(658.0978260869565, 189.33695652173913)",Capnocytophaga,0,4234
"(657.7361111111111, 356.2638888888889)",TM7,0,4235
"(658.609375, 975.203125)",TM7,0,4236
"(659.375, 1472.1527777777778)",Gemella,0,4237
"(663.7315436241611, 306.8859060402685)",Rothia,0,4238
"(669.4459459459459, 412.490990990991)",Capnocytophaga,0,4239
"(662.6329787234042, 554.1117021276596)",Fusobacterium,0,4240
"(663.6052631578947, 589.0986842105264)",Fusobacterium,0,4241
"(659.65625, 810.328125)",Lautropia,0,4242
"(659.2626262626262, 1060.3535353535353)",Prevotella,0,4243
"(658.5849056603773, 1143.5094339622642)",TM7,0,4244
"(660.9130434782609, 1283.9565217391305)",Prevotella,0,4245
"(660.3191489361702, 1299.9787234042553)",Rothia,0,4246
"(659.8953488372093, 1328.3953488372092)",TM7,0,4247
"(661.3796296296297, 1722.2777777777778)",Fusobacterium,0,4248
"(659.24, 1871.89)",Treponema,0,4249
"(662.3465346534654, 379.980198019802)",Fusobacterium,0,4250
"(660.3741007194244, 731.3741007194244)",Lautropia,0,4251
"(660.1846153846154, 951.3384615384615)",Streptococcus,0,4252
"(660.3928571428571, 986.2321428571429)",Prevotella,0,4253
"(659.9090909090909, 1743.5)",TM7,0,4255
"(662.8932038834952, 785.7669902912621)",TM7,0,4258
"(663.6075949367089, 1235.26582278481)",Prevotella,0,4259
"(662.0, 1398.532258064516)",Rothia,0,4260
"(661.64, 1601.6133333333332)",Rothia,0,4261
"(660.1428571428571, 1623.4285714285713)",Fusobacterium,0,4262
"(659.859649122807, 1804.6491228070176)",Prevotella,0,4263
"(662.624060150376, 39.67669172932331)",Fusobacterium,0,4264
"(662.1836734693877, 131.40816326530611)",Capnocytophaga,0,4265
"(663.8461538461538, 641.4461538461538)",Neisseriaceae,0,4266
"(663.4142857142857, 752.1285714285714)",Gemella,0,4267
"(664.0277777777778, 856.8888888888889)",TM7,0,4268
"(663.3369565217391, 1002.1086956521739)",Streptococcus,0,4269
"(662.8775510204082, 1162.1700680272108)",TM7,0,4270
"(663.019801980198, 1373.2871287128712)",TM7,0,4271
"(665.9478260869565, 145.33913043478262)",Pasteurellaceae,0,4273
"(676.3267716535433, 1181.740157480315)",Prevotella,0,4274
"(663.952380952381, 1432.104761904762)",Lautropia,0,4275
"(665.4731182795699, 1579.6451612903227)",TM7,0,4276
"(662.7076923076924, 1790.6153846153845)",Pasteurellaceae,0,4277
"(664.709090909091, 1944.3363636363636)",Leptotrichia,0,4278
"(665.7747747747748, 324.92792792792795)",TM7,0,4279
"(662.7857142857143, 427.0)",Fusobacterium,0,4280
"(665.609756097561, 613.7317073170732)",Fusobacterium,0,4281
"(663.8977272727273, 1092.25)",Treponema,0,4283
"(666.3653846153846, 1127.6474358974358)",Prevotella,0,4284
"(664.2702702702703, 1445.7972972972973)",Rothia,0,4285
"(665.225, 222.58333333333334)",TM7,0,4287
"(672.0845070422536, 1364.4190140845071)",TM7,0,4289
"(670.8807692307693, 108.24615384615385)",Corynebacterium,0,4291
"(666.5616438356165, 165.12328767123287)",TM7,0,4292
"(670.1616161616162, 199.5252525252525)",Prevotella,0,4293
"(667.1944444444445, 933.7777777777778)",Capnocytophaga,0,4295
"(667.9027777777778, 955.4166666666666)",Streptococcus,0,4296
"(665.3207547169811, 1386.3584905660377)",Veillonella,0,4297
"(666.2592592592592, 1645.5432098765432)",Lautropia,0,4299
"(667.5490196078431, 1665.1960784313726)",Corynebacterium,0,4300
"(666.6666666666666, 1888.0)",Selenomonas,0,4301
"(669.4460431654676, 57.20863309352518)",Treponema,0,4302
"(668.3373493975904, 498.3734939759036)",Prevotella,0,4303
"(667.2857142857143, 691.0519480519481)",Lautropia,0,4305
"(666.8166666666667, 719.1666666666666)",Lautropia,0,4306
"(667.3787878787879, 1497.3030303030303)",Fusobacterium,0,4309
"(673.2097902097902, 244.006993006993)",Lautropia,0,4310
"(680.8333333333334, 391.14285714285717)",TM7,0,4311
"(670.8142857142857, 474.01428571428573)",TM7,0,4312
"(673.1338582677165, 657.2598425196851)",Rothia,0,4313
"(667.2, 874.475)",Prevotella,0,4314
"(670.475, 628.2125)",Streptococcus,0,4317
"(672.6666666666666, 843.5208333333334)",Prevotella,0,4318
"(668.4150943396227, 1517.9245283018868)",Veillonella,0,4319
"(670.3544303797469, 1843.2784810126582)",Rothia,0,4320
"(671.4857142857143, 260.9428571428571)",Fusobacterium,0,4321
"(671.212389380531, 454.2212389380531)",Rothia,0,4322
"(669.9158878504672, 1221.4766355140187)",Fusobacterium,0,4324
"(669.9622641509434, 273.92452830188677)",Fusobacterium,0,4325
"(675.418439716312, 354.0886524822695)",TM7,0,4326
"(670.6338028169014, 374.0)",Rothia,0,4327
"(675.516129032258, 596.6)",Fusobacterium,0,4328
"(671.078125, 1068.46875)",Streptococcus,0,4329
"(670.8823529411765, 1102.0392156862745)",Streptococcus,0,4330
"(673.9727891156463, 1465.1496598639455)",TM7,0,4332
"(672.0196078431372, 1631.9705882352941)",Corynebacterium,0,4333
"(671.7278911564625, 1915.6054421768708)",Fusobacterium,0,4334
"(672.9397590361446, 74.56626506024097)",Veillonella,0,4335
"(676.2672955974842, 567.3301886792453)",Treponema,0,4336
"(672.5473684210526, 976.3368421052631)",Lautropia,0,4337
"(671.5932203389831, 1743.5254237288136)",Capnocytophaga,0,4338
"(675.1643835616438, 213.23287671232876)",Fusobacterium,0,4339
"(673.0, 1313.7272727272727)",Prevotella,0,4340
"(673.2884615384615, 1420.0192307692307)",Lautropia,0,4341
"(672.2156862745098, 1563.7450980392157)",Fusobacterium,0,4342
"(672.8896551724138, 1593.7310344827586)",Capnocytophaga,0,4343
"(676.0, 1616.2403100775193)",TM7,0,4344
"(674.1, 1867.035)",Veillonella,0,4345
"(685.0922509225093, 1905.1365313653137)",Capnocytophaga,0,4346
"(674.1969696969697, 159.6969696969697)",Pasteurellaceae,0,4347
"(674.0933333333334, 187.48)",TM7,0,4348
"(680.0173913043478, 299.1913043478261)",Fusobacterium,0,4349
"(676.2368421052631, 545.2280701754386)",TM7,0,4350
"(673.6949152542373, 1268.4915254237287)",TM7,0,4351
"(679.6168831168832, 1803.2987012987012)",TM7,0,4353
"(674.9814814814815, 1970.148148148148)",Veillonella,0,4354
"(678.65, 278.4125)",Pasteurellaceae,0,4355
"(677.7272727272727, 745.1)",TM7,0,4356
"(676.6063829787234, 1165.968085106383)",TM7,0,4357
"(674.71875, 1279.375)",Rothia,0,4358
"(674.6753246753246, 1504.7272727272727)",Fusobacterium,0,4359
"(674.4623655913979, 1818.5913978494623)",Fusobacterium,0,4360
"(683.3475609756098, 1930.1036585365853)",Capnocytophaga,0,4361
"(676.9583333333334, 1996.375)",Streptococcus,0,4362
"(678.3076923076923, 613.3384615384615)",Lautropia,0,4363
"(677.7810218978102, 671.3430656934306)",Rothia,0,4364
"(678.2083333333334, 924.1666666666666)",Corynebacterium,0,4365
"(680.2906976744187, 1063.0581395348838)",Leptotrichia,0,4366
"(684.3681818181818, 1198.3045454545454)",Prevotella,0,4367
"(678.8795180722891, 1245.5983935742972)",TM7,0,4368
"(679.8639455782313, 1438.4149659863945)",TM7,0,4369
"(677.9052631578948, 1705.6315789473683)",TM7,0,4370
"(677.054945054945, 1778.3076923076924)",Veillonella,0,4371
"(679.695652173913, 437.7282608695652)",Fusobacterium,0,4373
"(677.7042253521126, 732.3943661971831)",Prevotella,0,4374
"(677.0677966101695, 864.8813559322034)",Fusobacterium,0,4376
"(676.7638888888889, 893.6527777777778)",Fusobacterium,0,4377
"(677.609756097561, 1010.329268292683)",Lautropia,0,4378
"(676.4634146341464, 1024.69918699187)",Prevotella,0,4379
"(678.2075471698113, 1331.3490566037735)",TM7,0,4380
"(676.3953488372093, 1396.3139534883721)",Streptococcus,0,4381
"(679.9363636363636, 1531.5636363636363)",TM7,0,4382
"(678.0232558139535, 1550.2325581395348)",Streptococcus,0,4383
"(677.1038961038961, 1760.7272727272727)",Capnocytophaga,0,4384
"(677.0166666666667, 1833.9333333333334)",Leptotrichia,0,4385
"(682.4375, 90.54464285714286)",Streptococcus,0,4386
"(678.3488372093024, 229.34883720930233)",Campylobacter,0,4387
"(678.433962264151, 637.4905660377359)",Porphyromonas,0,4389
"(678.3592233009708, 1040.2815533980583)",TM7,0,4390
"(684.6312849162011, 1299.0782122905027)",Prevotella,0,4391
"(681.6860465116279, 1695.1162790697674)",TM7,0,4393
"(678.8840579710145, 138.7536231884058)",Capnocytophaga,0,4394
"(684.7511737089202, 326.62910798122067)",Pasteurellaceae,0,4395
"(686.7219730941704, 551.5784753363229)",TM7,0,4396
"(685.1774193548387, 585.0322580645161)",Prevotella,0,4397
"(681.2032520325204, 809.560975609756)",Fusobacterium,0,4398
"(683.1525423728814, 173.58474576271186)",Lautropia,0,4401
"(679.5211267605633, 693.6338028169014)",TM7,0,4402
"(679.671875, 719.140625)",Rothia,0,4403
"(680.12, 989.08)",Leptotrichia,0,4404
"(683.1980198019802, 1518.4455445544554)",Capnocytophaga,0,4405
"(680.3913043478261, 1643.8115942028985)",Treponema,0,4406
"(679.939393939394, 1658.7878787878788)",Rothia,0,4407
"(683.0892857142857, 770.375)",Selenomonas,0,4409
"(692.484962406015, 818.6466165413534)",Prevotella,0,4410
"(683.7297297297297, 876.6891891891892)",Prevotella,0,4411
"(681.8095238095239, 908.031746031746)",Rothia,0,4412
"(690.5189393939394, 1845.6704545454545)",Pasteurellaceae,0,4413
"(685.8507462686567, 525.5373134328358)",Streptococcus,0,4414
"(681.6086956521739, 965.2608695652174)",Leptotrichia,0,4416
"(681.796875, 1100.296875)",Prevotella,0,4417
"(681.8192771084338, 1142.9277108433735)",Prevotella,0,4418
"(683.9076923076923, 1219.7615384615385)",Prevotella,0,4419
"(683.7241379310345, 130.86206896551724)",Capnocytophaga,0,4420
"(685.3740458015267, 473.60305343511453)",Prevotella,0,4421
"(687.9449541284404, 754.6880733944954)",Capnocytophaga,0,4422
"(683.71875, 1947.0520833333333)",Treponema,0,4423
"(684.7252747252747, 622.6043956043956)",Fusobacterium,0,4424
"(683.986301369863, 951.4109589041096)",Leptotrichia,0,4425
"(688.5483870967741, 1004.4623655913979)",Prevotella,0,4426
"(687.8516129032258, 1479.7225806451613)",Treponema,0,4427
"(685.7047619047619, 1498.2285714285715)",Prevotella,0,4428
"(685.0166666666667, 152.6)",Fusobacterium,0,4429
"(686.8709677419355, 572.0967741935484)",TM7,0,4430
"(685.3533333333334, 782.24)",Streptococcus,0,4431
"(684.6923076923077, 1281.9807692307693)",TM7,0,4432
"(686.0, 1676.1370967741937)",TM7,0,4433
"(688.2168674698795, 211.15662650602408)",Capnocytophaga,0,4434
"(685.0862068965517, 499.7068965517241)",Rothia,0,4435
"(689.2530864197531, 598.8148148148148)",TM7,0,4436
"(688.5853658536586, 1565.1951219512196)",TM7,0,4438
"(690.4503816793894, 1624.5877862595419)",Pasteurellaceae,0,4439
"(685.7596153846154, 1738.5384615384614)",Fusobacterium,0,4440
"(688.9852941176471, 57.1764705882353)",Corynebacterium,0,4441
"(687.9213483146067, 74.34831460674157)",Capnocytophaga,0,4442
"(689.4857142857143, 124.2)",Corynebacterium,0,4443
"(690.6709677419354, 450.8322580645161)",Rothia,0,4444
"(689.2268041237113, 704.8453608247422)",Fusobacterium,0,4446
"(687.3456790123457, 1078.6913580246915)",TM7,0,4447
"(686.7076923076924, 1451.676923076923)",Gemella,0,4448
"(688.4444444444445, 197.85185185185185)",Veillonella,0,4449
"(689.25, 261.52941176470586)",TM7,0,4450
"(695.5185185185185, 797.3271604938271)",Fusobacterium,0,4452
"(688.021978021978, 1120.2087912087911)",Rothia,0,4453
"(693.4679802955665, 1136.9950738916257)",Prevotella,0,4454
"(687.0, 1154.3157894736842)",Prevotella,0,4455
"(689.9364161849711, 1351.179190751445)",Treponema,0,4456
"(689.3152173913044, 1588.4347826086957)",Fusobacterium,0,4457
"(690.887573964497, 1821.792899408284)",Treponema,0,4458
"(689.5432098765432, 1868.5185185185185)",Capnocytophaga,0,4459
"(703.3396226415094, 1882.4679245283019)",Corynebacterium,0,4461
"(691.7865168539325, 1964.5056179775281)",Gemella,0,4462
"(689.5760869565217, 187.67391304347825)",Lautropia,0,4463
"(696.1107692307693, 360.3784615384615)",TM7,0,4464
"(693.1935483870968, 532.0483870967741)",Gemella,0,4465
"(690.0, 645.5735294117648)",Capnocytophaga,0,4466
"(689.8333333333334, 684.6666666666666)",TM7,0,4467
"(690.3548387096774, 852.6451612903226)",Rothia,0,4468
"(690.0, 891.7254901960785)",Leptotrichia,0,4469
"(690.7619047619048, 987.2857142857143)",Lautropia,0,4470
"(689.5479452054794, 1397.2602739726028)",Actinomyces,0,4471
"(691.752688172043, 1410.5698924731182)",TM7,0,4472
"(690.4883720930233, 228.5)",Capnocytophaga,0,4473
"(692.2477064220184, 430.1284403669725)",Rothia,0,4474
"(697.1746031746031, 486.35978835978835)",TM7,0,4475
"(693.176, 732.68)",Prevotella,0,4476
"(693.6090909090909, 842.3545454545455)",Rothia,0,4477
"(692.6506849315068, 1025.5753424657535)",Leptotrichia,0,4478
"(690.5967741935484, 1269.0)",Lautropia,0,4479
"(692.2792792792793, 1649.2162162162163)",TM7,0,4480
"(693.28, 1756.72)",TM7,0,4481
"(696.0909090909091, 510.35353535353534)",Rothia,0,4483
"(698.2110091743119, 569.2079510703364)",TM7,0,4484
"(691.7179487179487, 1609.2307692307693)",Prevotella,0,4486
"(693.8105263157895, 243.0842105263158)",Fusobacterium,0,4487
"(694.1360544217687, 410.4625850340136)",TM7,0,4488
"(696.5852272727273, 920.2954545454545)",Leptotrichia,0,4489
"(695.804347826087, 1111.3369565217392)",Rothia,0,4490
"(697.156862745098, 1218.2254901960785)",Prevotella,0,4491
"(699.3809523809524, 1533.7705627705627)",Streptococcus,0,4492
"(699.9788732394367, 338.9788732394366)",Prevotella,0,4493
"(697.560975609756, 589.4959349593496)",Rothia,0,4494
"(694.1194029850747, 637.3134328358209)",Fusobacterium,0,4495
"(696.1869158878504, 972.6355140186915)",Actinomyces,0,4496
"(699.1891891891892, 1236.654054054054)",Prevotella,0,4497
"(693.6481481481482, 1277.9814814814815)",Leptotrichia,0,4499
"(694.0357142857143, 1381.232142857143)",Rothia,0,4500
"(696.1034482758621, 1464.5057471264367)",TM7,0,4501
"(696.144, 1793.976)",Corynebacterium,0,4502
"(695.81, 1986.95)",Veillonella,0,4503
"(699.9565217391304, 164.268115942029)",Capnocytophaga,0,4505
"(696.5833333333334, 1045.0277777777778)",Prevotella,0,4506
"(695.8625, 1661.65)",TM7,0,4508
"(699.6417910447761, 98.71641791044776)",Corynebacterium,0,4509
"(696.5285714285715, 666.5)",TM7,0,4510
"(699.9326923076923, 1260.5288461538462)",TM7,0,4511
"(694.3559322033898, 1427.406779661017)",Lautropia,0,4512
"(699.525, 35.725)",Rothia,0,4513
"(699.4934210526316, 147.4671052631579)",Capnocytophaga,0,4514
"(696.4032258064516, 946.8870967741935)",Leptotrichia,0,4515
"(696.9076923076923, 957.2923076923076)",Leptotrichia,0,4516
"(697.9395973154362, 1172.4093959731545)",Lautropia,0,4517
"(700.3766233766233, 1596.5064935064936)",Prevotella,0,4518
"(698.1830065359477, 1712.2091503267975)",Capnocytophaga,0,4519
"(698.2222222222222, 1932.2539682539682)",TM7,0,4520
"(699.5126050420168, 1948.4033613445379)",Lautropia,0,4521
"(707.2384105960265, 197.68211920529802)",Lautropia,0,4522
"(702.0583333333333, 225.81666666666666)",TM7,0,4523
"(697.8676470588235, 307.29411764705884)",Capnocytophaga,0,4524
"(698.5368421052632, 877.1894736842105)",Leptotrichia,0,4525
"(699.25, 1007.671875)",Lautropia,0,4526
"(700.7981651376147, 1779.8256880733945)",Pasteurellaceae,0,4527
"(705.6497175141243, 525.1977401129943)",Treponema,0,4529
"(700.3333333333334, 1021.0)",Rothia,0,4530
"(702.6116504854369, 1056.0582524271845)",Prevotella,0,4531
"(701.0849056603773, 1393.5377358490566)",TM7,0,4532
"(701.008695652174, 1511.3304347826088)",Lautropia,0,4533
"(699.7818181818182, 49.61818181818182)",Campylobacter,0,4534
"(699.8888888888889, 611.4444444444445)",Fusobacterium,0,4535
"(704.5139664804469, 627.1620111731844)",Rothia,0,4536
"(710.4444444444445, 775.1648745519714)",Streptococcus,0,4537
"(700.2340425531914, 1446.7021276595744)",Lautropia,0,4539
"(700.4647887323944, 1726.5633802816901)",Gemella,0,4540
"(704.5673076923077, 856.7019230769231)",Leptotrichia,0,4543
"(701.5949367088608, 1313.4177215189873)",Fusobacterium,0,4544
"(701.8842105263158, 1329.7684210526315)",TM7,0,4545
"(704.0769230769231, 1370.888888888889)",Prevotella,0,4546
"(702.1917808219179, 291.52054794520546)",Prevotella,0,4547
"(707.824427480916, 466.98091603053433)",TM7,0,4548
"(702.9741379310345, 758.4568965517242)",Lautropia,0,4549
"(703.6410256410256, 992.1410256410256)",Lautropia,0,4550
"(704.5280898876405, 1491.561797752809)",Lautropia,0,4552
"(708.6567164179105, 1552.858208955224)",Fusobacterium,0,4553
"(703.3571428571429, 1580.107142857143)",Leptotrichia,0,4554
"(704.1304347826087, 1742.4173913043478)",Pasteurellaceae,0,4555
"(703.1511627906976, 81.32558139534883)",Treponema,0,4556
"(702.2, 123.54545454545455)",Fusobacterium,0,4557
"(703.2761904761904, 180.7047619047619)",Veillonella,0,4558
"(707.5096153846154, 540.0865384615385)",Streptococcus,0,4559
"(704.7127659574468, 902.0212765957447)",Leptotrichia,0,4560
"(705.6356589147287, 1098.2868217054263)",TM7,0,4561
"(703.010752688172, 1354.021505376344)",Lautropia,0,4562
"(710.72, 1572.98)",Leptotrichia,0,4563
"(701.8909090909091, 1868.2545454545455)",Veillonella,0,4564
"(704.94, 1899.65)",Lautropia,0,4565
"(707.7870370370371, 1915.287037037037)",Capnocytophaga,0,4566
"(704.9830508474577, 303.0508474576271)",TM7,0,4568
"(707.3360655737705, 427.05737704918033)",Fusobacterium,0,4569
"(705.7333333333333, 644.2666666666667)",TM7,0,4570
"(707.794701986755, 708.0993377483444)",Prevotella,0,4571
"(705.5514018691589, 1677.8971962616822)",Campylobacter,0,4573
"(706.8735632183908, 1643.33908045977)",TM7,0,4574
"(704.7833333333333, 1768.5666666666666)",Fusobacterium,0,4575
"(707.4869565217391, 1853.6782608695653)",Corynebacterium,0,4576
"(705.5666666666667, 243.88333333333333)",Rothia,0,4577
"(708.1948051948052, 508.3246753246753)",Rothia,0,4578
"(706.620253164557, 833.8101265822785)",Prevotella,0,4579
"(710.8262910798122, 923.586854460094)",Leptotrichia,0,4580
"(710.2614379084968, 1033.4967320261437)",Prevotella,0,4581
"(706.6260869565217, 1074.1478260869565)",Lautropia,0,4582
"(704.7454545454545, 1199.9272727272728)",Rothia,0,4583
"(706.6363636363636, 1208.2)",TM7,0,4584
"(710.0860927152318, 1294.0529801324503)",Lautropia,0,4585
"(711.7074829931972, 276.578231292517)",Fusobacterium,0,4587
"(706.5471698113207, 375.66037735849056)",Gemella,0,4588
"(706.4428571428572, 668.2857142857143)",TM7,0,4589
"(710.7012987012987, 1607.857142857143)",TM7,0,4591
"(707.6039603960396, 1622.1782178217823)",TM7,0,4592
"(708.3678160919541, 1694.183908045977)",Corynebacterium,0,4593
"(709.5930232558139, 210.06976744186048)",Fusobacterium,0,4594
"(711.2135922330098, 682.4854368932039)",TM7,0,4595
"(710.0735294117648, 821.3088235294117)",Fusobacterium,0,4596
"(716.4409937888199, 1594.5962732919254)",TM7,0,4597
"(710.1860465116279, 1821.860465116279)",Veillonella,0,4598
"(706.8181818181819, 1953.4363636363637)",Lautropia,0,4599
"(711.8133333333334, 1967.7333333333333)",Capnocytophaga,0,4600
"(708.1818181818181, 48.96363636363636)",Capnocytophaga,0,4601
"(708.9032258064516, 440.85483870967744)",Fusobacterium,0,4602
"(711.5664335664336, 554.5664335664336)",Leptotrichia,0,4603
"(708.9818181818182, 741.6727272727272)",Streptococcus,0,4604
"(716.8602150537635, 795.8978494623656)",Capnocytophaga,0,4605
"(711.4578313253012, 1011.0)",Prevotella,0,4606
"(710.6720430107526, 1182.8924731182797)",Prevotella,0,4607
"(711.421768707483, 1270.9251700680272)",Lautropia,0,4608
"(711.125, 1381.0892857142858)",Lautropia,0,4609
"(709.7077922077922, 1413.6103896103896)",Streptococcus,0,4610
"(712.3428571428572, 1427.9142857142858)",Streptococcus,0,4611
"(711.7849462365591, 1518.6559139784947)",Streptococcus,0,4612
"(711.7037037037037, 1718.7925925925927)",Gemella,0,4613
"(713.6142857142858, 1987.3357142857142)",Gemella,0,4614
"(713.7530864197531, 599.5555555555555)",TM7,0,4615
"(709.8795180722891, 951.7710843373494)",Leptotrichia,0,4616
"(710.6304347826087, 1137.6195652173913)",Prevotella,0,4617
"(724.5609375, 365.0875)",Streptococcus,0,4619
"(711.6826923076923, 399.9326923076923)",Fusobacterium,0,4620
"(710.8470588235294, 412.4235294117647)",TM7,0,4621
"(712.0948905109489, 1121.8686131386862)",Prevotella,0,4622
"(713.5772357723578, 1252.260162601626)",Lautropia,0,4623
"(711.9619047619047, 1479.6190476190477)",Pasteurellaceae,0,4624
"(718.0931677018633, 134.75776397515529)",Capnocytophaga,0,4626
"(714.8152866242038, 728.3375796178344)",Rothia,0,4627
"(713.5, 970.8454545454546)",Leptotrichia,0,4628
"(713.1353383458646, 1155.4962406015038)",Prevotella,0,4629
"(714.5409836065573, 1336.5737704918033)",TM7,0,4630
"(711.578947368421, 1464.5)",Lautropia,0,4631
"(714.3636363636364, 80.48051948051948)",Corynebacterium,0,4632
"(714.5340909090909, 613.0909090909091)",Capnocytophaga,0,4634
"(714.3013698630137, 995.6712328767123)",Lautropia,0,4635
"(717.3284671532847, 1353.1240875912408)",Lautropia,0,4636
"(713.1428571428571, 1834.3636363636363)",Capnocytophaga,0,4637
"(718.950354609929, 327.7730496453901)",Treponema,0,4639
"(714.8714285714286, 589.6285714285714)",Pasteurellaceae,0,4640
"(714.0722891566265, 655.843373493976)",Capnocytophaga,0,4641
"(714.8333333333334, 865.6296296296297)",Streptococcus,0,4642
"(714.8586956521739, 886.8369565217391)",Streptococcus,0,4643
"(720.1611374407582, 1403.2890995260664)",Streptococcus,0,4645
"(718.3875, 227.7125)",Prevotella,0,4646
"(716.1627906976744, 449.5581395348837)",Rothia,0,4647
"(717.0806451612904, 497.64516129032256)",Rothia,0,4648
"(716.6266666666667, 697.0)",TM7,0,4649
"(716.5584415584416, 986.5844155844156)",Leptotrichia,0,4651
"(717.560975609756, 1052.3902439024391)",Rothia,0,4652
"(719.9186046511628, 1495.3837209302326)",Fusobacterium,0,4653
"(714.9166666666666, 1867.2833333333333)",Capnocytophaga,0,4654
"(716.030303030303, 105.15151515151516)",Corynebacterium,0,4655
"(720.438596491228, 147.5438596491228)",Corynebacterium,0,4656
"(716.1386138613861, 346.9207920792079)",Capnocytophaga,0,4658
"(716.9538461538461, 572.9846153846154)",TM7,0,4659
"(715.5471698113207, 754.2264150943396)",Fusobacterium,0,4660
"(717.2627118644068, 1313.7118644067796)",Lautropia,0,4661
"(718.3611111111111, 1656.875)",Capnocytophaga,0,4662
"(716.5060240963855, 1746.7349397590363)",TM7,0,4663
"(717.7435897435897, 1939.4358974358975)",Capnocytophaga,0,4664
"(719.1645569620254, 38.721518987341774)",Corynebacterium,0,4665
"(720.7931034482758, 183.68965517241378)",TM7,0,4666
"(717.3026315789474, 263.2368421052632)",Capnocytophaga,0,4667
"(717.0923076923077, 320.38461538461536)",Campylobacter,0,4668
"(717.5571428571428, 1105.4571428571428)",TM7,0,4669
"(716.7213114754098, 1202.4262295081967)",Prevotella,0,4670
"(717.8888888888889, 1779.716049382716)",Fusobacterium,0,4672
"(723.3529411764706, 1458.2941176470588)",Lautropia,0,4673
"(718.9402985074627, 54.44776119402985)",Veillonella,0,4674
"(720.0493827160494, 291.04938271604937)",Selenomonas,0,4675
"(720.6626506024096, 1068.3855421686746)",Actinomyces,0,4676
"(718.6862745098039, 1686.9411764705883)",Campylobacter,0,4677
"(719.9041095890411, 1800.7397260273972)",TM7,0,4678
"(719.2307692307693, 1889.8846153846155)",Pasteurellaceae,0,4679
"(724.8439716312057, 308.3404255319149)",Capnocytophaga,0,4680
"(722.75, 1089.875)",Fusobacterium,0,4681
"(721.125, 1382.984375)",Lautropia,0,4682
"(721.1929824561404, 1559.3157894736842)",Fusobacterium,0,4683
"(722.4563106796116, 1854.9514563106795)",Pasteurellaceae,0,4684
"(728.4624277456647, 1916.4913294797689)",TM7,0,4686
"(725.1743119266055, 214.63302752293578)",Prevotella,0,4687
"(720.8030303030303, 435.8030303030303)",Fusobacterium,0,4688
"(721.7075471698113, 907.2358490566038)",Streptococcus,0,4689
"(722.6805555555555, 1624.861111111111)",Pasteurellaceae,0,4691
"(725.41, 458.99)",Fusobacterium,0,4692
"(722.5526315789474, 714.0921052631579)",Prevotella,0,4693
"(721.5862068965517, 814.6637931034483)",Capnocytophaga,0,4694
"(725.2553191489362, 859.1063829787234)",Streptococcus,0,4695
"(724.6, 963.9857142857143)",Leptotrichia,0,4696
"(722.2777777777778, 1016.4305555555555)",Actinomyces,0,4697
"(722.9666666666667, 1239.8111111111111)",Fusobacterium,0,4698
"(722.4742268041238, 482.55670103092785)",Fusobacterium,0,4699
"(725.8283582089553, 529.5970149253732)",Leptotrichia,0,4700
"(727.3056994818653, 1442.5233160621763)",Leptotrichia,0,4702
"(722.0860215053764, 1706.010752688172)",Rothia,0,4703
"(723.1904761904761, 1763.4126984126983)",TM7,0,4704
"(724.5942028985507, 65.34782608695652)",Capnocytophaga,0,4705
"(726.4793388429752, 108.38842975206612)",Corynebacterium,0,4706
"(724.8227848101266, 241.873417721519)",TM7,0,4708
"(726.46875, 1365.4375)",Streptococcus,0,4711
"(724.7910447761194, 1476.1194029850747)",Streptococcus,0,4712
"(732.3236514522822, 1530.3485477178424)",Streptococcus,0,4713
"(723.4747474747475, 1898.828282828283)",Selenomonas,0,4714
"(727.3827160493827, 414.30864197530866)",Fusobacterium,0,4715
"(725.5866666666667, 511.38666666666666)",TM7,0,4716
"(727.0111111111111, 645.8666666666667)",TM7,0,4718
"(725.02, 686.24)",TM7,0,4719
"(725.0877192982456, 1211.561403508772)",TM7,0,4720
"(725.8777777777777, 1718.5333333333333)",Fusobacterium,0,4721
"(725.9240506329114, 760.2151898734177)",Pasteurellaceae,0,4722
"(731.4416243654822, 872.2791878172588)",Streptococcus,0,4723
"(726.074074074074, 938.0493827160494)",Leptotrichia,0,4724
"(724.5333333333333, 1133.8166666666666)",Prevotella,0,4725
"(728.1842105263158, 1165.5350877192982)",Prevotella,0,4726
"(728.5, 1223.8921568627452)",Streptococcus,0,4727
"(728.016393442623, 1660.2295081967213)",Corynebacterium,0,4728
"(727.5128205128206, 1839.371794871795)",Treponema,0,4729
"(726.8064516129032, 89.43548387096774)",Veillonella,0,4731
"(736.8805031446541, 456.71069182389937)",TM7,0,4732
"(729.8469387755102, 624.5102040816327)",Rothia,0,4733
"(731.8372093023256, 844.0813953488372)",Streptococcus,0,4734
"(732.266129032258, 1110.6209677419354)",TM7,0,4735
"(727.9506172839506, 1184.4197530864199)",Treponema,0,4736
"(727.6993464052288, 1290.8300653594772)",Prevotella,0,4737
"(729.6287878787879, 1675.5681818181818)",Selenomonas,0,4738
"(726.9565217391304, 1813.5)",Capnocytophaga,0,4740
"(729.4464285714286, 30.482142857142858)",Leptotrichia,0,4741
"(734.094674556213, 278.84615384615387)",Selenomonas,0,4742
"(731.1193181818181, 1270.4602272727273)",TM7,0,4743
"(729.2133333333334, 1640.7)",TM7,0,4744
"(730.0886075949367, 1694.7974683544303)",Rothia,0,4745
"(727.0833333333334, 1735.857142857143)",TM7,0,4746
"(733.2254901960785, 1945.7941176470588)",Capnocytophaga,0,4747
"(728.7183098591549, 1959.6760563380283)",Treponema,0,4748
"(727.5747126436781, 1976.0804597701149)",Capnocytophaga,0,4749
"(731.7717391304348, 401.1521739130435)",Actinomyces,0,4750
"(729.2222222222222, 1029.7936507936508)",TM7,0,4751
"(729.7096774193549, 1143.741935483871)",Prevotella,0,4752
"(729.8118811881188, 1326.4158415841584)",Prevotella,0,4753
"(729.1538461538462, 1506.7820512820513)",Treponema,0,4754
"(730.5890410958904, 1605.5342465753424)",Corynebacterium,0,4755
"(729.1044776119403, 1994.5074626865671)",Veillonella,0,4756
"(729.3174603174604, 160.03174603174602)",Corynebacterium,0,4757
"(729.3035714285714, 170.33928571428572)",Corynebacterium,0,4758
"(733.8849557522124, 666.8849557522124)",Prevotella,0,4759
"(729.3230769230769, 703.5846153846154)",Rothia,0,4760
"(735.796511627907, 997.6802325581396)",Leptotrichia,0,4761
"(732.453488372093, 1078.5581395348838)",Capnocytophaga,0,4762
"(732.4, 1549.5176470588235)",TM7,0,4763
"(730.8397435897435, 1569.3846153846155)",TM7,0,4764
"(733.6444444444444, 1863.8444444444444)",Pasteurellaceae,0,4765
"(731.360824742268, 201.77319587628867)",Corynebacterium,0,4766
"(734.6363636363636, 260.9469696969697)",Capnocytophaga,0,4767
"(730.7727272727273, 300.7121212121212)",Veillonella,0,4768
"(730.8833333333333, 600.2)",Rothia,0,4769
"(736.4010989010989, 788.7802197802198)",Streptococcus,0,4770
"(732.2824427480916, 889.6564885496183)",Streptococcus,0,4771
"(734.8173913043478, 957.7826086956521)",Streptococcus,0,4772
"(735.0441176470588, 976.0147058823529)",Streptococcus,0,4773
"(737.48125, 1203.725)",Lautropia,0,4774
"(736.3888888888889, 1307.3333333333333)",TM7,0,4775
"(733.0674157303371, 547.9662921348314)",Streptococcus,0,4776
"(734.4556962025316, 776.1898734177215)",Treponema,0,4777
"(734.4262295081967, 918.4426229508197)",Leptotrichia,0,4778
"(731.7692307692307, 1042.2692307692307)",Lautropia,0,4779
"(734.3529411764706, 1252.1176470588234)",Prevotella,0,4780
"(736.3416666666667, 1617.15)",TM7,0,4781
"(735.0980392156863, 385.12745098039215)",Fusobacterium,0,4783
"(732.873417721519, 821.0886075949367)",Rothia,0,4784
"(735.2, 1060.8380952380953)",Prevotella,0,4785
"(735.4426229508197, 1337.0983606557377)",Gemella,0,4786
"(735.9145299145299, 79.94871794871794)",Capnocytophaga,0,4788
"(744.5305164319249, 1387.962441314554)",Streptococcus,0,4789
"(736.7272727272727, 1807.0)",Gemella,0,4790
"(735.1228070175439, 56.3859649122807)",Corynebacterium,0,4791
"(734.9333333333333, 122.55)",Fusobacterium,0,4792
"(737.9779411764706, 225.46323529411765)",Corynebacterium,0,4793
"(735.4788732394367, 428.3380281690141)",Fusobacterium,0,4794
"(735.0777777777778, 487.06666666666666)",Rothia,0,4795
"(735.1492537313433, 558.3880597014926)",Lautropia,0,4796
"(734.5, 588.4629629629629)",Fusobacterium,0,4797
"(734.9083969465648, 685.175572519084)",TM7,0,4798
"(737.7333333333333, 723.452380952381)",Prevotella,0,4799
"(734.280487804878, 748.1219512195122)",Corynebacterium,0,4800
"(736.9, 241.68571428571428)",Corynebacterium,0,4802
"(736.3636363636364, 294.2181818181818)",Fusobacterium,0,4803
"(740.2822580645161, 611.2096774193549)",Fusobacterium,0,4804
"(737.7175572519084, 1416.9923664122136)",Lautropia,0,4805
"(738.3333333333334, 21.052083333333332)",Lautropia,0,4806
"(745.8319327731092, 326.30252100840335)",Capnocytophaga,0,4807
"(739.65, 575.6642857142857)",TM7,0,4808
"(740.2870370370371, 1160.5185185185185)",Prevotella,0,4810
"(738.4657534246576, 1353.054794520548)",Leptotrichia,0,4811
"(737.7910447761194, 1657.6119402985075)",TM7,0,4812
"(742.8938053097345, 798.7522123893805)",Streptococcus,0,4814
"(737.9245283018868, 1374.8301886792453)",Streptococcus,0,4816
"(738.0916666666667, 1472.8083333333334)",Lautropia,0,4817
"(740.6184210526316, 1692.8157894736842)",Corynebacterium,0,4818
"(742.89898989899, 1706.5858585858587)",Veillonella,0,4819
"(740.376923076923, 1754.6615384615384)",Gemella,0,4820
"(737.7096774193549, 1789.0483870967741)",TM7,0,4821
"(744.9184549356223, 1142.1888412017167)",Prevotella,0,4822
"(740.3030303030303, 1180.2727272727273)",Streptococcus,0,4823
"(739.7438016528926, 1494.3223140495868)",Lautropia,0,4824
"(741.978021978022, 762.3956043956044)",Capnocytophaga,0,4826
"(743.5729166666666, 832.78125)",Lautropia,0,4827
"(741.7524752475248, 943.5544554455446)",Leptotrichia,0,4828
"(742.3960396039604, 1235.980198019802)",Prevotella,0,4829
"(742.8507462686567, 1321.2686567164178)",Lautropia,0,4830
"(740.3157894736842, 1723.3026315789473)",Campylobacter,0,4831
"(741.0769230769231, 1881.298076923077)",Treponema,0,4832
"(741.0652173913044, 1976.1521739130435)",TM7,0,4833
"(740.7701149425287, 164.16091954022988)",Corynebacterium,0,4834
"(742.1428571428571, 307.85714285714283)",TM7,0,4835
"(743.612676056338, 634.556338028169)",Fusobacterium,0,4836
"(743.1052631578947, 1513.378947368421)",Lautropia,0,4837
"(745.9325153374233, 1734.196319018405)",TM7,0,4839
"(742.3522727272727, 45.17045454545455)",Capnocytophaga,0,4841
"(747.5377777777778, 186.36444444444444)",Corynebacterium,0,4842
"(741.5686274509804, 520.5294117647059)",Streptococcus,0,4843
"(741.3230769230769, 535.8461538461538)",Lautropia,0,4844
"(743.7619047619048, 1098.095238095238)",Fusobacterium,0,4846
"(744.8791208791209, 1261.3516483516485)",Rothia,0,4847
"(747.3818181818182, 1547.1454545454546)",Lautropia,0,4848
"(744.1170212765958, 66.56382978723404)",Corynebacterium,0,4851
"(744.9655172413793, 207.39080459770116)",Pasteurellaceae,0,4852
"(743.5569620253165, 1034.8227848101267)",Lautropia,0,4853
"(748.0608695652174, 1287.831884057971)",Leptotrichia,0,4854
"(745.9629629629629, 1403.8333333333333)",Neisseriaceae,0,4855
"(744.1228070175439, 1670.122807017544)",TM7,0,4856
"(744.6865671641791, 1845.8507462686566)",Pasteurellaceae,0,4857
"(745.5673758865248, 654.7588652482269)",Streptococcus,0,4858
"(744.2521739130435, 1220.6695652173912)",Selenomonas,0,4859
"(745.3611111111111, 1433.0277777777778)",Streptococcus,0,4860
"(751.9157894736842, 1580.5263157894738)",TM7,0,4861
"(750.0461538461539, 1775.4717948717948)",Pasteurellaceae,0,4862
"(743.358024691358, 1831.7037037037037)",Capnocytophaga,0,4863
"(747.3260869565217, 92.94565217391305)",Capnocytophaga,0,4864
"(747.8222222222222, 138.28148148148148)",Corynebacterium,0,4865
"(747.05, 369.30833333333334)",Capnocytophaga,0,4866
"(743.9736842105264, 406.7894736842105)",Gemella,0,4867
"(745.3934426229508, 680.5245901639345)",Prevotella,0,4868
"(745.939024390244, 1366.6097560975609)",Streptococcus,0,4869
"(746.4526315789474, 1451.9052631578948)",Leptotrichia,0,4870
"(746.0294117647059, 1571.8382352941176)",Lautropia,0,4871
"(746.8105263157895, 1646.6315789473683)",TM7,0,4872
"(746.723076923077, 1909.9076923076923)",Corynebacterium,0,4873
"(752.4475524475524, 108.72027972027972)",Corynebacterium,0,4874
"(746.7701149425287, 504.0344827586207)",Leptotrichia,0,4875
"(752.4444444444445, 819.6783625730994)",Lautropia,0,4876
"(748.8932038834952, 979.4563106796116)",Streptococcus,0,4877
"(748.5714285714286, 1332.5584415584415)",Leptotrichia,0,4878
"(747.7954545454545, 1817.534090909091)",TM7,0,4879
"(761.9330985915493, 456.6443661971831)",TM7,0,4881
"(748.4157303370787, 595.7865168539325)",TM7,0,4882
"(746.7317073170732, 743.609756097561)",Treponema,0,4883
"(750.295652173913, 1026.4521739130435)",Lautropia,0,4884
"(748.6930693069307, 1063.1287128712872)",Leptotrichia,0,4885
"(758.9882352941177, 1190.9411764705883)",Streptococcus,0,4886
"(746.6415094339623, 1634.3962264150944)",Fusobacterium,0,4887
"(751.9565217391304, 1935.891304347826)",TM7,0,4888
"(747.7142857142857, 352.35714285714283)",Treponema,0,4890
"(749.1578947368421, 875.7828947368421)",Leptotrichia,0,4891
"(748.9661016949152, 1119.2372881355932)",Prevotella,0,4892
"(748.0483870967741, 1467.2903225806451)",Gemella,0,4893
"(748.3648648648649, 910.581081081081)",Streptococcus,0,4898
"(748.6538461538462, 1895.0)",Prevotella,0,4899
"(751.5408163265306, 700.4591836734694)",Rothia,0,4901
"(753.0588235294117, 991.4588235294118)",Streptococcus,0,4903
"(751.5833333333334, 1307.986111111111)",TM7,0,4904
"(750.030303030303, 1602.878787878788)",TM7,0,4905
"(750.9827586206897, 1987.7068965517242)",Selenomonas,0,4906
"(754.6341463414634, 408.3292682926829)",Treponema,0,4908
"(755.3690987124463, 426.40343347639487)",Pasteurellaceae,0,4909
"(751.0990099009902, 555.7821782178218)",Leptotrichia,0,4910
"(751.2676056338029, 844.8028169014085)",Lautropia,0,4911
"(751.04, 896.64)",Streptococcus,0,4912
"(750.6481481481482, 1010.5185185185185)",Leptotrichia,0,4913
"(753.4528301886793, 1048.8301886792453)",Lautropia,0,4914
"(755.2083333333334, 1082.4345238095239)",Fusobacterium,0,4915
"(753.1447368421053, 1693.1447368421052)",Corynebacterium,0,4916
"(753.7888888888889, 75.43333333333334)",Pasteurellaceae,0,4917
"(757.065, 289.165)",Veillonella,0,4918
"(765.8190709046455, 480.6552567237164)",Streptococcus,0,4919
"(751.0576923076923, 579.4615384615385)",Rothia,0,4920
"(753.8928571428571, 960.5535714285714)",Leptotrichia,0,4921
"(752.7647058823529, 1171.6470588235295)",Lautropia,0,4922
"(757.1376811594203, 1278.9855072463768)",Leptotrichia,0,4923
"(754.7692307692307, 1441.989010989011)",Streptococcus,0,4924
"(757.836820083682, 1526.3138075313807)",Lautropia,0,4927
"(759.0048076923077, 157.1875)",Fusobacterium,0,4929
"(755.4375, 388.9140625)",Treponema,0,4930
"(752.5686274509804, 772.1764705882352)",Treponema,0,4931
"(753.0153846153846, 1241.8461538461538)",TM7,0,4932
"(758.4821428571429, 1350.5892857142858)",Streptococcus,0,4933
"(753.9784946236559, 1616.010752688172)",Treponema,0,4934
"(754.1475409836065, 1861.622950819672)",TM7,0,4935
"(754.2142857142857, 1954.1964285714287)",TM7,0,4936
"(753.6724137931035, 229.08620689655172)",Corynebacterium,0,4937
"(759.4507042253521, 245.66901408450704)",Capnocytophaga,0,4938
"(755.4895833333334, 263.1979166666667)",Capnocytophaga,0,4939
"(756.0796460176991, 718.0088495575221)",Prevotella,0,4941
"(756.1308411214953, 55.046728971962615)",TM7,0,4942
"(760.1384615384616, 306.2692307692308)",Capnocytophaga,0,4943
"(754.7540983606557, 525.1967213114754)",TM7,0,4944
"(756.9270833333334, 614.7708333333334)",Rothia,0,4946
"(755.4307692307692, 639.4307692307692)",Leptotrichia,0,4947
"(755.1206896551724, 922.7931034482758)",Streptococcus,0,4948
"(755.7454545454545, 931.6545454545454)",Leptotrichia,0,4949
"(757.8389830508474, 1131.7966101694915)",Rothia,0,4950
"(761.1538461538462, 1493.7692307692307)",Prevotella,0,4951
"(755.4588235294118, 1718.3764705882354)",TM7,0,4952
"(757.6190476190476, 212.8190476190476)",Rothia,0,4953
"(764.8108108108108, 361.2756756756757)",Capnocytophaga,0,4954
"(757.0281690140845, 751.2676056338029)",Rothia,0,4955
"(755.3962264150944, 1505.3207547169811)",Lautropia,0,4956
"(756.1946902654868, 1752.0176991150443)",Pasteurellaceae,0,4957
"(755.695652173913, 1832.608695652174)",Pasteurellaceae,0,4958
"(757.9518072289156, 512.5542168674699)",Lautropia,0,4959
"(757.0555555555555, 688.4444444444445)",TM7,0,4960
"(755.8382352941177, 1215.8823529411766)",Streptococcus,0,4961
"(756.604938271605, 1255.9753086419753)",TM7,0,4962
"(759.9701492537314, 1319.4179104477612)",Prevotella,0,4963
"(757.2878787878788, 1558.9318181818182)",Prevotella,0,4964
"(756.6060606060606, 1873.111111111111)",Veillonella,0,4966
"(761.3953488372093, 1919.406976744186)",Capnocytophaga,0,4967
"(758.7857142857143, 175.61428571428573)",Capnocytophaga,0,4968
"(761.5661764705883, 732.6544117647059)",Fusobacterium,0,4969
"(758.1454545454545, 1001.4545454545455)",Streptococcus,0,4970
"(760.0560747663551, 1104.5981308411215)",Prevotella,0,4972
"(758.9594594594595, 1655.7567567567567)",Lautropia,0,4973
"(759.8350515463917, 339.8144329896907)",Campylobacter,0,4974
"(764.9477611940298, 530.5223880597015)",Fusobacterium,0,4975
"(759.4, 781.92)",TM7,0,4977
"(769.1224489795918, 1295.4448979591837)",Rothia,0,4979
"(762.8549618320611, 1672.1068702290077)",Fusobacterium,0,4981
"(762.85, 1814.2571428571428)",Capnocytophaga,0,4982
"(762.9444444444445, 231.52777777777777)",Fusobacterium,0,4985
"(764.9248120300751, 437.390977443609)",Treponema,0,4986
"(761.7560975609756, 571.439024390244)",TM7,0,4987
"(762.3551401869158, 850.2242990654206)",Streptococcus,0,4988
"(763.9814814814815, 903.925925925926)",Prevotella,0,4989
"(762.1041666666666, 1373.5833333333333)",Streptococcus,0,4990
"(761.6860465116279, 1463.1046511627908)",Lautropia,0,4991
"(762.5508474576271, 1596.3389830508474)",Lautropia,0,4992
"(760.3934426229508, 1637.0819672131147)",Lautropia,0,4993
"(763.0242424242424, 1888.7333333333333)",Pasteurellaceae,0,4994
"(763.2773109243698, 1982.2941176470588)",Capnocytophaga,0,4995
"(769.1775700934579, 95.64018691588785)",Capnocytophaga,0,4996
"(760.990099009901, 670.2772277227723)",TM7,0,4997
"(761.28, 883.8)",Lautropia,0,4998
"(766.2752293577981, 921.2752293577981)",Streptococcus,0,4999
"(766.5945945945946, 1331.1891891891892)",TM7,0,5000
"(768.0440528634361, 1421.784140969163)",Streptococcus,0,5001
"(762.48, 1700.96)",TM7,0,5002
"(764.0422535211268, 122.70422535211267)",Lautropia,0,5003
"(764.9506172839506, 629.283950617284)",Fusobacterium,0,5004
"(763.4148148148148, 654.3851851851852)",Fusobacterium,0,5005
"(763.3050847457627, 837.6949152542373)",Porphyromonas,0,5006
"(762.1851851851852, 867.2222222222222)",Prevotella,0,5007
"(765.9204545454545, 972.6590909090909)",Streptococcus,0,5008
"(763.986301369863, 1012.0958904109589)",Leptotrichia,0,5009
"(763.8965517241379, 1738.155172413793)",Actinomyces,0,5011
"(762.8965517241379, 1786.7413793103449)",TM7,0,5012
"(765.8695652173913, 375.7971014492754)",Pasteurellaceae,0,5013
"(764.5333333333333, 550.5444444444445)",Fusobacterium,0,5014
"(766.6687116564417, 810.5214723926381)",Leptotrichia,0,5015
"(764.758064516129, 949.2741935483871)",Leptotrichia,0,5016
"(764.7216494845361, 1038.6494845360826)",Leptotrichia,0,5017
"(763.8148148148148, 1144.7222222222222)",Rothia,0,5018
"(768.96, 1398.3422222222223)",Streptococcus,0,5019
"(765.5384615384615, 680.3269230769231)",TM7,0,5020
"(768.702479338843, 1114.1322314049587)",Prevotella,0,5021
"(766.7738095238095, 1265.7142857142858)",TM7,0,5022
"(776.490099009901, 275.44554455445547)",Pasteurellaceae,0,5023
"(770.6078431372549, 937.7058823529412)",Leptotrichia,0,5024
"(767.2380952380952, 1224.2698412698412)",Prevotella,0,5025
"(771.072463768116, 1951.376811594203)",Capnocytophaga,0,5026
"(768.7916666666666, 1127.4583333333333)",Prevotella,0,5028
"(766.8571428571429, 1477.3690476190477)",Lautropia,0,5029
"(767.1734693877551, 1711.795918367347)",Fusobacterium,0,5030
"(767.5, 1800.8181818181818)",TM7,0,5032
"(768.1, 180.61428571428573)",TM7,0,5033
"(772.0796019900497, 702.6119402985074)",TM7,0,5034
"(769.4329896907217, 772.7422680412371)",Rothia,0,5035
"(771.0, 883.1649484536083)",Lautropia,0,5036
"(771.7303370786517, 1245.6179775280898)",TM7,0,5037
"(773.5378787878788, 1627.439393939394)",Treponema,0,5039
"(767.9342105263158, 1842.342105263158)",Fusobacterium,0,5040
"(769.2077922077922, 391.5584415584416)",Gemella,0,5041
"(772.0449438202247, 642.2921348314607)",Fusobacterium,0,5042
"(775.9788732394367, 898.556338028169)",Leptotrichia,0,5043
"(770.7857142857143, 1058.0785714285714)",Lautropia,0,5044
"(770.7333333333333, 1769.8285714285714)",Capnocytophaga,0,5045
"(773.6268656716418, 1535.4626865671642)",Streptococcus,0,5047
"(769.6860465116279, 1725.4302325581396)",TM7,0,5049
"(771.2735042735043, 72.6923076923077)",Capnocytophaga,0,5050
"(771.3846153846154, 137.17582417582418)",Fusobacterium,0,5051
"(775.9674418604651, 201.37209302325581)",Capnocytophaga,0,5052
"(772.1818181818181, 289.29545454545456)",Selenomonas,0,5053
"(771.6901408450705, 407.5492957746479)",Treponema,0,5055
"(778.4318181818181, 441.72727272727275)",Treponema,0,5056
"(773.4888888888889, 581.6777777777778)",Prevotella,0,5057
"(773.6993464052288, 753.9869281045752)",TM7,0,5058
"(776.4, 986.6375)",Leptotrichia,0,5059
"(771.9, 1168.8111111111111)",TM7,0,5060
"(772.8850574712644, 1319.5862068965516)",Lautropia,0,5061
"(778.0788177339901, 1354.7635467980297)",Streptococcus,0,5062
"(774.496062992126, 1462.984251968504)",Treponema,0,5063
"(772.0762711864406, 1552.0593220338983)",Leptotrichia,0,5064
"(772.0675675675676, 1856.0675675675675)",Fusobacterium,0,5065
"(775.7464788732394, 221.8450704225352)",Capnocytophaga,0,5067
"(773.7849462365591, 334.3440860215054)",TM7,0,5068
"(773.3333333333334, 1092.962962962963)",Prevotella,0,5069
"(771.5572519083969, 1210.7786259541986)",Prevotella,0,5070
"(773.7373737373738, 1934.3838383838383)",Veillonella,0,5071
"(774.4128440366973, 598.697247706422)",Lautropia,0,5073
"(777.0272727272727, 1150.4863636363636)",Prevotella,0,5074
"(772.5967741935484, 1641.1612903225807)",Treponema,0,5075
"(775.5918367346939, 963.0408163265306)",Leptotrichia,0,5077
"(777.9076923076923, 1014.0076923076923)",Leptotrichia,0,5078
"(775.8588235294118, 1447.7529411764706)",Streptococcus,0,5079
"(775.437037037037, 1505.4592592592592)",Leptotrichia,0,5080
"(778.6490066225166, 1573.4238410596026)",Streptococcus,0,5081
"(773.65625, 1967.671875)",Rothia,0,5082
"(778.1538461538462, 375.9340659340659)",Treponema,0,5083
"(776.2405063291139, 536.6455696202531)",Lautropia,0,5084
"(784.6214285714286, 844.8)",Streptococcus,0,5085
"(776.3238095238095, 860.4190476190477)",Leptotrichia,0,5086
"(774.6935483870968, 1275.0)",TM7,0,5088
"(780.1271676300578, 1979.0346820809248)",Selenomonas,0,5089
"(778.8144329896908, 683.6082474226804)",Rothia,0,5090
"(779.7843137254902, 998.7254901960785)",Streptococcus,0,5091
"(778.1415094339623, 1693.9056603773586)",Leptotrichia,0,5092
"(775.7894736842105, 1824.859649122807)",Treponema,0,5093
"(775.875, 1874.9625)",Corynebacterium,0,5094
"(776.9411764705883, 158.31372549019608)",TM7,0,5095
"(781.875, 240.7434210526316)",Fusobacterium,0,5096
"(777.5090909090909, 614.9818181818182)",Lautropia,0,5097
"(776.2884615384615, 666.1153846153846)",Lautropia,0,5098
"(778.0277777777778, 797.8611111111111)",Leptotrichia,0,5099
"(778.0721649484536, 1031.3917525773195)",Leptotrichia,0,5100
"(777.7433628318585, 1075.5398230088495)",Streptococcus,0,5101
"(779.5591397849462, 1191.774193548387)",Prevotella,0,5102
"(777.5593220338983, 1232.2542372881355)",Prevotella,0,5103
"(780.0645161290323, 1592.008064516129)",Leptotrichia,0,5104
"(777.1470588235294, 1608.6176470588234)",Streptococcus,0,5105
"(776.469696969697, 1678.7575757575758)",Treponema,0,5106
"(776.280701754386, 1783.0877192982457)",Fusobacterium,0,5107
"(780.9818181818182, 718.0)",Fusobacterium,0,5108
"(779.6530612244898, 832.3469387755102)",Leptotrichia,0,5109
"(779.0625, 947.125)",Leptotrichia,0,5110
"(780.4090909090909, 1335.4242424242425)",Actinomyces,0,5111
"(778.2222222222222, 1792.2698412698412)",TM7,0,5112
"(781.7808219178082, 391.6986301369863)",Streptococcus,0,5113
"(779.5416666666666, 1662.125)",Lautropia,0,5115
"(778.939393939394, 1748.8333333333333)",TM7,0,5116
"(778.4133333333333, 1918.7466666666667)",Veillonella,0,5117
"(781.2714285714286, 125.08571428571429)",Leptotrichia,0,5118
"(780.0140845070423, 304.22535211267603)",Corynebacterium,0,5119
"(785.1259259259259, 1259.4592592592592)",Lautropia,0,5121
"(784.487012987013, 1490.5)",Leptotrichia,0,5122
"(781.1547619047619, 1811.8690476190477)",TM7,0,5123
"(784.1176470588235, 739.7058823529412)",Prevotella,0,5126
"(782.2786885245902, 785.0983606557377)",Rothia,0,5127
"(782.0769230769231, 923.6153846153846)",Streptococcus,0,5128
"(782.6567164179105, 1900.8358208955224)",Capnocytophaga,0,5129
"(785.775, 96.775)",Capnocytophaga,0,5130
"(783.3440860215054, 182.98924731182797)",Capnocytophaga,0,5131
"(783.3538461538461, 626.6769230769231)",Prevotella,0,5132
"(786.3684210526316, 639.3157894736842)",TM7,0,5133
"(782.3538461538461, 771.9692307692308)",Gemella,0,5134
"(783.020618556701, 1702.8969072164948)",Streptococcus,0,5135
"(783.439024390244, 1759.3170731707316)",Capnocytophaga,0,5137
"(783.4864864864865, 355.4594594594595)",Capnocytophaga,0,5138
"(783.4647887323944, 425.63380281690144)",Leptotrichia,0,5139
"(783.0, 517.7719298245614)",TM7,0,5140
"(788.0394736842105, 544.3421052631579)",Lautropia,0,5141
"(784.7464788732394, 653.4507042253521)",Prevotella,0,5142
"(784.5957446808511, 1046.1382978723404)",Lautropia,0,5143
"(792.0449101796407, 1392.4580838323354)",Streptococcus,0,5145
"(783.9761904761905, 1647.404761904762)",Leptotrichia,0,5146
"(784.4943820224719, 1955.8651685393259)",Corynebacterium,0,5147
"(784.9705882352941, 1409.3235294117646)",Streptococcus,0,5148
"(785.4675324675325, 1618.8831168831168)",Lautropia,0,5149
"(784.2820512820513, 1720.0384615384614)",Capnocytophaga,0,5150
"(786.9375, 1884.3035714285713)",Pasteurellaceae,0,5152
"(786.4166666666666, 167.92857142857142)",TM7,0,5153
"(787.2266666666667, 342.3333333333333)",TM7,0,5154
"(784.9672131147541, 577.1639344262295)",TM7,0,5155
"(786.1764705882352, 597.3382352941177)",Prevotella,0,5156
"(785.3130434782609, 883.4782608695652)",Leptotrichia,0,5157
"(789.185, 1133.52)",Rothia,0,5158
"(789.6062992125984, 1223.9055118110236)",TM7,0,5159
"(787.0615384615385, 1087.0153846153846)",Prevotella,0,5162
"(791.934065934066, 1112.1703296703297)",Leptotrichia,0,5163
"(791.5234899328859, 1565.1342281879195)",Leptotrichia,0,5164
"(786.2, 1775.55)",Corynebacterium,0,5165
"(787.6506024096385, 413.7951807228916)",Treponema,0,5167
"(788.6521739130435, 555.1304347826087)",TM7,0,5168
"(787.3260869565217, 1204.5760869565217)",Actinomyces,0,5169
"(793.0607142857143, 1302.692857142857)",Gemella,0,5170
"(790.8631578947368, 1424.5157894736842)",Leptotrichia,0,5171
"(788.027397260274, 1439.5342465753424)",Leptotrichia,0,5172
"(792.2406015037594, 1522.9398496240601)",Leptotrichia,0,5173
"(790.7877551020408, 1930.8)",Corynebacterium,0,5174
"(788.123076923077, 295.95384615384614)",Selenomonas,0,5175
"(789.5779816513761, 674.7247706422019)",Rothia,0,5176
"(787.6774193548387, 1101.1129032258063)",Lautropia,0,5177
"(787.8933333333333, 1242.52)",Prevotella,0,5178
"(789.0119047619048, 1326.595238095238)",Gemella,0,5179
"(788.2923076923076, 1365.6)",Lautropia,0,5180
"(788.6363636363636, 1455.3636363636363)",Streptococcus,0,5181
"(787.7166666666667, 1509.3666666666666)",Leptotrichia,0,5182
"(787.9, 1541.675)",Streptococcus,0,5183
"(789.2878787878788, 261.1136363636364)",TM7,0,5185
"(791.2409638554217, 312.87951807228916)",Pasteurellaceae,0,5186
"(793.6818181818181, 459.8238636363636)",TM7,0,5187
"(795.1980198019802, 698.980198019802)",Rothia,0,5188
"(790.5913978494624, 805.9032258064516)",Leptotrichia,0,5189
"(790.0952380952381, 1186.4285714285713)",Fusobacterium,0,5190
"(788.4591836734694, 1841.795918367347)",Prevotella,0,5191
"(797.1360946745563, 566.3727810650887)",Lautropia,0,5192
"(791.5402298850574, 960.816091954023)",Leptotrichia,0,5193
"(791.4074074074074, 977.5802469135803)",Streptococcus,0,5194
"(791.5238095238095, 1474.1714285714286)",Leptotrichia,0,5195
"(790.9882352941177, 1675.9882352941177)",Leptotrichia,0,5196
"(789.9571428571429, 1822.0142857142857)",Treponema,0,5197
"(790.6888888888889, 724.4777777777778)",Fusobacterium,0,5199
"(791.7372881355932, 1166.8305084745762)",Fusobacterium,0,5200
"(792.1544715447154, 1280.4065040650407)",Lautropia,0,5201
"(791.9607843137255, 1787.7058823529412)",TM7,0,5202
"(792.5862068965517, 1866.0344827586207)",Treponema,0,5203
"(794.3066666666666, 353.02666666666664)",Fusobacterium,0,5204
"(796.8636363636364, 665.2272727272727)",Rothia,0,5205
"(792.2815533980582, 867.8155339805825)",Streptococcus,0,5206
"(793.3595505617977, 1063.4606741573034)",Leptotrichia,0,5207
"(792.3333333333334, 1743.2121212121212)",Lautropia,0,5208
"(794.6698113207547, 109.20754716981132)",Pasteurellaceae,0,5209
"(797.4945054945055, 286.56043956043953)",Capnocytophaga,0,5210
"(793.3939393939394, 328.92929292929296)",Fusobacterium,0,5211
"(793.5454545454545, 519.5757575757576)",Rothia,0,5212
"(794.2456140350877, 628.5087719298245)",Prevotella,0,5213
"(794.016129032258, 764.1075268817204)",Corynebacterium,0,5214
"(793.7105263157895, 902.4868421052631)",Leptotrichia,0,5215
"(793.945205479452, 62.19178082191781)",Veillonella,0,5216
"(797.1008403361344, 87.69747899159664)",TM7,0,5217
"(796.5147058823529, 188.76470588235293)",Corynebacterium,0,5218
"(796.7547169811321, 374.37735849056605)",Treponema,0,5219
"(794.3239436619718, 397.77464788732397)",Treponema,0,5220
"(794.7613636363636, 437.89772727272725)",Gemella,0,5221
"(795.8557692307693, 529.5480769230769)",Corynebacterium,0,5222
"(796.0940170940171, 1014.4786324786324)",Streptococcus,0,5223
"(797.3609022556391, 1606.6691729323309)",Streptococcus,0,5224
"(796.3388429752066, 1659.2892561983472)",Leptotrichia,0,5225
"(797.6509433962265, 146.06603773584905)",Rothia,0,5227
"(796.0909090909091, 216.87878787878788)",Prevotella,0,5228
"(796.1857142857143, 930.8142857142857)",Lautropia,0,5229
"(797.0248447204968, 1959.2981366459628)",Corynebacterium,0,5230
"(795.7450980392157, 45.68627450980392)",Gemella,0,5231
"(796.0, 131.327868852459)",Fusobacterium,0,5232
"(800.8702290076336, 785.7251908396946)",Rothia,0,5234
"(798.5633802816901, 1077.7394366197184)",Streptococcus,0,5236
"(798.0, 1238.1714285714286)",Prevotella,0,5237
"(796.4237288135594, 1767.8135593220338)",Prevotella,0,5239
"(797.7164179104477, 1801.6268656716418)",Lautropia,0,5240
"(795.0862068965517, 1894.0689655172414)",Pasteurellaceae,0,5241
"(797.4262295081967, 199.65573770491804)",TM7,0,5242
"(798.2051282051282, 645.1923076923077)",TM7,0,5243
"(796.1730769230769, 945.2884615384615)",Leptotrichia,0,5244
"(798.4328358208955, 1026.3880597014925)",Lautropia,0,5245
"(798.8559322033898, 1337.3474576271187)",Lautropia,0,5246
"(810.355871886121, 1704.405693950178)",Pasteurellaceae,0,5247
"(799.7878787878788, 1837.909090909091)",Gemella,0,5248
"(803.1636363636363, 484.6318181818182)",Streptococcus,0,5250
"(798.6527777777778, 508.15277777777777)",Lautropia,0,5251
"(800.8092485549133, 821.9306358381502)",Leptotrichia,0,5253
"(800.2950819672132, 1183.6065573770493)",TM7,0,5254
"(802.6153846153846, 1215.3615384615384)",Prevotella,0,5255
"(798.3085106382979, 1642.712765957447)",Lautropia,0,5256
"(798.2962962962963, 1692.0833333333333)",Treponema,0,5257
"(803.5340909090909, 12.045454545454545)",Campylobacter,0,5258
"(799.1917808219179, 583.3287671232877)",Lautropia,0,5259
"(799.8529411764706, 1152.6176470588234)",Prevotella,0,5260
"(801.8775510204082, 992.2993197278912)",Leptotrichia,0,5262
"(801.4520547945206, 225.6027397260274)",Capnocytophaga,0,5265
"(801.1449275362319, 407.0144927536232)",Treponema,0,5266
"(801.021978021978, 422.13186813186815)",TM7,0,5267
"(802.2828282828283, 617.6161616161617)",Fusobacterium,0,5268
"(804.5584415584416, 894.7597402597403)",Leptotrichia,0,5269
"(802.4971751412429, 1368.135593220339)",Streptococcus,0,5270
"(803.2413793103449, 1725.951724137931)",Pasteurellaceae,0,5271
"(802.6896551724138, 1756.2988505747126)",Leptotrichia,0,5272
"(801.3, 735.3833333333333)",Rothia,0,5273
"(803.53125, 749.671875)",Rothia,0,5274
"(803.1058823529412, 1096.035294117647)",Streptococcus,0,5276
"(801.3076923076923, 1269.826923076923)",TM7,0,5277
"(803.8832116788321, 1504.6423357664235)",Leptotrichia,0,5279
"(802.7733333333333, 1534.9333333333334)",Neisseriaceae,0,5280
"(803.4871794871794, 1580.076923076923)",Streptococcus,0,5281
"(801.9545454545455, 1774.9545454545455)",TM7,0,5282
"(803.6944444444445, 74.78703703703704)",Pasteurellaceae,0,5283
"(804.9142857142857, 166.57857142857142)",Fusobacterium,0,5284
"(803.8936170212766, 244.27659574468086)",TM7,0,5285
"(804.0566037735849, 270.49056603773585)",Pasteurellaceae,0,5286
"(809.3857677902622, 681.2771535580524)",Leptotrichia,0,5287
"(808.6962025316456, 718.7405063291139)",Rothia,0,5288
"(803.1666666666666, 1048.474358974359)",Leptotrichia,0,5289
"(803.0361445783133, 1200.879518072289)",Lautropia,0,5290
"(804.0746268656717, 1620.2686567164178)",Neisseriaceae,0,5291
"(803.8131868131868, 1874.2197802197802)",Treponema,0,5292
"(804.7169811320755, 1980.1037735849056)",Veillonella,0,5293
"(807.70796460177, 304.08849557522126)",TM7,0,5294
"(804.2093023255813, 654.4883720930233)",Rothia,0,5295
"(806.9166666666666, 874.425)",Streptococcus,0,5296
"(805.8807339449542, 1416.0825688073394)",Leptotrichia,0,5297
"(803.9876543209876, 1443.2592592592594)",Streptococcus,0,5298
"(802.68, 1452.72)",Leptotrichia,0,5299
"(805.0434782608696, 1916.8260869565217)",Selenomonas,0,5300
"(806.1176470588235, 36.84705882352941)",Capnocytophaga,0,5301
"(806.8888888888889, 840.8080808080808)",Leptotrichia,0,5303
"(805.7333333333333, 1126.7333333333333)",Campylobacter,0,5304
"(807.3440860215054, 1163.505376344086)",Prevotella,0,5305
"(806.2054794520548, 1255.5342465753424)",Prevotella,0,5306
"(806.5076923076923, 98.76923076923077)",Capnocytophaga,0,5307
"(807.2054794520548, 207.97260273972603)",Capnocytophaga,0,5308
"(808.9677419354839, 319.7983870967742)",Campylobacter,0,5309
"(809.0327868852459, 340.57377049180326)",Capnocytophaga,0,5310
"(804.952380952381, 385.8095238095238)",Veillonella,0,5311
"(806.7272727272727, 909.6515151515151)",Leptotrichia,0,5312
"(806.2033898305085, 1315.1864406779662)",Prevotella,0,5313
"(808.5376344086021, 1429.1720430107528)",Streptococcus,0,5314
"(807.1935483870968, 1480.516129032258)",Leptotrichia,0,5315
"(808.3333333333334, 127.52272727272727)",Fusobacterium,0,5317
"(808.0989010989011, 436.0879120879121)",Treponema,0,5318
"(808.0744680851063, 551.6808510638298)",TM7,0,5319
"(807.7948717948718, 633.1666666666666)",Rothia,0,5320
"(807.6753246753246, 858.3246753246754)",Leptotrichia,0,5321
"(814.8877551020408, 1231.5765306122448)",Prevotella,0,5322
"(810.0188679245283, 1463.2735849056603)",Streptococcus,0,5323
"(807.3636363636364, 1544.709090909091)",Lautropia,0,5324
"(809.4657534246576, 279.6575342465753)",Fusobacterium,0,5327
"(809.7727272727273, 292.95454545454544)",Fusobacterium,0,5328
"(808.12, 766.512)",Rothia,0,5329
"(807.3552631578947, 1889.842105263158)",Capnocytophaga,0,5333
"(811.4093959731543, 535.4429530201343)",TM7,0,5334
"(810.1459854014598, 1787.3941605839416)",TM7,0,5336
"(813.9496402877697, 1901.2158273381294)",Capnocytophaga,0,5337
"(813.0697674418604, 67.40697674418605)",Selenomonas,0,5338
"(811.6, 359.8125)",Prevotella,0,5339
"(810.6783216783217, 605.1118881118881)",Lautropia,0,5340
"(813.3870967741935, 945.236559139785)",Leptotrichia,0,5341
"(810.9487179487179, 974.6153846153846)",Leptotrichia,0,5342
"(817.5, 1030.8524590163934)",Streptococcus,0,5343
"(811.5888888888888, 1055.388888888889)",Streptococcus,0,5344
"(810.6818181818181, 1855.9545454545455)",TM7,0,5346
"(813.5529411764705, 471.8941176470588)",Gemella,0,5347
"(811.7358490566038, 503.41509433962267)",Lautropia,0,5348
"(818.8333333333334, 796.2916666666666)",Lautropia,0,5349
"(812.2073170731708, 934.6341463414634)",Leptotrichia,0,5351
"(813.747572815534, 1348.8640776699028)",Prevotella,0,5352
"(813.2352941176471, 1566.578431372549)",Leptotrichia,0,5353
"(810.4666666666667, 1679.6)",Lautropia,0,5354
"(811.4313725490196, 195.52941176470588)",Rothia,0,5355
"(814.5061728395061, 741.6543209876543)",TM7,0,5357
"(817.453125, 1121.671875)",Selenomonas,0,5358
"(810.9651162790698, 1813.546511627907)",TM7,0,5359
"(813.828947368421, 178.06578947368422)",Capnocytophaga,0,5360
"(812.6428571428571, 516.7285714285714)",Fusobacterium,0,5361
"(812.7692307692307, 584.8461538461538)",Fusobacterium,0,5362
"(813.0666666666667, 701.0166666666667)",Capnocytophaga,0,5363
"(819.4087591240876, 1007.4379562043796)",Streptococcus,0,5364
"(816.0, 1147.919642857143)",TM7,0,5365
"(813.5540540540541, 1267.2702702702702)",Prevotella,0,5366
"(813.3820224719101, 1296.0112359550562)",Rothia,0,5367
"(813.5535714285714, 1322.7857142857142)",Veillonella,0,5368
"(814.8257575757576, 1394.8181818181818)",Lautropia,0,5369
"(816.4056603773585, 1497.8490566037735)",Leptotrichia,0,5370
"(811.8235294117648, 1959.0980392156862)",Selenomonas,0,5371
"(814.8275862068965, 450.32758620689657)",Capnocytophaga,0,5372
"(813.5555555555555, 825.031746031746)",Leptotrichia,0,5373
"(816.3092783505155, 1194.5463917525774)",Rothia,0,5374
"(817.0967741935484, 1250.6989247311828)",Lautropia,0,5375
"(815.1927710843373, 1639.0722891566265)",Corynebacterium,0,5376
"(816.2554347826087, 1662.5)",Fusobacterium,0,5377
"(817.1940298507462, 1843.0223880597016)",Capnocytophaga,0,5378
"(815.1309523809524, 148.88095238095238)",Capnocytophaga,0,5381
"(815.530303030303, 727.2878787878788)",Fusobacterium,0,5382
"(814.9821428571429, 1071.6964285714287)",Fusobacterium,0,5383
"(814.1375, 1082.7625)",Lautropia,0,5384
"(814.4117647058823, 1517.7058823529412)",Leptotrichia,0,5386
"(815.1166666666667, 1579.1833333333334)",Leptotrichia,0,5387
"(820.1324503311258, 86.66225165562913)",Treponema,0,5388
"(823.3722222222223, 104.11666666666666)",Capnocytophaga,0,5389
"(817.9296875, 384.9375)",Pasteurellaceae,0,5390
"(820.1038961038961, 413.46753246753246)",Treponema,0,5391
"(817.1063829787234, 427.67021276595744)",Treponema,0,5392
"(818.4397590361446, 648.3493975903615)",TM7,0,5393
"(816.125, 667.2321428571429)",Treponema,0,5394
"(816.5714285714286, 1104.8181818181818)",Lautropia,0,5395
"(817.3875, 1279.6125)",Prevotella,0,5396
"(816.2222222222222, 1612.2962962962963)",Prevotella,0,5397
"(818.2840909090909, 1986.8522727272727)",Capnocytophaga,0,5398
"(822.3819444444445, 38.8125)",Treponema,0,5399
"(816.859649122807, 992.3157894736842)",Leptotrichia,0,5400
"(822.8609271523179, 1331.4437086092714)",Prevotella,0,5401
"(827.3105590062112, 1528.4844720496894)",Streptococcus,0,5402
"(818.6865671641791, 1803.8507462686566)",Veillonella,0,5403
"(817.9577464788732, 1826.8450704225352)",Treponema,0,5404
"(819.2921348314607, 251.0)",Pasteurellaceae,0,5408
"(820.5288461538462, 891.7019230769231)",Lautropia,0,5409
"(818.8072289156627, 1771.3614457831325)",Gemella,0,5410
"(822.568, 398.904)",Treponema,0,5411
"(819.5945945945946, 817.4459459459459)",Gemella,0,5412
"(821.7172413793104, 1930.2344827586207)",Treponema,0,5414
"(822.71875, 368.765625)",Capnocytophaga,0,5416
"(822.9207920792079, 1313.6831683168316)",TM7,0,5417
"(820.9931506849315, 1373.6575342465753)",Leptotrichia,0,5418
"(821.1604938271605, 1603.320987654321)",Fusobacterium,0,5419
"(826.0960451977401, 1618.8757062146892)",Selenomonas,0,5420
"(822.6039603960396, 1863.990099009901)",TM7,0,5421
"(820.3297872340426, 1950.7446808510638)",Pasteurellaceae,0,5422
"(820.6515151515151, 227.15151515151516)",Corynebacterium,0,5423
"(821.1372549019608, 341.3529411764706)",Corynebacterium,0,5424
"(823.5314285714286, 573.7885714285715)",Capnocytophaga,0,5425
"(822.5416666666666, 628.1458333333334)",Fusobacterium,0,5426
"(821.609022556391, 1170.7067669172932)",Streptococcus,0,5427
"(822.15, 1214.0625)",Prevotella,0,5428
"(821.2325581395348, 1544.0116279069769)",TM7,0,5429
"(829.2898550724638, 1725.3333333333333)",Streptococcus,0,5430
"(824.4065934065934, 1748.6043956043957)",Leptotrichia,0,5431
"(822.7383177570093, 188.0841121495327)",Capnocytophaga,0,5432
"(823.1343283582089, 458.1641791044776)",Rothia,0,5433
"(823.1897810218978, 555.7007299270073)",Pasteurellaceae,0,5434
"(823.7977528089888, 702.0337078651686)",Prevotella,0,5435
"(827.0189873417721, 965.8164556962025)",Streptococcus,0,5436
"(824.311320754717, 985.688679245283)",Streptococcus,0,5437
"(827.0, 1092.6218487394958)",Prevotella,0,5438
"(821.4150943396227, 1431.2641509433963)",Leptotrichia,0,5439
"(826.2142857142857, 1879.2448979591836)",Fusobacterium,0,5440
"(823.2463768115942, 750.9130434782609)",TM7,0,5441
"(822.4583333333334, 777.1111111111111)",Streptococcus,0,5442
"(822.6507936507936, 1359.6984126984128)",Fusobacterium,0,5443
"(826.9280575539568, 1687.9424460431655)",Veillonella,0,5444
"(823.0857142857143, 1910.5714285714287)",Corynebacterium,0,5445
"(824.7155963302753, 1974.1926605504586)",Campylobacter,0,5446
"(832.2168674698795, 116.355421686747)",Corynebacterium,0,5447
"(827.7083333333334, 526.25)",Rothia,0,5449
"(823.9583333333334, 597.625)",Pasteurellaceae,0,5450
"(825.0537634408602, 613.1505376344086)",TM7,0,5451
"(826.1547619047619, 842.2857142857143)",Streptococcus,0,5452
"(823.8474576271186, 1061.593220338983)",Leptotrichia,0,5453
"(831.0483870967741, 1147.125)",Streptococcus,0,5454
"(824.6385542168674, 1413.0602409638554)",Leptotrichia,0,5455
"(825.144578313253, 1447.2771084337348)",Leptotrichia,0,5456
"(827.054945054945, 1646.3076923076924)",Gemella,0,5457
"(827.2727272727273, 160.0909090909091)",Fusobacterium,0,5459
"(827.0217391304348, 1466.2028985507247)",Leptotrichia,0,5460
"(826.8450704225352, 132.69014084507043)",TM7,0,5461
"(826.7866666666666, 442.4)",Gemella,0,5462
"(828.6511627906976, 722.077519379845)",Prevotella,0,5463
"(828.4431818181819, 741.7272727272727)",Rothia,0,5464
"(826.9818181818182, 810.4909090909091)",Lautropia,0,5466
"(830.4632352941177, 1242.7720588235295)",Streptococcus,0,5467
"(827.0, 1485.3555555555556)",Streptococcus,0,5468
"(825.7021276595744, 1783.287234042553)",Veillonella,0,5469
"(826.4736842105264, 510.12280701754383)",Fusobacterium,0,5470
"(829.0168067226891, 862.8949579831933)",Leptotrichia,0,5471
"(829.2416107382551, 273.28859060402687)",TM7,0,5475
"(828.5421686746988, 307.7710843373494)",Rothia,0,5476
"(830.0886075949367, 478.45569620253167)",Capnocytophaga,0,5477
"(829.2666666666667, 494.23809523809524)",Fusobacterium,0,5478
"(828.3703703703703, 678.0987654320987)",Prevotella,0,5479
"(837.8202247191011, 1018.6460674157304)",Streptococcus,0,5480
"(828.0847457627119, 1187.8983050847457)",Lautropia,0,5481
"(829.2696629213483, 1263.5955056179776)",Prevotella,0,5482
"(829.1818181818181, 1514.844155844156)",Leptotrichia,0,5483
"(833.3432835820895, 1559.3283582089553)",Streptococcus,0,5484
"(832.7117117117117, 1836.900900900901)",Corynebacterium,0,5485
"(831.0847457627119, 292.0)",Pasteurellaceae,0,5486
"(831.5901639344262, 359.5655737704918)",Corynebacterium,0,5487
"(830.4942528735633, 826.7126436781609)",Neisseriaceae,0,5488
"(832.6375, 1075.03125)",Prevotella,0,5489
"(832.019801980198, 1385.1386138613861)",Lautropia,0,5490
"(830.6578947368421, 148.22368421052633)",Capnocytophaga,0,5491
"(830.8550724637681, 199.84057971014494)",TM7,0,5493
"(833.1792452830189, 645.0566037735849)",Fusobacterium,0,5494
"(833.8510638297872, 935.1063829787234)",Leptotrichia,0,5495
"(830.9791666666666, 1343.5902777777778)",Prevotella,0,5496
"(832.2376237623762, 1575.8316831683169)",Streptococcus,0,5498
"(833.2980769230769, 9.884615384615385)",Gemella,0,5499
"(831.8986486486486, 57.78378378378378)",Capnocytophaga,0,5500
"(831.6, 232.4)",Capnocytophaga,0,5501
"(837.5045045045046, 333.7432432432432)",Treponema,0,5502
"(830.4444444444445, 1106.920634920635)",Lautropia,0,5504
"(831.4230769230769, 1201.4134615384614)",Prevotella,0,5505
"(831.9464285714286, 1893.8214285714287)",Streptococcus,0,5506
"(840.0787037037037, 918.3472222222222)",Leptotrichia,0,5507
"(832.5, 1051.3823529411766)",Leptotrichia,0,5508
"(836.233870967742, 1294.9435483870968)",Prevotella,0,5510
"(832.3793103448276, 1669.4137931034484)",Actinomyces,0,5511
"(836.188524590164, 1863.27868852459)",Corynebacterium,0,5512
"(836.2790697674419, 76.66666666666667)",Lautropia,0,5513
"(839.5705128205128, 214.58333333333334)",TM7,0,5514
"(834.2241379310345, 242.60344827586206)",TM7,0,5515
"(834.2560975609756, 466.8170731707317)",Capnocytophaga,0,5517
"(835.2277227722773, 1036.8415841584158)",Leptotrichia,0,5518
"(835.6423841059602, 428.3708609271523)",Capnocytophaga,0,5519
"(839.909604519774, 590.2033898305085)",Lautropia,0,5520
"(836.9851851851852, 659.6074074074074)",Capnocytophaga,0,5521
"(837.0526315789474, 901.4473684210526)",Lautropia,0,5522
"(844.7434554973822, 992.5026178010471)",Leptotrichia,0,5523
"(835.1704545454545, 1500.6022727272727)",Leptotrichia,0,5524
"(834.1941747572815, 1596.873786407767)",Streptococcus,0,5525
"(839.4146341463414, 1717.3902439024391)",Treponema,0,5526
"(834.4358974358975, 1765.3846153846155)",Streptococcus,0,5527
"(832.8727272727273, 1799.490909090909)",Veillonella,0,5528
"(836.2234042553191, 1812.723404255319)",Capnocytophaga,0,5529
"(835.5168539325842, 1923.9775280898875)",Streptococcus,0,5531
"(838.0440251572327, 1939.7924528301887)",Streptococcus,0,5532
"(837.4574468085107, 1907.6170212765958)",Selenomonas,0,5534
"(836.6617647058823, 20.191176470588236)",Gemella,0,5535
"(842.4244604316547, 316.0071942446043)",Prevotella,0,5536
"(839.2641509433962, 604.6320754716982)",Porphyromonas,0,5537
"(836.38, 736.5)",TM7,0,5538
"(834.9565217391304, 1221.0579710144928)",Prevotella,0,5540
"(839.6901408450705, 1432.7605633802816)",Streptococcus,0,5541
"(837.1587301587301, 38.44444444444444)",Streptococcus,0,5542
"(837.7092198581561, 769.5460992907801)",Streptococcus,0,5544
"(837.7866666666666, 797.7333333333333)",Rothia,0,5545
"(840.7, 1369.5692307692307)",Capnocytophaga,0,5546
"(843.0148148148148, 1882.9333333333334)",Veillonella,0,5547
"(837.9714285714285, 190.61428571428573)",Capnocytophaga,0,5548
"(840.224043715847, 382.0382513661202)",TM7,0,5549
"(844.8850574712644, 1166.8189655172414)",Streptococcus,0,5550
"(842.6903225806452, 413.2258064516129)",Treponema,0,5551
"(839.074074074074, 561.4444444444445)",TM7,0,5552
"(840.5234899328859, 625.993288590604)",Prevotella,0,5553
"(841.0, 884.2650602409639)",Streptococcus,0,5555
"(839.6290322580645, 978.6290322580645)",Streptococcus,0,5556
"(840.7319587628866, 1747.5567010309278)",Pasteurellaceae,0,5558
"(841.9302325581396, 259.77906976744185)",Capnocytophaga,0,5559
"(839.5, 400.87179487179486)",TM7,0,5560
"(840.925, 689.525)",Prevotella,0,5563
"(843.5585585585585, 710.6666666666666)",Prevotella,0,5564
"(844.3714285714286, 824.3428571428572)",Prevotella,0,5565
"(842.4724409448819, 1413.976377952756)",Lautropia,0,5566
"(841.8130841121496, 1459.2056074766356)",Leptotrichia,0,5567
"(841.4814814814815, 1474.8024691358025)",Leptotrichia,0,5568
"(839.890625, 1537.3125)",Porphyromonas,0,5569
"(842.504854368932, 1637.1844660194174)",Leptotrichia,0,5570
"(839.6, 1783.0)",Gemella,0,5571
"(840.2361111111111, 96.22222222222223)",Capnocytophaga,0,5572
"(840.9298245614035, 1085.561403508772)",Rothia,0,5573
"(841.2210526315789, 1127.7578947368422)",Prevotella,0,5574
"(842.8095238095239, 1233.6190476190477)",Lautropia,0,5575
"(841.9882352941177, 1313.7882352941176)",Fusobacterium,0,5576
"(844.9207920792079, 1734.09900990099)",Streptococcus,0,5577
"(841.7125, 1962.725)",Leptotrichia,0,5578
"(853.5806451612904, 1984.399193548387)",Streptococcus,0,5579
"(840.1379310344828, 141.91379310344828)",TM7,0,5580
"(841.5, 176.0)",Corynebacterium,0,5581
"(842.0454545454545, 510.25757575757575)",TM7,0,5582
"(843.2435897435897, 784.3717948717949)",Streptococcus,0,5583
"(844.7232704402516, 845.6792452830189)",Leptotrichia,0,5584
"(842.9814814814815, 1183.1296296296296)",Streptococcus,0,5585
"(845.4701754385965, 1268.898245614035)",Prevotella,0,5586
"(842.7037037037037, 1706.1234567901236)",Gemella,0,5587
"(843.6, 482.8666666666667)",Rothia,0,5589
"(848.8653846153846, 541.6410256410256)",TM7,0,5590
"(843.4366197183099, 960.1971830985915)",Leptotrichia,0,5591
"(845.5903614457832, 1321.6746987951808)",Prevotella,0,5592
"(845.0681818181819, 1447.1704545454545)",Leptotrichia,0,5593
"(845.1486486486486, 233.33783783783784)",TM7,0,5595
"(844.8333333333334, 496.43055555555554)",TM7,0,5597
"(847.6708860759494, 870.0126582278481)",Streptococcus,0,5598
"(845.1181818181818, 1354.1181818181817)",Rothia,0,5599
"(853.5771428571428, 273.3142857142857)",TM7,0,5601
"(849.5984848484849, 576.469696969697)",Prevotella,0,5602
"(844.7979797979798, 1208.959595959596)",Prevotella,0,5603
"(847.9912280701755, 1583.517543859649)",Lautropia,0,5604
"(845.2, 1617.5166666666667)",Gemella,0,5605
"(846.1125, 1667.475)",Streptococcus,0,5606
"(845.9859154929577, 1837.7605633802816)",TM7,0,5607
"(845.6818181818181, 1951.439393939394)",Gemella,0,5608
"(845.7042253521126, 1974.5774647887324)",Leptotrichia,0,5609
"(846.6478873239437, 32.394366197183096)",Leptotrichia,0,5610
"(846.8333333333334, 52.708333333333336)",Corynebacterium,0,5611
"(846.7619047619048, 1105.107142857143)",Streptococcus,0,5613
"(846.1698113207547, 1140.3584905660377)",Lautropia,0,5614
"(847.4423076923077, 1335.7211538461538)",Prevotella,0,5615
"(845.8363636363637, 1398.5272727272727)",Lautropia,0,5616
"(848.5563909774436, 1797.03007518797)",Corynebacterium,0,5619
"(853.6713286713286, 69.20979020979021)",Treponema,0,5621
"(851.171974522293, 360.9108280254777)",TM7,0,5622
"(852.1811023622047, 676.4566929133858)",TM7,0,5623
"(847.3461538461538, 1196.871794871795)",Prevotella,0,5624
"(848.939393939394, 350.030303030303)",Capnocytophaga,0,5625
"(851.7684210526315, 750.9631578947368)",Leptotrichia,0,5626
"(849.5540540540541, 949.0675675675676)",Leptotrichia,0,5627
"(847.5094339622641, 1301.3584905660377)",Gemella,0,5628
"(846.9117647058823, 1517.514705882353)",Streptococcus,0,5630
"(846.8484848484849, 1605.6363636363637)",Streptococcus,0,5631
"(848.530303030303, 1648.5)",Streptococcus,0,5632
"(848.9702380952381, 1686.1964285714287)",Streptococcus,0,5633
"(848.3518518518518, 1903.962962962963)",Pasteurellaceae,0,5634
"(851.7388059701492, 118.76119402985074)",TM7,0,5635
"(851.433734939759, 137.04819277108433)",Capnocytophaga,0,5636
"(850.4307692307692, 248.07692307692307)",TM7,0,5637
"(849.3584905660377, 473.4339622641509)",TM7,0,5638
"(849.4461538461538, 1038.8923076923077)",Streptococcus,0,5639
"(849.2368421052631, 1060.3684210526317)",Leptotrichia,0,5640
"(851.2402597402597, 1852.3376623376623)",Capnocytophaga,0,5641
"(851.5882352941177, 184.30588235294118)",Capnocytophaga,0,5642
"(851.9708737864078, 296.7669902912621)",TM7,0,5643
"(849.5502958579882, 450.46153846153845)",TM7,0,5644
"(850.3611111111111, 1220.361111111111)",Prevotella,0,5645
"(852.7294117647059, 1476.4823529411765)",Leptotrichia,0,5646
"(855.9606741573034, 1918.741573033708)",TM7,0,5649
"(850.8271604938271, 19.061728395061728)",Treponema,0,5650
"(851.7910447761194, 150.1044776119403)",Capnocytophaga,0,5651
"(852.2054794520548, 649.7671232876712)",TM7,0,5653
"(852.8, 695.7384615384616)",TM7,0,5654
"(857.3669724770642, 717.059633027523)",Prevotella,0,5655
"(855.4415584415584, 966.7597402597403)",Leptotrichia,0,5656
"(850.8333333333334, 1073.9074074074074)",Streptococcus,0,5657
"(850.7, 1895.2166666666667)",Capnocytophaga,0,5658
"(852.5316455696203, 97.26582278481013)",Neisseriaceae,0,5659
"(852.375, 163.8)",Capnocytophaga,0,5660
"(851.015625, 615.65625)",Prevotella,0,5662
"(855.6120689655172, 1254.2068965517242)",Prevotella,0,5663
"(852.8202247191011, 434.19101123595505)",Prevotella,0,5664
"(852.92, 905.48)",Leptotrichia,0,5666
"(854.6986301369863, 1090.5205479452054)",Leptotrichia,0,5667
"(872.0819277108434, 1933.7807228915663)",Streptococcus,0,5668
"(856.1111111111111, 11.626262626262626)",Campylobacter,0,5669
"(858.9391891891892, 383.5067567567568)",Rothia,0,5671
"(856.069182389937, 557.8553459119497)",Selenomonas,0,5673
"(852.9615384615385, 1024.173076923077)",Streptococcus,0,5674
"(861.5526315789474, 1191.046052631579)",Prevotella,0,5675
"(855.2372881355932, 1627.050847457627)",Treponema,0,5676
"(854.7164179104477, 1754.044776119403)",Capnocytophaga,0,5677
"(856.7979797979798, 1823.9949494949494)",Veillonella,0,5678
"(855.7916666666666, 285.8888888888889)",Rothia,0,5679
"(858.9598540145986, 517.2299270072992)",TM7,0,5680
"(855.697247706422, 636.4495412844037)",Prevotella,0,5681
"(857.3615384615384, 770.4538461538461)",Streptococcus,0,5682
"(858.5384615384615, 937.5128205128206)",Leptotrichia,0,5683
"(856.1981132075472, 1560.4433962264152)",Leptotrichia,0,5684
"(855.4736842105264, 1774.1052631578948)",Pasteurellaceae,0,5685
"(856.0246913580247, 337.34567901234567)",Fusobacterium,0,5686
"(860.8404907975461, 421.32515337423314)",TM7,0,5687
"(858.0625, 597.2986111111111)",TM7,0,5688
"(859.7530864197531, 672.5802469135803)",TM7,0,5689
"(861.8838709677419, 798.7548387096774)",Leptotrichia,0,5690
"(860.6325301204819, 1002.7409638554217)",Streptococcus,0,5691
"(857.1047619047619, 1123.5333333333333)",Streptococcus,0,5692
"(855.3582089552239, 1764.1044776119404)",Prevotella,0,5693
"(857.1578947368421, 257.0131578947368)",Fusobacterium,0,5694
"(858.2368421052631, 1035.1973684210527)",Streptococcus,0,5696
"(857.2586206896551, 1051.5172413793102)",Leptotrichia,0,5697
"(860.324074074074, 1285.1666666666667)",Lautropia,0,5698
"(857.7462686567164, 1405.8955223880596)",Prevotella,0,5699
"(859.5705882352942, 1495.4823529411765)",Leptotrichia,0,5700
"(858.6875, 1541.9642857142858)",Lautropia,0,5701
"(859.3896103896104, 1968.142857142857)",Leptotrichia,0,5703
"(863.0841121495328, 307.13084112149534)",TM7,0,5704
"(863.2542372881356, 858.6864406779661)",Neisseriaceae,0,5705
"(857.6666666666666, 880.8627450980392)",Fusobacterium,0,5706
"(862.3067484662577, 1425.6932515337423)",Leptotrichia,0,5709
"(859.5816326530612, 234.05102040816325)",Fusobacterium,0,5711
"(860.0980392156863, 402.6862745098039)",Prevotella,0,5712
"(859.656862745098, 833.9019607843137)",Streptococcus,0,5713
"(858.8382352941177, 1239.3823529411766)",Prevotella,0,5715
"(860.0843373493976, 1459.9759036144578)",Streptococcus,0,5717
"(863.1929824561404, 1591.812865497076)",TM7,0,5718
"(860.8190476190476, 1613.0857142857142)",Rothia,0,5719
"(859.2435897435897, 1659.8589743589744)",Streptococcus,0,5720
"(860.0895522388059, 176.34328358208955)",Veillonella,0,5721
"(867.0925925925926, 218.2530864197531)",Capnocytophaga,0,5722
"(862.436507936508, 1302.920634920635)",TM7,0,5723
"(860.4634146341464, 1349.878048780488)",Prevotella,0,5725
"(861.3196721311475, 1516.4754098360656)",Lautropia,0,5726
"(862.6951219512196, 1728.719512195122)",TM7,0,5727
"(860.3333333333334, 1864.877192982456)",TM7,0,5728
"(864.1259259259259, 51.63703703703704)",Capnocytophaga,0,5729
"(864.702479338843, 108.3305785123967)",Capnocytophaga,0,5730
"(861.2931034482758, 463.5689655172414)",Capnocytophaga,0,5731
"(860.2948717948718, 1380.076923076923)",Lautropia,0,5733
"(860.84, 1669.24)",Actinomyces,0,5734
"(863.6388888888889, 1716.2407407407406)",TM7,0,5735
"(863.10101010101, 1743.939393939394)",Fusobacterium,0,5736
"(864.4285714285714, 483.72857142857146)",TM7,0,5737
"(862.6111111111111, 845.574074074074)",Streptococcus,0,5738
"(862.234375, 900.9375)",Streptococcus,0,5739
"(861.1607142857143, 919.0714285714286)",Streptococcus,0,5740
"(862.2835820895523, 983.0746268656717)",Leptotrichia,0,5741
"(865.6741573033707, 1219.8258426966293)",Prevotella,0,5742
"(863.1376146788991, 1367.1100917431193)",Lautropia,0,5743
"(863.1538461538462, 202.87179487179486)",Capnocytophaga,0,5744
"(866.7840909090909, 536.1136363636364)",Capnocytophaga,0,5745
"(864.6867469879518, 623.4216867469879)",Prevotella,0,5746
"(862.7777777777778, 1075.9305555555557)",Streptococcus,0,5747
"(868.2476190476191, 1106.142857142857)",Streptococcus,0,5748
"(863.9767441860465, 1270.3372093023256)",TM7,0,5750
"(865.0510204081633, 1392.030612244898)",Lautropia,0,5751
"(863.8354430379746, 1878.6962025316457)",Capnocytophaga,0,5752
"(862.9770114942529, 1895.1954022988505)",Leptotrichia,0,5753
"(864.9605263157895, 27.11842105263158)",Treponema,0,5754
"(865.170731707317, 86.46341463414635)",Capnocytophaga,0,5755
"(864.6701030927835, 154.5257731958763)",TM7,0,5756
"(865.0, 324.42857142857144)",Fusobacterium,0,5757
"(867.8021978021978, 1014.9120879120879)",Streptococcus,0,5758
"(864.3571428571429, 1172.2738095238096)",Streptococcus,0,5759
"(865.8962264150944, 1323.0849056603774)",Prevotella,0,5760
"(867.5977011494252, 1448.0919540229886)",Streptococcus,0,5762
"(863.4705882352941, 1703.450980392157)",Pasteurellaceae,0,5763
"(869.1869918699186, 1059.4065040650407)",Leptotrichia,0,5764
"(865.3947368421053, 1682.578947368421)",Capnocytophaga,0,5765
"(866.392523364486, 440.1588785046729)",TM7,0,5767
"(865.9080459770115, 1948.344827586207)",Treponema,0,5768
"(870.2674418604652, 1996.0232558139535)",Veillonella,0,5769
"(867.0375, 576.4125)",Prevotella,0,5770
"(868.0098039215686, 660.5196078431372)",Prevotella,0,5771
"(866.741935483871, 1632.5)",Porphyromonas,0,5774
"(866.5569620253165, 1645.1518987341772)",Leptotrichia,0,5775
"(867.030303030303, 1793.8030303030303)",Treponema,0,5776
"(866.5576923076923, 1849.1153846153845)",Corynebacterium,0,5778
"(875.0662983425415, 500.7955801104972)",Treponema,0,5779
"(873.5, 1695.1830985915492)",TM7,0,5780
"(872.2661870503597, 1774.2158273381294)",Corynebacterium,0,5781
"(874.9537572254335, 114.91329479768787)",TM7,0,5782
"(874.9256756756756, 139.91216216216216)",Capnocytophaga,0,5783
"(871.7752808988764, 353.438202247191)",Fusobacterium,0,5784
"(880.4329608938548, 445.10893854748605)",Prevotella,0,5785
"(873.3006535947712, 688.6078431372549)",Rothia,0,5786
"(872.1932773109244, 738.9579831932773)",TM7,0,5787
"(871.1666666666666, 820.6354166666666)",TM7,0,5788
"(872.1153846153846, 871.7692307692307)",Treponema,0,5789
"(868.2878787878788, 884.1515151515151)",Treponema,0,5790
"(872.3108108108108, 1133.722972972973)",Streptococcus,0,5792
"(874.8458781362007, 554.7168458781362)",TM7,0,5794
"(870.6019417475728, 754.5825242718447)",Leptotrichia,0,5795
"(874.3170731707318, 1173.2154471544716)",Streptococcus,0,5796
"(870.5151515151515, 1486.6666666666667)",Porphyromonas,0,5797
"(878.8353413654619, 1577.8192771084337)",Prevotella,0,5798
"(873.1935483870968, 1901.7096774193549)",Porphyromonas,0,5799
"(874.7672413793103, 185.64655172413794)",Lautropia,0,5800
"(871.3424657534247, 598.8904109589041)",Prevotella,0,5801
"(873.6451612903226, 775.010752688172)",Treponema,0,5802
"(871.1272727272727, 912.1272727272727)",Leptotrichia,0,5803
"(871.875, 1039.8557692307693)",Leptotrichia,0,5804
"(874.5333333333333, 1086.875)",Lautropia,0,5805
"(875.752, 1150.976)",Streptococcus,0,5806
"(874.1818181818181, 378.93506493506493)",Fusobacterium,0,5808
"(873.0909090909091, 930.1727272727272)",Leptotrichia,0,5809
"(874.1132075471698, 1290.5283018867924)",Lautropia,0,5810
"(871.34, 1755.52)",Lautropia,0,5811
"(874.5058823529412, 1880.835294117647)",Treponema,0,5812
"(875.375, 261.46153846153845)",Pasteurellaceae,0,5813
"(877.043795620438, 614.4087591240876)",Prevotella,0,5815
"(884.2010050251256, 701.9597989949749)",TM7,0,5816
"(872.7692307692307, 719.525641025641)",TM7,0,5817
"(873.1756756756756, 952.7567567567568)",Leptotrichia,0,5818
"(874.2254335260116, 1238.9479768786127)",Prevotella,0,5819
"(874.5827338129496, 1253.568345323741)",Prevotella,0,5820
"(874.1363636363636, 1462.2727272727273)",Streptococcus,0,5821
"(876.3967611336033, 1552.3603238866397)",Treponema,0,5822
"(875.5046728971963, 1661.4392523364486)",Streptococcus,0,5823
"(871.4509803921569, 1860.4705882352941)",Pasteurellaceae,0,5824
"(877.6464646464647, 419.1111111111111)",TM7,0,5825
"(875.7423312883435, 1204.441717791411)",Prevotella,0,5826
"(876.2671755725191, 1346.7175572519084)",Rothia,0,5827
"(874.4086021505376, 1517.268817204301)",Streptococcus,0,5828
"(877.8390804597701, 1599.4597701149426)",Rothia,0,5829
"(875.7563025210084, 1832.8655462184875)",TM7,0,5830
"(874.8555555555556, 243.44444444444446)",Lautropia,0,5831
"(873.94, 283.04)",Veillonella,0,5832
"(874.5, 300.4375)",TM7,0,5833
"(878.247311827957, 586.3118279569892)",Prevotella,0,5834
"(875.04, 631.88)",Fusobacterium,0,5835
"(881.515873015873, 963.7619047619048)",Leptotrichia,0,5836
"(875.3846153846154, 1322.0192307692307)",Rothia,0,5837
"(878.3333333333334, 1407.460606060606)",Leptotrichia,0,5838
"(876.7912087912088, 1616.4285714285713)",TM7,0,5839
"(876.6304347826087, 1674.3369565217392)",Campylobacter,0,5840
"(877.6387096774193, 1971.2322580645161)",Veillonella,0,5841
"(875.1313131313132, 41.85858585858586)",Pasteurellaceae,0,5842
"(876.9431818181819, 843.9090909090909)",Actinomyces,0,5843
"(879.8392857142857, 1733.0714285714287)",TM7,0,5844
"(878.6161616161617, 1804.5757575757575)",Lautropia,0,5845
"(876.7121212121212, 74.65151515151516)",Corynebacterium,0,5846
"(876.9324324324324, 158.51351351351352)",Campylobacter,0,5847
"(878.8476821192053, 396.27152317880797)",TM7,0,5848
"(878.1888888888889, 521.9888888888889)",Veillonella,0,5849
"(879.5263157894736, 860.1684210526316)",Prevotella,0,5850
"(880.6310679611651, 1021.7281553398059)",Leptotrichia,0,5851
"(888.2903225806451, 1366.4798387096773)",Prevotella,0,5853
"(880.6734693877551, 1505.8979591836735)",Lautropia,0,5854
"(877.875, 63.458333333333336)",Pasteurellaceae,0,5855
"(880.3582089552239, 272.97014925373134)",Rothia,0,5856
"(878.7264150943396, 472.2641509433962)",Pasteurellaceae,0,5857
"(883.2537313432836, 998.8507462686567)",Streptococcus,0,5858
"(881.5820895522388, 1261.4701492537313)",Prevotella,0,5859
"(877.8602150537635, 1714.8924731182797)",Gemella,0,5860
"(879.3287671232877, 1788.8082191780823)",Pasteurellaceae,0,5861
"(882.8898305084746, 1856.7881355932204)",Leptotrichia,0,5862
"(881.5396825396825, 652.1031746031746)",Prevotella,0,5863
"(880.7731958762887, 787.6701030927835)",Leptotrichia,0,5864
"(892.3149606299213, 1224.0971128608924)",Prevotella,0,5865
"(878.5833333333334, 1307.4)",Pasteurellaceae,0,5866
"(881.4671532846716, 1385.6131386861314)",Lautropia,0,5867
"(881.3333333333334, 1954.8636363636363)",Veillonella,0,5868
"(884.0, 308.5857142857143)",Prevotella,0,5869
"(882.8648648648649, 906.3716216216217)",Streptococcus,0,5870
"(885.9817073170732, 982.7865853658536)",Streptococcus,0,5871
"(880.7794117647059, 1449.6176470588234)",Leptotrichia,0,5872
"(882.6923076923077, 1821.679487179487)",Fusobacterium,0,5874
"(888.0930232558139, 1989.6220930232557)",Veillonella,0,5875
"(880.6451612903226, 26.983870967741936)",Capnocytophaga,0,5876
"(887.0232558139535, 173.52713178294573)",Lautropia,0,5877
"(882.0481927710844, 334.5903614457831)",TM7,0,5878
"(882.9417475728155, 1644.2621359223301)",TM7,0,5879
"(884.8960396039604, 1756.0346534653465)",Pasteurellaceae,0,5880
"(884.1344537815127, 227.56302521008402)",TM7,0,5881
"(890.8638297872341, 528.9702127659574)",TM7,0,5882
"(884.6571428571428, 803.4857142857143)",Lautropia,0,5884
"(882.4794520547945, 1071.4794520547946)",Streptococcus,0,5885
"(883.843373493976, 1118.1686746987953)",Streptococcus,0,5886
"(882.8, 1428.6631578947367)",Fusobacterium,0,5887
"(887.5673758865248, 1913.2624113475176)",Streptococcus,0,5888
"(883.2173913043479, 102.55072463768116)",Capnocytophaga,0,5889
"(883.3492063492064, 124.73015873015873)",Fusobacterium,0,5890
"(883.5625, 345.25)",Capnocytophaga,0,5891
"(888.695652173913, 728.2246376811594)",Capnocytophaga,0,5892
"(882.1071428571429, 834.5535714285714)",TM7,0,5893
"(883.7391304347826, 1469.5507246376812)",Leptotrichia,0,5894
"(885.8444444444444, 324.9555555555556)",Veillonella,0,5895
"(884.45, 888.3625)",Streptococcus,0,5897
"(887.8943661971831, 1057.2676056338028)",Streptococcus,0,5898
"(897.431011826544, 1243.4388961892248)",Lautropia,0,5899
"(885.6233766233767, 1313.935064935065)",TM7,0,5900
"(885.3225806451613, 1331.774193548387)",Lautropia,0,5901
"(886.8440366972477, 1610.0550458715597)",Rothia,0,5902
"(887.0782608695653, 197.81739130434784)",Corynebacterium,0,5903
"(885.9323308270676, 363.34586466165416)",Capnocytophaga,0,5904
"(883.8518518518518, 816.7222222222222)",Prevotella,0,5905
"(885.62, 1039.24)",Leptotrichia,0,5906
"(890.316037735849, 1272.6509433962265)",Prevotella,0,5907
"(888.9236111111111, 1524.0416666666667)",Gemella,0,5908
"(888.3444444444444, 85.7)",Pasteurellaceae,0,5909
"(887.92, 158.73333333333332)",Capnocytophaga,0,5910
"(887.0909090909091, 941.5353535353536)",Leptotrichia,0,5911
"(887.5542168674699, 1132.6024096385543)",Leptotrichia,0,5912
"(884.7777777777778, 1167.095238095238)",Streptococcus,0,5913
"(888.7790697674419, 1689.2441860465117)",Prevotella,0,5914
"(890.0092592592592, 1894.0833333333333)",Streptococcus,0,5915
"(892.3575418994413, 250.97206703910615)",TM7,0,5917
"(887.6792452830189, 290.1698113207547)",Capnocytophaga,0,5918
"(890.2560975609756, 926.5670731707318)",Streptococcus,0,5919
"(887.710843373494, 1483.5421686746988)",Leptotrichia,0,5920
"(892.3552631578947, 490.86842105263156)",TM7,0,5921
"(889.6730769230769, 1541.5096153846155)",Fusobacterium,0,5922
"(888.4117647058823, 1709.6235294117646)",Prevotella,0,5923
"(889.952380952381, 141.91666666666666)",TM7,0,5925
"(888.859375, 1084.84375)",Leptotrichia,0,5926
"(894.9101796407185, 1107.4790419161677)",Streptococcus,0,5927
"(893.3586206896551, 1182.8344827586207)",Leptotrichia,0,5928
"(888.85, 1774.0833333333333)",TM7,0,5930
"(889.0188679245283, 1902.3962264150944)",Streptococcus,0,5931
"(891.2760736196319, 39.484662576687114)",Selenomonas,0,5932
"(890.8947368421053, 402.0263157894737)",TM7,0,5934
"(890.1328125, 554.6484375)",Prevotella,0,5935
"(890.566037735849, 1203.811320754717)",Lautropia,0,5936
"(891.7222222222222, 1291.513888888889)",Streptococcus,0,5937
"(890.6875, 1630.328125)",Gemella,0,5938
"(893.67, 1819.68)",Corynebacterium,0,5939
"(893.1034482758621, 583.9770114942529)",Prevotella,0,5940
"(892.5185185185185, 662.4814814814815)",TM7,0,5941
"(893.8555555555556, 1459.4666666666667)",Streptococcus,0,5943
"(893.0619469026549, 1672.5398230088495)",Corynebacterium,0,5944
"(893.204081632653, 572.4795918367347)",Fusobacterium,0,5945
"(896.4717948717948, 633.5948717948718)",Prevotella,0,5946
"(893.4274193548387, 1879.1209677419354)",Streptococcus,0,5947
"(892.9577464788732, 1975.8309859154929)",Pasteurellaceae,0,5948
"(895.3695652173913, 470.29347826086956)",Lautropia,0,5949
"(893.9158878504672, 507.68224299065423)",Capnocytophaga,0,5950
"(899.7513812154696, 752.171270718232)",Leptotrichia,0,5951
"(894.2261904761905, 808.1428571428571)",Treponema,0,5952
"(896.8223684210526, 859.1644736842105)",Lautropia,0,5953
"(896.639751552795, 1150.142857142857)",Streptococcus,0,5954
"(894.1129032258065, 1729.983870967742)",Fusobacterium,0,5956
"(894.1928571428572, 606.7214285714285)",Prevotella,0,5958
"(901.8089887640449, 709.3539325842696)",Pasteurellaceae,0,5959
"(898.9344262295082, 1260.8469945355191)",Prevotella,0,5960
"(893.8356164383562, 1397.8082191780823)",Fusobacterium,0,5961
"(899.1056338028169, 1803.2323943661972)",Capnocytophaga,0,5962
"(895.3333333333334, 345.90277777777777)",Capnocytophaga,0,5963
"(900.0892857142857, 417.0357142857143)",TM7,0,5964
"(895.5811965811965, 452.84615384615387)",Capnocytophaga,0,5965
"(894.859649122807, 832.3508771929825)",Prevotella,0,5966
"(896.2929292929293, 1004.8888888888889)",Streptococcus,0,5968
"(899.0462962962963, 1302.2037037037037)",TM7,0,5970
"(894.5084745762712, 1344.6440677966102)",Prevotella,0,5971
"(895.2391304347826, 1593.1902173913043)",Prevotella,0,5972
"(902.0339622641509, 1837.4528301886792)",Streptococcus,0,5973
"(896.7368421052631, 117.67251461988305)",Capnocytophaga,0,5975
"(895.5616438356165, 778.4246575342465)",Rothia,0,5976
"(899.1296296296297, 1085.7685185185185)",Leptotrichia,0,5977
"(896.6195652173913, 1782.5652173913043)",Prevotella,0,5978
"(899.6538461538462, 65.77884615384616)",Capnocytophaga,0,5979
"(897.4824561403509, 904.4473684210526)",Porphyromonas,0,5981
"(897.2777777777778, 968.9666666666667)",Leptotrichia,0,5982
"(896.71875, 1511.109375)",Streptococcus,0,5983
"(901.1944444444445, 1864.5333333333333)",Streptococcus,0,5984
"(897.4912280701755, 303.859649122807)",Pasteurellaceae,0,5985
"(898.6206896551724, 1023.7471264367816)",Leptotrichia,0,5987
"(901.4666666666667, 1386.8285714285714)",Prevotella,0,5988
"(904.75, 1652.6647727272727)",Fusobacterium,0,5989
"(902.4545454545455, 1964.096256684492)",Capnocytophaga,0,5990
"(898.8787878787879, 220.74242424242425)",Corynebacterium,0,5991
"(903.2627450980392, 684.4509803921569)",Fusobacterium,0,5992
"(898.5, 789.44)",Gemella,0,5993
"(899.952380952381, 884.5)",Leptotrichia,0,5994
"(899.1829268292682, 1039.7926829268292)",Streptococcus,0,5995
"(905.0748299319728, 1928.3673469387754)",Streptococcus,0,5996
"(899.3975903614457, 1945.7228915662652)",Lautropia,0,5997
"(898.983606557377, 380.1639344262295)",Gemella,0,5999
"(900.2142857142857, 433.5)",TM7,0,6000
"(899.5542168674699, 1314.301204819277)",Prevotella,0,6001
"(903.4204545454545, 1333.215909090909)",Lautropia,0,6002
"(900.4705882352941, 1692.3970588235295)",TM7,0,6003
"(903.3360655737705, 1707.6311475409836)",Rothia,0,6004
"(901.2333333333333, 1721.7444444444445)",Campylobacter,0,6005
"(903.5730337078652, 101.41573033707866)",Veillonella,0,6007
"(905.8657718120805, 186.40268456375838)",Veillonella,0,6008
"(900.9666666666667, 820.0333333333333)",Pasteurellaceae,0,6009
"(901.40625, 1054.078125)",Streptococcus,0,6010
"(906.9901477832512, 1418.1724137931035)",Prevotella,0,6011
"(901.6962025316456, 1447.9240506329113)",Lautropia,0,6012
"(903.1376146788991, 1474.3577981651376)",Streptococcus,0,6013
"(900.7261904761905, 1529.297619047619)",TM7,0,6014
"(901.203125, 1559.640625)",TM7,0,6015
"(901.4605263157895, 1748.2368421052631)",Capnocytophaga,0,6016
"(901.9629629629629, 153.9351851851852)",Capnocytophaga,0,6017
"(904.009009009009, 267.35135135135135)",Rothia,0,6019
"(903.4958677685951, 287.7190082644628)",Rothia,0,6020
"(901.2948717948718, 769.0512820512821)",TM7,0,6022
"(903.8990825688073, 916.9908256880734)",Gemella,0,6023
"(905.7696335078534, 942.5916230366493)",Leptotrichia,0,6024
"(913.675, 1848.6285714285714)",Streptococcus,0,6025
"(903.8372093023256, 24.686046511627907)",Treponema,0,6026
"(905.1030303030303, 236.43030303030304)",Corynebacterium,0,6027
"(903.4375, 356.75)",Capnocytophaga,0,6028
"(903.1285714285714, 400.48571428571427)",Fusobacterium,0,6029
"(902.8947368421053, 487.03508771929825)",Rothia,0,6030
"(907.0246305418719, 1271.472906403941)",Prevotella,0,6032
"(902.8407079646017, 1355.4424778761063)",Lautropia,0,6034
"(902.4464285714286, 1573.0357142857142)",Fusobacterium,0,6036
"(903.0365853658536, 1616.0853658536585)",TM7,0,6037
"(908.7522123893805, 170.08849557522123)",Leptotrichia,0,6039
"(906.764367816092, 731.9137931034483)",TM7,0,6040
"(905.8888888888889, 1761.3055555555557)",Treponema,0,6041
"(904.0862068965517, 1774.0)",Fusobacterium,0,6042
"(905.6153846153846, 1914.974358974359)",Porphyromonas,0,6043
"(906.5894736842105, 1992.9263157894736)",Capnocytophaga,0,6044
"(907.6818181818181, 45.70454545454545)",Capnocytophaga,0,6045
"(910.8360655737705, 133.5191256830601)",Streptococcus,0,6046
"(905.463768115942, 202.8695652173913)",Leptotrichia,0,6047
"(909.4891774891775, 559.8311688311688)",Leptotrichia,0,6049
"(905.3734939759037, 1072.421686746988)",Treponema,0,6050
"(906.3095238095239, 1190.7380952380952)",TM7,0,6051
"(909.3668639053254, 1496.5621301775147)",Leptotrichia,0,6052
"(907.1325301204819, 1549.566265060241)",Fusobacterium,0,6053
"(905.2727272727273, 847.3333333333334)",Capnocytophaga,0,6055
"(908.3720930232558, 1289.3372093023256)",Treponema,0,6056
"(906.7553191489362, 1626.7021276595744)",Prevotella,0,6057
"(908.5121951219512, 84.16260162601625)",Capnocytophaga,0,6058
"(906.4594594594595, 524.4054054054054)",TM7,0,6059
"(907.9032258064516, 795.8225806451613)",Streptococcus,0,6060
"(907.156626506024, 985.6506024096385)",Gemella,0,6061
"(908.1919191919192, 1125.1010101010102)",TM7,0,6062
"(909.0162601626016, 1889.658536585366)",Streptococcus,0,6063
"(909.4047619047619, 308.6547619047619)",TM7,0,6064
"(911.6052631578947, 453.7368421052632)",Fusobacterium,0,6065
"(909.1904761904761, 475.75)",Fusobacterium,0,6066
"(909.3636363636364, 772.25)",Fusobacterium,0,6067
"(910.9078947368421, 813.5921052631579)",Treponema,0,6068
"(916.0191082802547, 1578.2866242038217)",Rothia,0,6069
"(907.7878787878788, 1681.5454545454545)",Prevotella,0,6070
"(910.0736842105263, 505.37894736842105)",Fusobacterium,0,6071
"(908.6271186440678, 580.8983050847457)",Lautropia,0,6072
"(911.0571428571428, 592.4380952380952)",Lautropia,0,6073
"(910.0571428571428, 660.8642857142858)",Streptococcus,0,6074
"(910.85, 832.6833333333333)",Rothia,0,6075
"(912.7586206896551, 1206.1379310344828)",TM7,0,6076
"(911.3461538461538, 1226.576923076923)",Prevotella,0,6077
"(913.0188679245283, 336.4842767295597)",TM7,0,6078
"(914.9150326797386, 999.0784313725491)",Streptococcus,0,6079
"(910.0900900900901, 1596.981981981982)",TM7,0,6080
"(910.5762711864406, 1701.1525423728813)",TM7,0,6081
"(912.5421686746988, 1981.3855421686746)",Pasteurellaceae,0,6082
"(913.9545454545455, 543.0818181818182)",Rothia,0,6083
"(914.6214285714286, 970.2785714285715)",Leptotrichia,0,6084
"(914.3130434782609, 115.00869565217391)",Capnocytophaga,0,6086
"(911.5068493150685, 383.1232876712329)",Veillonella,0,6087
"(913.3168316831683, 1013.6237623762377)",Neisseriaceae,0,6088
"(911.7037037037037, 1047.679012345679)",Lautropia,0,6089
"(912.9459459459459, 1537.7972972972973)",Fusobacterium,0,6090
"(913.2150537634409, 1738.774193548387)",Rothia,0,6091
"(913.625, 400.09375)",Corynebacterium,0,6092
"(914.1700680272108, 1142.734693877551)",Capnocytophaga,0,6094
"(915.125, 1341.4)",Prevotella,0,6095
"(917.6181818181818, 1375.1)",TM7,0,6096
"(913.1875, 1434.546875)",Leptotrichia,0,6097
"(913.3478260869565, 1513.3804347826087)",Treponema,0,6098
"(912.7571428571429, 609.6285714285714)",Gemella,0,6100
"(918.8791208791209, 638.7362637362637)",Rothia,0,6101
"(916.1531531531532, 863.5135135135135)",Leptotrichia,0,6102
"(916.038961038961, 904.7142857142857)",Porphyromonas,0,6103
"(916.9246575342465, 1259.3424657534247)",Prevotella,0,6104
"(917.2636363636364, 1307.8454545454545)",Leptotrichia,0,6105
"(914.0, 1452.7837837837837)",TM7,0,6106
"(915.4342105263158, 212.6184210526316)",Prevotella,0,6107
"(915.4468085106383, 419.63829787234044)",TM7,0,6108
"(918.1037037037037, 1233.2962962962963)",Prevotella,0,6109
"(914.7789473684211, 1392.7368421052631)",Prevotella,0,6110
"(914.7777777777778, 1771.5)",Lautropia,0,6111
"(918.4237288135594, 1796.4915254237287)",Rothia,0,6112
"(914.4629629629629, 1808.962962962963)",Lautropia,0,6113
"(916.8333333333334, 1830.1190476190477)",Streptococcus,0,6114
"(917.7368421052631, 1937.8755980861245)",Streptococcus,0,6115
"(918.1204819277109, 57.06024096385542)",Pasteurellaceae,0,6116
"(917.21, 252.84)",Capnocytophaga,0,6117
"(915.6428571428571, 361.54761904761904)",Capnocytophaga,0,6118
"(916.7567567567568, 495.18918918918916)",TM7,0,6119
"(916.3263157894737, 952.0947368421052)",Leptotrichia,0,6120
"(916.9540229885057, 1030.6436781609195)",Leptotrichia,0,6121
"(915.1363636363636, 1084.7424242424242)",Streptococcus,0,6122
"(917.0480769230769, 1324.0288461538462)",Prevotella,0,6123
"(917.0277777777778, 1562.9444444444443)",Lautropia,0,6125
"(917.6770833333334, 1607.6979166666667)",Fusobacterium,0,6126
"(920.8516949152543, 1906.6228813559321)",Streptococcus,0,6127
"(916.8888888888889, 315.2916666666667)",TM7,0,6128
"(923.28125, 469.99375)",TM7,0,6131
"(918.8014705882352, 1165.375)",Leptotrichia,0,6132
"(922.0222222222222, 1354.4296296296295)",Prevotella,0,6134
"(917.7037037037037, 85.35185185185185)",Selenomonas,0,6135
"(922.0, 162.49264705882354)",Gemella,0,6136
"(917.5471698113207, 755.188679245283)",Fusobacterium,0,6137
"(925.5655976676385, 1286.5714285714287)",Streptococcus,0,6138
"(922.7379310344828, 1404.151724137931)",Prevotella,0,6139
"(920.7988165680473, 1482.8520710059172)",Fusobacterium,0,6140
"(921.0252100840336, 1665.2436974789916)",Lautropia,0,6141
"(919.2241379310345, 270.6034482758621)",Veillonella,0,6142
"(922.468253968254, 777.7142857142857)",Leptotrichia,0,6143
"(922.8144329896908, 920.7422680412371)",Streptococcus,0,6144
"(921.8265895953757, 1245.78612716763)",Prevotella,0,6145
"(919.5588235294117, 1466.735294117647)",Streptococcus,0,6146
"(918.984375, 1636.234375)",Rothia,0,6147
"(921.6857142857143, 1686.6190476190477)",Selenomonas,0,6149
"(919.0909090909091, 1875.4727272727273)",Treponema,0,6150
"(927.6475409836065, 1971.782786885246)",Treponema,0,6151
"(918.8850574712644, 693.9425287356322)",Treponema,0,6152
"(922.4934210526316, 884.1315789473684)",Prevotella,0,6153
"(921.030303030303, 1060.090909090909)",Leptotrichia,0,6154
"(920.5777777777778, 1709.6)",Lautropia,0,6155
"(919.6029411764706, 1756.2794117647059)",Streptococcus,0,6156
"(926.8682170542636, 432.51937984496124)",Corynebacterium,0,6157
"(929.4201312910285, 530.2013129102845)",Capnocytophaga,0,6158
"(923.59375, 715.21875)",Lautropia,0,6159
"(923.6944444444445, 740.7870370370371)",TM7,0,6160
"(921.8333333333334, 850.3846153846154)",Gemella,0,6161
"(927.0843373493976, 1101.987951807229)",Streptococcus,0,6162
"(925.7966101694915, 1532.1101694915253)",TM7,0,6163
"(921.7974683544304, 1781.9113924050632)",Treponema,0,6165
"(927.2290076335878, 553.2442748091603)",Fusobacterium,0,6166
"(922.7985611510792, 577.0575539568346)",Lautropia,0,6167
"(930.2424242424242, 656.1878787878788)",Streptococcus,0,6168
"(921.4895833333334, 667.7604166666666)",Streptococcus,0,6169
"(925.5771428571428, 801.0914285714285)",Corynebacterium,0,6170
"(922.5816326530612, 1860.469387755102)",Streptococcus,0,6171
"(922.5510204081633, 193.74149659863946)",Capnocytophaga,0,6172
"(923.179104477612, 289.53731343283584)",Prevotella,0,6174
"(925.2666666666667, 514.25)",TM7,0,6175
"(925.15, 1120.5)",TM7,0,6176
"(928.3155737704918, 1728.4631147540983)",TM7,0,6177
"(936.7002583979328, 143.6950904392765)",Streptococcus,0,6178
"(927.7549019607843, 351.03921568627453)",Rothia,0,6179
"(925.6315789473684, 490.1842105263158)",Capnocytophaga,0,6180
"(924.1551724137931, 679.4655172413793)",Streptococcus,0,6181
"(923.5652173913044, 1195.304347826087)",Capnocytophaga,0,6182
"(926.3676470588235, 1340.0588235294117)",TM7,0,6183
"(926.0813953488372, 1424.4418604651162)",Lautropia,0,6184
"(928.7028985507246, 1548.4347826086957)",Gemella,0,6185
"(925.2110091743119, 1041.6788990825687)",Leptotrichia,0,6187
"(925.4788732394367, 1072.9014084507041)",Streptococcus,0,6188
"(924.6071428571429, 1590.0357142857142)",Prevotella,0,6189
"(926.2872340425532, 1656.1063829787233)",TM7,0,6190
"(928.2954545454545, 130.0681818181818)",Treponema,0,6192
"(926.38, 326.4)",Rothia,0,6193
"(925.5185185185185, 389.1296296296296)",Gemella,0,6194
"(928.2636363636364, 602.8454545454546)",Prevotella,0,6195
"(926.4177215189874, 766.253164556962)",Streptococcus,0,6196
"(928.17, 826.09)",Treponema,0,6197
"(927.6756756756756, 1214.5315315315315)",Actinomyces,0,6198
"(926.506329113924, 1440.8987341772151)",Lautropia,0,6199
"(928.2990654205607, 1455.196261682243)",Rothia,0,6200
"(927.5060240963855, 1815.6385542168675)",Treponema,0,6201
"(929.0990099009902, 1953.7227722772277)",Treponema,0,6202
"(926.9206349206349, 616.3650793650794)",Prevotella,0,6203
"(929.5979381443299, 1175.3298969072166)",Streptococcus,0,6204
"(930.3958333333334, 312.6354166666667)",TM7,0,6205
"(928.1935483870968, 412.7258064516129)",Fusobacterium,0,6206
"(933.8756756756757, 509.6702702702703)",TM7,0,6207
"(928.5833333333334, 729.5555555555555)",Gemella,0,6208
"(927.5, 837.1538461538462)",Lautropia,0,6209
"(928.5641025641025, 907.8076923076923)",Selenomonas,0,6210
"(928.3059701492538, 941.1268656716418)",Streptococcus,0,6211
"(927.9152542372881, 988.6271186440678)",Gemella,0,6212
"(926.4285714285714, 1089.7619047619048)",Leptotrichia,0,6213
"(930.5125628140704, 371.79396984924625)",TM7,0,6216
"(931.25, 402.05434782608694)",Capnocytophaga,0,6217
"(929.5068493150685, 697.027397260274)",Lautropia,0,6218
"(930.0, 869.968253968254)",Lautropia,0,6219
"(929.0888888888888, 1615.0777777777778)",Fusobacterium,0,6220
"(934.547619047619, 680.0)",Streptococcus,0,6221
"(940.2626582278481, 1266.4113924050632)",Prevotella,0,6222
"(938.6666666666666, 1297.5082508250825)",Streptococcus,0,6223
"(932.0, 1320.3440860215053)",Rothia,0,6224
"(935.4850299401197, 1375.4550898203593)",Rothia,0,6225
"(937.9836956521739, 1409.9402173913043)",Prevotella,0,6226
"(931.3023255813954, 1512.639534883721)",TM7,0,6227
"(930.2, 1939.6923076923076)",Leptotrichia,0,6229
"(933.0, 236.7319587628866)",Corynebacterium,0,6231
"(933.3855421686746, 622.9638554216867)",Rothia,0,6232
"(931.5714285714286, 1567.888888888889)",TM7,0,6233
"(932.3177570093458, 1640.0467289719627)",Prevotella,0,6234
"(933.6923076923077, 1681.076923076923)",Prevotella,0,6235
"(937.8167539267016, 1694.9528795811518)",Prevotella,0,6236
"(931.0, 1772.0731707317073)",Corynebacterium,0,6237
"(932.1139240506329, 1798.2911392405063)",Fusobacterium,0,6238
"(932.75, 1926.921875)",Streptococcus,0,6239
"(939.1726618705036, 1992.4388489208634)",Veillonella,0,6240
"(936.875, 112.33088235294117)",Treponema,0,6241
"(932.2142857142857, 215.85714285714286)",Gemella,0,6242
"(940.1657142857143, 251.61142857142858)",TM7,0,6243
"(937.130890052356, 272.5811518324607)",Corynebacterium,0,6244
"(932.1607142857143, 978.7857142857143)",Streptococcus,0,6245
"(937.4750957854407, 1224.1264367816093)",Streptococcus,0,6246
"(938.0845070422536, 958.0845070422536)",Leptotrichia,0,6247
"(932.3050847457627, 1150.4406779661017)",Streptococcus,0,6248
"(933.6016260162602, 1747.5447154471544)",TM7,0,6249
"(935.7105263157895, 337.2171052631579)",TM7,0,6250
"(934.0133333333333, 582.8533333333334)",Lautropia,0,6252
"(947.0121951219512, 1022.459349593496)",Leptotrichia,0,6254
"(934.8636363636364, 1189.4242424242425)",Actinomyces,0,6255
"(937.8105263157895, 1471.5684210526315)",Leptotrichia,0,6256
"(933.5692307692308, 1866.4307692307693)",Streptococcus,0,6257
"(936.2560975609756, 31.158536585365855)",Selenomonas,0,6258
"(936.6966292134831, 194.92134831460675)",Capnocytophaga,0,6259
"(936.6068965517242, 756.696551724138)",Leptotrichia,0,6261
"(939.0987654320987, 919.6296296296297)",Streptococcus,0,6262
"(934.6538461538462, 1831.5641025641025)",Capnocytophaga,0,6265
"(938.1875, 1893.4375)",Streptococcus,0,6266
"(935.6, 1912.0375)",Veillonella,0,6267
"(937.5652173913044, 71.23913043478261)",Selenomonas,0,6268
"(936.8701298701299, 301.5584415584416)",Fusobacterium,0,6269
"(935.5394736842105, 1601.9736842105262)",Capnocytophaga,0,6271
"(937.2808988764045, 1849.573033707865)",Pasteurellaceae,0,6272
"(941.7522123893805, 710.8761061946902)",Lautropia,0,6274
"(937.875, 814.953125)",Prevotella,0,6276
"(937.6829268292682, 856.9634146341464)",TM7,0,6277
"(938.8529411764706, 1057.313725490196)",Prevotella,0,6278
"(936.5892857142857, 1590.375)",Gemella,0,6279
"(938.5076923076923, 1630.6615384615384)",Fusobacterium,0,6280
"(942.056, 40.208)",Capnocytophaga,0,6281
"(939.51, 464.04)",Prevotella,0,6282
"(941.8657718120805, 795.4228187919463)",TM7,0,6283
"(939.9895833333334, 875.1458333333334)",Leptotrichia,0,6284
"(941.5912408759124, 999.9124087591241)",Leptotrichia,0,6285
"(940.8487394957983, 1246.8319327731092)",TM7,0,6286
"(941.0689655172414, 167.0)",Lautropia,0,6287
"(938.7647058823529, 210.27450980392157)",Corynebacterium,0,6288
"(940.2926829268292, 442.5731707317073)",Capnocytophaga,0,6289
"(939.3913043478261, 488.9855072463768)",TM7,0,6290
"(945.5693430656934, 549.4160583941606)",Rothia,0,6291
"(938.1585365853658, 1040.1097560975609)",Lautropia,0,6292
"(942.5695364238411, 1495.291390728477)",Prevotella,0,6295
"(941.5116279069767, 1668.6279069767443)",Prevotella,0,6296
"(944.0277777777778, 1710.851851851852)",Fusobacterium,0,6297
"(947.705501618123, 635.4498381877023)",Streptococcus,0,6298
"(939.9181818181818, 1073.1)",Actinomyces,0,6299
"(941.3809523809524, 1533.1031746031747)",Capnocytophaga,0,6300
"(939.8867924528302, 1616.2264150943397)",Fusobacterium,0,6301
"(942.5154639175257, 1655.4123711340205)",Gemella,0,6302
"(941.359375, 427.578125)",Lautropia,0,6303
"(940.2307692307693, 723.6153846153846)",Treponema,0,6304
"(942.448275862069, 1357.9540229885058)",Prevotella,0,6306
"(941.45, 1435.625)",Rothia,0,6307
"(948.674074074074, 1752.2888888888888)",TM7,0,6308
"(945.1666666666666, 1779.436507936508)",Lautropia,0,6309
"(942.0172413793103, 1932.8793103448277)",Streptococcus,0,6310
"(940.6463414634146, 1963.4634146341464)",Capnocytophaga,0,6311
"(943.4692307692308, 523.3846153846154)",TM7,0,6313
"(941.4814814814815, 1011.8703703703703)",Leptotrichia,0,6314
"(948.1785714285714, 1597.0)",TM7,0,6315
"(942.2592592592592, 58.074074074074076)",TM7,0,6317
"(943.5952380952381, 1113.7261904761904)",Streptococcus,0,6318
"(943.0094339622641, 1168.811320754717)",Gemella,0,6319
"(948.3313953488372, 1453.2325581395348)",Prevotella,0,6320
"(943.4022988505748, 1559.1494252873563)",Prevotella,0,6321
"(947.4071428571428, 1578.6642857142858)",Lautropia,0,6322
"(942.8805970149253, 1817.955223880597)",Pasteurellaceae,0,6323
"(945.0853658536586, 225.0731707317073)",Streptococcus,0,6324
"(945.3012048192771, 594.1084337349398)",TM7,0,6325
"(944.6044776119403, 1338.7537313432836)",Prevotella,0,6326
"(945.9504132231405, 1514.3471074380166)",Rothia,0,6327
"(950.0045871559633, 1728.894495412844)",Capnocytophaga,0,6328
"(944.8148148148148, 1764.5)",TM7,0,6329
"(944.2205882352941, 1945.8676470588234)",Streptococcus,0,6331
"(951.7912621359224, 569.8980582524272)",Actinomyces,0,6332
"(945.5054945054945, 939.1208791208791)",Leptotrichia,0,6333
"(946.4335664335664, 978.0629370629371)",Lautropia,0,6334
"(946.5230769230769, 1153.253846153846)",Streptococcus,0,6335
"(945.1287128712871, 1184.3168316831684)",Streptococcus,0,6336
"(945.025641025641, 1803.0128205128206)",Prevotella,0,6337
"(944.9466666666667, 318.82666666666665)",Corynebacterium,0,6338
"(950.425925925926, 387.4537037037037)",Fusobacterium,0,6339
"(946.3283582089553, 615.6716417910447)",TM7,0,6340
"(947.0, 779.0641025641025)",Capnocytophaga,0,6341
"(946.9246575342465, 1133.3972602739725)",Gemella,0,6342
"(946.7878787878788, 1320.7424242424242)",Fusobacterium,0,6343
"(946.0405405405405, 401.8378378378378)",TM7,0,6345
"(947.15625, 734.984375)",Leptotrichia,0,6346
"(948.4257425742575, 890.8514851485148)",Streptococcus,0,6347
"(947.0689655172414, 1099.3620689655172)",Streptococcus,0,6348
"(949.2696629213483, 1232.056179775281)",Streptococcus,0,6349
"(949.0357142857143, 1365.4285714285713)",TM7,0,6350
"(953.9767441860465, 1420.9418604651162)",Prevotella,0,6351
"(947.5, 1841.2777777777778)",Rothia,0,6352
"(948.635294117647, 189.63529411764705)",TM7,0,6353
"(950.0359712230215, 370.8345323741007)",TM7,0,6354
"(948.62, 481.1)",TM7,0,6355
"(947.9770114942529, 697.264367816092)",Pasteurellaceae,0,6357
"(952.09375, 1086.1953125)",Streptococcus,0,6358
"(952.9579831932773, 177.81512605042016)",Capnocytophaga,0,6359
"(953.6054421768707, 298.5578231292517)",TM7,0,6361
"(951.7738095238095, 411.4940476190476)",TM7,0,6362
"(950.9411764705883, 818.2205882352941)",Treponema,0,6363
"(950.1447368421053, 1202.4736842105262)",Actinomyces,0,6365
"(960.6778846153846, 1906.4278846153845)",Streptococcus,0,6366
"(950.1818181818181, 235.87012987012986)",Leptotrichia,0,6368
"(950.2, 658.2)",Gemella,0,6369
"(951.0235294117647, 746.8823529411765)",Rothia,0,6370
"(955.2075471698113, 1623.8427672955975)",Rothia,0,6371
"(950.3018867924528, 330.45283018867923)",Corynebacterium,0,6372
"(952.495238095238, 450.8)",Prevotella,0,6373
"(953.1565217391304, 500.95652173913044)",TM7,0,6374
"(950.4642857142857, 1383.0)",Prevotella,0,6375
"(956.5514705882352, 1545.6617647058824)",Fusobacterium,0,6376
"(953.8639455782313, 1676.0544217687075)",TM7,0,6377
"(951.6891891891892, 1925.8513513513512)",Streptococcus,0,6378
"(960.9387755102041, 199.5748299319728)",Leptotrichia,0,6379
"(952.3563218390805, 342.2758620689655)",Capnocytophaga,0,6380
"(951.5471698113207, 467.64150943396226)",Prevotella,0,6381
"(952.9692307692308, 848.1307692307693)",Leptotrichia,0,6382
"(956.149377593361, 1648.1659751037344)",Capnocytophaga,0,6383
"(954.204081632653, 48.30612244897959)",Corynebacterium,0,6384
"(951.6969696969697, 278.4848484848485)",Capnocytophaga,0,6385
"(952.2075471698113, 759.3396226415094)",Streptococcus,0,6386
"(952.8161764705883, 1397.25)",TM7,0,6387
"(953.919540229885, 1484.4252873563219)",Rothia,0,6388
"(955.8348623853211, 1706.9449541284403)",Prevotella,0,6389
"(953.4871794871794, 1862.7307692307693)",TM7,0,6390
"(954.0851063829788, 1888.1702127659576)",Streptococcus,0,6391
"(952.8933333333333, 1970.6266666666668)",Veillonella,0,6392
"(953.1612903225806, 64.83870967741936)",Pasteurellaceae,0,6393
"(955.140625, 787.75)",Rothia,0,6395
"(953.9846153846154, 1070.3384615384616)",Streptococcus,0,6396
"(955.35, 1306.35)",Prevotella,0,6397
"(955.027027027027, 1524.4954954954956)",Lautropia,0,6398
"(959.2686567164179, 1942.097014925373)",Treponema,0,6400
"(955.969696969697, 1995.378787878788)",Veillonella,0,6401
"(960.1990049751244, 676.4228855721393)",Gemella,0,6402
"(955.8791946308725, 912.3288590604027)",Fusobacterium,0,6403
"(956.9724137931034, 1039.9724137931034)",Streptococcus,0,6404
"(954.7692307692307, 1218.2692307692307)",Lautropia,0,6405
"(957.8673469387755, 1800.9795918367347)",TM7,0,6406
"(955.6962025316456, 1828.8227848101267)",Capnocytophaga,0,6407
"(959.0615384615385, 1850.6923076923076)",Lautropia,0,6408
"(955.7538461538461, 1981.2153846153847)",Veillonella,0,6409
"(956.0714285714286, 115.87142857142857)",Selenomonas,0,6410
"(957.3046357615895, 533.9271523178808)",TM7,0,6411
"(958.561403508772, 1782.5438596491229)",Prevotella,0,6412
"(957.8414634146342, 433.1463414634146)",TM7,0,6414
"(960.5247524752475, 824.2673267326733)",Treponema,0,6415
"(958.031914893617, 864.7340425531914)",Fusobacterium,0,6416
"(956.09375, 1169.625)",Leptotrichia,0,6417
"(956.5333333333333, 1245.9333333333334)",TM7,0,6418
"(956.5855855855856, 1283.5765765765766)",Prevotella,0,6419
"(959.6344827586207, 1331.5724137931034)",Prevotella,0,6420
"(959.0454545454545, 1368.1060606060605)",Prevotella,0,6421
"(958.4761904761905, 1568.251700680272)",TM7,0,6422
"(959.7227722772277, 164.86138613861385)",Capnocytophaga,0,6423
"(958.126582278481, 516.6962025316456)",Fusobacterium,0,6424
"(966.6572580645161, 957.9072580645161)",Streptococcus,0,6425
"(959.6216216216217, 984.3153153153153)",Leptotrichia,0,6426
"(956.8888888888889, 1000.0185185185185)",Leptotrichia,0,6427
"(957.5862068965517, 1468.942528735632)",TM7,0,6429
"(958.912, 136.544)",Lautropia,0,6430
"(963.0122699386503, 226.20245398773005)",Prevotella,0,6431
"(962.1538461538462, 263.3)",Capnocytophaga,0,6432
"(960.7246376811594, 638.8115942028985)",Streptococcus,0,6433
"(960.8660714285714, 805.3035714285714)",Fusobacterium,0,6434
"(963.6347826086957, 876.7478260869565)",Gemella,0,6435
"(958.1454545454545, 1354.0363636363636)",Prevotella,0,6436
"(960.4, 1957.7833333333333)",Streptococcus,0,6439
"(961.0471698113207, 23.87735849056604)",Corynebacterium,0,6440
"(959.7719298245614, 309.63157894736844)",Capnocytophaga,0,6441
"(961.2784810126582, 1206.0759493670887)",Streptococcus,0,6443
"(967.4615384615385, 1223.6923076923076)",Lautropia,0,6444
"(961.5377358490566, 1258.698113207547)",Prevotella,0,6445
"(960.574074074074, 394.8703703703704)",Fusobacterium,0,6446
"(965.7085427135678, 586.6633165829146)",Streptococcus,0,6447
"(966.6139534883721, 608.5162790697674)",Lautropia,0,6448
"(961.5705128205128, 706.4807692307693)",Leptotrichia,0,6449
"(960.5434782608696, 938.804347826087)",Streptococcus,0,6450
"(962.031847133758, 1442.592356687898)",TM7,0,6451
"(962.2441860465116, 1596.5)",Pasteurellaceae,0,6452
"(966.3430656934306, 278.86861313868616)",Capnocytophaga,0,6453
"(962.4423076923077, 1834.2692307692307)",Prevotella,0,6454
"(964.0, 746.5)",Prevotella,0,6455
"(962.9142857142857, 769.7657142857142)",Lautropia,0,6456
"(963.9895833333334, 1101.2395833333333)",Streptococcus,0,6457
"(966.8041958041958, 1690.4895104895104)",Corynebacterium,0,6458
"(969.3472222222222, 317.84722222222223)",TM7,0,6459
"(965.5833333333334, 417.0833333333333)",Capnocytophaga,0,6460
"(965.7833333333333, 1242.7666666666667)",TM7,0,6461
"(970.2016806722689, 1291.235294117647)",Prevotella,0,6462
"(966.4431818181819, 1378.9886363636363)",Prevotella,0,6463
"(968.1465517241379, 70.41379310344827)",Treponema,0,6464
"(969.6475409836065, 248.34426229508196)",Rothia,0,6465
"(965.9481481481481, 460.9111111111111)",Rothia,0,6467
"(968.0641025641025, 549.8397435897435)",Leptotrichia,0,6468
"(965.8571428571429, 839.0519480519481)",TM7,0,6469
"(964.3188405797101, 1073.2463768115942)",Streptococcus,0,6470
"(968.8657407407408, 1141.3935185185185)",Leptotrichia,0,6471
"(968.777108433735, 1740.2078313253012)",Corynebacterium,0,6472
"(965.4848484848485, 1819.2727272727273)",Capnocytophaga,0,6473
"(969.3541666666666, 1891.1822916666667)",Treponema,0,6474
"(966.4939759036145, 1914.6626506024097)",Leptotrichia,0,6475
"(964.6785714285714, 1923.8392857142858)",Treponema,0,6476
"(969.7352941176471, 205.04901960784315)",Streptococcus,0,6477
"(968.1279069767442, 441.1511627906977)",Prevotella,0,6478
"(967.7923076923076, 496.7923076923077)",Corynebacterium,0,6479
"(966.4897959183673, 648.6530612244898)",Streptococcus,0,6480
"(966.632911392405, 891.0)",Rothia,0,6481
"(965.6666666666666, 1029.2407407407406)",Lautropia,0,6482
"(965.9736842105264, 1122.7763157894738)",Lautropia,0,6483
"(966.1, 1183.35)",Porphyromonas,0,6484
"(967.0113636363636, 1490.7045454545455)",Capnocytophaga,0,6485
"(971.0396825396825, 1554.0238095238096)",Pasteurellaceae,0,6486
"(969.7173913043479, 1871.5289855072465)",Corynebacterium,0,6489
"(971.2946428571429, 9.9375)",Veillonella,0,6490
"(968.4848484848485, 41.75757575757576)",Capnocytophaga,0,6491
"(967.8455284552846, 358.0731707317073)",Capnocytophaga,0,6492
"(973.5670103092783, 1196.9072164948454)",Leptotrichia,0,6494
"(968.7692307692307, 1404.967032967033)",Fusobacterium,0,6495
"(972.8785046728972, 1760.3971962616822)",TM7,0,6496
"(969.2906976744187, 340.72093023255815)",TM7,0,6498
"(968.077922077922, 851.012987012987)",Rothia,0,6499
"(974.7461139896373, 1424.1243523316061)",TM7,0,6501
"(969.258064516129, 1578.1774193548388)",Prevotella,0,6502
"(973.0765027322404, 1607.9562841530055)",Prevotella,0,6503
"(971.9384615384615, 1645.8846153846155)",Leptotrichia,0,6504
"(967.6, 1981.3818181818183)",Gemella,0,6505
"(969.3285714285714, 1006.4571428571429)",Leptotrichia,0,6506
"(968.8, 1270.2)",Prevotella,0,6507
"(969.2, 1360.5714285714287)",Prevotella,0,6509
"(975.5434782608696, 1665.9565217391305)",TM7,0,6510
"(969.7222222222222, 107.26388888888889)",Treponema,0,6511
"(969.575, 481.975)",TM7,0,6512
"(970.9180327868852, 571.344262295082)",Capnocytophaga,0,6513
"(976.8446601941747, 1391.9368932038835)",Prevotella,0,6514
"(969.2048192771084, 1461.301204819277)",Fusobacterium,0,6515
"(969.4, 1508.7875)",TM7,0,6516
"(979.4318181818181, 1632.65)",Prevotella,0,6517
"(970.3125, 1795.0375)",Rothia,0,6518
"(971.1688311688312, 1841.3896103896104)",Rothia,0,6519
"(976.4949152542373, 733.7762711864407)",Streptococcus,0,6520
"(975.7678571428571, 1062.1205357142858)",Leptotrichia,0,6521
"(974.4166666666666, 1165.371212121212)",Lautropia,0,6522
"(970.6415094339623, 1347.1698113207547)",TM7,0,6523
"(969.6274509803922, 1476.137254901961)",Fusobacterium,0,6524
"(970.1978021978022, 1522.7362637362637)",Prevotella,0,6525
"(975.7622950819672, 1995.139344262295)",Selenomonas,0,6526
"(972.4516129032259, 57.596774193548384)",Selenomonas,0,6527
"(974.9230769230769, 629.4692307692308)",Lautropia,0,6528
"(974.5794392523364, 924.2429906542056)",Leptotrichia,0,6529
"(972.76, 152.09333333333333)",Capnocytophaga,0,6532
"(979.4597701149426, 817.7241379310345)",Fusobacterium,0,6533
"(976.5365853658536, 910.089430894309)",Rothia,0,6534
"(973.25, 1022.90625)",Leptotrichia,0,6535
"(973.5909090909091, 1087.1704545454545)",Leptotrichia,0,6536
"(981.5871559633027, 1933.6376146788991)",Streptococcus,0,6537
"(975.6518518518518, 530.9333333333333)",Lautropia,0,6538
"(975.5797101449275, 994.6521739130435)",Lautropia,0,6539
"(979.5922330097087, 1207.9611650485438)",Gemella,0,6540
"(975.4878048780488, 1704.69918699187)",Prevotella,0,6542
"(977.8089171974523, 1723.2356687898089)",Corynebacterium,0,6543
"(976.7438016528926, 217.38842975206612)",Streptococcus,0,6544
"(975.2058823529412, 381.1764705882353)",Prevotella,0,6545
"(975.8333333333334, 394.3333333333333)",Rothia,0,6546
"(975.9166666666666, 408.56666666666666)",Fusobacterium,0,6547
"(977.3898305084746, 513.7118644067797)",Prevotella,0,6548
"(978.1642857142857, 789.4142857142857)",Leptotrichia,0,6549
"(979.2439024390244, 1469.621951219512)",Fusobacterium,0,6550
"(976.5238095238095, 1539.8492063492063)",TM7,0,6551
"(979.5051546391752, 1580.4020618556701)",Prevotella,0,6552
"(978.8557692307693, 428.9519230769231)",TM7,0,6553
"(976.7757009345794, 655.2710280373832)",Streptococcus,0,6554
"(978.5130434782609, 758.9478260869565)",Streptococcus,0,6555
"(975.8518518518518, 938.2037037037037)",Leptotrichia,0,6556
"(981.7179487179487, 984.4615384615385)",Leptotrichia,0,6557
"(975.5, 1314.62)",Lautropia,0,6558
"(978.7514792899408, 1445.8461538461538)",Rothia,0,6559
"(977.1631205673759, 1780.4609929078015)",Corynebacterium,0,6560
"(976.3653846153846, 1963.3365384615386)",Veillonella,0,6561
"(978.8513513513514, 117.43243243243244)",Veillonella,0,6562
"(978.5333333333333, 136.6095238095238)",Corynebacterium,0,6563
"(978.6451612903226, 667.763440860215)",Streptococcus,0,6564
"(977.9915254237288, 685.0932203389831)",Streptococcus,0,6565
"(979.2777777777778, 1116.1277777777777)",Streptococcus,0,6566
"(982.5054347826087, 1371.8695652173913)",Lautropia,0,6567
"(980.1855670103092, 1804.4742268041236)",TM7,0,6568
"(978.2535211267606, 1920.338028169014)",Leptotrichia,0,6569
"(978.1551724137931, 472.13793103448273)",Fusobacterium,0,6570
"(982.3483870967742, 715.341935483871)",Leptotrichia,0,6572
"(983.57421875, 1305.92578125)",Lautropia,0,6574
"(983.2432432432432, 177.8864864864865)",Corynebacterium,0,6575
"(980.6146788990826, 323.9449541284404)",Capnocytophaga,0,6576
"(986.772972972973, 867.0108108108108)",TM7,0,6577
"(977.9090909090909, 882.5636363636364)",TM7,0,6578
"(978.6336633663366, 1338.3960396039604)",Prevotella,0,6579
"(982.1044776119403, 1499.8731343283582)",TM7,0,6580
"(982.7560975609756, 1563.0853658536585)",Treponema,0,6581
"(984.8129496402878, 1744.3525179856115)",Leptotrichia,0,6582
"(982.3741935483871, 1828.1548387096775)",Prevotella,0,6583
"(981.5806451612904, 67.9247311827957)",Treponema,0,6585
"(982.2792792792793, 842.6396396396397)",Capnocytophaga,0,6586
"(981.2740740740741, 1038.888888888889)",Leptotrichia,0,6587
"(980.2727272727273, 1479.909090909091)",Capnocytophaga,0,6588
"(980.7115384615385, 1858.798076923077)",Fusobacterium,0,6589
"(981.4528301886793, 160.60377358490567)",Corynebacterium,0,6590
"(990.4082568807339, 260.0091743119266)",Lautropia,0,6591
"(985.2272727272727, 368.45454545454544)",Lautropia,0,6592
"(987.1916167664671, 449.5748502994012)",Leptotrichia,0,6593
"(983.1764705882352, 558.9176470588235)",Veillonella,0,6594
"(981.21875, 1010.21875)",Leptotrichia,0,6595
"(985.2, 1135.9619047619049)",Streptococcus,0,6596
"(981.3561643835617, 1266.5068493150684)",Prevotella,0,6597
"(990.5240174672489, 1653.3100436681223)",Rothia,0,6598
"(985.0962962962963, 1686.1407407407407)",Veillonella,0,6599
"(981.9358974358975, 1982.1923076923076)",Capnocytophaga,0,6600
"(981.9152542372881, 485.33898305084745)",Rothia,0,6601
"(985.2179487179487, 543.1410256410256)",Veillonella,0,6602
"(981.0196078431372, 583.7647058823529)",Prevotella,0,6603
"(985.4563106796116, 895.1941747572815)",Rothia,0,6604
"(982.5479452054794, 1520.150684931507)",Rothia,0,6605
"(983.0350877192982, 1954.561403508772)",Gemella,0,6606
"(984.0858895705521, 281.41104294478527)",Capnocytophaga,0,6607
"(983.1604938271605, 342.0987654320988)",Capnocytophaga,0,6608
"(984.439024390244, 498.1829268292683)",Lautropia,0,6609
"(985.8145161290323, 594.0645161290323)",Fusobacterium,0,6610
"(990.171052631579, 1146.828947368421)",Leptotrichia,0,6611
"(985.1129032258065, 1280.1129032258063)",Prevotella,0,6612
"(986.3875, 1336.1125)",Prevotella,0,6613
"(985.2222222222222, 5.920634920634921)",Capnocytophaga,0,6614
"(986.6910569105692, 42.203252032520325)",Treponema,0,6615
"(984.2125, 243.6)",Lautropia,0,6616
"(986.5354330708661, 302.6456692913386)",Corynebacterium,0,6617
"(986.5970149253732, 967.9029850746268)",Leptotrichia,0,6619
"(986.581081081081, 1244.4797297297298)",Streptococcus,0,6620
"(990.13125, 1763.40625)",TM7,0,6621
"(985.2372881355932, 111.01694915254237)",Treponema,0,6622
"(986.6197183098592, 197.1056338028169)",TM7,0,6623
"(986.6380952380953, 950.0190476190476)",Leptotrichia,0,6624
"(995.3981481481482, 1225.3842592592594)",Treponema,0,6625
"(987.6739130434783, 1593.623188405797)",Leptotrichia,0,6626
"(984.8225806451613, 1880.5967741935483)",Corynebacterium,0,6627
"(989.0, 472.31666666666666)",Prevotella,0,6629
"(987.0307692307692, 1055.1076923076923)",Leptotrichia,0,6630
"(988.9619047619047, 622.7904761904762)",Lautropia,0,6631
"(990.3177570093458, 641.4766355140187)",Gemella,0,6632
"(989.5636363636364, 1102.3181818181818)",Leptotrichia,0,6633
"(991.219298245614, 1176.7894736842106)",Treponema,0,6634
"(992.9583333333334, 1396.65)",Selenomonas,0,6635
"(988.08, 1411.6)",Capnocytophaga,0,6636
"(990.96, 1536.27)",Prevotella,0,6637
"(992.9741379310345, 1726.603448275862)",Capnocytophaga,0,6638
"(988.421768707483, 1847.8639455782313)",Corynebacterium,0,6639
"(989.6666666666666, 604.7619047619048)",TM7,0,6640
"(991.7075471698113, 1948.8584905660377)",Actinomyces,0,6641
"(991.7938144329897, 59.95876288659794)",Selenomonas,0,6642
"(991.1461538461539, 699.7846153846153)",Streptococcus,0,6643
"(993.8014184397163, 828.3829787234042)",Streptococcus,0,6644
"(989.2545454545455, 1021.6727272727272)",Leptotrichia,0,6645
"(988.972602739726, 1085.986301369863)",Leptotrichia,0,6646
"(995.4972375690608, 1570.2983425414366)",Prevotella,0,6647
"(992.0892857142857, 1801.4464285714287)",TM7,0,6648
"(993.4690265486726, 146.39823008849558)",Corynebacterium,0,6649
"(989.5466666666666, 387.2)",TM7,0,6650
"(992.512987012987, 574.1363636363636)",Porphyromonas,0,6651
"(993.3333333333334, 679.1527777777778)",Streptococcus,0,6652
"(990.829268292683, 927.5487804878048)",Leptotrichia,0,6653
"(997.7404580152672, 1076.0)",Leptotrichia,0,6654
"(991.0338983050848, 1358.949152542373)",TM7,0,6655
"(997.2096774193549, 1614.9462365591398)",Treponema,0,6656
"(992.3367346938776, 225.0)",Capnocytophaga,0,6658
"(994.3454545454546, 404.72727272727275)",Prevotella,0,6659
"(996.3425925925926, 884.4629629629629)",Fusobacterium,0,6660
"(989.6140350877193, 1164.719298245614)",Streptococcus,0,6661
"(990.7037037037037, 1453.5555555555557)",TM7,0,6662
"(992.3170731707318, 1700.1341463414635)",Lautropia,0,6663
"(994.5808080808081, 111.70707070707071)",Selenomonas,0,6664
"(991.2459016393443, 752.0819672131148)",Leptotrichia,0,6665
"(994.3291139240506, 1463.6455696202531)",Rothia,0,6667
"(993.3888888888889, 1492.8472222222222)",TM7,0,6668
"(991.8413793103448, 1903.3862068965518)",TM7,0,6669
"(993.283950617284, 1982.851851851852)",TM7,0,6670
"(996.3333333333334, 29.7)",Corynebacterium,0,6671
"(994.171052631579, 318.42105263157896)",Corynebacterium,0,6672
"(992.8412698412699, 424.44444444444446)",Lautropia,0,6673
"(996.1865284974093, 1190.9430051813472)",Lautropia,0,6675
"(995.0326086956521, 1421.5434782608695)",Prevotella,0,6676
"(994.3733333333333, 353.0933333333333)",TM7,0,6678
"(996.1444444444444, 529.4)",Treponema,0,6679
"(994.4, 660.59)",Treponema,0,6680
"(994.1573033707865, 1269.752808988764)",Lautropia,0,6681
"(999.1753246753246, 1521.5324675324675)",Prevotella,0,6682
"(1002.4818181818182, 128.65)",Streptococcus,0,6683
"(995.3333333333334, 208.11111111111111)",Lautropia,0,6684
"(998.3727272727273, 511.6272727272727)",Treponema,0,6685
"(996.5569620253165, 552.8607594936709)",Campylobacter,0,6686
"(995.1869918699186, 791.910569105691)",Leptotrichia,0,6687
"(997.7647058823529, 898.3235294117648)",Fusobacterium,0,6688
"(996.2906976744187, 912.3139534883721)",Treponema,0,6689
"(996.6315789473684, 992.6447368421053)",Leptotrichia,0,6690
"(996.8815789473684, 1350.171052631579)",Lautropia,0,6691
"(999.7975460122699, 1920.760736196319)",Veillonella,0,6692
"(999.4113475177305, 1963.9645390070923)",Streptococcus,0,6693
"(999.5112781954887, 236.1578947368421)",Corynebacterium,0,6694
"(996.1111111111111, 734.7)",Leptotrichia,0,6695
"(996.9833333333333, 1010.25)",Leptotrichia,0,6696
"(998.0808080808081, 1125.7676767676767)",Leptotrichia,0,6697
"(1001.2446808510638, 848.563829787234)",Fusobacterium,0,6698
"(997.0533333333333, 1031.7866666666666)",Leptotrichia,0,6699
"(1007.7671232876712, 1211.123287671233)",Streptococcus,0,6700
"(998.2676056338029, 1437.2676056338028)",TM7,0,6701
"(1001.4099378881988, 291.3664596273292)",Pasteurellaceae,0,6703
"(999.8944099378882, 378.53416149068323)",Capnocytophaga,0,6704
"(1003.3333333333334, 495.57516339869284)",Lautropia,0,6705
"(998.8627450980392, 687.2745098039215)",Neisseriaceae,0,6706
"(1001.6068376068376, 1156.059829059829)",Neisseriaceae,0,6707
"(1008.6435643564356, 1382.1089108910892)",Fusobacterium,0,6708
"(999.9868421052631, 1670.8947368421052)",Lautropia,0,6709
"(999.3934426229508, 1710.4918032786886)",Gemella,0,6710
"(1001.5193798449612, 1755.139534883721)",Capnocytophaga,0,6711
"(998.5862068965517, 635.4655172413793)",Gemella,0,6713
"(998.7375, 714.225)",Leptotrichia,0,6714
"(1000.952, 776.192)",Gemella,0,6715
"(1000.1111111111111, 947.0370370370371)",Leptotrichia,0,6716
"(998.7450980392157, 964.3137254901961)",Leptotrichia,0,6717
"(1008.84, 981.875)",Leptotrichia,0,6718
"(1000.981981981982, 1062.4144144144145)",Streptococcus,0,6719
"(1003.3806451612903, 1548.0967741935483)",Prevotella,0,6720
"(1000.8382352941177, 1740.1764705882354)",Veillonella,0,6721
"(997.74, 1874.56)",Neisseriaceae,0,6722
"(1001.3291139240506, 1942.379746835443)",Lautropia,0,6724
"(999.59375, 339.40625)",Fusobacterium,0,6725
"(1000.6587301587301, 1296.1190476190477)",Actinomyces,0,6727
"(1000.3181818181819, 1321.8030303030303)",Veillonella,0,6728
"(1003.4929577464789, 1584.8450704225352)",Lautropia,0,6729
"(1001.1975308641976, 1776.6296296296296)",TM7,0,6730
"(999.5692307692308, 1837.0615384615385)",Lautropia,0,6732
"(1006.7642857142857, 1893.0)",Corynebacterium,0,6733
"(1002.7253521126761, 1246.1549295774648)",Actinomyces,0,6734
"(1002.3048780487804, 1598.8658536585365)",Leptotrichia,0,6735
"(1001.0980392156863, 1787.4313725490197)",Capnocytophaga,0,6736
"(1001.3928571428571, 481.76785714285717)",Prevotella,0,6737
"(1003.9375, 1106.076388888889)",Leptotrichia,0,6738
"(1006.8088235294117, 1684.0735294117646)",TM7,0,6740
"(1002.0416666666666, 1863.78125)",Lautropia,0,6741
"(1003.0, 434.6818181818182)",Lautropia,0,6742
"(1003.2134831460675, 617.2921348314607)",Porphyromonas,0,6743
"(1005.2032520325204, 1044.2520325203252)",Leptotrichia,0,6744
"(1003.4912280701755, 1408.842105263158)",Capnocytophaga,0,6745
"(1004.1917808219179, 1626.5068493150684)",Veillonella,0,6746
"(1013.7923497267759, 539.1420765027323)",TM7,0,6748
"(1004.8076923076923, 1446.5615384615385)",Lautropia,0,6749
"(1006.1231884057971, 192.44202898550725)",Treponema,0,6750
"(1004.9083333333333, 596.0333333333333)",Actinomyces,0,6751
"(1005.7178217821782, 750.3465346534654)",Streptococcus,0,6752
"(1006.5909090909091, 812.9)",Leptotrichia,0,6753
"(1011.6918238993711, 832.811320754717)",Leptotrichia,0,6754
"(1008.5175438596491, 52.473684210526315)",Streptococcus,0,6755
"(1008.1578947368421, 1002.8771929824561)",Leptotrichia,0,6756
"(1010.6697247706422, 1015.9449541284404)",Leptotrichia,0,6757
"(1005.2586206896551, 1501.4827586206898)",TM7,0,6758
"(1006.1058823529412, 1655.7529411764706)",Lautropia,0,6759
"(1007.2153846153847, 214.24615384615385)",Lautropia,0,6761
"(1010.6993006993007, 271.0839160839161)",Lautropia,0,6762
"(1007.7391304347826, 421.6521739130435)",TM7,0,6763
"(1007.109375, 579.734375)",Actinomyces,0,6764
"(1007.144578313253, 664.7951807228916)",Treponema,0,6765
"(1010.0277777777778, 918.5055555555556)",Streptococcus,0,6766
"(1006.8714285714286, 1315.1)",Fusobacterium,0,6767
"(1006.9782608695652, 1475.0326086956522)",Fusobacterium,0,6768
"(1008.219512195122, 554.9634146341464)",Veillonella,0,6769
"(1008.6222222222223, 1264.4444444444443)",Leptotrichia,0,6770
"(1007.7735849056604, 1801.4528301886792)",Rothia,0,6771
"(1008.3018867924528, 1844.433962264151)",Fusobacterium,0,6772
"(1012.3466666666667, 110.55333333333333)",Capnocytophaga,0,6773
"(1013.9285714285714, 362.57142857142856)",TM7,0,6774
"(1011.2649572649573, 867.7692307692307)",Leptotrichia,0,6775
"(1009.3166666666667, 933.6666666666666)",Streptococcus,0,6776
"(1010.8035714285714, 1491.2410714285713)",TM7,0,6777
"(1008.9019607843137, 1510.4313725490197)",TM7,0,6778
"(1009.68, 1907.22)",TM7,0,6779
"(1013.5, 1941.091836734694)",Selenomonas,0,6780
"(1012.5228758169935, 1981.6078431372548)",Selenomonas,0,6781
"(1014.8775510204082, 721.3197278911565)",Leptotrichia,0,6782
"(1014.2352941176471, 795.7326203208556)",Streptococcus,0,6783
"(1016.9705882352941, 855.3897058823529)",Rothia,0,6784
"(1011.0439560439561, 1140.6263736263736)",Leptotrichia,0,6785
"(1010.7594936708861, 1178.5189873417721)",Leptotrichia,0,6786
"(1012.5842696629213, 1326.6404494382023)",Prevotella,0,6787
"(1012.5258964143426, 1356.2988047808765)",TM7,0,6788
"(1011.5274725274726, 1532.021978021978)",Prevotella,0,6789
"(1011.472602739726, 1817.1712328767123)",Veillonella,0,6791
"(1012.7821782178218, 1877.7425742574258)",TM7,0,6792
"(1012.5762711864406, 438.4237288135593)",Lautropia,0,6793
"(1011.1590909090909, 473.625)",Prevotella,0,6794
"(1011.7404580152672, 628.8396946564885)",Capnocytophaga,0,6795
"(1016.776923076923, 694.0384615384615)",Leptotrichia,0,6796
"(1012.3720930232558, 708.046511627907)",Leptotrichia,0,6797
"(1010.6190476190476, 1088.047619047619)",Leptotrichia,0,6799
"(1011.2205882352941, 1559.3529411764705)",Fusobacterium,0,6800
"(1012.5529411764705, 1575.4823529411765)",TM7,0,6801
"(1010.5483870967741, 1695.0806451612902)",TM7,0,6802
"(1012.1789473684211, 19.53684210526316)",Corynebacterium,0,6803
"(1017.7719298245614, 91.91228070175438)",Selenomonas,0,6804
"(1012.5714285714286, 519.984126984127)",Lautropia,0,6805
"(1016.2824427480916, 1399.5190839694656)",TM7,0,6807
"(1014.9115646258504, 1707.2789115646258)",Corynebacterium,0,6808
"(1023.9145728643216, 1835.427135678392)",Lautropia,0,6812
"(1014.5, 1852.0625)",Lautropia,0,6813
"(1013.6666666666666, 339.25)",Corynebacterium,0,6814
"(1016.746835443038, 965.9683544303797)",Leptotrichia,0,6816
"(1013.9019607843137, 1045.0980392156862)",Leptotrichia,0,6817
"(1015.5384615384615, 1127.3076923076924)",Leptotrichia,0,6818
"(1013.6769230769231, 1460.1384615384616)",Treponema,0,6819
"(1015.0, 1623.1081081081081)",Prevotella,0,6820
"(1014.656862745098, 1924.4901960784314)",Treponema,0,6821
"(1020.4195804195804, 251.56643356643357)",Corynebacterium,0,6822
"(1016.4494382022472, 292.6179775280899)",Rothia,0,6823
"(1016.3333333333334, 1063.0)",Leptotrichia,0,6824
"(1017.6494845360825, 1114.2371134020618)",TM7,0,6825
"(1017.0839694656488, 1595.9083969465648)",TM7,0,6826
"(1017.0735294117648, 171.875)",Capnocytophaga,0,6827
"(1026.3473053892214, 455.4610778443114)",Rothia,0,6828
"(1030.0024691358024, 508.3333333333333)",Leptotrichia,0,6829
"(1016.1647058823529, 773.7647058823529)",Leptotrichia,0,6830
"(1015.4814814814815, 898.4074074074074)",Treponema,0,6831
"(1018.0555555555555, 1027.5)",Leptotrichia,0,6832
"(1016.4117647058823, 1237.1960784313726)",Streptococcus,0,6833
"(1017.1494252873563, 1413.6896551724137)",TM7,0,6834
"(1019.2688172043011, 1863.010752688172)",TM7,0,6837
"(1020.3791469194313, 202.89099526066352)",Gemella,0,6838
"(1021.2347826086957, 470.54782608695655)",TM7,0,6839
"(1018.9824561403509, 564.780701754386)",Campylobacter,0,6840
"(1025.0, 949.9426751592357)",Leptotrichia,0,6841
"(1023.5217391304348, 1189.695652173913)",Streptococcus,0,6843
"(1017.2197802197802, 1965.89010989011)",Veillonella,0,6844
"(1024.1543624161075, 1992.979865771812)",Streptococcus,0,6845
"(1017.95, 44.166666666666664)",Actinomyces,0,6846
"(1018.76, 142.64)",Capnocytophaga,0,6847
"(1020.1287128712871, 648.1584158415842)",Capnocytophaga,0,6848
"(1024.0682926829268, 1284.8)",Prevotella,0,6849
"(1020.4444444444445, 1305.4259259259259)",Gemella,0,6850
"(1022.0081300813008, 1334.5447154471544)",Prevotella,0,6851
"(1020.9191919191919, 1522.7676767676767)",Prevotella,0,6852
"(1021.2586206896551, 1636.948275862069)",Streptococcus,0,6853
"(1018.9473684210526, 1661.6644736842106)",Treponema,0,6854
"(1020.8584905660377, 1747.698113207547)",Lautropia,0,6855
"(1019.2375, 1761.63125)",TM7,0,6856
"(1041.5710900473935, 230.54502369668248)",Streptococcus,0,6857
"(1021.3461538461538, 386.3076923076923)",Rothia,0,6859
"(1019.3693693693693, 402.8018018018018)",TM7,0,6860
"(1020.0714285714286, 733.5285714285715)",Streptococcus,0,6861
"(1018.8454545454546, 1431.7272727272727)",TM7,0,6862
"(1018.94, 1448.6)",Fusobacterium,0,6863
"(1020.3611111111111, 1566.013888888889)",Prevotella,0,6864
"(1020.4533333333334, 749.8133333333334)",Leptotrichia,0,6865
"(1028.4414414414414, 1168.7297297297298)",Capnocytophaga,0,6866
"(1020.0294117647059, 1916.6470588235295)",TM7,0,6870
"(1023.5227272727273, 1954.5227272727273)",Treponema,0,6871
"(1020.9, 492.275)",Lautropia,0,6872
"(1022.9047619047619, 590.1700680272108)",Neisseriaceae,0,6873
"(1021.929292929293, 608.8888888888889)",Gemella,0,6874
"(1023.9555555555555, 1046.2888888888888)",Leptotrichia,0,6875
"(1022.1509433962265, 1222.2264150943397)",Treponema,0,6876
"(1024.2457627118645, 343.8728813559322)",Rothia,0,6877
"(1025.392857142857, 435.23809523809524)",Rothia,0,6878
"(1026.6576086956522, 877.0978260869565)",Capnocytophaga,0,6879
"(1025.3090909090909, 1148.6)",Leptotrichia,0,6880
"(1022.6730769230769, 1476.826923076923)",Fusobacterium,0,6881
"(1028.7557251908397, 1545.6259541984732)",Streptococcus,0,6882
"(1023.3917525773196, 124.95876288659794)",Veillonella,0,6883
"(1025.8766233766235, 307.4415584415584)",Lautropia,0,6884
"(1025.0555555555557, 841.5888888888888)",Capnocytophaga,0,6885
"(1024.6052631578948, 1252.3684210526317)",Leptotrichia,0,6886
"(1024.1410256410256, 1736.128205128205)",Gemella,0,6887
"(1026.4285714285713, 937.0649350649351)",Streptococcus,0,6888
"(1025.3882352941177, 1087.8)",Actinomyces,0,6889
"(1023.7962962962963, 1618.6296296296296)",Veillonella,0,6890
"(1027.6082474226805, 420.8659793814433)",Lautropia,0,6892
"(1031.9014084507041, 178.50704225352112)",Corynebacterium,0,6894
"(1026.725806451613, 445.4032258064516)",Fusobacterium,0,6895
"(1026.5263157894738, 634.4078947368421)",Veillonella,0,6896
"(1031.6770833333333, 674.5677083333334)",Streptococcus,0,6897
"(1028.4444444444443, 983.9316239316239)",Leptotrichia,0,6898
"(1026.138888888889, 1072.263888888889)",Leptotrichia,0,6899
"(1026.920634920635, 1102.1904761904761)",Prevotella,0,6900
"(1027.3461538461538, 1691.2307692307693)",Streptococcus,0,6901
"(1030.4745762711864, 1719.1271186440679)",Veillonella,0,6902
"(1026.296875, 1793.59375)",Veillonella,0,6903
"(1032.5454545454545, 1815.5080213903743)",Fusobacterium,0,6904
"(1031.1317829457364, 7.596899224806202)",Treponema,0,6905
"(1029.1616161616162, 24.515151515151516)",Treponema,0,6906
"(1026.02, 44.04)",Selenomonas,0,6907
"(1028.1938775510205, 282.2959183673469)",TM7,0,6908
"(1027.1475409836066, 895.3934426229508)",Leptotrichia,0,6909
"(1028.236111111111, 1673.013888888889)",Streptococcus,0,6910
"(1027.7884615384614, 1779.8846153846155)",TM7,0,6911
"(1028.6099290780141, 153.14893617021278)",TM7,0,6912
"(1029.3064516129032, 486.11290322580646)",Lautropia,0,6913
"(1031.6814814814816, 527.2074074074075)",Streptococcus,0,6914
"(1030.718085106383, 1009.1542553191489)",Leptotrichia,0,6915
"(1028.1333333333334, 1267.2266666666667)",Leptotrichia,0,6916
"(1033.0631578947368, 1348.6)",Campylobacter,0,6917
"(1031.6796875, 1363.4609375)",TM7,0,6918
"(1035.1897810218977, 1567.9270072992701)",TM7,0,6919
"(1028.9180327868853, 1879.4918032786886)",Lautropia,0,6920
"(1032.930693069307, 132.62376237623764)",Corynebacterium,0,6921
"(1032.7152777777778, 197.34027777777777)",Treponema,0,6922
"(1029.9, 382.35)",Capnocytophaga,0,6923
"(1031.01875, 780.025)",Leptotrichia,0,6925
"(1034.1359649122808, 811.359649122807)",Leptotrichia,0,6926
"(1035.0, 1236.1122448979593)",Streptococcus,0,6927
"(1028.8833333333334, 1322.7166666666667)",Gemella,0,6928
"(1031.673202614379, 1495.8496732026144)",Lautropia,0,6929
"(1030.8988764044943, 1584.9662921348315)",Fusobacterium,0,6930
"(1030.2173913043478, 1916.054347826087)",Corynebacterium,0,6932
"(1035.0239520958085, 105.46706586826348)",Capnocytophaga,0,6933
"(1033.2282608695652, 405.6630434782609)",Rothia,0,6934
"(1031.526717557252, 1131.5954198473282)",Streptococcus,0,6935
"(1034.6339285714287, 1218.232142857143)",Leptotrichia,0,6936
"(1032.4313725490197, 1385.6078431372548)",Fusobacterium,0,6937
"(1031.02, 1446.5933333333332)",Streptococcus,0,6938
"(1034.9807692307693, 1521.6826923076924)",TM7,0,6939
"(1032.1443298969073, 1597.0824742268042)",TM7,0,6940
"(1032.4455445544554, 1973.009900990099)",Veillonella,0,6941
"(1031.284090909091, 264.96590909090907)",Capnocytophaga,0,6942
"(1033.1705426356589, 366.0)",Prevotella,0,6943
"(1032.2063492063492, 576.3650793650794)",TM7,0,6944
"(1033.5514705882354, 706.375)",Leptotrichia,0,6945
"(1031.6951219512196, 758.2439024390244)",Streptococcus,0,6946
"(1033.6323529411766, 921.0245098039215)",Lautropia,0,6947
"(1031.5555555555557, 1113.7936507936508)",Fusobacterium,0,6948
"(1033.0, 1854.1511627906978)",Gemella,0,6950
"(1033.3925925925926, 1933.9851851851852)",Gemella,0,6952
"(1033.0068027210884, 80.19727891156462)",Selenomonas,0,6953
"(1037.765625, 831.8854166666666)",TM7,0,6954
"(1033.8181818181818, 1032.3246753246754)",Lautropia,0,6955
"(1033.0579710144928, 1058.8985507246377)",Streptococcus,0,6956
"(1035.123076923077, 1311.6923076923076)",Gemella,0,6958
"(1034.3247863247864, 1896.5213675213674)",Treponema,0,6959
"(1042.9872340425532, 686.3404255319149)",Streptococcus,0,6961
"(1035.3793103448277, 725.0689655172414)",Leptotrichia,0,6962
"(1035.6631578947367, 1423.9368421052632)",Fusobacterium,0,6963
"(1037.0873786407767, 854.9611650485436)",TM7,0,6964
"(1034.56, 1399.08)",Lautropia,0,6965
"(1035.2325581395348, 1615.062015503876)",Fusobacterium,0,6966
"(1040.1056910569105, 1767.138211382114)",TM7,0,6967
"(1037.2291666666667, 323.3854166666667)",Treponema,0,6968
"(1038.5703125, 548.6484375)",Capnocytophaga,0,6969
"(1041.508875739645, 653.2544378698225)",Streptococcus,0,6970
"(1040.2297297297298, 1467.695945945946)",Prevotella,0,6971
"(1042.7371428571428, 1736.6285714285714)",Lautropia,0,6972
"(1037.155172413793, 1996.4827586206898)",Fusobacterium,0,6974
"(1037.1875, 1870.2375)",Veillonella,0,6975
"(1038.7215189873418, 41.48101265822785)",Streptococcus,0,6976
"(1038.5929203539822, 246.20353982300884)",Lautropia,0,6977
"(1038.7375, 415.0625)",Rothia,0,6978
"(1050.7864077669904, 446.59546925566343)",Rothia,0,6979
"(1040.9716981132076, 636.7169811320755)",Treponema,0,6980
"(1039.3030303030303, 1203.5)",Selenomonas,0,6981
"(1038.5471698113208, 1342.566037735849)",Lautropia,0,6982
"(1040.2926829268292, 345.6016260162602)",TM7,0,6983
"(1037.925, 475.525)",TM7,0,6984
"(1042.633027522936, 606.3211009174312)",Actinomyces,0,6986
"(1038.9433962264152, 1091.7169811320755)",Streptococcus,0,6987
"(1041.804347826087, 1153.1014492753623)",Leptotrichia,0,6988
"(1048.1016042780748, 1788.8877005347595)",Veillonella,0,6989
"(1048.3653846153845, 1953.9471153846155)",Leptotrichia,0,6990
"(1053.0676691729323, 328.57142857142856)",Lautropia,0,6991
"(1040.8636363636363, 747.1212121212121)",Leptotrichia,0,6992
"(1047.578034682081, 889.1387283236994)",Leptotrichia,0,6993
"(1041.7610619469026, 1044.4778761061948)",Leptotrichia,0,6994
"(1040.7105263157894, 1078.25)",Streptococcus,0,6995
"(1039.826923076923, 1409.0576923076924)",Neisseriaceae,0,6996
"(1040.21875, 1662.03125)",Lautropia,0,6997
"(1040.6272727272728, 1700.8454545454545)",Rothia,0,6998
"(1048.137254901961, 1989.013071895425)",Leptotrichia,0,6999
"(1041.7951807228915, 1000.0963855421687)",Leptotrichia,0,7001
"(1042.927536231884, 1293.231884057971)",Actinomyces,0,7002
"(1044.992, 1505.664)",Fusobacterium,0,7003
"(1043.7016129032259, 1827.25)",Corynebacterium,0,7004
"(1047.1768707482993, 1906.2176870748299)",Leptotrichia,0,7005
"(1041.0, 975.8636363636364)",Streptococcus,0,7006
"(1045.2288135593221, 1104.0169491525423)",Lautropia,0,7008
"(1048.0928961748634, 1536.3005464480875)",TM7,0,7009
"(1047.7840375586854, 1629.2723004694835)",TM7,0,7010
"(1044.341463414634, 153.64634146341464)",Capnocytophaga,0,7015
"(1043.320610687023, 391.7480916030534)",Capnocytophaga,0,7016
"(1043.1976744186047, 523.8023255813954)",Treponema,0,7017
"(1043.701923076923, 1182.3942307692307)",Fusobacterium,0,7018
"(1049.2736842105264, 1262.8736842105263)",Leptotrichia,0,7019
"(1041.949152542373, 1275.7118644067796)",Streptococcus,0,7020
"(1049.9839572192514, 1718.51871657754)",Corynebacterium,0,7021
"(1047.8983050847457, 280.3813559322034)",Pasteurellaceae,0,7022
"(1045.6598639455783, 1684.0136054421769)",Veillonella,0,7023
"(1048.4488188976377, 90.02362204724409)",Capnocytophaga,0,7025
"(1047.246153846154, 256.46153846153845)",Corynebacterium,0,7026
"(1044.25, 493.2692307692308)",Prevotella,0,7027
"(1047.8317757009345, 707.4205607476636)",Streptococcus,0,7028
"(1046.2553191489362, 800.3510638297872)",Streptococcus,0,7029
"(1045.8728323699422, 957.9826589595376)",Streptococcus,0,7030
"(1045.3058823529411, 1131.9882352941177)",Rothia,0,7031
"(1044.55421686747, 1437.012048192771)",Pasteurellaceae,0,7033
"(1048.6614173228347, 1557.1102362204724)",Prevotella,0,7034
"(1050.0409836065573, 1201.72131147541)",Capnocytophaga,0,7036
"(1050.2428571428572, 1369.4357142857143)",Fusobacterium,0,7037
"(1052.2634730538923, 1973.0)",Treponema,0,7038
"(1049.5819672131147, 59.83606557377049)",Treponema,0,7039
"(1046.6666666666667, 133.42028985507247)",Veillonella,0,7040
"(1050.702479338843, 371.8429752066116)",Lautropia,0,7041
"(1046.9649122807018, 734.7543859649123)",Leptotrichia,0,7042
"(1050.7517730496454, 773.7801418439716)",Leptotrichia,0,7043
"(1049.563829787234, 1118.2340425531916)",Fusobacterium,0,7044
"(1048.1512605042017, 1331.3361344537816)",TM7,0,7046
"(1047.7, 1350.9666666666667)",Treponema,0,7047
"(1046.0379746835442, 1389.2151898734178)",Capnocytophaga,0,7048
"(1051.0, 74.54444444444445)",Selenomonas,0,7050
"(1049.6119402985075, 592.4626865671642)",Neisseriaceae,0,7051
"(1048.5, 670.03125)",Treponema,0,7052
"(1048.0196078431372, 788.3921568627451)",Streptococcus,0,7053
"(1048.5384615384614, 1227.4038461538462)",Gemella,0,7054
"(1051.982456140351, 1574.859649122807)",Lautropia,0,7055
"(1048.2771084337348, 1591.8433734939758)",Rothia,0,7056
"(1048.8839285714287, 1862.2410714285713)",TM7,0,7057
"(1051.1807228915663, 568.0963855421687)",Treponema,0,7058
"(1050.858585858586, 865.7474747474747)",Streptococcus,0,7059
"(1049.8125, 1215.828125)",TM7,0,7060
"(1051.3139534883721, 309.66279069767444)",Lautropia,0,7062
"(1055.187969924812, 431.74436090225566)",Fusobacterium,0,7063
"(1051.4343434343434, 465.6363636363636)",Prevotella,0,7064
"(1049.7534246575342, 478.17808219178085)",TM7,0,7065
"(1053.1875, 544.1770833333334)",Lautropia,0,7066
"(1055.2896174863388, 751.4808743169399)",Streptococcus,0,7067
"(1052.8920863309352, 913.9208633093525)",Leptotrichia,0,7068
"(1050.465909090909, 1420.9204545454545)",Actinomyces,0,7069
"(1051.864406779661, 1777.2033898305085)",Prevotella,0,7070
"(1058.142857142857, 1878.7731092436975)",Veillonella,0,7071
"(1053.9507042253522, 828.0985915492957)",Capnocytophaga,0,7072
"(1051.7441860465117, 1167.8953488372092)",Leptotrichia,0,7074
"(1059.5868263473053, 1801.502994011976)",Pasteurellaceae,0,7075
"(1054.60162601626, 1846.178861788618)",Prevotella,0,7076
"(1058.0484581497797, 520.1894273127754)",Lautropia,0,7077
"(1059.3366834170854, 632.1206030150754)",Campylobacter,0,7078
"(1053.7209302325582, 723.5813953488372)",Streptococcus,0,7079
"(1058.4933333333333, 1013.2)",Leptotrichia,0,7080
"(1054.8085106382978, 1061.0212765957447)",Treponema,0,7081
"(1054.5338345864661, 1490.548872180451)",Corynebacterium,0,7082
"(1054.1538461538462, 1516.0307692307692)",TM7,0,7083
"(1053.6268656716418, 1745.7014925373135)",Treponema,0,7084
"(1056.2042253521126, 169.66197183098592)",Corynebacterium,0,7086
"(1053.2173913043478, 297.40579710144925)",Corynebacterium,0,7087
"(1053.7244897959183, 413.1224489795918)",Rothia,0,7088
"(1053.7820512820513, 848.5769230769231)",Leptotrichia,0,7089
"(1054.20202020202, 934.9090909090909)",Leptotrichia,0,7090
"(1053.075, 1088.5)",Leptotrichia,0,7092
"(1053.2682926829268, 1460.0)",Fusobacterium,0,7093
"(1057.8743169398906, 1929.2841530054645)",Gemella,0,7094
"(1053.985294117647, 44.73529411764706)",Treponema,0,7095
"(1055.8562091503268, 265.55555555555554)",Capnocytophaga,0,7096
"(1053.9811320754718, 579.8867924528302)",Capnocytophaga,0,7097
"(1054.5, 808.939393939394)",Streptococcus,0,7098
"(1055.3297872340424, 979.7553191489362)",Leptotrichia,0,7099
"(1054.2931034482758, 1034.4310344827586)",Streptococcus,0,7100
"(1055.9767441860465, 141.4418604651163)",Capnocytophaga,0,7101
"(1055.5903614457832, 1143.4096385542168)",Pasteurellaceae,0,7102
"(1059.8117647058823, 1659.8588235294117)",Fusobacterium,0,7103
"(1055.9080459770114, 495.04597701149424)",TM7,0,7105
"(1057.1958041958042, 1610.020979020979)",Fusobacterium,0,7106
"(1062.2044198895028, 1699.6823204419888)",Lautropia,0,7107
"(1055.6133333333332, 1756.1466666666668)",Capnocytophaga,0,7108
"(1056.6506024096386, 1816.1686746987953)",TM7,0,7109
"(1058.9545454545455, 993.8636363636364)",Streptococcus,0,7110
"(1056.9270833333333, 1245.15625)",Treponema,0,7111
"(1057.7666666666667, 1314.9222222222222)",TM7,0,7112
"(1059.4113924050632, 348.626582278481)",Streptococcus,0,7114
"(1060.6917293233082, 1442.4887218045112)",TM7,0,7116
"(1060.4251968503936, 1378.3779527559054)",Fusobacterium,0,7117
"(1060.24, 1403.01)",TM7,0,7118
"(1060.015625, 1674.984375)",Prevotella,0,7119
"(1062.5135135135135, 696.0540540540541)",Treponema,0,7120
"(1060.986111111111, 793.625)",Streptococcus,0,7121
"(1066.64, 962.64)",Leptotrichia,0,7122
"(1062.4411764705883, 1083.985294117647)",Leptotrichia,0,7123
"(1061.494623655914, 1109.3655913978494)",Leptotrichia,0,7124
"(1059.9166666666667, 1341.5666666666666)",Lautropia,0,7125
"(1064.4450549450548, 1472.0274725274726)",Prevotella,0,7126
"(1062.725, 1045.425)",Streptococcus,0,7127
"(1062.7557251908397, 1186.1984732824428)",TM7,0,7128
"(1065.6904761904761, 1295.1238095238095)",TM7,0,7129
"(1062.5714285714287, 362.89285714285717)",Lautropia,0,7130
"(1062.421875, 649.5)",Lautropia,0,7131
"(1063.3352601156068, 669.7398843930636)",Streptococcus,0,7132
"(1061.9107142857142, 1030.857142857143)",Streptococcus,0,7133
"(1065.4132231404958, 1566.0578512396694)",Actinomyces,0,7134
"(1068.5681818181818, 251.02272727272728)",Streptococcus,0,7135
"(1062.8181818181818, 407.65909090909093)",TM7,0,7136
"(1063.7272727272727, 766.2077922077922)",Streptococcus,0,7138
"(1063.8363636363636, 1275.3454545454545)",Gemella,0,7140
"(1067.4310344827586, 1588.4103448275862)",Gemella,0,7141
"(1064.8695652173913, 153.79710144927537)",TM7,0,7143
"(1066.3949579831933, 598.5210084033613)",Campylobacter,0,7144
"(1065.7880794701987, 890.0132450331126)",Leptotrichia,0,7146
"(1064.3493975903614, 1228.3493975903614)",Leptotrichia,0,7147
"(1064.1896551724137, 1427.603448275862)",Fusobacterium,0,7149
"(1067.7818181818182, 1528.759090909091)",Fusobacterium,0,7150
"(1068.8292682926829, 1723.6260162601627)",TM7,0,7151
"(1063.2592592592594, 1772.8148148148148)",Treponema,0,7152
"(1071.8253968253969, 1829.3650793650793)",TM7,0,7153
"(1074.7892857142858, 1951.567857142857)",Leptotrichia,0,7154
"(1067.9038461538462, 220.91346153846155)",Fusobacterium,0,7155
"(1065.421568627451, 298.1470588235294)",TM7,0,7156
"(1064.378787878788, 863.2727272727273)",Streptococcus,0,7157
"(1065.8877551020407, 909.234693877551)",Leptotrichia,0,7158
"(1066.8636363636363, 1313.969696969697)",TM7,0,7159
"(1072.951724137931, 1739.0620689655173)",Leptotrichia,0,7160
"(1065.3720930232557, 1939.0697674418604)",Treponema,0,7161
"(1069.0551181102362, 195.69291338582678)",Capnocytophaga,0,7164
"(1065.8496240601503, 477.7593984962406)",TM7,0,7165
"(1070.4489795918366, 546.6734693877551)",Fusobacterium,0,7167
"(1078.4147465437788, 566.3502304147465)",Pasteurellaceae,0,7168
"(1066.370786516854, 580.9662921348314)",Veillonella,0,7169
"(1067.358208955224, 50.83582089552239)",Pasteurellaceae,0,7171
"(1070.4344827586208, 276.1448275862069)",Streptococcus,0,7172
"(1067.3692307692309, 1149.6461538461538)",TM7,0,7173
"(1067.2315789473685, 27.642105263157895)",Selenomonas,0,7174
"(1074.070512820513, 391.8269230769231)",Streptococcus,0,7175
"(1067.5087719298247, 783.578947368421)",Treponema,0,7177
"(1067.4246575342465, 852.8493150684932)",Streptococcus,0,7178
"(1067.225806451613, 943.9193548387096)",Streptococcus,0,7179
"(1067.936507936508, 1354.7777777777778)",Fusobacterium,0,7180
"(1071.5, 1886.1203703703704)",Campylobacter,0,7181
"(1070.2696629213483, 437.60674157303373)",Pasteurellaceae,0,7182
"(1069.236111111111, 755.75)",Fusobacterium,0,7183
"(1069.4057971014493, 1097.0579710144928)",Streptococcus,0,7184
"(1073.5877192982457, 1244.9122807017543)",Treponema,0,7185
"(1071.3865546218487, 1552.563025210084)",Leptotrichia,0,7186
"(1074.5384615384614, 1851.4205128205128)",Lautropia,0,7187
"(1078.7708333333333, 418.5572916666667)",Pasteurellaceae,0,7188
"(1071.416, 719.568)",Capnocytophaga,0,7189
"(1075.5691056910568, 820.2357723577236)",Leptotrichia,0,7191
"(1071.3076923076924, 1126.3186813186812)",Prevotella,0,7192
"(1069.7101449275362, 1416.8695652173913)",Veillonella,0,7193
"(1069.5408163265306, 1487.9489795918366)",Lautropia,0,7194
"(1074.0387596899225, 1625.8217054263566)",TM7,0,7195
"(1071.5185185185185, 1677.432098765432)",Veillonella,0,7196
"(1076.8724489795918, 1981.9030612244899)",Capnocytophaga,0,7197
"(1070.8474576271187, 926.4067796610169)",Leptotrichia,0,7198
"(1075.5197368421052, 1456.032894736842)",Treponema,0,7200
"(1071.736111111111, 1611.2777777777778)",Prevotella,0,7201
"(1074.6842105263158, 1903.2631578947369)",TM7,0,7203
"(1075.1461538461538, 16.53076923076923)",Selenomonas,0,7204
"(1074.7025316455697, 329.63291139240505)",Capnocytophaga,0,7205
"(1072.2837837837837, 801.6891891891892)",Leptotrichia,0,7206
"(1072.0344827586207, 872.7931034482758)",Leptotrichia,0,7207
"(1073.5684210526315, 1506.0947368421052)",Capnocytophaga,0,7208
"(1070.7837837837837, 1638.472972972973)",Fusobacterium,0,7209
"(1078.2281879194632, 1757.4697986577182)",Selenomonas,0,7210
"(1073.7692307692307, 209.82051282051282)",Capnocytophaga,0,7211
"(1073.7704918032787, 235.34426229508196)",Lautropia,0,7212
"(1074.03738317757, 533.7009345794393)",Prevotella,0,7213
"(1078.5373134328358, 652.3507462686567)",Prevotella,0,7214
"(1074.3084112149534, 980.196261682243)",Porphyromonas,0,7215
"(1077.9074074074074, 1003.9722222222222)",Streptococcus,0,7216
"(1073.6875, 935.609375)",Leptotrichia,0,7217
"(1074.9107142857142, 1154.017857142857)",Fusobacterium,0,7219
"(1073.6666666666667, 1394.4333333333334)",Fusobacterium,0,7222
"(1073.9868421052631, 1696.4342105263158)",TM7,0,7224
"(1081.982456140351, 1780.795321637427)",Capnocytophaga,0,7225
"(1074.1666666666667, 1868.2222222222222)",Pasteurellaceae,0,7226
"(1076.216, 1920.776)",Treponema,0,7227
"(1075.7444444444445, 508.1111111111111)",TM7,0,7228
"(1077.0526315789473, 467.7105263157895)",TM7,0,7231
"(1077.8962264150944, 674.9150943396227)",Treponema,0,7233
"(1076.4810126582279, 1077.1898734177216)",TM7,0,7234
"(1075.9454545454546, 1363.090909090909)",Fusobacterium,0,7235
"(1086.2426778242677, 1795.5732217573222)",Veillonella,0,7237
"(1077.6477272727273, 40.92045454545455)",Selenomonas,0,7238
"(1078.287037037037, 159.2037037037037)",Capnocytophaga,0,7240
"(1083.3176470588235, 453.0470588235294)",Capnocytophaga,0,7241
"(1078.1515151515152, 746.2878787878788)",Streptococcus,0,7242
"(1079.6206896551723, 836.7471264367816)",Treponema,0,7243
"(1079.4397163120568, 1058.8794326241134)",Treponema,0,7244
"(1082.640522875817, 1103.235294117647)",Leptotrichia,0,7245
"(1077.9466666666667, 1203.2266666666667)",Pasteurellaceae,0,7246
"(1084.2228260869565, 1374.0217391304348)",Treponema,0,7248
"(1085.6412556053813, 1655.726457399103)",TM7,0,7249
"(1079.2345679012346, 1965.8395061728395)",Prevotella,0,7250
"(1078.0576923076924, 297.8269230769231)",Lautropia,0,7251
"(1077.9076923076923, 346.7692307692308)",Fusobacterium,0,7252
"(1078.8450704225352, 363.1267605633803)",Lautropia,0,7253
"(1083.0980392156862, 431.80392156862746)",Veillonella,0,7254
"(1078.2058823529412, 789.7794117647059)",Streptococcus,0,7256
"(1080.0210526315789, 1259.8947368421052)",Streptococcus,0,7257
"(1083.8708133971293, 1812.4928229665072)",Leptotrichia,0,7258
"(1081.2112676056338, 1034.0469483568074)",Fusobacterium,0,7259
"(1083.2416666666666, 1235.825)",Pasteurellaceae,0,7260
"(1080.3214285714287, 1325.2619047619048)",TM7,0,7261
"(1081.3661971830986, 170.73239436619718)",Capnocytophaga,0,7262
"(1084.4832214765102, 282.4563758389262)",Lautropia,0,7263
"(1083.049504950495, 851.5742574257425)",Leptotrichia,0,7264
"(1080.720430107527, 879.9354838709677)",Leptotrichia,0,7265
"(1080.5443037974683, 1165.3037974683543)",Rothia,0,7266
"(1080.6161616161617, 1424.1616161616162)",TM7,0,7267
"(1083.5504587155963, 379.9633027522936)",Lautropia,0,7269
"(1082.326923076923, 733.8653846153846)",Actinomyces,0,7270
"(1084.2587412587413, 921.027972027972)",Streptococcus,0,7271
"(1082.2616822429907, 1140.5420560747664)",Gemella,0,7272
"(1081.2884615384614, 1574.1346153846155)",Leptotrichia,0,7274
"(1081.44, 1717.8933333333334)",Prevotella,0,7275
"(1081.0869565217392, 1482.4202898550725)",Prevotella,0,7277
"(1087.8084112149534, 1590.1495327102805)",Streptococcus,0,7278
"(1082.34375, 1677.71875)",Prevotella,0,7279
"(1088.5759162303666, 1733.392670157068)",Leptotrichia,0,7280
"(1084.8962264150944, 605.7358490566038)",Campylobacter,0,7283
"(1085.21387283237, 630.8843930635838)",Campylobacter,0,7284
"(1083.076923076923, 993.5576923076923)",Treponema,0,7285
"(1082.7974683544303, 1180.0506329113923)",Corynebacterium,0,7286
"(1083.0344827586207, 1546.5344827586207)",Streptococcus,0,7287
"(1085.6629213483145, 261.2696629213483)",TM7,0,7289
"(1084.463768115942, 971.4492753623189)",Porphyromonas,0,7290
"(1088.6315789473683, 1120.140350877193)",Streptococcus,0,7291
"(1087.093023255814, 1469.8527131782946)",TM7,0,7292
"(1089.8779069767443, 1496.4651162790697)",Capnocytophaga,0,7293
"(1085.639534883721, 228.03488372093022)",Corynebacterium,0,7294
"(1087.6216216216217, 492.05405405405406)",Veillonella,0,7295
"(1086.2704918032787, 520.3032786885246)",Rothia,0,7296
"(1085.483870967742, 1355.3709677419354)",TM7,0,7297
"(1085.8412698412699, 1409.2857142857142)",Rothia,0,7298
"(1087.1065573770493, 1529.6065573770493)",Streptococcus,0,7299
"(1087.3287671232877, 1936.0958904109589)",Streptococcus,0,7300
"(1085.9135802469136, 589.283950617284)",Campylobacter,0,7301
"(1086.4512195121952, 690.1219512195122)",Pasteurellaceae,0,7302
"(1087.7763157894738, 1618.2763157894738)",TM7,0,7303
"(1089.2539682539682, 1641.1031746031747)",Lautropia,0,7304
"(1087.624203821656, 1692.1528662420383)",Prevotella,0,7305
"(1089.122807017544, 1709.4736842105262)",TM7,0,7306
"(1089.9930555555557, 773.9583333333334)",Treponema,0,7309
"(1088.6704545454545, 865.2954545454545)",Leptotrichia,0,7310
"(1087.2459016393443, 1194.0983606557377)",Capnocytophaga,0,7311
"(1086.967213114754, 1224.950819672131)",Streptococcus,0,7312
"(1091.8181818181818, 1308.8181818181818)",Streptococcus,0,7313
"(1086.1206896551723, 1341.3103448275863)",Treponema,0,7314
"(1088.2761904761905, 1438.7619047619048)",Rothia,0,7315
"(1089.2089552238806, 550.0970149253732)",Prevotella,0,7317
"(1092.8231292517007, 708.1088435374149)",Capnocytophaga,0,7318
"(1088.9239130434783, 755.6630434782609)",Leptotrichia,0,7319
"(1088.394366197183, 903.887323943662)",Neisseriaceae,0,7320
"(1088.253164556962, 1396.6455696202531)",Lautropia,0,7321
"(1091.0, 1966.111111111111)",TM7,0,7322
"(1088.5578947368422, 354.0421052631579)",TM7,0,7323
"(1089.6, 404.02222222222224)",Corynebacterium,0,7324
"(1093.7904191616767, 471.5928143712575)",Fusobacterium,0,7325
"(1092.312, 1208.152)",Gemella,0,7326
"(1089.3846153846155, 1273.246153846154)",Lautropia,0,7327
"(1097.5294117647059, 1823.8186274509803)",Campylobacter,0,7329
"(1089.9032258064517, 5.709677419354839)",Pasteurellaceae,0,7330
"(1094.0824742268042, 298.3659793814433)",Streptococcus,0,7332
"(1094.8848920863309, 332.136690647482)",TM7,0,7333
"(1089.8524590163934, 723.0983606557377)",Treponema,0,7334
"(1090.9432624113474, 799.7375886524823)",Treponema,0,7335
"(1095.1142857142856, 1515.56)",Streptococcus,0,7337
"(1090.855172413793, 1874.103448275862)",Lautropia,0,7339
"(1092.1022727272727, 194.57954545454547)",Capnocytophaga,0,7340
"(1097.8447488584475, 824.4748858447489)",TM7,0,7341
"(1092.2073170731708, 938.8780487804878)",Pasteurellaceae,0,7342
"(1091.9113924050632, 1016.8860759493671)",Rothia,0,7343
"(1090.841463414634, 1075.4268292682927)",Streptococcus,0,7344
"(1090.6666666666667, 1841.4137931034484)",TM7,0,7345
"(1102.9610894941634, 1919.453307392996)",Leptotrichia,0,7346
"(1094.857142857143, 1992.1642857142858)",Capnocytophaga,0,7347
"(1093.2659574468084, 124.52127659574468)",Lautropia,0,7348
"(1099.1614349775784, 644.8565022421525)",Actinomyces,0,7349
"(1092.3619047619047, 1288.990476190476)",Pasteurellaceae,0,7350
"(1094.8823529411766, 679.4705882352941)",Gemella,0,7351
"(1095.4246575342465, 1150.945205479452)",Treponema,0,7352
"(1093.6407766990292, 1570.7281553398059)",Streptococcus,0,7354
"(1099.889534883721, 235.62790697674419)",TM7,0,7356
"(1093.46, 422.9)",Prevotella,0,7357
"(1097.6966292134832, 664.314606741573)",Streptococcus,0,7359
"(1097.5102040816328, 1167.095238095238)",Fusobacterium,0,7360
"(1095.4060606060607, 1750.5030303030303)",Capnocytophaga,0,7362
"(1102.507614213198, 954.0253807106599)",Streptococcus,0,7363
"(1093.96, 1050.86)",Lautropia,0,7364
"(1101.6510416666667, 1625.1354166666667)",TM7,0,7366
"(1095.7083333333333, 1897.825)",Fusobacterium,0,7367
"(1098.5742574257426, 528.9702970297029)",TM7,0,7368
"(1098.108527131783, 1258.0697674418604)",Prevotella,0,7370
"(1101.066037735849, 1418.5754716981132)",TM7,0,7371
"(1098.8482142857142, 1949.0357142857142)",Pasteurellaceae,0,7372
"(1096.4354838709678, 260.7741935483871)",Capnocytophaga,0,7373
"(1096.5774647887324, 442.9577464788732)",TM7,0,7374
"(1099.7456647398844, 1327.6936416184972)",Lautropia,0,7375
"(1100.1293103448277, 1450.905172413793)",TM7,0,7376
"(1099.5384615384614, 1483.753846153846)",TM7,0,7377
"(1105.185628742515, 1848.437125748503)",Prevotella,0,7378
"(1104.3977272727273, 1973.4318181818182)",Gemella,0,7379
"(1099.8701298701299, 134.72727272727272)",Streptococcus,0,7380
"(1102.1300813008131, 491.7154471544715)",TM7,0,7382
"(1108.7758007117438, 888.4128113879003)",Treponema,0,7384
"(1101.8, 1191.1909090909091)",Lautropia,0,7385
"(1103.5391304347827, 1465.0)",TM7,0,7386
"(1099.4563106796118, 378.1650485436893)",Capnocytophaga,0,7387
"(1100.9868421052631, 596.0263157894736)",Campylobacter,0,7388
"(1099.4716981132076, 903.1698113207547)",Leptotrichia,0,7389
"(1099.5316455696202, 970.126582278481)",Neisseriaceae,0,7390
"(1099.5616438356165, 1086.4109589041095)",Streptococcus,0,7391
"(1104.7814569536424, 1102.1788079470198)",Streptococcus,0,7392
"(1098.939393939394, 1231.5)",Treponema,0,7393
"(1100.7365269461077, 1352.7784431137725)",TM7,0,7394
"(1101.6888888888889, 1771.0555555555557)",TM7,0,7395
"(1105.036496350365, 391.7080291970803)",Corynebacterium,0,7396
"(1101.8541666666667, 619.1041666666666)",Campylobacter,0,7397
"(1101.8846153846155, 985.3557692307693)",Veillonella,0,7398
"(1100.2197802197802, 1008.9120879120879)",Fusobacterium,0,7399
"(1109.6527777777778, 1540.9805555555556)",Streptococcus,0,7400
"(1104.8551401869158, 210.69626168224298)",Selenomonas,0,7401
"(1101.679012345679, 361.2345679012346)",TM7,0,7402
"(1102.7682926829268, 433.390243902439)",Prevotella,0,7403
"(1102.8165137614678, 548.4128440366973)",Prevotella,0,7404
"(1101.9358974358975, 1432.0384615384614)",Campylobacter,0,7406
"(1102.8494623655913, 275.5806451612903)",Lautropia,0,7407
"(1102.9855072463768, 405.6231884057971)",Fusobacterium,0,7408
"(1104.5625, 449.7125)",TM7,0,7409
"(1104.7831325301204, 1041.124497991968)",Treponema,0,7410
"(1103.125, 1383.6617647058824)",Treponema,0,7412
"(1103.0853658536585, 1404.7317073170732)",Treponema,0,7413
"(1103.9887640449438, 746.2134831460675)",Pasteurellaceae,0,7414
"(1102.6478873239437, 770.3380281690141)",Treponema,0,7415
"(1104.0833333333333, 849.6666666666666)",Leptotrichia,0,7416
"(1103.6216216216217, 1072.1351351351352)",Streptococcus,0,7417
"(1107.4866666666667, 1865.2733333333333)",TM7,0,7418
"(1105.0877192982457, 323.6140350877193)",Prevotella,0,7419
"(1104.6323529411766, 510.47058823529414)",Lautropia,0,7420
"(1106.4742268041236, 582.2783505154639)",TM7,0,7421
"(1105.2300884955753, 874.3274336283185)",Treponema,0,7423
"(1105.6716417910447, 938.0149253731344)",Treponema,0,7424
"(1105.045045045045, 1278.0)",Pasteurellaceae,0,7425
"(1106.0117647058823, 1500.764705882353)",TM7,0,7426
"(1111.444055944056, 1646.7202797202797)",Fusobacterium,0,7427
"(1107.7910447761194, 1783.313432835821)",Lautropia,0,7428
"(1112.530487804878, 683.1951219512196)",Streptococcus,0,7429
"(1105.9238095238095, 1728.095238095238)",TM7,0,7430
"(1109.3577981651376, 311.43119266055044)",Prevotella,0,7431
"(1107.027027027027, 346.94594594594594)",Capnocytophaga,0,7432
"(1108.28125, 777.859375)",TM7,0,7433
"(1108.0142857142857, 1130.75)",Lautropia,0,7434
"(1109.7392857142856, 1696.1678571428572)",Lautropia,0,7436
"(1113.7559523809523, 1832.4107142857142)",Lautropia,0,7437
"(1106.7228915662652, 1881.4939759036145)",Treponema,0,7438
"(1109.451127819549, 728.3458646616541)",TM7,0,7439
"(1108.3369565217392, 475.89130434782606)",TM7,0,7440
"(1111.8853503184714, 638.5350318471337)",Selenomonas,0,7442
"(1107.3098591549297, 909.3802816901408)",Neisseriaceae,0,7443
"(1112.2291666666667, 999.9270833333334)",Streptococcus,0,7444
"(1107.6507936507937, 1294.5238095238096)",Streptococcus,0,7445
"(1108.2820512820513, 1369.5128205128206)",Lautropia,0,7446
"(1109.2457142857143, 1568.44)",Pasteurellaceae,0,7447
"(1112.7118644067796, 713.957627118644)",Selenomonas,0,7448
"(1111.2222222222222, 794.283950617284)",Lautropia,0,7449
"(1115.304, 1444.544)",Veillonella,0,7450
"(1111.6416666666667, 1934.7916666666667)",Gemella,0,7451
"(1110.578431372549, 421.3235294117647)",Lautropia,0,7452
"(1110.767857142857, 1307.607142857143)",Pasteurellaceae,0,7453
"(1117.2425742574258, 1520.3663366336634)",Treponema,0,7454
"(1113.0697674418604, 1595.5116279069769)",Capnocytophaga,0,7455
"(1113.6022727272727, 1748.1988636363637)",Corynebacterium,0,7456
"(1109.5, 1900.0)",Capnocytophaga,0,7457
"(1111.3846153846155, 296.3076923076923)",Lautropia,0,7459
"(1117.4525547445255, 570.4671532846716)",Prevotella,0,7460
"(1112.5, 922.33)",Streptococcus,0,7461
"(1111.4150943396226, 1261.5094339622642)",Gemella,0,7462
"(1111.741573033708, 1802.0786516853932)",Fusobacterium,0,7463
"(1111.9814814814815, 860.6481481481482)",Gemella,0,7464
"(1112.3620689655172, 1147.6379310344828)",Streptococcus,0,7465
"(1112.0704225352113, 1180.661971830986)",Treponema,0,7466
"(1113.3932584269662, 1669.3595505617977)",Prevotella,0,7467
"(1114.2923076923078, 1761.253846153846)",Pasteurellaceae,0,7468
"(1113.2711864406779, 1815.4406779661017)",Veillonella,0,7469
"(1112.9518072289156, 968.6746987951807)",Treponema,0,7470
"(1117.0324324324324, 1197.4216216216216)",Streptococcus,0,7471
"(1113.078431372549, 1224.2549019607843)",Rothia,0,7472
"(1112.448275862069, 1986.2413793103449)",Pasteurellaceae,0,7473
"(1113.7068965517242, 497.7758620689655)",TM7,0,7474
"(1115.1310344827587, 663.2896551724137)",Streptococcus,0,7475
"(1114.5728155339805, 759.0776699029126)",Porphyromonas,0,7476
"(1117.146551724138, 1164.6379310344828)",Streptococcus,0,7477
"(1113.2054794520548, 1238.2328767123288)",Fusobacterium,0,7478
"(1121.2576687116564, 1958.1840490797547)",Leptotrichia,0,7479
"(1115.716049382716, 374.6296296296296)",Lautropia,0,7480
"(1116.376, 824.464)",Streptococcus,0,7481
"(1118.764705882353, 1067.8588235294117)",Streptococcus,0,7482
"(1117.2359550561798, 458.314606741573)",Rothia,0,7483
"(1118.0079365079366, 514.3095238095239)",Fusobacterium,0,7484
"(1115.0, 551.9803921568628)",Prevotella,0,7485
"(1118.3815789473683, 810.8684210526316)",Treponema,0,7486
"(1118.3225806451612, 1014.1532258064516)",Treponema,0,7487
"(1116.36, 1116.08)",Streptococcus,0,7488
"(1115.9642857142858, 1336.9285714285713)",TM7,0,7490
"(1123.4022988505747, 1423.0881226053639)",Veillonella,0,7491
"(1117.685393258427, 358.7191011235955)",Leptotrichia,0,7493
"(1117.8315789473684, 401.1684210526316)",Prevotella,0,7494
"(1128.7428571428572, 432.03492063492064)",Leptotrichia,0,7495
"(1118.8169014084508, 934.7323943661971)",Streptococcus,0,7497
"(1119.2285714285715, 988.0380952380953)",Treponema,0,7498
"(1117.4931506849316, 1246.958904109589)",Leptotrichia,0,7499
"(1118.1, 1400.4833333333333)",Treponema,0,7500
"(1118.4558823529412, 1609.7794117647059)",Capnocytophaga,0,7501
"(1118.9594594594594, 1790.2567567567567)",Rothia,0,7502
"(1119.0714285714287, 1895.611111111111)",TM7,0,7503
"(1120.7888888888888, 834.3444444444444)",Streptococcus,0,7505
"(1121.3939393939395, 1321.6439393939395)",Selenomonas,0,7506
"(1126.0047846889952, 1348.0334928229665)",Rothia,0,7507
"(1118.245283018868, 1477.4811320754718)",TM7,0,7508
"(1118.5028901734104, 610.4971098265896)",Neisseriaceae,0,7509
"(1121.857142857143, 1082.0549450549452)",Streptococcus,0,7510
"(1121.6299212598426, 1770.8425196850394)",TM7,0,7511
"(1121.0229885057472, 1846.9195402298851)",TM7,0,7512
"(1119.0, 1976.5483870967741)",Treponema,0,7513
"(1119.0246913580247, 1030.6049382716049)",Leptotrichia,0,7515
"(1119.702380952381, 1296.0714285714287)",Pasteurellaceae,0,7516
"(1121.5248226950355, 1381.6099290780141)",Treponema,0,7517
"(1123.950354609929, 1738.22695035461)",Prevotella,0,7518
"(1126.1666666666667, 325.25)",Capnocytophaga,0,7519
"(1122.290780141844, 539.1347517730496)",Fusobacterium,0,7520
"(1124.1209677419354, 694.2983870967741)",Treponema,0,7521
"(1122.4050632911392, 847.367088607595)",Streptococcus,0,7522
"(1121.2941176470588, 1270.2058823529412)",Campylobacter,0,7523
"(1120.6058394160584, 1493.2481751824816)",TM7,0,7524
"(1124.9117647058824, 1677.1960784313726)",Corynebacterium,0,7525
"(1123.2631578947369, 773.1052631578947)",Streptococcus,0,7526
"(1124.8429752066115, 1581.5123966942149)",Capnocytophaga,0,7527
"(1125.398148148148, 284.6111111111111)",Fusobacterium,0,7528
"(1128.6612903225807, 746.9112903225806)",Capnocytophaga,0,7529
"(1125.9782608695652, 973.2717391304348)",Selenomonas,0,7530
"(1124.2, 1021.0333333333333)",Leptotrichia,0,7531
"(1122.561224489796, 1050.0102040816328)",Streptococcus,0,7532
"(1125.8105263157895, 1282.042105263158)",Selenomonas,0,7533
"(1122.896551724138, 1360.896551724138)",TM7,0,7534
"(1129.584375, 1755.8125)",Leptotrichia,0,7535
"(1129.563909774436, 559.6165413533835)",TM7,0,7536
"(1125.4777777777779, 1256.8)",Streptococcus,0,7537
"(1130.165625, 1655.653125)",Streptococcus,0,7538
"(1125.3, 472.83)",TM7,0,7539
"(1125.6119402985075, 859.9253731343283)",Streptococcus,0,7540
"(1127.6455696202531, 1101.3291139240507)",Streptococcus,0,7541
"(1125.7926829268292, 1222.658536585366)",Veillonella,0,7542
"(1127.7304347826087, 1818.0434782608695)",Selenomonas,0,7543
"(1127.2222222222222, 298.5486111111111)",Corynebacterium,0,7544
"(1132.281746031746, 351.4246031746032)",Streptococcus,0,7545
"(1132.1138613861385, 391.26732673267327)",Leptotrichia,0,7546
"(1129.811475409836, 414.4672131147541)",Pasteurellaceae,0,7547
"(1126.3465346534654, 627.2772277227723)",Lautropia,0,7548
"(1126.5068493150684, 645.4109589041096)",Neisseriaceae,0,7549
"(1126.9391304347826, 908.0608695652174)",Streptococcus,0,7550
"(1129.438596491228, 1034.1754385964912)",Streptococcus,0,7551
"(1126.013888888889, 1134.638888888889)",Neisseriaceae,0,7552
"(1126.109375, 1461.890625)",Porphyromonas,0,7553
"(1126.4571428571428, 1550.9142857142858)",Prevotella,0,7554
"(1132.5733333333333, 369.8933333333333)",Streptococcus,0,7555
"(1128.1285714285714, 488.0)",TM7,0,7556
"(1133.7355371900826, 502.87603305785126)",Prevotella,0,7557
"(1127.7424242424242, 723.8181818181819)",Veillonella,0,7558
"(1128.3391304347826, 783.7913043478261)",Treponema,0,7559
"(1126.5833333333333, 1691.3333333333333)",Streptococcus,0,7561
"(1127.012658227848, 1701.7721518987341)",Treponema,0,7562
"(1128.3542857142857, 1873.0228571428572)",Veillonella,0,7563
"(1128.010989010989, 1993.923076923077)",Treponema,0,7564
"(1128.671052631579, 449.5263157894737)",Veillonella,0,7565
"(1132.353982300885, 874.4778761061947)",Gemella,0,7568
"(1127.6271186440679, 1183.5254237288136)",Gemella,0,7570
"(1131.453125, 1783.71875)",Treponema,0,7572
"(1131.0185185185185, 270.27777777777777)",Lautropia,0,7573
"(1132.958762886598, 1060.360824742268)",Leptotrichia,0,7575
"(1133.111111111111, 1147.9126984126983)",Pasteurellaceae,0,7576
"(1138.0108695652175, 1802.1666666666667)",Corynebacterium,0,7577
"(1130.32, 670.3866666666667)",Streptococcus,0,7578
"(1129.59375, 955.7291666666666)",Leptotrichia,0,7580
"(1130.7948717948718, 997.0512820512821)",Streptococcus,0,7581
"(1132.8775510204082, 1634.061224489796)",Prevotella,0,7582
"(1130.3720930232557, 1720.093023255814)",Selenomonas,0,7583
"(1131.7640449438202, 1890.2022471910113)",Fusobacterium,0,7584
"(1132.125, 1074.125)",Streptococcus,0,7585
"(1131.3164556962026, 1371.6582278481012)",TM7,0,7586
"(1133.2166666666667, 1564.825)",Pasteurellaceae,0,7587
"(1137.3850931677018, 1617.4534161490683)",Corynebacterium,0,7588
"(1131.76, 534.1333333333333)",Veillonella,0,7589
"(1138.5862068965516, 931.4876847290641)",Streptococcus,0,7590
"(1132.6746987951808, 1118.1686746987953)",Streptococcus,0,7591
"(1137.8603351955308, 1306.3575418994412)",Streptococcus,0,7592
"(1132.5, 1510.3548387096773)",Selenomonas,0,7593
"(1132.4059405940593, 1601.881188118812)",Treponema,0,7594
"(1132.5176470588235, 1772.1882352941177)",Gemella,0,7595
"(1136.1546391752577, 1835.0154639175257)",Corynebacterium,0,7596
"(1134.3488372093022, 518.7674418604652)",Prevotella,0,7597
"(1138.141592920354, 797.5132743362832)",Lautropia,0,7598
"(1139.3139534883721, 1395.6918604651162)",TM7,0,7599
"(1142.4897959183672, 1987.4489795918366)",Leptotrichia,0,7601
"(1140.592105263158, 453.6513157894737)",TM7,0,7602
"(1134.5294117647059, 617.1911764705883)",TM7,0,7603
"(1134.3625, 731.5875)",Treponema,0,7604
"(1136.575221238938, 1172.353982300885)",Corynebacterium,0,7605
"(1140.1584158415842, 1197.4257425742574)",Pasteurellaceae,0,7606
"(1137.009009009009, 1290.900900900901)",Leptotrichia,0,7607
"(1136.1571428571428, 1449.6142857142856)",Fusobacterium,0,7608
"(1134.9770114942528, 842.5747126436781)",Streptococcus,0,7610
"(1136.5151515151515, 1406.3181818181818)",TM7,0,7611
"(1136.15, 1536.92)",Treponema,0,7612
"(1135.5877192982457, 1737.622807017544)",Veillonella,0,7613
"(1137.214953271028, 1935.2897196261683)",Capnocytophaga,0,7614
"(1150.6631016042782, 1968.114973262032)",Capnocytophaga,0,7615
"(1139.9175257731958, 480.2886597938144)",Rothia,0,7616
"(1136.2068965517242, 1499.7413793103449)",Corynebacterium,0,7620
"(1143.9646464646464, 1690.2323232323233)",Streptococcus,0,7621
"(1136.2156862745098, 1922.6078431372548)",Corynebacterium,0,7622
"(1139.6846846846847, 576.1081081081081)",Lautropia,0,7623
"(1138.2282608695652, 651.6086956521739)",TM7,0,7624
"(1139.8, 1585.6315789473683)",TM7,0,7626
"(1144.638211382114, 1747.2886178861788)",Capnocytophaga,0,7627
"(1137.871794871795, 1857.4358974358975)",Lautropia,0,7628
"(1145.7066666666667, 399.8666666666667)",Leptotrichia,0,7629
"(1139.4020618556701, 601.3298969072165)",Fusobacterium,0,7630
"(1141.8676470588234, 766.9558823529412)",TM7,0,7631
"(1138.2238805970148, 1464.402985074627)",Rothia,0,7633
"(1145.138888888889, 1764.8015873015872)",TM7,0,7635
"(1142.128205128205, 1947.051282051282)",Pasteurellaceae,0,7636
"(1141.3058823529411, 691.6470588235294)",Streptococcus,0,7638
"(1144.359649122807, 892.0482456140351)",Streptococcus,0,7640
"(1139.4848484848485, 988.530303030303)",Selenomonas,0,7641
"(1138.986111111111, 1240.986111111111)",Streptococcus,0,7642
"(1139.8494623655913, 1259.0537634408602)",Leptotrichia,0,7643
"(1143.7806451612903, 1324.3290322580644)",Treponema,0,7644
"(1139.5294117647059, 1477.6705882352942)",Fusobacterium,0,7645
"(1142.5, 1076.3382352941176)",Leptotrichia,0,7647
"(1142.9035087719299, 1710.517543859649)",Corynebacterium,0,7648
"(1143.0753424657535, 711.486301369863)",Prevotella,0,7649
"(1142.75, 921.265625)",Treponema,0,7650
"(1140.935064935065, 949.6103896103896)",Streptococcus,0,7651
"(1141.1170212765958, 1024.627659574468)",Streptococcus,0,7652
"(1148.2954545454545, 1106.5)",Treponema,0,7653
"(1144.45, 1159.2125)",Treponema,0,7654
"(1144.15, 1671.8375)",TM7,0,7655
"(1142.878048780488, 859.0325203252032)",Streptococcus,0,7657
"(1145.1758241758241, 1043.857142857143)",Streptococcus,0,7658
"(1144.3076923076924, 1439.9102564102564)",Prevotella,0,7659
"(1145.0444444444445, 1901.8592592592593)",Veillonella,0,7660
"(1147.3853658536586, 815.5951219512195)",Leptotrichia,0,7661
"(1145.5913978494623, 1273.6559139784947)",TM7,0,7662
"(1149.9577464788733, 501.34507042253523)",TM7,0,7663
"(1147.9426229508197, 523.8360655737705)",TM7,0,7664
"(1145.398148148148, 543.1481481481482)",TM7,0,7665
"(1144.4190476190477, 999.4380952380952)",Treponema,0,7666
"(1144.6440677966102, 1638.677966101695)",Veillonella,0,7668
"(1155.2792452830188, 1885.1773584905661)",Lautropia,0,7669
"(1147.1984732824428, 333.0763358778626)",Corynebacterium,0,7670
"(1149.3684210526317, 1090.624060150376)",Actinomyces,0,7671
"(1147.9891304347825, 1141.4239130434783)",Streptococcus,0,7672
"(1146.8804347826087, 1221.1630434782608)",Leptotrichia,0,7673
"(1144.90625, 1344.828125)",Leptotrichia,0,7674
"(1146.0296296296297, 1520.148148148148)",TM7,0,7675
"(1152.979274611399, 1867.3367875647668)",Veillonella,0,7676
"(1145.4929577464789, 564.7323943661971)",Lautropia,0,7677
"(1151.3383458646617, 1061.8947368421052)",Streptococcus,0,7678
"(1145.8651685393259, 1561.6067415730338)",TM7,0,7679
"(1153.2024291497976, 1923.5546558704452)",Capnocytophaga,0,7680
"(1146.857142857143, 745.4025974025974)",Lautropia,0,7681
"(1148.9685039370079, 1424.0708661417323)",Fusobacterium,0,7682
"(1147.2, 1488.3428571428572)",TM7,0,7683
"(1148.7058823529412, 1729.2205882352941)",Lautropia,0,7684
"(1151.4918032786886, 1786.4918032786886)",Veillonella,0,7685
"(1148.8709677419354, 411.5483870967742)",Streptococcus,0,7686
"(1149.304347826087, 470.0869565217391)",Corynebacterium,0,7687
"(1150.8, 1382.025)",Neisseriaceae,0,7689
"(1152.3961038961038, 1547.2207792207791)",Veillonella,0,7690
"(1151.021978021978, 1820.868131868132)",Veillonella,0,7691
"(1150.4333333333334, 1459.7)",Corynebacterium,0,7693
"(1149.3116883116884, 1574.857142857143)",Capnocytophaga,0,7694
"(1149.9310344827586, 1604.5057471264367)",Corynebacterium,0,7695
"(1155.995633187773, 609.7903930131005)",TM7,0,7696
"(1154.6666666666667, 682.6124031007752)",Streptococcus,0,7697
"(1152.9550561797753, 832.1685393258427)",Gemella,0,7698
"(1151.6396396396397, 974.4414414414415)",Treponema,0,7699
"(1149.8852459016393, 1594.4918032786886)",Capnocytophaga,0,7701
"(1151.4927536231885, 1651.4782608695652)",Prevotella,0,7702
"(1151.3489932885907, 1842.6241610738255)",Corynebacterium,0,7703
"(1150.6351351351352, 362.0)",Corynebacterium,0,7704
"(1152.68, 383.024)",Leptotrichia,0,7705
"(1151.4556962025317, 589.4177215189874)",Lautropia,0,7706
"(1154.357142857143, 631.4642857142857)",Lautropia,0,7707
"(1150.603448275862, 959.1551724137931)",TM7,0,7709
"(1152.1935483870968, 727.258064516129)",Lautropia,0,7710
"(1153.1923076923076, 914.5897435897435)",Lautropia,0,7711
"(1151.608695652174, 1256.3152173913043)",Streptococcus,0,7712
"(1150.8823529411766, 1664.549019607843)",Capnocytophaga,0,7713
"(1152.9605263157894, 712.3552631578947)",Fusobacterium,0,7714
"(1153.0925925925926, 1156.2037037037037)",Leptotrichia,0,7715
"(1154.7816091954023, 1210.1724137931035)",TM7,0,7716
"(1155.474358974359, 555.2179487179487)",Prevotella,0,7717
"(1154.375, 652.71875)",Streptococcus,0,7718
"(1154.716049382716, 1236.6296296296296)",Leptotrichia,0,7719
"(1155.0169491525423, 804.0677966101695)",Treponema,0,7720
"(1154.982456140351, 1022.0526315789474)",Leptotrichia,0,7721
"(1161.4127906976744, 1184.3139534883721)",Leptotrichia,0,7722
"(1155.7888888888888, 1407.1333333333334)",Leptotrichia,0,7723
"(1158.2444444444445, 1854.611111111111)",Capnocytophaga,0,7724
"(1159.8983050847457, 945.8305084745763)",TM7,0,7725
"(1155.5529411764705, 1125.764705882353)",TM7,0,7726
"(1157.2282608695652, 1286.641304347826)",Treponema,0,7727
"(1156.0641025641025, 1525.6538461538462)",TM7,0,7728
"(1160.8172588832488, 351.98477157360406)",Corynebacterium,0,7729
"(1159.6424581005588, 1046.5642458100558)",Leptotrichia,0,7731
"(1158.516393442623, 1499.4590163934427)",TM7,0,7732
"(1157.5185185185185, 774.0617283950618)",TM7,0,7733
"(1157.4354838709678, 1077.9516129032259)",Leptotrichia,0,7734
"(1159.1772151898733, 1444.1772151898733)",Capnocytophaga,0,7735
"(1159.5797101449275, 1584.3333333333333)",Capnocytophaga,0,7736
"(1159.7205882352941, 533.4852941176471)",Rothia,0,7737
"(1160.0675675675675, 699.1081081081081)",TM7,0,7738
"(1160.0, 1311.8227848101267)",Treponema,0,7740
"(1161.8301886792453, 1675.0471698113208)",TM7,0,7742
"(1160.6603773584907, 1712.4716981132076)",Pasteurellaceae,0,7743
"(1160.375, 1903.7954545454545)",Veillonella,0,7744
"(1161.27868852459, 896.9918032786885)",Fusobacterium,0,7745
"(1164.145299145299, 1622.068376068376)",Gemella,0,7746
"(1162.5185185185185, 1772.6222222222223)",Streptococcus,0,7747
"(1161.692857142857, 475.97857142857146)",Rothia,0,7748
"(1164.353982300885, 871.4424778761062)",Porphyromonas,0,7749
"(1160.9411764705883, 999.0735294117648)",Treponema,0,7750
"(1160.9102564102564, 1268.923076923077)",Streptococcus,0,7751
"(1170.3088803088804, 1803.2239382239381)",Veillonella,0,7752
"(1162.4468085106382, 1993.8829787234042)",TM7,0,7753
"(1166.2903225806451, 674.391129032258)",Leptotrichia,0,7754
"(1165.7519379844962, 888.8914728682171)",Veillonella,0,7755
"(1163.0, 911.1481481481482)",TM7,0,7756
"(1167.6707317073171, 1727.1666666666667)",Corynebacterium,0,7757
"(1163.639534883721, 1944.7441860465117)",Leptotrichia,0,7758
"(1165.1267605633802, 735.1338028169014)",Fusobacterium,0,7759
"(1164.9649122807018, 841.3508771929825)",Porphyromonas,0,7760
"(1163.8709677419354, 929.0537634408602)",Campylobacter,0,7761
"(1163.5416666666667, 1245.611111111111)",TM7,0,7762
"(1162.6727272727273, 1472.9454545454546)",Capnocytophaga,0,7764
"(1162.323076923077, 1566.9846153846154)",Treponema,0,7765
"(1164.012987012987, 787.4025974025974)",Corynebacterium,0,7767
"(1164.0, 974.8428571428572)",Actinomyces,0,7769
"(1165.049180327869, 1140.2622950819673)",Treponema,0,7770
"(1164.5568181818182, 1393.284090909091)",TM7,0,7771
"(1164.3893805309735, 1748.353982300885)",Selenomonas,0,7772
"(1166.546762589928, 1851.3525179856115)",Corynebacterium,0,7773
"(1165.9358974358975, 518.5897435897435)",TM7,0,7775
"(1167.1698113207547, 568.7830188679245)",Lautropia,0,7776
"(1167.6716417910447, 757.0895522388059)",Streptococcus,0,7777
"(1165.5806451612902, 855.241935483871)",Pasteurellaceae,0,7778
"(1170.7210884353742, 1025.0408163265306)",Gemella,0,7780
"(1165.2794117647059, 1115.5735294117646)",Leptotrichia,0,7781
"(1166.6477987421383, 588.5094339622641)",Lautropia,0,7784
"(1170.7472527472528, 1011.3846153846154)",Selenomonas,0,7785
"(1166.2295081967213, 1196.672131147541)",Gemella,0,7786
"(1166.2264150943397, 1453.8867924528302)",Treponema,0,7787
"(1169.990990990991, 1588.6936936936936)",Selenomonas,0,7788
"(1167.1666666666667, 1604.6587301587301)",Leptotrichia,0,7789
"(1170.6629834254143, 1697.4198895027625)",Pasteurellaceae,0,7790
"(1168.4888888888888, 1226.6)",Corynebacterium,0,7791
"(1166.6515151515152, 1648.0)",Rothia,0,7792
"(1171.921568627451, 1663.921568627451)",Lautropia,0,7793
"(1171.3921568627452, 1872.5196078431372)",Capnocytophaga,0,7794
"(1168.2753623188405, 544.1884057971015)",Prevotella,0,7795
"(1170.409090909091, 1091.1477272727273)",Lautropia,0,7796
"(1168.736111111111, 1210.6666666666667)",Actinomyces,0,7798
"(1172.5567010309278, 1783.3711340206185)",Treponema,0,7800
"(1174.8, 1901.1823529411765)",Gemella,0,7801
"(1169.3267326732673, 620.2376237623762)",Campylobacter,0,7802
"(1170.142857142857, 645.1863354037267)",Leptotrichia,0,7803
"(1173.5108695652175, 1269.233695652174)",Selenomonas,0,7804
"(1169.5180722891566, 1466.7590361445782)",Prevotella,0,7805
"(1169.951923076923, 1545.4711538461538)",Capnocytophaga,0,7806
"(1171.4065934065934, 1569.3846153846155)",Leptotrichia,0,7807
"(1171.918181818182, 1637.2727272727273)",Veillonella,0,7808
"(1170.9122807017543, 508.8070175438597)",Pasteurellaceae,0,7809
"(1172.2970297029703, 801.7128712871287)",Veillonella,0,7810
"(1170.7272727272727, 814.5151515151515)",Fusobacterium,0,7811
"(1169.2068965517242, 1528.896551724138)",Rothia,0,7812
"(1171.7943262411347, 470.1843971631206)",TM7,0,7813
"(1173.1458333333333, 528.2291666666666)",TM7,0,7814
"(1171.4455445544554, 713.1980198019802)",TM7,0,7815
"(1172.9292929292928, 1076.4545454545455)",Pasteurellaceae,0,7817
"(1171.5076923076922, 1498.7230769230769)",TM7,0,7818
"(1173.4928571428572, 1836.8642857142856)",Fusobacterium,0,7820
"(1173.2465753424658, 1171.5753424657535)",TM7,0,7821
"(1173.8225806451612, 1403.0)",Lautropia,0,7822
"(1178.48417721519, 1711.496835443038)",Streptococcus,0,7823
"(1180.68, 1932.088888888889)",Capnocytophaga,0,7824
"(1176.98347107438, 1687.603305785124)",TM7,0,7825
"(1174.423076923077, 1916.0641025641025)",Gemella,0,7826
"(1176.1720430107528, 548.1612903225806)",Prevotella,0,7827
"(1179.7251461988303, 695.0526315789474)",Treponema,0,7828
"(1174.7910447761194, 775.6119402985074)",Lautropia,0,7829
"(1175.340206185567, 958.4536082474227)",Treponema,0,7830
"(1177.621301775148, 490.31360946745565)",Corynebacterium,0,7831
"(1175.3529411764705, 1048.4941176470588)",Gemella,0,7832
"(1175.3454545454545, 1241.4363636363637)",Pasteurellaceae,0,7833
"(1176.875968992248, 1481.4263565891472)",Veillonella,0,7834
"(1181.6493506493507, 1962.051948051948)",Veillonella,0,7835
"(1186.3783783783783, 748.8851351351351)",Treponema,0,7836
"(1180.5244755244755, 846.7692307692307)",Rothia,0,7837
"(1176.396551724138, 933.4827586206897)",Capnocytophaga,0,7838
"(1176.6263736263736, 990.5054945054945)",Streptococcus,0,7839
"(1178.197969543147, 1987.6497461928934)",Veillonella,0,7840
"(1178.3333333333333, 822.6555555555556)",Lautropia,0,7841
"(1177.6923076923076, 1748.0)",Lautropia,0,7842
"(1181.6666666666667, 789.1041666666666)",Gemella,0,7844
"(1180.2758620689656, 880.5862068965517)",Leptotrichia,0,7845
"(1180.0, 910.5510204081633)",TM7,0,7846
"(1178.566037735849, 1116.3584905660377)",TM7,0,7847
"(1178.0, 1198.6440677966102)",Leptotrichia,0,7848
"(1178.4957983193278, 1652.8067226890757)",Fusobacterium,0,7850
"(1183.7441860465117, 1727.5697674418604)",Fusobacterium,0,7851
"(1179.0172413793102, 1947.8275862068965)",Veillonella,0,7852
"(1182.1460674157304, 1064.4044943820224)",TM7,0,7853
"(1181.2388059701493, 737.4626865671642)",TM7,0,7854
"(1181.9324324324325, 764.2432432432432)",Gemella,0,7855
"(1181.923076923077, 862.0769230769231)",Leptotrichia,0,7856
"(1186.8461538461538, 1107.7412587412587)",Treponema,0,7857
"(1180.2115384615386, 1536.7307692307693)",TM7,0,7859
"(1181.8686868686868, 1770.060606060606)",Capnocytophaga,0,7860
"(1190.7729083665338, 689.7410358565737)",Streptococcus,0,7861
"(1183.1287128712872, 718.3069306930693)",TM7,0,7862
"(1182.3030303030303, 1508.6666666666667)",Treponema,0,7863
"(1185.1504424778761, 1559.8495575221239)",Capnocytophaga,0,7864
"(1185.3297872340424, 1579.6755319148936)",Corynebacterium,0,7865
"(1183.3456790123457, 664.0370370370371)",Fusobacterium,0,7866
"(1184.2454545454545, 1603.2363636363636)",Lautropia,0,7867
"(1187.0821917808219, 1829.0342465753424)",Lautropia,0,7868
"(1185.059829059829, 1860.3760683760684)",TM7,0,7869
"(1184.0891089108911, 568.980198019802)",Capnocytophaga,0,7870
"(1188.8145695364237, 1129.3708609271523)",TM7,0,7871
"(1184.6068376068376, 1411.7777777777778)",Leptotrichia,0,7872
"(1185.8307692307692, 1623.446153846154)",TM7,0,7873
"(1184.857142857143, 517.4285714285714)",Prevotella,0,7875
"(1186.358208955224, 600.1343283582089)",Lautropia,0,7876
"(1188.3559322033898, 933.7966101694915)",Corynebacterium,0,7877
"(1185.0253164556962, 1006.1898734177215)",Streptococcus,0,7878
"(1194.948905109489, 1221.4452554744526)",Streptococcus,0,7879
"(1185.621212121212, 1232.7575757575758)",Treponema,0,7880
"(1184.9135802469136, 1882.0123456790122)",Veillonella,0,7881
"(1190.2105263157894, 587.280701754386)",Prevotella,0,7882
"(1188.2782608695652, 1045.0608695652174)",Streptococcus,0,7883
"(1188.991416309013, 1695.107296137339)",Veillonella,0,7884
"(1188.6849315068494, 621.4109589041096)",TM7,0,7887
"(1187.141304347826, 974.5760869565217)",Streptococcus,0,7888
"(1190.5985401459855, 1084.036496350365)",Capnocytophaga,0,7889
"(1188.34, 1142.58)",Treponema,0,7890
"(1188.3529411764705, 1157.9176470588236)",Streptococcus,0,7891
"(1187.3823529411766, 1528.1176470588234)",Treponema,0,7892
"(1190.4935064935064, 635.077922077922)",Prevotella,0,7894
"(1189.7710843373493, 810.5180722891566)",Porphyromonas,0,7895
"(1190.4495412844037, 1024.0550458715597)",Leptotrichia,0,7897
"(1189.561797752809, 1186.2359550561798)",Actinomyces,0,7898
"(1192.1517857142858, 1520.982142857143)",Selenomonas,0,7899
"(1192.009708737864, 1895.2427184466019)",Capnocytophaga,0,7900
"(1191.2043010752689, 546.8924731182796)",Rothia,0,7901
"(1190.8227848101267, 1202.367088607595)",Rothia,0,7902
"(1192.2605633802816, 1670.7394366197184)",Corynebacterium,0,7903
"(1194.296442687747, 1714.695652173913)",Corynebacterium,0,7904
"(1192.554347826087, 533.8804347826087)",TM7,0,7905
"(1191.8169014084508, 1060.2957746478874)",Treponema,0,7906
"(1192.358695652174, 1477.195652173913)",Capnocytophaga,0,7907
"(1193.179487179487, 1637.6410256410256)",Lautropia,0,7908
"(1191.828282828283, 1795.5454545454545)",Gemella,0,7909
"(1197.8227424749164, 1914.9899665551839)",Streptococcus,0,7910
"(1195.9098360655737, 774.3688524590164)",TM7,0,7911
"(1193.0735294117646, 995.25)",Treponema,0,7912
"(1192.9868421052631, 1649.0526315789473)",TM7,0,7913
"(1193.629213483146, 1758.685393258427)",Treponema,0,7914
"(1193.989010989011, 490.0659340659341)",TM7,0,7916
"(1197.3306451612902, 509.1209677419355)",Lautropia,0,7917
"(1192.3225806451612, 731.7258064516129)",Prevotella,0,7918
"(1195.1012658227849, 800.7848101265823)",Gemella,0,7919
"(1202.003816793893, 1738.7595419847328)",Streptococcus,0,7921
"(1194.8512396694214, 826.5289256198347)",Streptococcus,0,7922
"(1194.4404761904761, 915.4285714285714)",Corynebacterium,0,7923
"(1195.580357142857, 1174.017857142857)",Lautropia,0,7924
"(1205.9274193548388, 1514.733870967742)",Streptococcus,0,7925
"(1195.2711864406779, 1541.8983050847457)",Treponema,0,7926
"(1200.6545454545455, 569.9333333333333)",TM7,0,7927
"(1196.0326086956522, 1492.5108695652175)",Capnocytophaga,0,7928
"(1199.5151515151515, 1968.4242424242425)",Pasteurellaceae,0,7930
"(1199.4754098360656, 1981.2295081967213)",Capnocytophaga,0,7931
"(1195.5405405405406, 1772.7837837837837)",Pasteurellaceae,0,7933
"(1199.1685393258426, 1953.2134831460673)",Rothia,0,7934
"(1197.6935483870968, 473.6774193548387)",Veillonella,0,7935
"(1198.7551020408164, 605.8673469387755)",Rothia,0,7937
"(1200.3788819875776, 951.2173913043479)",TM7,0,7938
"(1197.36, 1034.5)",Leptotrichia,0,7939
"(1197.3962264150944, 1460.811320754717)",Leptotrichia,0,7940
"(1201.7631578947369, 1869.219298245614)",Capnocytophaga,0,7942
"(1197.9607843137255, 669.0849673202614)",Treponema,0,7943
"(1197.982142857143, 1068.8035714285713)",Gemella,0,7944
"(1201.6136363636363, 1105.1136363636363)",Streptococcus,0,7945
"(1205.4075829383887, 1592.4502369668246)",Veillonella,0,7946
"(1200.6, 1993.5)",Veillonella,0,7948
"(1200.3098591549297, 847.556338028169)",Streptococcus,0,7949
"(1200.6881720430108, 907.7204301075269)",Capnocytophaga,0,7950
"(1200.3513513513512, 1849.918918918919)",TM7,0,7951
"(1204.2992125984251, 1938.6299212598426)",Selenomonas,0,7952
"(1202.7191011235955, 875.2584269662922)",Leptotrichia,0,7953
"(1202.148148148148, 974.641975308642)",TM7,0,7956
"(1203.6067415730338, 1007.0224719101124)",Treponema,0,7957
"(1201.327868852459, 1829.9180327868853)",TM7,0,7958
"(1204.283105022831, 637.324200913242)",TM7,0,7959
"(1211.5487804878048, 992.280487804878)",Leptotrichia,0,7960
"(1207.1656441717791, 1562.3803680981596)",Corynebacterium,0,7961
"(1206.4423076923076, 888.4551282051282)",Leptotrichia,0,7962
"(1207.4653465346535, 1896.6435643564357)",Capnocytophaga,0,7963
"(1208.2, 482.34166666666664)",Corynebacterium,0,7964
"(1204.5454545454545, 736.8961038961039)",Prevotella,0,7965
"(1204.1612903225807, 1121.258064516129)",Leptotrichia,0,7966
"(1204.0253164556962, 1206.2025316455697)",Gemella,0,7967
"(1205.1914893617022, 1478.5)",TM7,0,7968
"(1206.3294117647058, 1654.6)",Pasteurellaceae,0,7969
"(1209.4941176470588, 1797.8882352941177)",Lautropia,0,7970
"(1205.8333333333333, 593.0)",Prevotella,0,7971
"(1204.48, 1676.58)",Treponema,0,7973
"(1207.3037974683543, 749.4556962025316)",Rothia,0,7974
"(1207.4031007751937, 928.5813953488372)",Capnocytophaga,0,7975
"(1213.253846153846, 1577.2769230769231)",Pasteurellaceae,0,7977
"(1208.5657894736842, 1841.7763157894738)",Selenomonas,0,7978
"(1208.969465648855, 504.9770992366412)",Lautropia,0,7979
"(1207.1012658227849, 527.3291139240506)",Fusobacterium,0,7980
"(1215.1607142857142, 556.4166666666666)",Streptococcus,0,7981
"(1209.0826446280992, 1057.0661157024792)",Gemella,0,7982
"(1208.5, 1617.5188679245282)",TM7,0,7983
"(1208.0795454545455, 1696.2954545454545)",Capnocytophaga,0,7984
"(1209.1935483870968, 1749.5483870967741)",Streptococcus,0,7985
"(1208.2784810126582, 1881.4683544303798)",Fusobacterium,0,7986
"(1210.4534161490683, 662.8260869565217)",Streptococcus,0,7987
"(1208.2254901960785, 1153.421568627451)",Leptotrichia,0,7988
"(1210.9007633587787, 1329.8473282442749)",Lautropia,0,7989
"(1214.6770833333333, 1634.6666666666667)",Lautropia,0,7990
"(1216.388392857143, 1778.611607142857)",Leptotrichia,0,7991
"(1211.4336283185842, 454.42477876106193)",Capnocytophaga,0,7992
"(1208.9156626506024, 710.0843373493976)",Corynebacterium,0,7993
"(1212.1030927835052, 795.2268041237113)",TM7,0,7994
"(1210.7362637362637, 720.0)",Capnocytophaga,0,7996
"(1212.4779411764705, 811.6397058823529)",Leptotrichia,0,7997
"(1212.4285714285713, 830.2337662337662)",Leptotrichia,0,7998
"(1211.1864406779662, 1503.5593220338983)",Leptotrichia,0,7999
"(1215.5510204081634, 1726.9438775510205)",Streptococcus,0,8000
"(1214.1834862385322, 865.0091743119266)",Streptococcus,0,8003
"(1212.7777777777778, 1030.6239316239316)",Streptococcus,0,8004
"(1214.0076335877864, 1541.4503816793892)",Lautropia,0,8005
"(1214.456, 1825.104)",Capnocytophaga,0,8006
"(1211.849315068493, 608.4520547945206)",TM7,0,8007
"(1219.4057971014493, 1711.7729468599034)",Leptotrichia,0,8008
"(1212.9642857142858, 578.797619047619)",Fusobacterium,0,8009
"(1214.3260869565217, 687.320652173913)",TM7,0,8010
"(1213.75, 761.7272727272727)",Pasteurellaceae,0,8011
"(1216.4468085106382, 1136.2836879432625)",Streptococcus,0,8012
"(1212.0967741935483, 1678.2096774193549)",Streptococcus,0,8013
"(1214.7628865979382, 964.2577319587629)",Leptotrichia,0,8014
"(1217.8979591836735, 1191.6666666666667)",Streptococcus,0,8015
"(1216.796875, 1489.984375)",Streptococcus,0,8016
"(1217.877358490566, 1931.933962264151)",Corynebacterium,0,8017
"(1216.1797752808989, 541.5056179775281)",Prevotella,0,8018
"(1218.2704402515724, 904.8176100628931)",Capnocytophaga,0,8020
"(1215.3676470588234, 1215.3676470588234)",Leptotrichia,0,8021
"(1223.0983606557377, 1950.1857923497269)",Treponema,0,8022
"(1219.5655737704917, 468.4836065573771)",Corynebacterium,0,8023
"(1225.2966507177034, 771.5406698564593)",Streptococcus,0,8024
"(1219.126126126126, 945.4774774774775)",Campylobacter,0,8025
"(1216.3363636363636, 1094.4727272727273)",Veillonella,0,8027
"(1223.5414364640883, 1169.4419889502763)",Leptotrichia,0,8028
"(1221.0346820809248, 1661.5895953757226)",Corynebacterium,0,8029
"(1218.06, 1854.03)",Actinomyces,0,8030
"(1217.3684210526317, 1902.7894736842106)",Corynebacterium,0,8031
"(1219.1630434782608, 1960.391304347826)",Capnocytophaga,0,8032
"(1233.1767676767677, 641.6515151515151)",Streptococcus,0,8036
"(1219.642857142857, 735.6904761904761)",TM7,0,8037
"(1224.0186335403728, 1019.8322981366459)",Treponema,0,8038
"(1219.041095890411, 1203.3424657534247)",Streptococcus,0,8039
"(1219.378048780488, 1695.8170731707316)",Corynebacterium,0,8040
"(1220.1780821917807, 1973.6849315068494)",Capnocytophaga,0,8041
"(1224.4570135746606, 851.2850678733032)",Leptotrichia,0,8042
"(1222.25, 1122.3173076923076)",Streptococcus,0,8043
"(1219.7610619469026, 1991.3274336283187)",Veillonella,0,8044
"(1222.050847457627, 528.5084745762712)",Corynebacterium,0,8045
"(1221.5470085470085, 1606.2051282051282)",Fusobacterium,0,8046
"(1221.2962962962963, 1874.7037037037037)",TM7,0,8048
"(1222.986111111111, 1753.7777777777778)",Treponema,0,8050
"(1223.49, 1912.31)",Selenomonas,0,8051
"(1223.734693877551, 487.66326530612247)",Prevotella,0,8052
"(1229.9312977099237, 889.0076335877862)",Corynebacterium,0,8053
"(1226.435582822086, 921.6441717791411)",Capnocytophaga,0,8054
"(1223.5688073394494, 1060.5963302752293)",Leptotrichia,0,8055
"(1225.3921568627452, 1152.950980392157)",Streptococcus,0,8057
"(1223.4647887323943, 1810.380281690141)",Prevotella,0,8058
"(1224.4857142857143, 505.15714285714284)",Prevotella,0,8060
"(1225.712962962963, 582.3148148148148)",TM7,0,8061
"(1224.2823529411764, 750.2823529411764)",Streptococcus,0,8062
"(1225.6883116883116, 1888.012987012987)",Selenomonas,0,8063
"(1225.0, 671.3978494623656)",Leptotrichia,0,8064
"(1225.9065420560748, 1620.1682242990655)",Treponema,0,8066
"(1234.47131147541, 1742.3032786885246)",Leptotrichia,0,8067
"(1229.438775510204, 721.0867346938776)",Streptococcus,0,8069
"(1229.3809523809523, 953.0238095238095)",Capnocytophaga,0,8070
"(1227.25, 1561.0666666666666)",Capnocytophaga,0,8071
"(1226.8461538461538, 1672.9615384615386)",TM7,0,8072
"(1227.7954545454545, 1684.5681818181818)",Corynebacterium,0,8073
"(1228.7, 514.7625)",Corynebacterium,0,8074
"(1231.120253164557, 1762.6708860759493)",Streptococcus,0,8075
"(1227.2962962962963, 653.925925925926)",Treponema,0,8076
"(1229.2325581395348, 801.6627906976744)",Veillonella,0,8077
"(1232.7704081632653, 1007.015306122449)",Pasteurellaceae,0,8078
"(1232.5980392156862, 1643.735294117647)",Corynebacterium,0,8079
"(1231.5221238938052, 613.4159292035398)",Lautropia,0,8080
"(1237.8579881656806, 467.9556213017751)",Streptococcus,0,8082
"(1230.4150943396226, 567.5094339622641)",Corynebacterium,0,8083
"(1233.4329268292684, 831.3963414634146)",Lautropia,0,8084
"(1230.2474226804125, 1040.8969072164948)",Leptotrichia,0,8085
"(1233.6509433962265, 703.811320754717)",TM7,0,8086
"(1231.4642857142858, 962.125)",Capnocytophaga,0,8087
"(1238.9895833333333, 497.171875)",TM7,0,8088
"(1238.9634551495017, 553.5481727574751)",Streptococcus,0,8089
"(1233.464, 1078.792)",Streptococcus,0,8090
"(1233.8266666666666, 1867.92)",TM7,0,8092
"(1236.081081081081, 861.472972972973)",Leptotrichia,0,8093
"(1236.6363636363637, 1210.192513368984)",Streptococcus,0,8096
"(1235.8961038961038, 579.4675324675325)",Corynebacterium,0,8097
"(1233.95, 1099.4333333333334)",Treponema,0,8098
"(1233.888888888889, 1179.126984126984)",Fusobacterium,0,8100
"(1234.8666666666666, 1408.9666666666667)",Leptotrichia,0,8101
"(1234.6129032258063, 1589.508064516129)",Prevotella,0,8102
"(1235.06, 1817.17)",Capnocytophaga,0,8103
"(1233.2205882352941, 1854.985294117647)",Prevotella,0,8104
"(1236.2777777777778, 1899.0185185185185)",Leptotrichia,0,8105
"(1235.9166666666667, 875.0833333333334)",Streptococcus,0,8106
"(1235.055944055944, 1384.4055944055945)",Veillonella,0,8107
"(1236.868131868132, 1839.6483516483515)",Pasteurellaceae,0,8108
"(1235.5584415584415, 1994.4935064935064)",Gemella,0,8109
"(1238.7272727272727, 596.9090909090909)",TM7,0,8110
"(1235.9375, 908.796875)",Capnocytophaga,0,8111
"(1238.6031746031747, 1144.920634920635)",Streptococcus,0,8113
"(1237.3709677419354, 1776.4516129032259)",Gemella,0,8114
"(1236.9259259259259, 1975.9876543209878)",Treponema,0,8115
"(1237.0958904109589, 1427.0821917808219)",Campylobacter,0,8117
"(1244.280991735537, 1691.8264462809918)",Streptococcus,0,8118
"(1240.7522935779816, 1880.1743119266055)",Capnocytophaga,0,8119
"(1238.0731707317073, 1938.1097560975609)",Veillonella,0,8120
"(1242.5766423357663, 1133.934306569343)",Streptococcus,0,8121
"(1239.513966480447, 1796.4972067039107)",Gemella,0,8122
"(1245.341836734694, 1925.6938775510205)",Treponema,0,8123
"(1246.078313253012, 522.5903614457832)",Leptotrichia,0,8124
"(1240.7878787878788, 666.060606060606)",Streptococcus,0,8125
"(1240.1097560975609, 686.3780487804878)",Lautropia,0,8126
"(1240.3191489361702, 747.4255319148937)",Prevotella,0,8127
"(1242.247619047619, 788.3142857142857)",Capnocytophaga,0,8128
"(1245.5403726708075, 1905.0372670807453)",Leptotrichia,0,8129
"(1244.2368421052631, 894.359649122807)",Capnocytophaga,0,8130
"(1241.528, 980.992)",Veillonella,0,8131
"(1241.873417721519, 1560.9493670886077)",TM7,0,8133
"(1245.19723183391, 1668.107266435986)",Leptotrichia,0,8134
"(1242.4324324324325, 811.9459459459459)",Prevotella,0,8135
"(1242.7866666666666, 848.2933333333333)",Streptococcus,0,8136
"(1242.9814814814815, 1030.0925925925926)",Rothia,0,8137
"(1245.9811320754718, 1049.4716981132076)",Treponema,0,8138
"(1244.0061728395062, 1610.7654320987654)",Lautropia,0,8139
"(1242.418181818182, 1635.9818181818182)",Rothia,0,8140
"(1243.3456790123457, 924.1481481481482)",Pasteurellaceae,0,8141
"(1243.8101265822784, 941.0379746835443)",Pasteurellaceae,0,8142
"(1244.8865979381444, 996.1855670103092)",Pasteurellaceae,0,8143
"(1244.73417721519, 1058.632911392405)",Streptococcus,0,8144
"(1244.904761904762, 1587.5714285714287)",Rothia,0,8145
"(1245.82, 624.39)",Corynebacterium,0,8146
"(1244.9615384615386, 1066.1666666666667)",Treponema,0,8147
"(1244.530612244898, 1100.4591836734694)",Leptotrichia,0,8148
"(1245.0, 1174.2727272727273)",Capnocytophaga,0,8149
"(1244.561797752809, 1573.5056179775281)",Fusobacterium,0,8150
"(1248.4846153846154, 764.1846153846154)",Prevotella,0,8151
"(1247.4205128205128, 958.5282051282052)",Selenomonas,0,8152
"(1246.2261904761904, 1194.9761904761904)",TM7,0,8153
"(1246.563025210084, 1952.873949579832)",Treponema,0,8154
"(1249.4920634920634, 607.8968253968254)",Corynebacterium,0,8156
"(1260.5494505494505, 1408.565934065934)",Streptococcus,0,8157
"(1248.8467741935483, 1854.3870967741937)",TM7,0,8158
"(1251.807453416149, 1395.5900621118012)",Capnocytophaga,0,8159
"(1248.68, 1827.77)",Capnocytophaga,0,8160
"(1247.6101694915253, 732.9661016949152)",Prevotella,0,8161
"(1247.4603174603174, 1163.2222222222222)",Prevotella,0,8162
"(1248.9302325581396, 1337.2790697674418)",Streptococcus,0,8163
"(1249.5352112676057, 1628.9718309859154)",Lautropia,0,8164
"(1247.622641509434, 1081.377358490566)",Streptococcus,0,8165
"(1249.187969924812, 1372.0827067669172)",Veillonella,0,8166
"(1250.0285714285715, 722.4285714285714)",TM7,0,8167
"(1251.2272727272727, 1010.5113636363636)",Prevotella,0,8168
"(1252.060606060606, 1754.5454545454545)",Treponema,0,8169
"(1251.1311475409836, 1773.2131147540983)",TM7,0,8170
"(1256.180790960452, 1888.6101694915253)",Selenomonas,0,8171
"(1252.2371134020618, 699.8350515463917)",Capnocytophaga,0,8172
"(1252.4197530864199, 745.358024691358)",Pasteurellaceae,0,8173
"(1252.8275862068965, 866.5862068965517)",Streptococcus,0,8174
"(1251.7524752475247, 1433.7029702970297)",Streptococcus,0,8175
"(1256.6964285714287, 585.5416666666666)",Streptococcus,0,8176
"(1254.2643678160919, 803.6551724137931)",Prevotella,0,8177
"(1252.641791044776, 880.2537313432836)",Treponema,0,8178
"(1254.6802325581396, 1116.3953488372092)",Streptococcus,0,8179
"(1252.6607142857142, 1134.982142857143)",Streptococcus,0,8180
"(1252.9135802469136, 1213.283950617284)",Streptococcus,0,8181
"(1252.4, 1732.1333333333334)",Actinomyces,0,8182
"(1253.8428571428572, 1785.3857142857144)",Corynebacterium,0,8183
"(1257.3146853146852, 681.916083916084)",Lautropia,0,8184
"(1259.0865051903115, 1804.9204152249135)",TM7,0,8185
"(1254.904761904762, 1970.8857142857144)",Gemella,0,8186
"(1255.9243697478992, 835.0840336134454)",Streptococcus,0,8187
"(1254.078947368421, 1646.6184210526317)",Lautropia,0,8188
"(1254.0615384615385, 661.8)",Leptotrichia,0,8189
"(1254.8170731707316, 1591.8170731707316)",Pasteurellaceae,0,8190
"(1261.9299363057326, 783.547770700637)",Leptotrichia,0,8191
"(1256.2285714285715, 852.9142857142857)",Streptococcus,0,8192
"(1255.482142857143, 931.5714285714286)",Treponema,0,8193
"(1256.5169491525423, 976.2627118644068)",Gemella,0,8194
"(1258.8240740740741, 1156.4814814814815)",TM7,0,8195
"(1259.75, 1027.846590909091)",TM7,0,8197
"(1257.0114942528735, 1094.8505747126437)",Streptococcus,0,8198
"(1257.5098039215686, 1631.686274509804)",Prevotella,0,8199
"(1257.9661016949153, 637.4406779661017)",TM7,0,8200
"(1257.463768115942, 907.5072463768116)",Treponema,0,8201
"(1258.7777777777778, 1070.2698412698412)",Treponema,0,8202
"(1262.901185770751, 1665.0158102766798)",Streptococcus,0,8204
"(1264.896174863388, 727.2841530054645)",Prevotella,0,8205
"(1269.827205882353, 1140.9595588235295)",Streptococcus,0,8207
"(1261.6535433070867, 1055.5039370078741)",Streptococcus,0,8209
"(1261.5045045045044, 995.6126126126126)",Treponema,0,8211
"(1264.5849056603774, 1717.874213836478)",Streptococcus,0,8212
"(1266.264705882353, 1936.0588235294117)",Selenomonas,0,8213
"(1263.964705882353, 649.7529411764706)",Veillonella,0,8214
"(1262.5277777777778, 1767.6666666666667)",Capnocytophaga,0,8215
"(1266.9160839160838, 1826.8671328671328)",Capnocytophaga,0,8216
"(1262.0, 1949.158536585366)",Campylobacter,0,8217
"(1266.1985294117646, 1738.139705882353)",Capnocytophaga,0,8218
"(1267.05, 764.96)",Selenomonas,0,8219
"(1264.445945945946, 1237.5)",Streptococcus,0,8221
"(1264.52, 1333.88)",Lautropia,0,8222
"(1265.8793103448277, 1353.155172413793)",Selenomonas,0,8223
"(1264.7692307692307, 921.5576923076923)",Treponema,0,8224
"(1266.6206896551723, 1245.6781609195402)",Leptotrichia,0,8225
"(1265.6354166666667, 1294.1458333333333)",Leptotrichia,0,8226
"(1267.3406593406594, 624.6923076923077)",TM7,0,8228
"(1265.2745098039215, 879.5882352941177)",Streptococcus,0,8229
"(1266.9577464788733, 938.056338028169)",Corynebacterium,0,8230
"(1266.1494252873563, 1221.9540229885058)",Leptotrichia,0,8231
"(1267.0229885057472, 1368.9540229885058)",Selenomonas,0,8232
"(1271.0740740740741, 1425.0925925925926)",Prevotella,0,8233
"(1269.9714285714285, 1608.5071428571428)",Capnocytophaga,0,8234
"(1265.65, 1621.65)",Capnocytophaga,0,8235
"(1266.2868852459017, 1963.1311475409836)",Capnocytophaga,0,8236
"(1266.1833333333334, 663.45)",Lautropia,0,8238
"(1267.7887323943662, 1911.887323943662)",Capnocytophaga,0,8240
"(1271.0315789473684, 601.2473684210527)",Leptotrichia,0,8241
"(1269.4941860465117, 958.546511627907)",Leptotrichia,0,8242
"(1271.7448979591836, 1048.0714285714287)",Streptococcus,0,8243
"(1270.5597014925372, 1636.7089552238806)",Corynebacterium,0,8244
"(1276.3255813953488, 1707.2732558139535)",Streptococcus,0,8245
"(1274.865, 681.13)",Capnocytophaga,0,8247
"(1278.4278606965174, 742.3532338308457)",Prevotella,0,8248
"(1270.1733333333334, 980.28)",Lautropia,0,8249
"(1272.0709677419354, 1004.4645161290323)",Treponema,0,8250
"(1269.3461538461538, 1686.179487179487)",Lautropia,0,8251
"(1270.3714285714286, 1032.3428571428572)",Streptococcus,0,8253
"(1270.1549295774648, 1088.4788732394366)",Streptococcus,0,8254
"(1277.574879227053, 1099.0144927536232)",Leptotrichia,0,8255
"(1270.3809523809523, 1165.4603174603174)",Capnocytophaga,0,8256
"(1272.5393258426966, 1776.438202247191)",TM7,0,8257
"(1271.662162162162, 892.0)",Leptotrichia,0,8258
"(1271.990476190476, 908.6952380952381)",Streptococcus,0,8259
"(1272.625, 1380.625)",Capnocytophaga,0,8260
"(1272.469135802469, 1867.530864197531)",Capnocytophaga,0,8263
"(1274.0, 701.4588235294118)",Prevotella,0,8264
"(1274.3333333333333, 1792.126984126984)",Veillonella,0,8265
"(1273.54, 1888.88)",Fusobacterium,0,8266
"(1276.4871794871794, 635.6538461538462)",TM7,0,8267
"(1276.234375, 1876.984375)",Campylobacter,0,8269
"(1278.7444444444445, 862.4111111111112)",Leptotrichia,0,8270
"(1276.3854166666667, 1069.2083333333333)",Streptococcus,0,8271
"(1290.5021459227469, 1128.0042918454935)",Streptococcus,0,8272
"(1280.125, 1755.0740740740741)",Streptococcus,0,8274
"(1278.5578947368422, 1843.0631578947368)",Capnocytophaga,0,8275
"(1277.6538461538462, 1996.8076923076924)",Veillonella,0,8276
"(1279.7727272727273, 656.8909090909091)",TM7,0,8277
"(1279.5217391304348, 792.9021739130435)",Streptococcus,0,8278
"(1283.9692307692308, 1928.7692307692307)",Lautropia,0,8279
"(1281.1491712707182, 1947.745856353591)",Streptococcus,0,8280
"(1279.4423076923076, 1986.826923076923)",TM7,0,8281
"(1283.2727272727273, 614.5123966942149)",Capnocytophaga,0,8282
"(1287.2246376811595, 1284.376811594203)",Veillonella,0,8283
"(1280.2133333333334, 1657.4)",Lautropia,0,8284
"(1281.875, 1732.0288461538462)",Capnocytophaga,0,8285
"(1279.758064516129, 1821.6451612903227)",TM7,0,8286
"(1283.4173228346456, 1969.0393700787401)",Capnocytophaga,0,8287
"(1285.0828025477706, 773.7324840764331)",Prevotella,0,8288
"(1282.0666666666666, 943.45)",Lautropia,0,8289
"(1285.2972972972973, 1441.6081081081081)",Lautropia,0,8290
"(1281.2314814814815, 1905.648148148148)",Leptotrichia,0,8291
"(1281.78, 1644.6)",Lautropia,0,8292
"(1282.516129032258, 1799.3655913978494)",TM7,0,8293
"(1283.88, 875.6133333333333)",Streptococcus,0,8294
"(1283.084745762712, 1460.406779661017)",TM7,0,8295
"(1282.546875, 1694.1875)",Leptotrichia,0,8296
"(1284.4545454545455, 896.4090909090909)",Leptotrichia,0,8298
"(1286.2037914691944, 961.7914691943128)",Streptococcus,0,8299
"(1285.25, 993.9333333333333)",Lautropia,0,8300
"(1284.5483870967741, 1173.6451612903227)",Prevotella,0,8302
"(1289.1258741258741, 1402.2167832167831)",TM7,0,8303
"(1288.926380368098, 1779.4723926380368)",TM7,0,8304
"(1295.10407239819, 1881.3891402714933)",Capnocytophaga,0,8305
"(1285.1176470588234, 912.9058823529411)",Treponema,0,8306
"(1286.225806451613, 930.2043010752689)",Treponema,0,8307
"(1289.478527607362, 1470.0858895705521)",Selenomonas,0,8308
"(1289.0970873786407, 1669.6407766990292)",Veillonella,0,8309
"(1286.9313725490197, 1812.450980392157)",TM7,0,8310
"(1288.2359550561798, 754.2359550561798)",Prevotella,0,8311
"(1290.838028169014, 1006.5422535211268)",Fusobacterium,0,8312
"(1287.4492753623188, 1024.608695652174)",Leptotrichia,0,8313
"(1300.3186813186812, 1904.3827838827838)",Streptococcus,0,8314
"(1293.944, 1841.568)",Corynebacterium,0,8316
"(1289.438202247191, 1858.6067415730338)",TM7,0,8317
"(1297.2823129251701, 634.8673469387755)",Treponema,0,8319
"(1297.0448717948718, 723.775641025641)",Veillonella,0,8320
"(1290.7288135593221, 1146.9661016949153)",Lautropia,0,8321
"(1292.2952380952381, 1685.2190476190476)",Veillonella,0,8322
"(1294.4270833333333, 1865.1145833333333)",Gemella,0,8323
"(1292.8, 1633.9666666666667)",Leptotrichia,0,8324
"(1293.6, 1295.6941176470589)",Capnocytophaga,0,8325
"(1297.6938775510205, 1307.2551020408164)",Campylobacter,0,8326
"(1292.1833333333334, 1420.45)",Treponema,0,8327
"(1293.728, 1953.832)",Pasteurellaceae,0,8328
"(1295.2671755725191, 704.8625954198474)",TM7,0,8329
"(1295.8333333333333, 1721.7261904761904)",Prevotella,0,8330
"(1295.55, 1991.2833333333333)",Leptotrichia,0,8331
"(1301.15, 679.64375)",Rothia,0,8333
"(1300.6652360515022, 906.6738197424893)",Streptococcus,0,8334
"(1298.8118811881188, 1649.6930693069307)",TM7,0,8335
"(1297.7333333333333, 1738.0555555555557)",TM7,0,8336
"(1297.3684210526317, 1930.7894736842106)",Veillonella,0,8337
"(1309.1540697674418, 792.296511627907)",Leptotrichia,0,8338
"(1297.1553398058252, 885.8252427184466)",Treponema,0,8339
"(1300.144578313253, 1769.710843373494)",Capnocytophaga,0,8340
"(1305.3288590604027, 870.6442953020135)",Streptococcus,0,8342
"(1301.3265306122448, 984.1734693877551)",TM7,0,8344
"(1299.2, 1661.3454545454545)",Pasteurellaceae,0,8345
"(1298.4356435643565, 1699.2574257425742)",Veillonella,0,8346
"(1298.4666666666667, 1805.0)",Fusobacterium,0,8347
"(1300.017543859649, 1010.3508771929825)",Rothia,0,8348
"(1299.5392156862745, 1190.2156862745098)",Gemella,0,8349
"(1303.3055555555557, 1823.7777777777778)",Veillonella,0,8350
"(1303.0049504950496, 617.5990099009902)",Streptococcus,0,8351
"(1300.4794520547946, 770.7123287671233)",Pasteurellaceae,0,8352
"(1301.3235294117646, 926.1470588235294)",Treponema,0,8353
"(1300.8695652173913, 1270.858695652174)",Porphyromonas,0,8354
"(1302.5625, 1435.6180555555557)",Selenomonas,0,8355
"(1301.4782608695652, 1480.804347826087)",Treponema,0,8356
"(1301.7285714285715, 1753.8642857142856)",Veillonella,0,8357
"(1300.037037037037, 1967.9074074074074)",TM7,0,8359
"(1308.453125, 1387.15625)",Treponema,0,8360
"(1302.5, 659.225)",TM7,0,8361
"(1303.4384615384615, 963.9076923076923)",Treponema,0,8362
"(1304.8279569892472, 734.741935483871)",Prevotella,0,8363
"(1304.39, 1144.18)",Prevotella,0,8364
"(1306.104347826087, 1165.3826086956522)",Fusobacterium,0,8366
"(1306.1049382716049, 1408.8086419753085)",TM7,0,8367
"(1305.5977011494253, 1024.7931034482758)",Treponema,0,8368
"(1308.090909090909, 1710.2272727272727)",Pasteurellaceae,0,8369
"(1307.2, 1941.1333333333334)",Fusobacterium,0,8370
"(1316.5750915750916, 765.7289377289377)",Leptotrichia,0,8371
"(1308.4864864864865, 1316.162162162162)",Selenomonas,0,8372
"(1309.9450549450548, 1843.934065934066)",Capnocytophaga,0,8373
"(1311.6193548387096, 946.5677419354839)",Leptotrichia,0,8374
"(1310.0135135135135, 993.5675675675676)",Streptococcus,0,8375
"(1309.3756345177665, 1683.46192893401)",Pasteurellaceae,0,8376
"(1308.5487804878048, 1731.3902439024391)",Capnocytophaga,0,8377
"(1311.144578313253, 1977.9096385542168)",Corynebacterium,0,8378
"(1314.5964125560538, 1781.439461883408)",Leptotrichia,0,8380
"(1310.622807017544, 1862.0263157894738)",Selenomonas,0,8381
"(1308.9716981132076, 1954.3962264150944)",Capnocytophaga,0,8382
"(1310.063492063492, 856.7619047619048)",Streptococcus,0,8383
"(1310.1311475409836, 1799.4426229508197)",Veillonella,0,8384
"(1314.7543859649122, 609.9736842105264)",Leptotrichia,0,8385
"(1315.8846153846155, 693.4307692307692)",TM7,0,8386
"(1315.493670886076, 709.6518987341772)",Pasteurellaceae,0,8387
"(1317.188596491228, 924.0087719298245)",Treponema,0,8388
"(1313.21, 1182.12)",TM7,0,8389
"(1319.8547717842323, 1921.414937759336)",Streptococcus,0,8390
"(1311.701754385965, 891.2631578947369)",Prevotella,0,8391
"(1314.368932038835, 1299.504854368932)",Treponema,0,8392
"(1314.0, 1660.0089285714287)",Pasteurellaceae,0,8393
"(1314.0444444444445, 1874.2555555555555)",Corynebacterium,0,8395
"(1312.984375, 656.09375)",Corynebacterium,0,8396
"(1315.2830188679245, 1006.3962264150944)",TM7,0,8397
"(1317.5125, 1147.8625)",Capnocytophaga,0,8398
"(1315.5862068965516, 670.0689655172414)",Lautropia,0,8399
"(1316.5686274509803, 961.0588235294117)",Treponema,0,8400
"(1318.4435146443514, 1057.326359832636)",Streptococcus,0,8401
"(1332.9794238683128, 1759.9135802469136)",Treponema,0,8402
"(1319.8659793814434, 1989.8453608247423)",Fusobacterium,0,8403
"(1316.7796610169491, 638.271186440678)",Treponema,0,8404
"(1317.513274336283, 742.3451327433628)",TM7,0,8405
"(1317.8469387755101, 977.765306122449)",Prevotella,0,8406
"(1318.354609929078, 1353.4822695035461)",Selenomonas,0,8407
"(1321.8680555555557, 1746.9722222222222)",Treponema,0,8408
"(1316.2898550724638, 1809.8985507246377)",Gemella,0,8409
"(1319.1298701298701, 1032.8311688311687)",Gemella,0,8412
"(1322.5901639344263, 1904.1065573770493)",Capnocytophaga,0,8414
"(1323.8532110091744, 678.2110091743119)",Capnocytophaga,0,8415
"(1325.5263157894738, 857.8684210526316)",Streptococcus,0,8416
"(1321.71875, 1212.015625)",Treponema,0,8417
"(1324.5344129554655, 1937.2064777327935)",Streptococcus,0,8418
"(1322.7349397590363, 846.0120481927711)",Treponema,0,8419
"(1325.0514285714285, 905.7142857142857)",Prevotella,0,8420
"(1324.0579710144928, 887.0434782608696)",TM7,0,8421
"(1330.8346456692914, 1143.6456692913387)",Rothia,0,8422
"(1324.8777777777777, 1370.7777777777778)",Lautropia,0,8423
"(1323.0, 1723.246153846154)",Treponema,0,8424
"(1330.6682464454977, 1957.5355450236966)",Corynebacterium,0,8426
"(1327.4140127388534, 1424.5668789808917)",Capnocytophaga,0,8427
"(1330.563829787234, 1855.7659574468084)",Veillonella,0,8428
"(1326.73417721519, 869.7848101265823)",Capnocytophaga,0,8429
"(1326.6463414634147, 1198.9634146341464)",Corynebacterium,0,8430
"(1331.3714285714286, 1881.8285714285714)",Gemella,0,8432
"(1327.2823529411764, 1020.3176470588236)",Prevotella,0,8433
"(1333.4550561797753, 659.2528089887641)",Leptotrichia,0,8434
"(1328.4722222222222, 755.0833333333334)",Leptotrichia,0,8435
"(1330.1136363636363, 989.9848484848485)",Lautropia,0,8436
"(1328.6438356164383, 1187.5616438356165)",Pasteurellaceae,0,8437
"(1329.5901639344263, 1325.4754098360656)",Gemella,0,8438
"(1329.9315068493152, 791.1917808219179)",Lautropia,0,8439
"(1329.1, 945.4727272727273)",Streptococcus,0,8440
"(1334.9296875, 1075.2421875)",Streptococcus,0,8441
"(1329.1851851851852, 1177.148148148148)",Rothia,0,8442
"(1328.1090909090908, 1803.7272727272727)",Lautropia,0,8443
"(1332.2142857142858, 1824.642857142857)",Veillonella,0,8444
"(1332.2568807339449, 1837.9174311926606)",TM7,0,8445
"(1330.2441860465117, 1975.3139534883721)",Treponema,0,8446
"(1330.2790697674418, 728.9302325581396)",TM7,0,8447
"(1333.4761904761904, 1699.8231292517007)",Capnocytophaga,0,8448
"(1335.5857142857142, 972.4357142857143)",Treponema,0,8449
"(1331.0853658536585, 1784.7317073170732)",Selenomonas,0,8450
"(1335.1089108910892, 1164.950495049505)",Prevotella,0,8451
"(1332.8157894736842, 1302.8026315789473)",Capnocytophaga,0,8452
"(1334.6126126126126, 1798.126126126126)",Pasteurellaceae,0,8453
"(1333.1604938271605, 739.9382716049382)",Rothia,0,8454
"(1335.3584905660377, 713.877358490566)",Streptococcus,0,8455
"(1334.4363636363637, 692.7636363636364)",Veillonella,0,8457
"(1334.6913580246915, 764.1728395061729)",Lautropia,0,8458
"(1338.7079646017698, 776.5840707964602)",Lautropia,0,8459
"(1335.0813953488373, 1034.3953488372092)",Capnocytophaga,0,8460
"(1336.203539823009, 1056.787610619469)",TM7,0,8461
"(1335.763888888889, 883.6388888888889)",Prevotella,0,8462
"(1336.2755102040817, 1722.561224489796)",Pasteurellaceae,0,8464
"(1338.0104166666667, 1738.9375)",Corynebacterium,0,8465
"(1336.5588235294117, 1992.9705882352941)",Leptotrichia,0,8466
"(1342.7881355932204, 1129.042372881356)",Leptotrichia,0,8467
"(1337.493670886076, 1361.26582278481)",Lautropia,0,8469
"(1337.2716049382716, 1895.7407407407406)",TM7,0,8470
"(1339.6031746031747, 1290.063492063492)",Prevotella,0,8471
"(1340.4583333333333, 1348.375)",Lautropia,0,8472
"(1342.8267716535433, 1813.244094488189)",TM7,0,8473
"(1339.016129032258, 1923.0645161290322)",Veillonella,0,8474
"(1341.3838383838383, 849.4141414141415)",Fusobacterium,0,8475
"(1341.0714285714287, 681.4714285714285)",Veillonella,0,8476
"(1346.5196850393702, 1011.7047244094488)",Treponema,0,8477
"(1342.3037974683543, 698.7215189873418)",Capnocytophaga,0,8479
"(1345.1022727272727, 877.7045454545455)",Fusobacterium,0,8481
"(1341.9583333333333, 1274.9583333333333)",Prevotella,0,8482
"(1348.0378787878788, 1851.75)",Corynebacterium,0,8483
"(1343.7636363636364, 1970.1090909090908)",Leptotrichia,0,8484
"(1348.1397849462367, 930.747311827957)",Leptotrichia,0,8485
"(1351.0414937759335, 1189.4066390041494)",Streptococcus,0,8487
"(1349.8120805369128, 1145.3825503355704)",TM7,0,8488
"(1345.575, 1934.2125)",Capnocytophaga,0,8490
"(1347.4366197183099, 891.112676056338)",Neisseriaceae,0,8491
"(1349.6545454545455, 1872.321212121212)",Corynebacterium,0,8492
"(1349.891304347826, 736.5579710144928)",Corynebacterium,0,8493
"(1349.1347517730496, 757.9148936170212)",Capnocytophaga,0,8494
"(1347.1341463414635, 1041.219512195122)",Gemella,0,8495
"(1349.3804347826087, 1771.6521739130435)",TM7,0,8496
"(1348.4367816091954, 1789.7241379310344)",TM7,0,8497
"(1350.8129032258064, 1979.8451612903225)",Streptococcus,0,8498
"(1348.77868852459, 958.8524590163935)",TM7,0,8499
"(1349.280487804878, 1168.8170731707316)",TM7,0,8500
"(1349.09900990099, 1296.0594059405942)",Prevotella,0,8501
"(1352.3565217391304, 988.4782608695652)",Treponema,0,8504
"(1349.6666666666667, 1335.948717948718)",Leptotrichia,0,8505
"(1349.7777777777778, 1905.75)",Veillonella,0,8506
"(1353.0229885057472, 675.0229885057471)",Lautropia,0,8507
"(1351.0824742268042, 811.8041237113403)",Lautropia,0,8508
"(1351.0714285714287, 862.0428571428571)",TM7,0,8509
"(1351.568345323741, 1067.1654676258993)",Leptotrichia,0,8510
"(1351.842105263158, 1262.9263157894736)",Prevotella,0,8511
"(1358.454054054054, 1358.4324324324325)",Treponema,0,8512
"(1353.5963302752293, 1711.9724770642201)",Capnocytophaga,0,8513
"(1351.2534246575342, 716.2534246575342)",Lautropia,0,8514
"(1351.357142857143, 1919.732142857143)",Treponema,0,8515
"(1354.5438596491229, 786.421052631579)",Prevotella,0,8516
"(1353.144578313253, 845.3855421686746)",Corynebacterium,0,8517
"(1356.96, 1243.4866666666667)",Rothia,0,8519
"(1355.605633802817, 1942.2112676056338)",Capnocytophaga,0,8521
"(1358.3259668508288, 557.1436464088398)",Selenomonas,0,8522
"(1354.2156862745098, 1030.4705882352941)",TM7,0,8523
"(1356.0298507462687, 1734.8432835820895)",Capnocytophaga,0,8524
"(1355.2434782608696, 1955.9478260869564)",Treponema,0,8525
"(1355.84, 1111.1)",Streptococcus,0,8526
"(1355.235294117647, 1277.078431372549)",Pasteurellaceae,0,8527
"(1358.045871559633, 1821.788990825688)",Gemella,0,8528
"(1356.9310344827586, 1800.0172413793102)",Veillonella,0,8529
"(1361.0461538461539, 1130.4307692307693)",Streptococcus,0,8530
"(1359.8108108108108, 1751.554054054054)",Gemella,0,8531
"(1360.858208955224, 898.9328358208955)",Fusobacterium,0,8532
"(1362.8260869565217, 1091.891304347826)",Lautropia,0,8534
"(1362.9367088607594, 802.7341772151899)",Lautropia,0,8535
"(1364.1311475409836, 828.7377049180328)",Capnocytophaga,0,8536
"(1363.5238095238096, 920.484126984127)",Streptococcus,0,8537
"(1362.1489361702127, 945.7340425531914)",TM7,0,8538
"(1361.7876712328766, 1066.6849315068494)",Streptococcus,0,8539
"(1362.7093023255813, 1839.3662790697674)",Corynebacterium,0,8540
"(1366.8578947368421, 881.6894736842105)",Streptococcus,0,8541
"(1363.1538461538462, 1931.8)",Selenomonas,0,8542
"(1367.7289156626507, 966.6385542168674)",TM7,0,8543
"(1364.7659574468084, 1012.7978723404256)",TM7,0,8544
"(1367.1397849462367, 1783.8387096774193)",Treponema,0,8545
"(1365.9137931034484, 1766.8879310344828)",Fusobacterium,0,8548
"(1364.2931034482758, 1909.2672413793102)",Streptococcus,0,8549
"(1365.16, 856.76)",Treponema,0,8550
"(1368.2244897959183, 868.4795918367347)",Streptococcus,0,8551
"(1369.2436974789916, 1030.0672268907563)",Treponema,0,8553
"(1374.9839572192514, 1284.0802139037432)",Corynebacterium,0,8554
"(1367.25, 1811.5)",TM7,0,8555
"(1373.825958702065, 1864.3510324483775)",Streptococcus,0,8556
"(1372.0521739130436, 1961.4695652173914)",Capnocytophaga,0,8557
"(1372.5061728395062, 712.2469135802469)",Treponema,0,8558
"(1370.3623188405797, 843.6666666666666)",TM7,0,8559
"(1370.3008849557523, 987.1946902654868)",Veillonella,0,8560
"(1369.7283950617284, 1976.8024691358025)",Porphyromonas,0,8561
"(1373.251572327044, 1117.9622641509434)",Lautropia,0,8562
"(1372.2967032967033, 1327.989010989011)",Streptococcus,0,8563
"(1375.2988505747126, 1727.3735632183907)",Leptotrichia,0,8564
"(1369.6290322580646, 1742.1129032258063)",Gemella,0,8565
"(1372.6617647058824, 785.2573529411765)",Rothia,0,8566
"(1378.9198113207547, 1710.0235849056603)",Streptococcus,0,8567
"(1372.1931818181818, 1793.0227272727273)",Lautropia,0,8568
"(1372.1, 1886.34)",Gemella,0,8569
"(1392.8086956521738, 1051.176811594203)",Streptococcus,0,8570
"(1372.22, 1173.14)",Selenomonas,0,8571
"(1372.3048780487804, 1185.0)",Fusobacterium,0,8572
"(1373.1858407079646, 1201.1681415929204)",Capnocytophaga,0,8573
"(1371.8783783783783, 1242.6351351351352)",Prevotella,0,8575
"(1375.3030303030303, 813.8)",Corynebacterium,0,8576
"(1374.6125, 1147.825)",Corynebacterium,0,8577
"(1376.5967741935483, 1368.6532258064517)",Pasteurellaceae,0,8578
"(1376.3366336633662, 1750.950495049505)",Rothia,0,8579
"(1375.5072463768115, 1912.4492753623188)",Pasteurellaceae,0,8580
"(1376.9344262295083, 854.1803278688525)",Treponema,0,8581
"(1385.9208333333333, 1825.7125)",Corynebacterium,0,8582
"(1376.5, 1933.0108695652175)",Corynebacterium,0,8583
"(1376.6842105263158, 905.7368421052631)",Prevotella,0,8584
"(1376.7, 1232.88)",Prevotella,0,8585
"(1384.9493670886077, 1296.4683544303798)",Corynebacterium,0,8586
"(1379.025974025974, 932.974025974026)",Prevotella,0,8587
"(1380.8648648648648, 1101.3693693693695)",Fusobacterium,0,8588
"(1379.0842105263157, 1257.421052631579)",Prevotella,0,8589
"(1382.040404040404, 1841.6969696969697)",Capnocytophaga,0,8590
"(1379.2446808510638, 1036.627659574468)",Gemella,0,8591
"(1383.2413793103449, 1900.1862068965518)",Treponema,0,8592
"(1381.851851851852, 953.9407407407407)",Capnocytophaga,0,8593
"(1382.7272727272727, 1804.7337662337663)",Corynebacterium,0,8594
"(1382.0919540229886, 1994.9540229885058)",Streptococcus,0,8595
"(1383.297520661157, 1016.1818181818181)",Prevotella,0,8596
"(1383.3882352941177, 1134.9529411764706)",Rothia,0,8597
"(1382.1891891891892, 1168.081081081081)",TM7,0,8598
"(1383.3084112149534, 1345.5046728971963)",TM7,0,8600
"(1383.16, 917.52)",Leptotrichia,0,8602
"(1383.9322033898304, 1917.5254237288136)",Selenomonas,0,8604
"(1392.557142857143, 984.3928571428571)",Lautropia,0,8605
"(1387.1690140845071, 1227.0704225352113)",TM7,0,8606
"(1407.4157088122606, 1275.2222222222222)",Streptococcus,0,8607
"(1385.4761904761904, 1758.5119047619048)",Lautropia,0,8608
"(1387.6571428571428, 901.2285714285714)",Lautropia,0,8609
"(1387.8125, 1362.609375)",Treponema,0,8611
"(1390.992700729927, 1000.3941605839416)",Prevotella,0,8612
"(1389.391304347826, 1941.608695652174)",Veillonella,0,8614
"(1390.9833333333333, 936.8416666666667)",TM7,0,8615
"(1390.391304347826, 1120.1847826086957)",TM7,0,8616
"(1388.8125, 1149.59375)",Lautropia,0,8617
"(1388.945945945946, 1737.8108108108108)",Streptococcus,0,8618
"(1388.8527131782946, 1971.2868217054263)",Neisseriaceae,0,8619
"(1389.15, 789.9166666666666)",Lautropia,0,8620
"(1392.3684210526317, 1196.218045112782)",Prevotella,0,8621
"(1390.2340425531916, 1254.159574468085)",Fusobacterium,0,8622
"(1391.7529411764706, 1311.0235294117647)",Corynebacterium,0,8623
"(1400.145922746781, 1169.5836909871246)",TM7,0,8625
"(1392.4810126582279, 777.3924050632911)",Lautropia,0,8627
"(1395.7441860465117, 898.0)",TM7,0,8628
"(1392.875, 1086.7045454545455)",Capnocytophaga,0,8629
"(1396.9916666666666, 970.9333333333333)",Rothia,0,8630
"(1395.2142857142858, 1856.6666666666667)",Selenomonas,0,8631
"(1396.8720930232557, 1033.546511627907)",Prevotella,0,8632
"(1395.6060606060605, 1871.3181818181818)",Veillonella,0,8634
"(1398.5142857142857, 913.7714285714286)",Prevotella,0,8635
"(1402.1273885350317, 1066.3949044585988)",Prevotella,0,8636
"(1400.8333333333333, 1323.45)",Lautropia,0,8638
"(1397.3875, 1919.8875)",Capnocytophaga,0,8639
"(1400.530864197531, 1697.4938271604938)",Gemella,0,8640
"(1399.419642857143, 1717.580357142857)",Capnocytophaga,0,8641
"(1412.6194690265486, 1736.7345132743362)",Leptotrichia,0,8642
"(1397.849315068493, 1883.1780821917807)",Corynebacterium,0,8643
"(1398.0, 951.604938271605)",TM7,0,8644
"(1403.157894736842, 1337.1315789473683)",Lautropia,0,8645
"(1403.2916666666667, 1359.3854166666667)",Treponema,0,8646
"(1401.0841121495328, 1755.271028037383)",Lautropia,0,8647
"(1403.8809523809523, 1904.2738095238096)",Capnocytophaga,0,8648
"(1400.7272727272727, 1953.171717171717)",Capnocytophaga,0,8649
"(1402.0933333333332, 1241.1466666666668)",Capnocytophaga,0,8650
"(1409.187969924812, 1933.187969924812)",Veillonella,0,8651
"(1402.2142857142858, 1971.7428571428572)",Leptotrichia,0,8652
"(1403.2578125, 1145.375)",Capnocytophaga,0,8653
"(1405.0873786407767, 1893.0776699029127)",Capnocytophaga,0,8654
"(1406.073394495413, 1253.2477064220184)",TM7,0,8656
"(1405.125, 1833.734375)",Selenomonas,0,8658
"(1407.9514563106795, 773.0582524271845)",Veillonella,0,8659
"(1405.55, 995.5)",Prevotella,0,8660
"(1407.7961165048544, 1098.0194174757282)",Campylobacter,0,8661
"(1405.7333333333333, 1203.9866666666667)",Selenomonas,0,8662
"(1407.111111111111, 906.7222222222222)",TM7,0,8663
"(1406.709090909091, 1081.2)",Rothia,0,8664
"(1410.775147928994, 1225.3136094674555)",Prevotella,0,8665
"(1412.1776315789473, 1298.6447368421052)",Veillonella,0,8666
"(1407.7777777777778, 1872.2698412698412)",Treponema,0,8667
"(1410.0761904761905, 725.2761904761904)",Streptococcus,0,8668
"(1412.589928057554, 1022.5611510791367)",Veillonella,0,8669
"(1409.506329113924, 1119.4177215189873)",Lautropia,0,8671
"(1412.4134615384614, 925.5673076923077)",Prevotella,0,8672
"(1412.2389380530974, 953.0530973451328)",TM7,0,8673
"(1410.8461538461538, 1133.2923076923078)",TM7,0,8674
"(1411.4117647058824, 1848.4117647058824)",Leptotrichia,0,8675
"(1412.7142857142858, 976.7012987012987)",Prevotella,0,8677
"(1413.4927536231885, 1005.2753623188406)",Prevotella,0,8678
"(1412.6455696202531, 1764.506329113924)",Veillonella,0,8679
"(1413.4727272727273, 899.7636363636364)",Prevotella,0,8680
"(1413.0, 1916.1545454545455)",Veillonella,0,8681
"(1414.6451612903227, 944.3870967741935)",Corynebacterium,0,8682
"(1414.7105263157894, 1313.7368421052631)",Lautropia,0,8683
"(1415.710843373494, 1956.5060240963855)",TM7,0,8684
"(1415.78125, 914.734375)",TM7,0,8685
"(1414.8461538461538, 1710.8153846153846)",Pasteurellaceae,0,8686
"(1418.6435643564357, 991.940594059406)",Fusobacterium,0,8687
"(1420.449152542373, 1780.6864406779662)",Treponema,0,8688
"(1426.091743119266, 1172.295871559633)",Streptococcus,0,8690
"(1417.2941176470588, 1199.1176470588234)",TM7,0,8692
"(1418.079365079365, 1328.8095238095239)",Prevotella,0,8694
"(1417.7857142857142, 1359.6285714285714)",TM7,0,8695
"(1421.695652173913, 1707.1159420289855)",Leptotrichia,0,8696
"(1419.6105263157895, 1847.3894736842105)",Streptococcus,0,8697
"(1418.969696969697, 1078.2121212121212)",TM7,0,8698
"(1423.0618556701031, 1943.2474226804125)",Corynebacterium,0,8699
"(1426.2011834319526, 974.2307692307693)",Prevotella,0,8700
"(1422.7478260869566, 1064.9913043478261)",TM7,0,8701
"(1421.4408602150538, 1092.6989247311828)",Capnocytophaga,0,8702
"(1421.7162162162163, 1113.918918918919)",Prevotella,0,8703
"(1424.3618421052631, 1870.296052631579)",Veillonella,0,8705
"(1424.2592592592594, 1889.1851851851852)",Streptococcus,0,8706
"(1428.8587570621469, 897.1412429378531)",Prevotella,0,8707
"(1424.036496350365, 1972.8613138686133)",Capnocytophaga,0,8708
"(1424.5274725274726, 1726.4835164835165)",Treponema,0,8709
"(1427.1833333333334, 748.4777777777778)",Prevotella,0,8710
"(1423.81, 805.9)",Fusobacterium,0,8711
"(1423.2698412698412, 1044.0396825396826)",Capnocytophaga,0,8712
"(1426.7964071856288, 773.1916167664671)",Corynebacterium,0,8713
"(1424.5633802816901, 1004.9295774647887)",Lautropia,0,8714
"(1426.875, 1207.9285714285713)",Lautropia,0,8716
"(1433.364238410596, 925.7019867549669)",Lautropia,0,8717
"(1427.3620689655172, 940.9310344827586)",Capnocytophaga,0,8718
"(1429.8703703703704, 1029.6666666666667)",Capnocytophaga,0,8719
"(1427.4, 1133.2588235294118)",Prevotella,0,8720
"(1427.6842105263158, 1145.2456140350878)",TM7,0,8721
"(1428.8305084745762, 1230.1525423728813)",TM7,0,8722
"(1427.4948453608247, 1261.0824742268042)",Lautropia,0,8723
"(1427.923076923077, 1766.8923076923077)",Treponema,0,8725
"(1429.993288590604, 1906.765100671141)",Treponema,0,8726
"(1433.2717948717948, 1926.5692307692307)",Capnocytophaga,0,8727
"(1428.2153846153847, 1995.0)",Treponema,0,8728
"(1431.3804347826087, 1288.6739130434783)",Prevotella,0,8729
"(1429.7142857142858, 1360.4142857142858)",Pasteurellaceae,0,8730
"(1435.110497237569, 1322.3591160220994)",Capnocytophaga,0,8731
"(1435.3733333333332, 958.3533333333334)",Corynebacterium,0,8732
"(1432.6964285714287, 1337.982142857143)",Campylobacter,0,8733
"(1436.2932330827068, 1092.6992481203008)",Streptococcus,0,8734
"(1434.35, 1192.2125)",Veillonella,0,8735
"(1437.258426966292, 816.4719101123595)",TM7,0,8736
"(1435.088888888889, 1012.9666666666667)",Lautropia,0,8737
"(1446.0190476190476, 733.7809523809524)",Streptococcus,0,8738
"(1435.55223880597, 785.223880597015)",Treponema,0,8739
"(1452.8537549407115, 1307.709486166008)",Streptococcus,0,8740
"(1436.3368421052633, 1970.7894736842106)",Pasteurellaceae,0,8741
"(1439.3266331658292, 1866.3266331658292)",Leptotrichia,0,8742
"(1441.4307692307693, 974.6153846153846)",Fusobacterium,0,8743
"(1436.842105263158, 1244.3684210526317)",Lautropia,0,8744
"(1440.9922480620155, 998.1007751937984)",TM7,0,8745
"(1440.7788461538462, 1051.8076923076924)",Lautropia,0,8746
"(1442.4772727272727, 690.2424242424242)",Veillonella,0,8747
"(1450.7137096774193, 711.1733870967741)",Leptotrichia,0,8748
"(1440.9714285714285, 1886.1142857142856)",Leptotrichia,0,8749
"(1442.9424460431655, 1954.863309352518)",Selenomonas,0,8750
"(1440.4516129032259, 801.8387096774194)",Veillonella,0,8751
"(1441.3372093023256, 1065.5)",Treponema,0,8752
"(1443.0149253731342, 912.0895522388059)",Lautropia,0,8753
"(1448.642857142857, 941.1571428571428)",Lautropia,0,8754
"(1450.0105263157895, 756.8456140350877)",TM7,0,8755
"(1444.0833333333333, 1039.6)",Lautropia,0,8756
"(1445.0718562874251, 1123.2634730538923)",TM7,0,8757
"(1443.9, 1271.525)",Prevotella,0,8758
"(1444.4779874213837, 1992.25786163522)",Gemella,0,8759
"(1444.44578313253, 1200.3975903614457)",TM7,0,8760
"(1444.9146341463415, 1256.7682926829268)",Capnocytophaga,0,8761
"(1444.9322033898304, 1027.3728813559321)",Lautropia,0,8762
"(1444.1136363636363, 1224.659090909091)",Rothia,0,8763
"(1451.0487804878048, 1284.378048780488)",Corynebacterium,0,8764
"(1448.4626865671642, 1166.358208955224)",Corynebacterium,0,8765
"(1449.9125, 1919.175)",Pasteurellaceae,0,8766
"(1447.9739130434782, 1846.5826086956522)",Gemella,0,8767
"(1451.5285714285715, 777.9285714285714)",TM7,0,8771
"(1452.8240740740741, 788.175925925926)",Capnocytophaga,0,8772
"(1452.1084337349398, 1950.879518072289)",Pasteurellaceae,0,8773
"(1453.0681818181818, 1010.125)",Prevotella,0,8774
"(1452.6101694915253, 1213.915254237288)",TM7,0,8775
"(1456.4534412955466, 810.5384615384615)",Corynebacterium,0,8776
"(1458.892561983471, 1245.3801652892562)",Fusobacterium,0,8777
"(1454.1690140845071, 1368.7042253521126)",Pasteurellaceae,0,8778
"(1455.9036144578313, 1138.144578313253)",Corynebacterium,0,8779
"(1455.5616438356165, 1185.2602739726028)",TM7,0,8780
"(1454.7142857142858, 969.5079365079365)",Treponema,0,8781
"(1456.1346153846155, 1021.1153846153846)",TM7,0,8782
"(1455.9444444444443, 1149.3333333333333)",Veillonella,0,8783
"(1458.9532710280373, 1929.5327102803737)",Selenomonas,0,8784
"(1458.32, 1983.4)",Capnocytophaga,0,8785
"(1458.4395604395604, 1051.978021978022)",Lautropia,0,8786
"(1460.063829787234, 1035.3297872340424)",Veillonella,0,8789
"(1459.2537313432836, 1269.7910447761194)",Corynebacterium,0,8790
"(1459.3875, 1896.7)",Actinomyces,0,8791
"(1461.232142857143, 1968.1964285714287)",Streptococcus,0,8794
"(1462.6774193548388, 1201.0)",TM7,0,8795
"(1463.6373626373627, 986.7362637362637)",Rothia,0,8796
"(1464.3880597014925, 776.955223880597)",Capnocytophaga,0,8798
"(1468.5363636363636, 1211.0363636363636)",Lautropia,0,8799
"(1468.655172413793, 1257.7586206896551)",Capnocytophaga,0,8800
"(1467.8775510204082, 1888.4591836734694)",Corynebacterium,0,8801
"(1470.3473684210526, 828.8)",Capnocytophaga,0,8802
"(1467.5357142857142, 1230.6964285714287)",TM7,0,8803
"(1471.6645569620252, 958.3037974683544)",Selenomonas,0,8804
"(1471.525974025974, 1908.9610389610389)",Veillonella,0,8805
"(1470.2631578947369, 1159.3157894736842)",TM7,0,8806
"(1472.0617283950617, 1184.2469135802469)",Capnocytophaga,0,8808
"(1473.4, 976.54)",Lautropia,0,8809
"(1475.0204081632653, 1008.5714285714286)",Lautropia,0,8810
"(1477.8181818181818, 1070.6742424242425)",Capnocytophaga,0,8811
"(1473.867924528302, 1271.9245283018868)",Streptococcus,0,8812
"(1475.595238095238, 840.452380952381)",Lautropia,0,8813
"(1474.351851851852, 994.8148148148148)",Fusobacterium,0,8814
"(1475.403314917127, 756.9171270718232)",Prevotella,0,8815
"(1476.3181818181818, 1414.3977272727273)",Gemella,0,8816
"(1478.4803149606298, 1975.8425196850394)",Leptotrichia,0,8817
"(1481.4336734693877, 1234.515306122449)",Lautropia,0,8818
"(1480.7954545454545, 1195.715909090909)",TM7,0,8819
"(1481.1, 1885.7625)",Capnocytophaga,0,8820
"(1483.1159420289855, 1900.536231884058)",Corynebacterium,0,8821
"(1485.4516129032259, 1010.1612903225806)",Treponema,0,8822
"(1485.7431192660551, 967.0275229357799)",Pasteurellaceae,0,8823
"(1486.1909090909091, 1401.8727272727272)",Corynebacterium,0,8824
"(1485.8617021276596, 1155.3936170212767)",Leptotrichia,0,8825
"(1487.707182320442, 1175.9613259668508)",Leptotrichia,0,8826
"(1489.5232558139535, 1053.7558139534883)",Streptococcus,0,8828
"(1491.8074074074075, 1209.8222222222223)",TM7,0,8829
"(1492.8455284552845, 1248.4308943089432)",Lautropia,0,8830
"(1492.9, 1886.175)",Corynebacterium,0,8832
"(1496.2871287128712, 1950.881188118812)",Streptococcus,0,8834
"(1497.6, 1189.8470588235293)",Leptotrichia,0,8835
"(1494.450980392157, 1989.137254901961)",Gemella,0,8836
"(1497.1489361702127, 1224.9893617021276)",TM7,0,8837
"(1496.7627118644068, 1071.3898305084747)",Capnocytophaga,0,8838
"(1498.9277108433735, 1347.9638554216867)",Leptotrichia,0,8839
"(1499.077922077922, 1410.5974025974026)",Porphyromonas,0,8840
"(1499.3775510204082, 1336.8265306122448)",Lautropia,0,8841
"(1501.05, 1053.0833333333333)",Treponema,0,8842
"(1502.1898734177216, 1979.3291139240507)",Pasteurellaceae,0,8843
"(1505.7058823529412, 1068.129411764706)",TM7,0,8844
"(1505.3684210526317, 1887.157894736842)",Corynebacterium,0,8845
"(1508.6776315789473, 1202.0592105263158)",Treponema,0,8846
"(1515.5515695067265, 1236.8026905829597)",Capnocytophaga,0,8849
"(1510.9411764705883, 1275.3176470588235)",Capnocytophaga,0,8850
"(1510.904761904762, 1953.654761904762)",Streptococcus,0,8852
"(1517.7674418604652, 1261.360465116279)",Pasteurellaceae,0,8855
"(1515.4551282051282, 1052.5897435897436)",Corynebacterium,0,8856
"(1516.949494949495, 1338.1616161616162)",Lautropia,0,8857
"(1524.0693641618498, 1096.0)",Lautropia,0,8858
"(1520.6704545454545, 1411.9431818181818)",Capnocytophaga,0,8859
"(1520.5846153846153, 1078.6307692307691)",Streptococcus,0,8860
"(1521.987341772152, 1216.9620253164558)",Pasteurellaceae,0,8861
"(1524.9381443298969, 1286.6701030927834)",TM7,0,8862
"(1528.1724137931035, 1066.5402298850574)",Leptotrichia,0,8864
"(1532.7846153846153, 1079.753846153846)",Neisseriaceae,0,8865
"(1536.2044198895028, 1392.3370165745857)",Streptococcus,0,8866
"(1535.475, 1234.6125)",Capnocytophaga,0,8867
"(1545.2692307692307, 1335.0048076923076)",Streptococcus,0,8868
"(1540.0588235294117, 1219.6235294117646)",Treponema,0,8869
"(1540.6931818181818, 1297.0681818181818)",Leptotrichia,0,8870
"(1544.5890410958905, 1381.013698630137)",Prevotella,0,8872
"(1551.6206896551723, 1238.3908045977012)",Lautropia,0,8873
"(1555.593023255814, 1224.360465116279)",Lautropia,0,8875
"(1559.923076923077, 1367.7435897435898)",Rothia,0,8876
"(1554.148148148148, 1301.111111111111)",Veillonella,0,8877
"(1555.3048780487804, 1399.6951219512196)",Veillonella,0,8878
"(1559.3, 1384.7818181818182)",Veillonella,0,8879
"(1556.9420289855072, 1415.0289855072465)",Lautropia,0,8880
"(1558.1619047619047, 1311.5142857142857)",Capnocytophaga,0,8881
"(1561.712765957447, 1340.5425531914893)",Pasteurellaceae,0,8882
"(1561.1176470588234, 1291.8823529411766)",Veillonella,0,8883
"(1562.9583333333333, 1214.5416666666667)",Leptotrichia,0,8884
"(1562.7125, 1270.425)",Veillonella,0,8885
"(1566.2631578947369, 1282.719298245614)",Veillonella,0,8886
"(1568.1014492753623, 1397.144927536232)",Corynebacterium,0,8887
"(1571.7349397590363, 1294.0843373493976)",Capnocytophaga,0,8888
"(1572.4125, 1142.625)",Leptotrichia,0,8889
"(1573.948717948718, 1266.679487179487)",Corynebacterium,0,8890
"(1576.9268292682927, 1410.1138211382113)",Capnocytophaga,0,8891
"(1574.1518987341772, 1129.6835443037974)",Lautropia,0,8892
"(1574.9066666666668, 1308.9066666666668)",Lautropia,0,8893
"(1576.8588235294117, 1324.4117647058824)",Veillonella,0,8894
"(1582.461139896373, 1216.7098445595855)",Veillonella,0,8895
"(1582.0564516129032, 1348.717741935484)",Capnocytophaga,0,8896
"(1583.4770642201836, 1282.2293577981652)",Treponema,0,8897
"(1586.6744186046512, 1387.015503875969)",Treponema,0,8898
"(1585.9619047619049, 1367.4571428571428)",Prevotella,0,8899
"(1583.9137931034484, 1302.7241379310344)",TM7,0,8900
"(1593.3758865248226, 1421.3014184397164)",Treponema,0,8901
"(1586.8659793814434, 1195.5360824742268)",Streptococcus,0,8902
"(1589.715909090909, 1333.5)",Capnocytophaga,0,8903
"(1590.6739130434783, 1162.6521739130435)",Leptotrichia,0,8904
"(1591.942857142857, 1312.2571428571428)",Pasteurellaceae,0,8905
"(1592.1756756756756, 1136.4594594594594)",TM7,0,8906
"(1598.860576923077, 1245.2788461538462)",TM7,0,8907
"(1599.536231884058, 1323.4927536231885)",Selenomonas,0,8908
"(1598.3904761904762, 1271.3809523809523)",Actinomyces,0,8909
"(1600.216049382716, 1354.79012345679)",Streptococcus,0,8910
"(1599.6964285714287, 1222.1964285714287)",Lautropia,0,8911
"(1599.6666666666667, 1394.701754385965)",Treponema,0,8912
"(1604.0431654676258, 1126.2158273381294)",TM7,0,8913
"(1600.9615384615386, 1192.9615384615386)",Lautropia,0,8914
"(1602.6153846153845, 1209.4903846153845)",Capnocytophaga,0,8915
"(1605.3070866141732, 1311.5511811023623)",Treponema,0,8916
"(1601.6666666666667, 1149.0804597701149)",Veillonella,0,8917
"(1604.3274336283187, 1175.2477876106195)",Lautropia,0,8918
"(1610.65625, 1158.1875)",Capnocytophaga,0,8919
"(1610.7246376811595, 1236.768115942029)",Lautropia,0,8920
"(1615.4583333333333, 1139.4166666666667)",Capnocytophaga,0,8921
"(1617.78125, 1180.28125)",Treponema,0,8922
"(1617.9710144927535, 1224.0144927536232)",Veillonella,0,8923
"(1624.5754189944134, 1327.7150837988827)",Corynebacterium,0,8924
"(1623.0747663551401, 1167.3084112149534)",Selenomonas,0,8925
"(1623.881081081081, 1290.5297297297298)",Capnocytophaga,0,8926
"(1622.6493506493507, 1245.0)",Lautropia,0,8927
"(1634.8260869565217, 1523.2608695652175)",Streptococcus,0,8928
"(1631.725888324873, 1307.274111675127)",Corynebacterium,0,8929
"(1627.3813559322034, 1504.1694915254238)",Capnocytophaga,0,8930
"(1633.0833333333333, 1459.8472222222222)",Streptococcus,0,8931
"(1637.625, 1229.0357142857142)",Leptotrichia,0,8932
"(1634.5, 1249.55)",Lautropia,0,8933
"(1638.0641025641025, 1487.1346153846155)",Treponema,0,8934
"(1637.3186813186812, 1339.923076923077)",Streptococcus,0,8935
"(1647.2386363636363, 1465.3560606060605)",Streptococcus,0,8936
"(1648.7848101265822, 1250.873417721519)",Lautropia,0,8937
"(1654.45, 1507.1888888888889)",Capnocytophaga,0,8938
"(1651.2542372881355, 1538.9322033898304)",Actinomyces,0,8939
"(1668.5057034220533, 1414.5817490494296)",Corynebacterium,0,8941
"(1661.7557251908397, 1448.4580152671756)",Veillonella,0,8942
"(1660.3620689655172, 1465.7068965517242)",Treponema,0,8943
"(1665.2443181818182, 1481.5738636363637)",Veillonella,0,8944
"(1662.8, 1539.6272727272728)",Veillonella,0,8945
"(1667.0826446280992, 1578.5206611570247)",Corynebacterium,0,8946
"(1668.338028169014, 1384.661971830986)",Lautropia,0,8947
"(1668.8472222222222, 1429.7777777777778)",Capnocytophaga,0,8948
"(1671.8972809667673, 1510.4018126888218)",Treponema,0,8949
"(1668.041095890411, 1550.6027397260275)",Capnocytophaga,0,8950
"(1680.5222222222221, 1488.58)",Streptococcus,0,8951
"(1687.0746268656717, 1374.5373134328358)",Leptotrichia,0,8952
"(1678.880733944954, 1564.4954128440368)",Capnocytophaga,0,8953
"(1677.9027777777778, 1597.9722222222222)",Capnocytophaga,0,8954
"(1679.641975308642, 1439.5185185185185)",Veillonella,0,8955
"(1679.4343434343434, 1538.3232323232323)",Capnocytophaga,0,8956
"(1681.1704545454545, 1390.2272727272727)",Lautropia,0,8957
"(1696.890034364261, 1418.6426116838488)",Treponema,0,8958
"(1686.661971830986, 1552.2112676056338)",Corynebacterium,0,8959
"(1696.3193717277486, 1396.7277486910996)",Corynebacterium,0,8960
"(1694.4928571428572, 1526.9214285714286)",Leptotrichia,0,8962
"(1693.76, 1562.5066666666667)",Pasteurellaceae,0,8963
"(1700.3783783783783, 1591.6)",Capnocytophaga,0,8964
"(1698.164705882353, 1354.6352941176472)",Veillonella,0,8965
"(1705.532110091743, 1549.2844036697247)",Streptococcus,0,8966
"(1708.4728682170542, 1571.2248062015503)",Streptococcus,0,8967
"(1704.6904761904761, 1368.5)",Veillonella,0,8968
"(1706.4888888888888, 1275.088888888889)",Leptotrichia,0,8969
"(1708.2881355932204, 1256.2881355932204)",Streptococcus,0,8970
"(1711.2037037037037, 1534.9351851851852)",Lautropia,0,8971
"(1713.4044943820224, 1335.2134831460673)",Pasteurellaceae,0,8972
"(1715.7884615384614, 1377.451923076923)",TM7,0,8973
"(1717.0, 1355.516339869281)",Streptococcus,0,8974
"(1717.716049382716, 1393.1234567901236)",Veillonella,0,8975
"(1721.8918918918919, 1266.1148648648648)",TM7,0,8976
"(1723.584745762712, 1427.1864406779662)",Lautropia,0,8977
"(1722.205357142857, 1409.9285714285713)",Veillonella,0,8978
"(1728.0119047619048, 1320.1369047619048)",Gemella,0,8979
"(1731.987341772152, 1297.4050632911392)",Lautropia,0,8981
"(1733.9391304347826, 1350.9652173913043)",Selenomonas,0,8982
"(1733.42, 1234.77)",Treponema,0,8983
"(1732.05, 1367.5125)",Veillonella,0,8984
"(1736.2, 1219.4352941176471)",Leptotrichia,0,8985
"(1736.4015748031495, 1395.6299212598426)",Capnocytophaga,0,8986
"(1737.608695652174, 1255.304347826087)",Leptotrichia,0,8987
"(1737.8487394957983, 1430.7563025210084)",Gemella,0,8988
"(1742.3306451612902, 1412.5483870967741)",Veillonella,0,8989
"(1739.886075949367, 1308.1012658227849)",Veillonella,0,8990
"(1741.2941176470588, 1376.1882352941177)",Veillonella,0,8991
"(1740.4925373134329, 1323.9402985074628)",Corynebacterium,0,8992
"(1741.6753246753246, 1284.4805194805194)",Lautropia,0,8993
"(1747.5487804878048, 1270.5121951219512)",Veillonella,0,8994
"(1748.8803418803418, 1361.991452991453)",Pasteurellaceae,0,8995
"(1756.9283582089552, 1230.0656716417911)",Streptococcus,0,8996
"(1747.0135135135135, 1566.3918918918919)",Lautropia,0,8997
"(1750.28, 1584.06)",Capnocytophaga,0,8998
"(1753.7615384615385, 1329.946153846154)",Pasteurellaceae,0,8999
"(1756.531914893617, 1448.7074468085107)",Corynebacterium,0,9000
"(1753.5701754385964, 1346.4649122807018)",Corynebacterium,0,9001
"(1752.4, 1388.446153846154)",Pasteurellaceae,0,9002
"(1760.4463768115943, 1479.3014492753623)",Streptococcus,0,9004
"(1753.1358024691358, 1311.3703703703704)",Leptotrichia,0,9005
"(1755.1978021978023, 1403.5494505494505)",Corynebacterium,0,9006
"(1757.4197530864199, 1297.2962962962963)",Lautropia,0,9007
"(1758.0235294117647, 1376.835294117647)",Corynebacterium,0,9008
"(1759.8064516129032, 1281.1075268817203)",Capnocytophaga,0,9009
"(1763.1206896551723, 1431.0258620689656)",Treponema,0,9010
"(1761.2439024390244, 1595.658536585366)",Gemella,0,9011
"(1762.512048192771, 1567.94578313253)",Capnocytophaga,0,9012
"(1763.429487179487, 1253.6474358974358)",Lautropia,0,9013
"(1764.25, 1268.1)",Corynebacterium,0,9014
"(1772.1422018348624, 1472.573394495413)",Streptococcus,0,9015
"(1768.146551724138, 1546.9310344827586)",Veillonella,0,9016
"(1768.009900990099, 1391.990099009901)",Fusobacterium,0,9017
"(1775.4642857142858, 1350.2219387755101)",Streptococcus,0,9018
"(1770.0172413793102, 1604.1293103448277)",Treponema,0,9019
"(1773.9530201342282, 1295.234899328859)",Leptotrichia,0,9020
"(1770.162162162162, 1332.027027027027)",Leptotrichia,0,9021
"(1772.982456140351, 1313.3947368421052)",Streptococcus,0,9022
"(1771.4794520547946, 1452.7671232876712)",Corynebacterium,0,9023
"(1775.549019607843, 1238.6764705882354)",Leptotrichia,0,9024
"(1775.7628865979382, 1418.3505154639174)",Gemella,0,9025
"(1778.2261306532664, 1584.321608040201)",Leptotrichia,0,9026
"(1773.8971962616822, 1373.196261682243)",Streptococcus,0,9027
"(1779.2521739130434, 1396.0869565217392)",TM7,0,9028
"(1782.4924623115578, 1274.5628140703518)",Gemella,0,9029
"(1778.25, 1876.3846153846155)",Capnocytophaga,0,9030
"(1782.942528735632, 1202.7241379310344)",Leptotrichia,0,9031
"(1784.5196078431372, 1219.0294117647059)",Corynebacterium,0,9032
"(1785.1612903225807, 1434.516129032258)",Lautropia,0,9033
"(1785.8854166666667, 1493.15625)",Selenomonas,0,9035
"(1788.3010752688172, 1322.3440860215053)",Treponema,0,9037
"(1789.4583333333333, 1415.1805555555557)",TM7,0,9039
"(1791.4655172413793, 1361.9224137931035)",Capnocytophaga,0,9040
"(1792.8071065989848, 1240.010152284264)",Leptotrichia,0,9041
"(1792.6296296296296, 1385.8703703703704)",Veillonella,0,9042
"(1794.1182795698924, 1400.1182795698924)",Veillonella,0,9043
"(1797.9307692307693, 1581.4923076923078)",Capnocytophaga,0,9044
"(1800.6235294117646, 1382.070588235294)",Veillonella,0,9045
"(1801.9315068493152, 1486.9360730593608)",Streptococcus,0,9046
"(1800.5, 1348.8695652173913)",Corynebacterium,0,9047
"(1802.3037037037036, 1436.9185185185186)",Streptococcus,0,9048
"(1802.4897959183672, 1260.0)",Leptotrichia,0,9049
"(1804.014705882353, 1414.8529411764705)",Veillonella,0,9050
"(1810.7438016528927, 1362.9917355371902)",Capnocytophaga,0,9051
"(1811.877049180328, 1401.2540983606557)",Capnocytophaga,0,9052
"(1811.118811881188, 1468.2574257425742)",Capnocytophaga,0,9053
"(1812.056338028169, 1422.8169014084508)",Lautropia,0,9054
"(1819.9375, 1440.2897727272727)",Leptotrichia,0,9055
"(1814.752380952381, 1377.9333333333334)",Veillonella,0,9056
"(1816.21875, 1485.4375)",Streptococcus,0,9057
"(1825.53738317757, 1458.803738317757)",Streptococcus,0,9058
"(1821.7205882352941, 1390.0441176470588)",Corynebacterium,0,9059
"(1823.5441176470588, 1423.6911764705883)",Corynebacterium,0,9060
"(1833.128787878788, 1369.2272727272727)",Lautropia,0,9061
"(1832.8588235294117, 1398.6117647058823)",Lautropia,0,9062
"(1833.4302325581396, 1485.7267441860465)",Streptococcus,0,9063
"(1838.7532467532467, 1378.077922077922)",Leptotrichia,0,9065
"(1837.9561403508771, 1299.3070175438597)",Leptotrichia,0,9066
"(1841.7122302158273, 1435.5971223021584)",Veillonella,0,9067
"(1841.3148148148148, 1451.8148148148148)",Fusobacterium,0,9068
"(1849.2307692307693, 1392.2692307692307)",Lautropia,0,9069
"(1858.3073770491803, 1415.454918032787)",Treponema,0,9070
"(1875.8056042031524, 1548.415061295972)",Streptococcus,0,9072
"(1860.2551020408164, 1381.530612244898)",Lautropia,0,9073
"(1864.3875968992247, 1453.1007751937984)",Leptotrichia,0,9074
"(1860.15, 1368.7625)",Leptotrichia,0,9075
"(1866.2716049382716, 1433.9753086419753)",Gemella,0,9076
"(1869.3664122137404, 1569.5725190839694)",Capnocytophaga,0,9077
"(1866.3820224719102, 1273.8651685393259)",Leptotrichia,0,9078
"(1869.0825688073394, 1405.2293577981652)",Streptococcus,0,9079
"(1876.4952380952382, 1583.904761904762)",Corynebacterium,0,9081
"(1878.5494505494505, 1418.868131868132)",Streptococcus,0,9082
"(1879.2530120481927, 1386.2771084337348)",Selenomonas,0,9083
"(1885.622641509434, 1442.8301886792453)",Leptotrichia,0,9085
"(1888.015625, 1450.5)",Leptotrichia,0,9086
"(1887.7173913043478, 1606.1304347826087)",Veillonella,0,9087
"(1889.25, 1400.7272727272727)",Selenomonas,0,9088
"(1890.4787234042553, 1572.4148936170213)",Capnocytophaga,0,9089
"(1894.7843137254902, 1470.4771241830065)",Streptococcus,0,9090
"(1893.0, 1488.0281690140846)",Treponema,0,9092
"(1895.797619047619, 1373.0833333333333)",TM7,0,9094
"(1896.2168674698796, 1608.6746987951808)",Corynebacterium,0,9095
"(1896.3921568627452, 1500.4705882352941)",Treponema,0,9096
"(1899.3103448275863, 1388.3563218390805)",Capnocytophaga,0,9097
"(1903.14, 1511.82)",Treponema,0,9098
"(1906.6105263157895, 1442.3473684210526)",Streptococcus,0,9099
"(1906.89, 1563.45)",Capnocytophaga,0,9100
"(1910.975, 1406.1875)",Streptococcus,0,9101
"(1912.2358490566037, 1475.2169811320755)",Treponema,0,9102
"(1919.8375, 1453.1583333333333)",Treponema,0,9104
"(1917.3595505617977, 1423.9101123595506)",Capnocytophaga,0,9105
"(1922.1404494382023, 1556.0280898876404)",Veillonella,0,9106
"(1927.9423076923076, 1534.673076923077)",Veillonella,0,9107
"(1930.9107142857142, 1435.9642857142858)",Capnocytophaga,0,9108
"(1934.235294117647, 1412.0980392156862)",Leptotrichia,0,9109
"(1935.20987654321, 1549.8024691358025)",Capnocytophaga,0,9110
"(1940.6237623762377, 1464.1287128712872)",Capnocytophaga,0,9111
"(1938.6067415730338, 1529.2808988764045)",Capnocytophaga,0,9112
"(1944.8030303030303, 1446.7651515151515)",Pasteurellaceae,0,9113
"(1946.3524590163934, 1425.5)",Capnocytophaga,0,9114
"(1953.969387755102, 1470.7397959183672)",Corynebacterium,0,9115
"(1952.0535714285713, 1336.2142857142858)",Veillonella,0,9116
"(1955.8189655172414, 1520.5474137931035)",Capnocytophaga,0,9117
"(1950.5873015873017, 1500.6031746031747)",Gemella,0,9118
"(1958.625, 1439.5277777777778)",Gemella,0,9119
"(1959.9285714285713, 1484.642857142857)",Veillonella,0,9120
"(1960.9016393442623, 1419.2459016393443)",Leptotrichia,0,9121
"(1960.942857142857, 1493.1714285714286)",Treponema,0,9122
"(1965.5364583333333, 1547.2135416666667)",Corynebacterium,0,9123
"(1965.2444444444445, 1361.5666666666666)",Leptotrichia,0,9124
"(1964.8, 1431.4666666666667)",Gemella,0,9125
"(1968.0472440944882, 1324.244094488189)",Leptotrichia,0,9126
"(1969.9594594594594, 1504.7702702702702)",Leptotrichia,0,9128
"(1972.5882352941176, 1345.8117647058823)",Lautropia,0,9129
"(1977.8369565217392, 1534.1195652173913)",Capnocytophaga,0,9130
"(1979.86, 1516.66)",Veillonella,0,9131
"(1980.2931034482758, 1494.3620689655172)",Lautropia,0,9132
"(1982.8918918918919, 1330.7027027027027)",Capnocytophaga,0,9133
"(1984.0821917808219, 1316.7945205479452)",Streptococcus,0,9134
"(1987.18, 1545.29)",Capnocytophaga,0,9135
"(1987.3815789473683, 1502.1973684210527)",Treponema,0,9136
"(1987.8285714285714, 1345.6714285714286)",Leptotrichia,0,9137
"(1993.1509433962265, 1485.377358490566)",Veillonella,0,9138
