coord,sciname,tile,label
"[198.82375478927204, 1233.2528735632184]",Leptotrichia,0,1
"[204.31782945736435, 1211.6434108527133]",Prevotella,0,3
"[218.4090909090909, 1261.1704545454545]",Streptococcus,0,4
"[213.45679012345678, 1228.641975308642]",Leptotrichia,0,5
"[217.91489361702128, 1199.7553191489362]",Rothia,0,6
"[218.11111111111111, 1246.8333333333333]",Leptotrichia,0,7
"[226.0392156862745, 1215.549019607843]",Leptotrichia,0,8
"[226.26388888888889, 1235.9444444444443]",Leptotrichia,0,9
"[234.9387755102041, 1283.908163265306]",Leptotrichia,0,11
"[230.9142857142857, 1398.5857142857142]",Leptotrichia,0,13
"[239.85276073619633, 1333.5828220858896]",Leptotrichia,0,14
"[237.05072463768116, 1243.2173913043478]",Leptotrichia,0,15
"[237.7483870967742, 1183.458064516129]",Pasteurellaceae,0,16
"[241.8975903614458, 1387.8493975903614]",Leptotrichia,0,17
"[245.8653846153846, 1264.8413461538462]",Streptococcus,0,18
"[238.41509433962264, 1227.8490566037735]",Prevotella,0,19
"[244.62424242424242, 1366.9818181818182]",Rothia,0,20
"[241.375, 1202.6145833333333]",Capnocytophaga,0,21
"[246.33333333333334, 1305.3142857142857]",Corynebacterium,0,22
"[250.86666666666667, 1224.9037037037037]",TM7,0,23
"[248.14457831325302, 1291.313253012048]",Pasteurellaceae,0,24
"[248.3695652173913, 1351.054347826087]",Leptotrichia,0,25
"[255.95209580838323, 1319.7065868263473]",Corynebacterium,0,28
"[257.37179487179486, 1212.128205128205]",Corynebacterium,0,29
"[258.45, 1345.31]",Leptotrichia,0,30
"[255.57894736842104, 1395.8947368421052]",Prevotella,0,31
"[255.68253968253967, 1170.2698412698412]",Corynebacterium,0,32
"[262.0, 1193.0533333333333]",Corynebacterium,0,33
"[261.4370860927152, 1252.6953642384105]",Prevotella,0,35
"[261.44761904761907, 1300.5238095238096]",Corynebacterium,0,37
"[267.2049180327869, 1277.639344262295]",Pasteurellaceae,0,41
"[268.63380281690144, 1379.2159624413146]",Prevotella,0,42
"[271.125, 1176.59375]",Leptotrichia,0,43
"[269.32894736842104, 1291.25]",Leptotrichia,0,45
"[269.61538461538464, 1336.6263736263736]",Rothia,0,46
"[271.24528301886795, 1242.9056603773586]",TM7,0,47
"[274.4438775510204, 1312.1224489795918]",Leptotrichia,0,48
"[281.04819277108436, 1216.2590361445782]",Corynebacterium,0,49
"[284.724795640327, 1408.0463215258856]",Leptotrichia,0,50
"[274.4782608695652, 1357.0108695652175]",Prevotella,0,51
"[274.5531914893617, 1260.0851063829787]",TM7,0,52
"[276.81538461538463, 1233.0307692307692]",Corynebacterium,0,53
"[284.3382352941176, 1192.875]",Corynebacterium,0,54
"[283.3592233009709, 1159.2233009708739]",TM7,0,55
"[284.64285714285717, 1274.3010204081634]",TM7,0,56
"[288.16470588235296, 1296.9882352941177]",Leptotrichia,0,57
"[282.2567567567568, 1388.2432432432433]",Leptotrichia,0,58
"[289.81168831168833, 1321.8311688311687]",Corynebacterium,0,60
"[286.7008547008547, 1350.6153846153845]",Corynebacterium,0,61
"[291.02702702702703, 1248.7702702702702]",Corynebacterium,0,62
"[295.6666666666667, 1225.747311827957]",Corynebacterium,0,63
"[291.22522522522524, 1379.2972972972973]",Prevotella,0,64
"[299.9791666666667, 1367.875]",Corynebacterium,0,65
"[299.0785340314136, 1427.1623036649214]",Leptotrichia,0,66
"[296.15, 1162.55]",TM7,0,67
"[294.4035087719298, 1332.017543859649]",Capnocytophaga,0,68
"[296.84, 1410.4]",Leptotrichia,0,69
"[306.9587628865979, 1290.2268041237114]",Leptotrichia,0,70
"[300.88028169014086, 1204.387323943662]",Corynebacterium,0,71
"[301.0, 1348.141304347826]",Corynebacterium,0,72
"[300.46153846153845, 1266.2991452991453]",TM7,0,73
"[302.07142857142856, 1312.3]",Corynebacterium,0,74
"[308.73825503355704, 1186.1275167785234]",Leptotrichia,0,75
"[308.63963963963965, 1237.3333333333333]",Corynebacterium,0,76
"[318.7524752475247, 1431.4983498349834]",Leptotrichia,0,77
"[307.28915662650604, 1157.1927710843374]",TM7,0,78
"[313.75126903553297, 1323.7106598984772]",Rothia,0,79
"[310.38461538461536, 1403.8333333333333]",Leptotrichia,0,80
"[313.192, 1215.568]",Corynebacterium,0,81
"[310.75, 1387.4545454545455]",Lautropia,0,83
"[317.2048780487805, 1354.9756097560976]",Corynebacterium,0,84
"[324.0112781954887, 1445.8796992481202]",Leptotrichia,0,85
"[315.74436090225566, 1271.0601503759399]",TM7,0,87
"[316.9146341463415, 1413.6463414634147]",Lautropia,0,88
"[317.67391304347825, 1300.9347826086957]",Leptotrichia,0,89
"[319.9583333333333, 1161.5694444444443]",TM7,0,91
"[322.3333333333333, 1201.037037037037]",Leptotrichia,0,92
"[321.8636363636364, 1179.8636363636363]",Leptotrichia,0,93
"[323.8780487804878, 1390.7682926829268]",Pasteurellaceae,0,94
"[324.4765100671141, 1252.4496644295302]",Corynebacterium,0,95
"[328.1294117647059, 1282.4470588235295]",TM7,0,96
"[330.7258064516129, 1314.1370967741937]",Rothia,0,97
"[328.4009661835749, 1226.5797101449275]",Corynebacterium,0,98
"[329.61764705882354, 1267.235294117647]",Corynebacterium,0,99
"[328.44594594594594, 1372.0]",Corynebacterium,0,100
"[332.7448275862069, 1330.5862068965516]",Prevotella,0,101
"[335.0121951219512, 1174.2682926829268]",Leptotrichia,0,102
"[333.6212121212121, 1403.4545454545455]",Corynebacterium,0,105
"[334.6125, 1343.825]",Veillonella,0,106
"[337.2040816326531, 1158.6632653061224]",Fusobacterium,0,107
"[337.02222222222224, 1187.7]",Leptotrichia,0,108
"[340.48571428571427, 1203.4761904761904]",Pasteurellaceae,0,109
"[338.61538461538464, 1239.246153846154]",Corynebacterium,0,111
"[340.81481481481484, 1388.0987654320988]",Corynebacterium,0,112
"[340.0, 1415.3880597014925]",Corynebacterium,0,113
"[340.4591836734694, 1470.7551020408164]",Leptotrichia,0,114
"[341.1223021582734, 1285.2805755395684]",Corynebacterium,0,116
"[341.29487179487177, 1377.076923076923]",Corynebacterium,0,118
"[343.95180722891564, 1302.7469879518073]",Corynebacterium,0,120
"[346.27272727272725, 1443.1616161616162]",Leptotrichia,0,121
"[351.4769230769231, 1227.4153846153847]",Corynebacterium,0,122
"[351.0394736842105, 1258.6381578947369]",Corynebacterium,0,123
"[353.80864197530866, 1462.6728395061727]",Leptotrichia,0,124
"[351.608, 1181.92]",Leptotrichia,0,125
"[348.9724770642202, 1353.2935779816514]",Capnocytophaga,0,127
"[351.1521739130435, 1398.0326086956522]",TM7,0,128
"[350.97222222222223, 1424.9027777777778]",Corynebacterium,0,129
"[353.7217391304348, 1327.2260869565218]",Veillonella,0,130
"[353.7625, 1368.8625]",Corynebacterium,0,131
"[363.76704545454544, 1198.7102272727273]",Corynebacterium,0,132
"[353.74242424242425, 1215.530303030303]",Corynebacterium,0,133
"[354.36708860759495, 1243.253164556962]",Corynebacterium,0,134
"[357.1758241758242, 1274.989010989011]",Corynebacterium,0,136
"[355.30864197530866, 1152.6296296296296]",TM7,0,137
"[357.5394736842105, 1313.9473684210527]",Fusobacterium,0,138
"[360.7524752475247, 1442.5643564356435]",Leptotrichia,0,139
"[358.0365853658537, 1384.5243902439024]",Corynebacterium,0,140
"[361.2464788732394, 1293.1478873239437]",Corynebacterium,0,141
"[360.2358490566038, 1341.877358490566]",Fusobacterium,0,142
"[362.4047619047619, 1163.8333333333333]",Veillonella,0,143
"[363.1311475409836, 1172.8032786885246]",Veillonella,0,145
"[366.1208791208791, 1213.7362637362637]",Corynebacterium,0,147
"[367.61038961038963, 1328.1818181818182]",Veillonella,0,148
"[372.15865384615387, 1470.0336538461538]",Leptotrichia,0,149
"[365.54545454545456, 1241.8545454545454]",Corynebacterium,0,150
"[370.35172413793106, 1401.7862068965517]",Leptotrichia,0,152
"[371.453125, 1251.4375]",Corynebacterium,0,153
"[372.70676691729324, 833.3157894736842]",Leptotrichia,0,154
"[369.76119402985074, 1231.44776119403]",Corynebacterium,0,155
"[370.1411764705882, 1351.0470588235294]",Fusobacterium,0,156
"[374.4807692307692, 812.5769230769231]",Leptotrichia,0,160
"[373.6585365853659, 1296.4756097560976]",Corynebacterium,0,161
"[374.84313725490193, 1426.2156862745098]",Pasteurellaceae,0,162
"[373.55, 788.7833333333333]",Leptotrichia,0,163
"[379.04487179487177, 1447.0]",Leptotrichia,0,164
"[380.84653465346537, 1253.970297029703]",Corynebacterium,0,166
"[377.4155844155844, 1282.4805194805194]",TM7,0,167
"[376.0483870967742, 1324.4193548387098]",Veillonella,0,168
"[385.4267515923567, 1187.7643312101911]",Corynebacterium,0,169
"[377.4752475247525, 1213.5643564356435]",Corynebacterium,0,170
"[378.6190476190476, 1316.111111111111]",Capnocytophaga,0,171
"[381.76344086021504, 1342.5806451612902]",Fusobacterium,0,172
"[381.4976744186047, 1383.074418604651]",TM7,0,173
"[387.0743243243243, 819.4256756756756]",Leptotrichia,0,174
"[384.1142857142857, 1224.6285714285714]",Corynebacterium,0,175
"[388.32758620689657, 1430.7327586206898]",Leptotrichia,0,176
"[384.1058823529412, 799.8705882352941]",Treponema,0,178
"[385.8048780487805, 851.2073170731708]",Leptotrichia,0,179
"[391.32941176470587, 1167.7588235294118]",Corynebacterium,0,180
"[387.0625, 1360.375]",TM7,0,182
"[386.85, 1272.1166666666666]",Corynebacterium,0,184
"[386.125, 1295.9444444444443]",Corynebacterium,0,187
"[391.275, 1325.775]",TM7,0,189
"[392.87301587301585, 774.5396825396825]",Gemella,0,191
"[394.8181818181818, 1459.8272727272727]",Gemella,0,192
"[394.93243243243245, 1208.0]",Corynebacterium,0,193
"[394.4868421052632, 1416.2631578947369]",TM7,0,195
"[396.9080459770115, 1308.7586206896551]",Corynebacterium,0,196
"[397.1025641025641, 1239.8803418803418]",Corynebacterium,0,198
"[397.95238095238096, 1345.357142857143]",TM7,0,200
"[399.75, 833.6083333333333]",Corynebacterium,0,202
"[399.25581395348837, 848.5116279069767]",Corynebacterium,0,205
"[398.8641975308642, 1217.8271604938273]",Corynebacterium,0,206
"[399.6363636363636, 1391.1181818181817]",TM7,0,207
"[399.3855421686747, 1468.0963855421687]",Gemella,0,208
"[402.0655737704918, 806.344262295082]",Leptotrichia,0,209
"[401.27710843373495, 1180.8072289156626]",Corynebacterium,0,210
"[407.4144144144144, 791.1351351351351]",Corynebacterium,0,211
"[400.77358490566036, 1271.7735849056603]",TM7,0,212
"[402.84615384615387, 1260.131868131868]",Corynebacterium,0,213
"[405.5813953488372, 1442.360465116279]",Leptotrichia,0,216
"[407.4891304347826, 778.6195652173913]",TM7,0,219
"[405.52941176470586, 1359.9705882352941]",Fusobacterium,0,220
"[405.69117647058823, 872.8823529411765]",Streptococcus,0,221
"[405.3965517241379, 1196.7241379310344]",Corynebacterium,0,222
"[414.1276595744681, 1286.5212765957447]",TM7,0,223
"[414.78333333333336, 1385.3916666666667]",Fusobacterium,0,225
"[412.287037037037, 758.7129629629629]",Pasteurellaceae,0,226
"[410.27027027027026, 857.7837837837837]",Veillonella,0,227
"[409.1607142857143, 1317.4107142857142]",TM7,0,228
"[411.51851851851853, 1191.388888888889]",Corynebacterium,0,229
"[410.9166666666667, 1207.3666666666666]",Corynebacterium,0,230
"[410.3050847457627, 1223.7118644067796]",Corynebacterium,0,231
"[413.4950495049505, 1425.1287128712872]",Rothia,0,232
"[414.71875, 818.8020833333334]",TM7,0,233
"[414.1505376344086, 844.9354838709677]",Corynebacterium,0,234
"[415.6507936507937, 1175.1666666666667]",Veillonella,0,236
"[412.8, 1236.6]",Corynebacterium,0,237
"[412.18461538461537, 1252.9076923076923]",Corynebacterium,0,238
"[420.24347826086955, 1263.3652173913044]",Corynebacterium,0,239
"[415.35955056179773, 1459.629213483146]",Leptotrichia,0,240
"[423.47945205479454, 1475.2739726027398]",Leptotrichia,0,241
"[415.20588235294116, 1340.264705882353]",Capnocytophaga,0,242
"[415.1707317073171, 1406.841463414634]",Fusobacterium,0,244
"[427.39494163424126, 1498.9124513618676]",Streptococcus,0,245
"[417.1443298969072, 885.4432989690722]",Leptotrichia,0,246
"[418.4810126582278, 769.6075949367089]",Leptotrichia,0,247
"[417.74545454545455, 1212.6545454545455]",Corynebacterium,0,248
"[418.3, 1309.3]",TM7,0,249
"[423.1102362204724, 1327.007874015748]",Corynebacterium,0,250
"[419.17045454545456, 1357.6363636363637]",Fusobacterium,0,251
"[420.29333333333335, 830.7733333333333]",Corynebacterium,0,252
"[425.1041666666667, 802.4114583333334]",Corynebacterium,0,254
"[420.7307692307692, 1442.820512820513]",Leptotrichia,0,256
"[438.2047477744807, 866.8278931750742]",Capnocytophaga,0,258
"[427.42857142857144, 1197.952380952381]",Corynebacterium,0,259
"[423.9423076923077, 1239.1153846153845]",Corynebacterium,0,260
"[431.65408805031444, 1250.1132075471698]",Corynebacterium,0,261
"[424.5416666666667, 1225.6527777777778]",Corynebacterium,0,262
"[431.70935960591135, 1414.8128078817733]",TM7,0,263
"[426.1304347826087, 1299.1159420289855]",Corynebacterium,0,264
"[428.8474576271187, 1394.5254237288136]",Fusobacterium,0,265
"[429.56481481481484, 783.1574074074074]",Leptotrichia,0,266
"[428.015873015873, 848.2539682539683]",Corynebacterium,0,267
"[433.0988372093023, 1359.9418604651162]",Fusobacterium,0,268
"[436.251572327044, 1340.0880503144654]",TM7,0,271
"[431.5357142857143, 763.3928571428571]",Treponema,0,274
"[435.21505376344084, 1377.021505376344]",Fusobacterium,0,275
"[433.7916666666667, 1219.4166666666667]",TM7,0,276
"[439.73369565217394, 886.1086956521739]",Streptococcus,0,277
"[439.744966442953, 1458.1946308724832]",Leptotrichia,0,278
"[435.35779816513764, 1519.440366972477]",Streptococcus,0,279
"[440.7643312101911, 822.5987261146497]",Pasteurellaceae,0,280
"[433.57471264367814, 1313.8275862068965]",Corynebacterium,0,281
"[434.93333333333334, 1437.2833333333333]",Lautropia,0,282
"[443.60526315789474, 1189.0855263157894]",Corynebacterium,0,283
"[436.5692307692308, 751.1384615384616]",Pasteurellaceae,0,284
"[439.96666666666664, 1292.4777777777779]",Corynebacterium,0,285
"[440.1666666666667, 850.8888888888889]",Veillonella,0,287
"[442.484693877551, 1163.7602040816328]",Actinomyces,0,291
"[441.1089108910891, 1268.6930693069307]",Corynebacterium,0,292
"[444.4102564102564, 1490.1709401709402]",Streptococcus,0,293
"[440.79411764705884, 1205.1911764705883]",Corynebacterium,0,294
"[448.5542168674699, 806.9216867469879]",Corynebacterium,0,295
"[443.6630434782609, 838.7934782608696]",Corynebacterium,0,296
"[446.95412844036696, 1324.119266055046]",Corynebacterium,0,297
"[446.4017094017094, 775.017094017094]",Prevotella,0,299
"[443.8705882352941, 792.7411764705882]",Pasteurellaceae,0,300
"[441.50943396226415, 1558.0]",Streptococcus,0,301
"[444.14814814814815, 1539.611111111111]",Streptococcus,0,302
"[447.76190476190476, 907.9863945578231]",Leptotrichia,0,303
"[450.2926829268293, 1379.821138211382]",Fusobacterium,0,304
"[445.3030303030303, 1392.969696969697]",Fusobacterium,0,305
"[453.80357142857144, 738.7738095238095]",Corynebacterium,0,306
"[446.7070707070707, 1221.040404040404]",TM7,0,307
"[451.4810126582278, 1234.5822784810127]",TM7,0,308
"[446.89830508474574, 1309.9661016949153]",Corynebacterium,0,309
"[452.86725663716817, 725.1327433628319]",Pasteurellaceae,0,310
"[448.7323943661972, 1548.6760563380283]",Streptococcus,0,311
"[450.4268292682927, 1364.7560975609756]",Fusobacterium,0,312
"[450.5113636363636, 1434.2272727272727]",Leptotrichia,0,313
"[452.47727272727275, 1574.3863636363637]",Streptococcus,0,314
"[458.247311827957, 757.747311827957]",Rothia,0,315
"[459.9127516778523, 1409.9463087248323]",TM7,0,317
"[449.34375, 1513.171875]",Streptococcus,0,318
"[454.55, 1525.2571428571428]",Streptococcus,0,319
"[455.89473684210526, 1251.2857142857142]",TM7,0,320
"[457.18, 1505.8133333333333]",Streptococcus,0,322
"[453.22, 1537.54]",Streptococcus,0,323
"[454.5487804878049, 1353.1951219512196]",Fusobacterium,0,324
"[458.83389830508474, 1478.8338983050849]",Streptococcus,0,325
"[461.29433962264153, 1167.5622641509433]",Corynebacterium,0,326
"[456.36, 1269.22]",TM7,0,327
"[453.71014492753625, 1559.7826086956522]",Streptococcus,0,328
"[454.8, 821.3]",Veillonella,0,329
"[460.5081081081081, 1209.9243243243243]",Corynebacterium,0,331
"[458.5047619047619, 785.4857142857143]",Veillonella,0,333
"[458.8125, 1328.4270833333333]",Corynebacterium,0,334
"[460.5806451612903, 1429.9354838709678]",Pasteurellaceae,0,335
"[463.34193548387094, 1672.6129032258063]",Streptococcus,0,336
"[461.95588235294116, 1309.1911764705883]",Corynebacterium,0,337
"[463.5, 800.4183673469388]",Corynebacterium,0,338
"[469.875, 848.6517857142857]",Treponema,0,339
"[466.2909090909091, 899.9939393939394]",Leptotrichia,0,340
"[459.5925925925926, 1287.5802469135801]",TM7,0,341
"[464.57547169811323, 1350.9905660377358]",Fusobacterium,0,342
"[462.375, 1133.4464285714287]",Leptotrichia,0,343
"[464.6788990825688, 1391.5871559633028]",TM7,0,344
"[464.69465648854964, 879.9770992366413]",Streptococcus,0,345
"[466.9513888888889, 926.9722222222222]",Leptotrichia,0,347
"[465.6463414634146, 1299.1341463414635]",Pasteurellaceae,0,348
"[467.73202614379085, 1449.0915032679738]",Leptotrichia,0,349
"[473.14084507042253, 1371.9201877934272]",Fusobacterium,0,350
"[466.10526315789474, 1186.157894736842]",Corynebacterium,0,351
"[469.7113402061856, 1490.5463917525774]",Streptococcus,0,352
"[466.8173076923077, 1568.7788461538462]",Streptococcus,0,354
"[474.10382513661204, 1584.2677595628415]",Streptococcus,0,355
"[475.29347826086956, 780.9347826086956]",Corynebacterium,0,356
"[469.1142857142857, 1336.2142857142858]",Corynebacterium,0,359
"[469.8452380952381, 1520.6190476190477]",Streptococcus,0,360
"[470.38690476190476, 829.4464285714286]",Streptococcus,0,361
"[475.21875, 939.5669642857143]",Leptotrichia,0,362
"[472.88775510204084, 1553.061224489796]",Streptococcus,0,363
"[479.22543352601156, 1189.5895953757226]",Corynebacterium,0,364
"[473.0, 1227.2439024390244]",Corynebacterium,0,365
"[472.72, 1261.9733333333334]",Corynebacterium,0,366
"[470.8301886792453, 1272.1132075471698]",Corynebacterium,0,367
"[472.39506172839504, 1503.0493827160494]",Streptococcus,0,368
"[474.36764705882354, 1145.1029411764705]",Leptotrichia,0,370
"[471.1525423728813, 1320.8305084745762]",Corynebacterium,0,371
"[472.8301886792453, 799.0]",Corynebacterium,0,372
"[473.2244897959184, 1243.3367346938776]",Corynebacterium,0,373
"[477.38690476190476, 733.2857142857143]",TM7,0,374
"[474.4761904761905, 1282.873015873016]",Corynebacterium,0,375
"[475.5904761904762, 1424.4952380952382]",TM7,0,376
"[480.0, 1206.0]",Corynebacterium,0,377
"[476.6862745098039, 1384.235294117647]",Fusobacterium,0,378
"[479.4533333333333, 1307.2133333333334]",Corynebacterium,0,381
"[481.7157894736842, 1530.7368421052631]",Streptococcus,0,382
"[477.76190476190476, 756.3650793650794]",TM7,0,383
"[487.2546583850932, 961.8012422360248]",Leptotrichia,0,384
"[478.53846153846155, 1456.1153846153845]",Leptotrichia,0,385
"[477.66037735849056, 1543.8490566037735]",Streptococcus,0,386
"[482.3430656934307, 859.1605839416059]",Corynebacterium,0,387
"[478.2881355932203, 907.0847457627119]",Leptotrichia,0,388
"[478.0980392156863, 1173.764705882353]",Corynebacterium,0,389
"[483.4029850746269, 1468.634328358209]",Leptotrichia,0,392
"[479.45283018867923, 1349.6415094339623]",TM7,0,393
"[480.36507936507934, 1398.6349206349207]",TM7,0,394
"[487.0864661654135, 1511.0375939849623]",Streptococcus,0,395
"[481.41975308641975, 714.0]",Veillonella,0,396
"[483.5361216730038, 884.3764258555133]",Leptotrichia,0,397
"[486.7062937062937, 1291.986013986014]",Corynebacterium,0,398
"[484.1981981981982, 1433.6126126126126]",Lautropia,0,400
"[484.06060606060606, 768.1060606060606]",Corynebacterium,0,401
"[483.8918918918919, 1271.1756756756756]",Corynebacterium,0,402
"[483.1162790697674, 1686.453488372093]",Streptococcus,0,404
"[488.6186440677966, 912.8644067796611]",Leptotrichia,0,405
"[485.030303030303, 1249.439393939394]",Corynebacterium,0,406
"[484.21153846153845, 1324.6538461538462]",Corynebacterium,0,407
"[489.0687022900763, 1487.4809160305344]",Leptotrichia,0,408
"[486.8014184397163, 1567.1205673758866]",Leptotrichia,0,409
"[490.6585365853659, 1404.3170731707316]",Rothia,0,410
"[488.12359550561797, 1594.0112359550562]",Streptococcus,0,411
"[488.6829268292683, 747.6463414634146]",Corynebacterium,0,412
"[486.6623376623377, 1217.3116883116884]",Corynebacterium,0,413
"[494.56934306569343, 1128.941605839416]",Leptotrichia,0,415
"[493.58762886597935, 1223.8247422680413]",Corynebacterium,0,416
"[494.828025477707, 1349.1019108280254]",TM7,0,419
"[490.64367816091954, 790.4597701149426]",Corynebacterium,0,420
"[490.5726495726496, 811.8461538461538]",Corynebacterium,0,421
"[490.98809523809524, 1176.9166666666667]",Corynebacterium,0,422
"[491.89940828402365, 832.0414201183432]",Corynebacterium,0,423
"[492.6818181818182, 1160.1363636363637]",Capnocytophaga,0,424
"[491.57971014492756, 929.6811594202899]",Leptotrichia,0,425
"[498.593984962406, 1310.345864661654]",Corynebacterium,0,426
"[493.5153846153846, 1424.2153846153847]",Rothia,0,427
"[495.0, 1238.6813186813188]",Corynebacterium,0,428
"[497.58156028368796, 1535.6524822695035]",Streptococcus,0,429
"[497.32183908045977, 1320.7356321839081]",Corynebacterium,0,432
"[494.3766233766234, 1365.6493506493507]",TM7,0,433
"[498.73279352226723, 1449.2226720647773]",Prevotella,0,434
"[502.04777070063693, 1706.2452229299363]",Leptotrichia,0,435
"[499.2988505747126, 1333.0459770114942]",TM7,0,436
"[496.7303370786517, 1389.7640449438202]",TM7,0,437
"[499.13953488372096, 871.2984496124031]",Corynebacterium,0,439
"[498.29411764705884, 1147.6823529411765]",Leptotrichia,0,440
"[502.9947916666667, 1630.1145833333333]",Leptotrichia,0,441
"[499.51973684210526, 688.8223684210526]",Lautropia,0,442
"[497.68794326241135, 733.177304964539]",Corynebacterium,0,443
"[496.48387096774195, 848.3387096774194]",Veillonella,0,444
"[503.1, 896.9888888888889]",Leptotrichia,0,445
"[498.672131147541, 1615.9180327868853]",Leptotrichia,0,446
"[501.7878787878788, 715.8181818181819]",Leptotrichia,0,447
"[498.1454545454545, 1376.6]",TM7,0,448
"[508.84341637010675, 1577.0711743772242]",Leptotrichia,0,449
"[500.08, 706.6]",Leptotrichia,0,450
"[500.63243243243244, 770.0216216216216]",Corynebacterium,0,451
"[502.06382978723406, 1476.5673758865248]",Leptotrichia,0,453
"[501.7752808988764, 1295.8202247191011]",Corynebacterium,0,454
"[502.86842105263156, 1506.2368421052631]",Streptococcus,0,455
"[500.86764705882354, 1682.6911764705883]",Leptotrichia,0,456
"[504.6545454545454, 986.7636363636364]",Leptotrichia,0,457
"[501.55, 1274.67]",Corynebacterium,0,458
"[502.08196721311475, 1362.8032786885246]",TM7,0,459
"[506.30872483221475, 925.5503355704698]",Leptotrichia,0,460
"[507.62595419847327, 1158.1526717557251]",Corynebacterium,0,461
"[502.9268292682927, 1185.9634146341464]",Corynebacterium,0,462
"[503.6521739130435, 1251.927536231884]",Corynebacterium,0,463
"[504.2972972972973, 1410.5945945945946]",Prevotella,0,464
"[506.2735042735043, 1564.3418803418804]",Streptococcus,0,465
"[510.7739361702128, 644.8856382978723]",Leptotrichia,0,466
"[505.8333333333333, 1597.2745098039215]",Leptotrichia,0,469
"[506.34615384615387, 1653.0164835164835]",Streptococcus,0,471
"[507.568, 945.936]",Leptotrichia,0,473
"[510.75688073394497, 1114.5504587155963]",Leptotrichia,0,474
"[509.51973684210526, 1203.8684210526317]",Corynebacterium,0,475
"[518.528735632184, 676.536398467433]",Prevotella,0,477
"[509.1847826086956, 807.5760869565217]",Corynebacterium,0,478
"[511.90277777777777, 824.4027777777778]",Corynebacterium,0,479
"[510.0, 963.7413793103449]",Leptotrichia,0,480
"[508.59550561797755, 976.2921348314607]",Leptotrichia,0,481
"[509.9873417721519, 1398.8354430379748]",Rothia,0,482
"[508.69662921348316, 1493.9550561797753]",Leptotrichia,0,483
"[508.74766355140184, 1522.8130841121495]",Leptotrichia,0,484
"[511.0769230769231, 839.8321678321678]",Pasteurellaceae,0,485
"[513.0875912408759, 1381.5985401459855]",TM7,0,486
"[511.6502732240437, 1607.688524590164]",Leptotrichia,0,487
"[509.58024691358025, 1230.0987654320988]",Corynebacterium,0,489
"[509.0, 1676.78]",Leptotrichia,0,490
"[511.51190476190476, 865.25]",Veillonella,0,491
"[512.0, 1240.0]",Corynebacterium,0,494
"[512.3162393162393, 1426.4273504273503]",Prevotella,0,495
"[516.6171428571429, 1462.4]",Leptotrichia,0,496
"[516.0109289617486, 913.9617486338798]",Leptotrichia,0,497
"[516.811475409836, 1182.7868852459017]",Corynebacterium,0,498
"[511.94444444444446, 1275.8703703703704]",Corynebacterium,0,499
"[511.45283018867923, 1323.4150943396226]",Corynebacterium,0,501
"[516.8340611353711, 697.0873362445415]",Prevotella,0,502
"[515.7340425531914, 1701.8617021276596]",Leptotrichia,0,503
"[515.8372093023256, 1357.8992248062016]",TM7,0,506
"[519.28, 1543.48]",Leptotrichia,0,508
"[515.0410958904109, 782.2739726027397]",Corynebacterium,0,509
"[516.4909090909091, 795.6272727272727]",Corynebacterium,0,510
"[519.0860215053764, 1299.9032258064517]",Corynebacterium,0,511
"[516.9605263157895, 735.8815789473684]",Corynebacterium,0,512
"[516.08, 854.64]",Corynebacterium,0,513
"[519.3982300884956, 1162.513274336283]",Corynebacterium,0,514
"[516.9489795918367, 1338.0204081632653]",TM7,0,515
"[522.9122807017544, 754.2368421052631]",Corynebacterium,0,516
"[518.5145631067961, 1441.8155339805826]",Actinomyces,0,518
"[521.8461538461538, 879.7159763313609]",Leptotrichia,0,520
"[520.3510638297872, 657.5531914893617]",Leptotrichia,0,522
"[519.6111111111111, 1245.2037037037037]",Corynebacterium,0,523
"[519.0, 1403.3287671232877]",Rothia,0,524
"[524.5280373831775, 1654.0467289719627]",Streptococcus,0,525
"[524.7441860465116, 1218.1782945736434]",Corynebacterium,0,526
"[523.0327868852459, 1287.5409836065573]",Corynebacterium,0,528
"[524.3550295857988, 1512.810650887574]",Leptotrichia,0,529
"[524.5697674418604, 1624.2383720930231]",Leptotrichia,0,530
"[525.6194029850747, 972.776119402985]",Leptotrichia,0,531
"[525.7757009345794, 848.6448598130842]",Corynebacterium,0,532
"[530.8174904942965, 1263.231939163498]",Pasteurellaceae,0,533
"[527.5578231292517, 1325.4897959183672]",Corynebacterium,0,534
"[531.36, 708.752]",Corynebacterium,0,535
"[528.2993630573249, 809.7006369426751]",Corynebacterium,0,536
"[530.3931034482758, 866.0]",Corynebacterium,0,537
"[532.7251184834123, 1102.914691943128]",Leptotrichia,0,538
"[527.5089285714286, 1484.2589285714287]",Leptotrichia,0,539
"[528.1571428571428, 1636.357142857143]",Leptotrichia,0,540
"[527.921052631579, 899.859649122807]",Treponema,0,541
"[529.1917808219179, 1193.4109589041095]",Corynebacterium,0,542
"[526.453125, 1348.53125]",TM7,0,543
"[531.9171270718232, 1561.8950276243095]",Leptotrichia,0,544
"[527.8269230769231, 1670.5]",Selenomonas,0,545
"[529.7941176470588, 768.4264705882352]",Corynebacterium,0,546
"[530.2142857142857, 1135.2777777777778]",Leptotrichia,0,547
"[527.55, 1368.1833333333334]",TM7,0,548
"[536.5066666666667, 910.7266666666667]",Pasteurellaceae,0,549
"[530.5670731707318, 1594.0426829268292]",Leptotrichia,0,551
"[530.9396551724138, 733.7586206896551]",Corynebacterium,0,552
"[537.1260869565217, 1411.304347826087]",Prevotella,0,553
"[534.0971659919028, 637.7773279352226]",Leptotrichia,0,554
"[532.781512605042, 830.1344537815127]",Leptotrichia,0,555
"[532.6136363636364, 988.4772727272727]",Leptotrichia,0,556
"[531.7875, 779.225]",Corynebacterium,0,560
"[535.4149659863946, 1233.7687074829932]",Pasteurellaceae,0,561
"[536.0194805194806, 1431.474025974026]",Prevotella,0,562
"[534.3090909090909, 604.8424242424243]",Leptotrichia,0,563
"[534.4891304347826, 1447.1521739130435]",Leptotrichia,0,564
"[534.9239130434783, 1150.3260869565217]",Leptotrichia,0,565
"[535.016129032258, 1214.8709677419354]",Corynebacterium,0,566
"[533.3207547169811, 1377.9245283018868]",Fusobacterium,0,568
"[534.4807692307693, 688.1730769230769]",Corynebacterium,0,569
"[535.8545454545455, 790.0181818181818]",Corynebacterium,0,570
"[543.2470588235294, 1541.1490196078432]",Streptococcus,0,572
"[539.0493827160494, 660.6913580246913]",Leptotrichia,0,573
"[536.2597402597403, 719.1038961038961]",Corynebacterium,0,574
"[537.7846153846153, 1172.5692307692307]",Capnocytophaga,0,575
"[538.1009174311927, 1292.834862385321]",Corynebacterium,0,576
"[539.6764705882352, 1321.3529411764705]",Corynebacterium,0,577
"[537.2881355932203, 1344.9322033898304]",TM7,0,578
"[538.0773480662983, 1468.2099447513813]",Prevotella,0,579
"[541.555, 848.505]",Corynebacterium,0,580
"[538.4285714285714, 1333.7857142857142]",TM7,0,581
"[540.8644067796611, 882.228813559322]",Campylobacter,0,582
"[544.8320610687023, 1199.3893129770993]",Corynebacterium,0,583
"[539.7142857142857, 1248.031746031746]",Corynebacterium,0,584
"[546.2541436464088, 1672.5414364640883]",Leptotrichia,0,587
"[546.6446280991736, 1387.3305785123966]",Fusobacterium,0,588
"[546.6865671641791, 1500.9203980099503]",Leptotrichia,0,589
"[544.0564516129032, 672.0403225806451]",Corynebacterium,0,590
"[543.6954022988506, 749.5459770114943]",Corynebacterium,0,591
"[543.5324675324675, 1365.4155844155844]",Fusobacterium,0,592
"[546.066037735849, 1310.6037735849056]",Corynebacterium,0,593
"[546.8469387755102, 1617.3010204081634]",Streptococcus,0,594
"[548.6459627329192, 591.472049689441]",Leptotrichia,0,595
"[544.9268292682926, 1115.3658536585365]",Leptotrichia,0,596
"[550.989898989899, 1518.040404040404]",Leptotrichia,0,597
"[550.2451612903226, 1583.883870967742]",Streptococcus,0,598
"[544.5974025974026, 1638.2077922077922]",Pasteurellaceae,0,599
"[546.4488636363636, 808.2045454545455]",Corynebacterium,0,600
"[546.3716814159292, 1232.5221238938052]",Pasteurellaceae,0,602
"[545.375, 704.3125]",Corynebacterium,0,604
"[546.0327868852459, 1254.622950819672]",Pasteurellaceae,0,606
"[545.8615384615384, 1280.2]",Pasteurellaceae,0,607
"[552.3975903614457, 688.6987951807229]",Corynebacterium,0,608
"[549.9274193548387, 782.266129032258]",Corynebacterium,0,609
"[547.6923076923077, 1482.0]",Leptotrichia,0,610
"[550.5170068027211, 1655.5714285714287]",Leptotrichia,0,611
"[549.7857142857143, 728.234693877551]",Corynebacterium,0,612
"[548.4821428571429, 1267.5892857142858]",Corynebacterium,0,614
"[551.1789473684211, 1155.7684210526315]",Leptotrichia,0,615
"[550.5882352941177, 1139.6470588235295]",Leptotrichia,0,616
"[551.1417910447761, 1180.5298507462687]",Corynebacterium,0,617
"[549.9125, 1340.0375]",TM7,0,618
"[554.6556291390729, 647.205298013245]",Corynebacterium,0,621
"[552.9196428571429, 712.7053571428571]",Corynebacterium,0,622
"[551.4016393442623, 827.4508196721312]",Corynebacterium,0,623
"[553.6923076923077, 1087.145299145299]",Leptotrichia,0,624
"[553.5069444444445, 1215.7708333333333]",Pasteurellaceae,0,625
"[551.5151515151515, 1400.7727272727273]",Rothia,0,626
"[553.379746835443, 1437.5632911392406]",Leptotrichia,0,627
"[550.62, 1597.1]",Streptococcus,0,628
"[556.1931818181819, 1624.8806818181818]",Streptococcus,0,629
"[551.954128440367, 869.0642201834862]",Campylobacter,0,630
"[558.3040935672515, 634.53216374269]",Corynebacterium,0,631
"[559.2521008403361, 1379.689075630252]",Fusobacterium,0,632
"[555.3666666666667, 1458.1066666666666]",Leptotrichia,0,633
"[556.5052631578948, 1573.6947368421052]",Leptotrichia,0,634
"[559.7901234567901, 612.1893004115226]",Pasteurellaceae,0,635
"[558.4074074074074, 1476.1296296296296]",Leptotrichia,0,636
"[556.4128440366973, 735.0183486238532]",Corynebacterium,0,637
"[557.5981308411215, 884.9158878504672]",Leptotrichia,0,638
"[554.3103448275862, 1318.4137931034484]",Corynebacterium,0,640
"[556.359375, 1350.078125]",TM7,0,641
"[556.5243902439024, 1683.5]",Pasteurellaceae,0,642
"[559.8898305084746, 922.457627118644]",Pasteurellaceae,0,644
"[559.1875, 1093.925]",Pasteurellaceae,0,645
"[559.8940397350993, 1106.3576158940398]",Pasteurellaceae,0,646
"[556.6323529411765, 1298.2205882352941]",Corynebacterium,0,647
"[562.9285714285714, 1328.3660714285713]",Corynebacterium,0,648
"[556.4307692307692, 1361.1384615384616]",TM7,0,649
"[559.780303030303, 1555.7878787878788]",Leptotrichia,0,650
"[558.6129032258065, 701.6129032258065]",Corynebacterium,0,651
"[557.5490196078431, 753.0588235294117]",Corynebacterium,0,652
"[557.6440677966102, 771.3220338983051]",Corynebacterium,0,653
"[560.2075471698113, 795.4056603773585]",Corynebacterium,0,654
"[559.7211538461538, 1412.673076923077]",Prevotella,0,655
"[564.7783251231527, 583.0788177339901]",Leptotrichia,0,656
"[559.921875, 1175.421875]",Corynebacterium,0,657
"[559.0535714285714, 1247.7857142857142]",Pasteurellaceae,0,658
"[559.8169014084507, 1258.9859154929577]",Pasteurellaceae,0,659
"[562.0948275862069, 897.9913793103449]",Leptotrichia,0,660
"[559.8095238095239, 1532.4603174603174]",Leptotrichia,0,661
"[561.53, 661.24]",Corynebacterium,0,662
"[561.6153846153846, 1201.020979020979]",Pasteurellaceae,0,663
"[560.1320754716982, 1234.6415094339623]",Pasteurellaceae,0,664
"[563.0952380952381, 1281.7142857142858]",Corynebacterium,0,665
"[562.2916666666666, 1489.4444444444443]",Streptococcus,0,667
"[562.560606060606, 745.1515151515151]",Corynebacterium,0,668
"[565.543795620438, 1137.3503649635036]",Gemella,0,669
"[563.4545454545455, 1594.4055944055945]",Streptococcus,0,670
"[565.0823529411765, 1162.929411764706]",Leptotrichia,0,671
"[571.6287425149701, 1643.1077844311378]",Leptotrichia,0,672
"[564.3552631578947, 676.75]",Corynebacterium,0,673
"[574.9798994974874, 808.8643216080402]",Rothia,0,674
"[565.014598540146, 855.6277372262774]",Gemella,0,675
"[568.8404255319149, 918.9946808510638]",Treponema,0,676
"[565.8072289156627, 1339.0240963855422]",TM7,0,677
"[565.2686567164179, 1425.5671641791046]",Prevotella,0,678
"[571.7179487179487, 765.1987179487179]",Corynebacterium,0,679
"[569.7159763313609, 834.4556213017752]",Leptotrichia,0,680
"[565.4507042253521, 1368.0704225352113]",TM7,0,681
"[569.0860215053764, 1506.8817204301076]",Streptococcus,0,682
"[571.1851851851852, 1539.567901234568]",Streptococcus,0,685
"[567.9406779661017, 785.0932203389831]",Corynebacterium,0,686
"[578.6086956521739, 1099.5031055900622]",TM7,0,687
"[574.3925925925926, 1293.4296296296295]",Corynebacterium,0,689
"[569.8651685393259, 1607.5056179775281]",Leptotrichia,0,690
"[571.9104477611941, 710.1194029850747]",Corynebacterium,0,691
"[570.2985074626865, 873.9253731343283]",Rothia,0,692
"[569.4933333333333, 951.8933333333333]",Leptotrichia,0,693
"[570.1379310344828, 1185.9827586206898]",Corynebacterium,0,694
"[570.4473684210526, 1250.5350877192982]",Leptotrichia,0,695
"[576.751269035533, 1232.0456852791879]",Leptotrichia,0,697
"[573.864, 1438.24]",Leptotrichia,0,698
"[571.0961538461538, 1470.7115384615386]",Leptotrichia,0,699
"[573.0410958904109, 723.2328767123288]",Corynebacterium,0,700
"[575.4234234234234, 1115.2342342342342]",Leptotrichia,0,701
"[573.3782051282051, 1203.3653846153845]",Leptotrichia,0,702
"[574.5166666666667, 1660.575]",Corynebacterium,0,703
"[581.1428571428571, 1159.4550264550264]",Leptotrichia,0,704
"[575.0985915492957, 1390.8591549295775]",TM7,0,706
"[575.3430656934306, 1459.9197080291972]",Leptotrichia,0,707
"[576.2480620155038, 1488.015503875969]",Actinomyces,0,708
"[574.7623762376238, 1524.7623762376238]",Leptotrichia,0,709
"[572.7205882352941, 610.4264705882352]",Pasteurellaceae,0,710
"[573.7721518987341, 660.0886075949367]",Corynebacterium,0,711
"[574.9242424242424, 944.2121212121212]",Prevotella,0,712
"[592.4763231197771, 1303.4596100278552]",Pasteurellaceae,0,713
"[581.6720430107526, 1344.3709677419354]",TM7,0,714
"[574.8217821782179, 1578.3465346534654]",Leptotrichia,0,715
"[574.8767123287671, 1631.849315068493]",Prevotella,0,716
"[576.6555555555556, 693.4222222222222]",Corynebacterium,0,717
"[583.453781512605, 647.6260504201681]",Corynebacterium,0,720
"[576.921875, 679.28125]",Corynebacterium,0,721
"[580.5681818181819, 968.9318181818181]",Leptotrichia,0,722
"[577.7579617834394, 1679.8726114649683]",Corynebacterium,0,724
"[579.1025641025641, 735.7264957264957]",Corynebacterium,0,725
"[581.4285714285714, 985.45]",Leptotrichia,0,727
"[576.9038461538462, 1175.1538461538462]",Pasteurellaceae,0,728
"[576.6730769230769, 1322.5576923076924]",Corynebacterium,0,729
"[576.3387096774194, 1416.4032258064517]",Prevotella,0,730
"[578.8, 753.03]",TM7,0,731
"[583.3291925465838, 888.5590062111801]",Veillonella,0,732
"[578.5245901639345, 1126.5573770491803]",Leptotrichia,0,733
"[584.275, 1363.39]",TM7,0,734
"[582.1991525423729, 920.8940677966102]",Pasteurellaceae,0,735
"[581.4761904761905, 1085.952380952381]",Rothia,0,736
"[578.3404255319149, 1269.3829787234042]",Pasteurellaceae,0,737
"[584.8248175182482, 1402.029197080292]",Fusobacterium,0,738
"[579.6831683168317, 1617.5940594059407]",Leptotrichia,0,739
"[581.2881355932203, 1701.7542372881355]",Veillonella,0,740
"[585.2028985507246, 1071.6884057971015]",Rothia,0,742
"[582.8630136986301, 1278.109589041096]",Pasteurellaceae,0,743
"[583.3829787234042, 1045.9893617021276]",Leptotrichia,0,745
"[582.9583333333334, 1498.0833333333333]",Actinomyces,0,746
"[585.9318181818181, 595.375]",Treponema,0,747
"[581.7450980392157, 605.0980392156863]",Pasteurellaceae,0,748
"[586.0705882352942, 714.0705882352942]",Corynebacterium,0,749
"[588.8877551020408, 867.204081632653]",Corynebacterium,0,750
"[583.2337662337662, 1189.2207792207791]",Pasteurellaceae,0,751
"[585.5797872340426, 1596.9521276595744]",Leptotrichia,0,752
"[585.7074829931972, 779.7074829931972]",Corynebacterium,0,753
"[587.4642857142857, 900.5714285714286]",TM7,0,754
"[589.6989247311828, 1005.5806451612904]",Leptotrichia,0,755
"[584.6470588235294, 1549.8235294117646]",Leptotrichia,0,756
"[589.3486842105264, 620.0]",Corynebacterium,0,757
"[585.21875, 1222.375]",Leptotrichia,0,758
"[586.3636363636364, 830.2727272727273]",Prevotella,0,759
"[588.5481481481481, 948.0148148148148]",Leptotrichia,0,760
"[589.6494845360825, 1029.9484536082475]",Rothia,0,761
"[589.9166666666666, 666.0902777777778]",Corynebacterium,0,762
"[591.4965034965035, 804.5944055944055]",Prevotella,0,763
"[587.9270833333334, 1381.96875]",TM7,0,764
"[587.7156862745098, 1522.7156862745098]",Leptotrichia,0,765
"[589.7073170731708, 1640.5975609756097]",Leptotrichia,0,766
"[592.6153846153846, 851.3461538461538]",Corynebacterium,0,767
"[596.269406392694, 1136.86301369863]",Gemella,0,768
"[587.54, 1323.84]",Corynebacterium,0,769
"[588.171052631579, 1444.3815789473683]",Leptotrichia,0,770
"[590.8390804597701, 1257.7471264367816]",Leptotrichia,0,771
"[593.8100775193799, 1572.3488372093022]",Leptotrichia,0,772
"[593.983870967742, 1419.1129032258063]",Prevotella,0,775
"[591.8108108108108, 1659.3963963963963]",Corynebacterium,0,776
"[592.1304347826087, 685.0869565217391]",Corynebacterium,0,778
"[591.6896551724138, 694.6034482758621]",Corynebacterium,0,779
"[593.551724137931, 766.7701149425287]",Corynebacterium,0,780
"[593.5876288659794, 1055.1030927835052]",Prevotella,0,781
"[596.4186046511628, 1178.5116279069769]",Pasteurellaceae,0,782
"[590.7678571428571, 1234.857142857143]",Leptotrichia,0,783
"[593.7247706422019, 1433.9724770642201]",Leptotrichia,0,784
"[593.4159292035398, 1477.1769911504425]",Leptotrichia,0,785
"[595.7851239669421, 979.2231404958678]",Leptotrichia,0,786
"[593.21875, 1287.953125]",Leptotrichia,0,787
"[601.0522088353414, 1538.690763052209]",Leptotrichia,0,788
"[595.4464285714286, 604.3571428571429]",Pasteurellaceae,0,789
"[595.7557251908397, 920.412213740458]",Leptotrichia,0,790
"[595.1515151515151, 1118.7575757575758]",Leptotrichia,0,791
"[598.0240963855422, 958.7469879518072]",Leptotrichia,0,792
"[596.546875, 1337.90625]",Corynebacterium,0,793
"[597.9219858156029, 728.0141843971631]",Corynebacterium,0,795
"[600.9508928571429, 746.6696428571429]",Corynebacterium,0,796
"[597.9, 1094.370588235294]",Rothia,0,797
"[596.1411764705882, 1270.5176470588235]",Leptotrichia,0,798
"[596.88, 1457.72]",Leptotrichia,0,799
"[598.6933333333334, 634.1066666666667]",Lautropia,0,801
"[599.3846153846154, 1191.9450549450548]",Leptotrichia,0,802
"[603.4628571428572, 1666.8]",Corynebacterium,0,803
"[597.5344827586207, 1398.0172413793102]",Fusobacterium,0,805
"[603.3509933774834, 1493.4635761589404]",Actinomyces,0,806
"[599.3965517241379, 1070.155172413793]",Prevotella,0,807
"[599.8681318681319, 823.4945054945055]",TM7,0,808
"[600.56, 862.68]",Corynebacterium,0,809
"[603.2099447513813, 888.9613259668508]",Corynebacterium,0,810
"[602.1285714285714, 702.0857142857143]",Corynebacterium,0,811
"[606.008064516129, 1146.6935483870968]",Leptotrichia,0,812
"[602.5045871559633, 1213.9174311926606]",Leptotrichia,0,813
"[603.1065573770492, 1331.2295081967213]",Corynebacterium,0,814
"[604.0, 1711.4971428571428]",Leptotrichia,0,816
"[605.6153846153846, 1232.1025641025642]",Leptotrichia,0,818
"[601.4285714285714, 1352.3214285714287]",TM7,0,819
"[607.1065573770492, 711.5573770491803]",Corynebacterium,0,821
"[604.92, 1162.73]",Leptotrichia,0,822
"[604.8861788617886, 1594.0975609756097]",Leptotrichia,0,823
"[605.1279069767442, 1628.360465116279]",Rothia,0,824
"[607.6086956521739, 782.0652173913044]",Corynebacterium,0,826
"[608.5042016806723, 937.7058823529412]",Leptotrichia,0,827
"[611.9494382022472, 1314.387640449438]",Pasteurellaceae,0,828
"[607.0392156862745, 649.3725490196078]",Streptococcus,0,830
"[606.2469135802469, 677.8703703703703]",Corynebacterium,0,831
"[606.4507042253521, 768.4647887323944]",TM7,0,832
"[606.7916666666666, 1257.0972222222222]",Leptotrichia,0,833
"[612.0454545454545, 964.1969696969697]",Lautropia,0,834
"[610.1783439490446, 1025.8535031847134]",Rothia,0,835
"[613.0230769230769, 1179.5384615384614]",Leptotrichia,0,836
"[606.3725490196078, 1362.3431372549019]",TM7,0,837
"[609.0, 817.2051282051282]",Corynebacterium,0,838
"[608.2631578947369, 1047.2631578947369]",Rothia,0,839
"[607.5487804878048, 1115.658536585366]",Leptotrichia,0,840
"[607.7848101265823, 1403.0759493670887]",Rothia,0,841
"[607.265625, 1470.765625]",Leptotrichia,0,842
"[614.0514285714286, 1556.6285714285714]",Leptotrichia,0,843
"[609.4757281553398, 1610.0291262135922]",Streptococcus,0,844
"[619.438596491228, 590.8333333333334]",Corynebacterium,0,845
"[616.0430622009569, 1510.956937799043]",Prevotella,0,846
"[611.5098039215686, 1642.7320261437908]",Lautropia,0,847
"[615.224043715847, 1683.9289617486338]",Leptotrichia,0,848
"[614.0509554140127, 619.1464968152866]",Actinomyces,0,849
"[612.6507936507936, 799.9047619047619]",Corynebacterium,0,850
"[615.0253164556962, 1010.620253164557]",Leptotrichia,0,851
"[612.6280991735537, 1427.3471074380166]",Prevotella,0,853
"[612.4869565217391, 1457.6]",Leptotrichia,0,854
"[616.771812080537, 1058.1543624161075]",Rothia,0,855
"[614.6335877862596, 866.3664122137404]",Corynebacterium,0,857
"[618.925925925926, 1278.7037037037037]",Leptotrichia,0,859
"[613.2236842105264, 1387.8552631578948]",TM7,0,860
"[623.4020100502513, 1486.8140703517588]",Leptotrichia,0,861
"[614.2626262626262, 1576.010101010101]",Prevotella,0,862
"[620.4532374100719, 664.9784172661871]",Corynebacterium,0,863
"[616.6851851851852, 976.4074074074074]",Leptotrichia,0,864
"[615.421875, 1664.578125]",Corynebacterium,0,865
"[616.1081081081081, 632.2837837837837]",Streptococcus,0,866
"[616.5794392523364, 726.0560747663551]",Corynebacterium,0,867
"[618.1626016260162, 879.5121951219512]",Corynebacterium,0,868
"[619.2947976878613, 991.5549132947976]",Leptotrichia,0,869
"[617.547619047619, 1079.2559523809523]",Prevotella,0,870
"[618.3571428571429, 1098.142857142857]",Rothia,0,871
"[615.939393939394, 1445.0454545454545]",Leptotrichia,0,873
"[620.7762237762238, 763.7132867132867]",Corynebacterium,0,874
"[618.1417322834645, 913.007874015748]",Lautropia,0,875
"[615.2321428571429, 1343.5892857142858]",Capnocytophaga,0,876
"[620.728, 1200.216]",Leptotrichia,0,877
"[616.2950819672132, 1329.27868852459]",Corynebacterium,0,878
"[618.974358974359, 1698.991452991453]",Leptotrichia,0,879
"[618.6347826086957, 850.8173913043478]",Corynebacterium,0,880
"[619.7156862745098, 1042.313725490196]",Rothia,0,881
"[619.4202898550725, 1401.5217391304348]",Rothia,0,882
"[619.3456790123457, 1590.9506172839506]",Leptotrichia,0,883
"[619.8048780487804, 695.9756097560976]",Corynebacterium,0,884
"[621.6544117647059, 1217.1617647058824]",Leptotrichia,0,885
"[622.008064516129, 743.3145161290323]",Corynebacterium,0,886
"[627.7052631578947, 886.6052631578947]",Corynebacterium,0,887
"[626.3534136546185, 1129.0]",Rothia,0,888
"[621.5210084033613, 1256.9579831932774]",Leptotrichia,0,889
"[621.0322580645161, 1415.6451612903227]",Prevotella,0,890
"[622.6558139534884, 829.7860465116279]",Corynebacterium,0,891
"[620.7741935483871, 1154.3064516129032]",Leptotrichia,0,892
"[621.7631578947369, 1241.4736842105262]",Leptotrichia,0,893
"[620.5230769230769, 1294.6307692307691]",Leptotrichia,0,894
"[628.1795665634675, 1614.7554179566564]",Porphyromonas,0,895
"[627.3455882352941, 601.7205882352941]",Pasteurellaceae,0,896
"[622.7555555555556, 680.0666666666667]",Corynebacterium,0,897
"[622.2931034482758, 1109.896551724138]",Rothia,0,900
"[635.2098214285714, 1155.9107142857142]",Leptotrichia,0,901
"[620.8625, 1356.4125]",TM7,0,902
"[625.869918699187, 1665.040650406504]",Corynebacterium,0,903
"[623.7391304347826, 1383.9565217391305]",TM7,0,904
"[627.4342857142857, 645.6285714285714]",Leptotrichia,0,905
"[637.0650684931506, 1181.5445205479452]",Leptotrichia,0,906
"[631.566265060241, 1434.9518072289156]",Leptotrichia,0,907
"[632.6137339055794, 1467.5064377682404]",Leptotrichia,0,908
"[627.1940298507462, 778.6268656716418]",Corynebacterium,0,909
"[627.8048780487804, 808.939024390244]",TM7,0,911
"[628.2990654205607, 1537.3551401869158]",Leptotrichia,0,912
"[632.6019417475728, 1091.2330097087379]",Prevotella,0,913
"[634.2097902097902, 1141.3776223776224]",Leptotrichia,0,914
"[630.2380952380952, 716.3174603174604]",Corynebacterium,0,915
"[629.4727272727273, 1169.0363636363636]",Leptotrichia,0,916
"[630.3434343434343, 1651.2222222222222]",Corynebacterium,0,917
"[628.9736842105264, 1310.9473684210527]",Pasteurellaceae,0,918
"[628.983870967742, 1328.8548387096773]",Corynebacterium,0,919
"[633.008, 1339.728]",Corynebacterium,0,920
"[631.2536231884058, 1020.2608695652174]",Leptotrichia,0,921
"[630.1458333333334, 1573.28125]",Leptotrichia,0,923
"[630.7179487179487, 625.0]",Streptococcus,0,924
"[637.2067307692307, 865.1442307692307]",TM7,0,925
"[630.42, 1714.72]",Streptococcus,0,926
"[633.0888888888888, 929.562962962963]",Leptotrichia,0,927
"[633.7540983606557, 1051.8196721311476]",Rothia,0,928
"[638.1216216216217, 1072.8963963963963]",Prevotella,0,929
"[643.2235294117647, 1234.9235294117648]",Leptotrichia,0,930
"[632.3237410071943, 1292.2589928057555]",Leptotrichia,0,932
"[631.625, 1401.8522727272727]",Rothia,0,933
"[636.5620437956204, 1450.6204379562043]",Prevotella,0,934
"[647.2154963680388, 1589.685230024213]",Leptotrichia,0,935
"[633.7777777777778, 770.0370370370371]",Corynebacterium,0,936
"[634.6153846153846, 904.625]",Gemella,0,937
"[634.9090909090909, 1364.3636363636363]",TM7,0,938
"[636.8125, 1413.4875]",Rothia,0,939
"[640.6272189349113, 1633.491124260355]",Streptococcus,0,940
"[640.6117021276596, 1700.0585106382978]",Leptotrichia,0,941
"[636.8771929824561, 736.4035087719299]",Corynebacterium,0,942
"[635.1521739130435, 800.7934782608696]",Corynebacterium,0,943
"[639.5948275862069, 846.9568965517242]",Corynebacterium,0,944
"[637.4315789473684, 1033.4421052631578]",Leptotrichia,0,945
"[636.0134228187919, 1379.3288590604027]",Capnocytophaga,0,946
"[637.5, 999.9814814814815]",Leptotrichia,0,947
"[639.0397727272727, 1207.9829545454545]",Leptotrichia,0,948
"[636.9180327868852, 1261.5081967213114]",Leptotrichia,0,949
"[636.952, 951.912]",Prevotella,0,950
"[639.4354838709677, 973.5967741935484]",Leptotrichia,0,951
"[651.5955631399318, 598.0273037542662]",Pasteurellaceae,0,952
"[639.6310679611651, 681.0291262135922]",Corynebacterium,0,953
"[640.0090909090909, 818.0090909090909]",TM7,0,954
"[638.9263157894737, 753.3368421052631]",Corynebacterium,0,955
"[642.7303370786517, 894.0786516853933]",Rothia,0,956
"[641.2857142857143, 1517.631868131868]",Leptotrichia,0,957
"[641.0769230769231, 1682.0673076923076]",Leptotrichia,0,958
"[640.8333333333334, 701.6666666666666]",Corynebacterium,0,959
"[639.6428571428571, 782.8809523809524]",Corynebacterium,0,960
"[647.2136363636364, 1662.5318181818182]",Corynebacterium,0,961
"[647.2857142857143, 639.8455598455598]",Leptotrichia,0,962
"[650.0622222222222, 661.28]",Corynebacterium,0,963
"[643.018691588785, 834.2336448598131]",Corynebacterium,0,964
"[642.90625, 1108.29375]",Leptotrichia,0,965
"[642.9782608695652, 1281.391304347826]",Leptotrichia,0,966
"[646.4761904761905, 573.9142857142857]",Streptococcus,0,968
"[647.008, 1398.176]",Rothia,0,969
"[645.89898989899, 914.2929292929293]",Rothia,0,972
"[645.6760563380282, 690.7605633802817]",Corynebacterium,0,973
"[645.4558823529412, 1352.8529411764705]",Corynebacterium,0,974
"[652.2977777777778, 992.24]",Leptotrichia,0,976
"[655.8181818181819, 1317.5545454545454]",Leptotrichia,0,977
"[647.6285714285714, 769.5142857142857]",Corynebacterium,0,978
"[646.9655172413793, 794.2068965517242]",Corynebacterium,0,979
"[650.6, 714.1882352941177]",Corynebacterium,0,981
"[653.6759776536313, 932.5530726256983]",Prevotella,0,982
"[648.7444444444444, 1019.3333333333334]",Leptotrichia,0,983
"[647.9104477611941, 1047.2686567164178]",Leptotrichia,0,984
"[655.7135416666666, 1096.7552083333333]",Prevotella,0,985
"[652.1370558375635, 1260.517766497462]",Leptotrichia,0,986
"[650.8738738738739, 1300.144144144144]",Leptotrichia,0,987
"[649.8918918918919, 1378.6756756756756]",TM7,0,988
"[649.4069767441861, 1412.2790697674418]",Prevotella,0,989
"[652.5677419354839, 1535.8064516129032]",Leptotrichia,0,990
"[648.78125, 731.4140625]",Corynebacterium,0,991
"[651.6532258064516, 1059.2096774193549]",Rothia,0,992
"[656.376404494382, 1688.556179775281]",Leptotrichia,0,993
"[652.2391304347826, 950.7065217391304]",Leptotrichia,0,994
"[652.9649122807018, 1337.6754385964912]",Corynebacterium,0,995
"[652.3563218390805, 1363.4597701149426]",Corynebacterium,0,996
"[658.0287769784172, 1623.1079136690648]",Streptococcus,0,997
"[654.6966292134831, 677.4044943820224]",Corynebacterium,0,998
"[655.5384615384615, 1131.7527472527472]",Leptotrichia,0,999
"[656.9012875536481, 1207.9055793991417]",Leptotrichia,0,1000
"[652.983870967742, 787.3548387096774]",Corynebacterium,0,1001
"[659.6328502415458, 1472.2415458937198]",Actinomyces,0,1002
"[657.5164835164835, 812.1703296703297]",TM7,0,1003
"[654.7222222222222, 860.9166666666666]",Veillonella,0,1004
"[658.921052631579, 1169.3578947368421]",Leptotrichia,0,1005
"[657.4606060606061, 753.7757575757576]",Corynebacterium,0,1006
"[654.8833333333333, 845.55]",TM7,0,1007
"[657.531746031746, 1567.0]",Prevotella,0,1009
"[656.8695652173913, 1644.840579710145]",Streptococcus,0,1010
"[656.1012658227849, 884.8481012658228]",Prevotella,0,1011
"[656.7733333333333, 1281.0666666666666]",Pasteurellaceae,0,1012
"[657.0943396226415, 1490.7735849056603]",Leptotrichia,0,1013
"[659.4269662921348, 829.7865168539325]",TM7,0,1014
"[660.4625850340136, 907.9047619047619]",Prevotella,0,1015
"[660.0090909090909, 1428.090909090909]",Lautropia,0,1016
"[666.5527638190955, 1506.497487437186]",Actinomyces,0,1017
"[661.8173913043478, 1517.6]",Prevotella,0,1018
"[661.1447368421053, 704.6447368421053]",Corynebacterium,0,1019
"[664.3076923076923, 1018.4298642533937]",Leptotrichia,0,1020
"[659.6634615384615, 1075.6153846153845]",Leptotrichia,0,1021
"[659.9322033898305, 1232.2711864406779]",Leptotrichia,0,1022
"[662.0132450331126, 1606.4039735099338]",Streptococcus,0,1023
"[661.25, 776.078125]",Corynebacterium,0,1024
"[662.2395833333334, 1150.9791666666667]",Leptotrichia,0,1025
"[661.3333333333334, 1449.4466666666667]",Lautropia,0,1026
"[665.5703125, 845.8125]",Capnocytophaga,0,1027
"[667.4461538461538, 1296.702564102564]",Prevotella,0,1028
"[664.9947368421052, 618.0947368421052]",Corynebacterium,0,1029
"[666.3539823008849, 686.4513274336283]",Corynebacterium,0,1030
"[660.5820895522388, 726.179104477612]",Corynebacterium,0,1031
"[664.0632911392405, 1119.5696202531647]",Rothia,0,1032
"[664.4910714285714, 807.4732142857143]",TM7,0,1035
"[662.7666666666667, 1346.5]",Fusobacterium,0,1036
"[667.725, 736.425]",Corynebacterium,0,1038
"[665.0865384615385, 1187.451923076923]",Leptotrichia,0,1039
"[669.2013422818792, 1042.8791946308725]",Actinomyces,0,1040
"[667.2897196261682, 1067.4859813084113]",Leptotrichia,0,1041
"[674.2188679245284, 1409.9056603773586]",Prevotella,0,1042
"[682.1666666666666, 1681.3]",Corynebacterium,0,1043
"[667.9242424242424, 952.280303030303]",Leptotrichia,0,1044
"[668.2986111111111, 1247.3333333333333]",Leptotrichia,0,1045
"[666.5540540540541, 1657.7972972972973]",Pasteurellaceae,0,1046
"[668.5348837209302, 1273.4767441860465]",Leptotrichia,0,1047
"[669.3333333333334, 974.9059829059829]",Leptotrichia,0,1048
"[668.344262295082, 1491.7704918032787]",Leptotrichia,0,1049
"[669.0948275862069, 1532.8706896551723]",Prevotella,0,1050
"[672.6473684210526, 666.4684210526316]",Corynebacterium,0,1051
"[670.1111111111111, 1223.3425925925926]",Leptotrichia,0,1052
"[673.2893401015228, 1638.2030456852792]",Leptotrichia,0,1053
"[673.787610619469, 877.70796460177]",Fusobacterium,0,1054
"[669.7704918032787, 1397.1967213114754]",Prevotella,0,1055
"[672.0833333333334, 650.9583333333334]",Corynebacterium,0,1056
"[671.4247787610619, 1001.7610619469026]",Leptotrichia,0,1057
"[674.5986842105264, 587.6052631578947]",Corynebacterium,0,1058
"[672.6666666666666, 792.4938271604939]",Corynebacterium,0,1059
"[672.0422535211268, 1372.4225352112676]",Corynebacterium,0,1060
"[674.52, 1553.31]",Lautropia,0,1061
"[675.1940298507462, 603.9253731343283]",Capnocytophaga,0,1062
"[675.7857142857143, 754.6507936507936]",Corynebacterium,0,1063
"[672.8307692307692, 924.3923076923077]",Leptotrichia,0,1064
"[675.8604651162791, 1614.8953488372092]",Streptococcus,0,1066
"[676.5942028985507, 715.9130434782609]",Pasteurellaceae,0,1067
"[674.560606060606, 901.8181818181819]",Prevotella,0,1068
"[678.8478260869565, 1116.7463768115942]",Rothia,0,1069
"[677.891719745223, 1149.7898089171974]",Leptotrichia,0,1070
"[681.5965909090909, 1201.8068181818182]",Leptotrichia,0,1071
"[673.1694915254237, 1343.3389830508474]",TM7,0,1072
"[673.9056603773585, 1385.9245283018868]",Prevotella,0,1073
"[678.9050279329609, 1593.2290502793296]",Leptotrichia,0,1074
"[677.9059829059829, 695.7008547008547]",Pasteurellaceae,0,1075
"[676.8461538461538, 800.1666666666666]",Corynebacterium,0,1076
"[675.6266666666667, 858.24]",Capnocytophaga,0,1077
"[681.1413043478261, 941.1739130434783]",Leptotrichia,0,1078
"[674.0566037735849, 1354.566037735849]",TM7,0,1079
"[674.56, 1429.82]",Leptotrichia,0,1080
"[687.5849056603773, 1137.8867924528302]",Prevotella,0,1081
"[679.896, 545.416]",Leptotrichia,0,1082
"[679.145945945946, 773.4594594594595]",Corynebacterium,0,1083
"[676.8311688311688, 1172.0]",Lautropia,0,1084
"[678.2828282828283, 1082.080808080808]",Leptotrichia,0,1089
"[681.9024390243902, 638.3739837398374]",Corynebacterium,0,1091
"[685.7151898734177, 841.7911392405064]",Capnocytophaga,0,1092
"[678.95, 1189.5625]",Leptotrichia,0,1093
"[679.9856115107914, 1449.4676258992806]",Prevotella,0,1094
"[678.59375, 1470.1875]",Leptotrichia,0,1095
"[680.3763440860215, 561.5268817204301]",Leptotrichia,0,1096
"[681.40625, 738.38125]",Corynebacterium,0,1097
"[682.1206896551724, 965.551724137931]",Leptotrichia,0,1098
"[688.2456140350877, 1061.2421052631578]",Prevotella,0,1099
"[684.933962264151, 1374.4528301886792]",Leptotrichia,0,1100
"[680.6734693877551, 1566.4897959183672]",Prevotella,0,1101
"[681.5625, 819.0892857142857]",TM7,0,1102
"[681.7037037037037, 990.3333333333334]",Leptotrichia,0,1103
"[685.7111111111111, 1482.4592592592592]",Leptotrichia,0,1104
"[682.3650793650794, 1425.7619047619048]",Prevotella,0,1105
"[687.940594059406, 860.6633663366337]",Capnocytophaga,0,1106
"[684.11, 1216.17]",Leptotrichia,0,1107
"[682.9481481481481, 1249.1851851851852]",Leptotrichia,0,1108
"[687.8279569892474, 706.2258064516129]",Corynebacterium,0,1109
"[691.9123505976096, 1526.6294820717133]",Prevotella,0,1111
"[686.1503759398496, 620.9172932330827]",Corynebacterium,0,1112
"[686.0340909090909, 1281.25]",Leptotrichia,0,1113
"[685.4375, 1352.03125]",TM7,0,1115
"[686.8446601941747, 1395.9126213592233]",Prevotella,0,1116
"[690.0833333333334, 1578.3333333333333]",Actinomyces,0,1117
"[690.24, 569.864]",Leptotrichia,0,1118
"[690.5406976744187, 910.0116279069767]",Prevotella,0,1119
"[685.5714285714286, 1022.8888888888889]",Prevotella,0,1120
"[693.7267080745341, 1156.5341614906831]",Rothia,0,1121
"[690.9317073170731, 1325.819512195122]",Corynebacterium,0,1122
"[695.75, 1502.4166666666667]",Leptotrichia,0,1123
"[691.3024691358024, 1644.0432098765432]",Streptococcus,0,1124
"[692.9867549668874, 1699.9801324503312]",Streptococcus,0,1125
"[688.7867647058823, 1004.3897058823529]",Prevotella,0,1127
"[693.1625, 1034.0125]",Actinomyces,0,1128
"[693.7203791469194, 1462.0142180094788]",Leptotrichia,0,1129
"[688.3132530120482, 1624.313253012048]",Streptococcus,0,1130
"[689.2596153846154, 928.1826923076923]",Leptotrichia,0,1131
"[687.6166666666667, 1228.1]",Leptotrichia,0,1132
"[689.984962406015, 1664.624060150376]",Corynebacterium,0,1133
"[688.4657534246576, 671.8356164383562]",Corynebacterium,0,1134
"[698.344696969697, 651.9166666666666]",Corynebacterium,0,1135
"[689.5333333333333, 685.6666666666666]",Corynebacterium,0,1136
"[689.2068965517242, 784.7701149425287]",Corynebacterium,0,1137
"[690.9466666666667, 1169.3866666666668]",Leptotrichia,0,1139
"[692.4957264957264, 1438.931623931624]",Leptotrichia,0,1140
"[698.7255813953489, 987.7953488372093]",Rothia,0,1141
"[699.6969696969697, 1296.1060606060605]",Lautropia,0,1142
"[691.875, 725.5208333333334]",Corynebacterium,0,1143
"[693.1449275362319, 820.3768115942029]",TM7,0,1144
"[693.6607142857143, 1088.6875]",Leptotrichia,0,1145
"[699.6108374384237, 952.4926108374384]",Leptotrichia,0,1146
"[694.0493827160494, 1418.3456790123457]",Prevotella,0,1147
"[695.0090909090909, 588.6636363636363]",Capnocytophaga,0,1148
"[695.9745762711865, 600.0508474576271]",Corynebacterium,0,1149
"[696.0694444444445, 695.75]",Corynebacterium,0,1150
"[696.8246753246754, 756.077922077922]",Corynebacterium,0,1151
"[702.2629310344828, 892.9913793103449]",Corynebacterium,0,1152
"[694.7204301075269, 1184.3333333333333]",Leptotrichia,0,1153
"[696.4098360655738, 1107.2622950819673]",Lautropia,0,1155
"[695.2784810126582, 1565.1645569620252]",Prevotella,0,1156
"[697.1212121212121, 797.7474747474747]",Corynebacterium,0,1157
"[695.917808219178, 874.1095890410959]",Veillonella,0,1158
"[700.1346153846154, 1122.7115384615386]",Leptotrichia,0,1159
"[698.4310344827586, 1373.3706896551723]",Treponema,0,1160
"[696.9454545454546, 742.8181818181819]",Corynebacterium,0,1161
"[698.1, 1594.6818181818182]",Streptococcus,0,1162
"[707.7215568862275, 547.4161676646706]",Prevotella,0,1163
"[701.0212765957447, 772.063829787234]",Corynebacterium,0,1164
"[697.5967741935484, 1274.8870967741937]",Gemella,0,1165
"[699.6321839080459, 1336.287356321839]",TM7,0,1166
"[701.1052631578947, 834.0736842105263]",Fusobacterium,0,1168
"[699.475, 1554.675]",Actinomyces,0,1169
"[699.6129032258065, 677.8494623655914]",Corynebacterium,0,1170
"[701.2375, 867.575]",Veillonella,0,1171
"[703.5038167938932, 1050.0534351145038]",Rothia,0,1172
"[704.506329113924, 1219.006329113924]",Leptotrichia,0,1173
"[701.7352941176471, 1237.7720588235295]",Pasteurellaceae,0,1174
"[703.225165562914, 631.225165562914]",Corynebacterium,0,1176
"[702.3709677419355, 1664.0483870967741]",Selenomonas,0,1177
"[703.6585365853658, 714.8719512195122]",Corynebacterium,0,1178
"[707.563492063492, 615.3809523809524]",Corynebacterium,0,1179
"[706.2207792207793, 848.5]",Capnocytophaga,0,1181
"[712.849710982659, 1193.849710982659]",Campylobacter,0,1182
"[705.5438596491229, 1413.3245614035088]",Lautropia,0,1183
"[708.6953642384105, 785.933774834437]",Corynebacterium,0,1184
"[707.2905982905983, 812.9487179487179]",Corynebacterium,0,1185
"[707.3770491803278, 1260.811475409836]",TM7,0,1186
"[714.3932038834952, 1539.2087378640776]",Prevotella,0,1187
"[708.234375, 1028.390625]",Leptotrichia,0,1188
"[711.1228070175439, 921.8888888888889]",Leptotrichia,0,1189
"[713.1344537815127, 1367.3781512605042]",Prevotella,0,1190
"[708.5111111111111, 1642.4814814814815]",Streptococcus,0,1191
"[712.4958677685951, 697.6694214876034]",Corynebacterium,0,1192
"[710.509900990099, 1175.5841584158416]",Gemella,0,1193
"[710.8064516129032, 1312.0887096774193]",TM7,0,1194
"[715.4074074074074, 1620.5185185185185]",Leptotrichia,0,1195
"[710.3088235294117, 666.7794117647059]",Corynebacterium,0,1196
"[711.75, 736.5806451612904]",Corynebacterium,0,1197
"[708.7924528301887, 882.0754716981132]",Veillonella,0,1198
"[711.051724137931, 1079.853448275862]",Leptotrichia,0,1199
"[708.1294117647059, 1095.964705882353]",Leptotrichia,0,1200
"[714.5040322580645, 1435.1532258064517]",Leptotrichia,0,1201
"[710.0, 1577.9026548672566]",Prevotella,0,1202
"[711.816091954023, 902.4942528735633]",Leptotrichia,0,1203
"[720.4962406015038, 1271.3007518796992]",Leptotrichia,0,1204
"[711.072463768116, 1380.9565217391305]",Prevotella,0,1205
"[713.2283950617284, 575.8703703703703]",Corynebacterium,0,1206
"[711.1847826086956, 1136.8260869565217]",Lautropia,0,1207
"[713.1854838709677, 1482.991935483871]",Leptotrichia,0,1208
"[710.8493150684932, 1686.1917808219177]",Actinomyces,0,1209
"[714.5289256198347, 1463.1818181818182]",Leptotrichia,0,1210
"[714.2616822429907, 1656.7102803738317]",Streptococcus,0,1211
"[714.1162790697674, 829.9069767441861]",TM7,0,1212
"[718.1881918819188, 1345.3136531365315]",Lautropia,0,1214
"[712.5416666666666, 1560.0416666666667]",Streptococcus,0,1215
"[713.5576923076923, 1016.0384615384615]",Prevotella,0,1216
"[715.4935064935065, 1239.5454545454545]",TM7,0,1217
"[719.5, 1290.8133333333333]",TM7,0,1218
"[717.2556390977444, 601.3684210526316]",Corynebacterium,0,1219
"[715.5490196078431, 680.343137254902]",Corynebacterium,0,1220
"[716.2405660377359, 758.7311320754717]",Corynebacterium,0,1221
"[717.2736842105263, 1004.0842105263158]",Prevotella,0,1222
"[716.24, 1038.4666666666667]",Rothia,0,1223
"[722.7352941176471, 1598.5392156862745]",Leptotrichia,0,1224
"[718.8014184397163, 964.9219858156029]",Leptotrichia,0,1225
"[720.6377952755905, 1449.267716535433]",Leptotrichia,0,1226
"[718.1758241758242, 1671.967032967033]",Treponema,0,1227
"[720.7916666666666, 1691.3020833333333]",Actinomyces,0,1228
"[717.8365384615385, 861.3846153846154]",Rothia,0,1229
"[717.4955752212389, 943.2389380530974]",Leptotrichia,0,1230
"[720.0581395348837, 1046.2441860465117]",Rothia,0,1231
"[717.7107438016529, 1153.0661157024792]",Leptotrichia,0,1232
"[717.123076923077, 1523.246153846154]",Prevotella,0,1234
"[721.0842105263158, 724.2631578947369]",Corynebacterium,0,1235
"[718.2461538461539, 800.2461538461539]",Corynebacterium,0,1236
"[722.76, 1062.2666666666667]",Fusobacterium,0,1237
"[719.7361111111111, 776.8333333333334]",Corynebacterium,0,1238
"[720.2962962962963, 1322.283950617284]",Pasteurellaceae,0,1239
"[722.0491803278688, 1549.377049180328]",Prevotella,0,1241
"[727.3290322580646, 582.5870967741936]",Corynebacterium,0,1242
"[726.2994011976048, 982.9041916167664]",Leptotrichia,0,1243
"[721.4406779661017, 1499.0169491525423]",Prevotella,0,1244
"[725.1897810218978, 628.0583941605839]",Corynebacterium,0,1245
"[724.078947368421, 552.4912280701755]",Corynebacterium,0,1246
"[727.3620689655172, 642.1954022988506]",Corynebacterium,0,1247
"[722.6111111111111, 657.9861111111111]",Corynebacterium,0,1248
"[723.3243243243244, 1123.7702702702702]",Prevotella,0,1249
"[728.9171974522293, 1379.5414012738854]",Pasteurellaceae,0,1250
"[725.4059405940594, 813.7524752475248]",Corynebacterium,0,1251
"[730.3558052434457, 834.5730337078652]",Corynebacterium,0,1252
"[730.4360189573459, 876.9431279620853]",Leptotrichia,0,1253
"[732.8485804416404, 1405.4321766561513]",Prevotella,0,1254
"[728.0459770114943, 613.8735632183908]",Corynebacterium,0,1255
"[729.6532258064516, 1079.9516129032259]",Rothia,0,1256
"[728.3618090452261, 1575.8994974874372]",Streptococcus,0,1257
"[732.2402597402597, 931.1818181818181]",Pasteurellaceae,0,1258
"[730.8461538461538, 691.7435897435897]",Corynebacterium,0,1259
"[730.811475409836, 790.8688524590164]",Corynebacterium,0,1260
"[736.5, 1095.121739130435]",Leptotrichia,0,1261
"[733.1509433962265, 1144.188679245283]",Leptotrichia,0,1262
"[734.7018633540373, 1183.1739130434783]",Leptotrichia,0,1263
"[727.125, 1197.2916666666667]",Gemella,0,1264
"[732.3828571428571, 1245.577142857143]",Lautropia,0,1266
"[728.8916666666667, 898.2]",Leptotrichia,0,1267
"[729.0752688172043, 1215.8494623655913]",Leptotrichia,0,1268
"[729.7894736842105, 1518.0947368421052]",Prevotella,0,1269
"[731.433628318584, 670.2212389380531]",Corynebacterium,0,1270
"[729.3050847457627, 718.1694915254237]",Corynebacterium,0,1271
"[730.1698113207547, 745.3396226415094]",Corynebacterium,0,1272
"[733.7533333333333, 1013.7533333333333]",Rothia,0,1273
"[730.4809160305343, 1483.0763358778627]",Actinomyces,0,1274
"[732.0555555555555, 516.4444444444445]",Pasteurellaceae,0,1275
"[737.7092511013216, 1313.52422907489]",Corynebacterium,0,1276
"[732.2845528455284, 529.4715447154472]",Corynebacterium,0,1277
"[732.5666666666667, 1054.4666666666667]",Capnocytophaga,0,1278
"[731.8815789473684, 1109.328947368421]",Prevotella,0,1279
"[733.8802816901408, 1646.0140845070423]",Streptococcus,0,1280
"[736.1822222222222, 769.5333333333333]",Corynebacterium,0,1281
"[733.943820224719, 1037.7191011235955]",Rothia,0,1282
"[733.1603773584906, 1425.2075471698113]",Prevotella,0,1283
"[732.4304635761589, 1702.9933774834437]",Streptococcus,0,1284
"[734.0945945945946, 1294.662162162162]",TM7,0,1285
"[737.8425196850394, 1335.0]",TM7,0,1286
"[736.0194174757281, 1612.6504854368932]",Streptococcus,0,1287
"[735.7524752475248, 540.6039603960396]",Corynebacterium,0,1288
"[735.1223021582733, 599.5827338129496]",Corynebacterium,0,1289
"[747.5672268907563, 1229.281512605042]",Leptotrichia,0,1290
"[735.9021739130435, 1503.0869565217392]",Actinomyces,0,1291
"[733.9074074074074, 1668.4444444444443]",Treponema,0,1292
"[741.3364055299539, 1681.6866359447004]",Porphyromonas,0,1293
"[734.8260869565217, 1728.5217391304348]",Streptococcus,0,1294
"[736.3125, 703.71875]",Corynebacterium,0,1296
"[737.0487804878048, 920.0975609756098]",Leptotrichia,0,1297
"[742.9942196531792, 1168.6184971098266]",Leptotrichia,0,1298
"[740.6331360946746, 1559.0]",Actinomyces,0,1299
"[739.6339285714286, 661.375]",Corynebacterium,0,1300
"[742.9067357512953, 802.6943005181347]",Corynebacterium,0,1301
"[735.7647058823529, 942.6323529411765]",Leptotrichia,0,1302
"[739.0625, 1004.2]",Leptotrichia,0,1303
"[738.0153846153846, 678.8923076923077]",Corynebacterium,0,1304
"[737.0384615384615, 1354.1538461538462]",TM7,0,1305
"[736.36, 1367.46]",Lautropia,0,1306
"[745.8834080717489, 971.4798206278027]",Leptotrichia,0,1307
"[738.0067567567568, 1542.7905405405406]",Prevotella,0,1308
"[741.0869565217391, 568.1130434782609]",Corynebacterium,0,1309
"[745.9240506329114, 729.9324894514768]",Corynebacterium,0,1310
"[740.7808219178082, 1075.3424657534247]",Rothia,0,1311
"[742.1829268292682, 1444.4451219512196]",Prevotella,0,1312
"[742.1034482758621, 1261.0]",Lautropia,0,1314
"[742.0084745762712, 1200.6525423728813]",Leptotrichia,0,1315
"[741.6636363636363, 1463.5545454545454]",Leptotrichia,0,1316
"[747.6335078534031, 908.4554973821989]",Leptotrichia,0,1317
"[761.5589225589225, 990.4444444444445]",Leptotrichia,0,1318
"[745.7837837837837, 1028.1081081081081]",Rothia,0,1319
"[742.8181818181819, 1284.0757575757575]",Prevotella,0,1320
"[745.5632183908046, 640.9655172413793]",Corynebacterium,0,1321
"[743.859375, 888.21875]",Leptotrichia,0,1322
"[748.0268817204301, 1630.284946236559]",Leptotrichia,0,1324
"[746.3425925925926, 613.4351851851852]",Corynebacterium,0,1325
"[752.9356435643564, 855.1683168316831]",Veillonella,0,1326
"[746.5128205128206, 1363.3846153846155]",Pasteurellaceae,0,1327
"[747.75, 750.2142857142857]",Corynebacterium,0,1328
"[746.8904109589041, 1046.86301369863]",Fusobacterium,0,1329
"[749.0236220472441, 1058.4173228346456]",Corynebacterium,0,1330
"[749.7573529411765, 591.8161764705883]",Corynebacterium,0,1331
"[749.4716981132076, 1115.937106918239]",Prevotella,0,1334
"[746.4642857142857, 1716.25]",Leptotrichia,0,1337
"[757.2994350282486, 1242.9435028248588]",Leptotrichia,0,1338
"[750.3942857142857, 1602.7542857142857]",Leptotrichia,0,1339
"[749.8125, 1697.4479166666667]",Porphyromonas,0,1340
"[758.7708333333334, 840.0208333333334]",Pasteurellaceae,0,1341
"[752.0320512820513, 1009.6730769230769]",Leptotrichia,0,1342
"[749.6346153846154, 1385.0192307692307]",Leptotrichia,0,1345
"[749.6629213483146, 1573.8651685393259]",Actinomyces,0,1346
"[753.0348837209302, 525.2383720930233]",Corynebacterium,0,1347
"[753.4135338345865, 549.6691729323309]",Corynebacterium,0,1348
"[749.5147058823529, 782.4264705882352]",Corynebacterium,0,1349
"[751.5187969924812, 947.5714285714286]",Leptotrichia,0,1350
"[750.1666666666666, 1512.2]",Prevotella,0,1351
"[750.9444444444445, 1725.7083333333333]",Leptotrichia,0,1352
"[753.1157894736842, 685.8]",Corynebacterium,0,1353
"[751.0833333333334, 1145.3214285714287]",Lautropia,0,1354
"[755.9948717948718, 1494.7897435897437]",Prevotella,0,1355
"[752.5527950310559, 1530.2670807453417]",Prevotella,0,1356
"[756.1947368421053, 504.43684210526317]",TM7,0,1357
"[756.2, 624.7411764705882]",Corynebacterium,0,1358
"[754.1538461538462, 701.1634615384615]",Corynebacterium,0,1359
"[755.8260869565217, 577.0869565217391]",Corynebacterium,0,1360
"[758.5172413793103, 771.1931034482759]",Corynebacterium,0,1361
"[753.9594594594595, 1136.7297297297298]",Rothia,0,1362
"[753.1538461538462, 1672.8615384615384]",Porphyromonas,0,1363
"[755.719512195122, 670.329268292683]",Corynebacterium,0,1364
"[754.9685534591194, 889.4528301886793]",Leptotrichia,0,1365
"[761.9626556016598, 1076.9792531120331]",Fusobacterium,0,1366
"[757.682119205298, 1274.1655629139073]",Lautropia,0,1367
"[755.1428571428571, 1368.7802197802198]",Treponema,0,1369
"[754.2950819672132, 806.7213114754098]",Corynebacterium,0,1370
"[759.5392156862745, 610.9411764705883]",Corynebacterium,0,1373
"[759.25, 720.625]",Corynebacterium,0,1374
"[758.3793103448276, 1650.683908045977]",Leptotrichia,0,1375
"[756.7777777777778, 814.1481481481482]",Corynebacterium,0,1376
"[760.2391304347826, 866.7826086956521]",Leptotrichia,0,1377
"[762.0574712643678, 1426.0114942528735]",Leptotrichia,0,1380
"[758.4754098360655, 1550.983606557377]",Actinomyces,0,1381
"[765.4561403508771, 1733.1614035087719]",Leptotrichia,0,1382
"[759.6326530612245, 1443.5204081632653]",Prevotella,0,1383
"[761.0962343096235, 647.560669456067]",Corynebacterium,0,1384
"[759.9857142857143, 1043.057142857143]",Fusobacterium,0,1385
"[760.5119047619048, 1157.6904761904761]",Leptotrichia,0,1386
"[758.7321428571429, 1177.1964285714287]",Leptotrichia,0,1387
"[765.6016260162602, 1292.479674796748]",Corynebacterium,0,1388
"[763.9308755760369, 1334.410138248848]",Pasteurellaceae,0,1389
"[759.5542857142857, 1465.2285714285715]",Actinomyces,0,1390
"[760.9295774647887, 539.9859154929577]",Corynebacterium,0,1391
"[760.9016393442623, 566.655737704918]",Corynebacterium,0,1392
"[760.2, 1025.3272727272727]",Rothia,0,1393
"[760.5192307692307, 1101.826923076923]",Prevotella,0,1394
"[769.0540540540541, 1133.4633204633205]",Rothia,0,1395
"[766.1085972850678, 1379.5067873303167]",Leptotrichia,0,1396
"[760.8070175438596, 1350.3508771929824]",Treponema,0,1397
"[762.3551401869158, 1619.0093457943926]",Streptococcus,0,1398
"[764.9888888888889, 958.6444444444444]",Leptotrichia,0,1399
"[773.1911111111111, 1584.7288888888888]",Prevotella,0,1400
"[762.9848484848485, 1684.3030303030303]",Porphyromonas,0,1401
"[765.90625, 594.2708333333334]",TM7,0,1402
"[764.5176470588235, 752.3764705882353]",Corynebacterium,0,1403
"[765.3737373737374, 794.1616161616162]",Corynebacterium,0,1404
"[766.202380952381, 826.6904761904761]",Corynebacterium,0,1405
"[767.75, 1309.0735294117646]",Leptotrichia,0,1406
"[769.8617021276596, 1669.4468085106382]",Streptococcus,0,1407
"[770.5408163265306, 1519.3724489795918]",Prevotella,0,1408
"[768.1709401709402, 1543.5384615384614]",Actinomyces,0,1409
"[766.2159090909091, 711.6818181818181]",Corynebacterium,0,1410
"[768.2678571428571, 906.7410714285714]",Leptotrichia,0,1411
"[766.3253012048193, 972.2289156626506]",Leptotrichia,0,1412
"[773.6567164179105, 1601.7064676616915]",Streptococcus,0,1413
"[767.4861111111111, 738.5555555555555]",Corynebacterium,0,1414
"[772.7323943661971, 1152.8309859154929]",Prevotella,0,1417
"[772.1757575757575, 1216.6545454545455]",Leptotrichia,0,1418
"[767.7727272727273, 493.6515151515151]",TM7,0,1419
"[777.6108108108108, 1355.6972972972974]",Leptotrichia,0,1421
"[770.5909090909091, 1404.030303030303]",Leptotrichia,0,1422
"[772.4817073170732, 685.1280487804878]",Corynebacterium,0,1423
"[772.6893203883495, 1046.5922330097087]",TM7,0,1424
"[770.5361445783133, 1182.6144578313254]",Leptotrichia,0,1425
"[772.1769230769231, 1202.2]",Prevotella,0,1426
"[773.9679144385027, 1259.951871657754]",Lautropia,0,1427
"[771.0843373493976, 668.722891566265]",Corynebacterium,0,1428
"[772.3712121212121, 810.1212121212121]",Corynebacterium,0,1429
"[773.6231884057971, 627.4927536231884]",Corynebacterium,0,1430
"[773.0, 924.4809160305343]",Leptotrichia,0,1431
"[775.3539823008849, 1324.3628318584072]",Corynebacterium,0,1432
"[774.2608695652174, 656.2028985507246]",Corynebacterium,0,1434
"[777.6814814814815, 720.2814814814815]",Corynebacterium,0,1435
"[774.4077669902913, 766.8932038834952]",Pasteurellaceae,0,1436
"[775.52, 944.264]",Leptotrichia,0,1437
"[772.8813559322034, 1233.3728813559321]",Leptotrichia,0,1438
"[776.2818791946308, 1560.6510067114093]",Actinomyces,0,1439
"[773.2380952380952, 484.07936507936506]",Selenomonas,0,1440
"[775.875, 512.4485294117648]",Corynebacterium,0,1441
"[775.009009009009, 555.3153153153153]",Corynebacterium,0,1442
"[775.417808219178, 1025.0205479452054]",Prevotella,0,1443
"[778.020942408377, 1074.5183246073298]",Rothia,0,1444
"[779.7426900584795, 610.9883040935673]",Corynebacterium,0,1445
"[775.6926829268293, 531.8926829268293]",Corynebacterium,0,1446
"[785.0285714285715, 571.1714285714286]",Leptotrichia,0,1447
"[777.0333333333333, 1056.6166666666666]",Fusobacterium,0,1448
"[774.9078947368421, 1440.0394736842106]",Actinomyces,0,1449
"[774.92, 1639.02]",Streptococcus,0,1450
"[777.3469387755102, 868.9183673469388]",Lautropia,0,1451
"[776.7924528301887, 1532.622641509434]",Actinomyces,0,1452
"[777.5147058823529, 736.75]",Corynebacterium,0,1453
"[777.3846153846154, 1649.5692307692307]",Streptococcus,0,1454
"[781.049504950495, 751.4554455445544]",Corynebacterium,0,1455
"[784.0, 786.4100418410042]",Corynebacterium,0,1456
"[779.1481481481482, 1002.3456790123457]",Leptotrichia,0,1457
"[779.9126213592233, 1119.6893203883494]",Lautropia,0,1458
"[779.6666666666666, 1701.2190476190476]",Lautropia,0,1459
"[781.2965517241379, 1723.496551724138]",Porphyromonas,0,1460
"[783.6158536585366, 1095.189024390244]",Prevotella,0,1461
"[781.6120689655172, 1454.3879310344828]",Leptotrichia,0,1462
"[778.9019607843137, 1541.7058823529412]",Actinomyces,0,1463
"[787.2758620689655, 707.8965517241379]",Corynebacterium,0,1464
"[781.3153153153153, 962.9549549549549]",Leptotrichia,0,1465
"[779.4050632911392, 1287.607594936709]",Pasteurellaceae,0,1466
"[780.672131147541, 1376.0819672131147]",Pasteurellaceae,0,1467
"[783.1111111111111, 832.6410256410256]",Corynebacterium,0,1468
"[781.525641025641, 849.1794871794872]",Rothia,0,1469
"[783.390625, 1228.328125]",Leptotrichia,0,1470
"[781.8867924528302, 1474.6698113207547]",Streptococcus,0,1471
"[782.6571428571428, 1741.5809523809523]",Streptococcus,0,1472
"[787.9939393939394, 1309.9454545454546]",Leptotrichia,0,1473
"[785.554347826087, 644.679347826087]",Corynebacterium,0,1474
"[783.9629629629629, 1174.9876543209878]",Leptotrichia,0,1475
"[782.7727272727273, 1240.6515151515152]",Lautropia,0,1476
"[786.4758620689655, 497.3103448275862]",Prevotella,0,1477
"[785.1018518518518, 591.7037037037037]",Corynebacterium,0,1478
"[786.584, 1149.464]",Prevotella,0,1480
"[786.8492063492064, 1495.531746031746]",Streptococcus,0,1481
"[786.3157894736842, 1645.9649122807018]",Streptococcus,0,1482
"[785.8024691358024, 1669.0]",Porphyromonas,0,1483
"[786.8636363636364, 530.3181818181819]",Corynebacterium,0,1484
"[794.1278195488721, 888.2205513784461]",Prevotella,0,1485
"[789.0337837837837, 982.8513513513514]",Leptotrichia,0,1486
"[786.0, 1335.7936507936508]",Corynebacterium,0,1487
"[786.7261904761905, 1432.4761904761904]",Streptococcus,0,1488
"[787.4597701149426, 1607.4827586206898]",Streptococcus,0,1490
"[789.6153846153846, 1624.8461538461538]",Streptococcus,0,1491
"[789.8155339805825, 693.5631067961165]",Corynebacterium,0,1492
"[788.1770833333334, 475.6145833333333]",Leptotrichia,0,1493
"[792.2937853107345, 817.0677966101695]",Corynebacterium,0,1494
"[790.3076923076923, 915.7461538461539]",Leptotrichia,0,1495
"[791.0873786407767, 1416.893203883495]",Lautropia,0,1496
"[787.8857142857142, 1519.7142857142858]",Prevotella,0,1497
"[790.2935779816514, 547.4678899082569]",Corynebacterium,0,1498
"[791.9835164835165, 1045.6153846153845]",Fusobacterium,0,1499
"[797.4598930481284, 1400.6791443850268]",Leptotrichia,0,1500
"[789.982905982906, 1540.5641025641025]",Streptococcus,0,1501
"[793.1428571428571, 1576.098901098901]",Porphyromonas,0,1502
"[795.6340206185567, 677.1134020618557]",Corynebacterium,0,1503
"[795.983870967742, 933.1048387096774]",Leptotrichia,0,1504
"[793.7980295566502, 1192.9162561576354]",Prevotella,0,1505
"[791.1009174311927, 1213.2385321100917]",Leptotrichia,0,1506
"[791.967032967033, 662.4505494505495]",Corynebacterium,0,1507
"[793.7391304347826, 733.5652173913044]",Corynebacterium,0,1508
"[791.9548387096775, 1271.2]",Leptotrichia,0,1509
"[791.9347826086956, 1655.9565217391305]",Streptococcus,0,1510
"[795.9, 757.6428571428571]",TM7,0,1511
"[793.1969696969697, 770.1212121212121]",TM7,0,1512
"[792.8061224489796, 1067.469387755102]",Prevotella,0,1513
"[796.672514619883, 1252.0233918128654]",Lautropia,0,1514
"[791.6290322580645, 1292.532258064516]",Prevotella,0,1515
"[792.3921568627451, 602.1960784313726]",Corynebacterium,0,1516
"[795.0875, 1379.575]",Leptotrichia,0,1517
"[793.9230769230769, 802.7538461538461]",Corynebacterium,0,1518
"[799.1173184357542, 948.659217877095]",Leptotrichia,0,1519
"[796.8119658119658, 1018.0769230769231]",Prevotella,0,1520
"[805.3092783505155, 1102.6701030927834]",Leptotrichia,0,1521
"[796.4672897196261, 1118.0654205607477]",Prevotella,0,1522
"[797.5066666666667, 1333.16]",Leptotrichia,0,1523
"[795.3243243243244, 1346.6351351351352]",Leptotrichia,0,1524
"[795.7368421052631, 1508.6766917293232]",Prevotella,0,1525
"[795.7297297297297, 1688.054054054054]",Porphyromonas,0,1526
"[799.0420168067227, 1085.9747899159663]",Prevotella,0,1527
"[798.6910569105692, 1165.9349593495936]",Leptotrichia,0,1528
"[811.3702290076336, 1365.7251908396947]",Lautropia,0,1529
"[799.5652173913044, 1611.6695652173912]",Streptococcus,0,1530
"[796.1194029850747, 521.1940298507462]",Corynebacterium,0,1531
"[799.0652173913044, 1134.5]",Lautropia,0,1532
"[796.0843373493976, 1233.2530120481927]",Campylobacter,0,1533
"[797.0090909090909, 1478.7818181818182]",Actinomyces,0,1534
"[796.4157303370787, 1558.4719101123596]",Leptotrichia,0,1535
"[797.7213114754098, 610.1639344262295]",Corynebacterium,0,1536
"[803.4196078431372, 631.5607843137254]",Corynebacterium,0,1537
"[802.9494949494949, 1707.2878787878788]",Selenomonas,0,1538
"[798.24, 451.65]",Campylobacter,0,1539
"[800.9159663865546, 966.4789915966387]",Streptococcus,0,1540
"[801.0340909090909, 1318.3636363636363]",Rothia,0,1541
"[797.5433070866142, 1460.6771653543308]",Streptococcus,0,1542
"[800.7735849056604, 482.99056603773585]",TM7,0,1543
"[798.9215686274509, 745.6470588235294]",Pasteurellaceae,0,1544
"[798.7358490566038, 781.2830188679245]",Corynebacterium,0,1545
"[807.4647302904565, 978.5850622406639]",Treponema,0,1546
"[803.8686131386861, 1668.7956204379561]",Treponema,0,1548
"[808.1830985915493, 513.4014084507043]",TM7,0,1549
"[803.155737704918, 850.139344262295]",Rothia,0,1550
"[806.2450331125827, 1173.6556291390727]",Leptotrichia,0,1551
"[811.1758793969849, 1383.1859296482412]",Leptotrichia,0,1552
"[804.1931818181819, 1428.534090909091]",Porphyromonas,0,1553
"[801.9166666666666, 546.9]",Corynebacterium,0,1554
"[807.4728682170543, 578.3023255813954]",TM7,0,1555
"[804.9504132231405, 724.5123966942149]",Corynebacterium,0,1556
"[805.5204081632653, 1638.4591836734694]",Porphyromonas,0,1558
"[808.6, 1722.5714285714287]",Corynebacterium,0,1559
"[808.580459770115, 532.5229885057471]",Corynebacterium,0,1560
"[803.4166666666666, 567.65]",TM7,0,1561
"[807.0212765957447, 695.8439716312057]",Corynebacterium,0,1562
"[809.0480769230769, 804.0336538461538]",Corynebacterium,0,1563
"[814.96875, 826.8958333333334]",Rothia,0,1564
"[817.8847736625514, 865.1769547325102]",Leptotrichia,0,1565
"[804.7349397590361, 1735.0963855421687]",Corynebacterium,0,1566
"[808.2475247524752, 469.76237623762376]",Veillonella,0,1567
"[806.3870967741935, 556.1774193548387]",Corynebacterium,0,1568
"[805.7205882352941, 997.1323529411765]",Pasteurellaceae,0,1569
"[808.3266666666667, 1048.66]",Rothia,0,1570
"[806.1395348837209, 1148.2790697674418]",Leptotrichia,0,1571
"[807.4285714285714, 1446.031746031746]",Streptococcus,0,1572
"[808.8449612403101, 498.30232558139534]",TM7,0,1573
"[807.1276595744681, 654.0744680851063]",Corynebacterium,0,1574
"[815.7967914438502, 1069.6363636363637]",Actinomyces,0,1575
"[816.3523809523809, 1270.9]",Leptotrichia,0,1576
"[812.3484848484849, 1331.3333333333333]",Leptotrichia,0,1577
"[808.7702702702703, 768.2702702702703]",Corynebacterium,0,1578
"[812.3795620437957, 1288.3138686131388]",Treponema,0,1579
"[807.9310344827586, 1488.3275862068965]",Leptotrichia,0,1580
"[809.5588235294117, 1524.637254901961]",Actinomyces,0,1581
"[807.91, 1563.49]",Leptotrichia,0,1582
"[809.7789473684211, 1582.2631578947369]",Porphyromonas,0,1583
"[807.546875, 1648.71875]",Actinomyces,0,1584
"[812.1931034482759, 1349.9586206896552]",Lautropia,0,1586
"[816.7298387096774, 1407.9435483870968]",Leptotrichia,0,1587
"[813.3008849557522, 666.637168141593]",Corynebacterium,0,1588
"[814.6271186440678, 708.271186440678]",Corynebacterium,0,1589
"[811.3380281690141, 917.6338028169014]",Leptotrichia,0,1590
"[812.8923076923077, 1497.323076923077]",Streptococcus,0,1591
"[817.1111111111111, 1623.2740740740742]",Streptococcus,0,1592
"[818.2164948453608, 1656.2371134020618]",Streptococcus,0,1593
"[813.0769230769231, 1693.298076923077]",Corynebacterium,0,1595
"[820.4135021097046, 1125.1518987341772]",Streptococcus,0,1597
"[812.8706896551724, 452.73275862068965]",Veillonella,0,1598
"[812.3870967741935, 613.6129032258065]",Pasteurellaceae,0,1599
"[813.2680412371134, 783.2680412371134]",Corynebacterium,0,1600
"[817.4630541871921, 1007.1182266009852]",Treponema,0,1601
"[811.6792452830189, 1079.5471698113208]",Streptococcus,0,1602
"[811.1639344262295, 1242.1803278688524]",Leptotrichia,0,1603
"[814.3650793650794, 1311.5]",Prevotella,0,1604
"[814.411214953271, 1468.4766355140187]",Leptotrichia,0,1605
"[813.746835443038, 1023.4430379746835]",Leptotrichia,0,1606
"[817.9162790697675, 1214.4558139534884]",Leptotrichia,0,1607
"[814.2264150943396, 1544.188679245283]",Streptococcus,0,1608
"[815.104347826087, 1739.878260869565]",Corynebacterium,0,1609
"[815.3722627737226, 742.4087591240876]",Corynebacterium,0,1610
"[817.8357142857143, 1595.8285714285714]",Streptococcus,0,1612
"[822.6461538461539, 600.748717948718]",Corynebacterium,0,1613
"[817.280701754386, 933.3508771929825]",Streptococcus,0,1614
"[818.1730769230769, 679.2788461538462]",Corynebacterium,0,1616
"[816.953125, 1155.84375]",Leptotrichia,0,1617
"[829.2098765432099, 1253.9835390946503]",Leptotrichia,0,1618
"[824.2371541501976, 1436.6166007905138]",Streptococcus,0,1619
"[821.8809523809524, 1606.4126984126983]",Streptococcus,0,1620
"[822.2857142857143, 756.4453781512605]",Corynebacterium,0,1624
"[820.1578947368421, 1481.75]",Leptotrichia,0,1626
"[823.3188405797101, 1085.768115942029]",Leptotrichia,0,1627
"[820.4891304347826, 553.6630434782609]",Capnocytophaga,0,1628
"[823.606936416185, 643.5549132947976]",Corynebacterium,0,1629
"[826.1428571428571, 877.9571428571429]",Leptotrichia,0,1630
"[823.5111111111111, 1111.2333333333333]",Leptotrichia,0,1631
"[828.748717948718, 1508.0820512820512]",Actinomyces,0,1632
"[824.9015151515151, 1639.7727272727273]",Porphyromonas,0,1633
"[823.950354609929, 722.0]",Corynebacterium,0,1634
"[834.8861111111111, 851.7388888888889]",Leptotrichia,0,1635
"[827.1162790697674, 897.4697674418604]",Leptotrichia,0,1636
"[822.3297872340426, 1187.962765957447]",Prevotella,0,1637
"[824.7567567567568, 1577.2094594594594]",Porphyromonas,0,1638
"[822.7931034482758, 442.2241379310345]",Leptotrichia,0,1639
"[827.25, 988.3846153846154]",Porphyromonas,0,1640
"[826.3297872340426, 1238.1382978723404]",Leptotrichia,0,1641
"[823.4666666666667, 1697.2533333333333]",Corynebacterium,0,1642
"[823.2352941176471, 770.2352941176471]",Capnocytophaga,0,1643
"[827.5511811023622, 975.0]",Pasteurellaceae,0,1644
"[825.1857142857143, 1330.3428571428572]",Leptotrichia,0,1645
"[828.936, 536.6]",Pasteurellaceae,0,1646
"[825.2325581395348, 621.7093023255813]",Corynebacterium,0,1647
"[829.255172413793, 797.3103448275862]",Corynebacterium,0,1648
"[827.3571428571429, 573.2142857142857]",Capnocytophaga,0,1649
"[838.6174496644295, 1385.6140939597315]",Leptotrichia,0,1651
"[825.8378378378378, 1717.9054054054054]",Corynebacterium,0,1652
"[828.0093457943925, 949.4579439252336]",Leptotrichia,0,1654
"[833.8623188405797, 1038.4782608695652]",Prevotella,0,1655
"[831.9320388349514, 1096.4660194174758]",Corynebacterium,0,1656
"[826.9122807017544, 1169.7719298245613]",Prevotella,0,1657
"[829.9708737864078, 1522.3300970873786]",Leptotrichia,0,1658
"[827.6354166666666, 1675.84375]",Leptotrichia,0,1659
"[829.6785714285714, 510.1666666666667]",Corynebacterium,0,1660
"[833.1969111969112, 481.58301158301157]",Corynebacterium,0,1661
"[832.9401709401709, 558.974358974359]",Capnocytophaga,0,1662
"[831.1025641025641, 695.1692307692308]",Corynebacterium,0,1663
"[832.8235294117648, 776.9117647058823]",Corynebacterium,0,1664
"[832.9661835748792, 1138.7632850241546]",Prevotella,0,1665
"[827.5, 1288.0]",Lautropia,0,1666
"[829.3898305084746, 1310.4661016949153]",Leptotrichia,0,1667
"[832.4028776978417, 1459.7553956834533]",Streptococcus,0,1668
"[831.1313131313132, 460.3131313131313]",Corynebacterium,0,1669
"[830.0483870967741, 832.4354838709677]",Prevotella,0,1670
"[829.4933333333333, 1541.76]",Porphyromonas,0,1671
"[833.3555555555556, 661.5055555555556]",Corynebacterium,0,1672
"[832.2297297297297, 1156.5405405405406]",Prevotella,0,1673
"[831.4725274725274, 1417.4725274725274]",Prevotella,0,1675
"[840.4345238095239, 1478.0833333333333]",Rothia,0,1676
"[841.6666666666666, 1691.5857142857142]",Selenomonas,0,1677
"[838.2056074766355, 674.9719626168225]",Corynebacterium,0,1678
"[832.2467532467532, 736.1688311688312]",Corynebacterium,0,1679
"[840.096256684492, 1023.4117647058823]",Rothia,0,1680
"[834.6582278481013, 1301.9367088607594]",Leptotrichia,0,1681
"[834.5365853658536, 1751.9146341463415]",Selenomonas,0,1682
"[834.2692307692307, 809.8205128205128]",Veillonella,0,1683
"[835.7777777777778, 1004.1666666666666]",Streptococcus,0,1684
"[838.6812227074236, 1057.5895196506551]",Prevotella,0,1685
"[838.4571428571429, 1271.76]",Lautropia,0,1686
"[834.3333333333334, 1335.904761904762]",Leptotrichia,0,1687
"[834.4615384615385, 1732.076923076923]",Leptotrichia,0,1688
"[834.1785714285714, 446.9642857142857]",Capnocytophaga,0,1689
"[840.0603448275862, 1226.603448275862]",Leptotrichia,0,1690
"[840.5925925925926, 1406.6613756613756]",Prevotella,0,1691
"[836.5641025641025, 911.6025641025641]",Leptotrichia,0,1692
"[833.7307692307693, 1699.326923076923]",Corynebacterium,0,1694
"[839.6742424242424, 746.6439393939394]",Corynebacterium,0,1695
"[841.2642857142857, 940.5]",Actinomyces,0,1696
"[838.1111111111111, 958.9583333333334]",Streptococcus,0,1697
"[840.2631578947369, 1358.3625730994152]",Fusobacterium,0,1698
"[836.7428571428571, 1710.695238095238]",Selenomonas,0,1699
"[840.1259259259259, 619.5111111111111]",Corynebacterium,0,1700
"[843.6629834254144, 1614.6022099447514]",Porphyromonas,0,1701
"[835.8571428571429, 1625.7142857142858]",Porphyromonas,0,1702
"[839.1558441558442, 502.0779220779221]",Corynebacterium,0,1703
"[842.1438848920864, 1194.6906474820144]",Leptotrichia,0,1704
"[842.6043956043956, 1238.0879120879122]",Leptotrichia,0,1705
"[842.7327586206897, 1538.6379310344828]",Porphyromonas,0,1706
"[837.283950617284, 1577.4074074074074]",Porphyromonas,0,1707
"[843.7948717948718, 1111.837606837607]",Leptotrichia,0,1708
"[838.9090909090909, 1168.0]",Leptotrichia,0,1709
"[844.4723618090452, 1563.3165829145728]",Streptococcus,0,1710
"[846.247311827957, 582.2096774193549]",Rothia,0,1711
"[841.9894736842106, 1080.8315789473684]",Leptotrichia,0,1712
"[842.7663551401869, 1667.943925233645]",Streptococcus,0,1713
"[843.8217821782179, 545.8019801980198]",Corynebacterium,0,1714
"[840.8039215686274, 609.2156862745098]",Corynebacterium,0,1715
"[842.7889908256881, 638.1467889908257]",Corynebacterium,0,1716
"[841.9487179487179, 973.3461538461538]",Corynebacterium,0,1717
"[841.7931034482758, 1633.2413793103449]",Streptococcus,0,1718
"[841.8854166666666, 522.09375]",Corynebacterium,0,1719
"[841.0909090909091, 709.6565656565657]",Corynebacterium,0,1720
"[845.831081081081, 723.0945945945946]",Corynebacterium,0,1721
"[847.3939393939394, 760.3838383838383]",Corynebacterium,0,1722
"[847.1194029850747, 1178.9776119402984]",Leptotrichia,0,1723
"[845.929203539823, 823.141592920354]",Gemella,0,1724
"[849.3354838709678, 1442.0129032258064]",Leptotrichia,0,1725
"[846.4012738853503, 437.4968152866242]",TM7,0,1726
"[850.625, 688.175]",Corynebacterium,0,1727
"[847.4659090909091, 923.5227272727273]",Leptotrichia,0,1728
"[844.7611940298508, 1209.7462686567164]",Leptotrichia,0,1729
"[848.2533333333333, 600.2933333333333]",Capnocytophaga,0,1731
"[847.9818181818182, 871.9727272727273]",Leptotrichia,0,1732
"[855.73828125, 996.35546875]",Rothia,0,1733
"[851.5815384615385, 1316.3107692307692]",Lautropia,0,1734
"[847.5054945054945, 1424.2087912087911]",Actinomyces,0,1735
"[848.8936170212766, 887.1702127659574]",Leptotrichia,0,1736
"[849.5266666666666, 1501.5]",Streptococcus,0,1737
"[851.3025210084033, 775.8781512605042]",Corynebacterium,0,1738
"[849.1304347826087, 1281.0289855072465]",Lautropia,0,1739
"[852.7322404371585, 494.7049180327869]",Corynebacterium,0,1741
"[850.6822429906542, 804.803738317757]",Rothia,0,1742
"[848.5192307692307, 984.1730769230769]",Pasteurellaceae,0,1743
"[853.3311258278146, 1712.5761589403974]",Selenomonas,0,1744
"[855.5156950672646, 455.8340807174888]",Corynebacterium,0,1745
"[851.3103448275862, 1094.1264367816093]",Fusobacterium,0,1746
"[852.9132653061224, 1146.5051020408164]",Pasteurellaceae,0,1747
"[854.551724137931, 1653.0344827586207]",Porphyromonas,0,1748
"[852.8322580645162, 1736.1870967741936]",Leptotrichia,0,1749
"[856.8482142857143, 557.875]",Corynebacterium,0,1750
"[853.0225563909775, 903.2406015037594]",Leptotrichia,0,1751
"[852.1196581196581, 660.9487179487179]",Corynebacterium,0,1752
"[853.0666666666667, 955.6190476190476]",Prevotella,0,1753
"[857.547619047619, 1129.6488095238096]",Corynebacterium,0,1754
"[861.6895161290323, 520.5927419354839]",Corynebacterium,0,1755
"[856.1658031088083, 1049.1295336787564]",Actinomyces,0,1756
"[858.9090909090909, 1252.528409090909]",Gemella,0,1757
"[854.7, 1636.125]",Porphyromonas,0,1758
"[855.7173913043479, 736.2282608695652]",Corynebacterium,0,1760
"[856.6521739130435, 1031.1521739130435]",Rothia,0,1761
"[855.2118644067797, 1526.0254237288136]",Porphyromonas,0,1762
"[855.6, 533.5684210526316]",Corynebacterium,0,1763
"[858.5348837209302, 610.4069767441861]",Corynebacterium,0,1764
"[854.9193548387096, 633.4032258064516]",Corynebacterium,0,1765
"[856.8737864077669, 1073.6796116504854]",Prevotella,0,1766
"[861.0620689655173, 1291.6413793103447]",Leptotrichia,0,1767
"[855.1808510638298, 1366.5]",Leptotrichia,0,1768
"[858.3524590163935, 1406.0245901639344]",Prevotella,0,1769
"[861.4907407407408, 1602.1944444444443]",Leptotrichia,0,1770
"[864.5, 1018.3117647058823]",Rothia,0,1771
"[857.8971428571429, 1342.222857142857]",Prevotella,0,1772
"[859.3333333333334, 649.4027777777778]",Corynebacterium,0,1773
"[866.5846994535519, 754.4863387978143]",Rothia,0,1774
"[858.9666666666667, 845.2416666666667]",Leptotrichia,0,1775
"[858.26875, 1205.975]",Leptotrichia,0,1776
"[858.8383838383838, 1666.8080808080808]",Porphyromonas,0,1777
"[863.125748502994, 1464.0299401197606]",Actinomyces,0,1779
"[862.0765027322404, 473.85792349726773]",Capnocytophaga,0,1780
"[861.7588235294118, 932.8823529411765]",Leptotrichia,0,1781
"[861.5666666666667, 1107.1444444444444]",Leptotrichia,0,1782
"[860.7529411764706, 1162.3294117647058]",Pasteurellaceae,0,1783
"[861.8383838383838, 1752.878787878788]",Corynebacterium,0,1784
"[864.4713375796179, 676.2356687898089]",Corynebacterium,0,1785
"[862.6287425149701, 713.3473053892216]",Corynebacterium,0,1786
"[864.0601503759399, 970.3007518796992]",Corynebacterium,0,1787
"[864.7658227848101, 790.9177215189874]",Veillonella,0,1789
"[861.763440860215, 1232.6774193548388]",Leptotrichia,0,1790
"[861.2375, 1487.0875]",Porphyromonas,0,1791
"[867.7357512953367, 1680.4145077720207]",Leptotrichia,0,1792
"[871.9319371727748, 1088.4869109947645]",Corynebacterium,0,1793
"[870.3937823834196, 1193.0362694300518]",Veillonella,0,1794
"[862.2272727272727, 1263.2878787878788]",Gemella,0,1795
"[863.421052631579, 1578.6140350877192]",Porphyromonas,0,1797
"[870.1437908496732, 867.6797385620915]",Leptotrichia,0,1798
"[864.9235294117647, 1376.229411764706]",Fusobacterium,0,1799
"[862.7068965517242, 1419.6379310344828]",Porphyromonas,0,1800
"[865.5802469135803, 1539.8024691358025]",Porphyromonas,0,1801
"[864.3076923076923, 1702.7692307692307]",Porphyromonas,0,1802
"[868.3481481481482, 432.36296296296297]",TM7,0,1803
"[867.0940170940171, 1511.6324786324785]",Actinomyces,0,1804
"[867.8082901554404, 581.1917098445596]",Capnocytophaga,0,1805
"[868.9817518248175, 889.6496350364963]",Leptotrichia,0,1806
"[868.34375, 1619.8515625]",Streptococcus,0,1808
"[868.4716981132076, 1784.0754716981132]",Leptotrichia,0,1809
"[866.8481012658228, 638.1012658227849]",Corynebacterium,0,1811
"[866.9090909090909, 947.3636363636364]",TM7,0,1812
"[870.0604395604396, 1449.4395604395604]",Streptococcus,0,1813
"[870.6803278688525, 620.1639344262295]",Corynebacterium,0,1815
"[870.074074074074, 657.3518518518518]",Corynebacterium,0,1816
"[868.9620253164557, 692.4177215189874]",Corynebacterium,0,1817
"[868.9272727272727, 810.7]",Leptotrichia,0,1818
"[871.8918918918919, 985.0900900900901]",Capnocytophaga,0,1819
"[869.0, 1171.5675675675675]",Corynebacterium,0,1820
"[868.234375, 1636.8125]",Porphyromonas,0,1821
"[867.7333333333333, 1724.4]",Porphyromonas,0,1822
"[877.10625, 1275.4125]",Prevotella,0,1823
"[873.7125, 1399.6875]",Leptotrichia,0,1824
"[871.248322147651, 497.76510067114094]",Corynebacterium,0,1825
"[872.2934131736527, 1145.9580838323354]",Corynebacterium,0,1826
"[872.0392156862745, 1430.3823529411766]",Leptotrichia,0,1827
"[872.8, 727.3793103448276]",Corynebacterium,0,1828
"[874.3805309734513, 774.5044247787611]",Prevotella,0,1829
"[871.7157894736843, 1491.778947368421]",Porphyromonas,0,1831
"[874.2139303482587, 1655.1442786069651]",Porphyromonas,0,1832
"[871.96875, 453.34375]",TM7,0,1833
"[874.2352941176471, 916.8176470588236]",Leptotrichia,0,1834
"[873.1875, 1039.475]",Selenomonas,0,1835
"[875.4081632653061, 1050.4489795918366]",Porphyromonas,0,1836
"[873.0, 1359.140350877193]",Prevotella,0,1837
"[872.2741935483871, 1735.258064516129]",Porphyromonas,0,1838
"[877.6911764705883, 542.9411764705883]",Corynebacterium,0,1839
"[882.08, 958.2057142857143]",TM7,0,1840
"[875.1238938053098, 1113.0088495575221]",Porphyromonas,0,1841
"[874.7532467532468, 1247.5454545454545]",TM7,0,1842
"[872.4383561643835, 1316.2739726027398]",Leptotrichia,0,1843
"[875.3777777777777, 1529.1333333333334]",Porphyromonas,0,1844
"[873.87, 1561.57]",Porphyromonas,0,1845
"[876.2666666666667, 1760.5666666666666]",Corynebacterium,0,1847
"[876.1223021582733, 847.2661870503597]",Prevotella,0,1848
"[880.7258687258687, 1065.8146718146718]",Pasteurellaceae,0,1849
"[874.2352941176471, 1219.835294117647]",Treponema,0,1851
"[874.9, 828.5625]",Leptotrichia,0,1852
"[878.4705882352941, 1344.9159663865546]",Leptotrichia,0,1855
"[884.9155844155844, 600.9253246753246]",Corynebacterium,0,1856
"[879.981981981982, 1381.7567567567567]",Porphyromonas,0,1857
"[876.9642857142857, 1700.5625]",Leptotrichia,0,1858
"[877.9775280898876, 744.5842696629213]",Prevotella,0,1859
"[885.725, 908.74375]",Pasteurellaceae,0,1860
"[879.3137254901961, 1329.7843137254902]",Leptotrichia,0,1861
"[879.65, 1581.2285714285715]",Porphyromonas,0,1862
"[880.6153846153846, 999.5982905982906]",Prevotella,0,1864
"[878.3333333333334, 1160.716049382716]",Corynebacterium,0,1865
"[885.9484126984127, 1294.1785714285713]",Leptotrichia,0,1866
"[887.3275862068965, 1486.0]",Porphyromonas,0,1867
"[878.1, 636.45]",Corynebacterium,0,1868
"[879.9828571428571, 702.4]",Corynebacterium,0,1869
"[888.366935483871, 974.5685483870968]",Capnocytophaga,0,1870
"[881.98125, 469.11875]",Selenomonas,0,1871
"[881.9411764705883, 514.4375]",Corynebacterium,0,1872
"[884.9490445859873, 681.8662420382166]",Pasteurellaceae,0,1873
"[898.510067114094, 938.0234899328859]",Rothia,0,1874
"[882.6914893617021, 1084.159574468085]",Corynebacterium,0,1875
"[880.9718309859155, 1232.9014084507041]",Veillonella,0,1876
"[880.8157894736842, 1261.9605263157894]",Leptotrichia,0,1877
"[883.4924242424242, 1415.9318181818182]",Leptotrichia,0,1878
"[887.2554347826087, 619.6467391304348]",Corynebacterium,0,1879
"[885.0993788819876, 1364.27950310559]",Fusobacterium,0,1880
"[886.3774834437086, 1543.7152317880796]",Porphyromonas,0,1881
"[892.2291021671826, 1015.501547987616]",Capnocytophaga,0,1882
"[883.9180327868852, 1035.4918032786886]",Rothia,0,1883
"[882.8636363636364, 1622.030303030303]",Porphyromonas,0,1884
"[887.8525641025641, 447.7371794871795]",Corynebacterium,0,1885
"[886.140350877193, 565.9561403508771]",Corynebacterium,0,1886
"[883.3787878787879, 808.2575757575758]",Leptotrichia,0,1887
"[883.8666666666667, 886.9333333333333]",Pasteurellaceae,0,1888
"[887.4910714285714, 582.9732142857143]",Corynebacterium,0,1889
"[886.659793814433, 759.5463917525773]",Leptotrichia,0,1890
"[887.8157894736842, 1739.407894736842]",Streptococcus,0,1891
"[895.5738255033557, 1776.7080536912752]",Streptococcus,0,1892
"[885.5762711864406, 654.3050847457627]",TM7,0,1893
"[889.294930875576, 795.5115207373271]",Leptotrichia,0,1894
"[886.0348837209302, 1203.3488372093022]",Veillonella,0,1895
"[885.7307692307693, 1242.423076923077]",Selenomonas,0,1896
"[884.1617647058823, 1440.9117647058824]",Streptococcus,0,1897
"[887.8211382113822, 1716.8292682926829]",Treponema,0,1898
"[887.0736842105263, 431.2842105263158]",Leptotrichia,0,1899
"[891.3395061728395, 1099.2654320987654]",Corynebacterium,0,1901
"[885.7014925373135, 1180.955223880597]",Corynebacterium,0,1902
"[893.0057471264367, 1690.6666666666667]",Selenomonas,0,1903
"[890.1666666666666, 1516.575]",Porphyromonas,0,1904
"[888.6666666666666, 1600.888888888889]",Porphyromonas,0,1905
"[888.5, 1637.6818181818182]",Selenomonas,0,1906
"[893.1946564885496, 856.8129770992366]",Leptotrichia,0,1908
"[889.228813559322, 1153.1610169491526]",Corynebacterium,0,1909
"[892.36, 1396.328]",Streptococcus,0,1910
"[886.975, 1560.525]",Porphyromonas,0,1911
"[887.2931034482758, 1660.2758620689656]",Porphyromonas,0,1912
"[888.0384615384615, 490.8269230769231]",Leptotrichia,0,1913
"[891.3333333333334, 640.5579710144928]",Pasteurellaceae,0,1914
"[895.3140096618357, 665.4106280193237]",TM7,0,1915
"[892.6086956521739, 1316.982608695652]",Lautropia,0,1916
"[891.7309941520468, 1466.7251461988303]",Rothia,0,1917
"[893.3553719008264, 830.2644628099174]",Leptotrichia,0,1919
"[894.8181818181819, 1343.4705882352941]",Lautropia,0,1921
"[892.3577981651376, 1575.5504587155963]",Porphyromonas,0,1922
"[898.2, 879.8473684210526]",Corynebacterium,0,1924
"[892.6422764227642, 1132.9512195121952]",Prevotella,0,1925
"[894.97, 1115.81]",Fusobacterium,0,1926
"[900.6839378238342, 1169.2435233160622]",Corynebacterium,0,1927
"[895.7032258064517, 728.2838709677419]",Corynebacterium,0,1928
"[896.7049180327868, 746.172131147541]",Prevotella,0,1929
"[893.530303030303, 924.2878787878788]",Corynebacterium,0,1930
"[895.5263157894736, 1445.7218045112782]",Porphyromonas,0,1931
"[901.8383458646616, 1709.1165413533834]",Corynebacterium,0,1932
"[895.6619718309859, 1755.5422535211267]",Leptotrichia,0,1933
"[907.978354978355, 992.4588744588744]",Actinomyces,0,1934
"[896.2869565217392, 1081.8]",Corynebacterium,0,1935
"[895.4803921568628, 1223.9803921568628]",Leptotrichia,0,1936
"[895.957264957265, 1254.8974358974358]",Campylobacter,0,1937
"[897.3684210526316, 540.9248120300751]",Pasteurellaceae,0,1938
"[900.9611650485436, 692.004854368932]",Lautropia,0,1939
"[899.7737226277372, 712.4890510948906]",Leptotrichia,0,1940
"[896.4107142857143, 769.875]",Actinomyces,0,1941
"[895.4494382022472, 1054.5505617977528]",Corynebacterium,0,1943
"[897.8695652173913, 1379.7950310559006]",Leptotrichia,0,1944
"[895.9, 1609.3875]",Porphyromonas,0,1945
"[898.0333333333333, 1667.161111111111]",Selenomonas,0,1946
"[904.0217391304348, 1301.5923913043478]",Leptotrichia,0,1947
"[894.72, 1620.7]",Porphyromonas,0,1948
"[899.4918918918919, 506.44864864864866]",Leptotrichia,0,1950
"[900.0705882352942, 524.5176470588235]",Corynebacterium,0,1951
"[901.4965034965035, 559.9230769230769]",Corynebacterium,0,1952
"[898.640625, 1240.171875]",Treponema,0,1953
"[901.4615384615385, 461.66923076923075]",Leptotrichia,0,1954
"[902.4516129032259, 1150.3870967741937]",Corynebacterium,0,1955
"[906.8695652173913, 1421.87922705314]",Streptococcus,0,1956
"[900.3722627737226, 964.1678832116788]",TM7,0,1958
"[902.8108108108108, 1510.081081081081]",Porphyromonas,0,1959
"[902.7793103448275, 1644.855172413793]",Porphyromonas,0,1961
"[908.8831168831168, 1276.2727272727273]",Leptotrichia,0,1962
"[904.7005649717514, 484.38418079096044]",Leptotrichia,0,1963
"[903.3786407766991, 905.6504854368932]",Corynebacterium,0,1964
"[909.0093457943925, 919.0654205607476]",Corynebacterium,0,1965
"[906.5671641791045, 1042.7164179104477]",Capnocytophaga,0,1966
"[903.7777777777778, 1563.0]",Streptococcus,0,1968
"[901.3269230769231, 1584.7692307692307]",Porphyromonas,0,1969
"[906.8457711442786, 632.9452736318408]",Leptotrichia,0,1970
"[904.1451612903226, 1102.258064516129]",Pasteurellaceae,0,1971
"[902.6923076923077, 1460.5076923076922]",Actinomyces,0,1972
"[903.6, 1068.46]",Pasteurellaceae,0,1973
"[904.5377358490566, 1530.9905660377358]",Porphyromonas,0,1974
"[905.2285714285714, 589.8095238095239]",Leptotrichia,0,1975
"[907.5185185185185, 1012.7870370370371]",Capnocytophaga,0,1976
"[906.4328358208955, 1086.402985074627]",Corynebacterium,0,1977
"[907.8672566371681, 608.5575221238938]",Leptotrichia,0,1978
"[912.8376811594203, 774.3072463768116]",Lautropia,0,1979
"[909.9684210526316, 1580.5473684210526]",Porphyromonas,0,1980
"[910.656, 1628.4]",Selenomonas,0,1981
"[913.1521739130435, 570.7971014492754]",TM7,0,1982
"[908.2142857142857, 1026.4285714285713]",TM7,0,1983
"[911.5, 1215.3962264150944]",Leptotrichia,0,1984
"[908.7131147540983, 1358.8688524590164]",Leptotrichia,0,1986
"[913.2686567164179, 1476.2388059701493]",Streptococcus,0,1988
"[912.2043010752689, 1329.494623655914]",Leptotrichia,0,1991
"[909.8813559322034, 1661.915254237288]",Corynebacterium,0,1992
"[908.5925925925926, 1750.2407407407406]",Leptotrichia,0,1993
"[917.1622807017544, 1780.7280701754387]",Porphyromonas,0,1994
"[909.56, 1053.06]",Corynebacterium,0,1995
"[917.9937888198758, 1524.944099378882]",Porphyromonas,0,1996
"[914.0581395348837, 1609.389534883721]",Veillonella,0,1997
"[916.525, 532.525]",Leptotrichia,0,1998
"[909.8955223880597, 825.2985074626865]",Prevotella,0,1999
"[911.9587628865979, 858.8453608247422]",Leptotrichia,0,2000
"[911.1896551724138, 1078.3103448275863]",Corynebacterium,0,2001
"[910.6666666666666, 1200.6851851851852]",Pasteurellaceae,0,2002
"[910.9756097560976, 1235.2682926829268]",Campylobacter,0,2003
"[921.0889830508474, 1383.8983050847457]",Lautropia,0,2004
"[915.4827586206897, 1403.75]",Leptotrichia,0,2005
"[912.6493506493506, 798.5974025974026]",Leptotrichia,0,2006
"[918.4478527607362, 812.638036809816]",Prevotella,0,2007
"[913.890243902439, 907.4146341463414]",Corynebacterium,0,2008
"[914.6933333333334, 1068.0]",TM7,0,2009
"[914.0188679245283, 1735.7264150943397]",Prevotella,0,2010
"[922.3445945945946, 447.1283783783784]",Streptococcus,0,2011
"[913.795918367347, 1117.0]",Prevotella,0,2012
"[917.0682926829269, 1551.8829268292684]",Porphyromonas,0,2013
"[921.331797235023, 669.7557603686636]",Leptotrichia,0,2014
"[913.7692307692307, 841.3269230769231]",Pasteurellaceae,0,2015
"[917.3956043956044, 874.2967032967033]",Corynebacterium,0,2016
"[918.76, 949.45]",Capnocytophaga,0,2017
"[915.1428571428571, 1191.8412698412699]",Lautropia,0,2018
"[921.952380952381, 1337.1785714285713]",Leptotrichia,0,2019
"[917.1984126984127, 1449.5555555555557]",Streptococcus,0,2020
"[915.0866666666667, 1688.5466666666666]",Leptotrichia,0,2021
"[916.009900990099, 967.4059405940594]",Prevotella,0,2022
"[916.5308641975308, 1014.7407407407408]",Capnocytophaga,0,2023
"[925.9174757281553, 1034.9757281553398]",Corynebacterium,0,2024
"[918.4666666666667, 1253.348148148148]",TM7,0,2025
"[916.8809523809524, 509.3174603174603]",Leptotrichia,0,2026
"[920.8651685393259, 884.8089887640449]",Corynebacterium,0,2027
"[918.6619718309859, 1575.774647887324]",Porphyromonas,0,2028
"[919.031007751938, 741.6201550387597]",Treponema,0,2029
"[917.35, 1493.3125]",Porphyromonas,0,2030
"[921.8638743455498, 1509.4397905759163]",Porphyromonas,0,2031
"[918.0375, 1667.0125]",Treponema,0,2032
"[919.3070175438596, 464.96491228070175]",Leptotrichia,0,2033
"[921.1428571428571, 726.2619047619048]",Treponema,0,2034
"[922.219696969697, 903.3863636363636]",Corynebacterium,0,2035
"[923.9266055045872, 928.4036697247707]",Rothia,0,2036
"[921.411214953271, 979.5794392523364]",Actinomyces,0,2037
"[922.5347222222222, 707.6388888888889]",Capnocytophaga,0,2039
"[921.031914893617, 1050.6702127659576]",Corynebacterium,0,2040
"[918.6190476190476, 1102.7261904761904]",Prevotella,0,2041
"[920.0639534883721, 1311.389534883721]",Leptotrichia,0,2042
"[920.9692307692308, 1652.9846153846154]",Porphyromonas,0,2043
"[923.8623853211009, 645.9266055045872]",Prevotella,0,2045
"[929.7792792792793, 1138.873873873874]",Leptotrichia,0,2047
"[920.2253521126761, 1150.0281690140846]",Leptotrichia,0,2048
"[922.5478260869565, 1178.1652173913044]",Lautropia,0,2049
"[929.7442528735633, 1799.6149425287356]",Streptococcus,0,2051
"[924.9115044247787, 492.53097345132744]",Rothia,0,2052
"[925.2975609756097, 587.6292682926829]",Leptotrichia,0,2053
"[923.4193548387096, 1122.5967741935483]",Prevotella,0,2054
"[924.1111111111111, 1464.4166666666667]",Streptococcus,0,2055
"[925.140625, 1641.140625]",Porphyromonas,0,2056
"[926.2713567839196, 615.8743718592965]",Prevotella,0,2057
"[925.0555555555555, 836.7083333333334]",TM7,0,2058
"[924.6842105263158, 1589.2456140350878]",Corynebacterium,0,2059
"[928.6029411764706, 1714.7794117647059]",Leptotrichia,0,2060
"[926.082191780822, 1753.3150684931506]",Streptococcus,0,2061
"[926.2551020408164, 686.6938775510204]",Leptotrichia,0,2062
"[927.7225433526012, 769.1734104046243]",Veillonella,0,2063
"[924.6140350877193, 1204.2105263157894]",Pasteurellaceae,0,2064
"[927.9291338582677, 1287.9606299212599]",Leptotrichia,0,2065
"[927.2207792207793, 1355.9415584415585]",Leptotrichia,0,2066
"[924.0847457627119, 1481.322033898305]",Streptococcus,0,2067
"[929.5257731958762, 1537.4329896907216]",Porphyromonas,0,2068
"[938.2914285714286, 433.10857142857145]",Fusobacterium,0,2069
"[930.8732394366198, 851.6197183098592]",TM7,0,2070
"[937.1414141414141, 866.8737373737374]",Corynebacterium,0,2071
"[933.6333333333333, 1214.6]",Corynebacterium,0,2072
"[928.6991150442478, 1237.1238938053098]",Leptotrichia,0,2073
"[930.0719424460432, 1626.431654676259]",Leptotrichia,0,2074
"[926.4084507042254, 1698.8309859154929]",Leptotrichia,0,2075
"[929.6631578947369, 1014.0947368421052]",Capnocytophaga,0,2077
"[930.0169491525423, 1070.2118644067796]",TM7,0,2078
"[931.3781512605042, 1090.1596638655462]",Leptotrichia,0,2080
"[934.816513761468, 1401.894495412844]",Rothia,0,2081
"[934.9532710280374, 1681.247663551402]",Streptococcus,0,2082
"[932.6637931034483, 548.1810344827586]",Leptotrichia,0,2083
"[930.28, 991.5]",Actinomyces,0,2084
"[931.7047619047619, 1160.1238095238095]",Leptotrichia,0,2085
"[931.6111111111111, 506.94444444444446]",Leptotrichia,0,2086
"[936.3352941176471, 518.7647058823529]",Leptotrichia,0,2087
"[931.6043956043956, 1603.4615384615386]",Selenomonas,0,2088
"[937.3486842105264, 532.4342105263158]",Leptotrichia,0,2089
"[935.0, 749.9489795918367]",Leptotrichia,0,2090
"[936.3918918918919, 972.8851351351351]",Actinomyces,0,2091
"[936.7786885245902, 1005.5491803278688]",TM7,0,2092
"[932.7466666666667, 1425.3]",Streptococcus,0,2093
"[932.5, 1557.2285714285715]",Porphyromonas,0,2094
"[934.4545454545455, 736.1558441558442]",Rothia,0,2095
"[933.4074074074074, 907.3456790123457]",Corynebacterium,0,2096
"[932.768115942029, 1489.0579710144928]",Streptococcus,0,2097
"[935.7835820895523, 1739.6268656716418]",Veillonella,0,2098
"[934.125, 1762.8055555555557]",Actinomyces,0,2099
"[941.8609625668449, 928.5828877005348]",Rothia,0,2100
"[935.0108695652174, 1104.9565217391305]",Rothia,0,2101
"[934.1417322834645, 1194.6141732283465]",Pasteurellaceae,0,2102
"[938.8648648648649, 1571.7567567567567]",Actinomyces,0,2103
"[941.6047297297297, 463.43918918918916]",Leptotrichia,0,2104
"[936.8152173913044, 712.9347826086956]",Leptotrichia,0,2105
"[940.7751479289941, 950.2130177514792]",Corynebacterium,0,2106
"[935.112676056338, 1306.5774647887324]",Leptotrichia,0,2108
"[939.5748987854251, 1453.9797570850203]",Leptotrichia,0,2109
"[935.8188405797101, 1655.427536231884]",Streptococcus,0,2110
"[936.3623188405797, 830.5072463768116]",TM7,0,2111
"[939.8283582089553, 891.0597014925373]",Corynebacterium,0,2112
"[938.7529411764706, 1173.7176470588236]",Leptotrichia,0,2113
"[938.8267716535433, 1256.3858267716535]",Leptotrichia,0,2114
"[938.5688073394496, 614.6238532110092]",Capnocytophaga,0,2116
"[938.5714285714286, 880.5]",Corynebacterium,0,2117
"[941.2892561983471, 1061.9752066115702]",Corynebacterium,0,2118
"[940.0379746835443, 1129.392405063291]",Leptotrichia,0,2119
"[943.5436241610738, 1542.3758389261745]",Streptococcus,0,2120
"[940.3, 1779.5076923076922]",Actinomyces,0,2121
"[942.4767441860465, 726.7325581395348]",Rothia,0,2122
"[943.1414141414141, 1116.5353535353536]",Capnocytophaga,0,2123
"[942.0875, 489.9625]",Lautropia,0,2125
"[946.0, 637.9428571428572]",Corynebacterium,0,2126
"[947.7179487179487, 907.7692307692307]",Corynebacterium,0,2127
"[940.06, 1342.48]",Leptotrichia,0,2128
"[939.8979591836735, 1499.8367346938776]",Streptococcus,0,2129
"[941.5, 1523.030612244898]",Leptotrichia,0,2130
"[949.7665505226481, 600.432055749129]",Leptotrichia,0,2131
"[947.5658914728682, 813.7790697674419]",TM7,0,2132
"[941.1538461538462, 1285.826923076923]",Leptotrichia,0,2134
"[944.1388888888889, 575.6296296296297]",Leptotrichia,0,2135
"[942.6339285714286, 682.0267857142857]",Leptotrichia,0,2136
"[943.6465517241379, 790.0172413793103]",Leptotrichia,0,2137
"[943.9069767441861, 1634.8023255813953]",Streptococcus,0,2138
"[943.0, 555.9674796747968]",Leptotrichia,0,2139
"[945.2605042016806, 656.6134453781513]",TM7,0,2140
"[950.2672413793103, 988.5172413793103]",Corynebacterium,0,2141
"[944.7795275590552, 1021.8897637795276]",Corynebacterium,0,2142
"[944.483870967742, 1596.967741935484]",Selenomonas,0,2144
"[944.7722772277227, 1611.7821782178219]",Selenomonas,0,2145
"[949.9111842105264, 764.4111842105264]",Rothia,0,2146
"[952.8516129032258, 1310.9290322580646]",Leptotrichia,0,2147
"[944.7846153846153, 1228.9692307692308]",Leptotrichia,0,2149
"[946.0731707317074, 1243.9024390243903]",Veillonella,0,2150
"[947.9024390243902, 1356.0975609756097]",Streptococcus,0,2151
"[946.8988764044943, 848.5056179775281]",TM7,0,2152
"[952.8650306748466, 1042.4294478527606]",TM7,0,2153
"[947.5258215962441, 1192.225352112676]",Pasteurellaceae,0,2154
"[953.030303030303, 1296.521212121212]",Leptotrichia,0,2155
"[947.1166666666667, 1423.7333333333333]",Streptococcus,0,2156
"[947.5454545454545, 666.8]",Pasteurellaceae,0,2157
"[948.1086956521739, 1376.159420289855]",Leptotrichia,0,2158
"[948.1182795698925, 1398.978494623656]",Rothia,0,2159
"[948.2222222222222, 1556.047619047619]",Streptococcus,0,2160
"[949.0695652173913, 1752.286956521739]",Capnocytophaga,0,2161
"[951.0068027210884, 1802.591836734694]",Streptococcus,0,2162
"[948.8032786885246, 424.672131147541]",Streptococcus,0,2163
"[947.7662337662338, 1157.2597402597403]",Leptotrichia,0,2164
"[950.2019230769231, 1326.2884615384614]",Leptotrichia,0,2165
"[950.8705035971223, 1699.1942446043165]",Leptotrichia,0,2166
"[953.0064102564103, 1719.9871794871794]",Leptotrichia,0,2167
"[954.4793388429752, 959.4793388429752]",TM7,0,2168
"[953.4806629834254, 1082.254143646409]",Corynebacterium,0,2169
"[956.4361233480176, 1478.568281938326]",Streptococcus,0,2171
"[952.5138888888889, 412.22222222222223]",Streptococcus,0,2172
"[959.4768518518518, 712.2731481481482]",Capnocytophaga,0,2173
"[955.1678321678322, 838.2027972027972]",TM7,0,2174
"[952.9827586206897, 1514.603448275862]",Streptococcus,0,2176
"[960.0523255813954, 1575.8488372093022]",Streptococcus,0,2177
"[953.4492753623189, 589.3768115942029]",Rothia,0,2178
"[955.074074074074, 1659.9176954732511]",Leptotrichia,0,2179
"[952.4756097560976, 1006.5121951219512]",Corynebacterium,0,2180
"[960.1129943502825, 1431.050847457627]",Streptococcus,0,2181
"[955.2424242424242, 618.969696969697]",Pasteurellaceae,0,2182
"[955.5504587155963, 693.8532110091743]",Leptotrichia,0,2183
"[957.6442307692307, 1058.9615384615386]",Corynebacterium,0,2184
"[953.4545454545455, 1219.3333333333333]",Leptotrichia,0,2185
"[956.0294117647059, 1260.2745098039215]",Leptotrichia,0,2186
"[965.1582491582492, 1503.5791245791245]",Leptotrichia,0,2187
"[955.1881188118812, 1678.7524752475247]",Leptotrichia,0,2189
"[957.2558139534884, 630.1860465116279]",Capnocytophaga,0,2190
"[957.3709677419355, 1113.717741935484]",Capnocytophaga,0,2191
"[956.3663366336634, 1132.920792079208]",Leptotrichia,0,2192
"[956.1590909090909, 1281.4318181818182]",Leptotrichia,0,2193
"[956.940594059406, 1341.90099009901]",Leptotrichia,0,2194
"[958.1684210526316, 479.4736842105263]",Leptotrichia,0,2196
"[962.2819383259912, 539.9559471365639]",Leptotrichia,0,2197
"[956.8333333333334, 735.8777777777777]",Rothia,0,2198
"[956.2058823529412, 747.8088235294117]",Leptotrichia,0,2199
"[959.6474820143885, 797.3453237410072]",Campylobacter,0,2200
"[956.0, 875.2686567164179]",Corynebacterium,0,2201
"[960.9549549549549, 1440.7027027027027]",Streptococcus,0,2202
"[959.1637426900585, 1771.888888888889]",Selenomonas,0,2203
"[957.4380165289256, 518.5289256198347]",Leptotrichia,0,2204
"[958.3907284768212, 566.2450331125827]",Leptotrichia,0,2205
"[958.625, 1075.421875]",Corynebacterium,0,2206
"[959.0782608695653, 1455.2434782608696]",Streptococcus,0,2207
"[960.4666666666667, 1589.64]",Streptococcus,0,2208
"[963.3227513227513, 438.69312169312167]",Leptotrichia,0,2209
"[958.8214285714286, 857.8809523809524]",TM7,0,2210
"[961.7684210526315, 1104.5263157894738]",Corynebacterium,0,2211
"[961.027027027027, 1392.1801801801803]",Leptotrichia,0,2212
"[959.0731707317074, 1634.560975609756]",Selenomonas,0,2213
"[959.7226890756302, 494.43697478991595]",Leptotrichia,0,2214
"[959.2818181818182, 894.0454545454545]",Corynebacterium,0,2215
"[960.2150537634409, 1027.967741935484]",Corynebacterium,0,2216
"[961.4347826086956, 464.4086956521739]",Leptotrichia,0,2217
"[963.9548872180451, 779.7293233082706]",Leptotrichia,0,2218
"[961.2233009708738, 949.9320388349514]",Fusobacterium,0,2219
"[964.584, 970.928]",Pasteurellaceae,0,2220
"[965.3157894736842, 1174.1973684210527]",Leptotrichia,0,2221
"[963.6390977443609, 1209.8646616541353]",Leptotrichia,0,2222
"[964.4927536231884, 1230.840579710145]",Leptotrichia,0,2223
"[962.0089285714286, 1527.419642857143]",Porphyromonas,0,2224
"[965.3194444444445, 1603.013888888889]",Porphyromonas,0,2225
"[964.8032786885246, 667.2418032786885]",Corynebacterium,0,2227
"[963.9923664122138, 401.46564885496184]",Streptococcus,0,2228
"[963.6851851851852, 886.8888888888889]",Corynebacterium,0,2229
"[968.048275862069, 1404.1310344827587]",Lautropia,0,2230
"[963.5757575757576, 1013.2121212121212]",Corynebacterium,0,2231
"[965.4765625, 1150.359375]",Leptotrichia,0,2232
"[968.448275862069, 1192.0413793103448]",Corynebacterium,0,2233
"[962.9180327868852, 1559.1147540983607]",Porphyromonas,0,2235
"[965.0405405405405, 913.4594594594595]",Corynebacterium,0,2236
"[967.7950819672132, 938.9754098360655]",Capnocytophaga,0,2237
"[965.2178217821782, 1356.1980198019803]",Prevotella,0,2238
"[965.8414634146342, 1748.0243902439024]",Corynebacterium,0,2239
"[968.0096153846154, 728.9903846153846]",Fusobacterium,0,2240
"[969.2178770949721, 1694.0279329608938]",Streptococcus,0,2241
"[967.8333333333334, 555.3333333333334]",Leptotrichia,0,2242
"[969.6507936507936, 645.7698412698413]",TM7,0,2243
"[971.2905405405405, 1326.7702702702702]",Leptotrichia,0,2244
"[969.4077253218884, 1370.2017167381973]",Rothia,0,2245
"[967.5463917525773, 1621.7422680412371]",Treponema,0,2246
"[978.9776119402985, 926.2537313432836]",Corynebacterium,0,2247
"[966.7471264367816, 1540.8045977011495]",Selenomonas,0,2248
"[968.2391304347826, 1738.1304347826087]",Pasteurellaceae,0,2249
"[968.3674698795181, 747.2590361445783]",Veillonella,0,2250
"[970.5851851851852, 986.1555555555556]",TM7,0,2251
"[971.8666666666667, 1048.009523809524]",Corynebacterium,0,2252
"[967.8684210526316, 1100.578947368421]",Capnocytophaga,0,2253
"[967.188679245283, 1266.6415094339623]",Leptotrichia,0,2254
"[972.056179775281, 1644.112359550562]",Selenomonas,0,2255
"[971.6560846560847, 1718.6666666666667]",Pasteurellaceae,0,2256
"[974.1652892561983, 379.92561983471074]",Streptococcus,0,2257
"[969.3866666666667, 698.7466666666667]",Campylobacter,0,2258
"[969.0350877192982, 815.1929824561404]",TM7,0,2259
"[971.8090909090909, 828.6909090909091]",TM7,0,2260
"[981.2527472527472, 1243.4450549450548]",Leptotrichia,0,2261
"[973.6774193548387, 418.31451612903226]",Streptococcus,0,2262
"[974.6701030927835, 762.1752577319587]",Prevotella,0,2264
"[972.188679245283, 869.9905660377359]",Corynebacterium,0,2265
"[971.3055555555555, 507.61805555555554]",Prevotella,0,2266
"[973.1625, 1065.3]",TM7,0,2267
"[976.3397435897435, 1422.4679487179487]",Porphyromonas,0,2268
"[971.2537313432836, 1673.2388059701493]",Streptococcus,0,2269
"[973.6696428571429, 1284.794642857143]",Leptotrichia,0,2270
"[973.7767857142857, 903.4375]",Corynebacterium,0,2273
"[974.1752577319587, 1003.0515463917526]",Corynebacterium,0,2274
"[973.4078947368421, 1020.5131578947369]",Corynebacterium,0,2275
"[975.074074074074, 851.7037037037037]",TM7,0,2278
"[978.4026845637584, 1078.3422818791946]",Corynebacterium,0,2279
"[973.5079365079365, 1455.2222222222222]",Streptococcus,0,2280
"[975.7083333333334, 1536.388888888889]",Porphyromonas,0,2281
"[976.433962264151, 1562.1509433962265]",Selenomonas,0,2282
"[976.2767857142857, 453.61607142857144]",Leptotrichia,0,2283
"[987.4566666666667, 578.9633333333334]",Actinomyces,0,2284
"[977.5837563451777, 1306.8071065989848]",Lautropia,0,2286
"[975.7868852459017, 1338.5901639344263]",Prevotella,0,2287
"[978.2566371681415, 563.7787610619469]",Leptotrichia,0,2288
"[976.4426229508197, 1478.0983606557377]",Treponema,0,2289
"[981.435294117647, 1590.5882352941176]",Streptococcus,0,2290
"[977.8899082568807, 487.6238532110092]",Prevotella,0,2291
"[978.7121212121212, 600.6666666666666]",TM7,0,2292
"[980.2222222222222, 654.2592592592592]",TM7,0,2293
"[979.8695652173913, 949.8586956521739]",Corynebacterium,0,2294
"[977.6170212765958, 1680.3297872340424]",Treponema,0,2295
"[982.9641025641025, 625.9025641025642]",Corynebacterium,0,2296
"[981.1071428571429, 807.8214285714286]",Fusobacterium,0,2297
"[987.0721649484536, 969.6030927835052]",Corynebacterium,0,2299
"[980.9122807017544, 1119.780701754386]",Leptotrichia,0,2300
"[977.9117647058823, 1386.9411764705883]",Leptotrichia,0,2301
"[984.744966442953, 842.5436241610738]",Pasteurellaceae,0,2303
"[981.4862385321101, 1158.1559633027523]",Leptotrichia,0,2304
"[980.2222222222222, 1175.986111111111]",Corynebacterium,0,2305
"[983.5, 1622.132530120482]",Treponema,0,2306
"[983.4493670886076, 1638.6898734177216]",Porphyromonas,0,2307
"[979.3150684931506, 1664.2465753424658]",Streptococcus,0,2308
"[981.7181818181818, 400.2]",Streptococcus,0,2309
"[984.9, 796.9466666666667]",Veillonella,0,2310
"[982.0416666666666, 894.25]",Corynebacterium,0,2311
"[983.6492537313433, 1202.1641791044776]",Treponema,0,2312
"[983.1742424242424, 467.3181818181818]",Gemella,0,2314
"[982.5436241610738, 722.0536912751678]",Leptotrichia,0,2315
"[981.125, 883.5714285714286]",Corynebacterium,0,2316
"[986.5070422535211, 1099.1408450704225]",Capnocytophaga,0,2317
"[983.2558139534884, 1264.8992248062016]",Leptotrichia,0,2318
"[983.0076923076923, 1446.1]",Streptococcus,0,2319
"[982.2816901408451, 1519.281690140845]",Leptotrichia,0,2320
"[982.66, 908.76]",Corynebacterium,0,2321
"[982.1875, 1701.5125]",Treponema,0,2322
"[992.8970588235294, 522.3786764705883]",Prevotella,0,2323
"[984.566037735849, 692.5943396226415]",Leptotrichia,0,2324
"[983.7532467532468, 1495.025974025974]",Streptococcus,0,2326
"[982.66, 1728.96]",Corynebacterium,0,2327
"[984.6, 433.0]",Leptotrichia,0,2328
"[983.4615384615385, 1042.2153846153847]",Corynebacterium,0,2329
"[989.1959798994975, 667.7638190954774]",Rothia,0,2330
"[987.4554455445544, 1018.980198019802]",Corynebacterium,0,2331
"[988.6857142857143, 1137.3428571428572]",Leptotrichia,0,2332
"[990.0, 1219.6376811594203]",Rothia,0,2334
"[986.082191780822, 1528.6986301369864]",Streptococcus,0,2335
"[990.9090909090909, 1573.3484848484848]",Treponema,0,2337
"[985.752688172043, 538.8064516129032]",Leptotrichia,0,2338
"[987.7462686567164, 744.820895522388]",Leptotrichia,0,2339
"[989.4514285714286, 772.6228571428571]",Prevotella,0,2340
"[988.2536231884058, 990.5072463768116]",Corynebacterium,0,2341
"[988.2236842105264, 1034.4342105263158]",Corynebacterium,0,2342
"[987.016393442623, 1364.122950819672]",Fusobacterium,0,2345
"[991.2919254658385, 500.87577639751555]",Veillonella,0,2346
"[1001.3519553072625, 1173.5335195530727]",Pasteurellaceae,0,2347
"[987.2321428571429, 1341.9107142857142]",Rothia,0,2348
"[989.7857142857143, 1407.107142857143]",Leptotrichia,0,2349
"[996.0299145299145, 391.22222222222223]",Streptococcus,0,2350
"[990.2113821138212, 418.0243902439024]",Leptotrichia,0,2351
"[989.5128205128206, 824.1794871794872]",TM7,0,2352
"[988.4181818181818, 871.7272727272727]",Corynebacterium,0,2353
"[990.5, 907.0]",Corynebacterium,0,2354
"[990.2, 446.01666666666665]",Leptotrichia,0,2356
"[992.5454545454545, 552.939393939394]",Lautropia,0,2357
"[989.2258064516129, 858.3064516129032]",TM7,0,2358
"[996.3010752688172, 1275.258064516129]",Leptotrichia,0,2359
"[990.448275862069, 1390.7356321839081]",Fusobacterium,0,2360
"[991.4666666666667, 1609.4444444444443]",Leptotrichia,0,2361
"[991.3478260869565, 1655.1521739130435]",Porphyromonas,0,2362
"[991.9329608938548, 1680.0111731843576]",Treponema,0,2363
"[989.9625, 1712.3]",Selenomonas,0,2364
"[991.5368421052632, 609.1894736842105]",Corynebacterium,0,2365
"[990.6197183098592, 952.7605633802817]",Capnocytophaga,0,2366
"[996.1368421052632, 594.3473684210526]",TM7,0,2368
"[995.7757009345794, 638.1028037383178]",Fusobacterium,0,2369
"[996.8571428571429, 1420.4829931972788]",Streptococcus,0,2371
"[992.3125, 1437.1875]",Streptococcus,0,2372
"[996.9832402234637, 1730.2905027932961]",Treponema,0,2373
"[995.3589743589744, 1468.2948717948718]",Streptococcus,0,2374
"[994.0112359550562, 809.7415730337078]",Fusobacterium,0,2375
"[999.047619047619, 483.1825396825397]",Capnocytophaga,0,2376
"[996.7345132743363, 714.3097345132743]",Leptotrichia,0,2377
"[1004.4521739130435, 1340.317391304348]",Campylobacter,0,2378
"[998.6176470588235, 1485.7843137254902]",Streptococcus,0,2379
"[996.9896907216495, 1542.1340206185566]",Porphyromonas,0,2380
"[997.1506849315068, 372.3150684931507]",Streptococcus,0,2381
"[997.3921568627451, 561.0]",Prevotella,0,2382
"[1001.5426829268292, 877.7865853658536]",Corynebacterium,0,2384
"[1000.6640625, 895.125]",Corynebacterium,0,2385
"[997.7857142857143, 1053.4571428571428]",Corynebacterium,0,2386
"[1002.6595174262735, 1315.8257372654155]",Prevotella,0,2387
"[1006.9402390438247, 762.0438247011953]",Rothia,0,2388
"[1003.38, 830.6866666666666]",TM7,0,2389
"[998.5846153846154, 934.0615384615385]",Corynebacterium,0,2390
"[1000.5714285714286, 1194.5396825396826]",Veillonella,0,2392
"[1000.0655737704918, 1289.2377049180327]",Leptotrichia,0,2393
"[1000.9512195121952, 1592.2439024390244]",Streptococcus,0,2394
"[1001.2345679012345, 462.0432098765432]",Capnocytophaga,0,2395
"[1004.9397590361446, 915.433734939759]",Corynebacterium,0,2396
"[998.2692307692307, 962.3846153846154]",Corynebacterium,0,2397
"[999.6762589928057, 1011.0863309352518]",Capnocytophaga,0,2398
"[1009.5345622119816, 1080.663594470046]",Corynebacterium,0,2399
"[1008.3849372384938, 1558.878661087866]",Treponema,0,2401
"[999.1864406779661, 1637.8474576271187]",Porphyromonas,0,2402
"[1001.056179775281, 1662.7752808988764]",Streptococcus,0,2403
"[1003.4736842105264, 431.98830409356725]",Leptotrichia,0,2404
"[1005.5766871165645, 734.0582822085889]",Leptotrichia,0,2405
"[1001.2941176470588, 945.4558823529412]",TM7,0,2406
"[999.9322033898305, 1257.0677966101696]",Streptococcus,0,2407
"[1001.3163265306123, 1390.5408163265306]",Actinomyces,0,2408
"[1002.0396825396825, 1451.4603174603174]",Leptotrichia,0,2409
"[1002.0449438202247, 1507.8988764044943]",Streptococcus,0,2410
"[1011.2765273311898, 654.7974276527331]",Corynebacterium,0,2411
"[1006.8711340206186, 791.0670103092783]",Fusobacterium,0,2412
"[1005.9865771812081, 1031.8053691275168]",Corynebacterium,0,2413
"[1006.2621951219512, 1116.9146341463415]",Leptotrichia,0,2414
"[1006.1513513513513, 1523.718918918919]",Streptococcus,0,2415
"[1011.6330935251799, 1701.888489208633]",Leptotrichia,0,2416
"[1009.263698630137, 546.9897260273973]",Lautropia,0,2417
"[1011.4639175257732, 979.8762886597938]",TM7,0,2418
"[1004.2553191489362, 1151.6737588652481]",Leptotrichia,0,2419
"[1009.5274261603375, 617.493670886076]",Corynebacterium,0,2420
"[1008.0, 849.9407407407407]",Corynebacterium,0,2421
"[1005.5941176470589, 1363.9411764705883]",TM7,0,2422
"[1006.2452830188679, 1406.9150943396226]",Streptococcus,0,2423
"[1003.7833333333333, 1092.7833333333333]",Pasteurellaceae,0,2425
"[1004.5072463768116, 1207.9420289855072]",Veillonella,0,2426
"[1013.6833333333333, 411.30833333333334]",Leptotrichia,0,2427
"[1008.4105960264901, 503.89403973509934]",Fusobacterium,0,2428
"[1011.3443708609271, 578.5562913907285]",Rothia,0,2429
"[1005.68, 956.34]",TM7,0,2430
"[1005.624, 1227.848]",Campylobacter,0,2431
"[1004.9137931034483, 1575.3793103448277]",Porphyromonas,0,2432
"[1008.1294117647059, 1621.570588235294]",Streptococcus,0,2433
"[1009.1111111111111, 381.27407407407406]",Leptotrichia,0,2434
"[1009.5688073394496, 696.4266055045872]",Rothia,0,2435
"[1007.2794117647059, 638.25]",Actinomyces,0,2438
"[1007.525, 1432.4375]",Streptococcus,0,2439
"[1013.379679144385, 1684.0802139037432]",Leptotrichia,0,2440
"[1008.3225806451613, 476.19354838709677]",Rothia,0,2441
"[1010.6478873239437, 813.0704225352113]",TM7,0,2442
"[1019.3931034482758, 1656.6413793103447]",Leptotrichia,0,2443
"[1013.7272727272727, 1464.8461538461538]",Pasteurellaceae,0,2444
"[1014.5871559633027, 1715.8623853211009]",Leptotrichia,0,2445
"[1011.2345679012345, 360.320987654321]",Leptotrichia,0,2446
"[1013.6631578947369, 993.0947368421052]",Capnocytophaga,0,2447
"[1010.0, 1005.6842105263158]",Capnocytophaga,0,2448
"[1012.59375, 1059.65]",Corynebacterium,0,2449
"[1013.8888888888889, 1248.1919191919192]",Leptotrichia,0,2450
"[1012.4146341463414, 1486.439024390244]",Corynebacterium,0,2451
"[1013.7951807228916, 942.4819277108434]",Capnocytophaga,0,2452
"[1016.1486486486486, 1540.4527027027027]",Treponema,0,2453
"[1012.9896907216495, 1605.2268041237114]",Streptococcus,0,2454
"[1019.924882629108, 444.36619718309856]",Fusobacterium,0,2455
"[1014.2446808510638, 596.436170212766]",TM7,0,2456
"[1020.1724137931035, 926.0827586206897]",Corynebacterium,0,2457
"[1016.0808823529412, 1263.8970588235295]",Leptotrichia,0,2460
"[1014.623076923077, 1580.0]",Porphyromonas,0,2461
"[1019.2740740740741, 674.837037037037]",Leptotrichia,0,2462
"[1014.2142857142857, 1396.517857142857]",Veillonella,0,2463
"[1020.679104477612, 1447.902985074627]",Selenomonas,0,2464
"[1015.2727272727273, 1501.715909090909]",Porphyromonas,0,2465
"[1022.6954022988506, 635.6206896551724]",Actinomyces,0,2466
"[1020.538961038961, 868.2467532467532]",Pasteurellaceae,0,2467
"[1020.0757575757576, 1281.8636363636363]",Streptococcus,0,2468
"[1022.8601398601398, 772.2237762237762]",Rothia,0,2469
"[1028.7637130801688, 353.9324894514768]",Leptotrichia,0,2470
"[1019.8190476190476, 1101.2190476190476]",Leptotrichia,0,2471
"[1023.9408602150538, 1188.3440860215053]",Leptotrichia,0,2472
"[1016.0, 1301.9651162790697]",Leptotrichia,0,2473
"[1020.9230769230769, 1730.0384615384614]",Streptococcus,0,2474
"[1019.2611940298508, 523.9402985074627]",Rothia,0,2475
"[1019.804347826087, 903.8260869565217]",Corynebacterium,0,2476
"[1018.1704545454545, 960.7045454545455]",TM7,0,2477
"[1019.8709677419355, 461.3763440860215]",Rothia,0,2478
"[1019.4623655913979, 885.7849462365591]",Corynebacterium,0,2479
"[1022.6603773584906, 1035.8490566037735]",Corynebacterium,0,2480
"[1020.927374301676, 1134.8156424581005]",Leptotrichia,0,2481
"[1019.474358974359, 1364.923076923077]",TM7,0,2482
"[1026.1420454545455, 394.53409090909093]",Leptotrichia,0,2483
"[1022.3636363636364, 839.9272727272727]",TM7,0,2485
"[1022.7821782178218, 1167.4851485148515]",Leptotrichia,0,2486
"[1021.0434782608696, 1221.8333333333333]",Streptococcus,0,2487
"[1020.5797101449275, 1386.9855072463768]",Fusobacterium,0,2488
"[1028.1897435897436, 476.1179487179487]",Rothia,0,2489
"[1028.8880597014925, 608.5373134328358]",Corynebacterium,0,2491
"[1024.1965811965813, 712.4102564102565]",Leptotrichia,0,2492
"[1024.3387096774193, 1149.6290322580646]",Veillonella,0,2493
"[1023.7545454545455, 1433.4636363636364]",Selenomonas,0,2494
"[1024.2631578947369, 1478.25]",Fusobacterium,0,2495
"[1026.2674418604652, 1617.0232558139535]",Streptococcus,0,2496
"[1029.8417721518988, 488.62025316455697]",Rothia,0,2497
"[1023.8705035971223, 1011.6474820143885]",Capnocytophaga,0,2499
"[1025.9788732394366, 1517.2112676056338]",Streptococcus,0,2500
"[1026.0230769230768, 506.95384615384614]",Rothia,0,2501
"[1024.7386363636363, 564.6477272727273]",Rothia,0,2502
"[1026.2209302325582, 594.6627906976744]",Corynebacterium,0,2503
"[1024.986301369863, 741.9520547945206]",Leptotrichia,0,2504
"[1030.151832460733, 1323.3507853403141]",Leptotrichia,0,2506
"[1024.3898305084747, 1586.6271186440679]",Porphyromonas,0,2507
"[1032.5551181102362, 1600.0944881889764]",Treponema,0,2508
"[1044.722371967655, 553.4690026954178]",Prevotella,0,2509
"[1036.0885416666667, 585.7604166666666]",TM7,0,2510
"[1030.6076923076923, 950.1307692307693]",Corynebacterium,0,2511
"[1026.943661971831, 1237.8732394366198]",Leptotrichia,0,2512
"[1029.8346774193549, 1346.899193548387]",Leptotrichia,0,2513
"[1029.7721518987341, 782.126582278481]",Fusobacterium,0,2514
"[1030.017857142857, 802.7946428571429]",TM7,0,2515
"[1033.5, 1373.8958333333333]",Fusobacterium,0,2516
"[1030.3939393939395, 1410.430303030303]",Leptotrichia,0,2517
"[1029.6915887850466, 1634.8130841121495]",Leptotrichia,0,2518
"[1029.4890510948906, 376.5255474452555]",Leptotrichia,0,2519
"[1038.8767772511849, 904.8341232227489]",Selenomonas,0,2520
"[1029.2413793103449, 1067.655172413793]",Corynebacterium,0,2522
"[1033.9005847953217, 1535.5263157894738]",Streptococcus,0,2523
"[1028.462962962963, 621.4629629629629]",Corynebacterium,0,2524
"[1032.3782383419689, 689.279792746114]",Rothia,0,2525
"[1029.5245901639344, 791.344262295082]",Fusobacterium,0,2526
"[1029.9636363636364, 1302.581818181818]",Streptococcus,0,2527
"[1029.40625, 972.59375]",TM7,0,2529
"[1029.6101694915253, 986.4915254237288]",Corynebacterium,0,2530
"[1032.0, 1038.0]",Corynebacterium,0,2531
"[1035.735576923077, 1497.8221153846155]",TM7,0,2532
"[1031.263888888889, 819.2777777777778]",TM7,0,2533
"[1031.241935483871, 1115.0403225806451]",Leptotrichia,0,2534
"[1032.4123711340205, 1203.639175257732]",Leptotrichia,0,2535
"[1031.5212765957447, 1571.3191489361702]",Porphyromonas,0,2536
"[1034.8922155688622, 1692.5748502994013]",Leptotrichia,0,2537
"[1037.4070796460178, 423.9513274336283]",Leptotrichia,0,2538
"[1033.648, 532.904]",Prevotella,0,2539
"[1037.7371428571428, 657.9028571428571]",Leptotrichia,0,2540
"[1039.5, 884.2619047619048]",Prevotella,0,2541
"[1034.8333333333333, 999.6666666666666]",TM7,0,2542
"[1037.056179775281, 1247.0898876404494]",Leptotrichia,0,2543
"[1039.4497354497355, 1466.031746031746]",Prevotella,0,2544
"[1038.4318181818182, 1561.2878787878788]",Porphyromonas,0,2545
"[1035.112359550562, 722.8089887640449]",Streptococcus,0,2547
"[1035.8720930232557, 1053.0813953488373]",Corynebacterium,0,2548
"[1045.9156626506024, 1076.3734939759036]",Corynebacterium,0,2549
"[1033.8253968253969, 1092.1904761904761]",Corynebacterium,0,2550
"[1034.58, 847.36]",TM7,0,2551
"[1039.6223175965665, 863.1587982832618]",TM7,0,2552
"[1038.409090909091, 1019.6363636363636]",Lautropia,0,2553
"[1040.4744186046512, 517.553488372093]",Gemella,0,2554
"[1035.621212121212, 1135.2121212121212]",Treponema,0,2555
"[1035.134328358209, 1155.5373134328358]",Fusobacterium,0,2556
"[1037.0697674418604, 1264.139534883721]",Leptotrichia,0,2557
"[1036.855421686747, 1286.8072289156626]",Leptotrichia,0,2558
"[1048.5873786407767, 405.4126213592233]",Leptotrichia,0,2559
"[1037.5983606557377, 771.344262295082]",Fusobacterium,0,2560
"[1042.7117647058824, 832.2411764705882]",TM7,0,2561
"[1045.8697674418604, 920.0744186046512]",Corynebacterium,0,2562
"[1039.8533333333332, 1425.8666666666666]",Selenomonas,0,2563
"[1047.6190476190477, 1655.3190476190475]",Leptotrichia,0,2564
"[1040.2060301507538, 1723.356783919598]",Treponema,0,2565
"[1045.9655172413793, 815.8189655172414]",Rothia,0,2566
"[1042.8461538461538, 1480.5604395604396]",Rothia,0,2568
"[1041.654135338346, 333.7518796992481]",Treponema,0,2569
"[1039.2117647058824, 936.7647058823529]",Corynebacterium,0,2570
"[1043.1782178217823, 1215.5940594059407]",Leptotrichia,0,2571
"[1044.0642857142857, 1226.9]",Treponema,0,2572
"[1043.6308724832215, 455.8456375838926]",Leptotrichia,0,2573
"[1040.764705882353, 569.75]",Fusobacterium,0,2574
"[1039.7866666666666, 1186.2]",Leptotrichia,0,2577
"[1044.1666666666667, 1681.7954545454545]",Leptotrichia,0,2578
"[1042.896551724138, 739.0172413793103]",Prevotella,0,2579
"[1042.129411764706, 967.7352941176471]",Pasteurellaceae,0,2580
"[1044.2752293577983, 1519.5779816513761]",Treponema,0,2581
"[1046.0192307692307, 632.0288461538462]",Leptotrichia,0,2582
"[1043.9605263157894, 375.1842105263158]",Pasteurellaceae,0,2584
"[1047.009009009009, 798.5585585585585]",TM7,0,2585
"[1042.844827586207, 1542.9137931034484]",Porphyromonas,0,2587
"[1046.5903614457832, 701.8192771084338]",Leptotrichia,0,2588
"[1054.8779527559054, 1207.8897637795276]",Leptotrichia,0,2589
"[1050.174107142857, 1382.1785714285713]",Lautropia,0,2590
"[1046.1478873239437, 1637.3521126760563]",Leptotrichia,0,2592
"[1045.3431372549019, 680.0784313725491]",Leptotrichia,0,2593
"[1048.3727810650887, 1040.6863905325445]",Corynebacterium,0,2594
"[1046.1272727272728, 1147.090909090909]",Selenomonas,0,2595
"[1047.9885057471265, 1165.551724137931]",Streptococcus,0,2596
"[1052.7388888888888, 356.50555555555553]",Prevotella,0,2597
"[1052.8191489361702, 647.7872340425532]",Leptotrichia,0,2598
"[1048.157894736842, 1092.015037593985]",Capnocytophaga,0,2599
"[1048.077519379845, 1275.2558139534883]",Leptotrichia,0,2600
"[1047.4583333333333, 1309.84375]",Lautropia,0,2601
"[1048.1521739130435, 1437.2173913043478]",Pasteurellaceae,0,2602
"[1046.3709677419354, 1666.516129032258]",Leptotrichia,0,2603
"[1057.8061674008811, 495.48017621145374]",Leptotrichia,0,2604
"[1054.64, 1341.5446153846153]",Corynebacterium,0,2605
"[1047.9876543209878, 1361.9876543209878]",Veillonella,0,2606
"[1051.9137931034484, 1449.75]",Leptotrichia,0,2607
"[1047.353448275862, 1576.6379310344828]",Selenomonas,0,2608
"[1050.934065934066, 1506.2307692307693]",Veillonella,0,2609
"[1052.0666666666666, 577.2476190476191]",TM7,0,2610
"[1054.696261682243, 851.5140186915888]",TM7,0,2611
"[1048.8103448275863, 1295.2931034482758]",Leptotrichia,0,2612
"[1050.121739130435, 1407.904347826087]",Selenomonas,0,2613
"[1049.58, 487.68]",Prevotella,0,2614
"[1054.5034965034965, 618.2307692307693]",Treponema,0,2615
"[1056.9518072289156, 893.0783132530121]",Corynebacterium,0,2616
"[1051.5511363636363, 950.5]",Corynebacterium,0,2617
"[1053.2857142857142, 719.6466165413534]",Actinomyces,0,2619
"[1058.253807106599, 752.8781725888325]",Rothia,0,2620
"[1051.0533333333333, 995.4666666666667]",Rothia,0,2621
"[1056.3705583756346, 1109.4365482233502]",Leptotrichia,0,2622
"[1052.1509433962265, 1531.8867924528302]",Porphyromonas,0,2624
"[1054.8846153846155, 476.84615384615387]",Lautropia,0,2626
"[1054.3296703296703, 373.0769230769231]",Capnocytophaga,0,2627
"[1053.9354838709678, 774.1612903225806]",Leptotrichia,0,2628
"[1056.0661764705883, 1058.0294117647059]",Leptotrichia,0,2629
"[1055.6140350877192, 1129.2105263157894]",Treponema,0,2630
"[1053.13698630137, 1425.2602739726028]",Selenomonas,0,2631
"[1053.450980392157, 1608.8039215686274]",Porphyromonas,0,2632
"[1054.2132352941176, 1713.5220588235295]",Leptotrichia,0,2633
"[1056.3979591836735, 603.6020408163265]",Pasteurellaceae,0,2634
"[1055.8415841584158, 1245.09900990099]",Leptotrichia,0,2635
"[1053.3, 1548.5]",Streptococcus,0,2636
"[1057.7222222222222, 785.2314814814815]",Leptotrichia,0,2637
"[1065.076, 1002.68]",Leptotrichia,0,2638
"[1063.9024390243903, 1179.6097560975609]",Treponema,0,2639
"[1061.2651515151515, 389.75]",Rothia,0,2640
"[1061.7902097902097, 811.5244755244755]",Prevotella,0,2642
"[1068.7022900763359, 1471.9872773536895]",Prevotella,0,2643
"[1062.2608695652175, 338.53478260869565]",Leptotrichia,0,2644
"[1060.1617647058824, 529.8823529411765]",Rothia,0,2645
"[1057.9876543209878, 979.7901234567901]",Corynebacterium,0,2646
"[1058.3564356435643, 1264.3564356435643]",Leptotrichia,0,2647
"[1056.862745098039, 1594.2549019607843]",Porphyromonas,0,2648
"[1060.8898305084747, 1625.0593220338983]",Streptococcus,0,2649
"[1059.5192307692307, 322.71153846153845]",Leptotrichia,0,2650
"[1066.778947368421, 873.6684210526316]",Actinomyces,0,2651
"[1058.892857142857, 903.3392857142857]",Corynebacterium,0,2652
"[1060.088888888889, 1150.5]",Treponema,0,2653
"[1059.8076923076924, 1394.2307692307693]",Veillonella,0,2654
"[1062.728, 437.248]",Leptotrichia,0,2655
"[1061.4380952380952, 589.1428571428571]",Corynebacterium,0,2656
"[1062.4516129032259, 660.7903225806451]",Leptotrichia,0,2657
"[1063.827868852459, 1506.8934426229507]",Veillonella,0,2658
"[1062.5327102803737, 1559.1028037383178]",Veillonella,0,2659
"[1063.4886363636363, 1670.3863636363637]",Leptotrichia,0,2660
"[1063.0210526315789, 827.7684210526315]",Pasteurellaceae,0,2661
"[1060.6666666666667, 1689.8245614035088]",Streptococcus,0,2662
"[1071.9246031746031, 465.2420634920635]",Leptotrichia,0,2663
"[1065.628205128205, 1574.320512820513]",Selenomonas,0,2666
"[1072.9242424242425, 450.52525252525254]",Leptotrichia,0,2668
"[1066.2323943661972, 1293.8028169014085]",Leptotrichia,0,2669
"[1062.9333333333334, 1436.9833333333333]",Veillonella,0,2670
"[1062.8431372549019, 1602.9803921568628]",Porphyromonas,0,2671
"[1066.9662921348315, 422.7752808988764]",Leptotrichia,0,2672
"[1064.34375, 1026.5625]",Leptotrichia,0,2673
"[1073.6745562130177, 1311.3609467455622]",TM7,0,2674
"[1063.2717391304348, 1319.2717391304348]",TM7,0,2675
"[1067.837837837838, 926.0540540540541]",Rothia,0,2676
"[1074.5618556701031, 945.8041237113403]",Leptotrichia,0,2677
"[1070.953947368421, 1407.0131578947369]",Porphyromonas,0,2679
"[1064.135593220339, 1423.322033898305]",Corynebacterium,0,2680
"[1065.1764705882354, 1522.9019607843138]",Treponema,0,2681
"[1066.7539682539682, 1538.5238095238096]",Streptococcus,0,2682
"[1064.4262295081967, 1641.7540983606557]",Streptococcus,0,2683
"[1069.695238095238, 518.0095238095238]",Rothia,0,2684
"[1069.4430379746836, 1493.1645569620252]",Fusobacterium,0,2686
"[1070.35, 571.08]",Corynebacterium,0,2687
"[1074.924107142857, 705.984375]",Leptotrichia,0,2688
"[1068.3925925925926, 645.2962962962963]",Leptotrichia,0,2689
"[1071.104761904762, 1042.0]",Leptotrichia,0,2690
"[1069.5, 1166.6842105263158]",Actinomyces,0,2691
"[1079.4509090909091, 626.9745454545455]",Leptotrichia,0,2693
"[1071.2727272727273, 970.4685314685315]",Corynebacterium,0,2694
"[1071.4571428571428, 1059.3238095238096]",Leptotrichia,0,2695
"[1073.995652173913, 1121.7]",Streptococcus,0,2696
"[1072.009708737864, 1139.7961165048544]",Treponema,0,2697
"[1071.2296650717703, 1237.6363636363637]",Prevotella,0,2698
"[1070.6603773584907, 1377.622641509434]",Corynebacterium,0,2699
"[1070.2970297029703, 1449.5049504950496]",Treponema,0,2700
"[1079.4566210045662, 536.1415525114155]",Rothia,0,2701
"[1072.0, 673.4083333333333]",Leptotrichia,0,2702
"[1073.0325203252032, 850.6178861788618]",Fusobacterium,0,2703
"[1074.6928104575163, 1357.4052287581699]",Streptococcus,0,2704
"[1071.763440860215, 1724.8172043010752]",Corynebacterium,0,2705
"[1070.7209302325582, 362.40697674418607]",Rothia,0,2707
"[1072.2295081967213, 892.1475409836065]",Corynebacterium,0,2708
"[1077.8230088495575, 1093.5530973451328]",Prevotella,0,2709
"[1072.5573770491803, 312.26229508196724]",Treponema,0,2711
"[1077.3419354838709, 378.4193548387097]",Leptotrichia,0,2712
"[1077.8536585365853, 593.2621951219512]",TM7,0,2713
"[1077.0192307692307, 766.9679487179487]",Prevotella,0,2714
"[1075.2045454545455, 912.2272727272727]",Fusobacterium,0,2715
"[1073.4057971014493, 1250.391304347826]",Prevotella,0,2716
"[1073.5714285714287, 1388.7857142857142]",Corynebacterium,0,2717
"[1071.2, 1612.1272727272728]",Selenomonas,0,2718
"[1074.6785714285713, 409.51785714285717]",Leptotrichia,0,2719
"[1084.2333333333333, 306.85]",Treponema,0,2721
"[1076.0573770491803, 1214.1147540983607]",Leptotrichia,0,2722
"[1073.9803921568628, 1423.0]",Fusobacterium,0,2723
"[1075.6385542168675, 1436.8433734939758]",Rothia,0,2724
"[1075.4444444444443, 1707.5555555555557]",Treponema,0,2725
"[1083.8211920529802, 506.27814569536423]",Rothia,0,2727
"[1075.820512820513, 835.3333333333334]",Fusobacterium,0,2728
"[1078.9026548672566, 1018.8053097345132]",Leptotrichia,0,2729
"[1076.5304347826086, 1337.408695652174]",TM7,0,2730
"[1080.0729166666667, 1369.53125]",Streptococcus,0,2731
"[1081.3153526970955, 1659.2199170124481]",Leptotrichia,0,2732
"[1077.7462686567164, 1683.4925373134329]",Leptotrichia,0,2733
"[1080.5, 333.6666666666667]",Streptococcus,0,2734
"[1075.5471698113208, 581.4905660377359]",Corynebacterium,0,2735
"[1076.595238095238, 984.202380952381]",Treponema,0,2736
"[1077.4205607476636, 1265.0654205607477]",Leptotrichia,0,2737
"[1075.969696969697, 1528.0454545454545]",Streptococcus,0,2738
"[1076.8264462809918, 1632.0]",Streptococcus,0,2739
"[1078.62, 1282.54]",Leptotrichia,0,2741
"[1078.6268656716418, 1324.3731343283582]",Pasteurellaceae,0,2742
"[1080.54, 609.53]",Prevotella,0,2744
"[1079.1483253588517, 802.3157894736842]",Prevotella,0,2745
"[1085.1379310344828, 482.4689655172414]",Leptotrichia,0,2746
"[1080.2564102564102, 1074.3846153846155]",Streptococcus,0,2747
"[1080.0535714285713, 1517.982142857143]",Treponema,0,2748
"[1081.0, 1589.9767441860465]",Selenomonas,0,2749
"[1081.3614457831325, 779.6024096385543]",Prevotella,0,2750
"[1083.2427184466019, 891.0388349514564]",Corynebacterium,0,2751
"[1081.1604938271605, 1157.320987654321]",Streptococcus,0,2752
"[1080.2682926829268, 1730.4512195121952]",Corynebacterium,0,2754
"[1081.4038461538462, 1743.7884615384614]",Selenomonas,0,2755
"[1083.646551724138, 362.12068965517244]",Leptotrichia,0,2756
"[1082.1129032258063, 388.9193548387097]",Leptotrichia,0,2757
"[1082.4271844660195, 1559.9611650485438]",Streptococcus,0,2758
"[1082.6666666666667, 563.4603174603175]",Corynebacterium,0,2759
"[1084.2444444444445, 963.2222222222222]",Selenomonas,0,2760
"[1087.986111111111, 1206.986111111111]",Lautropia,0,2761
"[1083.6699029126214, 653.2135922330098]",Leptotrichia,0,2762
"[1086.2320675105486, 735.4725738396625]",Actinomyces,0,2763
"[1088.0260869565218, 1400.8695652173913]",Treponema,0,2764
"[1085.296875, 437.140625]",Rothia,0,2765
"[1086.7412587412587, 865.6993006993007]",Porphyromonas,0,2766
"[1087.5548387096774, 1119.2387096774194]",Streptococcus,0,2767
"[1085.5230769230768, 1171.323076923077]",Treponema,0,2768
"[1090.2102564102563, 1485.2307692307693]",Treponema,0,2769
"[1091.2242990654206, 1498.1028037383178]",Selenomonas,0,2770
"[1088.766081871345, 689.7602339181286]",Leptotrichia,0,2771
"[1088.8206896551724, 933.6620689655173]",Rothia,0,2772
"[1087.0361445783133, 1544.5180722891566]",Streptococcus,0,2774
"[1086.96, 421.88]",Leptotrichia,0,2775
"[1088.46875, 1142.421875]",Streptococcus,0,2776
"[1086.3454545454545, 1300.581818181818]",TM7,0,2778
"[1099.1845018450185, 1435.3505535055351]",Rothia,0,2779
"[1087.7787610619469, 1697.9026548672566]",Leptotrichia,0,2781
"[1089.4190476190477, 574.4571428571429]",Corynebacterium,0,2783
"[1088.4842105263158, 1006.8]",Campylobacter,0,2784
"[1092.6967741935484, 1079.483870967742]",Porphyromonas,0,2785
"[1087.5974025974026, 1382.1818181818182]",Selenomonas,0,2787
"[1088.4833333333333, 1422.7]",Veillonella,0,2788
"[1086.8666666666666, 1623.6333333333334]",Selenomonas,0,2789
"[1090.341463414634, 403.6666666666667]",Rothia,0,2790
"[1090.4109589041095, 784.6712328767123]",Prevotella,0,2791
"[1091.8618421052631, 1512.967105263158]",Pasteurellaceae,0,2792
"[1091.967213114754, 910.2950819672132]",Corynebacterium,0,2793
"[1089.835616438356, 994.2602739726027]",Rothia,0,2794
"[1099.1622641509434, 349.4754716981132]",Leptotrichia,0,2796
"[1092.4814814814815, 556.4691358024692]",Corynebacterium,0,2797
"[1092.728, 831.48]",Fusobacterium,0,2798
"[1089.5507246376812, 1055.144927536232]",Leptotrichia,0,2799
"[1093.9205298013244, 1329.4834437086092]",Treponema,0,2800
"[1092.591836734694, 1571.7448979591836]",Treponema,0,2801
"[1090.8032786885246, 470.9672131147541]",Leptotrichia,0,2802
"[1097.3076923076924, 889.0979020979021]",Corynebacterium,0,2803
"[1094.1132075471698, 1453.0188679245282]",Fusobacterium,0,2804
"[1093.6190476190477, 642.4]",Leptotrichia,0,2806
"[1094.9375, 947.6696428571429]",Corynebacterium,0,2807
"[1091.8524590163934, 1637.311475409836]",Porphyromonas,0,2809
"[1095.925, 1739.025]",Corynebacterium,0,2810
"[1098.7105263157894, 601.859649122807]",Leptotrichia,0,2811
"[1096.4300341296928, 1264.1945392491468]",Leptotrichia,0,2812
"[1098.5084745762713, 1110.0084745762713]",Streptococcus,0,2814
"[1102.3920454545455, 1286.3977272727273]",Leptotrichia,0,2816
"[1095.6788990825687, 1346.7339449541284]",Selenomonas,0,2817
"[1095.877358490566, 1723.4056603773586]",Leptotrichia,0,2818
"[1098.6842105263158, 510.0827067669173]",Rothia,0,2820
"[1102.0662251655629, 925.3907284768212]",Fusobacterium,0,2821
"[1096.508982035928, 1236.311377245509]",Leptotrichia,0,2822
"[1097.295081967213, 756.4590163934427]",Streptococcus,0,2823
"[1095.40625, 1151.46875]",Streptococcus,0,2825
"[1101.2620689655173, 1583.5379310344827]",Treponema,0,2826
"[1097.9565217391305, 1606.7826086956522]",Selenomonas,0,2827
"[1100.1322314049587, 1654.314049586777]",Streptococcus,0,2828
"[1099.0720720720722, 1688.8918918918919]",Leptotrichia,0,2829
"[1103.9567567567567, 329.2918918918919]",Pasteurellaceae,0,2830
"[1097.5125, 376.1125]",Leptotrichia,0,2831
"[1102.3586206896553, 842.4]",Rothia,0,2832
"[1101.2777777777778, 1165.75]",Leptotrichia,0,2834
"[1100.9545454545455, 1414.1545454545455]",Veillonella,0,2835
"[1100.7520661157025, 1624.1735537190082]",Fusobacterium,0,2837
"[1101.7885462555066, 457.6035242290749]",Leptotrichia,0,2838
"[1100.6792452830189, 697.9119496855346]",Streptococcus,0,2839
"[1105.1050955414012, 810.687898089172]",Rothia,0,2840
"[1100.4647887323943, 1309.6690140845071]",Leptotrichia,0,2841
"[1104.103448275862, 391.0344827586207]",Veillonella,0,2842
"[1100.232142857143, 724.1339285714286]",Prevotella,0,2843
"[1100.5326086956522, 769.7826086956521]",Actinomyces,0,2844
"[1100.3763440860216, 1043.1720430107528]",Streptococcus,0,2845
"[1099.8461538461538, 1672.179487179487]",Streptococcus,0,2847
"[1100.3934426229507, 1217.327868852459]",Leptotrichia,0,2848
"[1101.0223880597016, 1377.9776119402984]",Selenomonas,0,2849
"[1111.5324232081912, 534.6177474402731]",Rothia,0,2852
"[1101.3294117647058, 544.4823529411765]",Capnocytophaga,0,2853
"[1101.8589743589744, 484.85897435897436]",Rothia,0,2854
"[1106.590909090909, 876.6590909090909]",Treponema,0,2855
"[1102.0, 1189.2388059701493]",Leptotrichia,0,2856
"[1102.9855072463768, 1595.9855072463768]",Selenomonas,0,2857
"[1104.9084507042253, 420.2957746478873]",Leptotrichia,0,2858
"[1104.8255813953488, 655.6046511627907]",Leptotrichia,0,2859
"[1111.7431693989072, 960.9890710382514]",Corynebacterium,0,2860
"[1105.6466666666668, 1001.1733333333333]",Campylobacter,0,2861
"[1104.1584158415842, 1026.8613861386139]",Pasteurellaceae,0,2862
"[1103.7882352941176, 1537.8]",Leptotrichia,0,2863
"[1108.2919254658384, 293.24844720496895]",Pasteurellaceae,0,2864
"[1105.5675675675675, 584.027027027027]",Leptotrichia,0,2865
"[1111.9701492537313, 623.3097014925373]",Leptotrichia,0,2866
"[1103.8625, 1120.3125]",Streptococcus,0,2867
"[1106.378787878788, 1137.6666666666667]",Streptococcus,0,2868
"[1104.8032786885246, 1364.655737704918]",Pasteurellaceae,0,2869
"[1105.9027777777778, 1399.236111111111]",Capnocytophaga,0,2870
"[1112.6577777777777, 1454.648888888889]",Rothia,0,2871
"[1108.9347826086957, 856.4565217391304]",Fusobacterium,0,2873
"[1107.862745098039, 1485.264705882353]",Selenomonas,0,2874
"[1110.5089285714287, 316.9732142857143]",Corynebacterium,0,2876
"[1111.9552845528456, 742.6341463414634]",Leptotrichia,0,2878
"[1108.559633027523, 781.5321100917431]",Actinomyces,0,2879
"[1113.3300492610838, 978.5862068965517]",Treponema,0,2880
"[1112.5027027027027, 1092.4108108108107]",Leptotrichia,0,2881
"[1109.0193548387097, 1335.4193548387098]",Selenomonas,0,2882
"[1112.6820276497697, 1716.2442396313363]",Fusobacterium,0,2884
"[1109.3939393939395, 432.6969696969697]",Leptotrichia,0,2885
"[1108.8814814814814, 563.6148148148148]",Pasteurellaceae,0,2886
"[1109.2549019607843, 667.3137254901961]",Leptotrichia,0,2887
"[1124.437125748503, 909.9161676646706]",Leptotrichia,0,2888
"[1108.4, 1351.2545454545455]",Treponema,0,2889
"[1112.703448275862, 1501.2689655172414]",TM7,0,2890
"[1109.9652173913043, 1201.7304347826087]",Leptotrichia,0,2893
"[1113.0, 367.63432835820896]",Leptotrichia,0,2894
"[1111.4705882352941, 1159.9764705882353]",Leptotrichia,0,2895
"[1109.188679245283, 1642.9245283018868]",Porphyromonas,0,2896
"[1117.8167539267015, 1677.371727748691]",Streptococcus,0,2897
"[1113.5221238938052, 1552.787610619469]",Leptotrichia,0,2898
"[1112.9180327868853, 1061.1147540983607]",Leptotrichia,0,2899
"[1115.6373626373627, 1325.978021978022]",Streptococcus,0,2900
"[1111.5757575757575, 1663.090909090909]",Corynebacterium,0,2901
"[1115.8699186991869, 284.5121951219512]",Corynebacterium,0,2902
"[1119.8155339805826, 452.7281553398058]",Leptotrichia,0,2903
"[1116.964705882353, 703.2]",Streptococcus,0,2904
"[1112.4745762711864, 942.8474576271186]",Corynebacterium,0,2906
"[1114.1311475409836, 1223.8852459016393]",Leptotrichia,0,2907
"[1118.857142857143, 827.2642857142857]",Rothia,0,2908
"[1119.5693430656934, 1110.1751824817518]",Leptotrichia,0,2909
"[1124.719135802469, 1125.7716049382716]",Streptococcus,0,2910
"[1116.1968085106382, 1245.2659574468084]",Leptotrichia,0,2911
"[1113.4310344827586, 1396.2758620689656]",Corynebacterium,0,2912
"[1114.8032786885246, 689.983606557377]",Leptotrichia,0,2915
"[1114.5, 762.6666666666666]",Porphyromonas,0,2916
"[1116.5406976744187, 1039.0116279069769]",Leptotrichia,0,2917
"[1116.154761904762, 1181.2619047619048]",Leptotrichia,0,2918
"[1116.056074766355, 1471.3831775700935]",Selenomonas,0,2920
"[1121.8397790055249, 1627.2044198895028]",Rothia,0,2921
"[1120.7211538461538, 487.0673076923077]",Capnocytophaga,0,2922
"[1116.375, 639.0]",Leptotrichia,0,2923
"[1115.4313725490197, 1359.5098039215686]",Treponema,0,2924
"[1117.5714285714287, 1609.7589285714287]",Fusobacterium,0,2925
"[1118.482142857143, 1696.0089285714287]",Rothia,0,2926
"[1120.0773195876288, 593.6701030927835]",Lautropia,0,2927
"[1116.5757575757575, 1594.6363636363637]",Fusobacterium,0,2929
"[1120.3541666666667, 1655.9479166666667]",Fusobacterium,0,2930
"[1119.6759259259259, 386.26851851851853]",Leptotrichia,0,2931
"[1122.2068965517242, 713.2068965517242]",Prevotella,0,2932
"[1119.796875, 730.40625]",Lautropia,0,2933
"[1124.8471337579617, 931.7515923566879]",Corynebacterium,0,2934
"[1120.5149700598802, 1298.4610778443114]",Selenomonas,0,2935
"[1119.1451612903227, 564.2741935483871]",Rothia,0,2936
"[1119.950819672131, 948.4754098360655]",Corynebacterium,0,2938
"[1121.1290322580646, 1311.8279569892472]",Streptococcus,0,2939
"[1127.763005780347, 1432.1387283236995]",Rothia,0,2941
"[1121.1363636363637, 1571.1454545454546]",Selenomonas,0,2942
"[1125.0082644628098, 785.0495867768595]",Leptotrichia,0,2944
"[1123.5363636363636, 678.4909090909091]",Prevotella,0,2946
"[1126.4764705882353, 884.0294117647059]",Lautropia,0,2947
"[1119.640625, 1533.078125]",Selenomonas,0,2948
"[1122.2542372881355, 1193.7288135593221]",Leptotrichia,0,2949
"[1123.014705882353, 1367.6617647058824]",Corynebacterium,0,2950
"[1122.642857142857, 1387.1530612244899]",Selenomonas,0,2951
"[1123.9176470588236, 1552.1764705882354]",Porphyromonas,0,2953
"[1127.9802371541502, 413.9328063241107]",Leptotrichia,0,2954
"[1127.9864864864865, 995.918918918919]",Streptococcus,0,2955
"[1130.0955056179776, 1340.3595505617977]",Corynebacterium,0,2956
"[1126.5975609756097, 1355.3902439024391]",Selenomonas,0,2957
"[1124.0294117647059, 1510.1764705882354]",Corynebacterium,0,2958
"[1126.9848484848485, 339.90909090909093]",Pasteurellaceae,0,2959
"[1125.3, 518.1]",Corynebacterium,0,2960
"[1128.476439790576, 1016.6387434554974]",Leptotrichia,0,2961
"[1130.1016949152543, 1581.6440677966102]",Selenomonas,0,2963
"[1131.486577181208, 849.9697986577181]",Fusobacterium,0,2964
"[1127.6875, 753.734375]",Leptotrichia,0,2965
"[1126.142857142857, 1166.955357142857]",Leptotrichia,0,2966
"[1126.607142857143, 1643.267857142857]",Fusobacterium,0,2967
"[1134.028901734104, 437.76878612716763]",Rothia,0,2968
"[1132.7336683417086, 1215.5276381909548]",Leptotrichia,0,2970
"[1128.638888888889, 1403.3055555555557]",Corynebacterium,0,2971
"[1136.6, 1446.285]",Rothia,0,2972
"[1129.2962962962963, 1716.3240740740741]",Fusobacterium,0,2973
"[1129.469696969697, 277.82575757575756]",Corynebacterium,0,2974
"[1130.53125, 317.0078125]",Leptotrichia,0,2975
"[1130.1309523809523, 661.8095238095239]",Treponema,0,2976
"[1140.7443946188341, 508.72645739910314]",Corynebacterium,0,2978
"[1131.7880794701987, 576.8741721854304]",Leptotrichia,0,2979
"[1131.0454545454545, 632.2613636363636]",Leptotrichia,0,2980
"[1132.162393162393, 974.1623931623932]",Capnocytophaga,0,2981
"[1129.8169014084508, 1231.1971830985915]",Leptotrichia,0,2982
"[1132.0961538461538, 1419.0576923076924]",Actinomyces,0,2983
"[1133.4411764705883, 1523.1568627450981]",Corynebacterium,0,2984
"[1127.72131147541, 1597.655737704918]",Fusobacterium,0,2985
"[1131.530864197531, 1701.8148148148148]",Rothia,0,2986
"[1132.2233009708739, 804.1067961165048]",Prevotella,0,2987
"[1130.8260869565217, 1463.1884057971015]",Veillonella,0,2988
"[1133.2957746478874, 618.3802816901408]",Leptotrichia,0,2989
"[1131.2833333333333, 734.1333333333333]",Leptotrichia,0,2990
"[1132.7358490566037, 743.3207547169811]",Lautropia,0,2991
"[1132.080357142857, 1040.1339285714287]",Leptotrichia,0,2992
"[1133.1604938271605, 1476.0740740740741]",Corynebacterium,0,2993
"[1136.4462809917356, 1685.0578512396694]",Actinomyces,0,2995
"[1139.9246376811593, 549.3420289855072]",Leptotrichia,0,2997
"[1132.7272727272727, 643.969696969697]",Leptotrichia,0,2998
"[1138.0377358490566, 297.37106918238993]",Corynebacterium,0,3000
"[1132.48, 487.06]",Capnocytophaga,0,3001
"[1135.168918918919, 689.2837837837837]",Leptotrichia,0,3002
"[1134.4388489208634, 1108.5539568345323]",Streptococcus,0,3003
"[1135.9203539823009, 1140.1769911504425]",Leptotrichia,0,3004
"[1134.2266666666667, 1242.0933333333332]",Prevotella,0,3005
"[1135.6975308641975, 1257.6975308641975]",Prevotella,0,3006
"[1143.0190114068441, 1495.0570342205324]",Veillonella,0,3007
"[1136.1170212765958, 1604.1382978723404]",Fusobacterium,0,3008
"[1133.4642857142858, 1650.392857142857]",Rothia,0,3009
"[1135.47, 1078.3]",Leptotrichia,0,3010
"[1138.6352941176472, 1162.6823529411765]",Leptotrichia,0,3011
"[1136.5320512820513, 1186.3846153846155]",Leptotrichia,0,3012
"[1135.3265306122448, 1300.2755102040817]",Selenomonas,0,3013
"[1137.2325581395348, 769.6046511627907]",Leptotrichia,0,3014
"[1138.0384615384614, 1277.368131868132]",Campylobacter,0,3015
"[1137.0782608695652, 394.2086956521739]",Leptotrichia,0,3016
"[1138.25, 603.6203703703703]",Leptotrichia,0,3017
"[1140.4411764705883, 820.0126050420168]",Prevotella,0,3018
"[1137.6666666666667, 1049.2121212121212]",Leptotrichia,0,3020
"[1136.8974358974358, 1378.070512820513]",Selenomonas,0,3021
"[1140.3563218390805, 1546.8620689655172]",Porphyromonas,0,3023
"[1138.872340425532, 470.8085106382979]",Rothia,0,3024
"[1138.2539682539682, 954.547619047619]",Corynebacterium,0,3025
"[1138.2777777777778, 1632.2444444444445]",Fusobacterium,0,3027
"[1139.3588235294117, 372.45882352941175]",Corynebacterium,0,3028
"[1140.0824742268042, 1092.381443298969]",Streptococcus,0,3029
"[1140.2117647058824, 1510.729411764706]",Corynebacterium,0,3030
"[1142.388888888889, 1565.2857142857142]",Prevotella,0,3031
"[1138.6142857142856, 347.5571428571429]",Corynebacterium,0,3032
"[1141.4421052631578, 453.13684210526316]",Leptotrichia,0,3033
"[1139.140350877193, 493.64912280701753]",Fusobacterium,0,3034
"[1144.5408163265306, 566.7244897959183]",Leptotrichia,0,3035
"[1141.3118279569892, 894.1397849462365]",Corynebacterium,0,3036
"[1142.0916666666667, 1663.975]",Streptococcus,0,3038
"[1147.0106951871658, 717.7058823529412]",Actinomyces,0,3040
"[1141.873417721519, 1035.7974683544303]",Leptotrichia,0,3041
"[1140.7903225806451, 1699.3387096774193]",Rothia,0,3044
"[1143.3191489361702, 330.0531914893617]",Treponema,0,3045
"[1142.9545454545455, 668.0454545454545]",Selenomonas,0,3046
"[1148.894117647059, 939.1941176470589]",TM7,0,3048
"[1143.7272727272727, 1733.9160839160838]",Leptotrichia,0,3049
"[1146.2586206896551, 423.9913793103448]",Leptotrichia,0,3050
"[1147.6408450704225, 926.2042253521126]",TM7,0,3051
"[1147.960396039604, 1003.3712871287129]",Streptococcus,0,3052
"[1143.123076923077, 1325.1538461538462]",Selenomonas,0,3053
"[1147.6486486486488, 525.772972972973]",Corynebacterium,0,3054
"[1149.5333333333333, 1716.14]",Actinomyces,0,3056
"[1147.2991452991453, 757.4700854700855]",Lautropia,0,3057
"[1151.8809523809523, 857.8333333333334]",Rothia,0,3058
"[1148.6666666666667, 979.6879432624113]",Campylobacter,0,3059
"[1145.9240506329113, 1309.4303797468353]",Selenomonas,0,3060
"[1145.6909090909091, 1392.2545454545455]",Selenomonas,0,3061
"[1148.6846153846154, 1647.6846153846154]",Rothia,0,3062
"[1146.9885057471265, 643.919540229885]",Leptotrichia,0,3063
"[1150.4065040650407, 657.829268292683]",Selenomonas,0,3064
"[1149.1929824561403, 1457.3157894736842]",Veillonella,0,3065
"[1147.8620689655172, 700.5689655172414]",Corynebacterium,0,3067
"[1151.721590909091, 732.2386363636364]",Leptotrichia,0,3068
"[1150.6412213740457, 873.0534351145038]",Corynebacterium,0,3069
"[1149.1239669421489, 1289.01652892562]",Corynebacterium,0,3070
"[1148.201923076923, 1338.0384615384614]",Selenomonas,0,3071
"[1149.010752688172, 1427.2043010752689]",Rothia,0,3072
"[1148.1025641025642, 1588.162393162393]",Leptotrichia,0,3073
"[1149.6138613861385, 843.0891089108911]",Actinomyces,0,3075
"[1148.3372093023256, 1475.2674418604652]",Treponema,0,3076
"[1150.929203539823, 288.13274336283183]",Corynebacterium,0,3077
"[1153.761658031088, 1028.3316062176166]",Leptotrichia,0,3078
"[1151.5445544554455, 1246.3861386138615]",Streptococcus,0,3079
"[1151.78125, 1353.4166666666667]",Corynebacterium,0,3080
"[1149.1891891891892, 1615.5135135135135]",Fusobacterium,0,3082
"[1151.2613636363637, 1697.875]",Rothia,0,3083
"[1161.479674796748, 315.1219512195122]",Corynebacterium,0,3084
"[1151.27868852459, 470.6393442622951]",Campylobacter,0,3086
"[1156.1193181818182, 680.3295454545455]",Treponema,0,3087
"[1150.234375, 768.40625]",Leptotrichia,0,3088
"[1151.1234567901236, 1097.8024691358025]",Streptococcus,0,3089
"[1150.7142857142858, 1112.4621848739496]",Streptococcus,0,3090
"[1152.2713178294573, 1150.0697674418604]",Gemella,0,3092
"[1151.906976744186, 1416.3023255813953]",Veillonella,0,3093
"[1152.7710843373493, 611.4457831325301]",Leptotrichia,0,3095
"[1152.9302325581396, 1068.2186046511629]",Leptotrichia,0,3096
"[1151.9516129032259, 251.40322580645162]",Pasteurellaceae,0,3097
"[1152.4933333333333, 368.14]",Corynebacterium,0,3098
"[1152.2622950819673, 782.327868852459]",Leptotrichia,0,3099
"[1152.9019607843138, 902.6666666666666]",Corynebacterium,0,3100
"[1153.344, 962.256]",Corynebacterium,0,3101
"[1153.3411764705882, 1232.7882352941176]",Leptotrichia,0,3102
"[1154.7402597402597, 1373.7662337662337]",Selenomonas,0,3103
"[1155.802919708029, 599.3211678832117]",Leptotrichia,0,3104
"[1157.3426573426573, 629.3776223776224]",Treponema,0,3105
"[1154.3239436619717, 797.0985915492957]",Leptotrichia,0,3106
"[1163.1483516483515, 1684.9725274725274]",Prevotella,0,3108
"[1154.873469387755, 1209.5673469387755]",Leptotrichia,0,3109
"[1159.6685714285713, 576.5885714285714]",Leptotrichia,0,3111
"[1156.6206896551723, 912.5862068965517]",Corynebacterium,0,3113
"[1157.7103448275861, 1171.6965517241379]",Leptotrichia,0,3114
"[1158.5668789808917, 1470.2547770700637]",Leptotrichia,0,3115
"[1155.135593220339, 1541.7796610169491]",Selenomonas,0,3116
"[1160.948905109489, 297.014598540146]",Capnocytophaga,0,3117
"[1161.1966292134832, 439.2752808988764]",Leptotrichia,0,3118
"[1164.2389705882354, 495.0735294117647]",Pasteurellaceae,0,3119
"[1168.3963636363637, 1387.5490909090909]",Corynebacterium,0,3120
"[1157.4418604651162, 1440.1046511627908]",Rothia,0,3121
"[1159.4186046511627, 1562.5581395348838]",Prevotella,0,3122
"[1157.46, 815.52]",Leptotrichia,0,3124
"[1157.0, 1363.450980392157]",Selenomonas,0,3125
"[1159.85401459854, 414.86861313868616]",Leptotrichia,0,3127
"[1159.8474576271187, 456.40677966101697]",Gemella,0,3128
"[1158.351851851852, 507.27777777777777]",Corynebacterium,0,3129
"[1161.4255319148936, 1276.2659574468084]",Treponema,0,3131
"[1158.5185185185185, 1322.351851851852]",Treponema,0,3132
"[1158.9305555555557, 1523.7222222222222]",TM7,0,3134
"[1164.7569444444443, 278.63194444444446]",Corynebacterium,0,3136
"[1163.3969849246232, 387.68341708542715]",Treponema,0,3137
"[1160.0, 647.0786516853933]",Corynebacterium,0,3138
"[1161.1375, 707.55]",Porphyromonas,0,3139
"[1164.2568807339449, 742.4220183486239]",Actinomyces,0,3140
"[1162.4242424242425, 882.2121212121212]",Corynebacterium,0,3141
"[1160.7904761904763, 1259.8095238095239]",Streptococcus,0,3142
"[1161.860655737705, 1576.9590163934427]",Leptotrichia,0,3143
"[1168.931343283582, 247.2955223880597]",Corynebacterium,0,3145
"[1167.1446540880504, 689.5786163522013]",Corynebacterium,0,3146
"[1164.5344827586207, 992.3103448275862]",Selenomonas,0,3147
"[1161.6915422885572, 1131.686567164179]",Leptotrichia,0,3148
"[1159.5176470588235, 1307.4470588235295]",Corynebacterium,0,3150
"[1160.4375, 1334.625]",Corynebacterium,0,3151
"[1163.8, 554.1212121212121]",Leptotrichia,0,3153
"[1163.232142857143, 348.0]",Pasteurellaceae,0,3155
"[1165.4305555555557, 977.4027777777778]",Capnocytophaga,0,3156
"[1161.7721518987341, 1614.4556962025317]",Fusobacterium,0,3158
"[1168.3645833333333, 403.8958333333333]",Leptotrichia,0,3159
"[1165.0, 833.525]",Leptotrichia,0,3160
"[1162.2631578947369, 950.9298245614035]",Corynebacterium,0,3161
"[1165.0581395348838, 1289.8255813953488]",Selenomonas,0,3162
"[1165.15625, 891.8125]",Corynebacterium,0,3163
"[1163.7971014492753, 1090.768115942029]",Streptococcus,0,3164
"[1164.1052631578948, 1502.6491228070176]",Fusobacterium,0,3165
"[1166.0534351145038, 1542.2824427480916]",Corynebacterium,0,3166
"[1167.3367346938776, 1640.8163265306123]",Veillonella,0,3167
"[1168.656, 537.632]",Leptotrichia,0,3168
"[1167.2142857142858, 771.4285714285714]",Leptotrichia,0,3169
"[1165.090909090909, 1413.6545454545455]",Corynebacterium,0,3171
"[1169.2380952380952, 1668.547619047619]",Pasteurellaceae,0,3173
"[1167.2611940298507, 473.44776119402985]",Pasteurellaceae,0,3174
"[1173.3697916666667, 752.3229166666666]",Prevotella,0,3175
"[1166.6851851851852, 863.7407407407408]",Fusobacterium,0,3176
"[1166.3870967741937, 943.7741935483871]",TM7,0,3177
"[1170.3628318584072, 929.5221238938053]",Pasteurellaceae,0,3179
"[1169.5087719298247, 1182.859649122807]",Leptotrichia,0,3180
"[1167.9322033898304, 1429.1525423728813]",Fusobacterium,0,3181
"[1171.548611111111, 1588.2430555555557]",Leptotrichia,0,3182
"[1172.0384615384614, 1711.7912087912089]",Leptotrichia,0,3183
"[1170.357142857143, 518.8968253968254]",Leptotrichia,0,3184
"[1168.7719298245613, 793.0438596491229]",Leptotrichia,0,3185
"[1168.4117647058824, 904.5441176470588]",TM7,0,3186
"[1168.2, 1021.5619047619048]",Leptotrichia,0,3187
"[1168.7096774193549, 1211.1505376344087]",Leptotrichia,0,3188
"[1170.952380952381, 364.7142857142857]",Corynebacterium,0,3189
"[1180.0458015267175, 614.0305343511451]",Corynebacterium,0,3190
"[1175.4948453608247, 657.5824742268042]",Actinomyces,0,3191
"[1175.637037037037, 849.4]",Prevotella,0,3192
"[1172.27, 1156.13]",Leptotrichia,0,3193
"[1169.7977528089887, 1305.7865168539327]",Treponema,0,3194
"[1170.4814814814815, 1450.0]",Veillonella,0,3195
"[1171.5, 332.07142857142856]",Corynebacterium,0,3196
"[1172.157894736842, 635.4605263157895]",Corynebacterium,0,3197
"[1172.7631578947369, 1365.5087719298247]",Rothia,0,3198
"[1173.9859154929577, 587.1549295774648]",Leptotrichia,0,3199
"[1174.860465116279, 723.2441860465116]",Corynebacterium,0,3200
"[1172.2763157894738, 1223.2105263157894]",Leptotrichia,0,3202
"[1171.6909090909091, 1439.4]",Actinomyces,0,3203
"[1173.7553191489362, 1620.0106382978724]",Fusobacterium,0,3204
"[1176.4610389610389, 269.72727272727275]",Corynebacterium,0,3205
"[1180.6829268292684, 906.6682926829268]",TM7,0,3206
"[1174.3125, 1322.0520833333333]",Leptotrichia,0,3207
"[1172.84, 1404.86]",Corynebacterium,0,3208
"[1173.014705882353, 1604.6911764705883]",Veillonella,0,3209
"[1175.9135802469136, 704.7654320987655]",Leptotrichia,0,3211
"[1184.3599088838268, 821.9567198177676]",Prevotella,0,3212
"[1174.753846153846, 1120.2923076923078]",Leptotrichia,0,3213
"[1174.6582278481012, 1508.746835443038]",TM7,0,3215
"[1174.537037037037, 1525.6851851851852]",Capnocytophaga,0,3216
"[1180.301204819277, 681.0120481927711]",Corynebacterium,0,3217
"[1177.6732673267327, 871.8316831683169]",Corynebacterium,0,3218
"[1178.5757575757575, 1335.5530303030303]",Leptotrichia,0,3219
"[1182.2948717948718, 1427.9358974358975]",Capnocytophaga,0,3220
"[1180.0504201680671, 1466.8235294117646]",Corynebacterium,0,3221
"[1178.5217391304348, 1660.1159420289855]",Selenomonas,0,3222
"[1177.136690647482, 1103.2158273381294]",Leptotrichia,0,3223
"[1176.679487179487, 1238.3846153846155]",Porphyromonas,0,3224
"[1183.6848484848485, 1351.4424242424243]",Rothia,0,3225
"[1182.0758620689655, 305.4896551724138]",Corynebacterium,0,3226
"[1178.1967213114754, 971.1229508196722]",Corynebacterium,0,3227
"[1178.0925925925926, 1271.3055555555557]",Treponema,0,3228
"[1178.8316831683169, 1547.118811881188]",Treponema,0,3229
"[1185.312925170068, 940.6530612244898]",Corynebacterium,0,3230
"[1179.4411764705883, 1252.8970588235295]",Pasteurellaceae,0,3231
"[1178.232142857143, 1287.4107142857142]",Selenomonas,0,3232
"[1180.7941176470588, 347.79411764705884]",Leptotrichia,0,3233
"[1181.4528301886792, 393.8490566037736]",Leptotrichia,0,3234
"[1183.6763005780347, 423.76878612716763]",Leptotrichia,0,3235
"[1183.7837837837837, 551.2162162162163]",Gemella,0,3236
"[1182.608695652174, 795.9402173913044]",Leptotrichia,0,3237
"[1187.267942583732, 881.6985645933014]",Corynebacterium,0,3238
"[1187.282258064516, 956.2177419354839]",Corynebacterium,0,3239
"[1182.323076923077, 1133.4923076923078]",Leptotrichia,0,3240
"[1184.142857142857, 1189.9565217391305]",Streptococcus,0,3241
"[1184.0625, 223.91666666666666]",Corynebacterium,0,3243
"[1182.6810344827586, 447.41379310344826]",Leptotrichia,0,3244
"[1183.6525423728813, 509.4237288135593]",Leptotrichia,0,3245
"[1183.4074074074074, 1167.585185185185]",Leptotrichia,0,3247
"[1180.037037037037, 1300.5185185185185]",Pasteurellaceae,0,3248
"[1188.028735632184, 257.0632183908046]",Corynebacterium,0,3249
"[1184.6470588235295, 484.3137254901961]",Leptotrichia,0,3250
"[1185.7411764705882, 468.49411764705883]",Leptotrichia,0,3251
"[1184.5392156862745, 629.9117647058823]",Corynebacterium,0,3252
"[1185.1785714285713, 699.0357142857143]",Treponema,0,3253
"[1190.4315068493152, 1149.9520547945206]",Leptotrichia,0,3254
"[1188.5648148148148, 1535.861111111111]",Corynebacterium,0,3255
"[1184.2131147540983, 1564.795081967213]",Leptotrichia,0,3256
"[1185.712962962963, 771.2129629629629]",Leptotrichia,0,3257
"[1185.6306306306305, 989.6846846846847]",Corynebacterium,0,3259
"[1185.9705882352941, 1210.9705882352941]",Streptococcus,0,3260
"[1184.1090909090908, 1500.6363636363637]",Corynebacterium,0,3261
"[1185.4915254237287, 374.03389830508473]",Leptotrichia,0,3262
"[1187.8783783783783, 1413.337837837838]",Corynebacterium,0,3263
"[1187.4198473282443, 1484.9923664122136]",Corynebacterium,0,3264
"[1185.45, 1605.0666666666666]",Fusobacterium,0,3265
"[1190.36, 289.4971428571429]",Corynebacterium,0,3266
"[1186.7310924369747, 326.4453781512605]",Capnocytophaga,0,3267
"[1187.8983050847457, 501.1186440677966]",Leptotrichia,0,3268
"[1187.6633663366338, 736.6732673267327]",Prevotella,0,3270
"[1186.3116883116884, 1078.6883116883116]",Streptococcus,0,3271
"[1192.8258706467661, 1232.3830845771145]",Selenomonas,0,3272
"[1187.607142857143, 1640.9107142857142]",Prevotella,0,3274
"[1187.4476190476191, 1695.990476190476]",Leptotrichia,0,3275
"[1192.6958525345622, 669.5760368663595]",Corynebacterium,0,3276
"[1186.7962962962963, 1281.5740740740741]",Selenomonas,0,3277
"[1188.611111111111, 1390.1296296296296]",Corynebacterium,0,3278
"[1188.448717948718, 1403.076923076923]",Pasteurellaceae,0,3279
"[1192.4193548387098, 1447.5967741935483]",Corynebacterium,0,3280
"[1188.79, 1522.26]",TM7,0,3281
"[1189.3977272727273, 1675.25]",Corynebacterium,0,3282
"[1189.28, 526.25]",Leptotrichia,0,3283
"[1190.5692307692307, 1297.246153846154]",Corynebacterium,0,3284
"[1191.6629213483145, 364.30337078651684]",Veillonella,0,3286
"[1194.0397350993378, 1322.4900662251655]",Leptotrichia,0,3287
"[1193.7356321839081, 1584.1666666666667]",Prevotella,0,3289
"[1195.611650485437, 235.61650485436894]",Corynebacterium,0,3290
"[1195.752808988764, 644.814606741573]",Actinomyces,0,3291
"[1190.9565217391305, 1711.9565217391305]",Corynebacterium,0,3292
"[1192.8387096774193, 710.2795698924731]",Corynebacterium,0,3293
"[1192.3376623376623, 916.6883116883117]",Corynebacterium,0,3294
"[1193.516129032258, 1096.3010752688172]",Streptococcus,0,3295
"[1192.8135593220338, 1376.915254237288]",Veillonella,0,3296
"[1196.341463414634, 579.6524390243902]",Leptotrichia,0,3297
"[1197.4513274336284, 748.9646017699115]",Prevotella,0,3298
"[1194.3984375, 1122.0859375]",Lautropia,0,3299
"[1194.8117647058823, 435.4823529411765]",Leptotrichia,0,3300
"[1199.950354609929, 838.0851063829788]",Actinomyces,0,3301
"[1195.648854961832, 1254.0229007633588]",Selenomonas,0,3302
"[1201.3440860215053, 1363.731182795699]",Prevotella,0,3303
"[1198.298245614035, 618.4473684210526]",Pasteurellaceae,0,3304
"[1199.0842696629213, 780.2303370786517]",Leptotrichia,0,3305
"[1194.3333333333333, 1281.148148148148]",Corynebacterium,0,3306
"[1199.445652173913, 1335.5108695652175]",Lautropia,0,3307
"[1198.9279279279278, 1426.018018018018]",TM7,0,3308
"[1203.4655172413793, 558.4310344827586]",Leptotrichia,0,3310
"[1195.3846153846155, 806.6153846153846]",Prevotella,0,3311
"[1195.9557522123894, 858.2300884955753]",Capnocytophaga,0,3312
"[1196.65, 1496.3375]",TM7,0,3313
"[1197.357142857143, 1616.2857142857142]",Prevotella,0,3314
"[1199.186274509804, 339.70588235294116]",Fusobacterium,0,3315
"[1209.6550308008214, 1172.7453798767967]",Pasteurellaceae,0,3316
"[1200.64161849711, 1465.9306358381502]",Corynebacterium,0,3317
"[1198.65, 1510.0875]",Corynebacterium,0,3318
"[1200.274336283186, 539.4955752212389]",Leptotrichia,0,3322
"[1200.9157894736843, 1348.7684210526315]",Rothia,0,3323
"[1200.1140350877192, 1551.1140350877192]",Pasteurellaceae,0,3324
"[1200.24, 691.89]",Corynebacterium,0,3325
"[1200.1170212765958, 1216.787234042553]",Treponema,0,3326
"[1201.5975609756097, 721.9268292682926]",Pasteurellaceae,0,3329
"[1205.4255319148936, 896.5691489361702]",Corynebacterium,0,3330
"[1206.090909090909, 1531.3030303030303]",Corynebacterium,0,3332
"[1214.318407960199, 1601.0696517412935]",Prevotella,0,3333
"[1199.1285714285714, 1662.7142857142858]",Corynebacterium,0,3334
"[1203.4142857142858, 312.87142857142857]",TM7,0,3335
"[1206.7368421052631, 377.4894736842105]",Corynebacterium,0,3336
"[1201.486725663717, 928.8141592920354]",Corynebacterium,0,3337
"[1202.5865384615386, 973.7211538461538]",Capnocytophaga,0,3338
"[1201.5882352941176, 1279.0980392156862]",Corynebacterium,0,3339
"[1208.7990654205607, 1567.4018691588785]",Corynebacterium,0,3341
"[1203.6770833333333, 512.71875]",Leptotrichia,0,3343
"[1203.493670886076, 590.367088607595]",Rothia,0,3344
"[1207.261780104712, 1134.4712041884816]",Campylobacter,0,3345
"[1205.416, 462.76]",Leptotrichia,0,3346
"[1205.3294117647058, 676.3294117647059]",Corynebacterium,0,3347
"[1204.8915662650602, 1202.5301204819277]",Selenomonas,0,3348
"[1205.1604938271605, 415.60493827160496]",Pasteurellaceae,0,3350
"[1206.951388888889, 480.1458333333333]",Leptotrichia,0,3351
"[1204.438775510204, 496.94897959183675]",Leptotrichia,0,3352
"[1209.1274509803923, 795.8823529411765]",Actinomyces,0,3353
"[1209.8947368421052, 956.5187969924812]",Capnocytophaga,0,3354
"[1203.78, 1305.72]",Corynebacterium,0,3355
"[1205.4492753623188, 1631.6521739130435]",Fusobacterium,0,3356
"[1206.1, 450.89]",Leptotrichia,0,3357
"[1206.095238095238, 628.0952380952381]",Porphyromonas,0,3358
"[1213.421052631579, 763.4736842105264]",Leptotrichia,0,3359
"[1208.4716981132076, 938.877358490566]",Corynebacterium,0,3360
"[1207.7425149700598, 1081.7964071856288]",Leptotrichia,0,3361
"[1203.9193548387098, 1391.4274193548388]",Corynebacterium,0,3362
"[1205.6461538461538, 1677.3076923076924]",Corynebacterium,0,3363
"[1208.1693548387098, 358.3225806451613]",Leptotrichia,0,3364
"[1205.2545454545455, 666.7818181818182]",TM7,0,3365
"[1210.359375, 300.0625]",Corynebacterium,0,3366
"[1208.7457627118645, 403.7457627118644]",Pasteurellaceae,0,3367
"[1211.4420289855072, 748.4202898550725]",Leptotrichia,0,3368
"[1210.6014492753623, 222.92028985507247]",Corynebacterium,0,3369
"[1207.672131147541, 427.73770491803276]",Leptotrichia,0,3370
"[1216.1756097560976, 524.3951219512195]",Leptotrichia,0,3371
"[1210.3048780487804, 710.8048780487804]",Treponema,0,3372
"[1210.010752688172, 847.6129032258065]",Porphyromonas,0,3373
"[1210.3377483443708, 873.225165562914]",Leptotrichia,0,3374
"[1211.590243902439, 1242.3902439024391]",Selenomonas,0,3375
"[1212.4152046783627, 1406.9122807017543]",Treponema,0,3376
"[1210.3714285714286, 325.6190476190476]",Fusobacterium,0,3377
"[1211.611570247934, 1322.4628099173553]",Selenomonas,0,3378
"[1209.1587301587301, 1442.984126984127]",Corynebacterium,0,3379
"[1218.7032967032967, 1512.0604395604396]",Fusobacterium,0,3380
"[1209.7045454545455, 1584.1363636363637]",Prevotella,0,3381
"[1209.1641791044776, 1694.7761194029852]",Leptotrichia,0,3382
"[1211.0550458715597, 280.29357798165137]",Corynebacterium,0,3383
"[1212.427536231884, 650.7898550724638]",Rothia,0,3384
"[1209.7704918032787, 1266.0]",Corynebacterium,0,3385
"[1211.9325842696628, 1425.6966292134832]",Fusobacterium,0,3386
"[1219.1515151515152, 804.8666666666667]",Prevotella,0,3387
"[1213.256, 911.672]",Corynebacterium,0,3388
"[1214.4599156118143, 1105.6455696202531]",Leptotrichia,0,3389
"[1218.8447204968943, 1345.1863354037266]",Prevotella,0,3390
"[1211.2222222222222, 1649.3472222222222]",Corynebacterium,0,3391
"[1213.8846153846155, 255.93269230769232]",Corynebacterium,0,3392
"[1214.4333333333334, 436.8888888888889]",Leptotrichia,0,3393
"[1213.2714285714285, 622.6714285714286]",Selenomonas,0,3394
"[1214.963963963964, 827.8648648648649]",Porphyromonas,0,3395
"[1212.3218390804598, 1479.0689655172414]",Corynebacterium,0,3397
"[1214.0967741935483, 598.3064516129032]",Corynebacterium,0,3398
"[1212.1153846153845, 1293.5576923076924]",Selenomonas,0,3399
"[1214.111111111111, 1496.8333333333333]",Corynebacterium,0,3400
"[1218.0374331550802, 1672.8930481283423]",Corynebacterium,0,3402
"[1212.6101694915253, 1386.0169491525423]",Corynebacterium,0,3404
"[1216.4253731343283, 195.7462686567164]",Leptotrichia,0,3405
"[1216.054347826087, 782.1630434782609]",Prevotella,0,3406
"[1218.5794392523364, 1277.8691588785048]",Corynebacterium,0,3407
"[1214.78, 1314.46]",TM7,0,3408
"[1223.9781818181818, 1627.7018181818182]",Fusobacterium,0,3410
"[1216.1531531531532, 547.2882882882883]",Leptotrichia,0,3411
"[1221.2522522522522, 577.8738738738739]",TM7,0,3412
"[1216.796875, 670.40625]",Corynebacterium,0,3413
"[1219.1764705882354, 706.4117647058823]",Leptotrichia,0,3414
"[1216.8253968253969, 1658.3968253968253]",Corynebacterium,0,3415
"[1216.52, 503.28]",Leptotrichia,0,3416
"[1218.326923076923, 690.5480769230769]",Pasteurellaceae,0,3417
"[1215.7118644067796, 1213.2542372881355]",Selenomonas,0,3419
"[1221.9705882352941, 217.05882352941177]",Corynebacterium,0,3421
"[1218.3239436619717, 971.9859154929577]",Corynebacterium,0,3422
"[1218.2459016393443, 1137.5245901639344]",Rothia,0,3423
"[1224.6834170854272, 1551.105527638191]",Lautropia,0,3425
"[1218.9605263157894, 394.2236842105263]",Corynebacterium,0,3426
"[1220.0416666666667, 610.1111111111111]",TM7,0,3427
"[1222.6601941747572, 948.7087378640776]",Capnocytophaga,0,3428
"[1221.7326732673268, 236.58415841584159]",Corynebacterium,0,3429
"[1220.6813186813188, 640.1538461538462]",Rothia,0,3430
"[1225.223404255319, 921.9414893617021]",Corynebacterium,0,3431
"[1220.9247311827958, 1362.763440860215]",Veillonella,0,3432
"[1225.925, 1696.13125]",Leptotrichia,0,3434
"[1222.3131313131314, 340.1212121212121]",Leptotrichia,0,3436
"[1225.4371859296482, 865.2110552763819]",Treponema,0,3437
"[1223.3636363636363, 474.04040404040404]",Leptotrichia,0,3439
"[1233.4601226993866, 817.4141104294479]",Porphyromonas,0,3440
"[1220.9827586206898, 1063.948275862069]",Streptococcus,0,3441
"[1223.73417721519, 1228.860759493671]",Selenomonas,0,3442
"[1227.1538461538462, 408.8251748251748]",Pasteurellaceae,0,3446
"[1224.3333333333333, 843.6952380952381]",Porphyromonas,0,3447
"[1223.8387096774193, 893.247311827957]",Leptotrichia,0,3448
"[1224.3285714285714, 1303.5142857142857]",Corynebacterium,0,3449
"[1223.1911764705883, 1482.1617647058824]",Corynebacterium,0,3450
"[1231.0967741935483, 1608.236559139785]",Prevotella,0,3451
"[1226.3052631578948, 1496.8842105263159]",Corynebacterium,0,3456
"[1224.7101449275362, 311.18840579710144]",TM7,0,3457
"[1225.8803418803418, 365.2564102564103]",Leptotrichia,0,3458
"[1234.8600823045267, 663.7448559670781]",Corynebacterium,0,3459
"[1226.0252100840337, 733.5966386554621]",Leptotrichia,0,3460
"[1228.5505617977528, 1065.5955056179776]",Streptococcus,0,3461
"[1229.2877697841727, 1579.5395683453237]",Fusobacterium,0,3462
"[1228.8953488372092, 1679.7674418604652]",Capnocytophaga,0,3464
"[1226.150684931507, 1708.0684931506848]",Leptotrichia,0,3465
"[1229.0470588235294, 453.2]",Leptotrichia,0,3466
"[1227.6176470588234, 493.8137254901961]",Leptotrichia,0,3467
"[1239.1165413533834, 540.5]",Leptotrichia,0,3468
"[1227.4466666666667, 626.7066666666667]",Prevotella,0,3469
"[1228.201923076923, 1380.2596153846155]",Corynebacterium,0,3471
"[1226.6623376623377, 1467.1818181818182]",Corynebacterium,0,3472
"[1227.75, 263.125]",Corynebacterium,0,3473
"[1229.4255319148936, 280.75531914893617]",Corynebacterium,0,3474
"[1227.943820224719, 429.9550561797753]",Leptotrichia,0,3475
"[1226.75, 1198.8676470588234]",Corynebacterium,0,3476
"[1230.9285714285713, 1273.922077922078]",Corynebacterium,0,3477
"[1226.021505376344, 1319.236559139785]",Selenomonas,0,3478
"[1226.1153846153845, 1447.923076923077]",TM7,0,3479
"[1230.5360824742268, 602.2577319587629]",Corynebacterium,0,3480
"[1232.5177304964539, 1083.5035460992908]",Streptococcus,0,3481
"[1231.2459016393443, 1127.6639344262296]",Lautropia,0,3482
"[1232.6274509803923, 1396.9411764705883]",Prevotella,0,3483
"[1229.224, 1415.688]",Prevotella,0,3484
"[1233.934131736527, 204.16167664670658]",Corynebacterium,0,3486
"[1233.644171779141, 772.5337423312883]",Prevotella,0,3488
"[1230.9866666666667, 1334.4266666666667]",Prevotella,0,3489
"[1232.3265306122448, 246.91836734693877]",Corynebacterium,0,3490
"[1234.0267857142858, 1211.892857142857]",Corynebacterium,0,3491
"[1232.3736263736264, 181.21978021978023]",Treponema,0,3492
"[1233.8648648648648, 561.4774774774775]",Leptotrichia,0,3493
"[1231.24, 696.55]",Leptotrichia,0,3494
"[1235.1902173913043, 903.0760869565217]",Corynebacterium,0,3495
"[1234.2727272727273, 1143.097902097902]",Prevotella,0,3496
"[1233.857142857143, 383.8487394957983]",Leptotrichia,0,3497
"[1236.1639344262296, 757.0983606557377]",Lautropia,0,3498
"[1234.9375, 847.84375]",Streptococcus,0,3499
"[1233.53125, 935.234375]",TM7,0,3500
"[1234.9908256880733, 1293.7798165137615]",Corynebacterium,0,3501
"[1233.8524590163934, 784.7377049180328]",Streptococcus,0,3503
"[1236.6280991735537, 1257.5537190082644]",TM7,0,3504
"[1233.3225806451612, 1639.4193548387098]",TM7,0,3505
"[1242.66, 610.785]",Prevotella,0,3506
"[1238.628787878788, 792.439393939394]",Prevotella,0,3507
"[1236.1153846153845, 1223.173076923077]",Corynebacterium,0,3508
"[1235.6966292134832, 1372.4943820224719]",Corynebacterium,0,3509
"[1237.8023255813953, 293.0813953488372]",TM7,0,3510
"[1236.9850746268658, 1104.8059701492537]",Leptotrichia,0,3511
"[1241.6303030303031, 1360.8969696969698]",Corynebacterium,0,3512
"[1235.2068965517242, 1453.896551724138]",Fusobacterium,0,3513
"[1237.425, 1542.6]",Leptotrichia,0,3514
"[1237.2676056338028, 1172.2112676056338]",Corynebacterium,0,3516
"[1244.2983870967741, 1477.8548387096773]",Corynebacterium,0,3518
"[1239.134328358209, 1669.089552238806]",Capnocytophaga,0,3519
"[1239.4352941176471, 221.75294117647059]",Pasteurellaceae,0,3520
"[1244.154761904762, 582.4166666666666]",TM7,0,3521
"[1238.0, 1188.8990825688074]",Corynebacterium,0,3522
"[1239.178947368421, 1314.6631578947367]",Corynebacterium,0,3523
"[1237.301886792453, 1469.4716981132076]",Corynebacterium,0,3524
"[1248.016, 1512.7173333333333]",Veillonella,0,3526
"[1240.5275590551182, 415.65354330708664]",TM7,0,3527
"[1238.4615384615386, 527.2461538461539]",Leptotrichia,0,3528
"[1239.567901234568, 676.9382716049382]",Corynebacterium,0,3529
"[1243.6746987951808, 723.5421686746988]",Leptotrichia,0,3530
"[1243.6687116564417, 749.7975460122699]",Leptotrichia,0,3531
"[1241.2597402597403, 1331.1948051948052]",Prevotella,0,3533
"[1238.923076923077, 1656.4038461538462]",TM7,0,3534
"[1241.673076923077, 341.02884615384613]",Corynebacterium,0,3535
"[1239.5576923076924, 1065.9423076923076]",Streptococcus,0,3537
"[1242.4567901234568, 1160.6913580246915]",Corynebacterium,0,3538
"[1239.98, 1413.37]",Prevotella,0,3539
"[1243.1492537313434, 1710.955223880597]",Leptotrichia,0,3540
"[1240.5409836065573, 433.327868852459]",Leptotrichia,0,3541
"[1246.6286919831223, 509.0506329113924]",Leptotrichia,0,3542
"[1240.3148148148148, 1235.351851851852]",Corynebacterium,0,3543
"[1246.7054263565892, 1350.6666666666667]",Corynebacterium,0,3544
"[1241.8115942028985, 275.2028985507246]",Corynebacterium,0,3545
"[1244.4301075268818, 827.7204301075269]",Porphyromonas,0,3546
"[1242.2545454545455, 356.43636363636364]",Corynebacterium,0,3547
"[1245.6467065868264, 630.5209580838323]",Corynebacterium,0,3548
"[1246.5393258426966, 706.6966292134831]",Leptotrichia,0,3549
"[1244.3376623376623, 919.8181818181819]",Treponema,0,3550
"[1244.2727272727273, 1493.4204545454545]",Corynebacterium,0,3551
"[1242.9041095890411, 1590.6849315068494]",Veillonella,0,3553
"[1252.5836734693878, 1680.8938775510203]",Corynebacterium,0,3554
"[1249.970802919708, 363.7664233576642]",Corynebacterium,0,3555
"[1248.7167630057804, 691.7052023121387]",Leptotrichia,0,3556
"[1243.5762711864406, 1079.4406779661017]",Leptotrichia,0,3557
"[1243.6133333333332, 1578.9466666666667]",Selenomonas,0,3558
"[1245.5113636363637, 1650.909090909091]",TM7,0,3559
"[1247.414814814815, 256.85185185185185]",Corynebacterium,0,3560
"[1247.0530973451328, 323.91150442477874]",Corynebacterium,0,3561
"[1244.516129032258, 934.8279569892474]",Streptococcus,0,3562
"[1248.5333333333333, 1536.3142857142857]",Prevotella,0,3563
"[1252.28078817734, 443.935960591133]",Leptotrichia,0,3564
"[1249.1317829457364, 488.13178294573646]",Leptotrichia,0,3565
"[1251.0, 1247.193103448276]",Selenomonas,0,3566
"[1247.1290322580646, 210.4516129032258]",Leptotrichia,0,3567
"[1249.442748091603, 307.70992366412213]",TM7,0,3568
"[1246.2987012987012, 1286.5064935064936]",Porphyromonas,0,3569
"[1247.7128712871288, 1450.3465346534654]",Corynebacterium,0,3570
"[1248.164383561644, 843.4657534246576]",Porphyromonas,0,3571
"[1248.2753623188405, 1096.0434782608695]",Leptotrichia,0,3572
"[1249.3870967741937, 1155.0806451612902]",Corynebacterium,0,3574
"[1253.2558139534883, 1202.5116279069769]",Corynebacterium,0,3575
"[1250.5140186915887, 1229.3364485981308]",Corynebacterium,0,3576
"[1248.5857142857142, 1272.5857142857142]",Selenomonas,0,3577
"[1250.2777777777778, 1465.875]",Corynebacterium,0,3578
"[1252.1982378854625, 1562.2378854625551]",Prevotella,0,3579
"[1248.3434343434344, 1633.2828282828282]",Rothia,0,3580
"[1253.1674208144796, 189.20814479638008]",Corynebacterium,0,3581
"[1250.125, 234.65625]",Corynebacterium,0,3582
"[1248.3809523809523, 381.26984126984127]",Leptotrichia,0,3583
"[1248.28, 1382.2666666666667]",Corynebacterium,0,3585
"[1252.1078431372548, 395.5686274509804]",Leptotrichia,0,3587
"[1253.0122699386502, 466.19018404907973]",Lautropia,0,3590
"[1252.9178082191781, 554.9589041095891]",Prevotella,0,3591
"[1250.5833333333333, 645.4]",Corynebacterium,0,3592
"[1256.9208633093526, 1110.3956834532373]",Leptotrichia,0,3593
"[1252.3287671232877, 1341.6575342465753]",TM7,0,3594
"[1253.2808988764045, 266.86516853932585]",Corynebacterium,0,3595
"[1263.0526315789473, 280.1826625386997]",TM7,0,3596
"[1264.095238095238, 1129.9115646258504]",Prevotella,0,3598
"[1252.388888888889, 1172.0555555555557]",Corynebacterium,0,3599
"[1253.8954248366013, 1185.751633986928]",Corynebacterium,0,3600
"[1253.5384615384614, 1214.576923076923]",TM7,0,3601
"[1254.4128440366972, 1601.4220183486239]",Rothia,0,3602
"[1253.035294117647, 1054.5294117647059]",Leptotrichia,0,3603
"[1258.672268907563, 1396.4117647058824]",Corynebacterium,0,3604
"[1253.3764705882354, 1425.729411764706]",Treponema,0,3605
"[1255.895238095238, 1619.8380952380953]",Prevotella,0,3606
"[1254.05, 1668.4166666666667]",Selenomonas,0,3607
"[1254.4814814814815, 338.44444444444446]",Corynebacterium,0,3608
"[1261.0710659898477, 589.5126903553299]",Actinomyces,0,3609
"[1254.5350877192982, 736.3947368421053]",Leptotrichia,0,3610
"[1257.4710144927535, 802.304347826087]",Leptotrichia,0,3611
"[1254.4782608695652, 1258.840579710145]",Selenomonas,0,3612
"[1253.990099009901, 1304.8217821782177]",Porphyromonas,0,3613
"[1255.296875, 1145.78125]",Corynebacterium,0,3614
"[1258.1809523809525, 226.56190476190477]",Corynebacterium,0,3617
"[1257.4574468085107, 423.20212765957444]",Leptotrichia,0,3618
"[1258.841155234657, 771.0433212996389]",Leptotrichia,0,3620
"[1258.4573643410852, 1088.2945736434108]",Leptotrichia,0,3621
"[1260.94375, 1446.7625]",Corynebacterium,0,3622
"[1257.7716049382716, 825.1481481481482]",Streptococcus,0,3623
"[1262.425, 1413.37]",Selenomonas,0,3624
"[1257.5535714285713, 1490.5535714285713]",Corynebacterium,0,3625
"[1259.27, 519.79]",Leptotrichia,0,3626
"[1259.3484848484848, 533.8787878787879]",Leptotrichia,0,3627
"[1263.587837837838, 611.5202702702703]",Corynebacterium,0,3628
"[1258.5447154471544, 1034.0569105691056]",Leptotrichia,0,3629
"[1258.9424460431655, 1319.6546762589928]",Porphyromonas,0,3631
"[1262.4793388429753, 714.9752066115702]",Leptotrichia,0,3632
"[1259.0, 1366.3731343283582]",Corynebacterium,0,3633
"[1259.1016949152543, 374.59322033898303]",Corynebacterium,0,3634
"[1265.4944444444445, 649.3611111111111]",Corynebacterium,0,3635
"[1262.8650793650793, 1647.126984126984]",Fusobacterium,0,3636
"[1264.046511627907, 845.1472868217054]",Porphyromonas,0,3637
"[1265.2674418604652, 1380.4302325581396]",Corynebacterium,0,3638
"[1264.5984848484848, 209.18939393939394]",Corynebacterium,0,3640
"[1263.536842105263, 546.5368421052632]",Rothia,0,3641
"[1263.225352112676, 1069.1338028169014]",Leptotrichia,0,3642
"[1265.2947976878613, 1534.0]",Prevotella,0,3643
"[1263.6451612903227, 481.68817204301075]",Leptotrichia,0,3644
"[1270.7261904761904, 624.7202380952381]",Corynebacterium,0,3645
"[1267.572700296736, 679.1810089020771]",Corynebacterium,0,3646
"[1263.859649122807, 1553.157894736842]",Pasteurellaceae,0,3647
"[1266.4133333333334, 179.7]",Corynebacterium,0,3648
"[1265.845238095238, 249.29166666666666]",Corynebacterium,0,3649
"[1264.8533333333332, 352.04]",Corynebacterium,0,3650
"[1265.0333333333333, 1164.1]",Corynebacterium,0,3651
"[1267.5263157894738, 1589.578947368421]",Fusobacterium,0,3653
"[1271.7886178861788, 396.4552845528455]",Leptotrichia,0,3654
"[1269.7777777777778, 742.1377777777777]",Leptotrichia,0,3655
"[1267.4912280701753, 1267.3508771929824]",Porphyromonas,0,3656
"[1264.4354838709678, 1479.0645161290322]",Capnocytophaga,0,3657
"[1267.7720588235295, 1688.1544117647059]",Corynebacterium,0,3659
"[1268.5588235294117, 329.6666666666667]",Corynebacterium,0,3661
"[1269.421052631579, 500.5438596491228]",Leptotrichia,0,3662
"[1265.59375, 1337.625]",Porphyromonas,0,3663
"[1267.371794871795, 1230.820512820513]",Neisseriaceae,0,3665
"[1269.1604938271605, 1295.2962962962963]",Corynebacterium,0,3666
"[1274.731182795699, 1611.9139784946237]",Prevotella,0,3667
"[1269.7155963302753, 149.8348623853211]",Treponema,0,3668
"[1277.2096774193549, 322.96774193548384]",Corynebacterium,0,3669
"[1272.1752577319587, 415.8144329896907]",Pasteurellaceae,0,3670
"[1268.8899082568807, 1147.8532110091744]",Capnocytophaga,0,3671
"[1270.9252336448599, 1194.5514018691588]",Corynebacterium,0,3672
"[1272.6263736263736, 1212.3296703296703]",Pasteurellaceae,0,3673
"[1268.438202247191, 1491.191011235955]",Corynebacterium,0,3674
"[1270.0116279069769, 1184.139534883721]",Corynebacterium,0,3675
"[1269.7179487179487, 1513.9358974358975]",Corynebacterium,0,3676
"[1270.367816091954, 1565.471264367816]",Fusobacterium,0,3677
"[1280.4485714285715, 602.5914285714285]",Corynebacterium,0,3678
"[1269.6507936507937, 1170.2222222222222]",Corynebacterium,0,3679
"[1276.1386861313867, 1649.1824817518248]",Rothia,0,3680
"[1280.9123376623377, 228.49675324675326]",Corynebacterium,0,3681
"[1274.3333333333333, 365.6666666666667]",Corynebacterium,0,3682
"[1272.338028169014, 784.0845070422536]",Leptotrichia,0,3683
"[1275.2436974789916, 1246.6806722689075]",Selenomonas,0,3685
"[1271.910447761194, 1471.2089552238806]",Corynebacterium,0,3686
"[1276.6379310344828, 455.2241379310345]",Leptotrichia,0,3687
"[1272.9864864864865, 1049.6824324324325]",Leptotrichia,0,3688
"[1283.3673469387754, 1314.3760932944606]",Selenomonas,0,3690
"[1273.9571428571428, 1363.1857142857143]",Corynebacterium,0,3691
"[1275.952, 1434.816]",Prevotella,0,3692
"[1273.2660550458716, 814.6605504587156]",Streptococcus,0,3693
"[1277.1923076923076, 1081.9423076923076]",Treponema,0,3694
"[1293.5320197044334, 1557.731527093596]",Prevotella,0,3695
"[1274.851851851852, 294.72222222222223]",TM7,0,3696
"[1274.7701149425288, 826.471264367816]",Leptotrichia,0,3697
"[1273.392857142857, 1595.0535714285713]",Veillonella,0,3698
"[1278.5289855072465, 1347.3623188405797]",Corynebacterium,0,3700
"[1274.8923076923077, 1671.7692307692307]",Corynebacterium,0,3701
"[1278.59, 170.38]",Corynebacterium,0,3702
"[1277.3076923076924, 347.04395604395603]",Corynebacterium,0,3703
"[1277.3424657534247, 428.06849315068496]",Leptotrichia,0,3704
"[1275.956043956044, 759.4395604395604]",Streptococcus,0,3705
"[1277.7456647398844, 1107.0404624277458]",Streptococcus,0,3706
"[1278.2328767123288, 209.16438356164383]",Corynebacterium,0,3707
"[1280.3333333333333, 798.7925925925925]",Leptotrichia,0,3708
"[1276.6268656716418, 1286.1044776119404]",Selenomonas,0,3709
"[1276.8545454545454, 1620.3636363636363]",Prevotella,0,3710
"[1287.0, 565.3333333333334]",Rothia,0,3711
"[1282.859649122807, 661.8859649122807]",Corynebacterium,0,3712
"[1280.8424242424242, 714.9878787878788]",Streptococcus,0,3713
"[1278.6025641025642, 1230.8589743589744]",Selenomonas,0,3715
"[1277.6666666666667, 1333.15]",Selenomonas,0,3716
"[1279.4864864864865, 1460.027027027027]",Corynebacterium,0,3717
"[1286.298611111111, 272.49305555555554]",Fusobacterium,0,3718
"[1283.6338028169014, 475.67605633802816]",Leptotrichia,0,3719
"[1287.280701754386, 648.3976608187135]",Corynebacterium,0,3720
"[1290.691983122363, 1257.4177215189873]",Fusobacterium,0,3722
"[1282.3232323232323, 1300.5959595959596]",Selenomonas,0,3723
"[1285.8829268292684, 525.9268292682926]",Leptotrichia,0,3725
"[1281.6631578947367, 1486.0105263157895]",Corynebacterium,0,3727
"[1283.6470588235295, 1573.8235294117646]",Rothia,0,3728
"[1284.5320512820513, 141.78205128205127]",Capnocytophaga,0,3729
"[1281.056074766355, 684.7850467289719]",Treponema,0,3731
"[1287.1256830601094, 1061.8688524590164]",Leptotrichia,0,3732
"[1283.1351351351352, 1389.4054054054054]",Corynebacterium,0,3733
"[1283.8685714285714, 1412.9142857142858]",Corynebacterium,0,3734
"[1282.4444444444443, 1448.6296296296296]",Corynebacterium,0,3735
"[1283.6526315789474, 508.22105263157897]",Leptotrichia,0,3736
"[1283.0111111111112, 1509.1444444444444]",Corynebacterium,0,3737
"[1282.8815789473683, 1522.9736842105262]",Corynebacterium,0,3738
"[1297.7090464547678, 1693.6650366748165]",TM7,0,3739
"[1283.032786885246, 257.8032786885246]",Corynebacterium,0,3740
"[1283.4166666666667, 1123.2333333333333]",Fusobacterium,0,3741
"[1281.826923076923, 1151.326923076923]",Corynebacterium,0,3742
"[1289.1004366812226, 1653.0786026200874]",Rothia,0,3743
"[1287.3057851239669, 285.22314049586777]",TM7,0,3744
"[1289.9580838323354, 1278.5508982035929]",Porphyromonas,0,3745
"[1288.14, 696.86]",Leptotrichia,0,3746
"[1286.9357142857143, 770.8785714285714]",Streptococcus,0,3747
"[1287.2857142857142, 1601.4285714285713]",Rothia,0,3748
"[1287.6666666666667, 1699.1234567901236]",TM7,0,3749
"[1285.8977272727273, 192.8409090909091]",Corynebacterium,0,3750
"[1286.25, 1095.9625]",Leptotrichia,0,3752
"[1289.2903225806451, 1542.1612903225807]",Prevotella,0,3755
"[1289.4959349593496, 306.0406504065041]",Corynebacterium,0,3757
"[1287.673076923077, 1219.7884615384614]",Corynebacterium,0,3758
"[1289.2313432835822, 1628.4626865671642]",Prevotella,0,3759
"[1291.8148148148148, 356.58641975308643]",Corynebacterium,0,3761
"[1290.4351145038167, 730.9083969465648]",Lautropia,0,3762
"[1287.6190476190477, 1367.7619047619048]",Corynebacterium,0,3763
"[1288.8857142857144, 1503.2857142857142]",Corynebacterium,0,3764
"[1289.8051948051948, 1671.4155844155844]",Rothia,0,3765
"[1292.4672897196263, 247.07476635514018]",Corynebacterium,0,3766
"[1290.0379746835442, 406.9620253164557]",Capnocytophaga,0,3767
"[1295.9030612244899, 544.7908163265306]",Pasteurellaceae,0,3768
"[1288.5964912280701, 581.6666666666666]",Pasteurellaceae,0,3769
"[1289.7529411764706, 823.6823529411764]",Leptotrichia,0,3770
"[1289.3050847457628, 1082.7288135593221]",Pasteurellaceae,0,3772
"[1290.0, 376.64864864864865]",Pasteurellaceae,0,3774
"[1292.3777777777777, 1172.8]",Corynebacterium,0,3775
"[1295.902857142857, 1329.1485714285714]",TM7,0,3776
"[1290.076923076923, 634.2115384615385]",Corynebacterium,0,3778
"[1292.5454545454545, 205.59595959595958]",Corynebacterium,0,3780
"[1295.8581560283687, 778.8723404255319]",Streptococcus,0,3782
"[1300.0726643598616, 847.7162629757786]",Rothia,0,3783
"[1293.377192982456, 1131.6315789473683]",Veillonella,0,3784
"[1299.736607142857, 418.33482142857144]",Capnocytophaga,0,3785
"[1293.282258064516, 616.4274193548387]",Corynebacterium,0,3786
"[1292.7777777777778, 1429.1904761904761]",Corynebacterium,0,3787
"[1300.3276836158193, 1585.6497175141244]",Prevotella,0,3788
"[1295.5084745762713, 163.42372881355934]",Corynebacterium,0,3789
"[1301.15, 1111.3]",Corynebacterium,0,3790
"[1293.0, 1205.857142857143]",TM7,0,3791
"[1304.3737024221452, 183.19377162629758]",Corynebacterium,0,3792
"[1301.758389261745, 323.8691275167785]",Corynebacterium,0,3793
"[1303.1513157894738, 811.4934210526316]",Streptococcus,0,3795
"[1297.6045197740114, 1449.0395480225989]",Corynebacterium,0,3796
"[1299.3391812865498, 1478.46783625731]",Corynebacterium,0,3797
"[1301.2014388489208, 1535.3237410071943]",Selenomonas,0,3798
"[1301.2524271844661, 1237.2087378640776]",Selenomonas,0,3799
"[1298.21, 1516.21]",Corynebacterium,0,3800
"[1299.6716417910447, 582.6044776119403]",Corynebacterium,0,3801
"[1297.8305084745762, 1069.6440677966102]",Pasteurellaceae,0,3802
"[1299.178861788618, 1348.9349593495936]",Corynebacterium,0,3803
"[1296.811320754717, 1393.9245283018868]",Corynebacterium,0,3804
"[1296.2, 1412.1384615384616]",Corynebacterium,0,3805
"[1299.8632478632478, 684.2222222222222]",Leptotrichia,0,3806
"[1300.2637362637363, 757.0989010989011]",Leptotrichia,0,3807
"[1301.0232558139535, 791.7441860465116]",Streptococcus,0,3808
"[1300.056179775281, 1196.7640449438202]",Corynebacterium,0,3809
"[1305.9291338582677, 1295.6771653543308]",Porphyromonas,0,3810
"[1300.6785714285713, 1368.2738095238096]",Corynebacterium,0,3811
"[1301.9495798319329, 1600.2773109243697]",Rothia,0,3812
"[1300.5857142857142, 255.92857142857142]",Corynebacterium,0,3813
"[1300.4552845528456, 475.4959349593496]",Leptotrichia,0,3814
"[1301.244094488189, 497.51181102362204]",Leptotrichia,0,3815
"[1302.5384615384614, 738.025641025641]",Leptotrichia,0,3816
"[1302.530864197531, 1031.4444444444443]",Pasteurellaceae,0,3817
"[1301.7131782945737, 1096.6666666666667]",Corynebacterium,0,3818
"[1299.3934426229507, 1381.5245901639344]",Corynebacterium,0,3819
"[1299.5714285714287, 1495.0535714285713]",Corynebacterium,0,3820
"[1306.8975741239892, 1626.177897574124]",Prevotella,0,3821
"[1303.8613138686133, 138.45255474452554]",Capnocytophaga,0,3822
"[1302.090909090909, 1046.8181818181818]",Corynebacterium,0,3823
"[1303.2156862745098, 1711.6928104575163]",Porphyromonas,0,3824
"[1311.235, 267.965]",TM7,0,3825
"[1306.2597402597403, 289.1818181818182]",Pasteurellaceae,0,3826
"[1304.0230769230768, 387.04615384615386]",Corynebacterium,0,3827
"[1301.6792452830189, 455.9811320754717]",Pasteurellaceae,0,3828
"[1307.975, 606.625]",Corynebacterium,0,3829
"[1302.0840336134454, 1671.563025210084]",Rothia,0,3830
"[1308.4947916666667, 218.953125]",Fusobacterium,0,3831
"[1303.4842105263158, 369.2421052631579]",Corynebacterium,0,3832
"[1305.4666666666667, 636.2761904761904]",Leptotrichia,0,3834
"[1309.3636363636363, 713.9772727272727]",Leptotrichia,0,3835
"[1304.4939759036145, 1160.8313253012047]",Corynebacterium,0,3838
"[1305.7317073170732, 1214.4878048780488]",Corynebacterium,0,3839
"[1303.0701754385964, 1503.982456140351]",Corynebacterium,0,3840
"[1303.6153846153845, 1184.75]",Corynebacterium,0,3841
"[1308.7460317460318, 560.8333333333334]",Corynebacterium,0,3843
"[1308.4514285714286, 657.6514285714286]",Leptotrichia,0,3844
"[1310.1801801801803, 697.4054054054054]",Leptotrichia,0,3845
"[1307.4885496183206, 832.6793893129772]",Streptococcus,0,3846
"[1305.1272727272728, 1063.290909090909]",Pasteurellaceae,0,3847
"[1305.8474576271187, 1265.322033898305]",Fusobacterium,0,3848
"[1306.6825396825398, 1330.7142857142858]",Fusobacterium,0,3849
"[1311.5591397849462, 441.1236559139785]",Leptotrichia,0,3851
"[1308.576923076923, 623.2692307692307]",Corynebacterium,0,3852
"[1308.6607142857142, 1424.7857142857142]",Corynebacterium,0,3853
"[1307.1, 1466.38]",Selenomonas,0,3854
"[1311.576923076923, 198.6153846153846]",Corynebacterium,0,3857
"[1310.7066666666667, 343.03333333333336]",Corynebacterium,0,3858
"[1310.2413793103449, 1084.2931034482758]",Corynebacterium,0,3859
"[1312.3859649122808, 1358.157894736842]",Corynebacterium,0,3861
"[1310.3015873015872, 1436.3333333333333]",Corynebacterium,0,3862
"[1311.2230215827337, 159.0431654676259]",Corynebacterium,0,3863
"[1314.4080459770114, 514.3448275862069]",Corynebacterium,0,3864
"[1319.9651567944252, 525.0522648083623]",Corynebacterium,0,3865
"[1311.5244755244755, 763.006993006993]",Lautropia,0,3866
"[1311.513888888889, 1412.8333333333333]",Corynebacterium,0,3869
"[1312.8618784530386, 1512.9558011049724]",Corynebacterium,0,3870
"[1312.888888888889, 235.2020202020202]",Corynebacterium,0,3871
"[1317.7119565217392, 793.320652173913]",Leptotrichia,0,3872
"[1315.245508982036, 1000.6287425149701]",Treponema,0,3873
"[1312.3, 1176.9555555555555]",Corynebacterium,0,3875
"[1311.84, 1195.02]",Corynebacterium,0,3876
"[1315.4113924050632, 1374.1455696202531]",TM7,0,3878
"[1313.2307692307693, 416.84615384615387]",Corynebacterium,0,3880
"[1316.2204724409448, 303.1417322834646]",Leptotrichia,0,3881
"[1314.3538461538462, 592.5846153846154]",Corynebacterium,0,3882
"[1317.6639344262296, 356.54918032786884]",Corynebacterium,0,3884
"[1317.3188405797102, 481.30434782608694]",Leptotrichia,0,3885
"[1314.5607476635514, 671.9158878504672]",Leptotrichia,0,3886
"[1315.972027972028, 1314.3986013986014]",Actinomyces,0,3888
"[1324.8291457286432, 1549.6532663316582]",Veillonella,0,3889
"[1315.1440677966102, 1567.6186440677966]",Prevotella,0,3890
"[1319.4907407407406, 133.5648148148148]",Veillonella,0,3891
"[1317.3827160493827, 398.24691358024694]",Capnocytophaga,0,3892
"[1316.3894736842105, 463.09473684210525]",Leptotrichia,0,3893
"[1317.6525423728813, 579.6525423728814]",Corynebacterium,0,3894
"[1322.1844660194174, 1061.2475728155339]",TM7,0,3895
"[1314.3174603174602, 1116.4920634920634]",Corynebacterium,0,3896
"[1316.735294117647, 1276.0]",TM7,0,3897
"[1316.6891891891892, 1336.472972972973]",Fusobacterium,0,3898
"[1315.6091954022988, 1492.7356321839081]",Selenomonas,0,3899
"[1314.6703296703297, 1662.4725274725274]",Veillonella,0,3900
"[1316.142857142857, 250.3095238095238]",Corynebacterium,0,3901
"[1324.7991266375545, 873.2620087336245]",Rothia,0,3903
"[1317.2115384615386, 1348.7115384615386]",Veillonella,0,3905
"[1321.944099378882, 1722.9006211180124]",Rothia,0,3906
"[1318.263888888889, 559.8333333333334]",Corynebacterium,0,3908
"[1320.4074074074074, 1200.2314814814815]",Corynebacterium,0,3909
"[1318.73417721519, 1447.113924050633]",Selenomonas,0,3910
"[1323.5444444444445, 336.27777777777777]",Corynebacterium,0,3911
"[1320.9591836734694, 1261.3367346938776]",Fusobacterium,0,3913
"[1322.0168067226891, 1394.1344537815125]",Corynebacterium,0,3914
"[1320.898148148148, 1479.0462962962963]",Corynebacterium,0,3915
"[1325.6875, 497.875]",Corynebacterium,0,3917
"[1320.6645569620252, 1143.7784810126582]",Corynebacterium,0,3919
"[1322.2465753424658, 1227.958904109589]",Fusobacterium,0,3920
"[1322.7455621301774, 1533.5680473372781]",Selenomonas,0,3921
"[1325.0486891385767, 1604.3820224719102]",Prevotella,0,3922
"[1319.2173913043478, 377.4347826086956]",Corynebacterium,0,3923
"[1320.25, 614.2083333333334]",Pasteurellaceae,0,3924
"[1324.389344262295, 821.5983606557377]",Rothia,0,3925
"[1325.3395061728395, 1425.0802469135801]",Corynebacterium,0,3926
"[1326.0140845070423, 1642.105633802817]",Prevotella,0,3928
"[1323.8048780487804, 852.4512195121952]",Prevotella,0,3929
"[1322.4555555555555, 1244.3222222222223]",Veillonella,0,3930
"[1331.2091503267975, 197.44444444444446]",Corynebacterium,0,3931
"[1330.4398563734292, 903.6319569120287]",Porphyromonas,0,3932
"[1323.455357142857, 928.1607142857143]",Streptococcus,0,3933
"[1322.0112359550562, 1168.3483146067415]",Corynebacterium,0,3934
"[1323.9417475728155, 1215.6699029126214]",Fusobacterium,0,3935
"[1325.4285714285713, 543.8796992481203]",Corynebacterium,0,3936
"[1327.2325581395348, 728.1860465116279]",Leptotrichia,0,3938
"[1322.517857142857, 762.8928571428571]",Rothia,0,3939
"[1325.3108108108108, 1019.2972972972973]",Prevotella,0,3940
"[1328.6638655462184, 1659.126050420168]",Capnocytophaga,0,3941
"[1327.1574074074074, 289.05555555555554]",Corynebacterium,0,3942
"[1325.225352112676, 644.9718309859155]",Pasteurellaceae,0,3943
"[1334.1930693069307, 778.460396039604]",Actinomyces,0,3944
"[1328.3731343283582, 1105.7164179104477]",TM7,0,3945
"[1327.69375, 1125.8375]",Corynebacterium,0,3946
"[1331.4312977099237, 1290.3091603053435]",Porphyromonas,0,3947
"[1328.5357142857142, 1673.732142857143]",Prevotella,0,3948
"[1326.8727272727272, 154.55757575757576]",Corynebacterium,0,3949
"[1327.7664233576643, 1085.3576642335765]",Corynebacterium,0,3951
"[1327.28125, 1188.328125]",Corynebacterium,0,3952
"[1325.6666666666667, 1518.6818181818182]",Corynebacterium,0,3954
"[1326.5964912280701, 1459.421052631579]",Corynebacterium,0,3955
"[1328.4333333333334, 1577.5777777777778]",Rothia,0,3956
"[1331.5056179775281, 1693.8539325842696]",Rothia,0,3957
"[1328.5496183206108, 444.4351145038168]",Leptotrichia,0,3959
"[1327.2608695652175, 597.5217391304348]",Corynebacterium,0,3960
"[1326.22, 657.28]",Pasteurellaceae,0,3961
"[1328.3434343434344, 750.2525252525253]",Actinomyces,0,3962
"[1328.1981981981983, 1363.8918918918919]",Corynebacterium,0,3963
"[1331.1867219917012, 420.99170124481327]",TM7,0,3964
"[1329.2058823529412, 680.2058823529412]",Leptotrichia,0,3965
"[1330.3255813953488, 963.4767441860465]",Rothia,0,3966
"[1333.1402714932126, 235.86425339366517]",Corynebacterium,0,3968
"[1330.5773195876288, 251.7422680412371]",Corynebacterium,0,3969
"[1329.0704225352113, 691.5633802816901]",Leptotrichia,0,3970
"[1332.3801652892562, 706.0661157024794]",Leptotrichia,0,3971
"[1339.363957597173, 1310.6325088339222]",TM7,0,3973
"[1332.5806451612902, 123.41935483870968]",Veillonella,0,3975
"[1338.4855305466237, 354.85852090032154]",Corynebacterium,0,3976
"[1334.0247933884298, 374.60330578512395]",Corynebacterium,0,3977
"[1329.8271604938273, 631.1234567901234]",Corynebacterium,0,3978
"[1332.159574468085, 837.0]",Prevotella,0,3979
"[1329.4736842105262, 995.2456140350877]",Pasteurellaceae,0,3980
"[1332.7752808988764, 1031.9325842696628]",Campylobacter,0,3981
"[1335.7983193277312, 213.41176470588235]",Corynebacterium,0,3982
"[1334.1103896103896, 574.2272727272727]",Corynebacterium,0,3983
"[1331.3148148148148, 1336.1851851851852]",Fusobacterium,0,3984
"[1332.8492063492063, 180.9047619047619]",Actinomyces,0,3986
"[1336.6, 940.3707317073171]",Actinomyces,0,3988
"[1335.4395604395604, 1506.3351648351647]",Corynebacterium,0,3989
"[1334.07, 322.31]",Leptotrichia,0,3990
"[1333.0983606557377, 592.2295081967213]",Corynebacterium,0,3991
"[1334.0886075949368, 799.2784810126582]",Lautropia,0,3992
"[1334.1666666666667, 302.84722222222223]",Corynebacterium,0,3994
"[1337.7934782608695, 612.4021739130435]",Leptotrichia,0,3995
"[1334.4827586206898, 1468.5862068965516]",Corynebacterium,0,3996
"[1336.0975609756097, 1718.2560975609756]",Prevotella,0,3997
"[1335.8636363636363, 275.3484848484849]",Corynebacterium,0,3998
"[1339.974358974359, 557.3675213675214]",Corynebacterium,0,3999
"[1334.8909090909092, 983.9454545454546]",Streptococcus,0,4000
"[1335.4583333333333, 1153.9583333333333]",Corynebacterium,0,4001
"[1338.2520325203252, 1738.5772357723577]",Prevotella,0,4003
"[1339.6239316239316, 1161.162393162393]",Corynebacterium,0,4004
"[1338.138888888889, 1265.0092592592594]",Fusobacterium,0,4005
"[1346.3385416666667, 132.05729166666666]",Veillonella,0,4006
"[1338.027397260274, 478.6027397260274]",Corynebacterium,0,4007
"[1338.352380952381, 646.6095238095238]",Pasteurellaceae,0,4008
"[1340.1553398058252, 664.6213592233009]",Leptotrichia,0,4009
"[1341.6075268817203, 855.4623655913979]",Actinomyces,0,4010
"[1338.8223350253807, 1245.507614213198]",Selenomonas,0,4011
"[1343.860465116279, 767.4031007751938]",Lautropia,0,4012
"[1341.0275229357799, 1350.2660550458716]",Veillonella,0,4013
"[1339.0, 1447.016393442623]",Corynebacterium,0,4014
"[1338.7857142857142, 1457.75]",Corynebacterium,0,4015
"[1338.9322033898304, 291.5762711864407]",Corynebacterium,0,4016
"[1340.7972972972973, 970.5135135135135]",Leptotrichia,0,4017
"[1340.7481481481482, 1058.0074074074073]",Corynebacterium,0,4018
"[1340.9180327868853, 1182.122950819672]",Corynebacterium,0,4019
"[1347.7416666666666, 1422.3875]",Veillonella,0,4020
"[1338.87, 1532.31]",Capnocytophaga,0,4022
"[1341.6146788990825, 1002.4036697247707]",Corynebacterium,0,4023
"[1344.22, 1220.88]",Corynebacterium,0,4024
"[1340.388888888889, 1393.4259259259259]",Corynebacterium,0,4025
"[1349.6102362204724, 1570.244094488189]",Prevotella,0,4026
"[1343.0466666666666, 1595.26]",Streptococcus,0,4027
"[1344.9805194805194, 1652.1298701298701]",Prevotella,0,4028
"[1349.4092526690392, 153.24199288256227]",Corynebacterium,0,4029
"[1343.2164179104477, 462.93283582089555]",Leptotrichia,0,4030
"[1342.553846153846, 1203.6307692307691]",Leptotrichia,0,4032
"[1341.7777777777778, 1407.0694444444443]",TM7,0,4033
"[1343.6179775280898, 224.51685393258427]",Corynebacterium,0,4034
"[1346.8471337579617, 532.1528662420383]",Leptotrichia,0,4035
"[1352.673076923077, 701.6923076923077]",Leptotrichia,0,4036
"[1342.754716981132, 987.1132075471698]",Pasteurellaceae,0,4037
"[1343.442748091603, 1137.2213740458014]",Corynebacterium,0,4039
"[1341.6666666666667, 1378.2]",TM7,0,4041
"[1345.888888888889, 1494.1515151515152]",Corynebacterium,0,4042
"[1343.974358974359, 1685.6025641025642]",Rothia,0,4043
"[1344.2833333333333, 491.48333333333335]",Corynebacterium,0,4044
"[1347.6913580246915, 512.5432098765432]",Rothia,0,4045
"[1343.4174757281553, 1084.0873786407767]",Corynebacterium,0,4046
"[1346.2233009708739, 1337.0873786407767]",Fusobacterium,0,4047
"[1349.375, 1374.45625]",Capnocytophaga,0,4048
"[1344.5890410958905, 1477.5616438356165]",Corynebacterium,0,4049
"[1345.7241379310344, 295.44827586206895]",Corynebacterium,0,4050
"[1343.378048780488, 409.5731707317073]",Corynebacterium,0,4051
"[1343.3207547169811, 627.8490566037735]",Corynebacterium,0,4052
"[1347.9312977099237, 736.0916030534352]",Leptotrichia,0,4053
"[1345.8039215686274, 1048.9803921568628]",Corynebacterium,0,4055
"[1343.8461538461538, 1280.8]",Porphyromonas,0,4056
"[1347.688524590164, 758.688524590164]",Leptotrichia,0,4058
"[1346.3125, 809.1647727272727]",Leptotrichia,0,4059
"[1349.9949748743718, 883.8693467336683]",Prevotella,0,4060
"[1349.3697478991596, 1110.5294117647059]",Corynebacterium,0,4061
"[1351.5435897435898, 1631.876923076923]",Prevotella,0,4063
"[1347.3827160493827, 312.0617283950617]",Corynebacterium,0,4064
"[1353.7638190954774, 429.5175879396985]",TM7,0,4065
"[1349.463768115942, 448.30434782608694]",Leptotrichia,0,4066
"[1347.53125, 580.4583333333334]",Corynebacterium,0,4067
"[1351.9703703703703, 593.325925925926]",Corynebacterium,0,4068
"[1348.0983606557377, 719.9344262295082]",Leptotrichia,0,4069
"[1352.0, 1670.2278481012659]",Leptotrichia,0,4071
"[1350.336, 396.856]",Corynebacterium,0,4072
"[1355.563176895307, 913.6534296028881]",Prevotella,0,4073
"[1348.7385321100917, 957.8715596330276]",Leptotrichia,0,4074
"[1347.7307692307693, 1123.0961538461538]",Corynebacterium,0,4075
"[1346.8311688311687, 1615.012987012987]",Prevotella,0,4076
"[1348.5051546391753, 837.1958762886597]",Prevotella,0,4078
"[1354.7417218543046, 1443.1523178807947]",Corynebacterium,0,4080
"[1355.5590551181103, 188.96062992125985]",Corynebacterium,0,4081
"[1352.3252032520325, 980.0975609756098]",Leptotrichia,0,4085
"[1349.3472222222222, 1024.6944444444443]",Corynebacterium,0,4087
"[1352.9857142857143, 1460.5]",Corynebacterium,0,4088
"[1352.84, 1709.6266666666668]",Actinomyces,0,4089
"[1351.7307692307693, 1751.7051282051282]",Prevotella,0,4090
"[1356.856, 284.08]",Corynebacterium,0,4092
"[1363.0276679841897, 660.6719367588933]",Leptotrichia,0,4093
"[1352.8472222222222, 1073.5833333333333]",Corynebacterium,0,4094
"[1355.107142857143, 1395.8095238095239]",TM7,0,4096
"[1353.090322580645, 1542.0129032258064]",TM7,0,4098
"[1357.3221153846155, 1728.0865384615386]",Actinomyces,0,4099
"[1353.5167464114832, 258.75598086124404]",Fusobacterium,0,4100
"[1352.5128205128206, 353.05128205128204]",Corynebacterium,0,4101
"[1351.3148148148148, 482.0925925925926]",Corynebacterium,0,4102
"[1352.4154929577464, 1237.5633802816901]",TM7,0,4103
"[1357.9622641509434, 1259.125786163522]",Fusobacterium,0,4104
"[1352.8271604938273, 1292.3333333333333]",Actinomyces,0,4105
"[1353.7073170731708, 547.670731707317]",Corynebacterium,0,4108
"[1352.7833333333333, 1041.6833333333334]",Corynebacterium,0,4109
"[1356.8926174496644, 1090.9328859060402]",Corynebacterium,0,4110
"[1355.7340425531916, 168.29787234042553]",Pasteurellaceae,0,4112
"[1355.1267605633802, 636.4788732394367]",Corynebacterium,0,4113
"[1356.9921875, 1156.8046875]",Corynebacterium,0,4114
"[1356.128205128205, 204.52564102564102]",Rothia,0,4115
"[1361.0515463917525, 298.8041237113402]",Pasteurellaceae,0,4116
"[1355.7407407407406, 318.4938271604938]",Corynebacterium,0,4117
"[1355.9242424242425, 366.530303030303]",Corynebacterium,0,4118
"[1355.7027027027027, 622.6576576576576]",Corynebacterium,0,4119
"[1365.9712918660287, 821.1244019138755]",Actinomyces,0,4120
"[1356.4204545454545, 937.5113636363636]",Leptotrichia,0,4121
"[1364.5118483412323, 1135.9052132701422]",Corynebacterium,0,4122
"[1359.28025477707, 236.80254777070064]",Corynebacterium,0,4123
"[1355.4352941176471, 1186.2235294117647]",Corynebacterium,0,4124
"[1357.89010989011, 340.54945054945057]",Corynebacterium,0,4125
"[1358.857142857143, 784.6507936507936]",Lautropia,0,4126
"[1359.7482014388488, 1057.2230215827337]",Corynebacterium,0,4127
"[1358.5, 1306.107142857143]",Prevotella,0,4129
"[1359.1636363636364, 1316.0]",Fusobacterium,0,4130
"[1358.2222222222222, 1512.7916666666667]",Corynebacterium,0,4131
"[1361.4618834080718, 1652.2690582959642]",Corynebacterium,0,4132
"[1357.9354838709678, 219.4516129032258]",Corynebacterium,0,4133
"[1361.909090909091, 269.5844155844156]",TM7,0,4134
"[1360.857142857143, 678.5210084033613]",Leptotrichia,0,4135
"[1358.1923076923076, 851.2820512820513]",Actinomyces,0,4136
"[1358.8543689320388, 1330.8446601941748]",Fusobacterium,0,4138
"[1360.370786516854, 1362.5280898876404]",Capnocytophaga,0,4139
"[1362.2142857142858, 1405.095238095238]",Corynebacterium,0,4140
"[1358.5119047619048, 1681.8809523809523]",Actinomyces,0,4142
"[1363.423611111111, 1016.6527777777778]",Corynebacterium,0,4144
"[1361.6774193548388, 1197.1935483870968]",Corynebacterium,0,4145
"[1359.196261682243, 1615.4579439252336]",Prevotella,0,4146
"[1369.0655737704917, 408.1516393442623]",TM7,0,4147
"[1368.3214285714287, 994.2964285714286]",Lautropia,0,4148
"[1367.2016806722688, 1212.7226890756303]",TM7,0,4149
"[1358.7843137254902, 1487.6470588235295]",Corynebacterium,0,4150
"[1362.9426751592357, 464.343949044586]",Corynebacterium,0,4151
"[1367.67, 486.535]",Corynebacterium,0,4152
"[1361.4642857142858, 571.4107142857143]",Corynebacterium,0,4153
"[1363.8387096774193, 739.9435483870968]",Leptotrichia,0,4154
"[1360.234375, 807.515625]",Leptotrichia,0,4155
"[1363.6568627450981, 1471.6078431372548]",Corynebacterium,0,4156
"[1367.418918918919, 131.35135135135135]",Veillonella,0,4157
"[1364.3015873015872, 1037.5079365079366]",Corynebacterium,0,4158
"[1361.6986301369864, 1532.4383561643835]",Veillonella,0,4159
"[1372.1148148148147, 1692.111111111111]",Actinomyces,0,4160
"[1367.010752688172, 207.23655913978496]",Rothia,0,4161
"[1363.6440677966102, 1228.0677966101696]",Fusobacterium,0,4162
"[1370.048275862069, 1388.9793103448276]",Corynebacterium,0,4163
"[1365.752380952381, 181.65714285714284]",Corynebacterium,0,4164
"[1367.0, 1498.890410958904]",TM7,0,4165
"[1366.7102272727273, 763.0795454545455]",Lautropia,0,4166
"[1366.1949152542372, 893.542372881356]",Actinomyces,0,4167
"[1368.4, 924.9478260869565]",Rothia,0,4168
"[1367.3783783783783, 1277.418918918919]",Lautropia,0,4169
"[1366.5652173913043, 389.05797101449275]",Corynebacterium,0,4171
"[1366.7910447761194, 694.5820895522388]",Leptotrichia,0,4172
"[1372.1945945945945, 795.3405405405406]",Prevotella,0,4173
"[1366.9327731092437, 837.2521008403361]",Porphyromonas,0,4174
"[1377.5838150289017, 873.9190751445087]",Prevotella,0,4175
"[1367.4072164948454, 954.680412371134]",Leptotrichia,0,4176
"[1367.5862068965516, 325.62068965517244]",Corynebacterium,0,4180
"[1371.9126213592233, 500.5728155339806]",Selenomonas,0,4181
"[1366.25, 529.0921052631579]",Leptotrichia,0,4182
"[1368.4444444444443, 555.1388888888889]",Pasteurellaceae,0,4183
"[1369.4237288135594, 617.9152542372881]",Corynebacterium,0,4184
"[1371.6272727272728, 973.9363636363636]",Leptotrichia,0,4185
"[1370.2513089005236, 1113.7434554973822]",Corynebacterium,0,4186
"[1366.595238095238, 1444.797619047619]",Corynebacterium,0,4189
"[1367.327868852459, 1481.9180327868853]",Corynebacterium,0,4190
"[1367.4868421052631, 346.86842105263156]",Corynebacterium,0,4191
"[1367.551282051282, 603.0384615384615]",Corynebacterium,0,4192
"[1370.1351351351352, 860.6036036036036]",Leptotrichia,0,4193
"[1375.8023255813953, 1293.0290697674418]",Prevotella,0,4194
"[1375.3211009174313, 312.3302752293578]",Corynebacterium,0,4195
"[1369.45, 585.8]",Corynebacterium,0,4196
"[1374.5337078651685, 724.7191011235955]",Leptotrichia,0,4197
"[1372.3, 1174.3625]",Corynebacterium,0,4198
"[1371.8735632183907, 1460.9195402298851]",Corynebacterium,0,4199
"[1371.0923076923077, 1551.8615384615384]",Corynebacterium,0,4200
"[1379.107142857143, 1726.5027472527472]",Actinomyces,0,4201
"[1372.15625, 633.7291666666666]",Pasteurellaceae,0,4202
"[1370.4942528735633, 1075.2988505747126]",Corynebacterium,0,4203
"[1372.2747252747254, 1334.901098901099]",Fusobacterium,0,4204
"[1375.7878787878788, 370.07272727272726]",TM7,0,4207
"[1372.2, 447.50588235294117]",Corynebacterium,0,4209
"[1374.4814814814815, 546.6111111111111]",Pasteurellaceae,0,4210
"[1372.3020833333333, 1151.2708333333333]",Selenomonas,0,4211
"[1376.8455882352941, 1252.9779411764705]",Prevotella,0,4212
"[1377.6397515527951, 149.9689440993789]",Corynebacterium,0,4213
"[1375.0214285714285, 1362.7357142857143]",Corynebacterium,0,4214
"[1375.5333333333333, 1536.4518518518519]",Prevotella,0,4216
"[1373.7708333333333, 1609.875]",Rothia,0,4217
"[1374.608695652174, 250.04347826086956]",Corynebacterium,0,4218
"[1376.8181818181818, 271.2834224598931]",Corynebacterium,0,4219
"[1374.6493506493507, 1096.1818181818182]",Corynebacterium,0,4220
"[1374.72, 222.44]",Corynebacterium,0,4221
"[1372.857142857143, 431.44642857142856]",Corynebacterium,0,4222
"[1374.2291666666667, 1415.9270833333333]",Corynebacterium,0,4223
"[1375.406779661017, 171.44915254237287]",Corynebacterium,0,4224
"[1378.5833333333333, 649.0185185185185]",Leptotrichia,0,4225
"[1378.8934911242604, 1028.3727810650887]",Corynebacterium,0,4226
"[1377.111111111111, 1669.2569444444443]",Porphyromonas,0,4227
"[1377.081081081081, 779.6621621621622]",Leptotrichia,0,4228
"[1379.716814159292, 1235.9026548672566]",Prevotella,0,4229
"[1386.9171974522294, 305.20382165605093]",Corynebacterium,0,4230
"[1383.3045977011495, 531.0114942528736]",Leptotrichia,0,4234
"[1381.5869565217392, 594.7282608695652]",Corynebacterium,0,4235
"[1378.65, 1084.7333333333333]",Corynebacterium,0,4236
"[1382.0531914893618, 1156.159574468085]",Corynebacterium,0,4237
"[1379.212962962963, 1195.2222222222222]",Corynebacterium,0,4238
"[1380.0104166666667, 1504.2708333333333]",Prevotella,0,4240
"[1382.736040609137, 567.8578680203045]",Pasteurellaceae,0,4241
"[1379.4835164835165, 757.9010989010989]",Leptotrichia,0,4242
"[1383.95, 942.3166666666667]",Leptotrichia,0,4243
"[1385.3664596273293, 1055.7329192546583]",Corynebacterium,0,4244
"[1382.657458563536, 1317.867403314917]",Fusobacterium,0,4245
"[1383.2314049586778, 1408.8429752066115]",Corynebacterium,0,4246
"[1379.2916666666667, 1450.0416666666667]",Corynebacterium,0,4248
"[1382.3591549295775, 1594.5774647887324]",Prevotella,0,4250
"[1382.76, 1654.208]",Prevotella,0,4251
"[1383.5323383084576, 347.7313432835821]",Corynebacterium,0,4252
"[1387.0670391061453, 478.46927374301674]",Corynebacterium,0,4253
"[1383.7985611510792, 691.6043165467626]",Leptotrichia,0,4254
"[1379.8, 738.08]",Leptotrichia,0,4255
"[1379.68, 1522.22]",Corynebacterium,0,4256
"[1388.5353535353536, 327.62626262626264]",Corynebacterium,0,4257
"[1388.347619047619, 380.9142857142857]",TM7,0,4258
"[1384.1986754966888, 460.17218543046357]",Corynebacterium,0,4259
"[1388.846715328467, 512.6423357664233]",Corynebacterium,0,4260
"[1391.4845814977973, 670.0704845814978]",Leptotrichia,0,4261
"[1382.6046511627908, 896.7674418604652]",Gemella,0,4262
"[1382.7570093457944, 915.7663551401869]",Leptotrichia,0,4263
"[1384.5544554455446, 415.45544554455444]",TM7,0,4264
"[1382.8181818181818, 837.5454545454545]",Leptotrichia,0,4265
"[1383.611111111111, 1480.088888888889]",Corynebacterium,0,4266
"[1384.46875, 1554.5520833333333]",Corynebacterium,0,4267
"[1383.0645161290322, 1703.5591397849462]",Actinomyces,0,4268
"[1385.340579710145, 210.731884057971]",Fusobacterium,0,4269
"[1384.2169811320755, 611.811320754717]",Corynebacterium,0,4270
"[1384.0963855421687, 287.27710843373495]",Corynebacterium,0,4271
"[1385.3304347826088, 1272.7565217391304]",Leptotrichia,0,4273
"[1385.703125, 134.296875]",Capnocytophaga,0,4275
"[1387.1158536585365, 438.0]",Corynebacterium,0,4276
"[1387.8867924528302, 823.188679245283]",Rothia,0,4277
"[1385.125, 886.828125]",Leptotrichia,0,4278
"[1385.1549295774648, 961.0140845070423]",Lautropia,0,4279
"[1386.967741935484, 1118.9569892473119]",Leptotrichia,0,4280
"[1384.064935064935, 1571.8181818181818]",Porphyromonas,0,4282
"[1385.754716981132, 189.61320754716982]",Corynebacterium,0,4283
"[1387.8947368421052, 634.1228070175439]",Pasteurellaceae,0,4284
"[1386.984126984127, 746.6349206349206]",Leptotrichia,0,4285
"[1389.0532544378698, 853.8934911242603]",Actinomyces,0,4286
"[1391.0, 1013.4485981308411]",Prevotella,0,4287
"[1387.7428571428572, 1175.6]",Corynebacterium,0,4288
"[1386.9855072463768, 1640.0579710144928]",Prevotella,0,4289
"[1387.2833333333333, 981.5833333333334]",Leptotrichia,0,4290
"[1388.3214285714287, 1137.3839285714287]",Leptotrichia,0,4291
"[1389.6511627906978, 249.4418604651163]",Corynebacterium,0,4292
"[1388.867469879518, 787.0722891566265]",Leptotrichia,0,4293
"[1392.157894736842, 991.5338345864661]",TM7,0,4294
"[1389.14, 1082.76]",Corynebacterium,0,4295
"[1392.4571428571428, 1163.4]",Corynebacterium,0,4296
"[1393.0121951219512, 1228.3353658536585]",Veillonella,0,4297
"[1388.6142857142856, 1342.3714285714286]",Capnocytophaga,0,4298
"[1393.8859060402685, 1436.8456375838925]",Corynebacterium,0,4300
"[1391.948717948718, 260.7435897435897]",Corynebacterium,0,4301
"[1392.0973451327434, 495.8495575221239]",Actinomyces,0,4302
"[1392.0389610389611, 583.9090909090909]",Corynebacterium,0,4303
"[1394.1818181818182, 607.3232323232323]",Corynebacterium,0,4304
"[1391.7162162162163, 929.9324324324324]",Leptotrichia,0,4305
"[1391.4084507042253, 1353.3098591549297]",Selenomonas,0,4306
"[1393.4239631336407, 1619.7834101382489]",Selenomonas,0,4308
"[1397.2748344370862, 715.0066225165563]",Leptotrichia,0,4309
"[1395.1386138613861, 957.950495049505]",Leptotrichia,0,4310
"[1397.283261802575, 1300.2274678111587]",Veillonella,0,4311
"[1397.7768240343348, 1390.1201716738196]",Corynebacterium,0,4312
"[1391.659090909091, 1463.090909090909]",Corynebacterium,0,4313
"[1394.6538461538462, 798.2846153846153]",Leptotrichia,0,4315
"[1393.970297029703, 1369.2772277227723]",Corynebacterium,0,4316
"[1393.392857142857, 1424.3392857142858]",Corynebacterium,0,4317
"[1393.1896551724137, 1546.146551724138]",Rothia,0,4318
"[1393.904255319149, 160.74468085106383]",Leptotrichia,0,4319
"[1394.8153846153846, 173.23846153846154]",Fusobacterium,0,4320
"[1391.9242424242425, 399.24242424242425]",Corynebacterium,0,4321
"[1394.775, 630.775]",Leptotrichia,0,4322
"[1395.9928057553957, 650.1726618705036]",Leptotrichia,0,4323
"[1395.1724137931035, 1186.9741379310344]",Corynebacterium,0,4325
"[1395.2, 548.325]",Leptotrichia,0,4326
"[1395.1724137931035, 1103.0431034482758]",Corynebacterium,0,4327
"[1395.3798449612402, 1324.7286821705427]",TM7,0,4328
"[1393.494623655914, 1510.215053763441]",Selenomonas,0,4329
"[1403.5, 1705.5193548387097]",Streptococcus,0,4330
"[1398.049504950495, 233.8861386138614]",Prevotella,0,4331
"[1394.566037735849, 284.8867924528302]",Corynebacterium,0,4332
"[1400.8394160583941, 298.3868613138686]",Corynebacterium,0,4333
"[1396.5714285714287, 423.6190476190476]",Corynebacterium,0,4334
"[1398.47, 866.84]",Actinomyces,0,4335
"[1398.0, 975.1428571428571]",TM7,0,4336
"[1394.709090909091, 1067.6363636363637]",Corynebacterium,0,4337
"[1398.1851851851852, 1595.8666666666666]",Prevotella,0,4338
"[1395.909090909091, 274.3636363636364]",Corynebacterium,0,4339
"[1399.4615384615386, 774.7100591715977]",Streptococcus,0,4341
"[1399.0625, 1497.3035714285713]",Fusobacterium,0,4343
"[1396.6813186813188, 1577.9450549450548]",Prevotella,0,4344
"[1396.2307692307693, 1648.3406593406594]",Prevotella,0,4345
"[1399.4074074074074, 139.4814814814815]",Capnocytophaga,0,4346
"[1401.1764705882354, 755.3025210084033]",Leptotrichia,0,4347
"[1396.4920634920634, 1038.6666666666667]",Fusobacterium,0,4348
"[1404.4536585365854, 1074.5951219512194]",Corynebacterium,0,4349
"[1397.65, 1410.6125]",Corynebacterium,0,4350
"[1401.2242152466367, 1736.2690582959642]",Streptococcus,0,4351
"[1397.62, 1210.22]",Fusobacterium,0,4352
"[1402.8548387096773, 1244.75]",Rothia,0,4354
"[1402.141304347826, 1472.3152173913043]",Corynebacterium,0,4355
"[1402.5123456790122, 1667.7283950617284]",Streptococcus,0,4356
"[1403.0785714285714, 446.51428571428573]",Corynebacterium,0,4357
"[1400.1363636363637, 1146.5454545454545]",Leptotrichia,0,4358
"[1409.0794979079499, 198.13389121338912]",Fusobacterium,0,4359
"[1401.6631578947367, 564.3578947368421]",Leptotrichia,0,4361
"[1401.865671641791, 596.8656716417911]",Corynebacterium,0,4362
"[1402.2484848484848, 831.5939393939394]",Streptococcus,0,4363
"[1403.7727272727273, 883.7651515151515]",Leptotrichia,0,4364
"[1402.1937984496124, 915.0]",Leptotrichia,0,4365
"[1400.6, 1528.12]",Prevotella,0,4366
"[1405.6571428571428, 335.3904761904762]",Corynebacterium,0,4367
"[1403.7325581395348, 514.2209302325581]",Corynebacterium,0,4368
"[1411.053811659193, 528.2690582959641]",Corynebacterium,0,4369
"[1401.34, 579.62]",Corynebacterium,0,4370
"[1403.1346153846155, 900.0961538461538]",Leptotrichia,0,4371
"[1405.6036585365853, 1116.4329268292684]",Fusobacterium,0,4372
"[1402.3972602739725, 1171.945205479452]",Corynebacterium,0,4373
"[1406.0804597701149, 1273.4080459770114]",Prevotella,0,4374
"[1402.8369565217392, 1354.3152173913043]",Corynebacterium,0,4375
"[1409.392, 129.168]",Capnocytophaga,0,4377
"[1406.9527027027027, 365.1283783783784]",Lautropia,0,4379
"[1407.3352272727273, 621.625]",Leptotrichia,0,4380
"[1407.1304347826087, 495.536231884058]",Lautropia,0,4382
"[1404.2962962962963, 695.1481481481482]",Leptotrichia,0,4383
"[1405.3666666666666, 1568.6666666666667]",Prevotella,0,4384
"[1408.3564356435643, 474.9504950495049]",Pasteurellaceae,0,4385
"[1409.8333333333333, 1482.9318181818182]",Corynebacterium,0,4386
"[1407.4823529411765, 1515.5764705882352]",TM7,0,4387
"[1408.5144927536232, 1547.4420289855072]",Rothia,0,4388
"[1406.4406779661017, 153.57627118644066]",Corynebacterium,0,4389
"[1414.0502283105022, 257.53881278538813]",Prevotella,0,4390
"[1409.1530612244899, 1002.1326530612245]",TM7,0,4391
"[1408.0102040816328, 1631.6632653061224]",Treponema,0,4393
"[1412.8615384615384, 382.23846153846154]",TM7,0,4394
"[1409.48, 931.13]",Leptotrichia,0,4396
"[1409.8833333333334, 1093.2666666666667]",Corynebacterium,0,4397
"[1409.8857142857144, 1257.2857142857142]",Rothia,0,4398
"[1421.0277777777778, 1609.531746031746]",Rothia,0,4399
"[1415.5112540192927, 280.16720257234726]",Corynebacterium,0,4400
"[1414.2264150943397, 399.66037735849056]",Corynebacterium,0,4401
"[1414.2923076923078, 861.8692307692307]",Actinomyces,0,4403
"[1406.5, 1197.1153846153845]",Corynebacterium,0,4404
"[1410.716049382716, 1530.8765432098764]",Prevotella,0,4405
"[1410.880281690141, 216.6056338028169]",Corynebacterium,0,4406
"[1417.0470588235294, 319.20588235294116]",Rothia,0,4407
"[1410.2430555555557, 1332.8958333333333]",TM7,0,4409
"[1410.24, 1431.8533333333332]",Selenomonas,0,4410
"[1412.111111111111, 510.4166666666667]",Capnocytophaga,0,4412
"[1413.639534883721, 606.1976744186046]",Leptotrichia,0,4413
"[1411.9708737864078, 972.2621359223301]",Leptotrichia,0,4415
"[1409.2962962962963, 986.8148148148148]",Lautropia,0,4416
"[1409.4805194805194, 1048.2727272727273]",Rothia,0,4417
"[1410.1739130434783, 1131.4492753623188]",Corynebacterium,0,4418
"[1417.095041322314, 1212.3719008264463]",Veillonella,0,4419
"[1412.3194444444443, 1406.138888888889]",TM7,0,4422
"[1416.6424242424243, 1417.539393939394]",Corynebacterium,0,4423
"[1412.0350877192982, 1689.280701754386]",Actinomyces,0,4424
"[1419.907894736842, 544.9671052631579]",Corynebacterium,0,4425
"[1416.2627118644068, 702.9491525423729]",Leptotrichia,0,4426
"[1413.591836734694, 1371.5816326530612]",Corynebacterium,0,4427
"[1418.121387283237, 686.635838150289]",Leptotrichia,0,4429
"[1412.322033898305, 1034.3728813559321]",Rothia,0,4430
"[1413.4, 1319.1090909090908]",Fusobacterium,0,4431
"[1417.4969325153374, 223.79754601226995]",Corynebacterium,0,4432
"[1417.5371900826447, 350.94214876033055]",Corynebacterium,0,4433
"[1413.5764705882352, 415.1411764705882]",Corynebacterium,0,4434
"[1421.7674418604652, 337.79651162790697]",Pasteurellaceae,0,4436
"[1415.554054054054, 590.0135135135135]",Corynebacterium,0,4437
"[1416.1988304093568, 659.1812865497076]",Prevotella,0,4438
"[1418.623188405797, 806.2850241545893]",Porphyromonas,0,4439
"[1416.5833333333333, 1056.5729166666667]",Rothia,0,4440
"[1419.527950310559, 1294.27950310559]",Prevotella,0,4441
"[1413.7833333333333, 1357.2166666666667]",Capnocytophaga,0,4442
"[1414.84375, 1590.2083333333333]",Actinomyces,0,4444
"[1414.9264705882354, 952.8970588235294]",Leptotrichia,0,4447
"[1417.2906976744187, 1020.3604651162791]",Selenomonas,0,4448
"[1415.0980392156862, 1229.686274509804]",Prevotella,0,4449
"[1415.5972222222222, 1393.388888888889]",TM7,0,4450
"[1416.1833333333334, 571.45]",Corynebacterium,0,4451
"[1423.1344086021506, 1147.4139784946237]",Corynebacterium,0,4452
"[1418.4086021505377, 166.06451612903226]",Corynebacterium,0,4453
"[1417.6666666666667, 671.7460317460317]",Porphyromonas,0,4454
"[1418.2121212121212, 773.2878787878788]",Lautropia,0,4455
"[1420.6074074074074, 943.2]",Leptotrichia,0,4456
"[1419.3391304347826, 1242.0]",Rothia,0,4457
"[1421.984126984127, 1732.4761904761904]",Streptococcus,0,4458
"[1421.639705882353, 447.2352941176471]",Corynebacterium,0,4459
"[1418.548076923077, 914.6153846153846]",Leptotrichia,0,4460
"[1421.695652173913, 1163.3217391304347]",Corynebacterium,0,4461
"[1417.0714285714287, 1175.3214285714287]",Selenomonas,0,4462
"[1417.3218390804598, 1498.471264367816]",Corynebacterium,0,4463
"[1422.3918918918919, 305.4189189189189]",Corynebacterium,0,4464
"[1422.1140939597315, 643.2885906040268]",Prevotella,0,4465
"[1419.1119402985075, 756.9328358208955]",Streptococcus,0,4466
"[1419.2857142857142, 1122.6785714285713]",Corynebacterium,0,4467
"[1419.7464788732395, 1441.1408450704225]",Corynebacterium,0,4468
"[1420.861111111111, 1471.361111111111]",Corynebacterium,0,4469
"[1426.9705882352941, 1644.7892156862745]",Porphyromonas,0,4470
"[1420.4177215189873, 558.379746835443]",Corynebacterium,0,4471
"[1420.4404761904761, 877.7261904761905]",Streptococcus,0,4473
"[1429.9325842696628, 1040.5786516853932]",Prevotella,0,4474
"[1421.6571428571428, 1081.057142857143]",Corynebacterium,0,4475
"[1420.5929203539822, 1190.6283185840707]",TM7,0,4476
"[1421.9157894736843, 1518.9368421052632]",Capnocytophaga,0,4477
"[1421.9054054054054, 179.13513513513513]",Corynebacterium,0,4479
"[1424.7954545454545, 239.125]",Corynebacterium,0,4480
"[1423.0825688073394, 465.60550458715596]",Actinomyces,0,4481
"[1421.4252873563219, 715.3793103448276]",Leptotrichia,0,4482
"[1421.4606741573034, 728.6179775280899]",Leptotrichia,0,4483
"[1422.9203539823009, 822.8495575221239]",Porphyromonas,0,4484
"[1421.6744186046512, 896.1860465116279]",Leptotrichia,0,4485
"[1424.3141025641025, 1271.1923076923076]",Rothia,0,4486
"[1425.0833333333333, 847.8425925925926]",Rothia,0,4487
"[1427.640625, 1132.5]",Corynebacterium,0,4488
"[1422.6962025316457, 1342.6708860759493]",Corynebacterium,0,4489
"[1433.7803921568627, 155.01176470588234]",Corynebacterium,0,4490
"[1424.8513513513512, 1103.4527027027027]",Corynebacterium,0,4491
"[1424.5867768595042, 1667.5206611570247]",Corynebacterium,0,4492
"[1424.1298701298701, 137.54545454545453]",Corynebacterium,0,4493
"[1428.2619047619048, 480.4761904761905]",Corynebacterium,0,4494
"[1427.4926108374384, 993.4679802955665]",Leptotrichia,0,4495
"[1425.2666666666667, 1011.3333333333334]",Lautropia,0,4496
"[1423.9818181818182, 1325.7272727272727]",Fusobacterium,0,4497
"[1425.4242424242425, 1353.7272727272727]",Corynebacterium,0,4498
"[1424.3714285714286, 1541.3142857142857]",Prevotella,0,4499
"[1426.486956521739, 1689.6260869565217]",Prevotella,0,4502
"[1428.7371794871794, 431.0576923076923]",Corynebacterium,0,4503
"[1435.7135922330096, 784.3495145631068]",Streptococcus,0,4504
"[1424.8148148148148, 1363.888888888889]",Selenomonas,0,4505
"[1427.3026315789473, 1398.342105263158]",Prevotella,0,4506
"[1429.3658536585365, 1446.2439024390244]",Selenomonas,0,4507
"[1438.1394422310757, 1556.3904382470118]",Rothia,0,4508
"[1432.6390041493776, 511.597510373444]",Leptotrichia,0,4509
"[1426.433962264151, 601.2075471698113]",Leptotrichia,0,4510
"[1435.9380165289256, 860.297520661157]",Leptotrichia,0,4511
"[1426.047619047619, 1306.6349206349207]",Rothia,0,4512
"[1428.016129032258, 1425.6935483870968]",Corynebacterium,0,4513
"[1427.8666666666666, 1626.0111111111112]",Corynebacterium,0,4514
"[1430.896551724138, 201.0]",Corynebacterium,0,4515
"[1428.941935483871, 375.9935483870968]",Corynebacterium,0,4516
"[1431.5128205128206, 494.2564102564103]",Leptotrichia,0,4517
"[1429.483870967742, 622.747311827957]",Leptotrichia,0,4518
"[1438.0076335877864, 1018.4274809160305]",Selenomonas,0,4519
"[1433.1507936507937, 1117.8333333333333]",Corynebacterium,0,4520
"[1431.9830508474577, 1179.677966101695]",Capnocytophaga,0,4521
"[1431.2330097087379, 1373.5242718446602]",Corynebacterium,0,4522
"[1428.3376623376623, 1714.2207792207791]",Streptococcus,0,4523
"[1430.7317073170732, 413.8048780487805]",Corynebacterium,0,4524
"[1431.2272727272727, 833.5064935064935]",Rothia,0,4525
"[1434.3170731707316, 1593.9024390243903]",Prevotella,0,4526
"[1430.0, 1057.0]",Rothia,0,4527
"[1436.6346153846155, 1321.7692307692307]",Fusobacterium,0,4528
"[1431.03125, 1504.1770833333333]",Capnocytophaga,0,4529
"[1431.286956521739, 1573.1478260869565]",Prevotella,0,4530
"[1431.949152542373, 1661.864406779661]",Corynebacterium,0,4531
"[1435.7033898305085, 1218.6949152542372]",Prevotella,0,4532
"[1432.3157894736842, 1233.2456140350878]",Rothia,0,4533
"[1435.4725274725274, 568.5439560439561]",Corynebacterium,0,4534
"[1431.8125, 738.453125]",Leptotrichia,0,4535
"[1435.9134615384614, 396.36538461538464]",Corynebacterium,0,4537
"[1437.450980392157, 678.3480392156863]",Leptotrichia,0,4538
"[1436.4518072289156, 896.722891566265]",Leptotrichia,0,4540
"[1437.0217391304348, 1456.6630434782608]",Selenomonas,0,4542
"[1435.4476190476191, 530.9142857142857]",Selenomonas,0,4544
"[1435.4848484848485, 758.4040404040404]",Leptotrichia,0,4545
"[1433.3333333333333, 1090.4]",Corynebacterium,0,4546
"[1433.7, 1338.68]",TM7,0,4547
"[1437.1932773109243, 222.72268907563026]",Corynebacterium,0,4548
"[1434.125, 264.4]",Corynebacterium,0,4549
"[1445.3671497584542, 878.9710144927536]",Leptotrichia,0,4550
"[1435.719696969697, 1253.2651515151515]",Rothia,0,4551
"[1439.990990990991, 1278.8288288288288]",Prevotella,0,4552
"[1435.2524271844661, 1485.3009708737864]",Capnocytophaga,0,4553
"[1437.0331491712707, 180.1988950276243]",Corynebacterium,0,4555
"[1436.139534883721, 351.8488372093023]",TM7,0,4556
"[1438.7570093457944, 592.588785046729]",Streptococcus,0,4557
"[1439.7861635220127, 657.1635220125786]",Leptotrichia,0,4558
"[1435.9245283018868, 1202.0849056603774]",Corynebacterium,0,4559
"[1437.9746835443038, 1294.2278481012659]",Rothia,0,4560
"[1438.44578313253, 1307.55421686747]",Rothia,0,4561
"[1443.5367647058824, 325.8897058823529]",Corynebacterium,0,4564
"[1438.5068493150684, 454.958904109589]",Corynebacterium,0,4565
"[1437.5, 697.0]",Leptotrichia,0,4566
"[1443.1538461538462, 717.2130177514792]",Leptotrichia,0,4567
"[1441.3359375, 735.453125]",Leptotrichia,0,4568
"[1439.526717557252, 935.3053435114504]",Leptotrichia,0,4569
"[1437.530612244898, 953.969387755102]",Leptotrichia,0,4570
"[1442.0199004975125, 245.318407960199]",Corynebacterium,0,4571
"[1438.9333333333334, 1364.3866666666668]",Corynebacterium,0,4572
"[1440.8021978021977, 1636.1758241758241]",Porphyromonas,0,4573
"[1440.407894736842, 283.44736842105266]",Corynebacterium,0,4574
"[1448.4301886792452, 306.8188679245283]",Corynebacterium,0,4575
"[1439.525, 542.6375]",Selenomonas,0,4576
"[1442.0671140939598, 1699.0536912751677]",Streptococcus,0,4577
"[1444.7209302325582, 1067.6201550387598]",Prevotella,0,4579
"[1442.523560209424, 1428.109947643979]",Corynebacterium,0,4580
"[1443.4769230769232, 1609.4923076923078]",Rothia,0,4581
"[1443.7569444444443, 1719.8055555555557]",Porphyromonas,0,4582
"[1442.5876288659795, 967.2989690721649]",Leptotrichia,0,4583
"[1441.6470588235295, 1125.0392156862745]",Corynebacterium,0,4584
"[1442.0983606557377, 1337.360655737705]",Fusobacterium,0,4585
"[1443.1677852348994, 1387.476510067114]",Leptotrichia,0,4586
"[1444.0537634408602, 1469.494623655914]",Corynebacterium,0,4587
"[1443.436170212766, 1517.5425531914893]",TM7,0,4588
"[1442.407894736842, 371.0131578947368]",Corynebacterium,0,4589
"[1441.3818181818183, 440.54545454545456]",Corynebacterium,0,4591
"[1441.9444444444443, 913.25]",Leptotrichia,0,4592
"[1447.441379310345, 1083.9586206896552]",Corynebacterium,0,4593
"[1441.3974358974358, 1672.128205128205]",Selenomonas,0,4594
"[1448.6256983240223, 469.5754189944134]",Corynebacterium,0,4595
"[1443.8595041322315, 608.9173553719008]",Leptotrichia,0,4596
"[1446.0558659217877, 814.4189944134079]",Leptotrichia,0,4597
"[1448.7766990291261, 1026.1650485436894]",Actinomyces,0,4598
"[1442.7307692307693, 1409.5192307692307]",Corynebacterium,0,4599
"[1444.020202020202, 212.59595959595958]",Corynebacterium,0,4600
"[1445.241935483871, 425.3306451612903]",Corynebacterium,0,4601
"[1444.1492537313434, 485.25373134328356]",Leptotrichia,0,4602
"[1443.8461538461538, 561.2115384615385]",Corynebacterium,0,4603
"[1449.215053763441, 799.9193548387096]",Prevotella,0,4604
"[1444.4920634920634, 1101.5396825396826]",TM7,0,4605
"[1442.6774193548388, 1150.1129032258063]",Corynebacterium,0,4606
"[1444.6224489795918, 1536.795918367347]",Capnocytophaga,0,4607
"[1451.3211678832117, 1679.8832116788321]",Selenomonas,0,4608
"[1450.7837837837837, 282.7117117117117]",Corynebacterium,0,4609
"[1446.8666666666666, 1446.3733333333332]",Corynebacterium,0,4610
"[1445.6436781609195, 1656.528735632184]",Corynebacterium,0,4611
"[1445.1176470588234, 1160.6274509803923]",Corynebacterium,0,4612
"[1449.68156424581, 1176.9329608938547]",Corynebacterium,0,4613
"[1450.1008403361345, 1193.7731092436975]",Fusobacterium,0,4614
"[1450.2028301886792, 1575.6415094339623]",Fusobacterium,0,4615
"[1446.9594594594594, 1627.5135135135135]",Capnocytophaga,0,4616
"[1451.1020408163265, 263.40816326530614]",Corynebacterium,0,4617
"[1452.9041916167664, 359.748502994012]",Corynebacterium,0,4618
"[1447.453488372093, 529.0116279069767]",Treponema,0,4619
"[1450.7, 752.7555555555556]",Lautropia,0,4620
"[1450.0636363636363, 1042.8181818181818]",Prevotella,0,4621
"[1450.138888888889, 1237.2277777777779]",Prevotella,0,4622
"[1449.661971830986, 1351.5492957746478]",Corynebacterium,0,4623
"[1449.6666666666667, 149.33333333333334]",Capnocytophaga,0,4624
"[1455.65625, 410.88125]",Corynebacterium,0,4625
"[1452.3255813953488, 838.6201550387597]",Leptotrichia,0,4627
"[1452.611111111111, 1142.2962962962963]",TM7,0,4628
"[1460.6304347826087, 1257.929347826087]",Rothia,0,4629
"[1447.7833333333333, 1482.9166666666667]",TM7,0,4630
"[1448.9532710280373, 191.2336448598131]",Corynebacterium,0,4631
"[1450.076923076923, 498.7362637362637]",Prevotella,0,4632
"[1453.048611111111, 984.6944444444445]",Leptotrichia,0,4633
"[1458.0653266331658, 1217.819095477387]",Prevotella,0,4634
"[1452.6666666666667, 1268.9444444444443]",Rothia,0,4635
"[1454.3867924528302, 165.0]",Corynebacterium,0,4636
"[1457.12, 952.48]",Leptotrichia,0,4637
"[1453.9411764705883, 1287.5294117647059]",Rothia,0,4639
"[1451.22, 1115.27]",Corynebacterium,0,4640
"[1456.1803278688524, 1600.811475409836]",Rothia,0,4641
"[1454.6936936936936, 902.6036036036036]",Leptotrichia,0,4643
"[1461.919642857143, 1302.4732142857142]",Prevotella,0,4644
"[1452.9655172413793, 1500.9770114942528]",TM7,0,4645
"[1458.698717948718, 1731.698717948718]",Prevotella,0,4646
"[1453.5555555555557, 379.55555555555554]",Corynebacterium,0,4647
"[1453.3875, 444.7625]",Corynebacterium,0,4648
"[1457.1467889908256, 456.3119266055046]",Corynebacterium,0,4649
"[1455.8538461538462, 687.4153846153846]",Leptotrichia,0,4650
"[1452.4745762711864, 1001.8474576271186]",Leptotrichia,0,4651
"[1457.6870229007634, 1321.9389312977098]",Prevotella,0,4653
"[1456.081081081081, 1458.7927927927929]",Corynebacterium,0,4655
"[1454.621212121212, 228.5151515151515]",Corynebacterium,0,4657
"[1453.864406779661, 395.08474576271186]",Corynebacterium,0,4658
"[1461.0467032967033, 569.5961538461538]",Selenomonas,0,4659
"[1457.3506493506493, 636.0735930735931]",Actinomyces,0,4660
"[1454.7142857142858, 927.8681318681319]",Leptotrichia,0,4661
"[1455.4736842105262, 1398.2894736842106]",Leptotrichia,0,4662
"[1460.6640625, 534.765625]",Capnocytophaga,0,4663
"[1459.36312849162, 1062.3854748603353]",Prevotella,0,4664
"[1454.235294117647, 1521.137254901961]",Fusobacterium,0,4666
"[1456.5547445255474, 594.4379562043796]",Leptotrichia,0,4667
"[1458.169642857143, 1341.107142857143]",Capnocytophaga,0,4668
"[1456.888888888889, 212.80246913580248]",Corynebacterium,0,4669
"[1460.5906432748538, 739.7309941520468]",Leptotrichia,0,4670
"[1464.5228215767636, 1028.9128630705395]",Prevotella,0,4671
"[1459.1657458563536, 666.121546961326]",Leptotrichia,0,4672
"[1458.5206611570247, 781.3884297520661]",Porphyromonas,0,4673
"[1459.4122807017543, 1414.1491228070176]",Corynebacterium,0,4674
"[1460.4368932038835, 178.51456310679612]",Corynebacterium,0,4675
"[1457.7735849056603, 1478.8867924528302]",Selenomonas,0,4676
"[1461.202380952381, 1627.25]",Selenomonas,0,4677
"[1459.9556962025317, 1656.4556962025317]",Selenomonas,0,4678
"[1462.4545454545455, 848.6060606060606]",Leptotrichia,0,4679
"[1462.5795454545455, 1158.965909090909]",Corynebacterium,0,4680
"[1464.1185185185186, 1438.6592592592592]",Corynebacterium,0,4681
"[1467.3551912568305, 1705.9234972677596]",Selenomonas,0,4683
"[1465.7471264367816, 347.81609195402297]",Corynebacterium,0,4684
"[1460.9076923076923, 482.75384615384615]",Leptotrichia,0,4685
"[1461.4647887323943, 868.6197183098592]",Leptotrichia,0,4686
"[1461.5471698113208, 915.3962264150944]",Leptotrichia,0,4687
"[1472.7389558232933, 1550.9156626506024]",Rothia,0,4689
"[1461.0819672131147, 1610.2459016393443]",Prevotella,0,4690
"[1466.8163265306123, 1688.4421768707482]",Fusobacterium,0,4691
"[1463.2763157894738, 276.69736842105266]",Pasteurellaceae,0,4692
"[1466.5744680851064, 1099.0851063829787]",Leptotrichia,0,4693
"[1463.1129032258063, 1425.3548387096773]",Selenomonas,0,4694
"[1463.0666666666666, 1587.6266666666668]",Veillonella,0,4695
"[1463.4, 240.76190476190476]",Corynebacterium,0,4696
"[1463.5272727272727, 386.6181818181818]",Corynebacterium,0,4697
"[1464.3235294117646, 1500.0588235294117]",Fusobacterium,0,4699
"[1464.4444444444443, 1571.4444444444443]",Selenomonas,0,4700
"[1462.8, 1674.8545454545454]",Porphyromonas,0,4701
"[1464.090909090909, 401.1272727272727]",Corynebacterium,0,4702
"[1465.1875, 496.9479166666667]",Actinomyces,0,4703
"[1466.3, 513.79]",Porphyromonas,0,4704
"[1465.1103896103896, 761.2467532467532]",Streptococcus,0,4705
"[1465.1353383458647, 1119.827067669173]",Corynebacterium,0,4706
"[1465.4628099173553, 1189.8264462809918]",Prevotella,0,4707
"[1479.0784982935154, 1242.6996587030717]",Prevotella,0,4708
"[1465.704918032787, 1639.295081967213]",Corynebacterium,0,4709
"[1475.025641025641, 328.7692307692308]",Corynebacterium,0,4710
"[1466.0, 374.8727272727273]",Corynebacterium,0,4711
"[1465.5416666666667, 422.3333333333333]",Corynebacterium,0,4712
"[1468.632075471698, 1173.1415094339623]",TM7,0,4714
"[1468.141935483871, 614.858064516129]",Actinomyces,0,4717
"[1473.207729468599, 197.2173913043478]",Corynebacterium,0,4718
"[1469.0070422535211, 309.28169014084506]",Corynebacterium,0,4719
"[1467.4084507042253, 697.8450704225352]",Leptotrichia,0,4720
"[1468.8865979381444, 709.319587628866]",Prevotella,0,4721
"[1469.3388429752067, 883.5371900826447]",Leptotrichia,0,4722
"[1468.6308724832215, 933.7114093959732]",Leptotrichia,0,4723
"[1467.5510204081634, 969.7551020408164]",Leptotrichia,0,4724
"[1468.1574803149606, 1529.251968503937]",Fusobacterium,0,4727
"[1471.9891891891891, 439.4108108108108]",Corynebacterium,0,4728
"[1472.1447368421052, 830.2796052631579]",Actinomyces,0,4729
"[1468.48, 856.7733333333333]",Leptotrichia,0,4730
"[1468.2884615384614, 990.7788461538462]",Prevotella,0,4731
"[1474.7907949790795, 1352.702928870293]",Corynebacterium,0,4732
"[1468.876712328767, 1401.4383561643835]",Pasteurellaceae,0,4733
"[1468.5454545454545, 1472.3090909090909]",Capnocytophaga,0,4734
"[1469.4705882352941, 265.70588235294116]",Corynebacterium,0,4735
"[1469.3833333333334, 1005.7166666666667]",Prevotella,0,4737
"[1471.375, 1079.4642857142858]",TM7,0,4738
"[1472.4814814814815, 1725.7283950617284]",Prevotella,0,4740
"[1470.8046875, 219.390625]",Corynebacterium,0,4741
"[1470.2837837837837, 1462.4324324324325]",Selenomonas,0,4742
"[1473.019512195122, 469.2780487804878]",Corynebacterium,0,4743
"[1472.1746031746031, 1265.4603174603174]",Fusobacterium,0,4744
"[1472.962962962963, 1387.6666666666667]",Corynebacterium,0,4745
"[1471.5, 1483.3333333333333]",Capnocytophaga,0,4746
"[1471.4307692307693, 1743.1538461538462]",Actinomyces,0,4747
"[1472.234375, 653.671875]",Leptotrichia,0,4748
"[1476.3821656050955, 902.0063694267516]",Leptotrichia,0,4749
"[1475.6979865771812, 1062.6308724832215]",Rothia,0,4750
"[1478.1148936170214, 1142.6468085106383]",Capnocytophaga,0,4751
"[1475.2941176470588, 1601.2857142857142]",Prevotella,0,4752
"[1473.7073170731708, 1624.8699186991869]",Fusobacterium,0,4753
"[1474.4761904761904, 781.172619047619]",Actinomyces,0,4755
"[1473.2363636363636, 1423.6181818181817]",Corynebacterium,0,4757
"[1473.9875, 1586.0625]",Fusobacterium,0,4758
"[1475.3658536585365, 549.3577235772358]",Prevotella,0,4759
"[1478.355072463768, 598.5217391304348]",Porphyromonas,0,4760
"[1477.357142857143, 803.2539682539683]",Porphyromonas,0,4761
"[1476.106796116505, 640.7184466019418]",Leptotrichia,0,4764
"[1477.009900990099, 1121.950495049505]",Capnocytophaga,0,4766
"[1474.7894736842106, 1203.3859649122808]",Corynebacterium,0,4767
"[1474.7540983606557, 1496.5901639344263]",Veillonella,0,4768
"[1479.0, 1509.2763157894738]",Fusobacterium,0,4769
"[1475.469696969697, 1673.121212121212]",Porphyromonas,0,4770
"[1482.4968944099378, 407.77639751552795]",Corynebacterium,0,4771
"[1475.40625, 955.375]",Leptotrichia,0,4772
"[1477.2087912087911, 236.94505494505495]",Corynebacterium,0,4774
"[1479.35, 279.5571428571429]",Corynebacterium,0,4775
"[1477.471264367816, 520.8045977011494]",Treponema,0,4776
"[1480.2654867256638, 732.6283185840708]",Streptococcus,0,4777
"[1478.9615384615386, 1054.8974358974358]",Rothia,0,4778
"[1478.3103448275863, 1185.1494252873563]",Corynebacterium,0,4779
"[1481.7278481012659, 1224.4367088607594]",Veillonella,0,4780
"[1477.5, 1411.1896551724137]",Corynebacterium,0,4782
"[1478.9469026548672, 364.04424778761063]",Corynebacterium,0,4783
"[1480.6262626262626, 1260.4141414141413]",Rothia,0,4784
"[1478.3805309734514, 388.1946902654867]",Corynebacterium,0,4785
"[1479.52, 562.48]",Prevotella,0,4786
"[1478.3103448275863, 1443.6379310344828]",Corynebacterium,0,4787
"[1482.857142857143, 488.75]",Corynebacterium,0,4788
"[1480.032786885246, 865.7540983606557]",Leptotrichia,0,4789
"[1481.3584905660377, 1022.3207547169811]",Prevotella,0,4790
"[1486.0729166666667, 1204.140625]",Corynebacterium,0,4791
"[1482.4628099173553, 1649.801652892562]",Streptococcus,0,4792
"[1482.725, 1728.8375]",Prevotella,0,4793
"[1491.4630350194552, 505.8599221789883]",Corynebacterium,0,4794
"[1484.109589041096, 719.4931506849315]",Leptotrichia,0,4795
"[1482.7121212121212, 1279.9242424242425]",Fusobacterium,0,4796
"[1483.4716981132076, 1715.8490566037735]",Porphyromonas,0,4797
"[1486.6425531914895, 583.2595744680851]",Actinomyces,0,4798
"[1484.6727272727273, 761.0818181818182]",Porphyromonas,0,4799
"[1481.9859154929577, 1111.225352112676]",TM7,0,4800
"[1488.7391304347825, 1574.0489130434783]",Streptococcus,0,4802
"[1488.1871921182267, 1674.1970443349753]",Porphyromonas,0,4803
"[1484.03125, 337.25]",Corynebacterium,0,4804
"[1488.7446808510638, 533.2446808510638]",Treponema,0,4805
"[1483.3838383838383, 671.929292929293]",Leptotrichia,0,4806
"[1490.0449438202247, 866.1797752808989]",Leptotrichia,0,4807
"[1485.5697674418604, 944.9186046511628]",Leptotrichia,0,4808
"[1490.628, 1623.708]",Rothia,0,4809
"[1483.1625, 262.8375]",Corynebacterium,0,4810
"[1484.304347826087, 309.59420289855075]",Corynebacterium,0,4811
"[1488.7466666666667, 429.14]",Corynebacterium,0,4812
"[1486.301886792453, 706.1415094339623]",Leptotrichia,0,4813
"[1487.751592356688, 964.0573248407643]",Leptotrichia,0,4814
"[1487.9270833333333, 1004.609375]",Lautropia,0,4815
"[1484.958904109589, 1310.890410958904]",Actinomyces,0,4816
"[1488.5746268656717, 1362.865671641791]",Corynebacterium,0,4817
"[1484.6714285714286, 1383.6285714285714]",Corynebacterium,0,4818
"[1485.8392857142858, 1525.392857142857]",Rothia,0,4820
"[1488.6206896551723, 1693.9310344827586]",Prevotella,0,4821
"[1485.3561643835617, 213.54794520547946]",Corynebacterium,0,4822
"[1485.9708737864078, 921.2184466019418]",Leptotrichia,0,4823
"[1498.6063829787233, 1038.6312056737588]",Rothia,0,4824
"[1493.4893617021276, 1491.9787234042553]",Fusobacterium,0,4825
"[1492.392523364486, 369.8878504672897]",Corynebacterium,0,4826
"[1488.6752136752136, 1330.7350427350427]",Prevotella,0,4828
"[1487.8256880733945, 1399.4587155963302]",Corynebacterium,0,4829
"[1486.453488372093, 1479.6744186046512]",Capnocytophaga,0,4830
"[1487.3177083333333, 1755.78125]",Rothia,0,4831
"[1488.9910714285713, 249.19642857142858]",Corynebacterium,0,4832
"[1494.7078651685392, 349.185393258427]",Corynebacterium,0,4833
"[1488.8455882352941, 450.0514705882353]",Corynebacterium,0,4834
"[1487.722972972973, 653.6554054054054]",Streptococcus,0,4835
"[1493.3510638297873, 817.3404255319149]",Prevotella,0,4836
"[1487.3292682926829, 984.8536585365854]",Leptotrichia,0,4837
"[1489.7355371900826, 1167.4380165289256]",Prevotella,0,4838
"[1492.0, 522.9423076923077]",Corynebacterium,0,4840
"[1488.042105263158, 685.8210526315789]",Leptotrichia,0,4841
"[1490.3238095238096, 851.9809523809524]",Leptotrichia,0,4842
"[1488.6571428571428, 1299.2857142857142]",Veillonella,0,4843
"[1491.0108695652175, 392.05434782608694]",Leptotrichia,0,4845
"[1499.9518413597734, 1095.8951841359774]",Corynebacterium,0,4846
"[1492.0, 1261.5348837209303]",Fusobacterium,0,4847
"[1494.2614379084966, 1462.2091503267975]",Veillonella,0,4848
"[1501.1623188405797, 288.2463768115942]",Corynebacterium,0,4849
"[1492.2456140350878, 465.3157894736842]",Corynebacterium,0,4850
"[1491.2293577981652, 629.8532110091743]",Prevotella,0,4851
"[1490.5061728395062, 750.3703703703703]",Porphyromonas,0,4852
"[1490.934065934066, 889.4505494505495]",Leptotrichia,0,4853
"[1492.8701298701299, 1448.922077922078]",Corynebacterium,0,4854
"[1495.6978417266187, 328.0431654676259]",Corynebacterium,0,4855
"[1490.6704545454545, 1417.534090909091]",Corynebacterium,0,4856
"[1493.7142857142858, 1431.5714285714287]",Corynebacterium,0,4857
"[1493.4310344827586, 903.948275862069]",Leptotrichia,0,4858
"[1497.3831168831168, 1181.857142857143]",Corynebacterium,0,4859
"[1495.7480916030534, 1592.1984732824428]",Streptococcus,0,4860
"[1494.2619047619048, 737.2142857142857]",Porphyromonas,0,4861
"[1493.75, 837.5119047619048]",Leptotrichia,0,4862
"[1495.075, 1276.825]",Veillonella,0,4863
"[1493.090909090909, 1513.6909090909091]",Fusobacterium,0,4864
"[1495.7857142857142, 487.39285714285717]",Capnocytophaga,0,4865
"[1497.078947368421, 1145.482456140351]",Leptotrichia,0,4866
"[1493.9454545454546, 1371.5636363636363]",TM7,0,4867
"[1496.9663865546217, 419.14285714285717]",Corynebacterium,0,4870
"[1495.4732142857142, 797.5446428571429]",Actinomyces,0,4871
"[1502.9441860465117, 1066.7023255813954]",Fusobacterium,0,4872
"[1502.2790697674418, 1117.0581395348838]",Rothia,0,4873
"[1495.6346153846155, 1541.9903846153845]",Rothia,0,4874
"[1496.7951807228915, 231.56626506024097]",Capnocytophaga,0,4876
"[1501.8695652173913, 553.6719367588933]",Leptotrichia,0,4877
"[1496.9122807017543, 262.2280701754386]",Corynebacterium,0,4878
"[1498.6198347107438, 661.4545454545455]",Actinomyces,0,4879
"[1500.3979591836735, 309.98979591836735]",Corynebacterium,0,4882
"[1501.560975609756, 1565.6504065040651]",Prevotella,0,4883
"[1498.9473684210527, 477.17105263157896]",Corynebacterium,0,4884
"[1502.821138211382, 875.9268292682926]",Leptotrichia,0,4885
"[1512.742372881356, 950.0]",Leptotrichia,0,4886
"[1499.3382352941176, 1292.1323529411766]",Capnocytophaga,0,4887
"[1503.8376623376623, 1669.4545454545455]",Porphyromonas,0,4888
"[1504.0, 779.2578947368421]",Porphyromonas,0,4890
"[1506.745283018868, 970.7971698113207]",Leptotrichia,0,4891
"[1508.4979079497907, 994.4267782426779]",Leptotrichia,0,4892
"[1501.4070796460178, 1714.1769911504425]",Rothia,0,4894
"[1502.8396226415093, 927.5283018867924]",Leptotrichia,0,4895
"[1502.142857142857, 1266.2428571428572]",Corynebacterium,0,4897
"[1506.7224880382776, 1339.1291866028707]",Selenomonas,0,4898
"[1501.8803418803418, 1644.7008547008547]",Porphyromonas,0,4899
"[1502.6068376068376, 1761.6153846153845]",Rothia,0,4900
"[1502.0618556701031, 444.2783505154639]",Corynebacterium,0,4901
"[1502.9579831932774, 713.2436974789916]",Leptotrichia,0,4902
"[1503.4690265486727, 1395.9026548672566]",Corynebacterium,0,4903
"[1502.934065934066, 1694.6813186813188]",Prevotella,0,4904
"[1502.2045454545455, 1732.3636363636363]",Porphyromonas,0,4905
"[1506.375, 578.7833333333333]",Leptotrichia,0,4906
"[1502.9180327868853, 1198.983606557377]",Corynebacterium,0,4908
"[1506.6315789473683, 1317.2857142857142]",Prevotella,0,4909
"[1502.828125, 1409.265625]",Corynebacterium,0,4910
"[1505.4096385542168, 463.90361445783134]",Corynebacterium,0,4911
"[1505.5115207373271, 690.5115207373271]",Leptotrichia,0,4912
"[1505.2837837837837, 1474.2837837837837]",Veillonella,0,4913
"[1521.1451612903227, 1777.2096774193549]",Selenomonas,0,4914
"[1508.860294117647, 499.4779411764706]",Corynebacterium,0,4915
"[1505.851851851852, 738.6543209876543]",Leptotrichia,0,4916
"[1506.3333333333333, 1157.4782608695652]",Leptotrichia,0,4917
"[1511.75799086758, 1211.447488584475]",Corynebacterium,0,4918
"[1511.4634146341464, 1742.5073170731707]",Porphyromonas,0,4920
"[1507.745283018868, 243.66981132075472]",Corynebacterium,0,4921
"[1510.8287037037037, 388.43518518518516]",Leptotrichia,0,4922
"[1509.736, 538.464]",Leptotrichia,0,4923
"[1511.4444444444443, 599.0185185185185]",Porphyromonas,0,4924
"[1507.4556962025317, 1015.7784810126582]",Rothia,0,4926
"[1506.1685393258426, 1232.5842696629213]",Fusobacterium,0,4927
"[1504.9655172413793, 1435.4827586206898]",Corynebacterium,0,4928
"[1512.5869565217392, 1508.072463768116]",Rothia,0,4929
"[1512.0885416666667, 759.2552083333334]",Porphyromonas,0,4930
"[1506.7333333333333, 887.2833333333333]",Leptotrichia,0,4931
"[1508.4594594594594, 913.2702702702703]",Leptotrichia,0,4932
"[1511.2131147540983, 1533.9016393442623]",Fusobacterium,0,4933
"[1508.6623376623377, 1518.1168831168832]",Veillonella,0,4934
"[1513.5528455284552, 270.9105691056911]",Corynebacterium,0,4937
"[1512.6043956043957, 522.3296703296703]",Corynebacterium,0,4938
"[1515.6373056994819, 824.7979274611399]",Rothia,0,4939
"[1510.0534351145038, 845.2748091603054]",Lautropia,0,4940
"[1513.5985915492959, 1252.0492957746478]",Veillonella,0,4941
"[1509.6923076923076, 1289.6483516483515]",Selenomonas,0,4942
"[1509.54, 1494.6]",Fusobacterium,0,4945
"[1513.944, 337.064]",Pasteurellaceae,0,4946
"[1512.3508771929824, 364.2456140350877]",Corynebacterium,0,4947
"[1512.1015625, 434.5390625]",Corynebacterium,0,4948
"[1512.5092592592594, 900.0370370370371]",Leptotrichia,0,4950
"[1509.52, 1275.26]",TM7,0,4951
"[1520.706827309237, 1631.128514056225]",Corynebacterium,0,4952
"[1512.0, 1682.0]",Porphyromonas,0,4953
"[1513.7623762376238, 410.55445544554453]",Corynebacterium,0,4954
"[1517.0337837837837, 644.4324324324324]",Actinomyces,0,4955
"[1519.377990430622, 658.7320574162679]",Leptotrichia,0,4956
"[1515.9536082474226, 799.6907216494845]",Actinomyces,0,4957
"[1516.9067357512954, 1185.1191709844559]",Corynebacterium,0,4959
"[1514.139534883721, 315.7596899224806]",Corynebacterium,0,4961
"[1519.8319672131147, 487.62704918032784]",Corynebacterium,0,4962
"[1515.111111111111, 1054.3174603174602]",Fusobacterium,0,4963
"[1513.8169014084508, 1370.661971830986]",Corynebacterium,0,4964
"[1513.5283018867924, 1484.9433962264152]",Fusobacterium,0,4966
"[1521.2573839662448, 1594.6540084388187]",Prevotella,0,4967
"[1520.5988372093022, 249.74418604651163]",Corynebacterium,0,4969
"[1516.7320261437908, 867.7973856209151]",Prevotella,0,4970
"[1514.8979591836735, 1564.1020408163265]",Prevotella,0,4972
"[1515.7605633802816, 1660.9859154929577]",Streptococcus,0,4973
"[1516.948717948718, 1707.7264957264956]",Prevotella,0,4974
"[1521.3813953488373, 1085.1488372093024]",TM7,0,4975
"[1515.0666666666666, 1462.6333333333334]",Capnocytophaga,0,4976
"[1523.0162601626016, 350.130081300813]",Corynebacterium,0,4977
"[1516.855855855856, 620.918918918919]",Rothia,0,4978
"[1518.9248554913295, 717.2254335260116]",Leptotrichia,0,4979
"[1515.7162162162163, 1408.3783783783783]",Corynebacterium,0,4981
"[1516.0740740740741, 1451.0185185185185]",Corynebacterium,0,4982
"[1518.5959595959596, 1720.5656565656566]",Rothia,0,4983
"[1521.6615384615384, 742.6923076923077]",Streptococcus,0,4985
"[1518.070588235294, 701.2]",Leptotrichia,0,4989
"[1522.7142857142858, 1689.6992481203008]",Porphyromonas,0,4991
"[1521.3263157894737, 1160.0315789473684]",Veillonella,0,4992
"[1519.3428571428572, 1230.6714285714286]",Corynebacterium,0,4993
"[1521.0588235294117, 1241.5882352941176]",Corynebacterium,0,4994
"[1519.076923076923, 1305.8846153846155]",Selenomonas,0,4996
"[1520.4375, 1426.15625]",Corynebacterium,0,4997
"[1520.9610389610389, 508.68831168831167]",Corynebacterium,0,4998
"[1520.103448275862, 1065.551724137931]",Capnocytophaga,0,4999
"[1528.595238095238, 1471.779761904762]",Corynebacterium,0,5000
"[1524.172131147541, 1549.6065573770493]",Veillonella,0,5001
"[1525.7170731707317, 1760.1658536585367]",Rothia,0,5002
"[1526.3240740740741, 290.5925925925926]",Leptotrichia,0,5003
"[1522.1739130434783, 1136.8260869565217]",Prevotella,0,5005
"[1519.8852459016393, 1341.9180327868853]",Corynebacterium,0,5006
"[1522.2555555555555, 426.77777777777777]",Corynebacterium,0,5008
"[1522.4, 467.26666666666665]",Corynebacterium,0,5009
"[1527.2926829268292, 542.2682926829268]",Corynebacterium,0,5010
"[1522.2155172413793, 1283.551724137931]",Corynebacterium,0,5012
"[1521.24, 1384.1]",Capnocytophaga,0,5013
"[1523.0212765957447, 1613.936170212766]",TM7,0,5014
"[1530.923076923077, 1404.7762237762238]",Selenomonas,0,5015
"[1530.982142857143, 1644.6904761904761]",Selenomonas,0,5016
"[1526.3370786516855, 559.314606741573]",Corynebacterium,0,5017
"[1527.2122641509434, 678.4245283018868]",Gemella,0,5018
"[1532.2947368421053, 1438.5736842105264]",TM7,0,5019
"[1523.3333333333333, 1494.7971014492753]",Prevotella,0,5020
"[1530.6181818181817, 1673.3272727272727]",Prevotella,0,5021
"[1525.9159663865546, 779.890756302521]",Porphyromonas,0,5022
"[1526.6813186813188, 396.7142857142857]",Pasteurellaceae,0,5023
"[1529.2235294117647, 613.8117647058823]",Prevotella,0,5024
"[1528.8142076502731, 913.7267759562842]",Leptotrichia,0,5025
"[1532.3368421052633, 1020.421052631579]",TM7,0,5026
"[1527.1417322834645, 1113.8818897637796]",Prevotella,0,5027
"[1538.7137931034483, 1316.6103448275862]",Rothia,0,5028
"[1533.1235294117646, 377.3529411764706]",Corynebacterium,0,5029
"[1528.5243902439024, 413.6585365853659]",Corynebacterium,0,5030
"[1527.2133333333334, 854.04]",Leptotrichia,0,5031
"[1528.5076923076922, 1352.753846153846]",Selenomonas,0,5032
"[1533.672, 1521.0]",Rothia,0,5034
"[1530.2457627118645, 273.3050847457627]",Corynebacterium,0,5035
"[1529.1568627450981, 311.70588235294116]",Corynebacterium,0,5036
"[1529.0985915492959, 363.3098591549296]",Corynebacterium,0,5037
"[1528.855072463768, 978.072463768116]",Leptotrichia,0,5039
"[1526.8181818181818, 1051.9454545454546]",Fusobacterium,0,5040
"[1531.1760563380283, 1369.4225352112676]",Corynebacterium,0,5041
"[1530.24, 760.52]",Actinomyces,0,5043
"[1533.5121951219512, 841.390243902439]",Leptotrichia,0,5044
"[1530.4830508474577, 890.5508474576271]",Leptotrichia,0,5045
"[1531.1041666666667, 1337.7604166666667]",TM7,0,5046
"[1540.7541666666666, 1504.8958333333333]",Prevotella,0,5049
"[1531.123287671233, 1565.2465753424658]",Capnocytophaga,0,5050
"[1529.4050632911392, 1735.8481012658228]",Leptotrichia,0,5051
"[1529.8108108108108, 447.7027027027027]",Corynebacterium,0,5052
"[1534.4426229508197, 627.483606557377]",Prevotella,0,5053
"[1531.2808988764045, 1297.247191011236]",Capnocytophaga,0,5054
"[1534.8527607361964, 1702.2576687116564]",Porphyromonas,0,5055
"[1530.5846153846153, 1165.9846153846154]",Capnocytophaga,0,5056
"[1530.8840579710145, 1233.2028985507247]",Corynebacterium,0,5058
"[1536.41452991453, 729.6452991452992]",Porphyromonas,0,5059
"[1534.1223021582734, 934.0287769784172]",Leptotrichia,0,5060
"[1533.704081632653, 1537.091836734694]",Veillonella,0,5061
"[1533.483870967742, 338.0967741935484]",Corynebacterium,0,5062
"[1536.9674418604652, 584.8465116279069]",Leptotrichia,0,5064
"[1534.07, 1193.48]",Corynebacterium,0,5066
"[1531.5757575757575, 1256.409090909091]",TM7,0,5067
"[1536.8979591836735, 1463.030612244898]",Corynebacterium,0,5068
"[1536.9787234042553, 425.6276595744681]",Corynebacterium,0,5069
"[1534.9124423963133, 476.2857142857143]",TM7,0,5070
"[1534.2222222222222, 603.4074074074074]",Actinomyces,0,5072
"[1535.836879432624, 817.113475177305]",Porphyromonas,0,5073
"[1535.6979166666667, 950.4166666666666]",Leptotrichia,0,5075
"[1536.0697674418604, 1043.5697674418604]",Prevotella,0,5076
"[1540.7074829931973, 1281.0408163265306]",Corynebacterium,0,5077
"[1536.1442307692307, 1422.7692307692307]",Corynebacterium,0,5078
"[1535.3368421052633, 1719.6526315789474]",Prevotella,0,5079
"[1539.3034482758621, 530.3931034482758]",Corynebacterium,0,5080
"[1536.3292682926829, 869.6463414634146]",Leptotrichia,0,5081
"[1540.539393939394, 1575.8909090909092]",Veillonella,0,5082
"[1537.6625, 693.325]",Pasteurellaceae,0,5084
"[1537.1916666666666, 1073.65]",Leptotrichia,0,5085
"[1536.5185185185185, 1383.3703703703704]",Selenomonas,0,5086
"[1538.861111111111, 326.4074074074074]",Corynebacterium,0,5087
"[1540.9753694581282, 1095.9408866995075]",Actinomyces,0,5088
"[1541.8347826086956, 1612.9217391304348]",Prevotella,0,5089
"[1537.8333333333333, 1745.462962962963]",Leptotrichia,0,5090
"[1542.0456621004566, 1132.8447488584475]",Rothia,0,5093
"[1539.3396226415093, 1152.254716981132]",Veillonella,0,5094
"[1542.5870967741935, 560.0645161290323]",Selenomonas,0,5095
"[1541.3076923076924, 787.042735042735]",Prevotella,0,5097
"[1540.7282608695652, 854.3152173913044]",Leptotrichia,0,5098
"[1544.796511627907, 713.5581395348837]",Streptococcus,0,5101
"[1540.8111111111111, 903.3222222222222]",Leptotrichia,0,5102
"[1547.9943820224719, 1687.2696629213483]",Actinomyces,0,5103
"[1547.5039370078741, 1770.732283464567]",Selenomonas,0,5104
"[1548.5086206896551, 413.5818965517241]",Corynebacterium,0,5105
"[1544.7202797202797, 765.3846153846154]",Porphyromonas,0,5106
"[1544.4429824561403, 1257.6973684210527]",Corynebacterium,0,5108
"[1542.6756756756756, 315.8783783783784]",Capnocytophaga,0,5109
"[1541.7, 434.96666666666664]",Corynebacterium,0,5110
"[1543.5966386554621, 747.8739495798319]",Actinomyces,0,5111
"[1541.7121212121212, 1228.9848484848485]",Corynebacterium,0,5112
"[1544.065, 1338.495]",TM7,0,5113
"[1545.4010695187167, 977.7272727272727]",Leptotrichia,0,5115
"[1541.8793103448277, 1168.3275862068965]",Capnocytophaga,0,5116
"[1545.5766423357663, 296.33576642335765]",Lautropia,0,5117
"[1545.1777777777777, 392.9222222222222]",Corynebacterium,0,5118
"[1545.2073170731708, 1298.1951219512196]",Prevotella,0,5119
"[1547.6634615384614, 1542.7211538461538]",Corynebacterium,0,5120
"[1546.8471074380166, 358.504132231405]",Corynebacterium,0,5121
"[1549.128787878788, 516.3787878787879]",Leptotrichia,0,5122
"[1548.4, 653.4461538461538]",Corynebacterium,0,5123
"[1546.3090909090909, 882.5181818181818]",Leptotrichia,0,5125
"[1547.6341463414635, 1524.8048780487804]",Prevotella,0,5126
"[1549.065693430657, 1652.2189781021898]",Prevotella,0,5127
"[1548.3169014084508, 456.9366197183099]",Corynebacterium,0,5128
"[1553.6174496644296, 907.261744966443]",Leptotrichia,0,5129
"[1550.0564516129032, 1050.6774193548388]",Actinomyces,0,5130
"[1549.6969696969697, 1403.321212121212]",Selenomonas,0,5131
"[1545.2727272727273, 1486.2857142857142]",Fusobacterium,0,5133
"[1549.801724137931, 1593.0862068965516]",TM7,0,5134
"[1548.804347826087, 277.14130434782606]",Pasteurellaceae,0,5135
"[1550.009900990099, 499.7029702970297]",Corynebacterium,0,5136
"[1551.7342657342658, 608.083916083916]",Rothia,0,5137
"[1552.263392857143, 830.0535714285714]",Rothia,0,5138
"[1551.4309392265193, 1003.2762430939226]",Prevotella,0,5139
"[1547.3918918918919, 1210.6081081081081]",Corynebacterium,0,5141
"[1552.450819672131, 1423.827868852459]",Veillonella,0,5142
"[1550.4705882352941, 1735.3308823529412]",Actinomyces,0,5143
"[1554.2462006079027, 544.3677811550152]",Corynebacterium,0,5144
"[1553.5550458715597, 1025.2981651376147]",TM7,0,5145
"[1548.421052631579, 1185.5657894736842]",Selenomonas,0,5147
"[1553.4335260115606, 1377.1560693641618]",Corynebacterium,0,5148
"[1551.9112903225807, 1439.8870967741937]",Fusobacterium,0,5149
"[1550.1411764705883, 1632.6352941176472]",Corynebacterium,0,5150
"[1548.1222222222223, 1755.7666666666667]",Leptotrichia,0,5151
"[1549.8522727272727, 925.4318181818181]",Leptotrichia,0,5152
"[1556.725806451613, 669.4072580645161]",Prevotella,0,5153
"[1555.9363636363637, 968.290909090909]",Leptotrichia,0,5154
"[1553.1747572815534, 1109.2233009708739]",Fusobacterium,0,5155
"[1562.7617647058823, 1362.3]",Corynebacterium,0,5156
"[1551.1612903225807, 400.7096774193548]",Corynebacterium,0,5157
"[1551.0945945945946, 807.6081081081081]",Prevotella,0,5158
"[1557.1952662721894, 871.3668639053254]",Leptotrichia,0,5159
"[1554.3145161290322, 333.64516129032256]",Corynebacterium,0,5161
"[1552.3728813559321, 436.23728813559325]",Corynebacterium,0,5162
"[1553.6842105263158, 484.5]",Corynebacterium,0,5163
"[1552.4123711340205, 795.0309278350516]",Prevotella,0,5165
"[1552.4660194174758, 952.4077669902913]",Leptotrichia,0,5166
"[1551.6727272727273, 1176.7272727272727]",Fusobacterium,0,5168
"[1552.712643678161, 1469.816091954023]",Capnocytophaga,0,5169
"[1553.7966101694915, 1393.3389830508474]",Streptococcus,0,5171
"[1556.75, 577.2714285714286]",Leptotrichia,0,5172
"[1554.6179775280898, 1069.1685393258426]",Porphyromonas,0,5173
"[1555.3272727272727, 1220.2545454545455]",Corynebacterium,0,5174
"[1557.9891304347825, 1718.5054347826087]",Streptococcus,0,5177
"[1558.421052631579, 261.25563909774434]",Pasteurellaceae,0,5178
"[1557.3529411764705, 384.6764705882353]",Corynebacterium,0,5179
"[1562.7055555555555, 639.7777777777778]",Rothia,0,5180
"[1557.9538461538461, 692.1769230769231]",Gemella,0,5181
"[1563.9545454545455, 851.1446280991736]",Leptotrichia,0,5182
"[1560.962962962963, 1276.9100529100529]",Prevotella,0,5183
"[1559.0, 1300.158536585366]",Prevotella,0,5184
"[1560.2447552447552, 1567.6923076923076]",Veillonella,0,5185
"[1557.0166666666667, 1329.25]",Prevotella,0,5187
"[1560.4640522875818, 314.8627450980392]",Corynebacterium,0,5188
"[1559.2777777777778, 934.0694444444445]",Leptotrichia,0,5190
"[1563.0291262135922, 1111.6893203883494]",Corynebacterium,0,5191
"[1560.5258620689656, 1456.2241379310344]",TM7,0,5192
"[1561.6967213114754, 1519.9016393442623]",Prevotella,0,5193
"[1558.9268292682927, 779.829268292683]",Prevotella,0,5194
"[1558.357142857143, 1256.75]",Selenomonas,0,5195
"[1559.2622950819673, 1610.032786885246]",Corynebacterium,0,5196
"[1565.8592592592593, 567.6814814814815]",Leptotrichia,0,5197
"[1560.457627118644, 625.2881355932203]",Capnocytophaga,0,5198
"[1563.3898305084747, 728.522033898305]",Prevotella,0,5199
"[1559.3934426229507, 1084.672131147541]",Selenomonas,0,5200
"[1561.2181818181818, 1133.3727272727272]",Veillonella,0,5201
"[1566.8231707317073, 1413.7256097560976]",Porphyromonas,0,5203
"[1563.1747572815534, 1481.368932038835]",TM7,0,5204
"[1566.0, 1637.3886255924172]",Porphyromonas,0,5205
"[1567.0833333333333, 1495.5333333333333]",Corynebacterium,0,5206
"[1567.6057142857144, 880.8914285714286]",Leptotrichia,0,5207
"[1561.377358490566, 1548.2641509433963]",Veillonella,0,5209
"[1569.4406779661017, 1774.5169491525423]",Treponema,0,5210
"[1564.9829545454545, 282.9318181818182]",Corynebacterium,0,5211
"[1566.7261410788383, 371.21991701244815]",Corynebacterium,0,5212
"[1568.3524590163934, 486.3688524590164]",Corynebacterium,0,5213
"[1566.0325203252032, 764.040650406504]",Leptotrichia,0,5214
"[1573.3947368421052, 1092.3105263157895]",Corynebacterium,0,5215
"[1566.68, 1153.1466666666668]",Selenomonas,0,5216
"[1562.7894736842106, 1194.6]",Selenomonas,0,5217
"[1567.6538461538462, 1236.5288461538462]",Selenomonas,0,5218
"[1572.088888888889, 1306.3777777777777]",Prevotella,0,5219
"[1566.313432835821, 1442.3880597014925]",Fusobacterium,0,5220
"[1564.5806451612902, 410.2741935483871]",Corynebacterium,0,5221
"[1568.4930875576038, 467.6543778801843]",Corynebacterium,0,5222
"[1565.554347826087, 1539.8369565217392]",Capnocytophaga,0,5224
"[1570.195652173913, 1557.2463768115942]",TM7,0,5225
"[1566.2844827586207, 808.9051724137931]",Leptotrichia,0,5226
"[1565.886075949367, 941.3417721518987]",Leptotrichia,0,5227
"[1567.9015151515152, 1058.3484848484848]",Actinomyces,0,5228
"[1566.2153846153847, 1079.2153846153847]",Selenomonas,0,5229
"[1567.5243902439024, 1166.3536585365853]",Selenomonas,0,5230
"[1570.7671957671957, 1216.936507936508]",Corynebacterium,0,5231
"[1570.3428571428572, 303.3142857142857]",Corynebacterium,0,5232
"[1568.728971962617, 525.7943925233645]",Leptotrichia,0,5233
"[1570.18, 1180.11]",Selenomonas,0,5234
"[1570.3505747126437, 1589.057471264368]",Rothia,0,5236
"[1568.26582278481, 394.2911392405063]",Capnocytophaga,0,5237
"[1571.4429530201342, 449.1006711409396]",Corynebacterium,0,5238
"[1571.057471264368, 651.7241379310345]",Fusobacterium,0,5239
"[1575.490494296578, 783.6501901140684]",Actinomyces,0,5240
"[1572.1811023622047, 949.8110236220473]",Leptotrichia,0,5241
"[1569.3833333333334, 1608.5833333333333]",Fusobacterium,0,5242
"[1569.2903225806451, 1665.3790322580646]",Rothia,0,5243
"[1572.0492957746478, 1690.7535211267605]",Leptotrichia,0,5244
"[1568.5217391304348, 1734.0579710144928]",Leptotrichia,0,5245
"[1571.0676691729323, 546.2631578947369]",TM7,0,5246
"[1567.8615384615384, 596.1692307692308]",Selenomonas,0,5247
"[1569.7530864197531, 922.604938271605]",Leptotrichia,0,5248
"[1572.2642857142857, 1751.942857142857]",Prevotella,0,5250
"[1575.4153005464482, 335.26775956284155]",Corynebacterium,0,5251
"[1576.5251141552512, 356.7671232876712]",Corynebacterium,0,5252
"[1571.90625, 830.41875]",Actinomyces,0,5253
"[1574.6519337016575, 1323.171270718232]",Prevotella,0,5254
"[1572.0729927007299, 1395.7737226277372]",Leptotrichia,0,5255
"[1571.6404494382023, 1430.7191011235955]",Selenomonas,0,5256
"[1573.4409448818897, 611.8425196850394]",Actinomyces,0,5259
"[1574.3351648351647, 976.3406593406594]",Leptotrichia,0,5260
"[1572.2586206896551, 1204.3793103448277]",Selenomonas,0,5261
"[1572.905982905983, 1342.008547008547]",Veillonella,0,5263
"[1572.7264957264956, 502.1965811965812]",Corynebacterium,0,5264
"[1573.70987654321, 900.2407407407408]",Leptotrichia,0,5265
"[1575.1197916666667, 1036.390625]",Porphyromonas,0,5266
"[1575.5824175824175, 431.1978021978022]",Corynebacterium,0,5268
"[1580.41592920354, 552.6637168141593]",Corynebacterium,0,5270
"[1579.7898550724638, 1105.4130434782608]",Corynebacterium,0,5271
"[1578.4273504273503, 584.0854700854701]",Pasteurellaceae,0,5272
"[1587.9063360881544, 1001.5151515151515]",TM7,0,5273
"[1575.48, 1191.5733333333333]",Selenomonas,0,5274
"[1575.21875, 1252.03125]",Leptotrichia,0,5275
"[1588.96918767507, 1703.484593837535]",Prevotella,0,5276
"[1574.892857142857, 1133.2857142857142]",Fusobacterium,0,5277
"[1577.0972222222222, 1444.638888888889]",Fusobacterium,0,5278
"[1578.6478873239437, 1504.5774647887324]",TM7,0,5279
"[1577.6375, 316.225]",Corynebacterium,0,5280
"[1577.5968992248063, 749.2558139534884]",Prevotella,0,5281
"[1578.265625, 1474.4375]",Fusobacterium,0,5283
"[1584.3189189189188, 423.34594594594597]",Corynebacterium,0,5284
"[1586.3529411764705, 1143.7124183006536]",Capnocytophaga,0,5285
"[1579.7974683544303, 1619.2025316455697]",Capnocytophaga,0,5287
"[1581.5973154362416, 283.3691275167785]",TM7,0,5288
"[1582.9306358381502, 684.4046242774566]",Actinomyces,0,5289
"[1580.248322147651, 1264.9530201342282]",Leptotrichia,0,5291
"[1580.2625, 1740.3875]",Streptococcus,0,5292
"[1582.9, 667.0888888888888]",Streptococcus,0,5293
"[1580.920792079208, 1017.4554455445544]",Prevotella,0,5294
"[1581.0757575757575, 1368.9242424242425]",TM7,0,5295
"[1581.126984126984, 1381.952380952381]",Veillonella,0,5296
"[1580.6969696969697, 1543.4848484848485]",Corynebacterium,0,5297
"[1580.2289156626507, 708.7710843373494]",Leptotrichia,0,5299
"[1581.0, 862.637168141593]",Leptotrichia,0,5300
"[1581.3456790123457, 929.7654320987655]",Leptotrichia,0,5301
"[1581.7466666666667, 1161.28]",TM7,0,5302
"[1581.775, 1516.8625]",Corynebacterium,0,5303
"[1588.954128440367, 376.5]",Corynebacterium,0,5304
"[1583.2, 480.2]",Corynebacterium,0,5305
"[1585.286956521739, 401.0869565217391]",Capnocytophaga,0,5307
"[1588.9803921568628, 566.437908496732]",Corynebacterium,0,5308
"[1585.9859154929577, 262.82394366197184]",Corynebacterium,0,5310
"[1592.904255319149, 294.6010638297872]",Corynebacterium,0,5311
"[1595.8802083333333, 326.5]",Leptotrichia,0,5312
"[1593.1300813008131, 518.9227642276422]",Corynebacterium,0,5313
"[1589.0366492146597, 727.5392670157069]",Actinomyces,0,5314
"[1588.5389610389611, 845.9285714285714]",Prevotella,0,5315
"[1585.2884615384614, 910.4807692307693]",Leptotrichia,0,5316
"[1585.9058823529413, 1067.6]",Porphyromonas,0,5317
"[1587.2300884955753, 1124.5575221238937]",Corynebacterium,0,5319
"[1583.3333333333333, 1281.5964912280701]",Porphyromonas,0,5320
"[1586.3495145631068, 1400.3300970873786]",Leptotrichia,0,5321
"[1589.5398230088495, 1496.2300884955753]",Selenomonas,0,5322
"[1587.8322147651006, 1573.1879194630872]",Leptotrichia,0,5323
"[1592.7738693467336, 831.0452261306533]",Leptotrichia,0,5324
"[1585.0077519379845, 1421.5736434108528]",Veillonella,0,5326
"[1584.8028169014085, 1662.3239436619717]",Porphyromonas,0,5328
"[1593.2649006622516, 469.88079470198676]",Corynebacterium,0,5329
"[1592.095652173913, 648.2086956521739]",Veillonella,0,5330
"[1589.274193548387, 877.0483870967741]",Leptotrichia,0,5331
"[1586.3939393939395, 1291.621212121212]",Porphyromonas,0,5333
"[1586.5, 1454.9868421052631]",Fusobacterium,0,5334
"[1589.811320754717, 1592.1415094339623]",Prevotella,0,5335
"[1590.331550802139, 1636.572192513369]",Porphyromonas,0,5336
"[1592.7640449438202, 711.4943820224719]",Leptotrichia,0,5337
"[1592.516339869281, 1052.0980392156862]",Porphyromonas,0,5338
"[1587.9298245614036, 1189.842105263158]",Corynebacterium,0,5339
"[1598.911111111111, 1678.2031746031746]",Prevotella,0,5340
"[1590.2654867256638, 1722.9823008849557]",Actinomyces,0,5341
"[1589.561797752809, 612.4831460674158]",Corynebacterium,0,5342
"[1599.3732057416269, 771.4880382775119]",Prevotella,0,5343
"[1589.6601307189542, 806.0261437908497]",Prevotella,0,5344
"[1594.3971631205675, 939.4893617021277]",Leptotrichia,0,5345
"[1589.2439024390244, 1363.121951219512]",Lautropia,0,5346
"[1590.9530201342282, 448.8456375838926]",Corynebacterium,0,5347
"[1593.3028571428572, 1171.7885714285715]",Fusobacterium,0,5349
"[1595.4573643410852, 1442.2868217054263]",Actinomyces,0,5350
"[1591.2772277227723, 496.2772277227723]",Corynebacterium,0,5351
"[1594.45, 1309.2833333333333]",Prevotella,0,5352
"[1594.2611940298507, 1331.9253731343283]",Veillonella,0,5353
"[1591.2307692307693, 1528.2153846153847]",Selenomonas,0,5354
"[1597.2181818181818, 413.5]",Corynebacterium,0,5355
"[1593.5298013245033, 592.2781456953643]",Corynebacterium,0,5356
"[1595.3939393939395, 790.5909090909091]",Prevotella,0,5357
"[1592.0925925925926, 1095.7962962962963]",Selenomonas,0,5358
"[1592.672131147541, 1196.377049180328]",Corynebacterium,0,5359
"[1593.531914893617, 1253.159574468085]",Treponema,0,5360
"[1593.0845070422536, 1383.9859154929577]",Prevotella,0,5361
"[1598.0607287449393, 1475.8502024291497]",Veillonella,0,5362
"[1604.1895734597156, 1657.1658767772512]",Streptococcus,0,5363
"[1593.9655172413793, 1739.8793103448277]",Streptococcus,0,5364
"[1597.6122448979593, 307.5204081632653]",Corynebacterium,0,5365
"[1598.904761904762, 501.8]",Corynebacterium,0,5366
"[1594.123287671233, 546.5890410958904]",Corynebacterium,0,5367
"[1597.8591549295775, 881.6267605633802]",Leptotrichia,0,5368
"[1594.3367346938776, 972.6326530612245]",Lautropia,0,5370
"[1593.963503649635, 1545.3211678832117]",Corynebacterium,0,5371
"[1598.607476635514, 862.6822429906542]",Leptotrichia,0,5372
"[1599.48, 901.312]",Leptotrichia,0,5373
"[1603.7093596059112, 1070.960591133005]",Porphyromonas,0,5374
"[1594.6376811594203, 1215.0]",Selenomonas,0,5375
"[1596.3541666666667, 1235.6666666666667]",Leptotrichia,0,5376
"[1594.4545454545455, 257.0568181818182]",Corynebacterium,0,5377
"[1599.7591623036649, 344.8586387434555]",Leptotrichia,0,5378
"[1598.7016129032259, 389.8790322580645]",Corynebacterium,0,5379
"[1601.4431818181818, 1022.6022727272727]",Selenomonas,0,5380
"[1595.7936507936508, 1039.4126984126983]",Selenomonas,0,5381
"[1595.8103448275863, 1600.5172413793102]",Prevotella,0,5382
"[1596.6261682242991, 1775.392523364486]",Streptococcus,0,5383
"[1604.703125, 568.13671875]",Corynebacterium,0,5384
"[1596.9888888888888, 670.9111111111112]",Prevotella,0,5385
"[1603.2293233082708, 749.7593984962406]",Streptococcus,0,5386
"[1595.7179487179487, 1267.8461538461538]",Lautropia,0,5387
"[1597.3235294117646, 1352.5588235294117]",Leptotrichia,0,5388
"[1596.1511627906978, 1425.093023255814]",Veillonella,0,5390
"[1598.5299145299145, 1627.2564102564102]",Selenomonas,0,5391
"[1597.2142857142858, 1149.3857142857144]",Capnocytophaga,0,5392
"[1598.3211678832117, 1511.3138686131388]",Corynebacterium,0,5393
"[1600.409090909091, 275.6363636363636]",Corynebacterium,0,5394
"[1602.6554621848738, 819.5966386554621]",Leptotrichia,0,5395
"[1599.5, 483.48148148148147]",Corynebacterium,0,5397
"[1601.9408284023668, 1288.4615384615386]",Treponema,0,5399
"[1603.6881720430108, 914.6451612903226]",Leptotrichia,0,5400
"[1604.7752808988764, 1223.2359550561798]",Leptotrichia,0,5401
"[1601.4647887323943, 1457.9577464788733]",Actinomyces,0,5402
"[1607.235294117647, 548.7310924369748]",Corynebacterium,0,5403
"[1602.421875, 1100.234375]",Selenomonas,0,5404
"[1601.9344262295083, 1406.27868852459]",Leptotrichia,0,5405
"[1603.950980392157, 433.5686274509804]",Corynebacterium,0,5406
"[1607.8070175438597, 1085.9035087719299]",Veillonella,0,5407
"[1608.698717948718, 1537.448717948718]",Selenomonas,0,5409
"[1606.1847826086957, 930.7826086956521]",Leptotrichia,0,5410
"[1604.8188976377953, 959.7401574803149]",Actinomyces,0,5411
"[1604.5905511811025, 1371.1732283464567]",Leptotrichia,0,5412
"[1605.3703703703704, 1608.611111111111]",Prevotella,0,5413
"[1614.7472118959108, 252.23420074349443]",Corynebacterium,0,5414
"[1607.121212121212, 1558.7348484848485]",Selenomonas,0,5415
"[1607.2441860465117, 604.7906976744187]",Pasteurellaceae,0,5416
"[1606.111111111111, 1127.5757575757575]",Corynebacterium,0,5417
"[1606.490909090909, 1333.4545454545455]",Prevotella,0,5418
"[1606.1384615384616, 1438.9076923076923]",Actinomyces,0,5419
"[1609.6517857142858, 361.14285714285717]",TM7,0,5420
"[1607.1854838709678, 629.5322580645161]",Actinomyces,0,5421
"[1607.6666666666667, 702.7222222222222]",Streptococcus,0,5422
"[1606.798076923077, 803.0673076923077]",Lautropia,0,5423
"[1607.21875, 1028.21875]",Selenomonas,0,5424
"[1607.5324675324675, 1110.8701298701299]",Selenomonas,0,5425
"[1606.0759493670887, 1200.1898734177216]",Corynebacterium,0,5426
"[1609.8074074074075, 1411.637037037037]",Leptotrichia,0,5427
"[1608.6560846560847, 1751.978835978836]",Actinomyces,0,5429
"[1609.0462962962963, 1781.5]",Streptococcus,0,5430
"[1607.655172413793, 288.6896551724138]",Corynebacterium,0,5431
"[1609.6444444444444, 467.56666666666666]",Corynebacterium,0,5432
"[1608.609589041096, 1166.2123287671234]",Prevotella,0,5433
"[1609.2469135802469, 1696.3827160493827]",Rothia,0,5435
"[1610.0875, 401.8]",Corynebacterium,0,5436
"[1616.8620689655172, 686.0632183908046]",Actinomyces,0,5437
"[1609.9701492537313, 1038.0746268656717]",Veillonella,0,5438
"[1609.4133333333334, 1260.6666666666667]",Lautropia,0,5439
"[1612.6601307189542, 1715.6666666666667]",Leptotrichia,0,5441
"[1613.1904761904761, 275.62698412698415]",Corynebacterium,0,5442
"[1609.857142857143, 975.0535714285714]",Rothia,0,5443
"[1609.9565217391305, 421.0869565217391]",Corynebacterium,0,5445
"[1615.0839694656488, 444.46564885496184]",Corynebacterium,0,5446
"[1610.6290322580646, 481.9193548387097]",Corynebacterium,0,5447
"[1614.0, 582.0526315789474]",Corynebacterium,0,5448
"[1612.7549019607843, 1148.8431372549019]",Fusobacterium,0,5450
"[1613.895, 1272.84]",Prevotella,0,5452
"[1611.378787878788, 1514.378787878788]",Corynebacterium,0,5453
"[1613.655172413793, 720.8908045977012]",Streptococcus,0,5454
"[1612.4615384615386, 851.5824175824176]",Leptotrichia,0,5455
"[1611.990476190476, 885.552380952381]",Leptotrichia,0,5456
"[1614.8502415458938, 384.21256038647346]",Corynebacterium,0,5457
"[1613.8490566037735, 512.7641509433962]",Pasteurellaceae,0,5458
"[1611.5882352941176, 533.1617647058823]",Corynebacterium,0,5459
"[1611.490909090909, 1004.1090909090909]",TM7,0,5460
"[1613.048076923077, 1387.875]",Leptotrichia,0,5461
"[1611.125, 1498.4027777777778]",TM7,0,5462
"[1621.5214285714285, 487.9]",Corynebacterium,0,5463
"[1612.686567164179, 660.2388059701492]",Prevotella,0,5464
"[1617.154867256637, 1298.1504424778761]",Treponema,0,5465
"[1616.4928571428572, 1454.2928571428572]",Selenomonas,0,5466
"[1614.847619047619, 308.9428571428571]",Capnocytophaga,0,5467
"[1620.3584905660377, 1240.2301886792452]",Leptotrichia,0,5468
"[1615.0441176470588, 1425.9705882352941]",Veillonella,0,5469
"[1626.6833333333334, 1773.6266666666668]",Streptococcus,0,5471
"[1618.3801169590643, 1798.9590643274853]",Leptotrichia,0,5472
"[1625.1470588235295, 528.0735294117648]",Corynebacterium,0,5473
"[1617.16, 614.57]",Leptotrichia,0,5474
"[1615.611111111111, 1351.9333333333334]",Leptotrichia,0,5475
"[1617.0181818181818, 1565.6545454545455]",Selenomonas,0,5477
"[1615.725, 1584.65]",Capnocytophaga,0,5478
"[1617.118811881188, 834.6039603960396]",Leptotrichia,0,5479
"[1619.0977443609022, 989.9248120300751]",Leptotrichia,0,5480
"[1620.532751091703, 645.3973799126637]",Rothia,0,5481
"[1623.3935483870969, 671.2709677419355]",Actinomyces,0,5482
"[1623.4038461538462, 790.3846153846154]",Leptotrichia,0,5483
"[1616.9420289855072, 1116.5942028985507]",Selenomonas,0,5485
"[1619.5094339622642, 346.3867924528302]",Leptotrichia,0,5486
"[1620.2784810126582, 1138.4303797468353]",Selenomonas,0,5487
"[1619.0537634408602, 1188.7096774193549]",Selenomonas,0,5488
"[1622.3139534883721, 1305.7674418604652]",Leptotrichia,0,5489
"[1623.5071428571428, 1323.192857142857]",Actinomyces,0,5490
"[1618.7619047619048, 1615.0857142857142]",Rothia,0,5491
"[1622.5714285714287, 862.4149659863946]",Leptotrichia,0,5492
"[1621.1509433962265, 920.6415094339623]",Leptotrichia,0,5493
"[1618.603448275862, 1009.0689655172414]",Selenomonas,0,5494
"[1619.9571428571428, 1338.5428571428572]",Leptotrichia,0,5495
"[1625.438775510204, 291.1326530612245]",Capnocytophaga,0,5496
"[1620.9270833333333, 328.6979166666667]",Corynebacterium,0,5497
"[1621.0, 710.2537313432836]",Leptotrichia,0,5498
"[1621.5890410958905, 818.2054794520548]",Lautropia,0,5499
"[1623.7414965986395, 937.9047619047619]",Leptotrichia,0,5500
"[1621.18, 1127.1]",Selenomonas,0,5501
"[1622.9901960784314, 1202.078431372549]",Selenomonas,0,5502
"[1619.3636363636363, 1506.8363636363636]",Corynebacterium,0,5503
"[1623.6733333333334, 1546.92]",Veillonella,0,5504
"[1623.4859813084113, 426.3551401869159]",Corynebacterium,0,5505
"[1631.1769911504425, 471.9380530973451]",Corynebacterium,0,5506
"[1620.9761904761904, 770.9404761904761]",Streptococcus,0,5507
"[1620.4444444444443, 1439.6666666666667]",Capnocytophaga,0,5508
"[1623.8973384030419, 745.7110266159696]",Streptococcus,0,5510
"[1624.8703703703704, 805.6851851851852]",Leptotrichia,0,5511
"[1622.241935483871, 1179.5]",Capnocytophaga,0,5513
"[1623.7794117647059, 1366.9779411764705]",Leptotrichia,0,5514
"[1632.8006042296072, 1695.0966767371601]",Porphyromonas,0,5515
"[1622.2933333333333, 409.29333333333335]",Corynebacterium,0,5517
"[1623.8936170212767, 554.3191489361702]",Corynebacterium,0,5518
"[1622.9344262295083, 1031.016393442623]",Selenomonas,0,5519
"[1626.9809523809524, 1166.6285714285714]",Selenomonas,0,5520
"[1626.0629921259842, 1401.6614173228347]",TM7,0,5521
"[1625.0821917808219, 1643.8835616438357]",Actinomyces,0,5524
"[1626.5232558139535, 274.86046511627904]",Corynebacterium,0,5525
"[1625.8865979381444, 889.4020618556701]",Leptotrichia,0,5526
"[1631.5170454545455, 1050.846590909091]",Actinomyces,0,5527
"[1627.3333333333333, 1092.25]",Rothia,0,5528
"[1626.0545454545454, 829.2545454545455]",Leptotrichia,0,5529
"[1628.758064516129, 963.016129032258]",Lautropia,0,5530
"[1627.4166666666667, 1065.6354166666667]",Porphyromonas,0,5531
"[1627.8415841584158, 1111.4752475247524]",Selenomonas,0,5532
"[1632.0573248407643, 1478.5350318471337]",Veillonella,0,5533
"[1628.3855421686746, 1750.301204819277]",Actinomyces,0,5534
"[1631.6341463414635, 304.1788617886179]",Capnocytophaga,0,5535
"[1630.0310559006211, 366.27950310559004]",Corynebacterium,0,5536
"[1627.6842105263158, 572.421052631579]",Corynebacterium,0,5537
"[1626.3166666666666, 696.9]",Streptococcus,0,5538
"[1628.063829787234, 1147.595744680851]",Selenomonas,0,5539
"[1628.3809523809523, 1593.3428571428572]",Prevotella,0,5540
"[1635.5930735930735, 317.16450216450215]",Corynebacterium,0,5541
"[1629.3805309734514, 506.04424778761063]",Corynebacterium,0,5542
"[1632.5811965811965, 599.8376068376068]",Corynebacterium,0,5543
"[1631.392405063291, 1019.2278481012659]",TM7,0,5544
"[1630.4772727272727, 1274.4261363636363]",Veillonella,0,5545
"[1632.4015748031495, 1619.9448818897638]",Rothia,0,5546
"[1631.2147651006712, 1681.6510067114093]",Porphyromonas,0,5547
"[1636.8839285714287, 839.7410714285714]",Rothia,0,5548
"[1632.1610738255033, 1418.1476510067114]",TM7,0,5549
"[1630.0357142857142, 1499.107142857143]",Selenomonas,0,5550
"[1638.3227848101267, 396.39240506329116]",Corynebacterium,0,5551
"[1632.1929824561403, 589.438596491228]",Corynebacterium,0,5553
"[1641.1049723756905, 1082.6685082872928]",Actinomyces,0,5554
"[1634.0349650349651, 1210.4755244755245]",Leptotrichia,0,5555
"[1629.949152542373, 1345.3389830508474]",Leptotrichia,0,5556
"[1629.06, 1518.38]",Veillonella,0,5557
"[1629.16, 1805.9866666666667]",Leptotrichia,0,5558
"[1632.603448275862, 437.01724137931035]",Corynebacterium,0,5559
"[1631.974358974359, 873.9358974358975]",Leptotrichia,0,5560
"[1633.4329896907216, 1228.8659793814434]",Leptotrichia,0,5561
"[1631.1568627450981, 383.1372549019608]",Corynebacterium,0,5562
"[1632.3517241379311, 624.8413793103448]",Actinomyces,0,5563
"[1632.659574468085, 1381.2340425531916]",TM7,0,5565
"[1632.46875, 1738.171875]",Actinomyces,0,5567
"[1635.01652892562, 455.5289256198347]",Corynebacterium,0,5568
"[1635.1894736842105, 544.9263157894737]",Corynebacterium,0,5569
"[1632.758064516129, 729.4032258064516]",Streptococcus,0,5570
"[1633.5945945945946, 984.4054054054054]",Leptotrichia,0,5571
"[1637.211009174312, 997.394495412844]",Lautropia,0,5572
"[1643.2303664921467, 1315.2146596858638]",Streptococcus,0,5573
"[1634.3917525773195, 1712.6288659793815]",Porphyromonas,0,5574
"[1636.5104895104896, 1125.8881118881118]",Leptotrichia,0,5576
"[1634.2916666666667, 1436.8333333333333]",Corynebacterium,0,5577
"[1635.027397260274, 1447.7945205479452]",Selenomonas,0,5578
"[1640.9748743718592, 1514.0452261306532]",Veillonella,0,5580
"[1633.9354838709678, 1659.8225806451612]",Rothia,0,5581
"[1634.92, 1726.56]",Prevotella,0,5582
"[1639.3513513513512, 1762.6126126126126]",Rothia,0,5583
"[1638.3333333333333, 913.9270833333334]",Leptotrichia,0,5585
"[1636.7236842105262, 1175.8947368421052]",Leptotrichia,0,5586
"[1634.581818181818, 1459.3272727272727]",Selenomonas,0,5587
"[1640.1161616161617, 716.3939393939394]",Leptotrichia,0,5588
"[1639.4755244755245, 763.4265734265734]",Actinomyces,0,5589
"[1643.5647840531562, 949.7275747508305]",Leptotrichia,0,5590
"[1634.8589743589744, 1030.8333333333333]",Selenomonas,0,5591
"[1636.6986301369864, 1111.835616438356]",Treponema,0,5592
"[1644.3219696969697, 1347.780303030303]",Leptotrichia,0,5593
"[1637.126582278481, 1795.4177215189873]",Streptococcus,0,5594
"[1641.3045454545454, 276.30454545454546]",Corynebacterium,0,5595
"[1637.909090909091, 340.07070707070704]",Leptotrichia,0,5596
"[1638.0925925925926, 1465.351851851852]",Lautropia,0,5597
"[1638.891304347826, 1554.5]",Veillonella,0,5598
"[1638.3196721311476, 696.7622950819672]",Leptotrichia,0,5599
"[1643.05625, 817.025]",Leptotrichia,0,5600
"[1639.2079207920792, 897.1980198019802]",Gemella,0,5601
"[1639.809917355372, 1297.3636363636363]",Porphyromonas,0,5602
"[1638.8818181818183, 1601.5272727272727]",Selenomonas,0,5603
"[1639.4485981308412, 1648.2056074766356]",Rothia,0,5604
"[1640.3857142857144, 356.8142857142857]",Corynebacterium,0,5605
"[1644.1776315789473, 653.5197368421053]",Rothia,0,5606
"[1644.851590106007, 1578.600706713781]",Porphyromonas,0,5607
"[1649.319502074689, 634.8215767634855]",Rothia,0,5608
"[1640.867469879518, 858.4819277108434]",Leptotrichia,0,5609
"[1644.965811965812, 973.7094017094017]",Leptotrichia,0,5610
"[1640.8095238095239, 520.4603174603175]",Corynebacterium,0,5611
"[1642.3636363636363, 576.1363636363636]",Leptotrichia,0,5612
"[1641.875, 748.9625]",Leptotrichia,0,5613
"[1644.7355371900826, 1747.7272727272727]",Prevotella,0,5615
"[1644.0420168067226, 419.61344537815125]",Corynebacterium,0,5616
"[1642.3783783783783, 605.4459459459459]",Corynebacterium,0,5617
"[1642.2328767123288, 799.5342465753424]",Leptotrichia,0,5618
"[1646.6502732240438, 927.016393442623]",Leptotrichia,0,5619
"[1645.7007874015749, 1187.1102362204724]",Leptotrichia,0,5620
"[1644.6904761904761, 446.1904761904762]",Corynebacterium,0,5623
"[1643.263888888889, 1390.513888888889]",Veillonella,0,5625
"[1643.38, 1531.24]",Veillonella,0,5626
"[1643.36, 786.26]",Leptotrichia,0,5628
"[1646.0761904761905, 1668.0]",Streptococcus,0,5629
"[1646.8666666666666, 369.24444444444447]",Corynebacterium,0,5630
"[1650.0533333333333, 508.9533333333333]",Corynebacterium,0,5631
"[1645.2407407407406, 735.6666666666666]",Leptotrichia,0,5632
"[1646.5786516853932, 1143.2865168539327]",Leptotrichia,0,5633
"[1647.804347826087, 1614.4782608695652]",Selenomonas,0,5635
"[1648.6158940397352, 615.1920529801324]",Treponema,0,5637
"[1645.3898305084747, 682.2203389830509]",Streptococcus,0,5638
"[1646.923076923077, 1009.6025641025641]",Selenomonas,0,5639
"[1648.578947368421, 1055.2842105263157]",Actinomyces,0,5641
"[1648.203007518797, 1237.1127819548872]",Leptotrichia,0,5643
"[1647.3645833333333, 1263.6041666666667]",Fusobacterium,0,5644
"[1649.4571428571428, 1281.7333333333333]",Treponema,0,5645
"[1646.7076923076922, 1404.6615384615384]",TM7,0,5646
"[1647.043956043956, 1491.3186813186812]",Veillonella,0,5647
"[1654.3630573248408, 430.2738853503185]",Corynebacterium,0,5648
"[1650.934306569343, 559.3138686131387]",Pasteurellaceae,0,5649
"[1648.79797979798, 869.7575757575758]",Leptotrichia,0,5650
"[1654.7260726072607, 888.0693069306931]",Leptotrichia,0,5651
"[1647.4193548387098, 1472.8870967741937]",Veillonella,0,5652
"[1647.6119402985075, 1711.4179104477612]",Veillonella,0,5653
"[1652.969465648855, 298.3358778625954]",Capnocytophaga,0,5654
"[1654.6160714285713, 678.2857142857143]",Leptotrichia,0,5655
"[1658.3388157894738, 1118.9506578947369]",Streptococcus,0,5656
"[1650.6486486486488, 1219.837837837838]",Porphyromonas,0,5657
"[1648.4912280701753, 1415.157894736842]",Capnocytophaga,0,5658
"[1650.2038834951456, 1427.009708737864]",Selenomonas,0,5659
"[1648.9065420560748, 1442.9719626168223]",Veillonella,0,5660
"[1648.9878048780488, 1543.2560975609756]",Veillonella,0,5661
"[1647.4032258064517, 1724.1129032258063]",Gemella,0,5662
"[1650.15, 853.6166666666667]",Leptotrichia,0,5663
"[1650.1157894736841, 320.11578947368423]",Corynebacterium,0,5665
"[1655.679802955665, 484.3743842364532]",Rothia,0,5666
"[1650.957627118644, 536.0762711864406]",Corynebacterium,0,5667
"[1650.1842105263158, 1380.5526315789473]",Veillonella,0,5668
"[1655.9338842975208, 1030.8595041322315]",Veillonella,0,5669
"[1653.7333333333333, 1570.6555555555556]",Porphyromonas,0,5670
"[1653.0506329113923, 405.1518987341772]",Corynebacterium,0,5671
"[1652.2105263157894, 1460.4035087719299]",Treponema,0,5672
"[1653.5495495495495, 589.6486486486486]",Leptotrichia,0,5674
"[1657.6614583333333, 1198.5833333333333]",Leptotrichia,0,5675
"[1655.5408805031448, 1360.5974842767296]",Selenomonas,0,5676
"[1654.2898550724638, 1395.463768115942]",Capnocytophaga,0,5677
"[1653.3015873015872, 1698.8253968253969]",Selenomonas,0,5679
"[1659.7988505747126, 356.7011494252874]",Corynebacterium,0,5681
"[1654.820512820513, 737.5384615384615]",Leptotrichia,0,5682
"[1658.5923076923077, 795.9307692307692]",Leptotrichia,0,5683
"[1660.2206896551725, 838.5034482758621]",Leptotrichia,0,5684
"[1658.8, 1658.7]",Porphyromonas,0,5687
"[1656.7088607594937, 1681.4050632911392]",Fusobacterium,0,5688
"[1658.8636363636363, 377.23636363636365]",Corynebacterium,0,5689
"[1657.253164556962, 780.8101265822785]",Leptotrichia,0,5690
"[1660.6694214876034, 1104.5867768595042]",Porphyromonas,0,5692
"[1655.96, 1174.78]",Veillonella,0,5693
"[1659.2761904761905, 460.1714285714286]",Prevotella,0,5694
"[1657.85, 755.89]",Leptotrichia,0,5695
"[1660.2627737226278, 1298.5912408759125]",Leptotrichia,0,5696
"[1657.7413793103449, 1537.8103448275863]",Veillonella,0,5697
"[1659.209090909091, 1763.6]",Streptococcus,0,5698
"[1662.0064516129032, 517.9677419354839]",Corynebacterium,0,5699
"[1660.436170212766, 662.2553191489362]",Leptotrichia,0,5700
"[1658.7794117647059, 1252.3823529411766]",Prevotella,0,5701
"[1658.2307692307693, 1506.076923076923]",Treponema,0,5702
"[1659.5301204819277, 1524.8072289156626]",Veillonella,0,5703
"[1659.8358208955224, 1604.1641791044776]",Veillonella,0,5704
"[1661.198113207547, 695.0943396226415]",Streptococcus,0,5705
"[1660.2363636363636, 822.4181818181818]",Lautropia,0,5707
"[1662.4227642276423, 944.7642276422764]",Leptotrichia,0,5708
"[1659.9886363636363, 982.6477272727273]",Lautropia,0,5709
"[1659.5166666666667, 998.9666666666667]",Selenomonas,0,5710
"[1660.8136645962734, 1016.5527950310559]",Veillonella,0,5711
"[1663.3032258064516, 1066.483870967742]",Actinomyces,0,5712
"[1659.7777777777778, 1493.7592592592594]",Veillonella,0,5714
"[1680.4360465116279, 1751.2558139534883]",Prevotella,0,5716
"[1663.031746031746, 294.42857142857144]",Corynebacterium,0,5717
"[1668.5842105263157, 313.57894736842104]",Corynebacterium,0,5718
"[1664.820987654321, 569.5925925925926]",Corynebacterium,0,5719
"[1663.9197080291972, 606.6715328467153]",TM7,0,5720
"[1661.5826086956522, 1732.5826086956522]",Porphyromonas,0,5721
"[1662.4725274725274, 1085.5384615384614]",Actinomyces,0,5723
"[1662.2867132867134, 273.86013986013984]",Campylobacter,0,5725
"[1662.7225806451613, 333.1483870967742]",Corynebacterium,0,5726
"[1662.4814814814815, 716.0617283950618]",Leptotrichia,0,5727
"[1663.5520833333333, 1316.1041666666667]",Streptococcus,0,5730
"[1661.5857142857142, 1477.2214285714285]",Actinomyces,0,5731
"[1668.0502512562814, 1552.0603015075376]",Selenomonas,0,5732
"[1663.0071428571428, 1620.9285714285713]",Selenomonas,0,5733
"[1665.4018691588785, 640.2616822429907]",Veillonella,0,5734
"[1664.8446601941748, 1380.0485436893205]",Selenomonas,0,5736
"[1664.3731343283582, 1394.3880597014925]",Selenomonas,0,5737
"[1663.7520661157025, 1449.2727272727273]",Fusobacterium,0,5738
"[1664.5681818181818, 390.85227272727275]",Corynebacterium,0,5739
"[1666.9569892473119, 450.68817204301075]",Prevotella,0,5740
"[1670.1783439490446, 728.2675159235669]",Leptotrichia,0,5741
"[1666.3368421052633, 907.8210526315789]",Leptotrichia,0,5742
"[1664.4444444444443, 1244.888888888889]",TM7,0,5743
"[1666.6435643564357, 769.5841584158416]",Leptotrichia,0,5745
"[1665.5402298850574, 864.6551724137931]",Leptotrichia,0,5746
"[1664.8933333333334, 1043.5866666666666]",Actinomyces,0,5747
"[1665.7027027027027, 1181.2567567567567]",Porphyromonas,0,5748
"[1667.1908396946565, 1645.328244274809]",Streptococcus,0,5749
"[1671.715976331361, 416.3195266272189]",Corynebacterium,0,5750
"[1666.8275862068965, 1157.2620689655173]",Porphyromonas,0,5751
"[1670.7720588235295, 1578.75]",Porphyromonas,0,5752
"[1667.1935483870968, 1715.8548387096773]",Veillonella,0,5754
"[1666.64, 1783.92]",Porphyromonas,0,5755
"[1668.2622950819673, 652.672131147541]",Leptotrichia,0,5758
"[1676.5422222222223, 848.3422222222222]",Leptotrichia,0,5759
"[1667.0, 922.7692307692307]",Lautropia,0,5760
"[1667.782258064516, 1220.3548387096773]",Selenomonas,0,5761
"[1672.4076923076923, 1505.3076923076924]",Treponema,0,5762
"[1675.1944444444443, 433.18888888888887]",Corynebacterium,0,5764
"[1671.3831775700935, 680.6542056074767]",Leptotrichia,0,5765
"[1670.284090909091, 1412.340909090909]",Selenomonas,0,5766
"[1667.735294117647, 1423.1176470588234]",Selenomonas,0,5767
"[1673.881118881119, 1597.8181818181818]",Porphyromonas,0,5768
"[1670.3, 1707.0375]",Veillonella,0,5769
"[1669.322033898305, 999.9661016949152]",Treponema,0,5771
"[1681.0836120401339, 1099.732441471572]",Prevotella,0,5772
"[1672.15, 485.875]",Fusobacterium,0,5773
"[1673.10162601626, 586.5853658536586]",Corynebacterium,0,5774
"[1671.920792079208, 891.990099009901]",Leptotrichia,0,5775
"[1670.7154471544716, 1347.2439024390244]",Leptotrichia,0,5777
"[1670.5072463768115, 1518.4492753623188]",Veillonella,0,5779
"[1676.6010928961748, 698.3661202185792]",Streptococcus,0,5780
"[1672.4, 745.0705882352942]",Streptococcus,0,5781
"[1671.5882352941176, 1263.7941176470588]",Selenomonas,0,5782
"[1670.736111111111, 1364.236111111111]",Treponema,0,5783
"[1675.9304812834225, 462.7754010695187]",Rothia,0,5785
"[1672.2368421052631, 533.6447368421053]",Corynebacterium,0,5786
"[1673.8426966292134, 829.2808988764045]",Leptotrichia,0,5787
"[1672.546511627907, 985.7325581395348]",Fusobacterium,0,5788
"[1676.155172413793, 1681.9597701149426]",Porphyromonas,0,5790
"[1674.9065420560748, 332.8878504672897]",Corynebacterium,0,5791
"[1674.551282051282, 1537.0897435897436]",Selenomonas,0,5792
"[1674.1166666666666, 281.89166666666665]",Corynebacterium,0,5793
"[1676.9029126213593, 351.0]",Corynebacterium,0,5794
"[1677.2631578947369, 553.6315789473684]",Corynebacterium,0,5795
"[1676.3636363636363, 788.00826446281]",Leptotrichia,0,5796
"[1676.3306451612902, 811.3951612903226]",Leptotrichia,0,5797
"[1675.8558139534885, 944.8465116279069]",Leptotrichia,0,5798
"[1673.9019607843138, 1324.0980392156862]",Leptotrichia,0,5800
"[1678.547619047619, 296.7142857142857]",Corynebacterium,0,5801
"[1676.4921875, 369.8515625]",Corynebacterium,0,5802
"[1675.25, 1240.9]",Treponema,0,5805
"[1674.2068965517242, 1479.603448275862]",Selenomonas,0,5806
"[1677.7734375, 1635.8359375]",Leptotrichia,0,5807
"[1675.8591549295775, 521.8591549295775]",Corynebacterium,0,5808
"[1675.5882352941176, 1139.6470588235295]",Porphyromonas,0,5809
"[1677.5759493670887, 1298.2088607594937]",Leptotrichia,0,5811
"[1675.5714285714287, 1448.967032967033]",Veillonella,0,5813
"[1675.2363636363636, 1663.8909090909092]",Porphyromonas,0,5815
"[1674.4307692307693, 1732.2923076923078]",Selenomonas,0,5816
"[1675.953125, 1765.40625]",Rothia,0,5817
"[1680.2711864406779, 968.8898305084746]",TM7,0,5819
"[1677.6445497630332, 1029.2417061611375]",Prevotella,0,5820
"[1678.235294117647, 1186.264705882353]",Prevotella,0,5822
"[1680.5934065934066, 400.38461538461536]",Corynebacterium,0,5823
"[1677.9906542056074, 1396.6822429906542]",Porphyromonas,0,5824
"[1677.4, 1563.64]",Corynebacterium,0,5825
"[1682.3059701492537, 384.47014925373134]",Corynebacterium,0,5826
"[1689.5415019762845, 505.87351778656125]",Corynebacterium,0,5827
"[1682.5389221556886, 641.5508982035929]",Leptotrichia,0,5828
"[1686.6506550218342, 755.3362445414847]",Leptotrichia,0,5829
"[1680.1780821917807, 914.8630136986301]",Leptotrichia,0,5831
"[1680.8695652173913, 1432.9891304347825]",Selenomonas,0,5833
"[1679.6666666666667, 1701.142857142857]",Porphyromonas,0,5834
"[1679.1805555555557, 1052.9305555555557]",Prevotella,0,5835
"[1680.8, 603.5]",Lautropia,0,5836
"[1683.4, 661.944]",Leptotrichia,0,5837
"[1686.9775280898875, 926.9887640449438]",Fusobacterium,0,5838
"[1685.8461538461538, 1164.7769230769231]",Actinomyces,0,5839
"[1681.9, 1252.88]",Veillonella,0,5841
"[1686.6598639455783, 1264.9863945578231]",Selenomonas,0,5842
"[1683.28125, 1528.359375]",Selenomonas,0,5843
"[1688.8653846153845, 1617.389423076923]",Porphyromonas,0,5844
"[1687.0469798657718, 1715.1342281879195]",Prevotella,0,5845
"[1683.8206896551724, 1003.0413793103448]",Porphyromonas,0,5846
"[1686.5, 1312.2659574468084]",TM7,0,5847
"[1685.6274509803923, 1365.124183006536]",Porphyromonas,0,5848
"[1682.7065217391305, 897.6304347826087]",Leptotrichia,0,5849
"[1683.9125, 1065.4125]",Prevotella,0,5850
"[1685.1744186046512, 1569.1046511627908]",Selenomonas,0,5854
"[1690.3261802575107, 303.5793991416309]",Corynebacterium,0,5855
"[1686.6666666666667, 1281.655172413793]",Porphyromonas,0,5856
"[1690.5298013245033, 1766.549668874172]",Rothia,0,5858
"[1686.75, 1131.5760869565217]",Streptococcus,0,5860
"[1685.7931034482758, 1487.816091954023]",Selenomonas,0,5861
"[1685.3508771929824, 524.438596491228]",Corynebacterium,0,5862
"[1690.622641509434, 910.8018867924528]",Leptotrichia,0,5863
"[1687.64, 982.98]",Selenomonas,0,5864
"[1686.774193548387, 1654.016129032258]",Veillonella,0,5865
"[1687.4494382022472, 1734.8651685393259]",Selenomonas,0,5866
"[1686.4905660377358, 410.0566037735849]",Corynebacterium,0,5867
"[1695.1358490566038, 622.3924528301886]",Prevotella,0,5869
"[1691.8765432098764, 676.9074074074074]",Actinomyces,0,5870
"[1687.5764705882352, 727.8]",Streptococcus,0,5871
"[1686.32, 1213.84]",Fusobacterium,0,5872
"[1687.5094339622642, 1241.4905660377358]",Porphyromonas,0,5873
"[1687.2096774193549, 1348.8709677419354]",Porphyromonas,0,5874
"[1689.1367521367522, 1470.957264957265]",Corynebacterium,0,5875
"[1687.150684931507, 1551.5616438356165]",Corynebacterium,0,5876
"[1689.5735294117646, 1810.3382352941176]",Porphyromonas,0,5877
"[1688.4705882352941, 531.5686274509804]",Corynebacterium,0,5878
"[1689.1477272727273, 1195.75]",Actinomyces,0,5879
"[1690.2016806722688, 1403.4621848739496]",Porphyromonas,0,5880
"[1689.8595041322315, 1453.9586776859503]",Veillonella,0,5881
"[1688.3291139240507, 1592.4556962025317]",Porphyromonas,0,5883
"[1690.5897435897436, 1667.6581196581196]",Neisseriaceae,0,5884
"[1693.0805369127518, 1692.255033557047]",Rothia,0,5885
"[1694.8628571428571, 484.90285714285716]",Corynebacterium,0,5886
"[1689.578125, 1227.953125]",Porphyromonas,0,5888
"[1694.6284403669724, 438.13761467889907]",Corynebacterium,0,5889
"[1694.7222222222222, 569.7521367521367]",Corynebacterium,0,5890
"[1690.3157894736842, 791.8842105263158]",Leptotrichia,0,5891
"[1690.963768115942, 826.7028985507246]",Leptotrichia,0,5892
"[1696.783950617284, 943.7407407407408]",Leptotrichia,0,5893
"[1694.137254901961, 1072.4607843137255]",Rothia,0,5894
"[1693.8477157360405, 1331.2994923857868]",Leptotrichia,0,5895
"[1689.22, 1380.96]",Selenomonas,0,5896
"[1690.1884057971015, 1507.7246376811595]",Capnocytophaga,0,5897
"[1694.9057971014493, 341.6014492753623]",Leptotrichia,0,5898
"[1700.689138576779, 774.8389513108614]",Leptotrichia,0,5899
"[1691.2083333333333, 1028.4722222222222]",Rothia,0,5900
"[1691.0, 1041.8725490196077]",Rothia,0,5901
"[1693.3902439024391, 1179.0]",Rothia,0,5902
"[1696.15625, 1425.50625]",Selenomonas,0,5903
"[1693.0727272727272, 1441.581818181818]",Corynebacterium,0,5904
"[1694.729411764706, 1788.9823529411765]",Streptococcus,0,5905
"[1695.1757575757576, 592.5636363636364]",Streptococcus,0,5906
"[1694.7265625, 693.8046875]",Leptotrichia,0,5907
"[1694.7966101694915, 713.6779661016949]",Leptotrichia,0,5908
"[1694.364238410596, 362.49668874172187]",Corynebacterium,0,5909
"[1701.5210526315789, 552.6789473684211]",Pasteurellaceae,0,5910
"[1692.1636363636364, 1292.0727272727272]",Porphyromonas,0,5911
"[1698.581818181818, 816.7]",Leptotrichia,0,5912
"[1697.9586776859503, 860.801652892562]",Leptotrichia,0,5913
"[1702.049180327869, 956.639344262295]",Leptotrichia,0,5914
"[1693.4935064935064, 1056.974025974026]",Rothia,0,5916
"[1695.6494845360826, 1538.2164948453608]",Selenomonas,0,5917
"[1698.723404255319, 382.50354609929076]",Corynebacterium,0,5918
"[1697.4901960784314, 1645.735294117647]",Porphyromonas,0,5920
"[1699.5447154471544, 1728.3739837398373]",Prevotella,0,5921
"[1701.0752688172042, 1125.6451612903227]",Porphyromonas,0,5922
"[1698.9859154929577, 1305.0]",Selenomonas,0,5923
"[1697.90625, 1562.15625]",Corynebacterium,0,5924
"[1699.1136363636363, 409.8939393939394]",Pasteurellaceae,0,5925
"[1698.6612903225807, 464.5806451612903]",Corynebacterium,0,5926
"[1705.41452991453, 535.6666666666666]",Corynebacterium,0,5927
"[1702.08, 1168.024]",Actinomyces,0,5928
"[1697.6022727272727, 1216.7045454545455]",Porphyromonas,0,5929
"[1704.241134751773, 1407.645390070922]",Porphyromonas,0,5931
"[1699.8783783783783, 1575.2432432432433]",Selenomonas,0,5932
"[1702.0727272727272, 308.5090909090909]",Corynebacterium,0,5933
"[1699.3164556962026, 876.7594936708861]",Leptotrichia,0,5934
"[1704.7101449275362, 1140.9710144927535]",Porphyromonas,0,5935
"[1700.5511811023623, 1355.3543307086613]",Leptotrichia,0,5936
"[1698.6944444444443, 640.7222222222222]",Prevotella,0,5938
"[1705.4878048780488, 650.6016260162602]",Rothia,0,5939
"[1703.225806451613, 733.2]",Leptotrichia,0,5940
"[1708.1945525291828, 837.0739299610894]",Leptotrichia,0,5941
"[1702.8608695652174, 893.304347826087]",Leptotrichia,0,5942
"[1699.8202247191011, 1094.5168539325844]",Rothia,0,5943
"[1700.3666666666666, 1599.05]",Porphyromonas,0,5944
"[1703.787610619469, 928.5840707964602]",TM7,0,5945
"[1701.3333333333333, 1011.89898989899]",Leptotrichia,0,5946
"[1700.1538461538462, 1279.1538461538462]",Fusobacterium,0,5947
"[1702.1688311688313, 1392.6623376623377]",Porphyromonas,0,5949
"[1700.5365853658536, 1524.621951219512]",Capnocytophaga,0,5950
"[1700.45, 990.6]",Veillonella,0,5951
"[1710.7510204081632, 1197.2979591836734]",Actinomyces,0,5952
"[1705.287356321839, 1259.83908045977]",Selenomonas,0,5953
"[1702.158536585366, 1623.9878048780488]",Selenomonas,0,5955
"[1705.4153005464482, 797.7978142076503]",Leptotrichia,0,5957
"[1712.994708994709, 982.2116402116402]",Selenomonas,0,5958
"[1704.173076923077, 1229.5673076923076]",Porphyromonas,0,5959
"[1705.4, 1317.4571428571428]",Selenomonas,0,5960
"[1702.1411764705883, 1459.129411764706]",Fusobacterium,0,5961
"[1703.7101449275362, 1712.7246376811595]",Prevotella,0,5963
"[1705.129411764706, 910.6705882352941]",Leptotrichia,0,5964
"[1703.078431372549, 1288.686274509804]",Selenomonas,0,5965
"[1706.4444444444443, 1634.7142857142858]",Selenomonas,0,5966
"[1705.7302631578948, 1811.3486842105262]",Porphyromonas,0,5967
"[1712.6896551724137, 1111.6053639846743]",Prevotella,0,5968
"[1708.3428571428572, 1447.0285714285715]",Selenomonas,0,5970
"[1705.2407407407406, 1476.9814814814815]",Corynebacterium,0,5971
"[1705.9622641509434, 1531.8301886792453]",Selenomonas,0,5972
"[1707.6704545454545, 1700.2045454545455]",Rothia,0,5973
"[1706.4333333333334, 372.5]",Corynebacterium,0,5974
"[1709.7314814814815, 697.3425925925926]",Gemella,0,5975
"[1715.2138364779873, 1379.8364779874214]",Streptococcus,0,5977
"[1706.5849056603774, 1497.6037735849056]",Selenomonas,0,5978
"[1708.79797979798, 1658.111111111111]",Veillonella,0,5979
"[1708.3108108108108, 399.4594594594595]",Corynebacterium,0,5980
"[1706.7368421052631, 449.0877192982456]",Corynebacterium,0,5981
"[1711.0, 495.5833333333333]",Corynebacterium,0,5982
"[1713.708108108108, 1023.6216216216217]",Pasteurellaceae,0,5983
"[1708.108695652174, 1776.5]",Streptococcus,0,5984
"[1712.4960317460318, 671.2063492063492]",Actinomyces,0,5985
"[1710.142857142857, 1345.8690476190477]",Treponema,0,5986
"[1710.3473684210526, 431.6736842105263]",Corynebacterium,0,5987
"[1713.7383177570093, 811.0560747663551]",Leptotrichia,0,5989
"[1711.8214285714287, 1181.6309523809523]",Rothia,0,5990
"[1712.7882352941176, 994.7764705882353]",Veillonella,0,5992
"[1715.5961538461538, 1057.9663461538462]",Selenomonas,0,5993
"[1711.4831460674156, 1555.1011235955057]",Selenomonas,0,5994
"[1714.079754601227, 357.77914110429447]",Veillonella,0,5996
"[1715.0, 458.14649681528664]",Corynebacterium,0,5997
"[1711.8991596638655, 1216.0840336134454]",Porphyromonas,0,5999
"[1711.5283018867924, 1680.754716981132]",Prevotella,0,6000
"[1710.4363636363637, 1723.6363636363637]",Prevotella,0,6001
"[1714.6016949152543, 1796.2796610169491]",Leptotrichia,0,6002
"[1712.196261682243, 515.018691588785]",Corynebacterium,0,6003
"[1717.1284403669724, 574.454128440367]",Prevotella,0,6004
"[1712.0677966101696, 1084.4406779661017]",Selenomonas,0,6006
"[1711.8529411764705, 1246.1176470588234]",Porphyromonas,0,6007
"[1713.4, 1473.9066666666668]",Selenomonas,0,6008
"[1712.313253012048, 1520.3614457831325]",Capnocytophaga,0,6009
"[1712.2051282051282, 1596.2692307692307]",Selenomonas,0,6010
"[1713.2222222222222, 1439.2698412698412]",Fusobacterium,0,6012
"[1722.1063122923588, 341.0797342192691]",Gemella,0,6015
"[1720.7304347826087, 477.9782608695652]",Corynebacterium,0,6016
"[1715.7657657657658, 711.5855855855856]",Leptotrichia,0,6017
"[1719.67, 933.25]",Veillonella,0,6018
"[1718.0944881889764, 1165.6929133858268]",Actinomyces,0,6019
"[1715.0169491525423, 1489.1525423728813]",Selenomonas,0,6021
"[1714.3092783505156, 1581.1443298969073]",Selenomonas,0,6022
"[1715.3272727272727, 599.4363636363636]",TM7,0,6023
"[1718.056, 879.4]",Leptotrichia,0,6024
"[1723.0601092896175, 903.3224043715848]",Leptotrichia,0,6025
"[1720.2368421052631, 949.6842105263158]",Leptotrichia,0,6026
"[1715.014705882353, 1360.5735294117646]",Streptococcus,0,6027
"[1715.5, 1507.0882352941176]",Selenomonas,0,6028
"[1716.6724137931035, 409.3965517241379]",Corynebacterium,0,6029
"[1716.925, 737.3625]",Leptotrichia,0,6030
"[1716.5657894736842, 1290.8552631578948]",Porphyromonas,0,6031
"[1720.8947368421052, 1338.9473684210527]",Porphyromonas,0,6032
"[1721.2248062015503, 1423.5581395348838]",Porphyromonas,0,6033
"[1718.414814814815, 1540.6666666666667]",Corynebacterium,0,6034
"[1716.1785714285713, 633.75]",Rothia,0,6035
"[1722.664864864865, 1667.6864864864865]",Veillonella,0,6036
"[1721.0082644628098, 769.4462809917355]",Leptotrichia,0,6038
"[1718.6326530612246, 856.4183673469388]",Leptotrichia,0,6039
"[1720.8809523809523, 1003.5873015873016]",Capnocytophaga,0,6040
"[1718.6494845360826, 1038.2886597938145]",Corynebacterium,0,6041
"[1717.7333333333333, 1234.3]",Selenomonas,0,6042
"[1718.3544303797469, 1733.5316455696202]",Prevotella,0,6044
"[1721.4709302325582, 385.1279069767442]",Corynebacterium,0,6045
"[1727.1531531531532, 920.4414414414415]",Leptotrichia,0,6046
"[1718.625, 1137.0714285714287]",Actinomyces,0,6047
"[1719.5795454545455, 1455.534090909091]",Veillonella,0,6048
"[1722.8988764044943, 1610.5168539325844]",Corynebacterium,0,6049
"[1725.593607305936, 1692.37899543379]",Actinomyces,0,6050
"[1728.1555555555556, 630.9714285714285]",Leptotrichia,0,6051
"[1720.9, 1308.0125]",Porphyromonas,0,6052
"[1721.5530726256984, 1632.0558659217877]",Selenomonas,0,6053
"[1722.5529411764705, 608.1647058823529]",TM7,0,6054
"[1722.0714285714287, 968.0428571428571]",Pasteurellaceae,0,6055
"[1721.1929824561403, 1269.4736842105262]",Porphyromonas,0,6058
"[1723.764705882353, 1405.875]",Porphyromonas,0,6059
"[1721.5473684210526, 1753.3368421052633]",Prevotella,0,6060
"[1729.2485875706216, 750.5649717514125]",Leptotrichia,0,6061
"[1722.8333333333333, 1074.5588235294117]",Corynebacterium,0,6062
"[1723.4666666666667, 416.88]",Corynebacterium,0,6065
"[1723.7105263157894, 526.9605263157895]",Corynebacterium,0,6066
"[1731.6470588235295, 826.1]",Leptotrichia,0,6067
"[1730.9269406392693, 433.9680365296804]",Corynebacterium,0,6068
"[1728.7641509433963, 557.188679245283]",Pasteurellaceae,0,6069
"[1725.4117647058824, 681.4033613445379]",Rothia,0,6070
"[1724.1, 1091.45]",Selenomonas,0,6071
"[1727.1666666666667, 727.3070175438596]",Leptotrichia,0,6073
"[1727.9321266968325, 782.3212669683257]",Leptotrichia,0,6074
"[1726.5824175824175, 1247.043956043956]",Porphyromonas,0,6075
"[1730.542105263158, 1315.7368421052631]",Porphyromonas,0,6076
"[1727.4380952380952, 1355.7904761904763]",Actinomyces,0,6077
"[1725.7384615384615, 1484.1076923076923]",Selenomonas,0,6078
"[1726.2424242424242, 1529.2727272727273]",Corynebacterium,0,6080
"[1727.5032679738563, 1561.6601307189542]",Selenomonas,0,6081
"[1731.045197740113, 512.5197740112994]",Corynebacterium,0,6082
"[1725.5225225225224, 588.6666666666666]",Rothia,0,6083
"[1731.437908496732, 1645.1503267973856]",Corynebacterium,0,6085
"[1733.7453703703704, 493.375]",Corynebacterium,0,6086
"[1732.9606741573034, 1023.0056179775281]",Leptotrichia,0,6087
"[1732.6876876876877, 1206.4624624624626]",Porphyromonas,0,6088
"[1729.4761904761904, 1712.5374149659865]",Prevotella,0,6091
"[1728.5735294117646, 697.0294117647059]",Leptotrichia,0,6092
"[1729.2545454545455, 867.4909090909091]",Leptotrichia,0,6093
"[1728.6025641025642, 1176.9615384615386]",Prevotella,0,6094
"[1729.25, 1457.482142857143]",Fusobacterium,0,6096
"[1729.3, 1586.64]",Treponema,0,6097
"[1730.1443298969073, 542.7628865979382]",Leptotrichia,0,6099
"[1747.2328159645233, 659.7427937915743]",Leptotrichia,0,6100
"[1730.0172413793102, 1059.1206896551723]",Selenomonas,0,6101
"[1729.3194444444443, 1111.3194444444443]",Fusobacterium,0,6102
"[1728.7241379310344, 1807.2068965517242]",Fusobacterium,0,6103
"[1731.4942528735633, 1335.2528735632184]",Porphyromonas,0,6105
"[1732.3846153846155, 1473.5288461538462]",TM7,0,6106
"[1729.892857142857, 454.42857142857144]",Corynebacterium,0,6107
"[1733.0285714285715, 1286.4571428571428]",Porphyromonas,0,6108
"[1733.1439393939395, 1765.3030303030303]",Rothia,0,6109
"[1734.0089285714287, 326.49107142857144]",Streptococcus,0,6110
"[1731.5339805825242, 400.3203883495146]",Corynebacterium,0,6111
"[1741.847619047619, 642.3714285714286]",Rothia,0,6112
"[1732.2413793103449, 1279.4655172413793]",Porphyromonas,0,6115
"[1734.1633986928105, 1390.2614379084966]",Porphyromonas,0,6116
"[1739.5806451612902, 1447.1814516129032]",Porphyromonas,0,6117
"[1733.990476190476, 710.7142857142857]",Leptotrichia,0,6118
"[1735.2307692307693, 804.376923076923]",Leptotrichia,0,6119
"[1733.6211180124224, 851.6583850931677]",Leptotrichia,0,6120
"[1735.5657894736842, 1070.078947368421]",Selenomonas,0,6121
"[1732.8815789473683, 1124.1184210526317]",Porphyromonas,0,6122
"[1733.578947368421, 1258.2456140350878]",Porphyromonas,0,6124
"[1736.340206185567, 1520.8144329896907]",Selenomonas,0,6126
"[1734.43, 1738.62]",Lautropia,0,6127
"[1738.134328358209, 937.6343283582089]",TM7,0,6128
"[1733.9411764705883, 1428.4117647058824]",Porphyromonas,0,6129
"[1738.34375, 1780.0520833333333]",Rothia,0,6130
"[1734.8235294117646, 575.3882352941176]",Rothia,0,6131
"[1736.7372881355932, 956.1271186440678]",Corynebacterium,0,6132
"[1735.4022988505747, 1002.183908045977]",Fusobacterium,0,6133
"[1739.2010869565217, 982.1195652173913]",Treponema,0,6134
"[1736.8827160493827, 1143.9074074074074]",Actinomyces,0,6135
"[1735.7666666666667, 1267.1666666666667]",Porphyromonas,0,6136
"[1744.8534031413612, 1654.5916230366493]",Capnocytophaga,0,6139
"[1736.6333333333334, 1796.3]",Fusobacterium,0,6140
"[1745.0224719101125, 370.03370786516854]",Leptotrichia,0,6141
"[1737.7464788732395, 416.80281690140845]",Corynebacterium,0,6142
"[1745.1674008810573, 878.7180616740088]",Leptotrichia,0,6144
"[1739.03125, 1177.2708333333333]",Prevotella,0,6146
"[1737.593220338983, 471.9491525423729]",Corynebacterium,0,6147
"[1738.6138613861385, 1086.0594059405942]",Corynebacterium,0,6149
"[1740.351145038168, 1412.1526717557251]",Porphyromonas,0,6150
"[1739.0336134453783, 1542.2857142857142]",Corynebacterium,0,6151
"[1741.3976608187133, 597.6783625730994]",Corynebacterium,0,6152
"[1738.3050847457628, 1223.7457627118645]",Neisseriaceae,0,6153
"[1743.3469387755101, 349.7040816326531]",Pasteurellaceae,0,6154
"[1744.4742268041236, 686.4020618556701]",Leptotrichia,0,6156
"[1747.822966507177, 1031.9186602870814]",Veillonella,0,6157
"[1741.3070175438597, 1491.561403508772]",Porphyromonas,0,6158
"[1742.659574468085, 1627.3510638297873]",Selenomonas,0,6159
"[1742.111111111111, 386.9382716049383]",Leptotrichia,0,6160
"[1745.0232558139535, 449.0387596899225]",Corynebacterium,0,6161
"[1745.5033112582782, 747.384105960265]",Leptotrichia,0,6162
"[1740.9298245614036, 785.561403508772]",Leptotrichia,0,6163
"[1753.9125364431486, 923.201166180758]",Leptotrichia,0,6164
"[1748.2558139534883, 1160.8662790697674]",Actinomyces,0,6165
"[1739.8947368421052, 1351.421052631579]",Actinomyces,0,6166
"[1742.8588235294117, 1600.2]",Selenomonas,0,6167
"[1743.268817204301, 731.2795698924731]",Leptotrichia,0,6168
"[1741.9615384615386, 1062.2884615384614]",Selenomonas,0,6169
"[1744.3283582089553, 532.9850746268656]",Corynebacterium,0,6170
"[1750.5654205607477, 1191.4532710280373]",Prevotella,0,6172
"[1745.1234567901236, 1557.8271604938273]",Selenomonas,0,6173
"[1742.9130434782608, 1571.8260869565217]",Corynebacterium,0,6174
"[1746.9263157894736, 613.578947368421]",Leptotrichia,0,6176
"[1745.351851851852, 1077.7407407407406]",Corynebacterium,0,6177
"[1743.857142857143, 1121.2597402597403]",TM7,0,6178
"[1746.8943089430895, 1299.7235772357724]",Porphyromonas,0,6179
"[1744.1855670103093, 1365.7835051546392]",Porphyromonas,0,6180
"[1743.8333333333333, 1688.0384615384614]",Veillonella,0,6181
"[1746.406779661017, 1722.5]",Rothia,0,6182
"[1747.5526315789473, 405.6578947368421]",Corynebacterium,0,6183
"[1748.483606557377, 960.1639344262295]",Corynebacterium,0,6184
"[1745.2441860465117, 1251.2209302325582]",Actinomyces,0,6185
"[1745.96875, 1320.8020833333333]",Actinomyces,0,6186
"[1746.2666666666667, 1516.1466666666668]",Selenomonas,0,6187
"[1745.2, 320.2]",Leptotrichia,0,6188
"[1748.5737704918033, 548.5]",Leptotrichia,0,6189
"[1748.4310344827586, 837.8275862068965]",Leptotrichia,0,6190
"[1746.1617647058824, 1238.2205882352941]",Porphyromonas,0,6191
"[1748.957627118644, 1342.7457627118645]",Actinomyces,0,6192
"[1748.6172839506173, 1613.3333333333333]",Capnocytophaga,0,6193
"[1747.095238095238, 337.73015873015873]",Corynebacterium,0,6194
"[1748.0363636363636, 468.3363636363636]",Corynebacterium,0,6195
"[1750.4565217391305, 517.7282608695652]",Corynebacterium,0,6196
"[1747.9154929577464, 578.6056338028169]",Pasteurellaceae,0,6197
"[1746.6534653465346, 1427.1584158415842]",Porphyromonas,0,6198
"[1747.774193548387, 1740.8225806451612]",Porphyromonas,0,6199
"[1751.8060606060606, 1757.9939393939394]",Prevotella,0,6200
"[1749.611111111111, 428.6296296296296]",Corynebacterium,0,6202
"[1748.407894736842, 813.3157894736842]",Leptotrichia,0,6203
"[1749.2075471698113, 1099.5188679245282]",Selenomonas,0,6205
"[1751.392857142857, 1376.267857142857]",Porphyromonas,0,6206
"[1749.0759493670887, 1701.4810126582279]",Actinomyces,0,6207
"[1751.6829268292684, 1000.3536585365854]",Corynebacterium,0,6208
"[1748.6849315068494, 1212.3698630136987]",Actinomyces,0,6209
"[1760.8648648648648, 1495.8486486486486]",Porphyromonas,0,6211
"[1748.7285714285715, 1538.3714285714286]",Selenomonas,0,6212
"[1754.8970588235295, 499.2720588235294]",Corynebacterium,0,6214
"[1751.920792079208, 786.5049504950495]",Leptotrichia,0,6215
"[1752.6, 1482.9733333333334]",Actinomyces,0,6216
"[1753.3734939759036, 624.6626506024096]",Leptotrichia,0,6217
"[1752.4761904761904, 944.7619047619048]",Corynebacterium,0,6218
"[1751.7625, 1047.05]",Pasteurellaceae,0,6220
"[1752.2876712328766, 1393.4794520547946]",Porphyromonas,0,6221
"[1762.8739837398373, 1454.89837398374]",Actinomyces,0,6222
"[1751.7155963302753, 1582.7155963302753]",Selenomonas,0,6223
"[1753.7105263157894, 1787.1118421052631]",Capnocytophaga,0,6224
"[1750.6470588235295, 415.1372549019608]",Corynebacterium,0,6225
"[1754.4471544715448, 564.0650406504066]",Leptotrichia,0,6226
"[1754.7558139534883, 772.4418604651163]",Leptotrichia,0,6227
"[1755.171717171717, 1065.020202020202]",Corynebacterium,0,6228
"[1752.2704918032787, 1138.0983606557377]",Fusobacterium,0,6229
"[1751.0597014925372, 1633.3880597014925]",Corynebacterium,0,6230
"[1752.0196078431372, 1677.8235294117646]",Fusobacterium,0,6232
"[1755.2307692307693, 701.1978021978022]",Leptotrichia,0,6233
"[1757.3333333333333, 897.7960199004975]",Leptotrichia,0,6234
"[1760.219298245614, 1013.859649122807]",Veillonella,0,6235
"[1754.3030303030303, 1527.030303030303]",Veillonella,0,6236
"[1755.465909090909, 482.2386363636364]",Corynebacterium,0,6238
"[1758.4166666666667, 1109.9722222222222]",TM7,0,6240
"[1761.3620689655172, 1174.7413793103449]",Rothia,0,6241
"[1754.2058823529412, 1225.8970588235295]",Neisseriaceae,0,6242
"[1758.3586206896553, 1256.5241379310344]",Actinomyces,0,6243
"[1755.3166666666666, 1509.4]",Fusobacterium,0,6244
"[1759.156462585034, 303.8503401360544]",Veillonella,0,6246
"[1755.7209302325582, 717.2325581395348]",Leptotrichia,0,6248
"[1759.7272727272727, 1605.5636363636363]",Veillonella,0,6249
"[1758.6868686868686, 399.73737373737373]",Corynebacterium,0,6250
"[1760.6090909090908, 802.3818181818182]",Leptotrichia,0,6251
"[1767.4224137931035, 967.1637931034483]",Corynebacterium,0,6252
"[1761.3863636363637, 1237.5227272727273]",Rothia,0,6253
"[1762.9921875, 1274.90234375]",Streptococcus,0,6254
"[1757.4655172413793, 1357.4137931034484]",Actinomyces,0,6255
"[1756.2142857142858, 1707.1904761904761]",Actinomyces,0,6256
"[1758.5877192982457, 352.859649122807]",Pasteurellaceae,0,6257
"[1758.6896551724137, 438.2068965517241]",Corynebacterium,0,6258
"[1756.6714285714286, 1083.3857142857144]",Corynebacterium,0,6259
"[1759.328125, 1406.3984375]",Streptococcus,0,6260
"[1761.104761904762, 1433.2571428571428]",Actinomyces,0,6261
"[1758.4794520547946, 320.4246575342466]",TM7,0,6263
"[1766.6625514403293, 333.8888888888889]",Corynebacterium,0,6264
"[1761.6306306306305, 603.5495495495495]",Leptotrichia,0,6265
"[1761.0625, 1214.40625]",Actinomyces,0,6266
"[1760.1052631578948, 1803.2631578947369]",Selenomonas,0,6267
"[1762.8292682926829, 586.7479674796748]",Leptotrichia,0,6268
"[1761.1311475409836, 821.9590163934427]",Leptotrichia,0,6269
"[1761.7362637362637, 981.6043956043956]",Corynebacterium,0,6271
"[1771.7536764705883, 1138.6470588235295]",TM7,0,6272
"[1765.1150442477876, 1305.6725663716813]",Porphyromonas,0,6273
"[1764.55223880597, 1322.0547263681592]",Porphyromonas,0,6274
"[1764.7445255474452, 1669.3868613138686]",Fusobacterium,0,6276
"[1759.4342105263158, 1731.4736842105262]",Rothia,0,6277
"[1762.1875, 411.28125]",Corynebacterium,0,6278
"[1763.0277777777778, 1688.2685185185185]",Actinomyces,0,6279
"[1762.344827586207, 949.2873563218391]",Pasteurellaceae,0,6280
"[1763.628205128205, 1122.4102564102564]",Corynebacterium,0,6281
"[1764.1323529411766, 1596.4264705882354]",Neisseriaceae,0,6283
"[1761.566037735849, 1630.188679245283]",Fusobacterium,0,6284
"[1770.0186335403728, 1746.807453416149]",Actinomyces,0,6285
"[1764.8823529411766, 377.52941176470586]",Capnocytophaga,0,6286
"[1762.8474576271187, 533.2033898305085]",Corynebacterium,0,6288
"[1763.3870967741937, 1058.1612903225807]",Corynebacterium,0,6290
"[1763.84, 1391.1]",Streptococcus,0,6291
"[1766.515873015873, 1769.1825396825398]",Prevotella,0,6293
"[1770.4964539007092, 419.12056737588654]",Corynebacterium,0,6294
"[1763.7058823529412, 458.11764705882354]",Corynebacterium,0,6295
"[1765.9655172413793, 633.2298850574713]",Leptotrichia,0,6296
"[1765.234375, 672.59375]",Leptotrichia,0,6297
"[1764.0377358490566, 882.9811320754717]",Leptotrichia,0,6298
"[1765.0857142857142, 1295.1571428571428]",Porphyromonas,0,6300
"[1763.927536231884, 1648.8840579710145]",Corynebacterium,0,6301
"[1766.8, 570.675]",Leptotrichia,0,6302
"[1765.6847826086957, 728.6304347826087]",Leptotrichia,0,6303
"[1765.0923076923077, 1479.4307692307693]",Actinomyces,0,6304
"[1766.5671641791046, 489.5223880597015]",Corynebacterium,0,6305
"[1767.8809523809523, 745.1904761904761]",Leptotrichia,0,6306
"[1770.783439490446, 908.5605095541401]",Leptotrichia,0,6307
"[1769.449152542373, 1509.542372881356]",Actinomyces,0,6308
"[1769.298969072165, 517.5876288659794]",Corynebacterium,0,6309
"[1768.6304347826087, 869.0217391304348]",Leptotrichia,0,6310
"[1771.508982035928, 1070.6047904191616]",Corynebacterium,0,6311
"[1766.4807692307693, 1097.3653846153845]",Corynebacterium,0,6312
"[1770.2027972027972, 1376.4825174825176]",Leptotrichia,0,6313
"[1767.0533333333333, 1533.32]",Selenomonas,0,6314
"[1771.639344262295, 1717.77868852459]",Rothia,0,6315
"[1771.796875, 543.66796875]",Corynebacterium,0,6316
"[1769.6703296703297, 765.934065934066]",Leptotrichia,0,6317
"[1772.3108108108108, 830.0067567567568]",Leptotrichia,0,6318
"[1770.7631578947369, 1346.092105263158]",Actinomyces,0,6319
"[1769.9240506329113, 1419.4177215189873]",Porphyromonas,0,6320
"[1768.7521367521367, 1568.025641025641]",Porphyromonas,0,6321
"[1769.3142857142857, 300.6714285714286]",Leptotrichia,0,6322
"[1770.752380952381, 615.4666666666667]",Leptotrichia,0,6323
"[1771.978021978022, 755.021978021978]",Leptotrichia,0,6324
"[1770.2469135802469, 1191.5925925925926]",Actinomyces,0,6325
"[1769.6142857142856, 1219.1714285714286]",Actinomyces,0,6326
"[1773.2752293577983, 1359.4587155963302]",Actinomyces,0,6327
"[1769.25, 1638.340909090909]",Fusobacterium,0,6328
"[1772.597014925373, 500.04477611940297]",Corynebacterium,0,6329
"[1774.496, 997.952]",Pasteurellaceae,0,6330
"[1775.3115577889448, 473.64824120603015]",Corynebacterium,0,6332
"[1773.5, 1020.5405405405405]",Lautropia,0,6333
"[1772.6538461538462, 1662.4384615384615]",Selenomonas,0,6334
"[1774.1797752808989, 1051.4157303370787]",Veillonella,0,6336
"[1773.3565217391304, 1245.8434782608695]",Rothia,0,6338
"[1784.1328671328672, 1441.9055944055945]",Actinomyces,0,6339
"[1774.7826086956522, 708.4057971014493]",Leptotrichia,0,6340
"[1775.2484848484848, 850.1151515151515]",Leptotrichia,0,6341
"[1775.6347826086956, 1550.408695652174]",Porphyromonas,0,6343
"[1773.1363636363637, 1584.3522727272727]",Veillonella,0,6344
"[1777.3372093023256, 1622.9883720930231]",Fusobacterium,0,6345
"[1782.185, 1698.205]",Rothia,0,6346
"[1776.9150326797385, 395.7908496732026]",Leptotrichia,0,6347
"[1776.2456140350878, 648.5964912280701]",Leptotrichia,0,6348
"[1777.9298245614036, 1202.438596491228]",Fusobacterium,0,6349
"[1776.8076923076924, 1481.5641025641025]",Actinomyces,0,6350
"[1781.0111731843576, 801.9329608938548]",Leptotrichia,0,6352
"[1781.9876543209878, 1332.3765432098764]",Actinomyces,0,6354
"[1776.388888888889, 1407.0925925925926]",Porphyromonas,0,6355
"[1783.5158371040725, 1729.764705882353]",Prevotella,0,6356
"[1779.426966292135, 354.87640449438203]",Corynebacterium,0,6357
"[1780.5217391304348, 589.6583850931677]",Leptotrichia,0,6358
"[1776.9803921568628, 789.3921568627451]",Leptotrichia,0,6359
"[1781.304347826087, 1494.5478260869565]",Porphyromonas,0,6360
"[1779.0992366412213, 1527.6946564885495]",Rothia,0,6361
"[1780.9532710280373, 315.7943925233645]",Veillonella,0,6362
"[1777.904761904762, 670.7619047619048]",Leptotrichia,0,6363
"[1780.811188811189, 729.9230769230769]",Leptotrichia,0,6364
"[1780.5123966942149, 945.1900826446281]",Leptotrichia,0,6365
"[1787.8842105263159, 1682.1263157894737]",Porphyromonas,0,6367
"[1779.6380952380953, 624.0095238095238]",Leptotrichia,0,6368
"[1779.2068965517242, 876.1896551724138]",Leptotrichia,0,6369
"[1783.8524590163934, 1090.4016393442623]",Corynebacterium,0,6370
"[1780.7851239669421, 1462.2892561983472]",Actinomyces,0,6371
"[1780.7761194029852, 505.35820895522386]",Corynebacterium,0,6372
"[1781.276595744681, 1122.8156028368794]",TM7,0,6373
"[1786.4725274725274, 1598.2967032967033]",Veillonella,0,6374
"[1782.0459770114942, 566.4252873563219]",Leptotrichia,0,6376
"[1785.8823529411766, 891.4]",Leptotrichia,0,6377
"[1786.3696969696969, 1189.7212121212121]",Porphyromonas,0,6378
"[1787.3352601156068, 1269.6589595375722]",Fusobacterium,0,6379
"[1790.9214659685863, 297.35602094240835]",Gemella,0,6380
"[1784.2844036697247, 443.7798165137615]",Streptococcus,0,6381
"[1783.357142857143, 1511.1714285714286]",Actinomyces,0,6384
"[1780.8181818181818, 1636.3484848484848]",Fusobacterium,0,6386
"[1788.4065934065934, 1779.0824175824175]",Streptococcus,0,6387
"[1794.073394495413, 398.74311926605503]",Leptotrichia,0,6388
"[1785.8, 523.5277777777778]",Corynebacterium,0,6389
"[1781.8153846153846, 772.4615384615385]",Leptotrichia,0,6390
"[1788.443661971831, 1223.4577464788733]",Actinomyces,0,6391
"[1786.4725274725274, 1292.7527472527472]",Porphyromonas,0,6392
"[1782.5301204819277, 1309.698795180723]",Porphyromonas,0,6393
"[1782.5535714285713, 1765.392857142857]",Actinomyces,0,6394
"[1789.4444444444443, 1804.2486772486773]",Streptococcus,0,6395
"[1784.0357142857142, 338.2738095238095]",Corynebacterium,0,6396
"[1786.142857142857, 374.8095238095238]",Corynebacterium,0,6397
"[1786.148148148148, 427.89629629629627]",Pasteurellaceae,0,6398
"[1786.8720930232557, 914.3604651162791]",Leptotrichia,0,6399
"[1786.148148148148, 1009.3333333333334]",Pasteurellaceae,0,6401
"[1784.7307692307693, 1051.3589743589744]",Veillonella,0,6402
"[1788.2235294117647, 1246.7235294117647]",Prevotella,0,6403
"[1785.2867132867134, 1421.7622377622379]",Actinomyces,0,6404
"[1784.1379310344828, 1662.655172413793]",Veillonella,0,6405
"[1794.2755102040817, 1567.6173469387754]",Actinomyces,0,6408
"[1790.03738317757, 661.9626168224299]",Leptotrichia,0,6409
"[1787.341463414634, 1074.0]",Corynebacterium,0,6410
"[1786.4615384615386, 1348.1692307692308]",Rothia,0,6411
"[1788.3461538461538, 1543.820512820513]",Neisseriaceae,0,6412
"[1785.16, 1579.9]",Actinomyces,0,6413
"[1789.8840579710145, 1613.144927536232]",Actinomyces,0,6414
"[1789.44, 1643.48]",Rothia,0,6415
"[1791.4045801526718, 361.7328244274809]",Corynebacterium,0,6416
"[1792.012658227848, 862.4303797468355]",Leptotrichia,0,6417
"[1792.0915492957747, 1362.6830985915492]",Actinomyces,0,6418
"[1787.621212121212, 543.4242424242424]",Corynebacterium,0,6419
"[1790.031847133758, 640.0191082802547]",Leptotrichia,0,6420
"[1790.2222222222222, 755.6565656565657]",Leptotrichia,0,6421
"[1791.524861878453, 821.585635359116]",Leptotrichia,0,6422
"[1796.084, 973.284]",Leptotrichia,0,6423
"[1791.723404255319, 1106.1808510638298]",Corynebacterium,0,6424
"[1798.8711656441717, 1397.361963190184]",Actinomyces,0,6425
"[1789.6901408450703, 1710.8732394366198]",Rothia,0,6427
"[1801.1477272727273, 1053.9772727272727]",Leptotrichia,0,6430
"[1793.0928571428572, 685.0357142857143]",Leptotrichia,0,6431
"[1792.6947368421052, 928.7789473684211]",Leptotrichia,0,6432
"[1792.6904761904761, 956.8571428571429]",Leptotrichia,0,6434
"[1798.8260869565217, 1035.6280193236714]",Leptotrichia,0,6435
"[1790.9137931034484, 1535.4827586206898]",Rothia,0,6437
"[1793.7560975609756, 324.4390243902439]",Corynebacterium,0,6438
"[1800.1061452513966, 507.2513966480447]",Corynebacterium,0,6439
"[1792.954954954955, 735.7657657657658]",Leptotrichia,0,6441
"[1794.923076923077, 485.0432692307692]",Leptotrichia,0,6443
"[1796.267716535433, 1483.0944881889764]",Porphyromonas,0,6444
"[1796.0347826086957, 452.67826086956524]",Leptotrichia,0,6445
"[1793.0384615384614, 769.4038461538462]",Leptotrichia,0,6446
"[1794.671875, 879.1875]",Leptotrichia,0,6447
"[1799.85, 1664.2111111111112]",Veillonella,0,6448
"[1803.0653594771243, 1176.562091503268]",Corynebacterium,0,6449
"[1800.5428571428572, 1240.3904761904762]",Actinomyces,0,6450
"[1797.0428571428572, 1340.5428571428572]",Actinomyces,0,6451
"[1799.0809248554913, 1505.612716763006]",Porphyromonas,0,6452
"[1795.1964285714287, 1523.1964285714287]",Actinomyces,0,6453
"[1798.2348484848485, 1623.4545454545455]",Rothia,0,6454
"[1795.8461538461538, 788.0576923076923]",Leptotrichia,0,6455
"[1795.2830188679245, 1130.5094339622642]",TM7,0,6456
"[1798.2857142857142, 532.3809523809524]",Corynebacterium,0,6458
"[1799.9955357142858, 1422.4419642857142]",Porphyromonas,0,6459
"[1804.2585034013605, 1466.2176870748299]",Leptotrichia,0,6460
"[1799.5595238095239, 1582.8809523809523]",Prevotella,0,6461
"[1798.861111111111, 1735.0972222222222]",Actinomyces,0,6462
"[1799.826923076923, 1758.7435897435898]",Actinomyces,0,6463
"[1798.655737704918, 776.0]",Leptotrichia,0,6464
"[1802.0859375, 1000.4296875]",Leptotrichia,0,6465
"[1798.509090909091, 1074.9818181818182]",Selenomonas,0,6466
"[1799.4848484848485, 307.6212121212121]",Corynebacterium,0,6467
"[1798.5471698113208, 434.58490566037733]",Treponema,0,6468
"[1803.9272727272728, 614.1393939393939]",Leptotrichia,0,6469
"[1799.8208955223881, 744.4179104477612]",Leptotrichia,0,6470
"[1798.8214285714287, 1193.625]",Porphyromonas,0,6471
"[1802.2389380530974, 553.5486725663717]",Leptotrichia,0,6472
"[1801.54, 845.96]",Leptotrichia,0,6473
"[1799.857142857143, 1117.3809523809523]",TM7,0,6474
"[1799.6727272727273, 1203.6545454545455]",Porphyromonas,0,6475
"[1805.2864864864864, 1219.6972972972974]",Porphyromonas,0,6476
"[1800.3953488372092, 1548.4186046511627]",Rothia,0,6477
"[1806.2866666666666, 1717.1533333333334]",Prevotella,0,6478
"[1801.5128205128206, 338.52564102564105]",Corynebacterium,0,6479
"[1814.5407854984894, 407.42296072507554]",TM7,0,6480
"[1805.8333333333333, 806.6756756756756]",Leptotrichia,0,6482
"[1802.05, 1284.2166666666667]",Selenomonas,0,6483
"[1805.3975155279504, 378.0807453416149]",Pasteurellaceae,0,6484
"[1802.611111111111, 626.9074074074074]",Leptotrichia,0,6485
"[1805.0737704918033, 720.0573770491803]",Leptotrichia,0,6486
"[1801.8035714285713, 915.0178571428571]",Leptotrichia,0,6487
"[1805.7251908396947, 1153.3969465648854]",Leptotrichia,0,6488
"[1802.5098039215686, 1269.9705882352941]",Selenomonas,0,6489
"[1806.1597222222222, 1378.111111111111]",Porphyromonas,0,6490
"[1807.2176470588236, 1642.9]",Prevotella,0,6491
"[1808.2695652173913, 642.5565217391304]",Leptotrichia,0,6492
"[1803.4066666666668, 671.9333333333333]",Leptotrichia,0,6493
"[1804.2573529411766, 1093.4485294117646]",TM7,0,6495
"[1804.056, 1318.856]",Streptococcus,0,6496
"[1806.3068181818182, 568.6590909090909]",Leptotrichia,0,6498
"[1804.4020618556701, 827.4536082474227]",Leptotrichia,0,6499
"[1805.3493975903614, 889.3012048192771]",Rothia,0,6500
"[1809.4782608695652, 904.4223602484471]",Leptotrichia,0,6501
"[1805.0945945945946, 1826.3108108108108]",Porphyromonas,0,6502
"[1813.353591160221, 950.8397790055249]",Leptotrichia,0,6503
"[1805.9718309859154, 1065.2957746478874]",Leptotrichia,0,6504
"[1806.7176470588236, 1782.3176470588235]",Streptococcus,0,6505
"[1806.7037037037037, 319.3703703703704]",Corynebacterium,0,6506
"[1806.5116279069769, 462.69767441860466]",Fusobacterium,0,6507
"[1809.2702702702702, 520.7387387387388]",TM7,0,6508
"[1810.08125, 584.0125]",Leptotrichia,0,6509
"[1808.4554455445545, 871.0297029702971]",Leptotrichia,0,6510
"[1806.7307692307693, 934.0961538461538]",Leptotrichia,0,6511
"[1808.554054054054, 1433.5675675675675]",Actinomyces,0,6512
"[1808.5833333333333, 698.4652777777778]",Leptotrichia,0,6513
"[1809.2162162162163, 1518.162162162162]",Actinomyces,0,6514
"[1807.2191780821918, 1605.2191780821918]",Prevotella,0,6515
"[1810.4607843137255, 1130.5392156862745]",Veillonella,0,6517
"[1812.0428571428572, 347.8142857142857]",Pasteurellaceae,0,6518
"[1813.018691588785, 365.2897196261682]",Corynebacterium,0,6519
"[1809.5375, 766.25]",Leptotrichia,0,6520
"[1809.6582278481012, 784.6962025316456]",Leptotrichia,0,6521
"[1809.144927536232, 1306.855072463768]",Streptococcus,0,6522
"[1811.3545454545454, 1449.0272727272727]",Actinomyces,0,6523
"[1816.0666666666666, 1589.5466666666666]",Rothia,0,6524
"[1812.7931034482758, 1748.7327586206898]",Porphyromonas,0,6525
"[1811.2444444444445, 851.1777777777778]",Rothia,0,6526
"[1822.3054545454545, 1345.4581818181819]",Porphyromonas,0,6527
"[1812.9252336448599, 1552.4018691588785]",Prevotella,0,6528
"[1811.2441860465117, 1685.3488372093022]",Streptococcus,0,6529
"[1812.8702290076335, 303.3206106870229]",Corynebacterium,0,6530
"[1812.53125, 1499.671875]",Porphyromonas,0,6531
"[1813.9859154929577, 748.3943661971831]",Leptotrichia,0,6533
"[1814.2586206896551, 1206.146551724138]",Porphyromonas,0,6534
"[1814.88, 1240.76]",Rothia,0,6535
"[1814.525641025641, 327.02564102564105]",Corynebacterium,0,6537
"[1817.6324786324785, 1014.3846153846154]",Leptotrichia,0,6538
"[1820.64192139738, 1569.2707423580787]",Porphyromonas,0,6540
"[1813.605633802817, 1768.7323943661972]",Rothia,0,6541
"[1814.129411764706, 283.70588235294116]",Leptotrichia,0,6542
"[1817.8340807174889, 442.1838565022422]",Corynebacterium,0,6543
"[1818.7424242424242, 734.8409090909091]",Leptotrichia,0,6544
"[1815.1010101010102, 1408.3838383838383]",Actinomyces,0,6545
"[1819.7456140350878, 797.4561403508771]",Leptotrichia,0,6546
"[1814.6029411764705, 1073.8823529411766]",TM7,0,6548
"[1820.3829787234042, 1111.3244680851064]",Selenomonas,0,6549
"[1819.5934579439252, 1483.252336448598]",Porphyromonas,0,6551
"[1814.7215189873418, 1535.1518987341772]",Actinomyces,0,6552
"[1817.2033898305085, 503.3220338983051]",Treponema,0,6553
"[1818.3333333333333, 773.1111111111111]",Leptotrichia,0,6554
"[1816.784946236559, 1190.1290322580646]",Selenomonas,0,6555
"[1816.888888888889, 1263.2083333333333]",Porphyromonas,0,6556
"[1823.724832214765, 1148.0872483221476]",Leptotrichia,0,6558
"[1816.5471698113208, 1177.7169811320755]",Corynebacterium,0,6559
"[1818.7592592592594, 1281.5925925925926]",Rothia,0,6560
"[1825.6704545454545, 1662.8579545454545]",Rothia,0,6561
"[1822.3088235294117, 1707.235294117647]",Actinomyces,0,6562
"[1818.9024390243903, 1793.138211382114]",Leptotrichia,0,6563
"[1818.9431818181818, 651.9318181818181]",Leptotrichia,0,6564
"[1823.9577464788733, 420.88732394366195]",Capnocytophaga,0,6565
"[1820.6822429906542, 544.7663551401869]",Leptotrichia,0,6566
"[1821.905982905983, 601.3418803418804]",Leptotrichia,0,6567
"[1821.104347826087, 632.6521739130435]",Leptotrichia,0,6568
"[1819.832167832168, 676.4615384615385]",Leptotrichia,0,6569
"[1823.2711864406779, 983.6723163841808]",Leptotrichia,0,6570
"[1826.1458333333333, 1084.4291666666666]",Leptotrichia,0,6571
"[1821.1904761904761, 1294.9642857142858]",Leptotrichia,0,6572
"[1821.1025641025642, 1604.3675213675215]",Prevotella,0,6573
"[1823.8015267175572, 570.3435114503817]",Leptotrichia,0,6574
"[1820.95, 1421.14]",Porphyromonas,0,6576
"[1820.9384615384615, 1628.0615384615385]",Prevotella,0,6577
"[1821.4237288135594, 1000.6610169491526]",Leptotrichia,0,6578
"[1825.0283018867924, 1542.1132075471698]",Actinomyces,0,6579
"[1821.5108695652175, 1681.3152173913043]",Streptococcus,0,6580
"[1821.8433734939758, 1809.55421686747]",Leptotrichia,0,6581
"[1827.5, 882.4413793103448]",Leptotrichia,0,6582
"[1822.930693069307, 1032.5841584158416]",Leptotrichia,0,6583
"[1824.8383838383838, 1132.4343434343434]",Veillonella,0,6584
"[1824.2222222222222, 1321.888888888889]",Porphyromonas,0,6585
"[1830.022346368715, 912.536312849162]",Leptotrichia,0,6586
"[1827.525925925926, 1213.9481481481482]",Streptococcus,0,6587
"[1824.5974025974026, 1235.142857142857]",Prevotella,0,6588
"[1827.890510948905, 258.04379562043795]",Leptotrichia,0,6592
"[1825.8648648648648, 335.1081081081081]",Pasteurellaceae,0,6593
"[1831.639175257732, 483.2371134020619]",Treponema,0,6594
"[1826.5851063829787, 524.5106382978723]",Leptotrichia,0,6595
"[1825.0, 696.6595744680851]",Leptotrichia,0,6596
"[1824.4137931034484, 858.3448275862069]",Leptotrichia,0,6597
"[1827.320610687023, 1175.3053435114505]",Corynebacterium,0,6598
"[1838.35401459854, 1640.7153284671533]",Actinomyces,0,6599
"[1832.5431472081218, 242.48730964467006]",Leptotrichia,0,6600
"[1828.0113636363637, 719.375]",Leptotrichia,0,6602
"[1834.1191222570533, 826.3918495297805]",Leptotrichia,0,6603
"[1826.7672413793102, 928.75]",Leptotrichia,0,6604
"[1831.5311355311355, 1055.3956043956043]",Leptotrichia,0,6605
"[1826.3513513513512, 1458.4864864864865]",Porphyromonas,0,6606
"[1828.491124260355, 312.49112426035504]",Pasteurellaceae,0,6607
"[1829.090909090909, 493.89772727272725]",Leptotrichia,0,6608
"[1826.44578313253, 806.0481927710844]",Leptotrichia,0,6609
"[1833.548872180451, 1519.906015037594]",Actinomyces,0,6610
"[1826.5555555555557, 1726.2222222222222]",Rothia,0,6611
"[1826.8295454545455, 1759.215909090909]",Actinomyces,0,6612
"[1827.567901234568, 509.25925925925924]",Pasteurellaceae,0,6613
"[1834.105527638191, 769.3668341708543]",Leptotrichia,0,6614
"[1830.260606060606, 1435.4545454545455]",Porphyromonas,0,6615
"[1829.3716216216217, 1771.6554054054054]",Streptococcus,0,6616
"[1834.6993464052287, 291.6143790849673]",Leptotrichia,0,6617
"[1831.0592592592593, 1738.8592592592593]",Streptococcus,0,6618
"[1829.5066666666667, 612.12]",Leptotrichia,0,6619
"[1833.3916666666667, 664.6833333333333]",Leptotrichia,0,6620
"[1832.892857142857, 380.51785714285717]",Leptotrichia,0,6621
"[1832.2016806722688, 585.1176470588235]",Leptotrichia,0,6622
"[1831.0677966101696, 751.0169491525423]",Leptotrichia,0,6623
"[1831.5862068965516, 1260.6666666666667]",Actinomyces,0,6624
"[1832.0378787878788, 1618.7045454545455]",Prevotella,0,6625
"[1850.5294117647059, 470.51633986928107]",Leptotrichia,0,6626
"[1834.6324786324785, 558.5897435897435]",Leptotrichia,0,6627
"[1831.0333333333333, 961.1555555555556]",Leptotrichia,0,6628
"[1832.3387096774193, 1195.4193548387098]",Selenomonas,0,6629
"[1838.22131147541, 1223.0409836065573]",Streptococcus,0,6630
"[1831.1847826086957, 1279.0108695652175]",Prevotella,0,6631
"[1833.1367521367522, 1385.6837606837607]",Porphyromonas,0,6632
"[1836.5704225352113, 363.3380281690141]",Leptotrichia,0,6633
"[1835.0377358490566, 643.7075471698113]",Leptotrichia,0,6634
"[1835.0833333333333, 1037.0416666666667]",Leptotrichia,0,6635
"[1837.5333333333333, 1471.7666666666667]",Porphyromonas,0,6636
"[1834.1132075471698, 1162.4716981132076]",Corynebacterium,0,6637
"[1835.9555555555555, 1406.3333333333333]",Porphyromonas,0,6638
"[1834.1460674157304, 1597.9101123595506]",Actinomyces,0,6639
"[1833.5409836065573, 999.7868852459017]",Leptotrichia,0,6640
"[1834.6545454545455, 1301.509090909091]",Fusobacterium,0,6641
"[1835.4833333333333, 1696.5833333333333]",Streptococcus,0,6642
"[1841.1573033707866, 344.2303370786517]",Corynebacterium,0,6643
"[1837.327731092437, 626.9327731092437]",Leptotrichia,0,6644
"[1835.3076923076924, 707.4102564102565]",Leptotrichia,0,6645
"[1835.7623762376238, 856.3960396039604]",Leptotrichia,0,6646
"[1838.5347222222222, 1577.9097222222222]",Prevotella,0,6648
"[1838.4782608695652, 1673.4927536231885]",Rothia,0,6649
"[1835.8229166666667, 1797.2604166666667]",Leptotrichia,0,6650
"[1839.639455782313, 540.3197278911565]",Leptotrichia,0,6651
"[1838.7052631578947, 678.2526315789473]",Leptotrichia,0,6652
"[1837.4565217391305, 734.1159420289855]",Leptotrichia,0,6653
"[1837.8190476190475, 1019.3428571428572]",Leptotrichia,0,6655
"[1838.016129032258, 1332.258064516129]",Porphyromonas,0,6656
"[1854.4894259818732, 1499.3897280966767]",Actinomyces,0,6657
"[1838.2631578947369, 1820.1315789473683]",Streptococcus,0,6658
"[1840.6938775510205, 273.0612244897959]",Leptotrichia,0,6659
"[1837.9649122807018, 496.89473684210526]",Leptotrichia,0,6660
"[1836.5058823529412, 940.5764705882353]",Pasteurellaceae,0,6661
"[1837.125, 1417.4464285714287]",Neisseriaceae,0,6663
"[1838.876712328767, 599.5616438356165]",Leptotrichia,0,6665
"[1841.7340425531916, 966.4574468085107]",Leptotrichia,0,6666
"[1844.9513274336284, 1183.7079646017698]",Corynebacterium,0,6667
"[1841.0196078431372, 443.0065359477124]",Corynebacterium,0,6668
"[1843.6216216216217, 1555.3063063063064]",Porphyromonas,0,6670
"[1840.0361445783133, 396.7469879518072]",Leptotrichia,0,6671
"[1840.623188405797, 1308.2898550724638]",Actinomyces,0,6672
"[1842.3625, 225.65]",Leptotrichia,0,6673
"[1850.1549815498156, 1163.4280442804427]",Corynebacterium,0,6675
"[1842.6714285714286, 1370.1]",Porphyromonas,0,6676
"[1851.6706586826347, 1648.802395209581]",Rothia,0,6677
"[1842.939024390244, 1779.1829268292684]",Streptococcus,0,6678
"[1847.6255707762557, 987.3881278538813]",Leptotrichia,0,6679
"[1844.5463917525774, 1348.4432989690722]",Porphyromonas,0,6681
"[1854.5934065934066, 1457.5567765567766]",Actinomyces,0,6682
"[1845.6818181818182, 1591.2545454545455]",Actinomyces,0,6683
"[1841.0384615384614, 1757.826923076923]",Actinomyces,0,6684
"[1844.1142857142856, 1808.1285714285714]",Lautropia,0,6685
"[1845.204918032787, 323.77868852459017]",Corynebacterium,0,6687
"[1845.6422018348624, 688.045871559633]",Leptotrichia,0,6688
"[1843.4190476190477, 798.9142857142857]",Leptotrichia,0,6689
"[1842.1538461538462, 1082.9038461538462]",TM7,0,6690
"[1843.6893203883494, 1103.3592233009708]",Pasteurellaceae,0,6691
"[1851.83, 1278.465]",Rothia,0,6692
"[1845.360824742268, 510.340206185567]",Leptotrichia,0,6693
"[1847.214953271028, 570.8317757009346]",Leptotrichia,0,6694
"[1844.6416666666667, 756.2666666666667]",Leptotrichia,0,6695
"[1845.1649484536083, 902.8659793814433]",Leptotrichia,0,6696
"[1847.4266666666667, 1029.92]",Leptotrichia,0,6697
"[1844.7727272727273, 1536.939393939394]",Rothia,0,6698
"[1846.1566265060242, 1135.8433734939758]",Corynebacterium,0,6700
"[1847.858024691358, 1431.1296296296296]",Actinomyces,0,6701
"[1849.7287234042553, 1727.3031914893618]",Leptotrichia,0,6702
"[1846.0537634408602, 608.5698924731183]",Leptotrichia,0,6703
"[1846.2972972972973, 862.7162162162163]",Leptotrichia,0,6704
"[1846.1285714285714, 1208.6285714285714]",Porphyromonas,0,6705
"[1847.113924050633, 1708.240506329114]",Porphyromonas,0,6706
"[1852.2777777777778, 1821.951388888889]",Selenomonas,0,6707
"[1847.2835820895523, 1006.7611940298508]",Leptotrichia,0,6708
"[1847.745283018868, 1264.4245283018868]",Actinomyces,0,6709
"[1852.8796992481202, 1620.4586466165413]",Prevotella,0,6710
"[1848.9418604651162, 1066.5348837209303]",Leptotrichia,0,6711
"[1854.955, 1095.8]",Pasteurellaceae,0,6712
"[1850.6521739130435, 1662.3333333333333]",Rothia,0,6713
"[1849.651376146789, 379.26605504587155]",Leptotrichia,0,6714
"[1848.952380952381, 396.85714285714283]",Leptotrichia,0,6715
"[1850.0629921259842, 710.3543307086615]",Leptotrichia,0,6716
"[1851.4615384615386, 742.3636363636364]",Leptotrichia,0,6717
"[1850.375, 879.5480769230769]",Leptotrichia,0,6718
"[1851.0075187969924, 949.8872180451128]",Leptotrichia,0,6719
"[1853.140625, 1231.1484375]",Streptococcus,0,6720
"[1851.6091954022988, 1304.6896551724137]",Prevotella,0,6721
"[1853.8211920529802, 1334.4039735099338]",Porphyromonas,0,6722
"[1856.061224489796, 311.1479591836735]",Corynebacterium,0,6723
"[1851.4590163934427, 500.0655737704918]",Leptotrichia,0,6724
"[1855.1678832116788, 555.021897810219]",Leptotrichia,0,6725
"[1852.4673913043478, 593.7934782608696]",Leptotrichia,0,6726
"[1850.3492063492063, 1321.952380952381]",Porphyromonas,0,6727
"[1855.590909090909, 1442.9545454545455]",Actinomyces,0,6728
"[1850.140350877193, 1685.2105263157894]",Porphyromonas,0,6729
"[1851.9022556390978, 216.35338345864662]",Leptotrichia,0,6730
"[1854.6582278481012, 770.1139240506329]",Leptotrichia,0,6732
"[1851.7702702702702, 809.6621621621622]",Leptotrichia,0,6733
"[1853.4819277108434, 926.5481927710844]",Leptotrichia,0,6734
"[1851.840909090909, 1358.3977272727273]",Porphyromonas,0,6735
"[1853.7623762376238, 1391.1782178217823]",Actinomyces,0,6736
"[1852.3069306930693, 1756.6435643564357]",Actinomyces,0,6737
"[1857.6900584795321, 1784.5204678362572]",Streptococcus,0,6738
"[1852.704918032787, 291.04918032786884]",Leptotrichia,0,6739
"[1853.2528735632184, 527.4367816091954]",Leptotrichia,0,6740
"[1855.1648936170213, 639.2287234042553]",Leptotrichia,0,6741
"[1854.593220338983, 574.7796610169491]",Leptotrichia,0,6743
"[1852.8260869565217, 851.304347826087]",Leptotrichia,0,6744
"[1856.5725190839694, 240.06106870229007]",Leptotrichia,0,6748
"[1855.4186046511627, 259.7674418604651]",Leptotrichia,0,6749
"[1861.4058823529413, 696.7294117647059]",Leptotrichia,0,6751
"[1858.1969696969697, 823.7222222222222]",Leptotrichia,0,6752
"[1857.3266666666666, 1037.6466666666668]",Leptotrichia,0,6753
"[1857.5942028985507, 1204.1642512077294]",Fusobacterium,0,6754
"[1855.0898876404494, 1694.0224719101125]",Streptococcus,0,6755
"[1861.2923076923078, 970.6410256410256]",Leptotrichia,0,6756
"[1854.8208955223881, 1471.5223880597016]",Porphyromonas,0,6757
"[1861.1357142857144, 1483.2428571428572]",Porphyromonas,0,6758
"[1863.5169491525423, 1605.406779661017]",Prevotella,0,6759
"[1857.6615384615384, 429.0]",Leptotrichia,0,6761
"[1857.4630872483222, 671.4496644295302]",Leptotrichia,0,6762
"[1861.9590163934427, 725.139344262295]",Leptotrichia,0,6763
"[1858.340909090909, 1015.5113636363636]",Leptotrichia,0,6764
"[1856.1208791208792, 1116.956043956044]",Fusobacterium,0,6765
"[1856.5074626865671, 1379.4776119402984]",Porphyromonas,0,6766
"[1858.9292929292928, 276.2929292929293]",Leptotrichia,0,6767
"[1857.5943396226414, 364.3207547169811]",TM7,0,6768
"[1857.5677966101696, 405.53389830508473]",Leptotrichia,0,6769
"[1860.918181818182, 996.4545454545455]",Leptotrichia,0,6770
"[1861.2, 1072.0588235294117]",Prevotella,0,6771
"[1862.371875, 1541.475]",Prevotella,0,6772
"[1856.9807692307693, 1579.0673076923076]",Actinomyces,0,6773
"[1863.0526315789473, 484.9824561403509]",Leptotrichia,0,6774
"[1858.948275862069, 1318.896551724138]",Actinomyces,0,6775
"[1859.9357798165138, 340.9357798165138]",Corynebacterium,0,6777
"[1862.1167883211679, 539.4671532846716]",Leptotrichia,0,6778
"[1863.5058139534883, 788.5639534883721]",Leptotrichia,0,6779
"[1857.9411764705883, 1057.6666666666667]",Prevotella,0,6780
"[1862.5384615384614, 1141.5213675213674]",Treponema,0,6781
"[1867.6842105263158, 1294.0745614035088]",Fusobacterium,0,6782
"[1861.7058823529412, 1676.2810457516339]",Actinomyces,0,6783
"[1863.3548387096773, 447.89516129032256]",Leptotrichia,0,6784
"[1861.625, 887.1458333333334]",Leptotrichia,0,6786
"[1861.475806451613, 904.7016129032259]",Leptotrichia,0,6787
"[1862.9242424242425, 1126.8636363636363]",Fusobacterium,0,6788
"[1867.116504854369, 1723.0194174757282]",Leptotrichia,0,6789
"[1866.0247524752476, 505.35643564356434]",Leptotrichia,0,6790
"[1862.5591397849462, 866.8387096774194]",Leptotrichia,0,6792
"[1867.2645739910313, 949.2780269058296]",Leptotrichia,0,6793
"[1864.7450980392157, 1709.186274509804]",Leptotrichia,0,6794
"[1864.6732673267327, 1369.7821782178219]",Porphyromonas,0,6795
"[1866.1478260869565, 1416.4608695652173]",Prevotella,0,6797
"[1864.077922077922, 1755.4805194805194]",Prevotella,0,6798
"[1868.70987654321, 1737.1049382716049]",Leptotrichia,0,6800
"[1875.8172588832488, 299.76142131979697]",Leptotrichia,0,6801
"[1869.2727272727273, 602.8831168831168]",Leptotrichia,0,6802
"[1865.1089108910892, 655.1782178217821]",Leptotrichia,0,6803
"[1866.2063492063492, 1396.7142857142858]",Prevotella,0,6806
"[1867.275167785235, 215.6778523489933]",Leptotrichia,0,6807
"[1867.8682170542636, 387.91472868217056]",Leptotrichia,0,6808
"[1869.0235294117647, 1239.0235294117647]",Fusobacterium,0,6809
"[1866.2924528301887, 1347.311320754717]",Porphyromonas,0,6810
"[1867.9402985074628, 925.9701492537314]",Leptotrichia,0,6812
"[1870.804347826087, 1045.0652173913043]",Leptotrichia,0,6813
"[1870.5221238938052, 1081.8141592920354]",Treponema,0,6814
"[1867.7472527472528, 1112.4725274725274]",Pasteurellaceae,0,6815
"[1868.878048780488, 1428.560975609756]",Prevotella,0,6817
"[1868.9901960784314, 1442.3039215686274]",Actinomyces,0,6818
"[1875.235807860262, 1619.3973799126638]",Rothia,0,6819
"[1870.3636363636363, 286.03409090909093]",Leptotrichia,0,6820
"[1871.6044776119404, 575.0149253731344]",Leptotrichia,0,6821
"[1870.5128205128206, 807.3076923076923]",Leptotrichia,0,6823
"[1868.1636363636364, 1209.418181818182]",Selenomonas,0,6824
"[1869.1206896551723, 1560.8103448275863]",Porphyromonas,0,6826
"[1868.4716981132076, 1179.566037735849]",Selenomonas,0,6827
"[1872.3333333333333, 1637.4074074074074]",Prevotella,0,6828
"[1876.6898734177216, 1648.3037974683543]",Rothia,0,6829
"[1877.3194888178914, 239.1182108626198]",Leptotrichia,0,6830
"[1872.1240875912408, 266.3649635036496]",Leptotrichia,0,6831
"[1881.8952702702702, 417.4256756756757]",Corynebacterium,0,6832
"[1876.1728395061727, 620.5061728395061]",Leptotrichia,0,6833
"[1872.4903846153845, 1008.8269230769231]",Rothia,0,6834
"[1870.344827586207, 1224.6206896551723]",Actinomyces,0,6835
"[1879.496, 373.412]",Leptotrichia,0,6836
"[1873.0, 773.2110091743119]",Leptotrichia,0,6837
"[1871.2222222222222, 1527.4285714285713]",Actinomyces,0,6839
"[1870.9166666666667, 1664.3333333333333]",Actinomyces,0,6840
"[1875.7285714285715, 557.9071428571428]",Leptotrichia,0,6841
"[1871.6534653465346, 835.1980198019802]",Leptotrichia,0,6842
"[1875.8648648648648, 1139.9324324324325]",Lautropia,0,6844
"[1877.1532258064517, 1400.2903225806451]",Actinomyces,0,6845
"[1879.7368421052631, 1701.778947368421]",Prevotella,0,6846
"[1876.0240963855422, 201.85542168674698]",Leptotrichia,0,6847
"[1875.7846153846153, 318.0230769230769]",Leptotrichia,0,6848
"[1874.7473684210527, 742.6631578947369]",Leptotrichia,0,6849
"[1873.4237288135594, 875.1864406779661]",Leptotrichia,0,6850
"[1877.9358974358975, 1027.1089743589744]",Leptotrichia,0,6851
"[1873.6942148760331, 1276.1570247933885]",Treponema,0,6852
"[1873.13, 1770.78]",Lautropia,0,6853
"[1875.6296296296296, 1811.851851851852]",Leptotrichia,0,6854
"[1883.4893617021276, 649.5602836879433]",Leptotrichia,0,6855
"[1874.391304347826, 758.463768115942]",Leptotrichia,0,6856
"[1876.275, 848.5125]",Leptotrichia,0,6857
"[1877.842105263158, 1170.6631578947367]",Corynebacterium,0,6858
"[1876.2363636363636, 1186.9363636363637]",Corynebacterium,0,6859
"[1875.2857142857142, 340.5892857142857]",Leptotrichia,0,6861
"[1875.112676056338, 353.3521126760563]",Leptotrichia,0,6862
"[1875.1808510638298, 435.5851063829787]",Leptotrichia,0,6863
"[1876.7826086956522, 931.4673913043479]",Leptotrichia,0,6864
"[1875.4588235294118, 1258.929411764706]",Selenomonas,0,6865
"[1875.647619047619, 1330.3714285714286]",Porphyromonas,0,6866
"[1881.4885057471265, 1686.3218390804598]",Prevotella,0,6867
"[1884.030303030303, 1750.79797979798]",Actinomyces,0,6868
"[1879.7218934911243, 1469.8816568047337]",Actinomyces,0,6869
"[1881.4410256410256, 1589.0051282051281]",Porphyromonas,0,6870
"[1877.073394495413, 1355.7247706422017]",Porphyromonas,0,6871
"[1878.3636363636363, 729.7575757575758]",Leptotrichia,0,6872
"[1887.6983050847457, 989.477966101695]",Leptotrichia,0,6873
"[1879.1287128712872, 474.2772277227723]",Leptotrichia,0,6876
"[1880.9285714285713, 665.563492063492]",Leptotrichia,0,6877
"[1879.5087719298247, 1068.5438596491229]",TM7,0,6878
"[1879.0462962962963, 1121.6203703703704]",Pasteurellaceae,0,6879
"[1881.950354609929, 1311.5815602836878]",Selenomonas,0,6880
"[1886.0046728971963, 457.93457943925233]",Leptotrichia,0,6882
"[1883.835294117647, 860.035294117647]",Leptotrichia,0,6883
"[1884.8214285714287, 1515.2380952380952]",Rothia,0,6884
"[1882.7047619047619, 519.8190476190476]",Leptotrichia,0,6885
"[1885.3235294117646, 1499.4957983193278]",Porphyromonas,0,6886
"[1882.4605263157894, 1550.6184210526317]",Porphyromonas,0,6888
"[1885.9431818181818, 1662.75]",Actinomyces,0,6889
"[1886.3531746031747, 906.8928571428571]",Leptotrichia,0,6890
"[1884.2884615384614, 1150.951923076923]",Fusobacterium,0,6891
"[1883.8219178082193, 538.1712328767123]",Leptotrichia,0,6892
"[1883.820512820513, 769.0769230769231]",Leptotrichia,0,6893
"[1883.5866666666666, 1048.6933333333334]",Leptotrichia,0,6894
"[1882.8032786885246, 1785.4098360655737]",Lautropia,0,6895
"[1884.26, 177.6]",Leptotrichia,0,6896
"[1889.4701986754967, 789.6026490066225]",Leptotrichia,0,6897
"[1886.388349514563, 970.0485436893204]",Leptotrichia,0,6898
"[1883.8333333333333, 1103.5]",Corynebacterium,0,6899
"[1890.0434782608695, 210.13768115942028]",Leptotrichia,0,6900
"[1885.5157232704403, 692.2704402515724]",Leptotrichia,0,6901
"[1885.1340206185566, 1253.0]",Selenomonas,0,6902
"[1885.448275862069, 1375.1149425287356]",Porphyromonas,0,6903
"[1886.4772727272727, 1436.340909090909]",Actinomyces,0,6904
"[1893.76, 1708.4577777777777]",Prevotella,0,6905
"[1886.474358974359, 832.5769230769231]",Leptotrichia,0,6906
"[1886.676923076923, 1292.676923076923]",Selenomonas,0,6907
"[1887.8292682926829, 195.2560975609756]",Leptotrichia,0,6909
"[1890.0117647058823, 257.7352941176471]",Leptotrichia,0,6910
"[1889.9789473684211, 674.2]",Leptotrichia,0,6911
"[1890.6484375, 744.875]",Leptotrichia,0,6912
"[1892.2574850299402, 817.1976047904192]",Leptotrichia,0,6913
"[1887.6081081081081, 1135.3918918918919]",TM7,0,6914
"[1893.5751295336788, 1227.217616580311]",Porphyromonas,0,6915
"[1887.1904761904761, 1733.4603174603174]",Prevotella,0,6916
"[1886.6941176470589, 1771.3764705882354]",Prevotella,0,6917
"[1890.576, 281.36]",Leptotrichia,0,6918
"[1890.1528662420383, 400.2484076433121]",Leptotrichia,0,6919
"[1891.5555555555557, 568.9166666666666]",Leptotrichia,0,6920
"[1892.9460784313726, 589.3823529411765]",Leptotrichia,0,6921
"[1896.0824175824175, 1532.478021978022]",Actinomyces,0,6925
"[1891.5546218487395, 1810.5378151260504]",Leptotrichia,0,6926
"[1889.0566037735848, 550.2641509433962]",Leptotrichia,0,6928
"[1891.1463414634147, 615.2560975609756]",Leptotrichia,0,6929
"[1895.5739130434783, 1460.6869565217391]",Porphyromonas,0,6930
"[1891.3456790123457, 606.4074074074074]",Leptotrichia,0,6931
"[1889.7087378640776, 715.2233009708738]",Leptotrichia,0,6932
"[1892.3008849557523, 881.9115044247787]",Leptotrichia,0,6933
"[1893.0208333333333, 1569.6458333333333]",Actinomyces,0,6935
"[1893.9871794871794, 1625.378205128205]",Actinomyces,0,6936
"[1895.1698113207547, 356.5377358490566]",Leptotrichia,0,6937
"[1892.5652173913043, 729.231884057971]",Leptotrichia,0,6938
"[1894.13, 929.75]",Leptotrichia,0,6939
"[1891.7604166666667, 1110.0520833333333]",Corynebacterium,0,6940
"[1891.754716981132, 1189.754716981132]",Corynebacterium,0,6941
"[1894.4402985074628, 1838.7462686567164]",Streptococcus,0,6942
"[1894.107142857143, 437.5892857142857]",Leptotrichia,0,6943
"[1892.2549019607843, 843.2941176470588]",Leptotrichia,0,6945
"[1893.141414141414, 1004.1414141414141]",Leptotrichia,0,6946
"[1895.1411764705883, 1067.464705882353]",Pasteurellaceae,0,6947
"[1894.9741379310344, 771.3103448275862]",Leptotrichia,0,6948
"[1893.103448275862, 1039.603448275862]",TM7,0,6949
"[1893.6707317073171, 1173.439024390244]",Porphyromonas,0,6951
"[1893.2916666666667, 1354.25]",Porphyromonas,0,6952
"[1893.25, 1555.3382352941176]",Porphyromonas,0,6953
"[1898.98, 1638.9133333333334]",Rothia,0,6954
"[1897.5777777777778, 302.28333333333336]",Capnocytophaga,0,6955
"[1898.9339207048458, 1258.8149779735684]",Treponema,0,6958
"[1895.858407079646, 1790.1504424778761]",Leptotrichia,0,6959
"[1898.4871794871794, 500.7264957264957]",Leptotrichia,0,6960
"[1899.2, 1279.4285714285713]",Treponema,0,6962
"[1895.6046511627908, 1340.1744186046512]",Porphyromonas,0,6963
"[1895.448275862069, 1482.4655172413793]",Porphyromonas,0,6964
"[1897.2330097087379, 1364.2427184466019]",Porphyromonas,0,6968
"[1897.808988764045, 180.75280898876406]",Leptotrichia,0,6970
"[1899.6274509803923, 480.3137254901961]",Leptotrichia,0,6971
"[1898.1512605042017, 961.1764705882352]",Leptotrichia,0,6973
"[1899.6, 1158.7285714285715]",TM7,0,6976
"[1897.7743902439024, 1323.219512195122]",Porphyromonas,0,6977
"[1899.0919540229886, 1601.103448275862]",Porphyromonas,0,6979
"[1898.109375, 265.78125]",Leptotrichia,0,6981
"[1907.878640776699, 231.39320388349515]",Leptotrichia,1,2
"[1906.748427672956, 326.4842767295597]",Pasteurellaceae,1,3
"[1904.4774193548387, 417.18064516129033]",Leptotrichia,1,4
"[1908.3508771929824, 461.5]",Leptotrichia,1,5
"[1906.2068965517242, 521.2298850574713]",Leptotrichia,1,6
"[1904.6545454545455, 563.9363636363636]",Leptotrichia,1,7
"[1912.945147679325, 585.873417721519]",Leptotrichia,1,8
"[1904.7529411764706, 605.4823529411765]",Leptotrichia,1,9
"[1904.828282828283, 651.3131313131313]",Leptotrichia,1,10
"[1908.9433962264152, 695.8490566037735]",Leptotrichia,1,11
"[1905.0222222222221, 780.6444444444444]",Leptotrichia,1,12
"[1904.1470588235295, 832.7205882352941]",Leptotrichia,1,14
"[1904.0392156862745, 842.7647058823529]",Leptotrichia,1,15
"[1907.6350364963503, 899.3065693430657]",Leptotrichia,1,17
"[1907.5903614457832, 998.8795180722891]",Leptotrichia,1,19
"[1902.611111111111, 1016.0]",Leptotrichia,1,21
"[1907.732142857143, 1029.607142857143]",Leptotrichia,1,22
"[1902.4915254237287, 1044.5593220338983]",Leptotrichia,1,23
"[1905.0196078431372, 1075.3333333333333]",TM7,1,25
"[1902.7454545454545, 1174.3636363636363]",TM7,1,26
"[1903.6190476190477, 1189.3015873015872]",Selenomonas,1,27
"[1902.3428571428572, 1219.1571428571428]",Porphyromonas,1,28
"[1911.7073170731708, 1237.3560975609755]",Leptotrichia,1,29
"[1902.4375, 1277.921875]",Rothia,1,30
"[1902.746835443038, 1453.0759493670887]",Prevotella,1,31
"[1906.4468085106382, 1470.287234042553]",Actinomyces,1,32
"[1903.95, 1496.1]",Prevotella,1,33
"[1911.0954773869346, 1511.4572864321608]",Prevotella,1,34
"[1910.1702127659576, 1551.159574468085]",Prevotella,1,35
"[1911.3197278911564, 1619.421768707483]",Prevotella,1,36
"[1904.5483870967741, 1632.016129032258]",Prevotella,1,37
"[1903.8846153846155, 1652.5]",Prevotella,1,38
"[1911.926517571885, 1675.7635782747604]",Prevotella,1,39
"[1904.406976744186, 1704.7093023255813]",Prevotella,1,40
"[1903.1016949152543, 1769.8474576271187]",Prevotella,1,41
"[1902.855072463768, 1793.0]",Leptotrichia,1,42
"[1910.7697368421052, 1107.9342105263158]",Pasteurellaceae,1,43
"[1910.530303030303, 1257.7651515151515]",Fusobacterium,1,44
"[1906.253846153846, 441.7846153846154]",Leptotrichia,1,45
"[1906.361111111111, 679.824074074074]",Leptotrichia,1,46
"[1909.0962962962963, 710.1777777777778]",Leptotrichia,1,47
"[1905.5, 960.0322580645161]",Leptotrichia,1,48
"[1913.0653846153846, 972.7076923076924]",Leptotrichia,1,49
"[1907.695238095238, 1128.3714285714286]",TM7,1,50
"[1915.9077669902913, 1406.3398058252428]",Prevotella,1,51
"[1908.1666666666667, 632.5512820512821]",Leptotrichia,1,52
"[1906.5211267605634, 1811.056338028169]",Leptotrichia,1,53
"[1911.1037735849056, 495.7830188679245]",Leptotrichia,1,54
"[1908.725806451613, 620.2903225806451]",Leptotrichia,1,55
"[1908.3675213675215, 799.025641025641]",Leptotrichia,1,56
"[1909.6916666666666, 880.1916666666667]",Leptotrichia,1,57
"[1911.9135802469136, 1195.858024691358]",Selenomonas,1,58
"[1911.811059907834, 1383.6082949308757]",Actinomyces,1,59
"[1912.4310344827586, 736.3620689655172]",Leptotrichia,1,61
"[1912.0434782608695, 1058.6521739130435]",Leptotrichia,1,62
"[1911.056179775281, 1442.8651685393259]",Prevotella,1,63
"[1910.301204819277, 1750.3855421686746]",Prevotella,1,64
"[1924.4716312056737, 1763.5744680851064]",Prevotella,1,65
"[1912.972027972028, 399.97202797202794]",Leptotrichia,1,67
"[1914.5269461077844, 511.8383233532934]",Leptotrichia,1,68
"[1914.1297709923665, 1092.6564885496184]",Pasteurellaceae,1,71
"[1919.723404255319, 1363.154255319149]",Actinomyces,1,72
"[1912.240506329114, 297.8987341772152]",Leptotrichia,1,73
"[1916.156462585034, 1319.5238095238096]",Fusobacterium,1,74
"[1911.549019607843, 1840.1764705882354]",Actinomyces,1,75
"[1914.0338983050847, 1298.7542372881355]",Prevotella,1,76
"[1919.055900621118, 1649.2298136645963]",Prevotella,1,77
"[1915.1698113207547, 1719.5094339622642]",Leptotrichia,1,78
"[1914.654761904762, 364.95238095238096]",TM7,1,79
"[1924.5753968253969, 385.0595238095238]",Leptotrichia,1,80
"[1912.844827586207, 661.4655172413793]",Leptotrichia,1,81
"[1913.126582278481, 1155.2278481012659]",Veillonella,1,82
"[1913.9166666666667, 1427.107142857143]",Prevotella,1,83
"[1916.7222222222222, 1471.3472222222222]",Prevotella,1,84
"[1917.95, 249.6888888888889]",Leptotrichia,1,85
"[1919.0291262135922, 351.93203883495147]",TM7,1,86
"[1914.8484848484848, 1347.3333333333333]",Porphyromonas,1,87
"[1914.7534246575342, 1793.7260273972602]",Leptotrichia,1,88
"[1915.7764705882353, 216.24705882352941]",Leptotrichia,1,89
"[1916.8854166666667, 1216.1770833333333]",Pasteurellaceae,1,90
"[1917.456, 1589.192]",Prevotella,1,91
"[1923.719512195122, 1627.689024390244]",Prevotella,1,92
"[1918.6433566433566, 1824.5314685314686]",Leptotrichia,1,93
"[1916.9516129032259, 557.0967741935484]",Leptotrichia,1,95
"[1918.2954545454545, 819.060606060606]",Leptotrichia,1,96
"[1918.1379310344828, 886.6034482758621]",Leptotrichia,1,97
"[1920.8173076923076, 939.3173076923077]",Leptotrichia,1,98
"[1916.8977272727273, 1176.3181818181818]",Corynebacterium,1,99
"[1916.3373493975903, 1570.9518072289156]",Rothia,1,101
"[1917.5822784810127, 846.9367088607595]",Leptotrichia,1,103
"[1916.7460317460318, 860.5873015873016]",Leptotrichia,1,104
"[1917.0227272727273, 1273.6818181818182]",Fusobacterium,1,106
"[1916.828125, 1492.546875]",Prevotella,1,107
"[1918.1688311688313, 1781.3766233766235]",Leptotrichia,1,108
"[1923.4604316546763, 431.7841726618705]",Pasteurellaceae,1,109
"[1923.4502923976609, 483.50877192982455]",Leptotrichia,1,110
"[1921.5583333333334, 571.4833333333333]",Leptotrichia,1,111
"[1919.3125, 613.0486111111111]",Leptotrichia,1,113
"[1922.6438356164383, 677.5479452054794]",Leptotrichia,1,114
"[1918.327868852459, 1018.0327868852459]",Leptotrichia,1,115
"[1922.1160220994475, 1600.53591160221]",Prevotella,1,116
"[1921.2600896860986, 754.5201793721973]",Leptotrichia,1,117
"[1921.526717557252, 782.5496183206106]",Leptotrichia,1,118
"[1924.3203883495146, 1333.0194174757282]",Fusobacterium,1,119
"[1918.4864864864865, 1744.6351351351352]",Leptotrichia,1,120
"[1920.7411764705882, 447.50588235294117]",Leptotrichia,1,121
"[1926.3758865248226, 635.3262411347517]",Leptotrichia,1,122
"[1919.5438596491229, 920.5263157894736]",Leptotrichia,1,123
"[1930.7201365187714, 1000.0614334470989]",Leptotrichia,1,124
"[1930.3708609271523, 1119.8145695364237]",TM7,1,125
"[1921.5689655172414, 1562.448275862069]",Prevotella,1,126
"[1922.4285714285713, 1057.0857142857142]",Prevotella,1,128
"[1922.132075471698, 330.9056603773585]",Veillonella,1,129
"[1926.7736842105264, 660.3263157894737]",Leptotrichia,1,130
"[1925.2880434782608, 1041.2119565217392]",Leptotrichia,1,131
"[1923.4878048780488, 1287.8902439024391]",TM7,1,133
"[1922.4, 716.709090909091]",Leptotrichia,1,135
"[1925.15, 1479.5666666666666]",Prevotella,1,137
"[1926.5454545454545, 1704.7272727272727]",Prevotella,1,138
"[1924.9166666666667, 1814.7261904761904]",Leptotrichia,1,139
"[1925.5967741935483, 222.4516129032258]",Gemella,1,140
"[1929.6079545454545, 275.6761363636364]",Leptotrichia,1,141
"[1927.2867647058824, 530.9338235294117]",Leptotrichia,1,142
"[1931.7101449275362, 866.2850241545893]",Leptotrichia,1,144
"[1926.388888888889, 1152.388888888889]",Prevotella,1,145
"[1927.9056603773586, 1515.4811320754718]",Prevotella,1,146
"[1937.1527377521613, 1669.8760806916428]",Rothia,1,147
"[1929.0795454545455, 314.0]",Capnocytophaga,1,149
"[1929.178947368421, 467.9526315789474]",Leptotrichia,1,150
"[1938.088888888889, 1545.3733333333332]",Prevotella,1,151
"[1929.5528455284552, 205.34959349593495]",Leptotrichia,1,152
"[1936.375, 545.1574074074074]",Leptotrichia,1,153
"[1931.3939393939395, 1198.7757575757576]",Pasteurellaceae,1,154
"[1932.5084033613446, 1451.5294117647059]",Prevotella,1,155
"[1930.5980392156862, 1530.2549019607843]",Prevotella,1,156
"[1929.71875, 1777.71875]",Prevotella,1,157
"[1927.8076923076924, 1790.4038461538462]",Lautropia,1,158
"[1930.9352517985612, 294.1726618705036]",Leptotrichia,1,159
"[1928.4315789473685, 904.8210526315789]",Leptotrichia,1,160
"[1935.3933333333334, 684.98]",Leptotrichia,1,161
"[1928.6612903225807, 1139.1290322580646]",TM7,1,162
"[1931.0, 1163.8545454545454]",Prevotella,1,163
"[1931.5906040268455, 1263.8053691275168]",TM7,1,164
"[1930.7181818181818, 1307.7818181818182]",Fusobacterium,1,165
"[1934.6091370558377, 1379.1421319796955]",Actinomyces,1,166
"[1931.48623853211, 1418.8073394495414]",Prevotella,1,167
"[1943.6554621848738, 1741.9117647058824]",Prevotella,1,168
"[1931.463768115942, 261.4347826086956]",Prevotella,1,169
"[1937.7816091954023, 1234.6264367816093]",Corynebacterium,1,172
"[1930.018691588785, 1689.4018691588785]",Prevotella,1,173
"[1934.388888888889, 413.0444444444444]",Leptotrichia,1,174
"[1935.0121212121212, 920.660606060606]",Leptotrichia,1,175
"[1939.7054794520548, 1433.150684931507]",Prevotella,1,176
"[1939.1441860465115, 1563.386046511628]",Actinomyces,1,177
"[1938.2096774193549, 1638.725806451613]",Prevotella,1,178
"[1938.015873015873, 370.32804232804233]",Leptotrichia,1,179
"[1939.8731707317074, 783.5024390243902]",Leptotrichia,1,180
"[1932.0882352941176, 829.25]",Leptotrichia,1,181
"[1934.2135922330096, 843.4077669902913]",Leptotrichia,1,182
"[1935.9883040935672, 892.0701754385965]",Leptotrichia,1,183
"[1934.8735632183907, 1015.5632183908046]",Leptotrichia,1,184
"[1934.0481927710844, 619.4096385542168]",Leptotrichia,1,185
"[1937.820143884892, 1581.6690647482014]",Prevotella,1,186
"[1937.3548387096773, 515.0322580645161]",Leptotrichia,1,187
"[1946.0161943319838, 563.8987854251012]",Leptotrichia,1,188
"[1934.639175257732, 708.6185567010309]",Leptotrichia,1,189
"[1938.3545454545454, 756.9454545454546]",Leptotrichia,1,190
"[1934.5373134328358, 800.0746268656717]",Leptotrichia,1,191
"[1934.3902439024391, 1076.9512195121952]",TM7,1,193
"[1947.1142857142856, 1217.2122448979592]",Treponema,1,194
"[1938.9291338582677, 724.6850393700787]",Leptotrichia,1,195
"[1936.3508771929824, 1097.5263157894738]",TM7,1,196
"[1937.3235294117646, 192.58823529411765]",Leptotrichia,1,198
"[1942.0086206896551, 229.57327586206895]",Prevotella,1,199
"[1939.0756302521008, 450.16806722689074]",Leptotrichia,1,200
"[1939.9431818181818, 650.6590909090909]",Leptotrichia,1,202
"[1941.0714285714287, 826.7321428571429]",Leptotrichia,1,203
"[1939.964705882353, 975.435294117647]",Lautropia,1,204
"[1937.7065217391305, 1724.391304347826]",Rothia,1,205
"[1946.734439834025, 1778.5933609958506]",Prevotella,1,206
"[1940.8985507246377, 1836.1811594202898]",Streptococcus,1,207
"[1940.7128712871288, 740.1089108910891]",Leptotrichia,1,208
"[1941.993288590604, 1343.4362416107383]",Actinomyces,1,209
"[1937.4266666666667, 1360.6533333333334]",Actinomyces,1,210
"[1941.5681818181818, 1801.9621212121212]",Leptotrichia,1,211
"[1939.345238095238, 1819.7380952380952]",Leptotrichia,1,212
"[1939.5753424657535, 322.0821917808219]",Gemella,1,213
"[1941.3650793650793, 340.8888888888889]",Leptotrichia,1,214
"[1939.7704918032787, 502.1475409836066]",Leptotrichia,1,215
"[1940.5677966101696, 605.7542372881356]",Leptotrichia,1,216
"[1941.9278350515465, 580.5360824742268]",Leptotrichia,1,217
"[1951.6521739130435, 630.1304347826087]",Leptotrichia,1,218
"[1940.7692307692307, 1178.6153846153845]",Selenomonas,1,219
"[1943.5202702702702, 1476.6216216216217]",Prevotella,1,220
"[1944.3300970873786, 1653.8058252427184]",Prevotella,1,221
"[1940.8691588785048, 489.21495327102804]",Leptotrichia,1,222
"[1943.4235294117648, 1109.0470588235294]",Pasteurellaceae,1,223
"[1941.6, 1845.75]",Streptococcus,1,224
"[1944.4571428571428, 1017.7714285714286]",Leptotrichia,1,225
"[1942.3191489361702, 1041.8652482269504]",Leptotrichia,1,226
"[1947.6201117318435, 1613.3016759776535]",Prevotella,1,227
"[1945.830357142857, 1141.767857142857]",TM7,1,228
"[1945.1, 1252.875]",TM7,1,229
"[1944.455357142857, 1323.7232142857142]",Prevotella,1,231
"[1945.752, 1398.8]",Prevotella,1,232
"[1946.4538461538461, 1493.423076923077]",Prevotella,1,233
"[1951.6994535519125, 1694.896174863388]",Prevotella,1,234
"[1946.325925925926, 254.85185185185185]",Leptotrichia,1,235
"[1944.1066666666666, 392.32]",Leptotrichia,1,236
"[1947.2956521739131, 810.3913043478261]",Leptotrichia,1,237
"[1948.9666666666667, 526.3583333333333]",Leptotrichia,1,239
"[1953.2662721893491, 769.4733727810651]",Leptotrichia,1,240
"[1945.4222222222222, 938.3222222222222]",Leptotrichia,1,241
"[1947.6181818181817, 730.8181818181819]",Leptotrichia,1,242
"[1951.136690647482, 851.1007194244604]",Leptotrichia,1,244
"[1948.9454545454546, 178.1727272727273]",Leptotrichia,1,246
"[1949.531914893617, 1079.2978723404256]",Pasteurellaceae,1,247
"[1949.0661764705883, 1515.0882352941176]",Prevotella,1,250
"[1949.7454545454545, 1288.009090909091]",TM7,1,251
"[1948.5263157894738, 665.3552631578947]",Leptotrichia,1,252
"[1951.9577464788733, 1186.6408450704225]",Actinomyces,1,253
"[1950.6826923076924, 1269.7788461538462]",Treponema,1,254
"[1950.5135135135135, 1329.7972972972973]",Porphyromonas,1,255
"[1950.744, 1377.424]",Actinomyces,1,256
"[1948.896551724138, 1462.8103448275863]",Actinomyces,1,257
"[1951.8148148148148, 1761.851851851852]",Lautropia,1,258
"[1951.840909090909, 294.20454545454544]",Prevotella,1,259
"[1951.5254237288136, 309.0508474576271]",Rothia,1,260
"[1950.2388059701493, 321.4925373134328]",Campylobacter,1,261
"[1950.6451612903227, 407.06451612903226]",Leptotrichia,1,262
"[1951.1285714285714, 1529.4142857142858]",Prevotella,1,264
"[1952.7510917030568, 202.14847161572052]",Prevotella,1,265
"[1954.0229007633588, 271.7480916030534]",Leptotrichia,1,266
"[1956.448275862069, 440.6965517241379]",Pasteurellaceae,1,267
"[1953.3958333333333, 477.2291666666667]",Leptotrichia,1,268
"[1951.9272727272728, 615.3272727272728]",Leptotrichia,1,269
"[1952.287356321839, 1039.0114942528735]",Leptotrichia,1,270
"[1958.659420289855, 1234.2463768115942]",Fusobacterium,1,271
"[1956.5338345864661, 424.1578947368421]",Capnocytophaga,1,272
"[1955.1446280991736, 705.4669421487604]",Leptotrichia,1,273
"[1959.241573033708, 862.4606741573034]",Leptotrichia,1,274
"[1954.86, 886.04]",Leptotrichia,1,275
"[1957.8142076502731, 952.9180327868852]",Leptotrichia,1,276
"[1958.9384615384615, 996.7589743589743]",Lautropia,1,277
"[1953.56, 1098.0533333333333]",TM7,1,278
"[1954.4962962962964, 1161.9259259259259]",Corynebacterium,1,279
"[1952.172131147541, 1417.967213114754]",Prevotella,1,280
"[1955.7627118644068, 1445.7881355932204]",Prevotella,1,281
"[1962.2699115044247, 363.7699115044248]",Corynebacterium,1,282
"[1957.8130081300812, 459.520325203252]",Leptotrichia,1,283
"[1954.5955056179776, 678.0449438202247]",Leptotrichia,1,284
"[1956.0588235294117, 1593.0686274509803]",Prevotella,1,286
"[1966.764705882353, 380.6848739495798]",Pasteurellaceae,1,287
"[1962.9022988505747, 932.6264367816092]",Leptotrichia,1,288
"[1953.7, 1116.06]",TM7,1,290
"[1957.8863636363637, 1350.8011363636363]",Actinomyces,1,291
"[1958.841726618705, 1624.5395683453237]",Actinomyces,1,292
"[1957.86013986014, 1673.986013986014]",Prevotella,1,293
"[1960.0065789473683, 513.0657894736842]",Leptotrichia,1,294
"[1959.3851851851853, 899.4074074074074]",Leptotrichia,1,295
"[1956.7735849056603, 918.4811320754717]",Leptotrichia,1,296
"[1954.298245614035, 1303.0]",Fusobacterium,1,297
"[1959.8629032258063, 1576.491935483871]",Prevotella,1,298
"[1956.6666666666667, 643.8947368421053]",Leptotrichia,1,299
"[1966.6745762711864, 750.6813559322034]",Leptotrichia,1,300
"[1959.378947368421, 1068.3894736842105]",Pasteurellaceae,1,301
"[1959.9767441860465, 1715.2790697674418]",Prevotella,1,302
"[1963.1103896103896, 334.73376623376623]",TM7,1,303
"[1958.6612903225807, 494.86290322580646]",Leptotrichia,1,304
"[1957.7553191489362, 541.2765957446809]",Leptotrichia,1,305
"[1963.0406976744187, 793.8197674418604]",Leptotrichia,1,306
"[1960.1209677419354, 658.6370967741935]",Leptotrichia,1,307
"[1960.4619565217392, 829.2391304347826]",Leptotrichia,1,308
"[1958.0849056603774, 974.8490566037735]",Leptotrichia,1,309
"[1961.0072463768115, 1256.1376811594203]",Corynebacterium,1,310
"[1958.581081081081, 1542.3513513513512]",Prevotella,1,311
"[1959.53, 1644.24]",Prevotella,1,312
"[1957.909090909091, 1820.4818181818182]",Lautropia,1,313
"[1966.5103448275863, 255.35172413793103]",Leptotrichia,1,314
"[1963.6081081081081, 590.0337837837837]",Leptotrichia,1,315
"[1961.7722772277227, 609.4653465346535]",Leptotrichia,1,316
"[1962.4598540145985, 1023.2992700729927]",Leptotrichia,1,318
"[1961.254716981132, 1804.198113207547]",Prevotella,1,319
"[1962.1492537313434, 1112.8955223880596]",Fusobacterium,1,321
"[1969.595652173913, 230.26521739130436]",Lautropia,1,322
"[1963.1014492753623, 691.3478260869565]",Leptotrichia,1,323
"[1962.3809523809523, 1126.8095238095239]",TM7,1,324
"[1962.7966101694915, 1659.8135593220338]",Prevotella,1,325
"[1967.8816568047337, 1825.0591715976332]",Prevotella,1,326
"[1961.6415094339623, 411.54716981132077]",Treponema,1,327
"[1965.7041420118344, 1145.4023668639054]",Corynebacterium,1,328
"[1965.0594059405942, 1491.2574257425742]",Actinomyces,1,329
"[1965.6631578947367, 1737.8947368421052]",Prevotella,1,330
"[1963.6625, 1789.1125]",Prevotella,1,332
"[1963.98347107438, 1847.4710743801652]",Prevotella,1,333
"[1964.212765957447, 316.9468085106383]",Rothia,1,334
"[1963.1097560975609, 1374.5]",Actinomyces,1,335
"[1967.140625, 1512.8828125]",Actinomyces,1,336
"[1969.7342657342658, 1721.006993006993]",Prevotella,1,337
"[1968.7425742574258, 731.2277227722773]",Leptotrichia,1,338
"[1965.0588235294117, 1056.4901960784314]",TM7,1,339
"[1964.1447368421052, 1293.6184210526317]",Corynebacterium,1,341
"[1966.4, 471.86]",Leptotrichia,1,342
"[1967.0, 1217.9318181818182]",Leptotrichia,1,343
"[1966.8247422680413, 1329.1443298969073]",Neisseriaceae,1,344
"[1972.2569169960475, 1402.4664031620553]",Prevotella,1,345
"[1974.0373443983403, 1463.5809128630706]",Prevotella,1,346
"[1973.5294117647059, 1604.8294117647058]",Actinomyces,1,347
"[1968.8533333333332, 296.79333333333335]",TM7,1,348
"[1980.5836177474403, 1106.6211604095563]",Corynebacterium,1,349
"[1968.8490566037735, 1308.7264150943397]",Fusobacterium,1,350
"[1970.0865384615386, 1774.0]",Prevotella,1,351
"[1976.5889570552147, 533.9263803680982]",Leptotrichia,1,352
"[1969.7211538461538, 716.75]",Leptotrichia,1,353
"[1971.2475247524753, 1183.5643564356435]",Prevotella,1,354
"[1967.942857142857, 1549.2571428571428]",Prevotella,1,355
"[1973.137254901961, 167.1764705882353]",Leptotrichia,1,356
"[1975.0310559006211, 211.98136645962734]",Leptotrichia,1,357
"[1970.9537037037037, 1081.4444444444443]",Leptotrichia,1,359
"[1975.3382352941176, 402.16911764705884]",Pasteurellaceae,1,361
"[1970.35, 624.0333333333333]",Leptotrichia,1,362
"[1970.2325581395348, 1049.0348837209303]",Leptotrichia,1,363
"[1969.566037735849, 1354.0188679245282]",Fusobacterium,1,364
"[1976.8543689320388, 1437.0]",Prevotella,1,365
"[1976.125786163522, 1563.2641509433963]",Prevotella,1,366
"[1976.9738562091504, 1584.751633986928]",Prevotella,1,367
"[1978.1258278145694, 1666.5960264900662]",Prevotella,1,368
"[1971.433962264151, 484.39622641509436]",Leptotrichia,1,369
"[1974.112359550562, 512.4606741573034]",Leptotrichia,1,370
"[1973.4432989690722, 638.5979381443299]",Leptotrichia,1,371
"[1975.6603773584907, 805.5094339622641]",Leptotrichia,1,372
"[1972.611570247934, 981.1074380165289]",Leptotrichia,1,373
"[1972.4736842105262, 1616.5438596491229]",Porphyromonas,1,374
"[1976.7467532467533, 1687.6103896103896]",Prevotella,1,375
"[1975.5615384615385, 247.85384615384615]",Leptotrichia,1,376
"[1975.3021582733813, 273.23021582733816]",Pasteurellaceae,1,377
"[1973.675, 606.75]",Leptotrichia,1,378
"[1972.0736842105264, 876.4736842105264]",Leptotrichia,1,379
"[1973.4942528735633, 457.60919540229884]",Leptotrichia,1,380
"[1973.0396825396826, 570.1428571428571]",Leptotrichia,1,381
"[1977.0078125, 1006.984375]",Prevotella,1,382
"[1975.3518518518517, 1366.4814814814815]",Actinomyces,1,383
"[1979.5, 1633.2111111111112]",Actinomyces,1,385
"[1976.919191919192, 1651.3131313131314]",Prevotella,1,386
"[1980.8961038961038, 1756.4545454545455]",Prevotella,1,387
"[1975.28, 498.9066666666667]",Leptotrichia,1,388
"[1975.4651162790697, 892.6821705426356]",Leptotrichia,1,389
"[1976.6490066225165, 1200.0860927152319]",Prevotella,1,390
"[1976.659090909091, 1253.9545454545455]",Treponema,1,391
"[1976.448, 1292.168]",Fusobacterium,1,392
"[1977.4097222222222, 1706.8819444444443]",Prevotella,1,393
"[1975.6126126126126, 436.6306306306306]",Leptotrichia,1,395
"[1981.85, 676.8555555555556]",Leptotrichia,1,396
"[1980.3459119496856, 696.3270440251572]",Leptotrichia,1,397
"[1978.3358208955224, 1027.0074626865671]",Corynebacterium,1,398
"[1974.8877551020407, 1124.3265306122448]",Selenomonas,1,399
"[1974.0746268656717, 1272.3880597014925]",Selenomonas,1,400
"[1975.3157894736842, 321.2631578947368]",Pasteurellaceae,1,401
"[1976.233870967742, 345.88709677419354]",Pasteurellaceae,1,402
"[1978.5625, 548.9791666666666]",Leptotrichia,1,403
"[1986.16, 652.56]",Leptotrichia,1,404
"[1981.4, 782.4692307692308]",Leptotrichia,1,405
"[1976.8817204301076, 829.0537634408602]",Leptotrichia,1,406
"[1981.5933333333332, 914.48]",Leptotrichia,1,407
"[1975.5, 1170.7692307692307]",TM7,1,409
"[1976.183908045977, 1791.287356321839]",Prevotella,1,410
"[1976.9473684210527, 1847.1184210526317]",Streptococcus,1,411
"[1978.010752688172, 1234.0645161290322]",Selenomonas,1,412
"[1978.4854368932038, 1315.9805825242718]",Fusobacterium,1,413
"[1978.6285714285714, 1494.5809523809523]",Porphyromonas,1,414
"[1978.3384615384616, 1531.3538461538462]",Actinomyces,1,415
"[1979.44, 945.24]",Prevotella,1,416
"[1983.7984790874525, 848.6958174904943]",Leptotrichia,1,417
"[1982.357142857143, 1141.4285714285713]",Veillonella,1,418
"[1979.6351351351352, 623.7837837837837]",Leptotrichia,1,419
"[1985.009900990099, 1337.990099009901]",Actinomyces,1,420
"[1987.1538461538462, 1806.1221719457014]",Prevotella,1,421
"[1982.6373626373627, 195.17582417582418]",Leptotrichia,1,423
"[1985.0568181818182, 929.875]",Leptotrichia,1,424
"[1985.3795620437957, 964.2116788321168]",Leptotrichia,1,425
"[1985.5185185185185, 1739.0666666666666]",Prevotella,1,426
"[1988.8509316770187, 180.28571428571428]",Leptotrichia,1,427
"[1988.4195402298851, 992.1724137931035]",Leptotrichia,1,428
"[1985.4954128440368, 477.2110091743119]",Leptotrichia,1,430
"[1985.0754716981132, 1068.6509433962265]",Leptotrichia,1,431
"[1983.909090909091, 1390.0727272727272]",Porphyromonas,1,432
"[1985.2631578947369, 366.7543859649123]",Corynebacterium,1,433
"[1993.0871794871796, 299.85641025641024]",Corynebacterium,1,437
"[1992.1584905660377, 319.3245283018868]",Leptotrichia,1,438
"[1988.2222222222222, 390.69444444444446]",Leptotrichia,1,439
"[1989.9333333333334, 613.4555555555555]",Leptotrichia,1,440
"[1986.36, 868.44]",Leptotrichia,1,441
"[1986.5959595959596, 1159.7777777777778]",Prevotella,1,442
"[1985.301886792453, 1176.0943396226414]",Rothia,1,443
"[1987.327731092437, 1219.0336134453783]",Leptotrichia,1,444
"[1984.842105263158, 1545.4561403508771]",Actinomyces,1,445
"[1986.871794871795, 563.008547008547]",Leptotrichia,1,446
"[1986.537037037037, 601.3333333333334]",Leptotrichia,1,447
"[1990.2485549132948, 716.121387283237]",Leptotrichia,1,448
"[1987.2288135593221, 1422.9915254237287]",Actinomyces,1,449
"[1991.010152284264, 1720.979695431472]",Prevotella,1,450
"[1988.0074074074073, 1778.674074074074]",Prevotella,1,451
"[1987.25, 415.3645833333333]",Treponema,1,452
"[1990.2534562211981, 756.1935483870968]",Leptotrichia,1,453
"[1990.9021739130435, 796.3478260869565]",Leptotrichia,1,454
"[1986.4833333333333, 884.65]",Leptotrichia,1,455
"[1987.621052631579, 1084.042105263158]",Leptotrichia,1,456
"[1990.070588235294, 1286.7764705882353]",TM7,1,457
"[1987.8117647058823, 1513.070588235294]",Actinomyces,1,459
"[1999.1220472440946, 1862.1023622047244]",Streptococcus,1,460
"[1997.1666666666667, 160.8125]",Leptotrichia,1,461
"[1988.542372881356, 828.3559322033898]",Leptotrichia,1,462
"[1987.66, 1405.56]",Rothia,1,463
"[1992.9495798319329, 355.9075630252101]",Corynebacterium,1,464
"[1992.2727272727273, 430.3057851239669]",Leptotrichia,1,465
"[1992.2466367713005, 452.30941704035877]",Leptotrichia,1,466
"[1992.2364864864865, 1366.6891891891892]",Prevotella,1,467
"[1990.2328767123288, 1620.0684931506848]",Porphyromonas,1,468
"[1992.9779411764705, 1452.25]",Prevotella,1,469
"[1991.4615384615386, 1528.8131868131868]",Actinomyces,1,470
"[1992.4516129032259, 1558.6129032258063]",Actinomyces,1,471
"[1992.7142857142858, 1597.0]",Prevotella,1,472
"[1996.9925925925927, 207.4814814814815]",Leptotrichia,1,473
"[1993.7391304347825, 523.8913043478261]",Leptotrichia,1,474
"[1999.7942583732058, 978.0430622009569]",Leptotrichia,1,475
"[2002.313725490196, 257.3529411764706]",Leptotrichia,1,477
"[1997.2345679012346, 497.5061728395062]",Leptotrichia,1,479
"[1994.3902439024391, 1053.1158536585365]",Leptotrichia,1,480
"[1992.6268656716418, 1236.044776119403]",Corynebacterium,1,481
"[1995.3037037037036, 1265.8148148148148]",Leptotrichia,1,482
"[1995.5882352941176, 1394.2941176470588]",Actinomyces,1,483
"[1994.4430379746836, 346.1898734177215]",Corynebacterium,1,485
"[1993.8625, 631.425]",Leptotrichia,1,486
"[1992.87, 1029.1]",Corynebacterium,1,488
"[1994.0277777777778, 1189.6944444444443]",Prevotella,1,489
"[1994.2236842105262, 1314.2434210526317]",Fusobacterium,1,490
"[1996.125, 1485.6510416666667]",Prevotella,1,491
"[1995.4197530864199, 221.320987654321]",Leptotrichia,1,492
"[1994.861111111111, 736.3194444444445]",Leptotrichia,1,493
"[1995.8809523809523, 841.6547619047619]",Leptotrichia,1,494
"[2001.5588235294117, 901.8151260504202]",Leptotrichia,1,495
"[2000.2163742690059, 1575.298245614035]",Prevotella,1,496
"[1998.970760233918, 1652.8654970760233]",Prevotella,1,497
"[1998.8308823529412, 272.2720588235294]",Leptotrichia,1,498
"[1999.2857142857142, 374.51190476190476]",Corynebacterium,1,499
"[1997.7610619469026, 589.6725663716815]",Leptotrichia,1,500
"[1997.8731343283582, 697.6044776119403]",Leptotrichia,1,501
"[1999.8918918918919, 865.3063063063063]",Leptotrichia,1,502
"[1994.155172413793, 1638.1724137931035]",Prevotella,1,503
"[1998.7972027972028, 1687.5104895104896]",Prevotella,1,504
"[1995.837837837838, 942.7297297297297]",Leptotrichia,1,505
"[2002.3785046728972, 1211.3177570093458]",Treponema,1,506
"[2002.513888888889, 1293.8796296296296]",Fusobacterium,1,507
"[1997.6438356164383, 1466.150684931507]",Prevotella,1,508
"[2003.987341772152, 511.7151898734177]",Leptotrichia,1,509
"[2002.6166666666666, 671.3722222222223]",Leptotrichia,1,510
"[1998.6050420168067, 1130.6218487394958]",Fusobacterium,1,511
"[2002.7414965986395, 1704.1632653061224]",Prevotella,1,512
"[1998.34, 569.88]",Leptotrichia,1,513
"[1999.4642857142858, 771.8928571428571]",Leptotrichia,1,514
"[2003.855072463768, 928.5942028985507]",Pasteurellaceae,1,515
"[1996.876923076923, 1103.2307692307693]",TM7,1,516
"[2004.9227467811158, 1352.931330472103]",Prevotella,1,518
"[1999.8390804597702, 238.19540229885058]",Pasteurellaceae,1,519
"[2003.5563909774437, 1548.1278195488721]",Prevotella,1,523
"[2009.537037037037, 1770.513888888889]",Prevotella,1,524
"[2002.2777777777778, 1785.2555555555555]",Prevotella,1,525
"[2004.2384615384615, 1821.0615384615385]",Prevotella,1,526
"[2003.1489361702127, 725.3191489361702]",Leptotrichia,1,527
"[2014.6794582392777, 788.8081264108353]",Leptotrichia,1,528
"[2002.704918032787, 1840.1420765027322]",Lautropia,1,529
"[2002.6559139784947, 191.7311827956989]",Leptotrichia,1,530
"[2008.6688311688313, 447.3766233766234]",Leptotrichia,1,531
"[2003.4558823529412, 581.0]",Leptotrichia,1,532
"[2005.8805970149253, 1081.3283582089553]",Leptotrichia,1,535
"[2003.8823529411766, 1374.1274509803923]",Prevotella,1,536
"[2004.7109375, 1411.890625]",Actinomyces,1,537
"[2001.1408450704225, 1741.3098591549297]",Prevotella,1,538
"[2005.8655462184875, 548.4117647058823]",Leptotrichia,1,540
"[2007.4742268041236, 685.9175257731958]",Leptotrichia,1,541
"[2008.921686746988, 947.7048192771084]",Leptotrichia,1,542
"[2002.25, 1167.3666666666666]",Prevotella,1,543
"[2004.5149253731342, 826.3805970149253]",Leptotrichia,1,545
"[2009.6814516129032, 1624.9596774193549]",Actinomyces,1,546
"[2004.0294117647059, 469.77941176470586]",Leptotrichia,1,547
"[2004.1648351648353, 615.6043956043956]",Leptotrichia,1,548
"[2006.4137931034484, 1012.6954022988506]",Prevotella,1,549
"[2004.923076923077, 1435.2211538461538]",Prevotella,1,550
"[2005.6106870229007, 1513.793893129771]",Actinomyces,1,551
"[2009.3174603174602, 1675.484126984127]",Prevotella,1,552
"[2006.0434782608695, 633.9239130434783]",Leptotrichia,1,553
"[2005.4333333333334, 1339.6833333333334]",Prevotella,1,554
"[2005.2962962962963, 1528.4814814814815]",Actinomyces,1,555
"[2005.7065217391305, 1752.2173913043478]",Prevotella,1,556
"[2007.9493670886077, 393.0632911392405]",Corynebacterium,1,557
"[2005.25, 414.61538461538464]",Corynebacterium,1,558
"[2008.7107438016528, 565.7768595041322]",Leptotrichia,1,559
"[2010.1473684210525, 598.8736842105263]",Leptotrichia,1,560
"[2013.2101910828026, 742.4203821656051]",Leptotrichia,1,562
"[2008.3866666666668, 851.1733333333333]",Leptotrichia,1,564
"[2010.0568181818182, 1053.1193181818182]",Lautropia,1,565
"[2009.75, 1115.076388888889]",Leptotrichia,1,566
"[2009.1584158415842, 1273.3762376237623]",Leptotrichia,1,567
"[2010.0416666666667, 1094.6770833333333]",Leptotrichia,1,569
"[2009.1754385964912, 1230.122807017544]",TM7,1,570
"[2012.0671641791046, 1607.55223880597]",Prevotella,1,572
"[2008.5, 226.98333333333332]",Leptotrichia,1,573
"[2016.0288461538462, 759.8846153846154]",Leptotrichia,1,574
"[2011.4095238095238, 877.9904761904762]",Leptotrichia,1,575
"[2010.9625, 1144.75]",Prevotella,1,576
"[2020.0297872340425, 1178.8085106382978]",Prevotella,1,577
"[2008.8032786885246, 1400.8196721311476]",Actinomyces,1,578
"[2009.6206896551723, 1463.603448275862]",Prevotella,1,579
"[2009.892857142857, 1560.0]",Prevotella,1,580
"[2009.929411764706, 1806.3529411764705]",Prevotella,1,581
"[2010.28, 146.2]",Leptotrichia,1,582
"[2023.8021582733813, 1156.4496402877699]",Prevotella,1,583
"[2009.1267605633802, 1327.887323943662]",Prevotella,1,584
"[2012.2307692307693, 1725.826923076923]",Prevotella,1,585
"[2009.439393939394, 1196.8333333333333]",Prevotella,1,586
"[2012.7591240875913, 1478.85401459854]",Actinomyces,1,587
"[2014.0, 286.10714285714283]",Corynebacterium,1,588
"[2017.62, 817.1733333333333]",Leptotrichia,1,589
"[2014.7010869565217, 1246.4619565217392]",Leptotrichia,1,590
"[2017.921052631579, 1312.6776315789473]",Actinomyces,1,591
"[2012.0380952380951, 1590.7428571428572]",Prevotella,1,592
"[2012.2631578947369, 199.47368421052633]",Leptotrichia,1,593
"[2014.25, 238.5]",Corynebacterium,1,594
"[2015.1681415929204, 353.1061946902655]",Leptotrichia,1,595
"[2016.0470588235294, 368.7529411764706]",Corynebacterium,1,596
"[2014.0731707317073, 965.1341463414634]",Capnocytophaga,1,597
"[2017.3435582822085, 1028.8527607361964]",Leptotrichia,1,598
"[2016.3057851239669, 128.86776859504133]",Treponema,1,599
"[2013.8666666666666, 417.65]",Pasteurellaceae,1,600
"[2015.4606741573034, 616.685393258427]",Leptotrichia,1,601
"[2017.3846153846155, 989.7980769230769]",Leptotrichia,1,602
"[2017.0925925925926, 1070.2037037037037]",Leptotrichia,1,603
"[2017.7932692307693, 487.08653846153845]",Leptotrichia,1,604
"[2015.0735294117646, 644.9411764705883]",Leptotrichia,1,605
"[2016.0884955752213, 704.0442477876106]",Leptotrichia,1,606
"[2018.0103626943005, 1525.2849740932643]",Actinomyces,1,607
"[2016.547619047619, 330.8095238095238]",Leptotrichia,1,608
"[2017.4444444444443, 590.0555555555555]",Leptotrichia,1,610
"[2017.7826086956522, 838.3695652173913]",Leptotrichia,1,611
"[2027.392857142857, 310.4642857142857]",Pasteurellaceae,1,613
"[2022.1068702290077, 384.0763358778626]",Corynebacterium,1,614
"[2019.2554744525548, 404.5620437956204]",Corynebacterium,1,615
"[2017.4, 722.2117647058824]",Leptotrichia,1,616
"[2025.6968503937007, 1365.984251968504]",Prevotella,1,618
"[2020.0094339622642, 1407.3962264150944]",Actinomyces,1,619
"[2025.9763313609467, 1644.2721893491125]",Prevotella,1,620
"[2024.3333333333333, 1679.654970760234]",Prevotella,1,621
"[2020.8692810457517, 1698.6143790849674]",Prevotella,1,622
"[2020.4123711340205, 662.9381443298969]",Leptotrichia,1,623
"[2018.2413793103449, 1450.4827586206898]",Actinomyces,1,624
"[2022.0485436893205, 1463.4368932038835]",Actinomyces,1,625
"[2019.0, 172.57926829268294]",Leptotrichia,1,626
"[2025.1714285714286, 470.97857142857146]",Leptotrichia,1,627
"[2028.010101010101, 859.3838383838383]",Leptotrichia,1,628
"[2024.5227272727273, 918.0454545454545]",Leptotrichia,1,629
"[2022.2739726027398, 1658.376712328767]",Prevotella,1,630
"[2022.9447513812154, 1794.1049723756905]",Prevotella,1,631
"[2020.0898876404494, 1835.7977528089887]",Lautropia,1,632
"[2024.440251572327, 225.06289308176102]",Corynebacterium,1,633
"[2023.5479452054794, 523.3013698630137]",Leptotrichia,1,634
"[2024.2020202020203, 603.7878787878788]",Leptotrichia,1,635
"[2022.0144927536232, 1423.1014492753623]",Actinomyces,1,637
"[2031.7698113207548, 1753.4301886792452]",Actinomyces,1,638
"[2020.5471698113208, 883.1698113207547]",Leptotrichia,1,640
"[2022.016393442623, 1204.6475409836066]",Prevotella,1,641
"[2021.1782945736434, 1293.8139534883721]",Porphyromonas,1,642
"[2021.0298507462687, 1392.5223880597016]",Prevotella,1,643
"[2031.5, 1859.8325358851675]",Leptotrichia,1,644
"[2027.0604395604396, 550.2857142857143]",Leptotrichia,1,645
"[2022.031746031746, 1326.857142857143]",Prevotella,1,647
"[2027.936170212766, 1571.259574468085]",Prevotella,1,648
"[2022.344827586207, 1818.655172413793]",Prevotella,1,650
"[2025.4485981308412, 688.9252336448598]",Leptotrichia,1,651
"[2024.5625, 846.09375]",Leptotrichia,1,652
"[2026.467889908257, 973.8623853211009]",Pasteurellaceae,1,653
"[2025.4625, 898.1625]",Leptotrichia,1,655
"[2024.5555555555557, 1016.0833333333334]",Leptotrichia,1,656
"[2030.5338983050847, 1448.2627118644068]",Porphyromonas,1,657
"[2030.5755395683454, 1612.8561151079136]",Prevotella,1,658
"[2027.6788321167883, 1721.109489051095]",Prevotella,1,659
"[2026.0192307692307, 568.2307692307693]",Leptotrichia,1,660
"[2027.7439024390244, 723.7621951219512]",Leptotrichia,1,661
"[2026.4521739130435, 1127.2782608695652]",Prevotella,1,662
"[2027.360655737705, 1497.1475409836066]",Prevotella,1,663
"[2028.8686131386862, 1591.948905109489]",Porphyromonas,1,664
"[2026.6190476190477, 209.61904761904762]",Corynebacterium,1,665
"[2027.9038461538462, 343.50961538461536]",Leptotrichia,1,666
"[2033.3566433566434, 421.9300699300699]",Leptotrichia,1,667
"[2027.5471698113208, 937.5471698113207]",Leptotrichia,1,668
"[2031.675, 1105.575]",Leptotrichia,1,669
"[2038.7136563876652, 1229.0484581497797]",Prevotella,1,670
"[2037.9147727272727, 1838.3977272727273]",Leptotrichia,1,671
"[2027.1549295774648, 140.83098591549296]",Leptotrichia,1,672
"[2032.3315217391305, 243.2336956521739]",Corynebacterium,1,673
"[2027.1636363636364, 260.2181818181818]",Corynebacterium,1,674
"[2032.3523316062176, 275.60103626943004]",Corynebacterium,1,675
"[2029.009900990099, 645.2574257425742]",Leptotrichia,1,676
"[2027.622950819672, 1480.377049180328]",Actinomyces,1,677
"[2035.4567901234568, 1525.0771604938273]",Actinomyces,1,678
"[2036.1310344827587, 1738.9448275862069]",Prevotella,1,679
"[2029.2222222222222, 152.93650793650792]",Leptotrichia,1,680
"[2030.1846153846154, 201.1076923076923]",Corynebacterium,1,681
"[2029.8433734939758, 957.843373493976]",Pasteurellaceae,1,682
"[2034.9223300970873, 508.3009708737864]",Leptotrichia,1,685
"[2032.3600000000001, 1068.88]",Leptotrichia,1,688
"[2037.2845849802372, 1717.498023715415]",Prevotella,1,689
"[2033.10989010989, 585.6593406593406]",Leptotrichia,1,690
"[2031.9242424242425, 702.6515151515151]",Leptotrichia,1,691
"[2032.7802197802198, 773.1318681318681]",Leptotrichia,1,692
"[2032.7739130434784, 876.4956521739131]",Leptotrichia,1,693
"[2031.9714285714285, 1040.4952380952382]",Leptotrichia,1,694
"[2034.1145038167938, 125.86259541984732]",Lautropia,1,695
"[2035.211055276382, 184.12060301507537]",Leptotrichia,1,696
"[2036.1142857142856, 359.3285714285714]",Leptotrichia,1,697
"[2035.6648936170213, 749.1968085106383]",Leptotrichia,1,698
"[2035.4496644295302, 814.3825503355705]",Leptotrichia,1,699
"[2031.8961038961038, 1003.077922077922]",Leptotrichia,1,700
"[2035.59375, 1191.5104166666667]",Prevotella,1,701
"[2031.9484536082475, 1248.0515463917525]",TM7,1,702
"[2034.2115384615386, 1400.1346153846155]",Actinomyces,1,703
"[2034.5757575757575, 214.3181818181818]",Corynebacterium,1,704
"[2037.774358974359, 1087.1692307692308]",Leptotrichia,1,705
"[2036.375, 1381.2583333333334]",Prevotella,1,706
"[2034.3977272727273, 402.0113636363636]",Corynebacterium,1,707
"[2039.2638036809817, 454.14723926380367]",Leptotrichia,1,708
"[2035.411111111111, 1418.5777777777778]",Actinomyces,1,709
"[2039.5483870967741, 1438.5677419354838]",Porphyromonas,1,710
"[2034.267857142857, 985.1607142857143]",Leptotrichia,1,711
"[2035.7936507936508, 1022.936507936508]",Leptotrichia,1,712
"[2037.409090909091, 1287.190082644628]",Fusobacterium,1,713
"[2035.7866666666666, 1328.1866666666667]",Prevotella,1,714
"[2034.0483870967741, 1817.467741935484]",Prevotella,1,715
"[2041.0285714285715, 437.10714285714283]",Leptotrichia,1,717
"[2037.6100000000001, 1052.34]",Leptotrichia,1,719
"[2039.4186046511627, 1550.2093023255813]",Prevotella,1,720
"[2035.5675675675675, 1770.7702702702702]",Streptococcus,1,721
"[2038.6627906976744, 487.2906976744186]",Leptotrichia,1,722
"[2042.725806451613, 1461.1370967741937]",Actinomyces,1,723
"[2038.4237288135594, 295.52542372881356]",TM7,1,724
"[2038.8701298701299, 535.5714285714286]",Leptotrichia,1,725
"[2046.3046357615895, 633.2781456953643]",Leptotrichia,1,726
"[2046.0842696629213, 665.5280898876405]",Leptotrichia,1,727
"[2040.0, 1250.8650793650793]",Selenomonas,1,728
"[2041.984496124031, 1206.2093023255813]",Leptotrichia,1,729
"[2041.6190476190477, 1345.847619047619]",Prevotella,1,730
"[2041.5540540540542, 1511.4324324324325]",Actinomyces,1,731
"[2044.6148148148147, 1709.5111111111112]",Prevotella,1,732
"[2038.7014925373135, 1800.0298507462687]",Streptococcus,1,733
"[2045.6909090909091, 315.8590909090909]",Pasteurellaceae,1,734
"[2040.0169491525423, 680.1355932203389]",Leptotrichia,1,735
"[2042.6962962962964, 1062.2814814814815]",Leptotrichia,1,736
"[2040.453125, 1136.953125]",Lautropia,1,737
"[2044.712962962963, 262.01851851851853]",Corynebacterium,1,738
"[2042.2, 371.8705882352941]",Corynebacterium,1,739
"[2044.5436893203882, 1324.9708737864078]",Prevotella,1,741
"[2045.025, 1624.175]",Prevotella,1,742
"[2044.9710144927535, 1669.3985507246377]",Prevotella,1,743
"[2041.5972222222222, 1824.4583333333333]",Prevotella,1,744
"[2044.0940594059407, 103.95544554455445]",Pasteurellaceae,1,745
"[2042.8863636363635, 732.4431818181819]",Leptotrichia,1,746
"[2045.5060240963855, 821.0843373493976]",Leptotrichia,1,747
"[2052.3293172690765, 1309.8473895582329]",Actinomyces,1,749
"[2044.162162162162, 1478.009009009009]",Prevotella,1,750
"[2051.5672268907565, 1495.5420168067226]",Prevotella,1,751
"[2041.8166666666666, 1637.5333333333333]",Prevotella,1,752
"[2047.2640000000001, 597.544]",Leptotrichia,1,753
"[2047.6797385620914, 613.4771241830065]",Leptotrichia,1,754
"[2047.35838150289, 714.3699421965318]",Leptotrichia,1,755
"[2046.132530120482, 1120.0301204819277]",Lautropia,1,756
"[2044.4927536231885, 1168.144927536232]",Prevotella,1,757
"[2046.4112149532712, 471.41121495327104]",Leptotrichia,1,759
"[2046.4040404040404, 569.7070707070707]",Leptotrichia,1,760
"[2052.8917525773195, 899.139175257732]",Leptotrichia,1,761
"[2045.4117647058824, 930.3382352941177]",Leptotrichia,1,762
"[2043.55, 955.525]",Leptotrichia,1,763
"[2045.8505747126437, 129.75862068965517]",Leptotrichia,1,764
"[2045.6527777777778, 765.7638888888889]",Leptotrichia,1,765
"[2052.9117647058824, 805.9754901960785]",Corynebacterium,1,766
"[2047.4857142857143, 916.3904761904762]",Leptotrichia,1,767
"[2045.72, 1405.24]",Actinomyces,1,768
"[2050.6492146596856, 1694.3560209424083]",Prevotella,1,769
"[2046.0877192982457, 1766.280701754386]",Prevotella,1,770
"[2046.9791666666667, 1879.1041666666667]",Actinomyces,1,771
"[2047.355828220859, 159.70552147239263]",Leptotrichia,1,772
"[2048.6782608695653, 507.75652173913045]",Leptotrichia,1,773
"[2051.2827586206895, 525.3172413793103]",Leptotrichia,1,774
"[2046.7964071856288, 847.5688622754491]",Leptotrichia,1,776
"[2047.24, 1149.6666666666667]",Actinomyces,1,778
"[2051.37012987013, 1596.7467532467533]",Actinomyces,1,780
"[2046.6144578313254, 1655.0602409638554]",Prevotella,1,781
"[2047.357142857143, 1787.669642857143]",Prevotella,1,782
"[2046.9404761904761, 980.6904761904761]",Leptotrichia,1,784
"[2047.0188679245284, 1004.566037735849]",Leptotrichia,1,785
"[2051.581818181818, 277.90909090909093]",Corynebacterium,1,786
"[2048.551724137931, 1179.2586206896551]",Prevotella,1,787
"[2052.74358974359, 1286.0128205128206]",Porphyromonas,1,788
"[2051.3483146067415, 1417.0112359550562]",Prevotella,1,789
"[2050.6942675159235, 1575.5286624203823]",Prevotella,1,790
"[2051.0, 1811.1447368421052]",Leptotrichia,1,791
"[2049.9483282674773, 219.72948328267478]",Leptotrichia,1,792
"[2049.954954954955, 1026.945945945946]",Leptotrichia,1,793
"[2053.5113636363635, 1071.2045454545455]",Leptotrichia,1,794
"[2054.981818181818, 1641.5272727272727]",Prevotella,1,795
"[2054.0299145299145, 85.44444444444444]",Corynebacterium,1,796
"[2051.0666666666666, 420.54814814814813]",Leptotrichia,1,797
"[2049.6, 783.36]",Leptotrichia,1,798
"[2052.3733333333334, 1258.92]",Fusobacterium,1,799
"[2054.1139240506327, 380.4240506329114]",Pasteurellaceae,1,801
"[2054.0825688073396, 884.8807339449542]",Leptotrichia,1,803
"[2052.633333333333, 973.8333333333334]",Leptotrichia,1,804
"[2059.2922077922076, 1545.6623376623377]",Actinomyces,1,805
"[2051.55, 1614.0666666666666]",Prevotella,1,806
"[2056.326241134752, 867.1702127659574]",Leptotrichia,1,808
"[2055.2, 490.8]",Leptotrichia,1,810
"[2055.10843373494, 582.6144578313254]",Leptotrichia,1,811
"[2054.7244897959185, 833.4285714285714]",Leptotrichia,1,813
"[2055.18125, 1370.26875]",Prevotella,1,815
"[2055.2165605095543, 175.71337579617835]",Pasteurellaceae,1,816
"[2055.2688172043013, 251.44086021505376]",Veillonella,1,817
"[2061.2865168539324, 339.19662921348316]",Corynebacterium,1,818
"[2056.2763157894738, 1037.3552631578948]",Leptotrichia,1,819
"[2055.8714285714286, 1387.7142857142858]",Actinomyces,1,820
"[2063.739534883721, 284.2325581395349]",Corynebacterium,1,821
"[2056.4848484848485, 354.19191919191917]",Pasteurellaceae,1,822
"[2057.669902912621, 454.3398058252427]",Leptotrichia,1,823
"[2057.6862745098038, 552.9313725490196]",Leptotrichia,1,824
"[2055.1285714285714, 1187.5285714285715]",Porphyromonas,1,826
"[2056.7757009345796, 1346.0654205607477]",Actinomyces,1,827
"[2057.900709219858, 1474.340425531915]",Prevotella,1,828
"[2059.7635135135133, 1844.0945945945946]",Leptotrichia,1,829
"[2058.8125, 401.28472222222223]",Leptotrichia,1,830
"[2059.1428571428573, 663.452380952381]",Leptotrichia,1,831
"[2058.9054054054054, 1124.7162162162163]",Lautropia,1,832
"[2063.0995475113123, 1434.8823529411766]",Prevotella,1,833
"[2057.597701149425, 1827.7241379310344]",Lautropia,1,834
"[2060.9032258064517, 124.9758064516129]",Corynebacterium,1,835
"[2058.5285714285715, 702.7142857142857]",Leptotrichia,1,836
"[2059.128712871287, 760.6435643564356]",Leptotrichia,1,837
"[2060.890243902439, 921.0121951219512]",Leptotrichia,1,838
"[2058.027027027027, 1767.7162162162163]",Prevotella,1,839
"[2064.96174863388, 196.75956284153006]",Corynebacterium,1,840
"[2062.712962962963, 998.425925925926]",Leptotrichia,1,841
"[2059.1182795698924, 1010.010752688172]",Leptotrichia,1,842
"[2061.176470588235, 1216.7963800904977]",Prevotella,1,843
"[2059.688524590164, 984.7704918032787]",Leptotrichia,1,846
"[2061.6310160427806, 1520.711229946524]",Prevotella,1,848
"[2068.8765432098767, 1719.6172839506173]",Prevotella,1,849
"[2059.8133333333335, 1749.4266666666667]",Prevotella,1,850
"[2071.705479452055, 145.66780821917808]",Corynebacterium,1,851
"[2064.395209580838, 629.7964071856287]",Leptotrichia,1,852
"[2062.38202247191, 793.2921348314607]",Corynebacterium,1,853
"[2061.818181818182, 956.3545454545455]",Leptotrichia,1,854
"[2068.2987012987014, 1052.6926406926407]",Leptotrichia,1,855
"[2065.9476744186045, 319.2848837209302]",Corynebacterium,1,856
"[2074.5674603174602, 568.6071428571429]",Leptotrichia,1,857
"[2062.6938775510203, 742.234693877551]",Leptotrichia,1,858
"[2071.25, 935.328947368421]",Leptotrichia,1,859
"[2068.954081632653, 1082.9795918367347]",Prevotella,1,860
"[2063.3711340206187, 1238.5154639175257]",Prevotella,1,861
"[2068.654723127036, 1407.7882736156353]",Actinomyces,1,862
"[2063.336363636364, 1661.2727272727273]",Porphyromonas,1,864
"[2063.5702479338843, 1865.0330578512396]",Leptotrichia,1,865
"[2067.0238095238096, 364.468253968254]",Corynebacterium,1,866
"[2064.8214285714284, 650.8690476190476]",Leptotrichia,1,867
"[2068.583815028902, 1100.9537572254335]",Leptotrichia,1,868
"[2066.331683168317, 1147.2079207920792]",Prevotella,1,869
"[2067.828571428571, 1628.1571428571428]",Prevotella,1,870
"[2071.9880952380954, 480.1388888888889]",Leptotrichia,1,871
"[2065.240963855422, 1195.566265060241]",Porphyromonas,1,872
"[2067.7675675675678, 1804.0486486486486]",Prevotella,1,873
"[2065.8354430379745, 75.39240506329114]",Treponema,1,874
"[2066.2957746478874, 104.0]",Corynebacterium,1,875
"[2068.324324324324, 260.9256756756757]",Veillonella,1,876
"[2065.542857142857, 299.3285714285714]",Corynebacterium,1,877
"[2065.3015873015875, 417.6984126984127]",Leptotrichia,1,878
"[2065.4, 769.4375]",Leptotrichia,1,880
"[2068.6693548387098, 1183.6774193548388]",Streptococcus,1,881
"[2065.5066666666667, 1329.0266666666666]",Porphyromonas,1,882
"[2069.6928104575163, 1680.6209150326797]",Prevotella,1,883
"[2066.3225806451615, 715.6451612903226]",Leptotrichia,1,884
"[2065.910714285714, 1111.607142857143]",Leptotrichia,1,885
"[2073.1779141104294, 1127.6319018404909]",Actinomyces,1,886
"[2073.534296028881, 1253.014440433213]",Porphyromonas,1,887
"[2068.3, 1453.607142857143]",Prevotella,1,888
"[2072.2416356877325, 1584.7546468401488]",Prevotella,1,889
"[2067.777777777778, 1783.5]",Leptotrichia,1,890
"[2070.488888888889, 693.6222222222223]",Leptotrichia,1,891
"[2076.21198156682, 821.0967741935484]",Pasteurellaceae,1,892
"[2068.6260162601625, 845.5853658536586]",Leptotrichia,1,893
"[2075.19209039548, 960.0112994350283]",Leptotrichia,1,894
"[2066.7735849056603, 1353.7358490566037]",Actinomyces,1,895
"[2069.223880597015, 210.7910447761194]",Pasteurellaceae,1,897
"[2070.716417910448, 440.43283582089555]",Leptotrichia,1,898
"[2075.519417475728, 1029.0485436893205]",Leptotrichia,1,901
"[2072.5137614678897, 1275.1467889908256]",Prevotella,1,902
"[2072.7978723404253, 1296.031914893617]",Prevotella,1,903
"[2071.5234899328857, 1606.0738255033557]",Actinomyces,1,904
"[2077.1712962962965, 598.0]",Leptotrichia,1,905
"[2071.5333333333333, 614.72]",Leptotrichia,1,906
"[2069.0363636363636, 978.6727272727272]",Leptotrichia,1,907
"[2078.5061224489796, 1166.6979591836734]",Actinomyces,1,908
"[2072.7961165048546, 121.19417475728156]",Corynebacterium,1,910
"[2071.7622950819673, 222.94262295081967]",Corynebacterium,1,911
"[2070.3454545454547, 380.8363636363636]",Corynebacterium,1,912
"[2070.4736842105262, 394.17543859649123]",Pasteurellaceae,1,913
"[2072.1862745098038, 528.2941176470588]",Leptotrichia,1,914
"[2072.152777777778, 1489.875]",Prevotella,1,915
"[2072.5, 1696.530303030303]",Actinomyces,1,916
"[2076.282258064516, 170.51612903225808]",Corynebacterium,1,917
"[2075.9333333333334, 717.2]",Leptotrichia,1,918
"[2073.8307692307694, 1832.4769230769232]",Streptococcus,1,921
"[2074.189393939394, 1379.280303030303]",Prevotella,1,922
"[2073.8307692307694, 1501.6]",Prevotella,1,923
"[2074.918181818182, 1652.4545454545455]",Actinomyces,1,924
"[2073.9156626506024, 1764.9036144578313]",Lautropia,1,925
"[2075.0588235294117, 292.1470588235294]",Corynebacterium,1,926
"[2075.387387387387, 426.8288288288288]",Pasteurellaceae,1,927
"[2073.5686274509803, 551.0]",Leptotrichia,1,928
"[2075.774647887324, 875.7394366197183]",Leptotrichia,1,929
"[2075.777777777778, 458.75925925925924]",Leptotrichia,1,930
"[2077.695652173913, 737.2173913043479]",Leptotrichia,1,931
"[2083.9375, 1319.173076923077]",Porphyromonas,1,932
"[2077.4277108433735, 1342.8915662650602]",Porphyromonas,1,933
"[2080.106918238994, 1467.698113207547]",Actinomyces,1,934
"[2075.157894736842, 1555.1447368421052]",Actinomyces,1,935
"[2076.9253731343283, 1746.2761194029852]",Streptococcus,1,936
"[2078.2903225806454, 664.1720430107526]",Leptotrichia,1,937
"[2076.031746031746, 755.8095238095239]",Leptotrichia,1,938
"[2077.6344086021504, 803.3333333333334]",Pasteurellaceae,1,939
"[2075.4333333333334, 904.15]",Leptotrichia,1,940
"[2078.6326530612246, 1205.6734693877552]",Streptococcus,1,941
"[2080.564705882353, 1877.5764705882352]",Leptotrichia,1,942
"[2079.6285714285714, 84.65714285714286]",Corynebacterium,1,943
"[2080.8456375838928, 97.25503355704699]",Corynebacterium,1,944
"[2078.235294117647, 988.5882352941177]",Streptococcus,1,945
"[2077.3720930232557, 1224.360465116279]",Actinomyces,1,947
"[2081.0132450331125, 1858.2384105960266]",Prevotella,1,948
"[2078.1809523809525, 624.8095238095239]",Leptotrichia,1,949
"[2080.741935483871, 1573.4193548387098]",Prevotella,1,950
"[2079.4676258992804, 66.30935251798562]",Veillonella,1,951
"[2081.046875, 360.5078125]",Pasteurellaceae,1,952
"[2083.2876712328766, 783.0410958904109]",Leptotrichia,1,953
"[2081.6475409836066, 1644.032786885246]",Actinomyces,1,954
"[2080.445945945946, 411.22972972972974]",Fusobacterium,1,955
"[2089.5233644859813, 500.44392523364485]",Leptotrichia,1,956
"[2088.03515625, 643.05859375]",Leptotrichia,1,957
"[2080.554054054054, 894.8378378378378]",Leptotrichia,1,958
"[2081.093023255814, 1004.8217054263566]",Actinomyces,1,959
"[2082.2988505747126, 1666.896551724138]",Prevotella,1,960
"[2082.927927927928, 1777.3693693693695]",Actinomyces,1,961
"[2083.5213675213677, 305.12820512820514]",Pasteurellaceae,1,962
"[2088.707762557078, 332.1095890410959]",TM7,1,963
"[2082.4193548387098, 836.1774193548387]",Leptotrichia,1,964
"[2092.3333333333335, 1503.8741496598639]",Porphyromonas,1,965
"[2090.668316831683, 1607.519801980198]",Actinomyces,1,966
"[2083.1309523809523, 1826.345238095238]",Actinomyces,1,967
"[2082.150326797386, 193.30065359477123]",Corynebacterium,1,968
"[2082.2289156626507, 853.3855421686746]",Leptotrichia,1,969
"[2082.974358974359, 915.5897435897435]",Leptotrichia,1,970
"[2084.5108695652175, 979.9891304347826]",Lautropia,1,971
"[2083.5263157894738, 1358.536842105263]",Actinomyces,1,972
"[2083.462264150943, 245.3490566037736]",Capnocytophaga,1,973
"[2089.5698324022346, 677.1508379888268]",Leptotrichia,1,974
"[2088.098360655738, 1128.827868852459]",Prevotella,1,975
"[2088.23417721519, 1797.5]",Prevotella,1,976
"[2084.8023255813955, 396.2325581395349]",Pasteurellaceae,1,977
"[2085.705263157895, 265.5263157894737]",Veillonella,1,980
"[2087.464912280702, 437.1929824561403]",Leptotrichia,1,981
"[2090.532710280374, 546.7009345794393]",Gemella,1,983
"[2086.2289156626507, 1149.5903614457832]",Prevotella,1,984
"[2086.598360655738, 1189.0245901639344]",Leptotrichia,1,985
"[2090.9934640522874, 1424.313725490196]",Actinomyces,1,986
"[2085.5254237288136, 1485.4237288135594]",Actinomyces,1,987
"[2086.7395833333335, 1541.6875]",Prevotella,1,988
"[2085.8870967741937, 1703.8225806451612]",Porphyromonas,1,989
"[2087.733333333333, 378.05833333333334]",Leptotrichia,1,990
"[2086.8709677419356, 582.9516129032259]",Leptotrichia,1,991
"[2091.6785714285716, 951.7321428571429]",Leptotrichia,1,992
"[2087.2602739726026, 966.7945205479452]",Leptotrichia,1,993
"[2088.6912442396315, 1066.4976958525347]",Streptococcus,1,994
"[2089.7910447761196, 1273.676616915423]",Porphyromonas,1,995
"[2089.93984962406, 1525.751879699248]",Porphyromonas,1,996
"[2087.28125, 470.5208333333333]",Leptotrichia,1,998
"[2094.1301369863013, 1097.3664383561643]",Prevotella,1,999
"[2088.7014925373132, 136.0597014925373]",Corynebacterium,1,1000
"[2088.76, 766.88]",Leptotrichia,1,1001
"[2090.745614035088, 1400.377192982456]",Prevotella,1,1002
"[2088.491525423729, 1447.1016949152543]",Prevotella,1,1003
"[2091.56, 1761.7666666666667]",Prevotella,1,1004
"[2091.934306569343, 107.05109489051095]",Corynebacterium,1,1005
"[2093.738888888889, 158.36111111111111]",Corynebacterium,1,1006
"[2094.68, 525.3314285714285]",Leptotrichia,1,1007
"[2090.8514851485147, 1367.049504950495]",Porphyromonas,1,1008
"[2092.324324324324, 863.3027027027027]",Leptotrichia,1,1010
"[2089.1935483870966, 932.3064516129032]",Leptotrichia,1,1011
"[2089.6615384615384, 1045.923076923077]",Leptotrichia,1,1012
"[2095.2327044025155, 1218.3207547169811]",Leptotrichia,1,1013
"[2095.9829545454545, 1384.6306818181818]",Actinomyces,1,1014
"[2092.5462962962965, 199.61111111111111]",Corynebacterium,1,1016
"[2093.8571428571427, 904.8492063492064]",Leptotrichia,1,1018
"[2095.9897610921503, 1242.590443686007]",Actinomyces,1,1019
"[2092.3076923076924, 751.1730769230769]",Leptotrichia,1,1020
"[2095.747899159664, 826.6302521008404]",Corynebacterium,1,1021
"[2096.0307692307692, 1012.2051282051282]",Leptotrichia,1,1023
"[2091.78, 1256.52]",Selenomonas,1,1024
"[2094.821917808219, 1563.9771689497718]",Actinomyces,1,1025
"[2097.0222222222224, 1884.2592592592594]",Treponema,1,1026
"[2096.1833333333334, 217.76666666666668]",Corynebacterium,1,1027
"[2097.9753086419755, 1738.7777777777778]",Leptotrichia,1,1028
"[2096.8818181818183, 358.56363636363636]",TM7,1,1029
"[2096.8350515463917, 884.8350515463917]",Leptotrichia,1,1030
"[2095.2934782608695, 1156.9891304347825]",Prevotella,1,1031
"[2093.0, 1661.0]",Porphyromonas,1,1032
"[2096.054054054054, 598.027027027027]",Leptotrichia,1,1033
"[2099.032258064516, 662.7983870967741]",Leptotrichia,1,1034
"[2103.140703517588, 728.0251256281407]",Leptotrichia,1,1035
"[2098.369230769231, 798.2205128205128]",Corynebacterium,1,1036
"[2098.6831683168316, 410.7821782178218]",Prevotella,1,1037
"[2098.578947368421, 445.7157894736842]",Leptotrichia,1,1038
"[2098.531914893617, 461.8191489361702]",Leptotrichia,1,1039
"[2099.6116504854367, 700.3300970873786]",Leptotrichia,1,1040
"[2099.970802919708, 1135.802919708029]",Prevotella,1,1042
"[2097.592105263158, 1436.828947368421]",Prevotella,1,1043
"[2096.0823529411764, 1698.0470588235294]",Streptococcus,1,1044
"[2097.7037037037035, 1820.2962962962963]",Prevotella,1,1045
"[2098.6178861788617, 79.60162601626017]",Leptotrichia,1,1046
"[2098.4054054054054, 120.01351351351352]",Corynebacterium,1,1047
"[2098.9666666666667, 178.56666666666666]",Corynebacterium,1,1048
"[2099.845238095238, 233.3095238095238]",Corynebacterium,1,1049
"[2097.8196721311474, 262.8114754098361]",Pasteurellaceae,1,1050
"[2098.67, 618.53]",Leptotrichia,1,1052
"[2099.3813559322034, 1461.6949152542372]",Prevotella,1,1054
"[2100.6434782608694, 480.7130434782609]",Leptotrichia,1,1055
"[2104.284263959391, 1183.3654822335025]",Leptotrichia,1,1056
"[2100.701030927835, 1538.7422680412371]",Prevotella,1,1058
"[2105.6139240506327, 1617.9367088607594]",Actinomyces,1,1059
"[2108.2551440329216, 1673.5514403292182]",Porphyromonas,1,1060
"[2103.266666666667, 1689.6962962962964]",Streptococcus,1,1061
"[2101.777027027027, 564.168918918919]",Leptotrichia,1,1062
"[2109.265060240964, 984.0331325301205]",Leptotrichia,1,1063
"[2104.8514851485147, 1049.9851485148515]",Prevotella,1,1064
"[2102.2214285714285, 1296.3214285714287]",Leptotrichia,1,1065
"[2108.4525139664806, 1447.3743016759777]",Prevotella,1,1066
"[2102.2631578947367, 1480.017543859649]",Actinomyces,1,1067
"[2105.251282051282, 1588.2615384615385]",Prevotella,1,1068
"[2099.754385964912, 1715.7543859649122]",Porphyromonas,1,1069
"[2103.2830188679245, 1770.3584905660377]",Leptotrichia,1,1070
"[2101.503937007874, 1866.4015748031495]",Streptococcus,1,1071
"[2103.3870967741937, 245.59139784946237]",Pasteurellaceae,1,1072
"[2101.578431372549, 295.9313725490196]",TM7,1,1073
"[2103.9793814432987, 939.2061855670103]",Leptotrichia,1,1074
"[2101.8035714285716, 1203.5714285714287]",Leptotrichia,1,1075
"[2109.9916317991633, 314.01255230125525]",TM7,1,1076
"[2104.2073170731705, 780.4268292682926]",Gemella,1,1077
"[2103.245098039216, 1344.049019607843]",Prevotella,1,1078
"[2106.870813397129, 136.08612440191388]",Corynebacterium,1,1079
"[2103.4827586206898, 1114.6206896551723]",Prevotella,1,1080
"[2111.212669683258, 1409.4886877828055]",Actinomyces,1,1081
"[2104.1967213114754, 1640.4590163934427]",Porphyromonas,1,1082
"[2104.705263157895, 59.51578947368421]",Leptotrichia,1,1083
"[2110.1592356687897, 362.4267515923567]",TM7,1,1085
"[2105.3978494623657, 582.0860215053764]",Leptotrichia,1,1086
"[2105.632183908046, 633.551724137931]",Leptotrichia,1,1087
"[2108.634730538922, 758.7245508982036]",Leptotrichia,1,1088
"[2104.742268041237, 849.3711340206186]",Leptotrichia,1,1089
"[2105.9150943396226, 1327.433962264151]",Prevotella,1,1090
"[2118.8430656934306, 742.3722627737226]",Campylobacter,1,1092
"[2110.7329192546586, 923.8447204968944]",Leptotrichia,1,1093
"[2107.7831325301204, 1161.55421686747]",Prevotella,1,1094
"[2108.2393162393164, 160.2991452991453]",Corynebacterium,1,1095
"[2107.478260869565, 431.80434782608694]",Leptotrichia,1,1096
"[2108.7894736842104, 518.7105263157895]",Leptotrichia,1,1097
"[2108.537931034483, 95.86896551724138]",Leptotrichia,1,1098
"[2111.639053254438, 539.1183431952662]",Leptotrichia,1,1099
"[2107.046511627907, 1071.2441860465117]",Actinomyces,1,1100
"[2110.304347826087, 1262.0]",Leptotrichia,1,1101
"[2115.0897435897436, 1505.5128205128206]",Porphyromonas,1,1102
"[2109.9607843137255, 1793.5343137254902]",Actinomyces,1,1103
"[2109.144927536232, 114.44927536231884]",Corynebacterium,1,1104
"[2108.0178571428573, 203.66071428571428]",Corynebacterium,1,1105
"[2112.8571428571427, 341.1168831168831]",TM7,1,1106
"[2114.6326530612246, 835.0510204081633]",Corynebacterium,1,1107
"[2110.6666666666665, 954.8611111111111]",Leptotrichia,1,1108
"[2108.703125, 1023.265625]",Leptotrichia,1,1109
"[2108.9333333333334, 1565.4666666666667]",Prevotella,1,1110
"[2112.0865384615386, 1752.173076923077]",Leptotrichia,1,1111
"[2113.395061728395, 225.06172839506172]",Corynebacterium,1,1112
"[2112.3726708074532, 279.54037267080747]",Corynebacterium,1,1113
"[2109.3, 1093.9833333333333]",Porphyromonas,1,1114
"[2109.625, 1276.375]",Leptotrichia,1,1115
"[2118.624203821656, 1310.5031847133757]",Porphyromonas,1,1116
"[2109.8809523809523, 1830.345238095238]",Porphyromonas,1,1117
"[2110.076923076923, 419.15384615384613]",Leptotrichia,1,1118
"[2111.551401869159, 654.6915887850467]",Campylobacter,1,1119
"[2117.5504587155965, 683.440366972477]",Leptotrichia,1,1120
"[2111.4333333333334, 713.8333333333334]",Leptotrichia,1,1121
"[2112.695652173913, 875.1478260869566]",Corynebacterium,1,1122
"[2110.5223880597014, 1428.2238805970148]",Streptococcus,1,1123
"[2115.7867647058824, 446.75735294117646]",Leptotrichia,1,1124
"[2117.8652482269504, 560.0]",Leptotrichia,1,1125
"[2113.7078651685392, 811.5842696629213]",Corynebacterium,1,1126
"[2114.5702479338843, 1199.685950413223]",Streptococcus,1,1127
"[2117.7098445595857, 1374.8445595854923]",Actinomyces,1,1128
"[2114.9590163934427, 1528.5737704918033]",Prevotella,1,1129
"[2114.7809523809524, 180.62857142857143]",Corynebacterium,1,1130
"[2114.9423076923076, 385.64102564102564]",TM7,1,1131
"[2113.9248554913293, 906.4161849710982]",Leptotrichia,1,1132
"[2112.2441860465115, 1876.0581395348838]",Streptococcus,1,1134
"[2120.438679245283, 405.20283018867923]",Lautropia,1,1135
"[2119.1237623762377, 596.6386138613861]",Leptotrichia,1,1136
"[2124.6648936170213, 863.1329787234042]",Corynebacterium,1,1137
"[2113.181818181818, 1001.1298701298701]",Leptotrichia,1,1138
"[2114.352380952381, 1031.4]",Leptotrichia,1,1139
"[2123.098712446352, 1226.4034334763949]",Streptococcus,1,1140
"[2114.109375, 65.78125]",Leptotrichia,1,1141
"[2115.5544554455446, 476.6930693069307]",Leptotrichia,1,1142
"[2115.8817204301076, 492.68817204301075]",Leptotrichia,1,1143
"[2125.0083682008367, 775.4100418410042]",Gemella,1,1144
"[2117.289156626506, 1066.0963855421687]",Actinomyces,1,1145
"[2119.1032258064515, 1464.883870967742]",Prevotella,1,1146
"[2115.091836734694, 1857.357142857143]",Porphyromonas,1,1147
"[2119.318181818182, 206.17424242424244]",Corynebacterium,1,1149
"[2117.25, 261.671875]",Corynebacterium,1,1150
"[2115.116666666667, 461.3666666666667]",Leptotrichia,1,1151
"[2121.378504672897, 1114.5467289719627]",Porphyromonas,1,1152
"[2123.3279569892475, 1138.8064516129032]",Prevotella,1,1153
"[2116.635294117647, 1165.3882352941177]",Prevotella,1,1154
"[2119.0307692307692, 1356.553846153846]",Actinomyces,1,1155
"[2116.0555555555557, 1481.4444444444443]",Prevotella,1,1156
"[2118.3141361256544, 1719.5287958115184]",Porphyromonas,1,1157
"[2118.412844036697, 1606.2568807339449]",Actinomyces,1,1161
"[2123.9175824175823, 1818.2472527472528]",Actinomyces,1,1162
"[2116.476923076923, 76.12307692307692]",Leptotrichia,1,1163
"[2116.9245283018868, 291.92452830188677]",Pasteurellaceae,1,1164
"[2119.467741935484, 1152.6935483870968]",Prevotella,1,1165
"[2120.625, 1847.7625]",Streptococcus,1,1166
"[2121.3055555555557, 167.09259259259258]",Corynebacterium,1,1167
"[2117.219178082192, 704.4931506849315]",Leptotrichia,1,1168
"[2125.894366197183, 1090.0105633802816]",Actinomyces,1,1169
"[2117.0689655172414, 1545.0862068965516]",Prevotella,1,1170
"[2118.5576923076924, 1632.3557692307693]",Prevotella,1,1171
"[2122.277777777778, 147.78703703703704]",Corynebacterium,1,1172
"[2119.0, 527.4915254237288]",Gemella,1,1173
"[2122.3796296296296, 965.2870370370371]",Leptotrichia,1,1175
"[2119.876404494382, 1773.370786516854]",Prevotella,1,1176
"[2119.4603174603176, 105.82539682539682]",Corynebacterium,1,1177
"[2125.18125, 795.925]",Leptotrichia,1,1178
"[2125.217105263158, 1425.6184210526317]",Streptococcus,1,1179
"[2120.769230769231, 660.0576923076923]",Campylobacter,1,1180
"[2125.849315068493, 65.26027397260275]",Pasteurellaceae,1,1182
"[2122.7972972972975, 91.47297297297297]",Corynebacterium,1,1183
"[2126.602564102564, 127.08333333333333]",Corynebacterium,1,1184
"[2121.867924528302, 236.81132075471697]",Corynebacterium,1,1185
"[2132.3404255319147, 577.0478723404256]",Leptotrichia,1,1186
"[2127.070422535211, 930.8943661971831]",Leptotrichia,1,1187
"[2126.976076555024, 1251.3253588516745]",Actinomyces,1,1188
"[2125.595041322314, 1562.5867768595042]",Porphyromonas,1,1189
"[2123.8404255319147, 1664.6702127659576]",Leptotrichia,1,1190
"[2122.4363636363637, 1800.6363636363637]",Leptotrichia,1,1191
"[2124.268292682927, 428.9634146341463]",Leptotrichia,1,1192
"[2124.7972027972028, 1333.7202797202797]",Streptococcus,1,1193
"[2123.780821917808, 1390.054794520548]",Actinomyces,1,1194
"[2123.324324324324, 1750.2837837837837]",Actinomyces,1,1195
"[2126.945652173913, 1835.5434782608695]",Streptococcus,1,1196
"[2128.519230769231, 247.57692307692307]",Corynebacterium,1,1197
"[2125.164835164835, 1053.6373626373627]",Prevotella,1,1198
"[2126.578947368421, 1274.7631578947369]",Actinomyces,1,1199
"[2125.1237113402062, 1699.2474226804125]",Prevotella,1,1200
"[2126.3649635036495, 614.2773722627737]",Leptotrichia,1,1201
"[2125.9158878504672, 718.5233644859813]",Gemella,1,1202
"[2128.32, 841.3466666666667]",Corynebacterium,1,1203
"[2128.5208333333335, 1299.736111111111]",Streptococcus,1,1204
"[2137.4438502673797, 395.29411764705884]",Leptotrichia,1,1205
"[2127.9714285714285, 981.1428571428571]",Leptotrichia,1,1206
"[2133.9676258992804, 1586.0431654676258]",Prevotella,1,1207
"[2129.684210526316, 465.140350877193]",Leptotrichia,1,1208
"[2129.222222222222, 500.55555555555554]",Leptotrichia,1,1209
"[2133.5419847328244, 512.8625954198474]",Leptotrichia,1,1210
"[2134.55033557047, 546.2080536912752]",Leptotrichia,1,1211
"[2125.8823529411766, 1034.985294117647]",Leptotrichia,1,1212
"[2129.128048780488, 1189.2682926829268]",Prevotella,1,1213
"[2127.9666666666667, 1518.3166666666666]",Leptotrichia,1,1214
"[2136.258883248731, 48.43654822335025]",Veillonella,1,1215
"[2128.035714285714, 190.19642857142858]",Corynebacterium,1,1216
"[2127.2631578947367, 227.89473684210526]",Corynebacterium,1,1217
"[2133.080508474576, 263.1991525423729]",Corynebacterium,1,1218
"[2129.547368421053, 1623.2105263157894]",Actinomyces,1,1219
"[2131.878205128205, 1645.7820512820513]",Streptococcus,1,1220
"[2134.6792452830186, 1862.8905660377359]",Porphyromonas,1,1221
"[2133.4158415841584, 324.5247524752475]",TM7,1,1222
"[2129.964285714286, 944.0595238095239]",Leptotrichia,1,1223
"[2134.175, 1021.96875]",Leptotrichia,1,1224
"[2135.105590062112, 1435.391304347826]",Streptococcus,1,1225
"[2132.1574803149606, 1739.4645669291338]",Porphyromonas,1,1226
"[2129.0714285714284, 342.1309523809524]",TM7,1,1227
"[2131.3015873015875, 376.2857142857143]",TM7,1,1228
"[2131.632, 632.848]",Leptotrichia,1,1229
"[2131.6911764705883, 650.1323529411765]",Streptococcus,1,1230
"[2131.84, 1167.13]",Prevotella,1,1232
"[2130.089285714286, 1450.892857142857]",Actinomyces,1,1233
"[2130.2537313432836, 1484.6716417910447]",Streptococcus,1,1234
"[2130.0806451612902, 1501.3548387096773]",Streptococcus,1,1235
"[2132.3564356435645, 1549.1089108910892]",Actinomyces,1,1236
"[2136.1268292682926, 299.8292682926829]",TM7,1,1239
"[2131.8088235294117, 480.54411764705884]",Leptotrichia,1,1240
"[2133.9719626168226, 526.3831775700935]",Leptotrichia,1,1241
"[2132.8547008547007, 668.8290598290598]",Campylobacter,1,1242
"[2132.8924731182797, 701.5806451612904]",Streptococcus,1,1243
"[2131.4444444444443, 898.6153846153846]",Pasteurellaceae,1,1244
"[2135.9166666666665, 957.7121212121212]",Leptotrichia,1,1245
"[2132.7403846153848, 1069.701923076923]",Porphyromonas,1,1246
"[2132.4455445544554, 1210.049504950495]",Streptococcus,1,1247
"[2138.936170212766, 1783.037234042553]",Streptococcus,1,1248
"[2134.413043478261, 115.3804347826087]",Corynebacterium,1,1249
"[2138.8802816901407, 808.7676056338029]",Campylobacter,1,1250
"[2135.8076923076924, 174.94230769230768]",Corynebacterium,1,1251
"[2137.0848484848484, 352.7818181818182]",TM7,1,1252
"[2136.0416666666665, 445.26666666666665]",Leptotrichia,1,1253
"[2134.338129496403, 1407.8776978417266]",Porphyromonas,1,1254
"[2135.116504854369, 1679.378640776699]",Prevotella,1,1255
"[2136.6639344262294, 1726.016393442623]",Streptococcus,1,1256
"[2138.9117647058824, 846.2352941176471]",Corynebacterium,1,1257
"[2136.911111111111, 1533.3222222222223]",Streptococcus,1,1258
"[2134.7678571428573, 89.625]",Corynebacterium,1,1259
"[2138.068493150685, 102.20547945205479]",Corynebacterium,1,1260
"[2136.964705882353, 418.54117647058825]",Leptotrichia,1,1261
"[2144.769014084507, 878.1577464788733]",Corynebacterium,1,1262
"[2141.417218543046, 157.91390728476821]",Corynebacterium,1,1263
"[2135.5208333333335, 206.30729166666666]",Corynebacterium,1,1264
"[2141.4716981132074, 235.7987421383648]",Corynebacterium,1,1265
"[2146.7991266375548, 990.296943231441]",Leptotrichia,1,1266
"[2137.243902439024, 1152.8902439024391]",Prevotella,1,1268
"[2139.0485436893205, 1517.3592233009708]",Leptotrichia,1,1269
"[2136.690909090909, 1799.409090909091]",Streptococcus,1,1271
"[2146.219178082192, 686.5388127853881]",Gemella,1,1273
"[2136.936507936508, 1128.126984126984]",Actinomyces,1,1274
"[2137.8971962616824, 1383.5420560747664]",Leptotrichia,1,1275
"[2141.1655629139073, 747.1390728476821]",Leptotrichia,1,1276
"[2141.920245398773, 1618.4110429447853]",Actinomyces,1,1277
"[2140.3424657534247, 431.8493150684931]",Leptotrichia,1,1278
"[2142.64, 559.64]",Leptotrichia,1,1279
"[2140.0471698113206, 602.9150943396227]",Gemella,1,1280
"[2142.074074074074, 972.8641975308642]",Leptotrichia,1,1281
"[2140.725, 1709.6125]",Streptococcus,1,1282
"[2144.835164835165, 528.978021978022]",Leptotrichia,1,1283
"[2144.5095541401274, 716.3184713375796]",Neisseriaceae,1,1284
"[2142.8288288288286, 1358.6756756756756]",Porphyromonas,1,1285
"[2145.5850340136053, 1456.7074829931973]",Actinomyces,1,1286
"[2141.674157303371, 1561.9213483146068]",Streptococcus,1,1287
"[2145.4186046511627, 180.90697674418604]",Corynebacterium,1,1288
"[2142.955882352941, 478.8235294117647]",Leptotrichia,1,1289
"[2150.319248826291, 1317.9483568075118]",Streptococcus,1,1291
"[2143.3614457831327, 1335.289156626506]",Streptococcus,1,1292
"[2144.0818713450294, 1477.8538011695907]",Streptococcus,1,1293
"[2141.722222222222, 1762.8333333333333]",Streptococcus,1,1294
"[2142.4324324324325, 1829.027027027027]",Actinomyces,1,1295
"[2144.89, 68.62]",Corynebacterium,1,1296
"[2145.9704433497536, 1101.4532019704434]",Prevotella,1,1297
"[2143.978723404255, 1173.9574468085107]",Prevotella,1,1298
"[2151.703180212014, 1253.363957597173]",Porphyromonas,1,1299
"[2144.831683168317, 1650.2772277227723]",Leptotrichia,1,1301
"[2147.5416666666665, 140.96527777777777]",Corynebacterium,1,1303
"[2145.4736842105262, 589.7368421052631]",Leptotrichia,1,1304
"[2146.238938053097, 907.3451327433628]",Corynebacterium,1,1305
"[2145.8350515463917, 1049.8453608247423]",Porphyromonas,1,1306
"[2143.6271186440677, 1294.1186440677966]",Streptococcus,1,1307
"[2143.7846153846153, 1499.3384615384616]",Streptococcus,1,1308
"[2153.7944444444443, 1744.388888888889]",Leptotrichia,1,1309
"[2147.8829787234044, 111.74468085106383]",Corynebacterium,1,1310
"[2145.8470588235296, 457.6588235294118]",Leptotrichia,1,1311
"[2150.04, 642.6857142857143]",Leptotrichia,1,1312
"[2148.284722222222, 772.8125]",Campylobacter,1,1313
"[2145.72, 247.84]",Pasteurellaceae,1,1316
"[2145.5757575757575, 330.8181818181818]",TM7,1,1317
"[2156.2672955974845, 790.8050314465409]",Campylobacter,1,1318
"[2150.896551724138, 824.4022988505748]",Corynebacterium,1,1319
"[2146.046875, 1242.59375]",Prevotella,1,1320
"[2153.399014778325, 1283.5714285714287]",Streptococcus,1,1321
"[2155.0084033613443, 1665.0756302521008]",Leptotrichia,1,1322
"[2147.6521739130435, 277.8152173913044]",TM7,1,1323
"[2147.5714285714284, 626.1428571428571]",Neisseriaceae,1,1324
"[2151.0555555555557, 730.3263888888889]",Leptotrichia,1,1325
"[2150.9872611464966, 853.7707006369427]",Corynebacterium,1,1326
"[2146.311475409836, 1193.4590163934427]",Actinomyces,1,1328
"[2151.9423076923076, 1082.1057692307693]",Streptococcus,1,1330
"[2155.884259259259, 1206.8425925925926]",Actinomyces,1,1331
"[2150.7636363636366, 1538.4848484848485]",Streptococcus,1,1332
"[2150.902255639098, 87.30827067669173]",Corynebacterium,1,1333
"[2149.818181818182, 189.06060606060606]",Corynebacterium,1,1334
"[2152.6013986013986, 217.67832167832168]",Pasteurellaceae,1,1335
"[2151.40522875817, 378.01960784313724]",Prevotella,1,1336
"[2150.59217877095, 496.1564245810056]",Leptotrichia,1,1337
"[2149.2884615384614, 1304.0]",Streptococcus,1,1338
"[2148.1666666666665, 1691.0]",Streptococcus,1,1339
"[2151.6837606837607, 933.7435897435897]",Leptotrichia,1,1340
"[2155.2190476190476, 1448.047619047619]",Actinomyces,1,1341
"[2158.752427184466, 1514.1893203883494]",Leptotrichia,1,1342
"[2152.935483870968, 1388.4516129032259]",Streptococcus,1,1344
"[2153.868131868132, 1402.989010989011]",Streptococcus,1,1345
"[2154.6432748538014, 1796.2748538011697]",Streptococcus,1,1346
"[2152.508875739645, 353.1952662721894]",TM7,1,1347
"[2153.4455445544554, 428.0]",Leptotrichia,1,1348
"[2154.980582524272, 898.7864077669902]",Corynebacterium,1,1349
"[2160.2522935779816, 1014.0688073394496]",Leptotrichia,1,1350
"[2157.217391304348, 1190.3369565217392]",Actinomyces,1,1351
"[2156.21875, 1226.734375]",Leptotrichia,1,1352
"[2152.3714285714286, 1418.0]",Actinomyces,1,1353
"[2163.5148514851485, 1437.381188118812]",Actinomyces,1,1354
"[2153.772277227723, 1598.4752475247524]",Leptotrichia,1,1355
"[2155.122641509434, 408.3867924528302]",Leptotrichia,1,1356
"[2154.6632653061224, 547.8163265306123]",Leptotrichia,1,1357
"[2169.7364864864867, 812.1216216216217]",Campylobacter,1,1358
"[2159.608465608466, 976.2698412698413]",Leptotrichia,1,1359
"[2157.5172413793102, 1125.146551724138]",Actinomyces,1,1360
"[2158.2906976744184, 260.2093023255814]",Leptotrichia,1,1361
"[2162.2948717948716, 702.224358974359]",Campylobacter,1,1362
"[2155.121495327103, 1068.6168224299065]",Actinomyces,1,1363
"[2155.1911764705883, 1144.8676470588234]",Actinomyces,1,1364
"[2157.6271186440677, 1723.6398305084747]",Leptotrichia,1,1366
"[2155.7337662337663, 1820.922077922078]",Leptotrichia,1,1367
"[2155.8229166666665, 296.5]",TM7,1,1368
"[2159.2119205298013, 602.5827814569536]",Leptotrichia,1,1369
"[2158.4576271186443, 958.0338983050848]",Leptotrichia,1,1370
"[2156.6923076923076, 1035.6602564102564]",Streptococcus,1,1371
"[2155.4102564102564, 1168.3974358974358]",Porphyromonas,1,1372
"[2156.859375, 312.265625]",TM7,1,1373
"[2163.492307692308, 466.57307692307694]",Leptotrichia,1,1374
"[2157.8035714285716, 1374.169642857143]",Leptotrichia,1,1375
"[2162.793893129771, 1580.1564885496184]",Streptococcus,1,1376
"[2161.4313725490197, 1642.2679738562092]",Leptotrichia,1,1377
"[2160.35625, 1699.96875]",Leptotrichia,1,1378
"[2163.735632183908, 1756.0402298850574]",Streptococcus,1,1379
"[2163.027624309392, 118.54143646408839]",Corynebacterium,1,1380
"[2157.3465346534654, 196.0990099009901]",Corynebacterium,1,1381
"[2156.254545454545, 576.5636363636364]",Leptotrichia,1,1383
"[2159.943396226415, 858.8584905660377]",Corynebacterium,1,1384
"[2159.676646706587, 1477.1556886227545]",Actinomyces,1,1385
"[2158.022988505747, 1495.9770114942528]",Streptococcus,1,1386
"[2159.6052631578946, 99.69736842105263]",Corynebacterium,1,1387
"[2159.247191011236, 168.1011235955056]",Corynebacterium,1,1388
"[2157.690476190476, 659.6190476190476]",Streptococcus,1,1390
"[2161.264367816092, 1332.1954022988505]",Streptococcus,1,1392
"[2169.4484536082473, 1345.221649484536]",Actinomyces,1,1393
"[2161.1437125748503, 1775.6586826347304]",Streptococcus,1,1394
"[2164.55, 563.2857142857143]",Leptotrichia,1,1395
"[2164.0890410958905, 618.1301369863014]",Leptotrichia,1,1396
"[2162.6190476190477, 751.3197278911565]",Leptotrichia,1,1397
"[2162.2347826086957, 1266.5217391304348]",Porphyromonas,1,1398
"[2162.172131147541, 70.51639344262296]",Corynebacterium,1,1399
"[2162.012578616352, 239.44025157232704]",Pasteurellaceae,1,1400
"[2167.509433962264, 441.9937106918239]",Leptotrichia,1,1402
"[2163.310924369748, 834.8571428571429]",Corynebacterium,1,1403
"[2159.9868421052633, 1302.0394736842106]",Streptococcus,1,1404
"[2162.6071428571427, 37.98809523809524]",Capnocytophaga,1,1405
"[2165.4207650273224, 53.59016393442623]",Corynebacterium,1,1406
"[2167.456647398844, 769.1098265895954]",Campylobacter,1,1409
"[2160.8395061728397, 1684.8271604938273]",Leptotrichia,1,1410
"[2164.3614457831327, 1532.2409638554218]",Leptotrichia,1,1412
"[2164.7301587301586, 1554.642857142857]",Leptotrichia,1,1413
"[2166.460606060606, 282.2]",Leptotrichia,1,1414
"[2165.7764705882355, 376.0470588235294]",Prevotella,1,1415
"[2168.4102564102564, 684.4102564102565]",Campylobacter,1,1416
"[2164.323529411765, 1056.2745098039215]",Actinomyces,1,1417
"[2167.4592592592594, 1142.0074074074073]",Actinomyces,1,1418
"[2167.6685393258426, 1617.2134831460673]",Streptococcus,1,1419
"[2169.076923076923, 534.9059829059829]",Leptotrichia,1,1420
"[2167.689189189189, 1230.2837837837837]",Streptococcus,1,1421
"[2165.910569105691, 1418.8130081300812]",Actinomyces,1,1422
"[2169.868131868132, 885.0989010989011]",Pasteurellaceae,1,1423
"[2164.875, 925.9642857142857]",Leptotrichia,1,1424
"[2168.3, 1158.1625]",Actinomyces,1,1425
"[2170.6076923076926, 1462.7076923076922]",Prevotella,1,1426
"[2169.0841121495328, 179.47663551401868]",Corynebacterium,1,1427
"[2166.4406779661017, 199.59322033898306]",Corynebacterium,1,1428
"[2166.9411764705883, 721.6617647058823]",Leptotrichia,1,1429
"[2169.0344827586205, 1177.2413793103449]",Actinomyces,1,1431
"[2168.669902912621, 392.3980582524272]",TM7,1,1433
"[2172.0065789473683, 511.9605263157895]",Leptotrichia,1,1434
"[2169.4545454545455, 1112.8831168831168]",Actinomyces,1,1435
"[2171.621212121212, 304.2121212121212]",Leptotrichia,1,1436
"[2173.4066666666668, 346.96]",Pasteurellaceae,1,1437
"[2173.3516483516482, 454.9230769230769]",Leptotrichia,1,1438
"[2170.181818181818, 579.3181818181819]",Leptotrichia,1,1439
"[2170.5185185185187, 1099.648148148148]",Actinomyces,1,1440
"[2167.8965517241377, 1400.367816091954]",Streptococcus,1,1441
"[2172.148936170213, 148.96808510638297]",Corynebacterium,1,1442
"[2171.4821428571427, 408.30357142857144]",TM7,1,1443
"[2170.6315789473683, 422.14736842105265]",Leptotrichia,1,1444
"[2174.168, 1806.144]",Streptococcus,1,1445
"[2176.68115942029, 133.44444444444446]",Corynebacterium,1,1446
"[2173.3063063063064, 659.8828828828829]",Campylobacter,1,1447
"[2172.7619047619046, 916.6269841269841]",Leptotrichia,1,1448
"[2176.2248062015506, 80.02325581395348]",Corynebacterium,1,1449
"[2172.8, 327.008]",TM7,1,1450
"[2173.5375, 842.6]",Pasteurellaceae,1,1451
"[2173.3908045977014, 1028.4827586206898]",Leptotrichia,1,1452
"[2174.3623188405795, 1213.9420289855072]",Porphyromonas,1,1453
"[2177.0751445086707, 1826.2543352601156]",Streptococcus,1,1455
"[2173.788888888889, 492.4555555555556]",Leptotrichia,1,1456
"[2174.7684210526318, 865.8105263157895]",Corynebacterium,1,1458
"[2174.2236842105262, 162.31578947368422]",Corynebacterium,1,1459
"[2175.7403846153848, 224.0096153846154]",Leptotrichia,1,1460
"[2177.2924528301887, 1187.2735849056603]",Actinomyces,1,1461
"[2173.7391304347825, 1242.9130434782608]",Streptococcus,1,1462
"[2177.4444444444443, 729.3194444444445]",Leptotrichia,1,1465
"[2176.2597402597403, 1274.0389610389611]",Porphyromonas,1,1466
"[2176.3046875, 1289.3046875]",Porphyromonas,1,1467
"[2176.482269503546, 1308.8652482269504]",Porphyromonas,1,1468
"[2191.3447098976108, 1493.1740614334472]",Actinomyces,1,1469
"[2174.16, 1686.46]",Leptotrichia,1,1471
"[2175.0967741935483, 1773.1290322580646]",Streptococcus,1,1472
"[2184.223076923077, 543.3192307692308]",Leptotrichia,1,1473
"[2176.5891472868216, 954.8527131782946]",Leptotrichia,1,1475
"[2178.5416666666665, 984.3708333333333]",Leptotrichia,1,1476
"[2177.578947368421, 1069.796992481203]",Actinomyces,1,1477
"[2179.663636363636, 1124.709090909091]",Streptococcus,1,1478
"[2184.6313559322034, 1165.5296610169491]",Porphyromonas,1,1479
"[2176.704081632653, 1366.4489795918366]",Actinomyces,1,1480
"[2176.037735849057, 1704.4528301886792]",Leptotrichia,1,1481
"[2180.148936170213, 1723.6382978723404]",Streptococcus,1,1482
"[2183.2742857142857, 195.70285714285714]",Corynebacterium,1,1483
"[2180.5434782608695, 426.60869565217394]",Leptotrichia,1,1484
"[2177.3333333333335, 639.7666666666667]",Gemella,1,1485
"[2177.7977528089887, 1546.426966292135]",Leptotrichia,1,1486
"[2187.2344213649853, 1742.6409495548962]",Streptococcus,1,1487
"[2179.0, 31.49206349206349]",Corynebacterium,1,1488
"[2183.1208053691275, 589.7785234899329]",Leptotrichia,1,1489
"[2179.608695652174, 741.2463768115942]",Leptotrichia,1,1490
"[2183.9386503067485, 900.8895705521472]",Leptotrichia,1,1491
"[2180.8275862068967, 1038.551724137931]",Streptococcus,1,1492
"[2178.6, 1256.6133333333332]",Leptotrichia,1,1494
"[2182.7074468085107, 1392.4468085106382]",Streptococcus,1,1495
"[2177.6923076923076, 1519.4395604395604]",Streptococcus,1,1496
"[2180.505376344086, 66.80645161290323]",Pasteurellaceae,1,1497
"[2181.6814814814816, 258.0814814814815]",Capnocytophaga,1,1498
"[2178.076923076923, 711.4230769230769]",Campylobacter,1,1499
"[2181.8846153846152, 850.3365384615385]",Corynebacterium,1,1500
"[2181.309523809524, 1051.1785714285713]",Actinomyces,1,1501
"[2180.4859813084113, 1418.0654205607477]",Actinomyces,1,1502
"[2182.1484375, 1787.890625]",Prevotella,1,1503
"[2185.7482517482517, 831.5314685314685]",Campylobacter,1,1505
"[2184.127659574468, 1565.3049645390072]",Leptotrichia,1,1506
"[2182.4634146341464, 48.3780487804878]",Leptotrichia,1,1507
"[2189.2979591836734, 107.12244897959184]",Capnocytophaga,1,1509
"[2182.8315789473686, 237.8736842105263]",Leptotrichia,1,1510
"[2180.3035714285716, 692.875]",Campylobacter,1,1511
"[2186.062176165803, 752.7616580310881]",Leptotrichia,1,1512
"[2182.5263157894738, 793.8646616541354]",Campylobacter,1,1513
"[2184.4222222222224, 368.55555555555554]",TM7,1,1515
"[2183.4557823129253, 394.5170068027211]",TM7,1,1516
"[2182.426470588235, 479.77941176470586]",Leptotrichia,1,1517
"[2189.2395209580836, 1208.8622754491018]",Streptococcus,1,1518
"[2186.3886010362694, 1606.6269430051814]",Leptotrichia,1,1519
"[2181.980769230769, 1633.3076923076924]",Leptotrichia,1,1520
"[2189.4464285714284, 175.38839285714286]",Corynebacterium,1,1521
"[2187.4676258992804, 710.5107913669065]",Campylobacter,1,1522
"[2184.955882352941, 322.3529411764706]",Pasteurellaceae,1,1523
"[2187.3966480446925, 1006.1508379888268]",Leptotrichia,1,1524
"[2185.351145038168, 1476.0839694656488]",Leptotrichia,1,1525
"[2183.6034482758623, 1620.0862068965516]",Leptotrichia,1,1526
"[2187.0602409638554, 292.50602409638554]",Pasteurellaceae,1,1527
"[2184.90625, 311.3125]",Pasteurellaceae,1,1528
"[2187.3, 334.75555555555553]",TM7,1,1529
"[2187.4793388429753, 497.53719008264466]",Leptotrichia,1,1530
"[2189.2360248447203, 929.6086956521739]",Leptotrichia,1,1531
"[2187.9300699300697, 1586.7902097902097]",Leptotrichia,1,1532
"[2187.90990990991, 1647.1891891891892]",Streptococcus,1,1533
"[2189.7042253521126, 215.8450704225352]",Corynebacterium,1,1534
"[2186.4045801526718, 1139.5343511450383]",Streptococcus,1,1535
"[2187.59375, 1232.1796875]",Leptotrichia,1,1536
"[2188.6831683168316, 279.13861386138615]",Leptotrichia,1,1537
"[2188.5714285714284, 628.3214285714286]",Leptotrichia,1,1538
"[2193.6946107784433, 876.1556886227545]",Leptotrichia,1,1539
"[2189.39837398374, 1452.6422764227643]",Prevotella,1,1540
"[2187.5148514851485, 1762.2772277227723]",Prevotella,1,1541
"[2189.7910447761196, 357.02985074626866]",Pasteurellaceae,1,1542
"[2188.2413793103447, 915.2068965517242]",Leptotrichia,1,1544
"[2198.064935064935, 1085.6883116883116]",Porphyromonas,1,1545
"[2192.4457142857145, 1346.1142857142856]",Actinomyces,1,1546
"[2189.449438202247, 153.03370786516854]",Corynebacterium,1,1547
"[2190.265060240964, 640.3493975903615]",Leptotrichia,1,1548
"[2190.15, 1097.3]",Porphyromonas,1,1549
"[2189.8387096774195, 1513.75]",Streptococcus,1,1550
"[2190.8205128205127, 778.5641025641025]",Campylobacter,1,1552
"[2197.6507936507937, 860.994708994709]",Leptotrichia,1,1553
"[2193.4601226993864, 1701.2331288343557]",Porphyromonas,1,1554
"[2195.6479591836733, 1806.6377551020407]",Prevotella,1,1555
"[2201.4180790960454, 29.180790960451976]",Treponema,1,1556
"[2191.809523809524, 425.2063492063492]",Leptotrichia,1,1557
"[2191.8602150537636, 438.0860215053763]",Leptotrichia,1,1558
"[2197.3405405405406, 605.081081081081]",Campylobacter,1,1559
"[2192.7236842105262, 618.75]",Campylobacter,1,1560
"[2191.6190476190477, 652.9206349206349]",Campylobacter,1,1561
"[2194.7733333333335, 1061.4266666666667]",Actinomyces,1,1563
"[2200.841059602649, 1299.7516556291391]",Porphyromonas,1,1564
"[2196.0202702702704, 1440.554054054054]",Streptococcus,1,1565
"[2191.7820512820513, 1668.5320512820513]",Leptotrichia,1,1566
"[2193.537634408602, 377.10752688172045]",TM7,1,1567
"[2193.103896103896, 517.6883116883117]",Leptotrichia,1,1568
"[2192.6555555555556, 667.6444444444444]",Campylobacter,1,1569
"[2193.7373737373737, 942.8888888888889]",Leptotrichia,1,1570
"[2193.5113636363635, 1193.1136363636363]",Streptococcus,1,1571
"[2193.8249027237352, 1259.4591439688716]",Actinomyces,1,1572
"[2193.298076923077, 1364.826923076923]",Actinomyces,1,1573
"[2194.308411214953, 1834.3551401869158]",Leptotrichia,1,1574
"[2200.5755813953488, 90.0813953488372]",Leptotrichia,1,1575
"[2192.9245283018868, 463.47169811320754]",Gemella,1,1576
"[2194.5238095238096, 1110.0714285714287]",Streptococcus,1,1577
"[2196.053191489362, 1315.595744680851]",Porphyromonas,1,1578
"[2197.9461538461537, 1331.3076923076924]",Actinomyces,1,1579
"[2195.525, 1555.775]",Leptotrichia,1,1580
"[2193.860759493671, 1725.126582278481]",Streptococcus,1,1581
"[2198.811688311688, 140.3181818181818]",Corynebacterium,1,1582
"[2201.5625, 559.5576923076923]",Leptotrichia,1,1584
"[2196.9935064935066, 978.7532467532468]",Leptotrichia,1,1585
"[2199.880701754386, 1411.7368421052631]",Actinomyces,1,1586
"[2196.846625766871, 56.82208588957055]",Leptotrichia,1,1587
"[2195.8125, 455.05]",Gemella,1,1588
"[2195.6111111111113, 480.5444444444444]",Leptotrichia,1,1589
"[2196.8290598290596, 811.4871794871794]",Campylobacter,1,1590
"[2195.3088235294117, 1633.2205882352941]",Leptotrichia,1,1591
"[2208.2679045092837, 684.0610079575597]",Campylobacter,1,1592
"[2200.9602649006624, 770.4437086092715]",Campylobacter,1,1593
"[2202.6393442622953, 265.11475409836066]",Pasteurellaceae,1,1595
"[2197.6363636363635, 582.1363636363636]",Leptotrichia,1,1596
"[2196.7702702702704, 1583.4594594594594]",Leptotrichia,1,1597
"[2201.312977099237, 242.2824427480916]",Corynebacterium,1,1598
"[2200.8055555555557, 411.0925925925926]",TM7,1,1599
"[2198.311111111111, 1041.1888888888889]",Actinomyces,1,1600
"[2198.376811594203, 1074.0434782608695]",Actinomyces,1,1601
"[2197.957142857143, 1518.4714285714285]",Streptococcus,1,1602
"[2201.0315789473684, 74.66315789473684]",Leptotrichia,1,1603
"[2205.450867052023, 790.4046242774566]",Campylobacter,1,1605
"[2200.6417910447763, 951.3880597014926]",Leptotrichia,1,1606
"[2203.6576576576576, 1008.8018018018018]",Leptotrichia,1,1607
"[2206.0729166666665, 1380.5520833333333]",Actinomyces,1,1608
"[2201.0833333333335, 1532.5104166666667]",Leptotrichia,1,1609
"[2201.68085106383, 1601.3085106382978]",Leptotrichia,1,1610
"[2201.3972602739727, 161.7123287671233]",Corynebacterium,1,1612
"[2201.903846153846, 186.15384615384616]",Corynebacterium,1,1613
"[2204.330985915493, 374.5211267605634]",TM7,1,1614
"[2203.8979591836733, 714.6428571428571]",Campylobacter,1,1615
"[2201.5409836065573, 1158.950819672131]",Streptococcus,1,1616
"[2209.6681614349777, 1571.017937219731]",Streptococcus,1,1617
"[2202.3956043956046, 1754.2967032967033]",Streptococcus,1,1618
"[2205.019047619048, 1828.695238095238]",Leptotrichia,1,1619
"[2201.7881355932204, 317.271186440678]",TM7,1,1620
"[2203.621212121212, 537.969696969697]",Leptotrichia,1,1621
"[2209.5392670157066, 906.1623036649214]",Leptotrichia,1,1622
"[2204.7786259541986, 1128.5954198473282]",Actinomyces,1,1623
"[2203.25, 1176.7826086956522]",Streptococcus,1,1624
"[2213.192513368984, 1551.1069518716577]",Streptococcus,1,1625
"[2206.4013157894738, 353.74342105263156]",Corynebacterium,1,1626
"[2206.6792452830186, 393.311320754717]",TM7,1,1627
"[2210.258426966292, 735.443820224719]",Campylobacter,1,1628
"[2206.81914893617, 890.7553191489362]",Leptotrichia,1,1629
"[2207.242424242424, 1111.3636363636363]",Streptococcus,1,1630
"[2206.990291262136, 114.30097087378641]",Corynebacterium,1,1631
"[2207.9, 334.15555555555557]",TM7,1,1632
"[2204.3818181818183, 649.1090909090909]",Campylobacter,1,1633
"[2209.0204081632655, 1045.0]",Actinomyces,1,1634
"[2205.246753246753, 1217.4285714285713]",Streptococcus,1,1635
"[2209.9594594594596, 1462.0067567567567]",Actinomyces,1,1636
"[2208.904, 1629.784]",Leptotrichia,1,1637
"[2205.3150684931506, 1786.3561643835617]",Porphyromonas,1,1638
"[2209.3456790123455, 287.04938271604937]",TM7,1,1639
"[2212.241206030151, 494.1608040201005]",Gemella,1,1640
"[2210.7410714285716, 1505.9285714285713]",Porphyromonas,1,1642
"[2206.048387096774, 523.3709677419355]",Campylobacter,1,1643
"[2210.3708609271525, 634.6622516556291]",Leptotrichia,1,1644
"[2214.099526066351, 1198.5071090047393]",Streptococcus,1,1645
"[2207.625, 1617.590909090909]",Streptococcus,1,1646
"[2210.972222222222, 1670.1759259259259]",Streptococcus,1,1647
"[2214.0059523809523, 199.35714285714286]",Corynebacterium,1,1648
"[2213.177339901478, 435.7536945812808]",Prevotella,1,1650
"[2211.3583333333336, 663.2416666666667]",Campylobacter,1,1651
"[2211.4188034188032, 994.7264957264957]",Leptotrichia,1,1652
"[2212.4596774193546, 1282.7903225806451]",Porphyromonas,1,1653
"[2212.5352112676055, 229.61971830985917]",Corynebacterium,1,1654
"[2210.5882352941176, 275.7352941176471]",TM7,1,1655
"[2211.260606060606, 305.7878787878788]",TM7,1,1656
"[2209.3928571428573, 450.9107142857143]",Lautropia,1,1657
"[2212.8918918918916, 1058.6081081081081]",Porphyromonas,1,1658
"[2212.1743119266057, 1268.0550458715597]",Streptococcus,1,1659
"[2218.5947136563877, 1428.6960352422907]",Porphyromonas,1,1660
"[2214.4066666666668, 1767.82]",Prevotella,1,1661
"[2210.9166666666665, 186.18333333333334]",Corynebacterium,1,1662
"[2211.9464285714284, 418.4642857142857]",Leptotrichia,1,1664
"[2211.3471074380163, 586.4297520661157]",Leptotrichia,1,1665
"[2216.268817204301, 820.5806451612904]",Gemella,1,1666
"[2213.043243243243, 932.0]",Leptotrichia,1,1667
"[2210.40625, 1653.3125]",Streptococcus,1,1668
"[2221.8146341463416, 1793.8390243902438]",Selenomonas,1,1669
"[2214.019417475728, 172.0]",Corynebacterium,1,1671
"[2216.048387096774, 847.741935483871]",Leptotrichia,1,1672
"[2219.48, 1097.44]",Porphyromonas,1,1673
"[2216.366279069767, 1234.046511627907]",Porphyromonas,1,1674
"[2215.755868544601, 1361.394366197183]",Actinomyces,1,1675
"[2213.6197183098593, 1479.1830985915492]",Streptococcus,1,1676
"[2220.672727272727, 1728.0318181818182]",Rothia,1,1677
"[2216.7254901960787, 615.4803921568628]",Leptotrichia,1,1678
"[2213.785714285714, 1069.482142857143]",Porphyromonas,1,1680
"[2216.1448275862067, 1692.1655172413793]",Actinomyces,1,1681
"[2214.9285714285716, 511.87142857142857]",Campylobacter,1,1682
"[2214.239436619718, 1252.6901408450703]",Streptococcus,1,1683
"[2216.568181818182, 1325.8522727272727]",Actinomyces,1,1684
"[2221.8944444444446, 1444.4277777777777]",Actinomyces,1,1685
"[2218.4819277108436, 142.23493975903614]",Corynebacterium,1,1686
"[2220.757894736842, 160.67368421052632]",Corynebacterium,1,1687
"[2215.5333333333333, 745.28]",Campylobacter,1,1688
"[2215.15, 870.55]",Leptotrichia,1,1689
"[2218.826086956522, 1342.2608695652175]",Actinomyces,1,1691
"[2218.8453038674033, 1587.9005524861877]",Streptococcus,1,1692
"[2219.078014184397, 1746.241134751773]",Leptotrichia,1,1693
"[2217.6190476190477, 1841.297619047619]",Streptococcus,1,1694
"[2219.8324324324326, 37.84324324324324]",Leptotrichia,1,1695
"[2222.2265625, 84.2265625]",Leptotrichia,1,1696
"[2224.4011976047905, 105.1497005988024]",Corynebacterium,1,1697
"[2220.8791946308725, 252.9798657718121]",Corynebacterium,1,1698
"[2221.769585253456, 461.9216589861751]",Leptotrichia,1,1699
"[2227.625592417062, 873.8767772511849]",Leptotrichia,1,1700
"[2220.7254901960787, 950.8104575163399]",Leptotrichia,1,1701
"[2218.9176470588236, 1127.3647058823528]",Porphyromonas,1,1702
"[2227.595070422535, 1175.5422535211267]",Streptococcus,1,1703
"[2219.806666666667, 1485.8733333333332]",Streptococcus,1,1704
"[2218.7179487179487, 1609.7948717948718]",Streptococcus,1,1705
"[2223.977011494253, 66.17816091954023]",Leptotrichia,1,1706
"[2219.6666666666665, 212.79012345679013]",Corynebacterium,1,1707
"[2222.015228426396, 526.9035532994924]",Leptotrichia,1,1708
"[2216.925925925926, 1183.7407407407406]",Streptococcus,1,1709
"[2220.3092783505153, 1412.1340206185566]",Porphyromonas,1,1710
"[2232.2900302114804, 1709.084592145015]",Actinomyces,1,1711
"[2219.3, 1813.1846153846154]",Leptotrichia,1,1712
"[2220.4712643678163, 1217.5632183908046]",Streptococcus,1,1714
"[2224.0, 1525.5978260869565]",Streptococcus,1,1715
"[2226.843373493976, 121.22289156626506]",Capnocytophaga,1,1716
"[2227.486033519553, 785.4301675977654]",Campylobacter,1,1717
"[2221.7745098039213, 983.8235294117648]",Leptotrichia,1,1718
"[2225.662745098039, 1148.5607843137254]",Streptococcus,1,1719
"[2221.567901234568, 1294.3703703703704]",Porphyromonas,1,1720
"[2223.3888888888887, 1647.0]",Streptococcus,1,1721
"[2222.3015873015875, 412.3888888888889]",Leptotrichia,1,1723
"[2223.3852459016393, 482.10655737704917]",Leptotrichia,1,1724
"[2222.635135135135, 576.8108108108108]",Campylobacter,1,1725
"[2226.0318471337578, 1077.0700636942674]",Porphyromonas,1,1726
"[2224.626582278481, 342.86708860759495]",TM7,1,1727
"[2224.2077922077924, 377.2857142857143]",TM7,1,1728
"[2223.862385321101, 548.8073394495412]",Streptococcus,1,1729
"[2226.0, 602.2033898305085]",Leptotrichia,1,1730
"[2223.7238095238095, 651.0857142857143]",Streptococcus,1,1731
"[2222.4890510948903, 710.2481751824818]",Campylobacter,1,1732
"[2226.304347826087, 798.895652173913]",Neisseriaceae,1,1733
"[2232.258883248731, 1043.6852791878173]",Actinomyces,1,1734
"[2223.214285714286, 1309.9017857142858]",Porphyromonas,1,1735
"[2223.5851063829787, 1511.8829787234042]",Streptococcus,1,1736
"[2224.198198198198, 319.9189189189189]",TM7,1,1738
"[2228.7801418439717, 567.177304964539]",Gemella,1,1739
"[2229.8198198198197, 361.1261261261261]",TM7,1,1740
"[2227.0338983050847, 911.3644067796611]",Leptotrichia,1,1741
"[2230.133333333333, 967.2666666666667]",Leptotrichia,1,1742
"[2228.272727272727, 1623.478787878788]",Streptococcus,1,1744
"[2228.4615384615386, 759.2781065088758]",Campylobacter,1,1745
"[2227.061728395062, 837.5925925925926]",Leptotrichia,1,1746
"[2227.4578313253014, 1390.5421686746988]",Porphyromonas,1,1747
"[2223.8358208955224, 1536.1940298507463]",Streptococcus,1,1748
"[2224.1408450704225, 292.2957746478873]",TM7,1,1749
"[2226.315789473684, 185.49122807017545]",Corynebacterium,1,1750
"[2229.7865168539324, 1329.7752808988764]",Actinomyces,1,1752
"[2234.7865853658536, 1457.1341463414635]",Actinomyces,1,1753
"[2235.280701754386, 49.2046783625731]",Pasteurellaceae,1,1754
"[2229.985294117647, 587.5147058823529]",Leptotrichia,1,1756
"[2231.62, 999.16]",Streptococcus,1,1757
"[2234.664739884393, 1238.7976878612717]",Porphyromonas,1,1758
"[2228.4285714285716, 1264.579365079365]",Porphyromonas,1,1759
"[2232.6454545454544, 142.24545454545455]",Corynebacterium,1,1760
"[2231.8110236220473, 235.44094488188978]",Corynebacterium,1,1761
"[2230.027777777778, 383.40277777777777]",Pasteurellaceae,1,1762
"[2230.25, 399.6904761904762]",Corynebacterium,1,1763
"[2231.2608695652175, 1470.2898550724638]",Porphyromonas,1,1764
"[2231.301886792453, 23.830188679245282]",Streptococcus,1,1765
"[2229.5384615384614, 267.9230769230769]",TM7,1,1766
"[2230.3150684931506, 888.068493150685]",Leptotrichia,1,1767
"[2242.0396475770926, 1060.47577092511]",Actinomyces,1,1768
"[2229.8055555555557, 1204.361111111111]",Streptococcus,1,1769
"[2228.964912280702, 1488.4912280701753]",Porphyromonas,1,1770
"[2231.7604166666665, 1753.2083333333333]",Leptotrichia,1,1771
"[2231.73417721519, 629.7341772151899]",Leptotrichia,1,1772
"[2231.9886363636365, 735.7045454545455]",Campylobacter,1,1773
"[2232.4817518248174, 1348.897810218978]",Porphyromonas,1,1774
"[2233.4153846153845, 1414.3538461538462]",Porphyromonas,1,1775
"[2232.88785046729, 1686.6261682242991]",Rothia,1,1776
"[2232.8282828282827, 1774.8989898989898]",Selenomonas,1,1777
"[2232.032786885246, 203.7704918032787]",Corynebacterium,1,1778
"[2232.8, 945.1733333333333]",Leptotrichia,1,1779
"[2234.700787401575, 1019.0944881889764]",Streptococcus,1,1780
"[2236.943181818182, 1125.6818181818182]",Streptococcus,1,1781
"[2238.121212121212, 165.02272727272728]",Corynebacterium,1,1782
"[2234.53164556962, 490.40506329113924]",Gemella,1,1783
"[2234.7395833333335, 671.8333333333334]",Campylobacter,1,1785
"[2235.313953488372, 720.9302325581396]",Campylobacter,1,1786
"[2239.0220588235293, 852.3161764705883]",Leptotrichia,1,1787
"[2240.8894736842103, 891.9421052631579]",Leptotrichia,1,1788
"[2235.340206185567, 1402.5670103092784]",Porphyromonas,1,1790
"[2236.230769230769, 1500.0096153846155]",Actinomyces,1,1791
"[2244.6688963210704, 1663.3277591973244]",Leptotrichia,1,1792
"[2233.078125, 282.171875]",Pasteurellaceae,1,1794
"[2233.438596491228, 1212.157894736842]",Streptococcus,1,1795
"[2234.3414634146343, 1281.3536585365853]",Streptococcus,1,1796
"[2237.222222222222, 1555.5277777777778]",Actinomyces,1,1797
"[2236.280991735537, 1594.5454545454545]",Streptococcus,1,1798
"[2237.39375, 812.36875]",Streptococcus,1,1800
"[2236.5761589403974, 303.10596026490066]",TM7,1,1801
"[2236.7962962962965, 933.7777777777778]",Leptotrichia,1,1802
"[2236.2280701754385, 1311.561403508772]",Porphyromonas,1,1803
"[2248.185483870968, 1481.9435483870968]",Actinomyces,1,1804
"[2236.962962962963, 224.77777777777777]",Corynebacterium,1,1806
"[2239.515789473684, 657.6631578947369]",Neisseriaceae,1,1807
"[2239.608695652174, 703.8260869565217]",Campylobacter,1,1808
"[2238.208695652174, 765.104347826087]",Campylobacter,1,1809
"[2242.85201793722, 1352.42600896861]",Porphyromonas,1,1810
"[2239.0, 1644.1052631578948]",Streptococcus,1,1811
"[2239.220779220779, 504.1038961038961]",Leptotrichia,1,1812
"[2239.326086956522, 596.3260869565217]",Leptotrichia,1,1813
"[2240.6595744680853, 691.531914893617]",Campylobacter,1,1814
"[2241.1637426900584, 1294.0994152046783]",Streptococcus,1,1815
"[2239.0, 1367.1505376344087]",Porphyromonas,1,1816
"[2241.7169811320755, 1830.8537735849056]",Campylobacter,1,1817
"[2244.214285714286, 419.2440476190476]",Leptotrichia,1,1818
"[2239.43, 523.73]",Gemella,1,1819
"[2244.8022598870057, 1091.6327683615818]",Streptococcus,1,1820
"[2246.664705882353, 1330.2588235294118]",Actinomyces,1,1821
"[2240.0875, 1421.8375]",Porphyromonas,1,1822
"[2246.6323529411766, 1439.578431372549]",Actinomyces,1,1823
"[2241.1311475409834, 1806.9426229508197]",Prevotella,1,1824
"[2248.9357142857143, 87.08571428571429]",Leptotrichia,1,1825
"[2248.090534979424, 553.835390946502]",Campylobacter,1,1826
"[2244.1655172413793, 1259.344827586207]",Porphyromonas,1,1827
"[2246.840909090909, 1579.5530303030303]",Streptococcus,1,1828
"[2245.330275229358, 111.78899082568807]",Corynebacterium,1,1830
"[2241.2315789473682, 210.3578947368421]",Corynebacterium,1,1831
"[2247.0845771144277, 284.8805970149254]",TM7,1,1832
"[2240.5, 348.9761904761905]",TM7,1,1833
"[2241.214953271028, 831.5046728971963]",Streptococcus,1,1834
"[2248.742574257426, 1163.1039603960396]",Streptococcus,1,1835
"[2241.7719298245615, 1189.561403508772]",Streptococcus,1,1836
"[2243.531914893617, 1383.2021276595744]",Porphyromonas,1,1837
"[2243.0962962962963, 1514.3555555555556]",Actinomyces,1,1838
"[2242.71875, 28.302083333333332]",Streptococcus,1,1839
"[2242.9054054054054, 179.98648648648648]",Corynebacterium,1,1840
"[2249.107981220657, 327.83098591549293]",Prevotella,1,1841
"[2244.018018018018, 476.9189189189189]",Leptotrichia,1,1842
"[2242.179104477612, 1076.8358208955224]",Actinomyces,1,1843
"[2247.248062015504, 1730.4031007751937]",Prevotella,1,1844
"[2244.2291666666665, 460.7395833333333]",Leptotrichia,1,1846
"[2246.7359550561796, 920.2303370786517]",Leptotrichia,1,1847
"[2245.7157894736843, 958.2947368421053]",Leptotrichia,1,1848
"[2247.5833333333335, 1220.0357142857142]",Streptococcus,1,1849
"[2243.5252525252527, 1770.1919191919192]",Corynebacterium,1,1850
"[2243.0140845070423, 396.61971830985914]",Selenomonas,1,1851
"[2244.2340425531916, 441.23936170212767]",Prevotella,1,1852
"[2248.2150537634407, 799.3010752688172]",Neisseriaceae,1,1853
"[2247.9060402684563, 1007.3020134228188]",Lautropia,1,1854
"[2249.4954954954956, 1312.882882882883]",Porphyromonas,1,1855
"[2244.5588235294117, 1789.3529411764705]",Streptococcus,1,1856
"[2246.70796460177, 68.27433628318585]",Leptotrichia,1,1857
"[2246.280701754386, 152.12280701754386]",Corynebacterium,1,1858
"[2246.324786324786, 578.2735042735043]",Leptotrichia,1,1859
"[2245.005347593583, 623.9144385026738]",Neisseriaceae,1,1860
"[2246.7417218543046, 134.27152317880794]",Corynebacterium,1,1861
"[2249.3846153846152, 313.20512820512823]",TM7,1,1862
"[2249.9605263157896, 839.1184210526316]",Leptotrichia,1,1863
"[2246.318181818182, 975.969696969697]",Leptotrichia,1,1864
"[2249.835164835165, 248.0879120879121]",TM7,1,1865
"[2248.65, 373.015]",TM7,1,1866
"[2254.729411764706, 728.2176470588236]",Campylobacter,1,1868
"[2247.8098591549297, 1537.394366197183]",Streptococcus,1,1870
"[2250.652777777778, 193.71527777777777]",Corynebacterium,1,1871
"[2247.3684210526317, 740.6666666666666]",Campylobacter,1,1872
"[2250.842105263158, 986.9342105263158]",Leptotrichia,1,1874
"[2247.625, 1144.140625]",Streptococcus,1,1875
"[2250.5324675324673, 659.2857142857143]",Neisseriaceae,1,1876
"[2251.5365853658536, 779.4085365853658]",Campylobacter,1,1877
"[2249.9154929577467, 1392.3521126760563]",Porphyromonas,1,1878
"[2249.943661971831, 1756.9154929577464]",Porphyromonas,1,1879
"[2250.6285714285714, 219.35714285714286]",Pasteurellaceae,1,1881
"[2250.3333333333335, 269.23809523809524]",Pasteurellaceae,1,1882
"[2254.953488372093, 680.077519379845]",Campylobacter,1,1883
"[2253.12987012987, 826.4935064935065]",Campylobacter,1,1884
"[2253.3853211009173, 932.1100917431193]",Leptotrichia,1,1886
"[2251.1269035532996, 1623.4162436548224]",Streptococcus,1,1887
"[2251.6973684210525, 1684.8947368421052]",Rothia,1,1889
"[2257.6428571428573, 109.15079365079364]",Corynebacterium,1,1890
"[2252.194029850746, 1045.7014925373135]",Streptococcus,1,1891
"[2254.892561983471, 1250.5537190082644]",Streptococcus,1,1892
"[2262.6837606837607, 1281.6581196581196]",Prevotella,1,1893
"[2252.5885714285714, 1707.0285714285715]",Porphyromonas,1,1894
"[2252.6290322580644, 166.1451612903226]",Corynebacterium,1,1895
"[2255.9514563106795, 231.24271844660194]",TM7,1,1896
"[2255.5442176870747, 1129.2448979591836]",Streptococcus,1,1897
"[2255.7557251908397, 1462.473282442748]",Actinomyces,1,1898
"[2254.1071428571427, 1779.232142857143]",Fusobacterium,1,1900
"[2256.9473684210525, 56.03947368421053]",Leptotrichia,1,1901
"[2255.634782608696, 504.295652173913]",Leptotrichia,1,1902
"[2254.3908045977014, 525.0459770114943]",Campylobacter,1,1903
"[2255.8591549295775, 1077.9577464788733]",Actinomyces,1,1904
"[2259.7083333333335, 709.5208333333334]",Campylobacter,1,1906
"[2259.2542372881358, 1375.8305084745762]",Porphyromonas,1,1907
"[2255.264150943396, 1495.2830188679245]",Actinomyces,1,1908
"[2259.1176470588234, 1765.514705882353]",Selenomonas,1,1909
"[2255.75641025641, 608.5897435897435]",Campylobacter,1,1910
"[2258.6209677419356, 1185.4637096774193]",Streptococcus,1,1911
"[2260.2550335570468, 1420.6442953020135]",Porphyromonas,1,1912
"[2259.114942528736, 1525.3218390804598]",Streptococcus,1,1913
"[2257.41975308642, 353.91358024691357]",TM7,1,1915
"[2257.7816091954023, 395.0689655172414]",TM7,1,1916
"[2261.0416666666665, 409.03472222222223]",TM7,1,1917
"[2257.627450980392, 637.0294117647059]",Campylobacter,1,1918
"[2258.6161616161617, 811.8888888888889]",Neisseriaceae,1,1919
"[2261.4744525547444, 851.8394160583941]",Leptotrichia,1,1920
"[2259.7745098039213, 1559.5098039215686]",Porphyromonas,1,1921
"[2259.359223300971, 1813.8349514563106]",Rothia,1,1922
"[2259.457746478873, 20.577464788732396]",Neisseriaceae,1,1923
"[2261.186046511628, 541.2325581395348]",Neisseriaceae,1,1924
"[2258.28125, 744.078125]",Campylobacter,1,1925
"[2266.168181818182, 994.7227272727273]",Leptotrichia,1,1926
"[2262.6953125, 1401.7578125]",Streptococcus,1,1927
"[2260.692857142857, 1605.0642857142857]",Streptococcus,1,1928
"[2259.5454545454545, 174.65454545454546]",Pasteurellaceae,1,1929
"[2258.176470588235, 452.54901960784315]",Actinomyces,1,1930
"[2260.8589743589746, 696.8589743589744]",Campylobacter,1,1932
"[2259.390243902439, 889.670731707317]",Leptotrichia,1,1934
"[2261.903448275862, 971.5034482758621]",Leptotrichia,1,1935
"[2263.382513661202, 1034.3497267759562]",Streptococcus,1,1936
"[2263.569892473118, 1305.0358422939069]",Porphyromonas,1,1937
"[2262.443298969072, 1342.701030927835]",Porphyromonas,1,1938
"[2262.7676767676767, 1646.6161616161617]",Streptococcus,1,1940
"[2259.698630136986, 253.41095890410958]",TM7,1,1941
"[2268.384105960265, 492.8079470198675]",Gemella,1,1942
"[2260.6043956043954, 580.8131868131868]",Leptotrichia,1,1943
"[2260.176470588235, 1393.862745098039]",Porphyromonas,1,1944
"[2265.17880794702, 1742.6423841059602]",Fusobacterium,1,1945
"[2262.804054054054, 1790.25]",Actinomyces,1,1946
"[2262.301369863014, 1829.3835616438357]",Campylobacter,1,1947
"[2262.5529411764705, 154.6705882352941]",Corynebacterium,1,1948
"[2262.5797101449275, 315.71014492753625]",TM7,1,1949
"[2267.030150753769, 365.49748743718595]",TM7,1,1950
"[2259.785714285714, 475.4642857142857]",Leptotrichia,1,1951
"[2275.546184738956, 528.7751004016064]",Neisseriaceae,1,1952
"[2260.985507246377, 1143.144927536232]",Porphyromonas,1,1953
"[2266.034965034965, 1357.1538461538462]",Porphyromonas,1,1954
"[2261.1346153846152, 1545.3461538461538]",Porphyromonas,1,1955
"[2269.8172043010754, 43.68817204301075]",Leptotrichia,1,1956
"[2265.287037037037, 208.94444444444446]",Pasteurellaceae,1,1957
"[2266.9901960784314, 469.98039215686276]",TM7,1,1958
"[2262.6129032258063, 948.258064516129]",Leptotrichia,1,1959
"[2262.887640449438, 1022.6966292134831]",Streptococcus,1,1960
"[2265.357723577236, 438.4146341463415]",Leptotrichia,1,1962
"[2264.530201342282, 1060.5771812080536]",Actinomyces,1,1963
"[2263.4444444444443, 1678.1728395061727]",Porphyromonas,1,1964
"[2267.5759493670885, 137.2405063291139]",Prevotella,1,1966
"[2263.967741935484, 187.6290322580645]",Corynebacterium,1,1967
"[2265.3939393939395, 271.6969696969697]",Pasteurellaceae,1,1968
"[2267.4387755102043, 345.2244897959184]",Pasteurellaceae,1,1969
"[2264.7009345794395, 659.4766355140187]",Porphyromonas,1,1970
"[2265.900709219858, 1095.8014184397164]",Streptococcus,1,1971
"[2269.0309278350514, 1267.1752577319587]",Porphyromonas,1,1972
"[2264.037735849057, 1536.867924528302]",Porphyromonas,1,1973
"[2266.670588235294, 606.3176470588236]",Leptotrichia,1,1974
"[2266.5087719298244, 382.70175438596493]",TM7,1,1975
"[2265.672, 914.208]",Leptotrichia,1,1976
"[2265.503937007874, 1120.4881889763778]",Streptococcus,1,1977
"[2267.822222222222, 1243.3777777777777]",Porphyromonas,1,1978
"[2265.621212121212, 1577.8030303030303]",Streptococcus,1,1979
"[2267.169811320755, 1700.3333333333333]",Porphyromonas,1,1980
"[2268.481818181818, 1724.290909090909]",Prevotella,1,1981
"[2269.6525423728813, 291.90677966101697]",TM7,1,1982
"[2267.5409836065573, 779.9508196721312]",Leptotrichia,1,1983
"[2268.492537313433, 882.223880597015]",Leptotrichia,1,1984
"[2272.8549618320612, 1620.679389312977]",Streptococcus,1,1985
"[2269.091603053435, 555.9618320610687]",Gemella,1,1987
"[2270.1111111111113, 623.5833333333334]",Neisseriaceae,1,1988
"[2269.230769230769, 938.3076923076923]",Leptotrichia,1,1989
"[2272.68, 64.94666666666667]",Leptotrichia,1,1990
"[2269.740740740741, 513.0246913580247]",Leptotrichia,1,1991
"[2271.978417266187, 641.3309352517986]",Porphyromonas,1,1992
"[2269.2028985507245, 826.8985507246376]",Campylobacter,1,1993
"[2270.8343949044583, 865.859872611465]",Leptotrichia,1,1994
"[2271.3023255813955, 1795.015503875969]",Prevotella,1,1995
"[2271.5876288659792, 102.45360824742268]",Pasteurellaceae,1,1997
"[2274.6787330316743, 261.8009049773756]",TM7,1,2000
"[2270.163636363636, 673.7818181818182]",Streptococcus,1,2001
"[2270.7432432432433, 745.8716216216217]",Campylobacter,1,2002
"[2279.463054187192, 789.2758620689655]",Leptotrichia,1,2003
"[2270.2077922077924, 1232.2467532467533]",Streptococcus,1,2004
"[2271.6363636363635, 1492.3181818181818]",Porphyromonas,1,2005
"[2279.737804878049, 1634.5548780487804]",Rothia,1,2007
"[2275.6446280991736, 78.12396694214875]",Leptotrichia,1,2009
"[2273.3813559322034, 417.73728813559325]",Corynebacterium,1,2010
"[2272.125, 457.8636363636364]",Veillonella,1,2011
"[2273.178947368421, 767.0421052631579]",Campylobacter,1,2012
"[2272.7837837837837, 1148.831081081081]",Streptococcus,1,2013
"[2281.4669811320755, 14.485849056603774]",Neisseriaceae,1,2017
"[2273.8526315789472, 581.4421052631579]",Leptotrichia,1,2019
"[2273.4263565891474, 807.922480620155]",Leptotrichia,1,2020
"[2277.4475524475524, 838.1748251748252]",Campylobacter,1,2021
"[2276.9710982658958, 1082.8092485549132]",Actinomyces,1,2022
"[2275.173913043478, 1466.0496894409937]",Porphyromonas,1,2024
"[2272.3023255813955, 1597.1511627906978]",Streptococcus,1,2025
"[2271.2597402597403, 1759.9610389610389]",Selenomonas,1,2027
"[2273.7843137254904, 173.66666666666666]",TM7,1,2028
"[2277.095588235294, 334.05882352941177]",TM7,1,2029
"[2274.9253731343283, 720.0746268656717]",Neisseriaceae,1,2030
"[2278.7086614173227, 927.5826771653543]",Leptotrichia,1,2031
"[2276.6892655367233, 1176.1242937853108]",Streptococcus,1,2032
"[2274.917808219178, 1329.7534246575342]",Porphyromonas,1,2033
"[2273.9375, 1445.5875]",Streptococcus,1,2034
"[2275.5344827586205, 685.1896551724138]",Streptococcus,1,2036
"[2275.672131147541, 955.8524590163935]",Leptotrichia,1,2037
"[2278.525925925926, 1199.5555555555557]",Porphyromonas,1,2038
"[2281.1496598639455, 1522.5714285714287]",Porphyromonas,1,2039
"[2276.298013245033, 1669.294701986755]",Porphyromonas,1,2040
"[2278.6781609195405, 1588.655172413793]",Streptococcus,1,2041
"[2277.0875, 1807.8]",Actinomyces,1,2042
"[2275.6716417910447, 160.62686567164178]",TM7,1,2043
"[2278.1059602649007, 398.05960264900665]",TM7,1,2044
"[2277.15625, 972.9791666666666]",Leptotrichia,1,2045
"[2276.372549019608, 1252.0294117647059]",Porphyromonas,1,2046
"[2284.0330188679245, 1311.3443396226414]",Prevotella,1,2047
"[2278.467391304348, 1375.9021739130435]",Porphyromonas,1,2048
"[2277.4795918367345, 1434.642857142857]",Leptotrichia,1,2049
"[2276.3164556962024, 1708.8227848101267]",Porphyromonas,1,2050
"[2281.597014925373, 192.23880597014926]",Pasteurellaceae,1,2051
"[2279.465277777778, 312.3541666666667]",Pasteurellaceae,1,2052
"[2284.0662650602408, 571.4096385542168]",Neisseriaceae,1,2053
"[2276.9655172413795, 1552.2758620689656]",Porphyromonas,1,2054
"[2285.0, 243.8918918918919]",TM7,1,2055
"[2284.624113475177, 448.25531914893617]",Leptotrichia,1,2057
"[2278.871794871795, 1020.2307692307693]",Streptococcus,1,2058
"[2279.0133333333333, 215.54666666666665]",TM7,1,2059
"[2279.901234567901, 230.91358024691357]",TM7,1,2060
"[2284.2403100775196, 381.6511627906977]",TM7,1,2061
"[2283.7076923076925, 704.9461538461538]",Campylobacter,1,2062
"[2282.345070422535, 905.6549295774648]",Leptotrichia,1,2063
"[2280.0444444444443, 1008.6111111111111]",Actinomyces,1,2064
"[2285.772727272727, 1040.3801652892562]",Actinomyces,1,2065
"[2279.9302325581393, 1125.3798449612402]",Streptococcus,1,2066
"[2283.0132450331125, 1506.6887417218543]",Porphyromonas,1,2067
"[2285.86387434555, 1827.6335078534032]",Rothia,1,2068
"[2280.18, 88.54]",Pasteurellaceae,1,2069
"[2284.5146198830407, 120.4093567251462]",Pasteurellaceae,1,2070
"[2286.9194630872485, 1844.8590604026845]",Streptococcus,1,2071
"[2282.2830188679245, 431.20754716981133]",Pasteurellaceae,1,2072
"[2280.6666666666665, 660.3763440860215]",Streptococcus,1,2073
"[2283.651376146789, 1336.5963302752293]",Porphyromonas,1,2074
"[2285.668789808917, 1756.1210191082803]",Fusobacterium,1,2075
"[2283.6153846153848, 505.4725274725275]",Campylobacter,1,2076
"[2285.231884057971, 1223.123188405797]",Streptococcus,1,2077
"[2290.6534653465346, 1285.7871287128712]",Prevotella,1,2078
"[2288.0966386554624, 1563.361344537815]",Porphyromonas,1,2079
"[2285.7833333333333, 1790.5166666666667]",Fusobacterium,1,2080
"[2283.1369863013697, 1109.3150684931506]",Actinomyces,1,2082
"[2286.1087866108787, 1404.9079497907949]",Porphyromonas,1,2083
"[2289.4148148148147, 1741.3407407407408]",TM7,1,2084
"[2287.2105263157896, 203.98947368421054]",Pasteurellaceae,1,2085
"[2285.3693693693695, 607.918918918919]",Streptococcus,1,2086
"[2286.0266666666666, 670.0266666666666]",Gemella,1,2087
"[2288.1050420168067, 736.7647058823529]",Campylobacter,1,2088
"[2289.4805194805194, 943.6558441558442]",Leptotrichia,1,2090
"[2283.906976744186, 1155.9883720930231]",Streptococcus,1,2091
"[2285.6576576576576, 1773.6306306306305]",Selenomonas,1,2092
"[2288.5982905982905, 163.94871794871796]",TM7,1,2093
"[2285.483870967742, 873.1209677419355]",Leptotrichia,1,2094
"[2284.1603773584907, 1356.811320754717]",Porphyromonas,1,2095
"[2286.0169491525426, 151.61016949152543]",Corynebacterium,1,2096
"[2286.1971830985917, 642.7464788732394]",Neisseriaceae,1,2097
"[2285.1964285714284, 754.5892857142857]",Campylobacter,1,2098
"[2288.7166666666667, 483.43888888888887]",Corynebacterium,1,2100
"[2287.839416058394, 552.8832116788321]",Campylobacter,1,2101
"[2293.2606382978724, 828.5265957446809]",Leptotrichia,1,2102
"[2286.7636363636366, 850.7818181818182]",Leptotrichia,1,2103
"[2288.592, 963.552]",Leptotrichia,1,2104
"[2288.031914893617, 1492.872340425532]",Porphyromonas,1,2105
"[2287.972972972973, 1537.4864864864865]",Porphyromonas,1,2106
"[2291.7875, 1709.4625]",Porphyromonas,1,2107
"[2288.3396226415093, 1692.5283018867924]",Porphyromonas,1,2110
"[2292.2975206611573, 129.78512396694214]",Corynebacterium,1,2111
"[2296.098265895954, 178.78612716763007]",TM7,1,2112
"[2297.6267281105993, 804.926267281106]",Leptotrichia,1,2113
"[2290.6946564885498, 1452.6564885496184]",Streptococcus,1,2114
"[2295.3155080213905, 28.887700534759357]",Leptotrichia,1,2115
"[2290.7314814814813, 61.06481481481482]",Leptotrichia,1,2116
"[2292.2556390977443, 295.49624060150376]",Corynebacterium,1,2117
"[2290.9493670886077, 337.253164556962]",TM7,1,2118
"[2295.858024691358, 694.1728395061729]",Neisseriaceae,1,2119
"[2291.753846153846, 761.276923076923]",Campylobacter,1,2120
"[2292.4725274725274, 983.4505494505495]",Leptotrichia,1,2121
"[2291.492957746479, 1139.4647887323943]",Streptococcus,1,2122
"[2292.054347826087, 1730.4673913043478]",Selenomonas,1,2124
"[2294.566929133858, 999.0944881889764]",Streptococcus,1,2125
"[2293.2331288343557, 1260.9877300613498]",Streptococcus,1,2126
"[2292.442857142857, 1429.2857142857142]",Porphyromonas,1,2127
"[2295.843003412969, 268.0273037542662]",Leptotrichia,1,2128
"[2293.0140845070423, 359.8732394366197]",TM7,1,2129
"[2292.1884057971015, 1237.7391304347825]",Porphyromonas,1,2130
"[2293.043010752688, 1601.225806451613]",Porphyromonas,1,2131
"[2291.957575757576, 1665.1272727272728]",Prevotella,1,2132
"[2295.277777777778, 1805.3777777777777]",Gemella,1,2133
"[2293.8965517241377, 371.13793103448273]",Pasteurellaceae,1,2134
"[2294.0588235294117, 861.1294117647059]",Leptotrichia,1,2135
"[2297.915966386555, 910.3781512605042]",Leptotrichia,1,2136
"[2295.1272727272726, 1018.7363636363636]",Leptotrichia,1,2137
"[2294.5438596491226, 1083.482456140351]",Actinomyces,1,2138
"[2294.245454545455, 1107.1363636363637]",Porphyromonas,1,2139
"[2293.1369863013697, 1178.6712328767123]",Streptococcus,1,2140
"[2301.781914893617, 97.1063829787234]",Leptotrichia,1,2141
"[2294.90756302521, 416.33613445378154]",Leptotrichia,1,2142
"[2295.0875, 1124.65]",Leptotrichia,1,2143
"[2295.2022471910113, 1203.3820224719102]",Streptococcus,1,2144
"[2306.6216216216217, 1304.490990990991]",Porphyromonas,1,2145
"[2295.2763157894738, 510.4736842105263]",Campylobacter,1,2146
"[2297.410447761194, 654.4365671641791]",Leptotrichia,1,2147
"[2300.551470588235, 885.8602941176471]",Leptotrichia,1,2148
"[2298.194805194805, 1054.6363636363637]",Actinomyces,1,2149
"[2296.1518987341774, 1151.7088607594937]",Streptococcus,1,2150
"[2296.2375, 1330.125]",Porphyromonas,1,2151
"[2297.8195488721803, 221.41353383458647]",Streptococcus,1,2152
"[2297.4942528735633, 468.1264367816092]",Corynebacterium,1,2153
"[2298.1382978723404, 1367.6170212765958]",Porphyromonas,1,2154
"[2297.2625, 1472.0125]",Streptococcus,1,2155
"[2300.0803571428573, 1618.7857142857142]",Porphyromonas,1,2157
"[2301.9473684210525, 714.2]",Neisseriaceae,1,2158
"[2296.710144927536, 772.5507246376811]",Campylobacter,1,2159
"[2297.440476190476, 931.1309523809524]",Leptotrichia,1,2160
"[2304.2287581699347, 1165.797385620915]",Leptotrichia,1,2161
"[2298.4791666666665, 1350.5625]",Porphyromonas,1,2162
"[2298.2323232323233, 1645.5252525252524]",Prevotella,1,2163
"[2297.078125, 1849.640625]",Streptococcus,1,2164
"[2297.9764705882353, 314.47058823529414]",TM7,1,2165
"[2302.0652173913045, 330.2826086956522]",TM7,1,2166
"[2303.7214611872146, 583.0730593607306]",Campylobacter,1,2167
"[2303.378048780488, 375.0609756097561]",TM7,1,2169
"[2299.054347826087, 529.945652173913]",Campylobacter,1,2170
"[2302.0714285714284, 1526.0324675324675]",Porphyromonas,1,2171
"[2302.2075471698113, 44.386792452830186]",Leptotrichia,1,2172
"[2300.7200000000003, 113.0]",Corynebacterium,1,2173
"[2300.5913043478263, 1443.408695652174]",Actinomyces,1,2174
"[2303.3548387096776, 1589.032258064516]",Porphyromonas,1,2175
"[2301.84126984127, 138.26984126984127]",Corynebacterium,1,2176
"[2306.9608938547485, 453.9050279329609]",Capnocytophaga,1,2177
"[2304.967741935484, 980.1290322580645]",Leptotrichia,1,2178
"[2301.6825396825398, 1187.095238095238]",Streptococcus,1,2179
"[2301.38, 1483.9]",Porphyromonas,1,2181
"[2301.3636363636365, 1507.1060606060605]",Porphyromonas,1,2182
"[2304.089285714286, 435.0267857142857]",Pasteurellaceae,1,2183
"[2302.955056179775, 549.6629213483146]",Campylobacter,1,2184
"[2302.844827586207, 898.8448275862069]",Leptotrichia,1,2185
"[2308.995098039216, 1219.5196078431372]",Streptococcus,1,2186
"[2306.267175572519, 1407.4580152671756]",Porphyromonas,1,2188
"[2305.212121212121, 1494.1060606060605]",Actinomyces,1,2189
"[2303.4912280701756, 1634.0]",Prevotella,1,2191
"[2305.9358974358975, 955.2564102564103]",Leptotrichia,1,2192
"[2303.7462686567164, 1717.358208955224]",Selenomonas,1,2193
"[2302.923076923077, 1766.8846153846155]",Leptotrichia,1,2194
"[2303.6301369863013, 204.73972602739727]",Corynebacterium,1,2195
"[2308.448818897638, 489.59055118110234]",Capnocytophaga,1,2196
"[2304.9882352941177, 749.1294117647059]",Campylobacter,1,2197
"[2308.1639344262294, 870.7295081967213]",Leptotrichia,1,2198
"[2308.8167938931297, 1279.6870229007634]",Prevotella,1,2199
"[2305.992700729927, 1560.8102189781023]",Porphyromonas,1,2200
"[2303.6567164179105, 1690.8208955223881]",Actinomyces,1,2201
"[2303.0943396226417, 1753.2264150943397]",Selenomonas,1,2202
"[2314.945054945055, 13.0]",Veillonella,1,2203
"[2306.2799999999997, 240.72]",Treponema,1,2204
"[2307.577981651376, 789.0825688073395]",Leptotrichia,1,2206
"[2307.2528735632186, 1677.8275862068965]",Prevotella,1,2207
"[2308.4975845410627, 1788.0676328502416]",Campylobacter,1,2208
"[2305.073529411765, 1815.1617647058824]",Gemella,1,2209
"[2306.855769230769, 351.33653846153845]",TM7,1,2210
"[2308.478787878788, 626.7272727272727]",Leptotrichia,1,2211
"[2306.4333333333334, 1086.4]",Actinomyces,1,2212
"[2309.0, 72.45714285714286]",Leptotrichia,1,2213
"[2309.2169811320755, 164.76415094339623]",TM7,1,2214
"[2307.7090909090907, 502.45454545454544]",Neisseriaceae,1,2215
"[2308.9, 1035.0727272727272]",Leptotrichia,1,2216
"[2309.1916666666666, 1257.0583333333334]",Porphyromonas,1,2217
"[2309.829457364341, 1325.6899224806202]",Porphyromonas,1,2218
"[2308.0, 1606.3538461538462]",Porphyromonas,1,2219
"[2312.9830508474574, 1663.4533898305085]",Prevotella,1,2220
"[2307.5694444444443, 1839.3055555555557]",Leptotrichia,1,2221
"[2309.0, 259.9433962264151]",Leptotrichia,1,2222
"[2311.2573529411766, 766.6911764705883]",Campylobacter,1,2223
"[2309.9929078014184, 1108.049645390071]",Streptococcus,1,2224
"[2309.5714285714284, 1142.5079365079366]",Leptotrichia,1,2225
"[2309.9827586206898, 1548.9224137931035]",Porphyromonas,1,2227
"[2312.835164835165, 1702.9285714285713]",Rothia,1,2228
"[2309.198675496689, 1731.2582781456954]",Corynebacterium,1,2229
"[2311.7125, 303.75]",TM7,1,2230
"[2309.9827586206898, 318.58620689655174]",Pasteurellaceae,1,2231
"[2309.967213114754, 831.8934426229508]",Leptotrichia,1,2233
"[2308.7831325301204, 850.7349397590361]",Leptotrichia,1,2234
"[2316.176470588235, 54.05042016806723]",Leptotrichia,1,2235
"[2312.6133333333332, 149.72]",Pasteurellaceae,1,2236
"[2313.5656565656564, 293.989898989899]",Pasteurellaceae,1,2237
"[2311.112676056338, 474.9718309859155]",Corynebacterium,1,2238
"[2310.804347826087, 1200.7065217391305]",Streptococcus,1,2239
"[2317.281407035176, 115.1105527638191]",Corynebacterium,1,2240
"[2310.769230769231, 128.84615384615384]",Pasteurellaceae,1,2241
"[2311.518987341772, 671.3291139240506]",Campylobacter,1,2242
"[2312.3035714285716, 1123.3392857142858]",Leptotrichia,1,2243
"[2311.4225352112676, 1390.394366197183]",Porphyromonas,1,2244
"[2317.425806451613, 1431.8193548387096]",Porphyromonas,1,2245
"[2315.595588235294, 1506.8014705882354]",Porphyromonas,1,2246
"[2312.890410958904, 389.6575342465753]",Pasteurellaceae,1,2247
"[2312.877192982456, 518.2982456140351]",Campylobacter,1,2248
"[2312.5079365079364, 559.0]",Campylobacter,1,2249
"[2314.3875, 1002.10625]",Streptococcus,1,2251
"[2314.621848739496, 1356.9495798319329]",Porphyromonas,1,2252
"[2313.8082191780823, 1457.7260273972602]",Porphyromonas,1,2253
"[2315.14406779661, 1825.7627118644068]",Leptotrichia,1,2254
"[2317.8840579710145, 1860.487922705314]",Streptococcus,1,2255
"[2318.8321678321677, 1019.8811188811189]",Leptotrichia,1,2256
"[2316.2169811320755, 1621.7830188679245]",Porphyromonas,1,2257
"[2313.934210526316, 218.85526315789474]",Corynebacterium,1,2258
"[2320.0650887573966, 404.9408284023669]",Pasteurellaceae,1,2259
"[2316.6973684210525, 416.9736842105263]",Pasteurellaceae,1,2260
"[2314.6018518518517, 733.2592592592592]",Capnocytophaga,1,2261
"[2319.8105263157895, 939.3964912280702]",Leptotrichia,1,2262
"[2314.5602836879434, 1066.2482269503546]",Actinomyces,1,2263
"[2314.45, 1442.55]",Leptotrichia,1,2264
"[2318.4943820224717, 28.1123595505618]",Leptotrichia,1,2266
"[2316.1463414634145, 201.9268292682927]",Corynebacterium,1,2267
"[2315.841121495327, 1485.252336448598]",Actinomyces,1,2268
"[2319.1833333333334, 232.35833333333332]",Leptotrichia,1,2269
"[2316.925, 537.7416666666667]",Campylobacter,1,2271
"[2316.2, 695.8347826086956]",Neisseriaceae,1,2272
"[2320.2685185185187, 920.5]",Leptotrichia,1,2273
"[2318.6363636363635, 1039.990909090909]",Leptotrichia,1,2274
"[2321.5, 1182.8125]",Porphyromonas,1,2275
"[2316.0983606557375, 1374.295081967213]",Porphyromonas,1,2276
"[2316.7712418300653, 1763.4313725490197]",Capnocytophaga,1,2277
"[2316.5, 1808.1521739130435]",Campylobacter,1,2278
"[2318.8901098901097, 348.9120879120879]",TM7,1,2279
"[2318.3, 786.85]",Campylobacter,1,2280
"[2319.3728813559323, 1237.2711864406779]",Streptococcus,1,2282
"[2317.3548387096776, 1339.6129032258063]",Porphyromonas,1,2283
"[2319.942857142857, 1387.0142857142857]",Porphyromonas,1,2284
"[2317.8705035971225, 1587.5611510791366]",Porphyromonas,1,2286
"[2324.944680851064, 1641.9914893617022]",Prevotella,1,2287
"[2322.184210526316, 148.1184210526316]",Pasteurellaceae,1,2288
"[2320.378151260504, 182.1596638655462]",Pasteurellaceae,1,2289
"[2319.764367816092, 607.2471264367816]",Leptotrichia,1,2290
"[2318.18085106383, 640.6276595744681]",Neisseriaceae,1,2291
"[2319.7047619047617, 883.8952380952381]",Leptotrichia,1,2292
"[2317.9270833333335, 901.9583333333334]",Leptotrichia,1,2293
"[2320.445945945946, 375.6216216216216]",TM7,1,2294
"[2320.6494845360826, 437.8556701030928]",Leptotrichia,1,2295
"[2320.59, 507.93]",Neisseriaceae,1,2296
"[2320.112359550562, 1733.561797752809]",Selenomonas,1,2297
"[2320.4461538461537, 490.04615384615386]",Campylobacter,1,2298
"[2324.855769230769, 706.4615384615385]",Streptococcus,1,2299
"[2324.3739130434783, 1105.9304347826087]",Leptotrichia,1,2300
"[2322.3432835820895, 1531.8358208955224]",Actinomyces,1,2301
"[2322.5757575757575, 723.1414141414141]",Leptotrichia,1,2303
"[2324.8691588785045, 851.2523364485982]",Leptotrichia,1,2304
"[2321.909090909091, 1369.9818181818182]",Porphyromonas,1,2305
"[2321.7115384615386, 267.46153846153845]",Pasteurellaceae,1,2307
"[2320.842105263158, 282.8421052631579]",Corynebacterium,1,2308
"[2323.2022471910113, 662.0786516853933]",Leptotrichia,1,2309
"[2323.2706766917295, 980.8045112781955]",Leptotrichia,1,2310
"[2321.2696629213483, 1413.7752808988764]",Porphyromonas,1,2311
"[2326.3834586466164, 1518.6766917293232]",Prevotella,1,2312
"[2322.9833333333336, 1544.65]",Porphyromonas,1,2313
"[2326.794117647059, 35.05882352941177]",TM7,1,2314
"[2324.8859649122805, 84.83333333333333]",Lautropia,1,2315
"[2323.640625, 320.15625]",TM7,1,2316
"[2333.753424657534, 576.4109589041096]",Campylobacter,1,2318
"[2326.7884615384614, 1290.4038461538462]",Prevotella,1,2321
"[2332.387755102041, 1311.5510204081634]",Porphyromonas,1,2322
"[2326.484375, 1697.734375]",Rothia,1,2323
"[2331.324324324324, 425.5855855855856]",Pasteurellaceae,1,2325
"[2324.9646017699115, 748.1238938053098]",Capnocytophaga,1,2326
"[2324.75, 1750.875]",Selenomonas,1,2327
"[2328.3576642335765, 127.06569343065694]",Corynebacterium,1,2328
"[2327.6978417266187, 811.568345323741]",Leptotrichia,1,2330
"[2331.083916083916, 1138.076923076923]",Porphyromonas,1,2331
"[2327.595588235294, 1154.0]",Streptococcus,1,2332
"[2332.3574879227053, 1349.2028985507247]",Porphyromonas,1,2334
"[2328.5714285714284, 1468.2952380952381]",Prevotella,1,2335
"[2328.7385620915034, 1562.2810457516339]",Porphyromonas,1,2336
"[2326.6433566433566, 254.65034965034965]",Leptotrichia,1,2338
"[2326.605633802817, 295.77464788732397]",Pasteurellaceae,1,2339
"[2326.9827586206898, 465.4741379310345]",Actinomyces,1,2340
"[2326.938596491228, 958.8421052631579]",Leptotrichia,1,2341
"[2334.488038277512, 1249.8755980861245]",Leptotrichia,1,2342
"[2332.3430962343095, 1610.5355648535565]",Actinomyces,1,2344
"[2332.677966101695, 1715.2542372881355]",Selenomonas,1,2345
"[2332.3241379310343, 218.86206896551724]",Corynebacterium,1,2346
"[2332.398936170213, 530.9095744680851]",Campylobacter,1,2347
"[2333.987421383648, 1270.3584905660377]",Porphyromonas,1,2348
"[2328.548387096774, 838.505376344086]",Leptotrichia,1,2350
"[2334.3711790393013, 1060.580786026201]",Leptotrichia,1,2351
"[2333.7175141242938, 1121.1129943502824]",Streptococcus,1,2352
"[2328.6393442622953, 1763.2131147540983]",Streptococcus,1,2354
"[2337.25, 197.88636363636363]",Pasteurellaceae,1,2355
"[2329.826530612245, 684.2755102040817]",Prevotella,1,2356
"[2329.8875, 785.675]",Campylobacter,1,2357
"[2330.945054945055, 1225.5164835164835]",Streptococcus,1,2358
"[2331.1256038647343, 1786.9130434782608]",Corynebacterium,1,2360
"[2330.421052631579, 341.5964912280702]",TM7,1,2361
"[2331.863247863248, 553.2905982905983]",Neisseriaceae,1,2362
"[2330.2577319587626, 899.5876288659794]",Leptotrichia,1,2363
"[2330.0188679245284, 1074.8867924528302]",Actinomyces,1,2364
"[2330.4137931034484, 1383.8620689655172]",Porphyromonas,1,2365
"[2330.154929577465, 1400.8591549295775]",Porphyromonas,1,2366
"[2333.776785714286, 1819.0357142857142]",Capnocytophaga,1,2367
"[2335.82119205298, 1875.0794701986756]",Leptotrichia,1,2368
"[2333.309523809524, 768.047619047619]",Gemella,1,2370
"[2334.4056603773583, 881.1981132075472]",Leptotrichia,1,2371
"[2331.5862068965516, 1002.7672413793103]",Leptotrichia,1,2372
"[2338.3561643835615, 1689.648401826484]",Rothia,1,2373
"[2332.953846153846, 280.46153846153845]",Corynebacterium,1,2375
"[2331.625, 614.28125]",Campylobacter,1,2376
"[2334.141304347826, 165.9673913043478]",Pasteurellaceae,1,2377
"[2334.731182795699, 356.494623655914]",TM7,1,2378
"[2336.3661971830984, 641.0845070422536]",Leptotrichia,1,2379
"[2333.75, 828.7647058823529]",Leptotrichia,1,2380
"[2336.67032967033, 1178.8351648351647]",Porphyromonas,1,2381
"[2334.9345794392525, 1414.8691588785048]",Porphyromonas,1,2382
"[2333.3870967741937, 1451.774193548387]",Porphyromonas,1,2383
"[2338.8763636363637, 1501.3563636363635]",Prevotella,1,2384
"[2333.012195121951, 1667.2317073170732]",Porphyromonas,1,2385
"[2338.408284023669, 71.10059171597634]",Leptotrichia,1,2386
"[2334.757575757576, 973.2727272727273]",Prevotella,1,2387
"[2334.8823529411766, 239.23529411764707]",Corynebacterium,1,2388
"[2335.156626506024, 1024.1084337349398]",Leptotrichia,1,2390
"[2335.6949152542375, 1743.9915254237287]",Corynebacterium,1,2391
"[2336.560606060606, 50.78787878787879]",Fusobacterium,1,2392
"[2338.6036036036035, 105.04504504504504]",Leptotrichia,1,2393
"[2338.3, 384.21666666666664]",Pasteurellaceae,1,2394
"[2336.811111111111, 483.8]",Leptotrichia,1,2395
"[2341.496551724138, 1209.8517241379311]",Streptococcus,1,2396
"[2337.046511627907, 1370.2558139534883]",Porphyromonas,1,2397
"[2337.5072463768115, 1839.9855072463768]",Leptotrichia,1,2398
"[2338.7666666666664, 35.141666666666666]",Capnocytophaga,1,2399
"[2338.4833333333336, 141.81666666666666]",Pasteurellaceae,1,2400
"[2337.090909090909, 179.83636363636364]",Corynebacterium,1,2401
"[2340.171052631579, 439.6842105263158]",TM7,1,2402
"[2340.3793103448274, 496.48275862068965]",Campylobacter,1,2403
"[2339.7923076923075, 600.6615384615385]",Campylobacter,1,2404
"[2336.878787878788, 659.5909090909091]",Leptotrichia,1,2405
"[2343.7981220657275, 866.6760563380282]",Leptotrichia,1,2406
"[2340.944055944056, 911.8951048951049]",Leptotrichia,1,2407
"[2338.1294117647058, 1330.2470588235294]",Porphyromonas,1,2408
"[2343.1546961325967, 1527.8618784530386]",Prevotella,1,2410
"[2342.1465517241377, 1546.603448275862]",Actinomyces,1,2411
"[2342.921875, 403.7083333333333]",Leptotrichia,1,2414
"[2338.313432835821, 453.46268656716416]",Pasteurellaceae,1,2415
"[2337.75, 1431.4423076923076]",Porphyromonas,1,2416
"[2338.844827586207, 1727.2241379310344]",Selenomonas,1,2417
"[2338.3870967741937, 1763.9032258064517]",Selenomonas,1,2418
"[2341.745901639344, 1848.483606557377]",Leptotrichia,1,2419
"[2339.5057471264367, 267.2528735632184]",Pasteurellaceae,1,2420
"[2339.212121212121, 299.3787878787879]",Corynebacterium,1,2421
"[2340.4794520547944, 317.7260273972603]",Pasteurellaceae,1,2422
"[2341.7384615384617, 628.9846153846154]",Leptotrichia,1,2423
"[2340.098765432099, 714.2592592592592]",Leptotrichia,1,2424
"[2339.375, 743.2638888888889]",Leptotrichia,1,2425
"[2341.25641025641, 893.0]",Leptotrichia,1,2426
"[2339.9532710280373, 1038.271028037383]",Prevotella,1,2427
"[2340.53642384106, 1099.4966887417218]",Leptotrichia,1,2428
"[2344.172131147541, 371.23770491803276]",TM7,1,2429
"[2341.0833333333335, 670.4722222222222]",Leptotrichia,1,2430
"[2341.229885057471, 700.2413793103449]",Streptococcus,1,2431
"[2349.02371541502, 925.3557312252965]",Leptotrichia,1,2432
"[2344.2393162393164, 985.017094017094]",Actinomyces,1,2433
"[2340.438596491228, 250.3684210526316]",Corynebacterium,1,2434
"[2342.8229166666665, 758.375]",Campylobacter,1,2435
"[2351.7781350482314, 1291.475884244373]",Porphyromonas,1,2436
"[2345.5693430656934, 1594.7956204379561]",Prevotella,1,2437
"[2343.876712328767, 232.0]",Corynebacterium,1,2438
"[2345.2441860465115, 958.7616279069767]",Leptotrichia,1,2439
"[2343.126582278481, 1051.367088607595]",Leptotrichia,1,2440
"[2342.84, 1075.5866666666666]",Lautropia,1,2441
"[2343.1285714285714, 1237.8]",Streptococcus,1,2442
"[2343.8288288288286, 1631.5945945945946]",Prevotella,1,2443
"[2348.676056338028, 1667.0]",Porphyromonas,1,2444
"[2343.246153846154, 120.6]",Leptotrichia,1,2445
"[2342.6666666666665, 790.5138888888889]",Leptotrichia,1,2447
"[2343.9220779220777, 842.0]",Leptotrichia,1,2448
"[2346.0421052631577, 1166.8105263157895]",Leptotrichia,1,2449
"[2345.7073170731705, 1193.219512195122]",Leptotrichia,1,2450
"[2344.1272727272726, 1674.2727272727273]",Porphyromonas,1,2451
"[2348.205882352941, 555.2279411764706]",Neisseriaceae,1,2452
"[2350.5178571428573, 734.5654761904761]",Streptococcus,1,2453
"[2345.8064516129034, 805.6344086021505]",Leptotrichia,1,2454
"[2344.3965517241377, 828.8103448275862]",Leptotrichia,1,2455
"[2345.1408450704225, 1808.943661971831]",Campylobacter,1,2457
"[2345.4423076923076, 303.9230769230769]",Pasteurellaceae,1,2458
"[2347.692857142857, 508.49285714285713]",Leptotrichia,1,2459
"[2349.056, 650.672]",Leptotrichia,1,2460
"[2348.6043956043954, 1003.0604395604396]",Leptotrichia,1,2461
"[2345.3333333333335, 1149.297619047619]",Leptotrichia,1,2462
"[2348.3933333333334, 1385.6533333333334]",Porphyromonas,1,2463
"[2344.859375, 1562.46875]",Porphyromonas,1,2464
"[2346.5725806451615, 1744.9354838709678]",Corynebacterium,1,2465
"[2347.159090909091, 469.79545454545456]",Leptotrichia,1,2466
"[2346.037037037037, 1446.888888888889]",Porphyromonas,1,2467
"[2347.5172413793102, 1649.7241379310344]",Porphyromonas,1,2468
"[2347.753086419753, 530.0987654320987]",Capnocytophaga,1,2469
"[2352.78125, 1310.9140625]",Actinomyces,1,2470
"[2351.7596153846152, 1369.9903846153845]",Porphyromonas,1,2471
"[2351.4775280898875, 1474.056179775281]",Actinomyces,1,2472
"[2347.824324324324, 1777.0135135135135]",Selenomonas,1,2473
"[2352.6975308641977, 178.66666666666666]",Corynebacterium,1,2474
"[2351.9222222222224, 816.7555555555556]",Leptotrichia,1,2475
"[2349.3086419753085, 1346.2222222222222]",Porphyromonas,1,2476
"[2350.943396226415, 158.0188679245283]",Leptotrichia,1,2477
"[2352.523489932886, 271.22147651006713]",Corynebacterium,1,2478
"[2349.032258064516, 453.4032258064516]",Corynebacterium,1,2479
"[2359.635, 945.415]",Leptotrichia,1,2481
"[2348.4285714285716, 1421.4725274725274]",Porphyromonas,1,2483
"[2349.0862068965516, 1434.9655172413793]",Porphyromonas,1,2484
"[2349.492307692308, 51.03076923076923]",TM7,1,2485
"[2349.6559139784945, 101.23655913978494]",Leptotrichia,1,2486
"[2351.0129032258064, 131.21935483870968]",Leptotrichia,1,2487
"[2356.4597701149423, 244.8448275862069]",Corynebacterium,1,2488
"[2351.344262295082, 284.72131147540983]",Corynebacterium,1,2489
"[2354.7841726618703, 315.3453237410072]",Pasteurellaceae,1,2493
"[2351.7714285714287, 433.5571428571429]",Pasteurellaceae,1,2494
"[2351.2884615384614, 677.6153846153846]",Leptotrichia,1,2495
"[2352.3870967741937, 1022.3709677419355]",Leptotrichia,1,2496
"[2351.3064516129034, 1493.5806451612902]",Rothia,1,2497
"[2355.991304347826, 1611.1391304347826]",Prevotella,1,2498
"[2353.074324324324, 1712.6418918918919]",Leptotrichia,1,2499
"[2349.64, 1762.28]",Fusobacterium,1,2500
"[2362.6040268456377, 1796.6476510067114]",Selenomonas,1,2501
"[2352.8039215686276, 37.6078431372549]",TM7,1,2502
"[2353.189393939394, 216.8939393939394]",Corynebacterium,1,2503
"[2354.74, 607.4466666666667]",Streptococcus,1,2504
"[2356.1195652173915, 828.9021739130435]",Leptotrichia,1,2505
"[2356.6608695652176, 971.4782608695652]",Leptotrichia,1,2506
"[2353.1125, 1325.25]",Actinomyces,1,2507
"[2353.3548387096776, 254.3709677419355]",Pasteurellaceae,1,2508
"[2353.9305555555557, 539.1388888888889]",Campylobacter,1,2509
"[2355.5652173913045, 1684.9420289855072]",Selenomonas,1,2510
"[2353.4245283018868, 1857.4245283018868]",Streptococcus,1,2511
"[2357.7245508982037, 56.449101796407184]",Pasteurellaceae,1,2512
"[2358.6174496644294, 81.22818791946308]",Leptotrichia,1,2513
"[2355.298969072165, 414.1546391752577]",Leptotrichia,1,2514
"[2356.7563025210084, 583.2857142857143]",Neisseriaceae,1,2515
"[2357.995475113122, 781.5294117647059]",Leptotrichia,1,2516
"[2354.0169491525426, 1137.3389830508474]",Actinomyces,1,2517
"[2353.8275862068967, 1574.7241379310344]",Porphyromonas,1,2518
"[2357.623853211009, 487.54128440366975]",Leptotrichia,1,2520
"[2355.401785714286, 1084.1964285714287]",Streptococcus,1,2521
"[2355.5, 1256.8367346938776]",Leptotrichia,1,2522
"[2356.772151898734, 1821.0759493670887]",Leptotrichia,1,2523
"[2355.6153846153848, 1876.9038461538462]",Leptotrichia,1,2524
"[2355.640625, 297.859375]",TM7,1,2525
"[2355.7, 703.9857142857143]",Leptotrichia,1,2526
"[2361.6979166666665, 844.3854166666666]",Leptotrichia,1,2527
"[2356.7428571428572, 898.1714285714286]",Leptotrichia,1,2528
"[2356.9710144927535, 1273.8695652173913]",Prevotella,1,2529
"[2360.838383838384, 1459.4545454545455]",Prevotella,1,2531
"[2357.6410256410254, 1557.2307692307693]",Porphyromonas,1,2532
"[2360.6969696969695, 390.07878787878786]",Corynebacterium,1,2533
"[2359.3505154639174, 987.9072164948453]",Leptotrichia,1,2534
"[2357.116279069767, 1036.406976744186]",Leptotrichia,1,2535
"[2356.7115384615386, 1064.2692307692307]",Leptotrichia,1,2536
"[2362.7950819672133, 1410.77868852459]",Porphyromonas,1,2537
"[2361.6014492753625, 1627.4782608695652]",Prevotella,1,2538
"[2358.552380952381, 1891.5809523809523]",Streptococcus,1,2539
"[2357.6543209876545, 335.34567901234567]",TM7,1,2540
"[2361.721518987342, 1107.9367088607594]",Leptotrichia,1,2541
"[2359.0128205128203, 1199.320512820513]",Leptotrichia,1,2542
"[2360.345238095238, 1445.1309523809523]",Porphyromonas,1,2543
"[2360.2444444444445, 634.8111111111111]",Campylobacter,1,2544
"[2361.6140350877195, 685.2280701754386]",Leptotrichia,1,2545
"[2367.8249027237352, 1159.4785992217899]",Streptococcus,1,2546
"[2361.0933333333332, 1643.04]",Porphyromonas,1,2548
"[2361.383720930233, 1654.4651162790697]",Porphyromonas,1,2549
"[2365.7045454545455, 449.5189393939394]",TM7,1,2551
"[2359.36, 562.0666666666667]",Campylobacter,1,2552
"[2361.3854166666665, 726.4270833333334]",Leptotrichia,1,2553
"[2361.9777777777776, 1353.2888888888888]",Porphyromonas,1,2554
"[2361.923728813559, 1526.406779661017]",Rothia,1,2555
"[2360.176470588235, 1543.1764705882354]",Rothia,1,2556
"[2367.078838174274, 1598.7510373443984]",Prevotella,1,2557
"[2366.3307086614172, 1699.4803149606298]",Porphyromonas,1,2558
"[2362.0761904761903, 99.77142857142857]",Leptotrichia,1,2559
"[2366.5533980582522, 711.4126213592233]",Streptococcus,1,2560
"[2366.73, 1126.8]",Lautropia,1,2561
"[2362.9666666666667, 1182.075]",Leptotrichia,1,2562
"[2364.3406593406594, 1396.5824175824175]",Porphyromonas,1,2563
"[2361.453125, 1428.40625]",Porphyromonas,1,2564
"[2366.0178571428573, 1493.669642857143]",Porphyromonas,1,2565
"[2362.8253968253966, 1724.8412698412699]",Porphyromonas,1,2566
"[2363.875, 208.140625]",TM7,1,2567
"[2366.243902439024, 223.609756097561]",Pasteurellaceae,1,2568
"[2365.687022900763, 348.14503816793894]",TM7,1,2569
"[2364.556701030928, 1213.2268041237114]",Leptotrichia,1,2570
"[2363.802197802198, 134.1978021978022]",Pasteurellaceae,1,2571
"[2365.5050505050503, 864.4141414141415]",Leptotrichia,1,2572
"[2367.958620689655, 1507.7655172413793]",Porphyromonas,1,2574
"[2363.818181818182, 1735.3333333333333]",Porphyromonas,1,2575
"[2368.907894736842, 1864.1973684210527]",Treponema,1,2576
"[2365.378151260504, 663.7394957983194]",Leptotrichia,1,2577
"[2367.01226993865, 765.0858895705521]",Gemella,1,2578
"[2371.5677966101694, 1571.8177966101696]",Actinomyces,1,2579
"[2365.362831858407, 1756.7079646017698]",Actinomyces,1,2580
"[2368.876033057851, 1848.3057851239669]",Treponema,1,2581
"[2369.811688311688, 120.55194805194805]",Leptotrichia,1,2582
"[2365.152777777778, 879.0277777777778]",Leptotrichia,1,2583
"[2368.0232558139533, 1056.9116279069767]",Leptotrichia,1,2584
"[2368.2134831460676, 147.42696629213484]",Corynebacterium,1,2585
"[2366.6, 507.552]",Pasteurellaceae,1,2587
"[2366.065789473684, 930.9342105263158]",Leptotrichia,1,2588
"[2368.86875, 1015.3125]",Prevotella,1,2589
"[2375.4094827586205, 1232.3189655172414]",Streptococcus,1,2590
"[2366.6133333333332, 1314.6533333333334]",Porphyromonas,1,2591
"[2366.0843373493976, 1674.2048192771085]",Porphyromonas,1,2592
"[2370.1384615384613, 193.7076923076923]",Corynebacterium,1,2593
"[2368.632768361582, 536.7909604519774]",Campylobacter,1,2594
"[2369.252941176471, 1373.9058823529413]",Streptococcus,1,2595
"[2372.777777777778, 169.26984126984127]",Corynebacterium,1,2597
"[2374.2578616352203, 287.87421383647796]",TM7,1,2598
"[2367.5471698113206, 322.64150943396226]",Pasteurellaceae,1,2599
"[2370.1056910569105, 370.8455284552846]",TM7,1,2600
"[2368.3478260869565, 406.8695652173913]",Leptotrichia,1,2601
"[2369.0962962962963, 811.8888888888889]",Leptotrichia,1,2602
"[2367.7333333333336, 905.0533333333333]",Leptotrichia,1,2603
"[2376.7514124293784, 1455.8870056497176]",Rothia,1,2604
"[2369.5402298850577, 1775.103448275862]",Actinomyces,1,2605
"[2371.6625, 52.9375]",Pasteurellaceae,1,2606
"[2371.4597701149423, 645.4367816091954]",Leptotrichia,1,2607
"[2372.964285714286, 890.9047619047619]",Leptotrichia,1,2608
"[2369.089552238806, 1135.8208955223881]",Prevotella,1,2609
"[2371.445652173913, 607.8913043478261]",Leptotrichia,1,2610
"[2379.829145728643, 1188.5527638190954]",Streptococcus,1,2611
"[2371.74, 1249.51]",Streptococcus,1,2612
"[2371.0, 1333.6555555555556]",Streptococcus,1,2613
"[2372.9912280701756, 301.4298245614035]",Pasteurellaceae,1,2614
"[2371.031746031746, 577.6984126984127]",Campylobacter,1,2615
"[2371.5555555555557, 1039.2424242424242]",Leptotrichia,1,2616
"[2371.3153153153153, 1473.9279279279278]",Porphyromonas,1,2617
"[2379.690909090909, 914.660606060606]",Leptotrichia,1,2620
"[2375.1709401709404, 1556.1880341880342]",Porphyromonas,1,2621
"[2375.1826923076924, 1630.7307692307693]",Rothia,1,2622
"[2377.0263157894738, 750.7368421052631]",Campylobacter,1,2624
"[2374.6, 870.2571428571429]",Leptotrichia,1,2625
"[2378.3614457831327, 1085.3373493975903]",Leptotrichia,1,2626
"[2376.5405405405404, 1420.7162162162163]",Porphyromonas,1,2627
"[2377.11, 1541.02]",Porphyromonas,1,2628
"[2377.4770642201834, 242.62385321100916]",Corynebacterium,1,2629
"[2375.0394736842104, 390.2763157894737]",Corynebacterium,1,2630
"[2379.9938271604938, 688.1975308641976]",Leptotrichia,1,2631
"[2374.2266666666665, 794.56]",Leptotrichia,1,2632
"[2378.0546875, 997.734375]",Leptotrichia,1,2633
"[2374.929411764706, 1100.2941176470588]",Leptotrichia,1,2634
"[2376.25, 1286.31]",Actinomyces,1,2635
"[2381.5581395348836, 1313.5174418604652]",Porphyromonas,1,2636
"[2376.751937984496, 90.2015503875969]",Leptotrichia,1,2637
"[2374.8602150537636, 485.23655913978496]",Leptotrichia,1,2638
"[2378.198347107438, 562.4628099173553]",Campylobacter,1,2639
"[2376.3793103448274, 589.7816091954023]",Streptococcus,1,2640
"[2376.2716049382716, 965.820987654321]",Leptotrichia,1,2641
"[2380.8211382113823, 1143.081300813008]",Prevotella,1,2642
"[2384.7793427230044, 1270.586854460094]",Leptotrichia,1,2643
"[2377.214285714286, 1347.857142857143]",Porphyromonas,1,2644
"[2374.6296296296296, 1813.5]",Veillonella,1,2646
"[2376.8039215686276, 269.0098039215686]",TM7,1,2647
"[2379.490909090909, 932.8272727272728]",Leptotrichia,1,2648
"[2376.0508474576272, 984.8305084745763]",Leptotrichia,1,2649
"[2381.869822485207, 1432.7869822485206]",Porphyromonas,1,2650
"[2379.65625, 1490.3854166666667]",Porphyromonas,1,2651
"[2379.704347826087, 1650.4695652173914]",Porphyromonas,1,2653
"[2377.0865384615386, 1716.673076923077]",Selenomonas,1,2654
"[2380.017964071856, 1890.2335329341317]",Streptococcus,1,2655
"[2378.469696969697, 253.75757575757575]",TM7,1,2656
"[2377.2820512820513, 498.70512820512823]",Leptotrichia,1,2657
"[2378.072463768116, 1029.159420289855]",Leptotrichia,1,2659
"[2378.901234567901, 1694.9135802469136]",Porphyromonas,1,2661
"[2380.9343434343436, 1738.7323232323233]",Porphyromonas,1,2662
"[2383.6758620689657, 1783.8827586206896]",Rothia,1,2663
"[2378.4461538461537, 516.6]",Veillonella,1,2664
"[2379.3225806451615, 1212.3548387096773]",Actinomyces,1,2665
"[2378.027027027027, 1674.6216216216217]",Porphyromonas,1,2666
"[2385.051282051282, 822.1282051282051]",Leptotrichia,1,2668
"[2379.8849557522126, 1525.2212389380531]",Porphyromonas,1,2670
"[2382.717391304348, 319.9021739130435]",Corynebacterium,1,2672
"[2380.090909090909, 334.4]",Corynebacterium,1,2673
"[2387.8623188405795, 1410.731884057971]",Porphyromonas,1,2675
"[2382.112068965517, 435.36206896551727]",Corynebacterium,1,2676
"[2392.422872340426, 529.7686170212766]",TM7,1,2677
"[2384.69, 803.34]",Leptotrichia,1,2678
"[2391.5050505050503, 1838.378787878788]",Selenomonas,1,2679
"[2382.5923566878982, 140.84076433121018]",Corynebacterium,1,2680
"[2382.3524590163934, 207.827868852459]",TM7,1,2681
"[2382.9895833333335, 227.64583333333334]",Pasteurellaceae,1,2682
"[2393.264516129032, 348.8709677419355]",TM7,1,2683
"[2384.693181818182, 669.5340909090909]",Leptotrichia,1,2684
"[2385.0947368421052, 1616.2947368421053]",Selenomonas,1,2685
"[2382.8555555555554, 1375.4]",Streptococcus,1,2688
"[2383.793103448276, 61.58620689655172]",Treponema,1,2689
"[2385.9080459770116, 313.2758620689655]",Corynebacterium,1,2690
"[2386.3, 401.1625]",Corynebacterium,1,2691
"[2385.0, 416.7216494845361]",Leptotrichia,1,2692
"[2386.0133333333333, 468.73333333333335]",Corynebacterium,1,2693
"[2384.5324675324673, 707.7532467532468]",Gemella,1,2694
"[2384.6290322580644, 741.6290322580645]",Campylobacter,1,2695
"[2388.4129032258065, 783.5741935483871]",Leptotrichia,1,2696
"[2385.076923076923, 839.6153846153846]",Leptotrichia,1,2697
"[2392.0695652173913, 878.5565217391304]",Leptotrichia,1,2698
"[2387.6423841059604, 1017.7615894039735]",Actinomyces,1,2699
"[2389.377358490566, 180.83647798742138]",Corynebacterium,1,2700
"[2389.1428571428573, 654.2207792207793]",Leptotrichia,1,2701
"[2387.878048780488, 723.439024390244]",Gemella,1,2702
"[2385.507462686567, 891.3880597014926]",Leptotrichia,1,2703
"[2387.3125, 1123.8375]",Streptococcus,1,2704
"[2390.7426470588234, 1501.735294117647]",Porphyromonas,1,2705
"[2397.262686567164, 1559.1671641791045]",Porphyromonas,1,2706
"[2386.5945945945946, 1906.3243243243244]",Streptococcus,1,2707
"[2390.4393063583816, 100.96531791907515]",Prevotella,1,2708
"[2387.012987012987, 552.8181818181819]",Campylobacter,1,2710
"[2388.524691358025, 626.141975308642]",Leptotrichia,1,2711
"[2392.4205607476633, 1070.9672897196263]",Leptotrichia,1,2712
"[2396.739436619718, 1435.619718309859]",Actinomyces,1,2713
"[2411.4902386117137, 1581.3188720173537]",Actinomyces,1,2714
"[2394.3595505617977, 1821.8033707865168]",Rothia,1,2716
"[2392.3132530120483, 381.99397590361446]",Corynebacterium,1,2718
"[2387.6063829787236, 452.5425531914894]",Corynebacterium,1,2719
"[2391.4754901960787, 482.4362745098039]",Leptotrichia,1,2720
"[2388.3934426229507, 867.1639344262295]",Leptotrichia,1,2721
"[2391.3888888888887, 903.8981481481482]",Leptotrichia,1,2722
"[2387.5593220338983, 1175.1864406779662]",Leptotrichia,1,2724
"[2389.0522875816996, 1858.3660130718954]",Prevotella,1,2725
"[2388.90625, 601.8229166666666]",Leptotrichia,1,2726
"[2391.1324503311257, 1043.7350993377484]",Gemella,1,2727
"[2390.0, 1162.9558823529412]",Actinomyces,1,2728
"[2395.6310160427806, 1295.764705882353]",Actinomyces,1,2729
"[2389.258064516129, 1352.8387096774193]",Porphyromonas,1,2730
"[2390.677777777778, 1468.4]",Rothia,1,2731
"[2389.863157894737, 1806.4315789473685]",Lautropia,1,2732
"[2390.3012048192772, 67.3132530120482]",Treponema,1,2733
"[2390.2982456140353, 266.1666666666667]",Corynebacterium,1,2734
"[2389.576923076923, 301.5192307692308]",Pasteurellaceae,1,2735
"[2391.2083333333335, 762.0277777777778]",Campylobacter,1,2737
"[2390.0833333333335, 1110.537037037037]",Leptotrichia,1,2738
"[2392.9716981132074, 1202.2735849056603]",Streptococcus,1,2739
"[2392.8662420382166, 1250.6815286624203]",Streptococcus,1,2740
"[2391.3529411764707, 1397.9803921568628]",Streptococcus,1,2741
"[2392.73125, 1654.95]",Selenomonas,1,2742
"[2389.594202898551, 506.5507246376812]",Corynebacterium,1,2743
"[2395.36875, 1329.49375]",Streptococcus,1,2744
"[2396.05737704918, 1515.5245901639344]",Porphyromonas,1,2745
"[2395.0882352941176, 1754.9338235294117]",Porphyromonas,1,2747
"[2393.09375, 146.39583333333334]",Pasteurellaceae,1,2748
"[2390.983870967742, 336.9193548387097]",TM7,1,2749
"[2391.706896551724, 746.1724137931035]",Campylobacter,1,2750
"[2390.848484848485, 1706.1969696969697]",Selenomonas,1,2751
"[2392.1645569620255, 1728.7974683544303]",Porphyromonas,1,2752
"[2393.721153846154, 1915.7692307692307]",Streptococcus,1,2753
"[2395.1100917431195, 211.6880733944954]",TM7,1,2754
"[2393.689393939394, 980.280303030303]",Leptotrichia,1,2755
"[2396.4886363636365, 1359.3068181818182]",Porphyromonas,1,2756
"[2394.5625, 1532.6953125]",Porphyromonas,1,2757
"[2394.1645569620255, 1667.9240506329113]",Porphyromonas,1,2758
"[2400.360703812317, 950.8123167155425]",Leptotrichia,1,2762
"[2395.7720588235293, 119.45588235294117]",Leptotrichia,1,2763
"[2396.777777777778, 227.12345679012347]",TM7,1,2765
"[2398.79674796748, 1476.3658536585365]",Actinomyces,1,2766
"[2394.191011235955, 1605.8314606741574]",Selenomonas,1,2767
"[2403.642424242424, 683.3939393939394]",Neisseriaceae,1,2768
"[2397.732558139535, 802.7325581395348]",Leptotrichia,1,2769
"[2405.6199095022625, 1638.3529411764705]",Prevotella,1,2770
"[2397.5806451612902, 157.5483870967742]",Corynebacterium,1,2771
"[2396.757894736842, 436.82105263157894]",Pasteurellaceae,1,2774
"[2399.33, 638.74]",Leptotrichia,1,2775
"[2399.0731707317073, 714.829268292683]",Campylobacter,1,2776
"[2399.1711711711714, 1129.6756756756756]",Porphyromonas,1,2777
"[2397.407894736842, 1372.421052631579]",Porphyromonas,1,2778
"[2397.1929824561403, 1490.4912280701753]",Porphyromonas,1,2779
"[2396.810810810811, 288.1216216216216]",Pasteurellaceae,1,2780
"[2399.835294117647, 502.18823529411765]",Corynebacterium,1,2781
"[2397.794117647059, 1450.6176470588234]",Actinomyces,1,2782
"[2397.78021978022, 1777.2307692307693]",Rothia,1,2783
"[2397.957142857143, 1897.7857142857142]",Leptotrichia,1,2784
"[2400.44, 278.34]",Pasteurellaceae,1,2785
"[2401.781690140845, 848.6338028169014]",Leptotrichia,1,2786
"[2398.785714285714, 1092.9489795918366]",Leptotrichia,1,2787
"[2398.566037735849, 1148.5283018867924]",Actinomyces,1,2788
"[2402.1194029850744, 1280.5074626865671]",Streptococcus,1,2789
"[2401.5365853658536, 1692.178861788618]",Treponema,1,2791
"[2399.0701754385964, 326.03508771929825]",TM7,1,2793
"[2404.3736842105263, 426.05263157894734]",Leptotrichia,1,2794
"[2403.169117647059, 591.2279411764706]",Campylobacter,1,2796
"[2402.016, 999.552]",Leptotrichia,1,2797
"[2402.008130081301, 1616.3170731707316]",Selenomonas,1,2798
"[2401.720588235294, 665.9558823529412]",Leptotrichia,1,2800
"[2403.6117647058823, 1226.3294117647058]",Actinomyces,1,2801
"[2401.411111111111, 1881.9666666666667]",Corynebacterium,1,2802
"[2406.56, 828.3377777777778]",Leptotrichia,1,2804
"[2402.154761904762, 1104.3095238095239]",Leptotrichia,1,2805
"[2407.8125, 1167.5104166666667]",Porphyromonas,1,2806
"[2402.488888888889, 1387.411111111111]",Actinomyces,1,2807
"[2405.04, 68.13]",Fusobacterium,1,2808
"[2404.019230769231, 701.8076923076923]",Campylobacter,1,2809
"[2406.7630057803467, 888.3005780346821]",Leptotrichia,1,2810
"[2403.903846153846, 1191.2371794871794]",Prevotella,1,2811
"[2405.387755102041, 1601.1530612244899]",Porphyromonas,1,2812
"[2401.394366197183, 1725.281690140845]",Selenomonas,1,2813
"[2408.673913043478, 1739.2173913043478]",Selenomonas,1,2814
"[2403.8443113772455, 1856.1377245508982]",Prevotella,1,2815
"[2403.9491525423728, 135.01694915254237]",Corynebacterium,1,2816
"[2404.5, 1066.6527777777778]",Leptotrichia,1,2817
"[2402.2363636363634, 1711.9454545454546]",Selenomonas,1,2818
"[2403.2622950819673, 1793.0655737704917]",TM7,1,2819
"[2404.24358974359, 254.02564102564102]",Pasteurellaceae,1,2820
"[2404.3636363636365, 453.2181818181818]",TM7,1,2821
"[2407.076470588235, 740.6705882352941]",Campylobacter,1,2822
"[2406.5588235294117, 765.6058823529412]",Leptotrichia,1,2823
"[2406.289855072464, 1243.6376811594203]",Streptococcus,1,2824
"[2407.801724137931, 1656.646551724138]",Selenomonas,1,2825
"[2403.474358974359, 1769.0]",Selenomonas,1,2826
"[2414.2470023980813, 89.35731414868106]",Leptotrichia,1,2827
"[2407.181102362205, 402.0236220472441]",Leptotrichia,1,2830
"[2405.7654320987654, 571.7530864197531]",Leptotrichia,1,2831
"[2408.965811965812, 787.3076923076923]",Leptotrichia,1,2832
"[2409.65, 933.8071428571428]",Leptotrichia,1,2833
"[2411.6510416666665, 1413.4270833333333]",Porphyromonas,1,2834
"[2406.076923076923, 57.184615384615384]",Actinomyces,1,2835
"[2407.9625, 368.5875]",Corynebacterium,1,2836
"[2410.190476190476, 610.2751322751323]",Leptotrichia,1,2837
"[2407.216, 975.648]",Leptotrichia,1,2838
"[2409.3444444444444, 1032.6055555555556]",Leptotrichia,1,2839
"[2408.5858585858587, 172.14141414141415]",Corynebacterium,1,2841
"[2411.48, 1012.8466666666667]",Leptotrichia,1,2844
"[2410.4700000000003, 1123.26]",Actinomyces,1,2845
"[2407.7457627118642, 1490.593220338983]",Porphyromonas,1,2846
"[2407.8117647058825, 1673.9882352941177]",Porphyromonas,1,2848
"[2408.7622950819673, 318.3524590163934]",Corynebacterium,1,2849
"[2409.4655172413795, 717.9655172413793]",Campylobacter,1,2851
"[2410.1546391752577, 867.639175257732]",Leptotrichia,1,2852
"[2412.6712328767126, 1257.6164383561643]",Streptococcus,1,2853
"[2417.79674796748, 1800.4146341463415]",Selenomonas,1,2855
"[2409.0898876404494, 1909.258426966292]",Porphyromonas,1,2856
"[2411.34375, 223.2421875]",Corynebacterium,1,2857
"[2412.7368421052633, 550.9624060150376]",Capnocytophaga,1,2858
"[2409.878787878788, 906.4343434343434]",Leptotrichia,1,2859
"[2419.9574468085107, 277.8989361702128]",Pasteurellaceae,1,2860
"[2411.917355371901, 1051.892561983471]",Leptotrichia,1,2861
"[2411.5866666666666, 1455.92]",Porphyromonas,1,2863
"[2411.2359550561796, 1689.123595505618]",Streptococcus,1,2865
"[2411.723404255319, 1891.8510638297873]",Streptococcus,1,2866
"[2414.777777777778, 160.77777777777777]",Corynebacterium,1,2867
"[2413.7804878048782, 384.8130081300813]",Leptotrichia,1,2868
"[2412.5774647887324, 486.8098591549296]",Leptotrichia,1,2869
"[2413.0337078651687, 520.4606741573034]",Leptotrichia,1,2870
"[2414.4953271028035, 993.8971962616822]",Leptotrichia,1,2871
"[2413.846153846154, 1354.8021978021977]",Porphyromonas,1,2872
"[2416.277108433735, 1478.6144578313254]",Porphyromonas,1,2873
"[2414.290909090909, 1504.418181818182]",Porphyromonas,1,2874
"[2414.2521739130434, 117.02608695652174]",Corynebacterium,1,2875
"[2411.753424657534, 147.91780821917808]",Corynebacterium,1,2876
"[2414.625, 263.475]",Corynebacterium,1,2877
"[2414.9910714285716, 293.01785714285717]",Pasteurellaceae,1,2878
"[2411.2295081967213, 653.4098360655738]",Leptotrichia,1,2879
"[2413.293650793651, 803.452380952381]",Leptotrichia,1,2880
"[2418.6964285714284, 1071.6011904761904]",Leptotrichia,1,2881
"[2413.7236842105262, 1138.9605263157894]",Streptococcus,1,2882
"[2412.6023391812864, 1308.122807017544]",Actinomyces,1,2883
"[2418.902222222222, 1434.9777777777779]",Rothia,1,2884
"[2416.232558139535, 1616.8953488372092]",Porphyromonas,1,2885
"[2413.8026315789475, 1786.7236842105262]",Selenomonas,1,2887
"[2413.3218390804595, 243.58620689655172]",Corynebacterium,1,2888
"[2414.971153846154, 466.4230769230769]",Leptotrichia,1,2889
"[2414.36231884058, 567.4782608695652]",Leptotrichia,1,2890
"[2415.0776699029125, 1369.9223300970873]",Porphyromonas,1,2891
"[2413.254901960784, 207.66666666666666]",Corynebacterium,1,2892
"[2420.128834355828, 625.1963190184049]",Leptotrichia,1,2893
"[2413.8333333333335, 1335.611111111111]",Porphyromonas,1,2894
"[2413.578947368421, 1717.5263157894738]",Porphyromonas,1,2895
"[2417.857142857143, 1852.561224489796]",Rothia,1,2896
"[2420.637037037037, 421.43703703703704]",Leptotrichia,1,2897
"[2416.9375, 729.515625]",Campylobacter,1,2898
"[2419.663636363636, 1700.9727272727273]",Porphyromonas,1,2900
"[2417.109090909091, 1769.4545454545455]",Rothia,1,2901
"[2418.362068965517, 446.62931034482756]",Leptotrichia,1,2902
"[2419.9868421052633, 1091.342105263158]",Actinomyces,1,2903
"[2420.679389312977, 1112.0152671755725]",Lautropia,1,2904
"[2418.036036036036, 1396.1351351351352]",Porphyromonas,1,2905
"[2417.044943820225, 1552.1460674157304]",Porphyromonas,1,2906
"[2419.0, 1596.6868686868686]",Porphyromonas,1,2907
"[2419.2241379310344, 1829.25]",Leptotrichia,1,2909
"[2418.611650485437, 191.2233009708738]",Corynebacterium,1,2910
"[2419.491525423729, 355.1779661016949]",Corynebacterium,1,2911
"[2417.5135135135133, 641.7297297297297]",Leptotrichia,1,2912
"[2419.939024390244, 1156.5121951219512]",Actinomyces,1,2913
"[2427.8341463414636, 1377.3268292682926]",Prevotella,1,2914
"[2422.630434782609, 135.9855072463768]",Corynebacterium,1,2915
"[2419.607142857143, 340.5952380952381]",Corynebacterium,1,2916
"[2422.7558139534885, 579.6046511627907]",Neisseriaceae,1,2917
"[2418.301886792453, 311.64150943396226]",Pasteurellaceae,1,2919
"[2424.621052631579, 372.6842105263158]",Corynebacterium,1,2920
"[2420.5367647058824, 1206.0220588235295]",Porphyromonas,1,2921
"[2422.9646017699115, 1540.6283185840707]",Porphyromonas,1,2922
"[2423.8169014084506, 46.42253521126761]",Actinomyces,1,2923
"[2419.134328358209, 759.2537313432836]",Leptotrichia,1,2924
"[2423.0596026490066, 1189.5099337748345]",Actinomyces,1,2925
"[2423.6805555555557, 1231.5208333333333]",Prevotella,1,2926
"[2420.723076923077, 1465.7692307692307]",Porphyromonas,1,2927
"[2419.4262295081967, 1664.360655737705]",Corynebacterium,1,2929
"[2424.39375, 1758.73125]",Fusobacterium,1,2930
"[2422.3533333333335, 511.75333333333333]",Leptotrichia,1,2932
"[2422.0714285714284, 884.5357142857143]",Leptotrichia,1,2933
"[2423.817073170732, 1247.3048780487804]",Streptococcus,1,2934
"[2420.483870967742, 1278.784946236559]",Leptotrichia,1,2935
"[2421.6176470588234, 319.97058823529414]",Corynebacterium,1,2937
"[2424.1454545454544, 535.7212121212121]",Leptotrichia,1,2938
"[2421.9807692307695, 911.2307692307693]",Leptotrichia,1,2939
"[2423.7913669064747, 946.31654676259]",Leptotrichia,1,2940
"[2425.9607142857144, 970.1892857142857]",Leptotrichia,1,2941
"[2424.5315315315315, 1837.6396396396397]",Leptotrichia,1,2942
"[2423.3333333333335, 738.8636363636364]",Campylobacter,1,2944
"[2425.908256880734, 830.348623853211]",Leptotrichia,1,2945
"[2427.96, 1026.18]",Leptotrichia,1,2946
"[2426.04, 1503.79]",Porphyromonas,1,2947
"[2425.278846153846, 1677.125]",Selenomonas,1,2948
"[2425.1666666666665, 150.24242424242425]",Corynebacterium,1,2949
"[2425.5342465753424, 409.1095890410959]",Leptotrichia,1,2950
"[2427.0576923076924, 926.6442307692307]",Leptotrichia,1,2951
"[2428.7122302158273, 773.2589928057554]",Leptotrichia,1,2953
"[2435.0035842293905, 1624.215053763441]",Porphyromonas,1,2954
"[2425.2115384615386, 1713.7115384615386]",Porphyromonas,1,2955
"[2427.126984126984, 68.95238095238095]",Leptotrichia,1,2957
"[2429.596153846154, 166.64423076923077]",Corynebacterium,1,2959
"[2429.5042735042734, 206.57264957264957]",Corynebacterium,1,2960
"[2427.0973451327436, 597.5309734513274]",Neisseriaceae,1,2961
"[2426.4242424242425, 652.1111111111111]",Leptotrichia,1,2962
"[2431.4135802469136, 1054.537037037037]",Leptotrichia,1,2963
"[2425.6603773584907, 1163.5471698113208]",Porphyromonas,1,2964
"[2431.1843575418993, 1324.4245810055866]",Porphyromonas,1,2965
"[2431.3488372093025, 1653.8527131782946]",Prevotella,1,2966
"[2432.9491525423728, 1895.5367231638418]",Treponema,1,2967
"[2429.7938144329896, 559.1340206185567]",TM7,1,2968
"[2428.96261682243, 678.7102803738318]",Streptococcus,1,2969
"[2431.9, 846.3125]",Leptotrichia,1,2970
"[2430.2758620689656, 1294.1120689655172]",Streptococcus,1,2971
"[2430.551181102362, 258.8582677165354]",Pasteurellaceae,1,2973
"[2430.279411764706, 334.9264705882353]",Corynebacterium,1,2974
"[2430.0062111801244, 395.7826086956522]",Leptotrichia,1,2975
"[2430.5625, 458.7604166666667]",Leptotrichia,1,2976
"[2429.372549019608, 493.6470588235294]",Leptotrichia,1,2977
"[2429.5632183908046, 706.8275862068965]",Campylobacter,1,2978
"[2428.5675675675675, 795.6216216216217]",Leptotrichia,1,2979
"[2427.7666666666664, 869.4444444444445]",Leptotrichia,1,2980
"[2430.3636363636365, 1133.1454545454546]",Streptococcus,1,2981
"[2428.2638888888887, 1345.4722222222222]",Porphyromonas,1,2983
"[2429.2680412371133, 1486.4845360824743]",Porphyromonas,1,2984
"[2429.938271604938, 608.5061728395061]",Gemella,1,2986
"[2429.7684210526313, 749.9263157894737]",Leptotrichia,1,2987
"[2430.279069767442, 1260.2635658914728]",Porphyromonas,1,2988
"[2433.135802469136, 428.22222222222223]",Leptotrichia,1,2989
"[2432.482456140351, 902.5438596491229]",Leptotrichia,1,2990
"[2432.7868852459014, 1357.704918032787]",Porphyromonas,1,2991
"[2430.402985074627, 1526.0746268656717]",Porphyromonas,1,2993
"[2430.131147540984, 1723.377049180328]",Selenomonas,1,2994
"[2432.030303030303, 1818.4848484848485]",Streptococcus,1,2995
"[2435.639344262295, 1868.1530054644809]",Capnocytophaga,1,2996
"[2435.432098765432, 236.04320987654322]",Corynebacterium,1,2997
"[2434.789156626506, 1005.4578313253012]",Leptotrichia,1,2998
"[2430.44, 1413.26]",Porphyromonas,1,2999
"[2433.1627906976746, 304.7906976744186]",Pasteurellaceae,1,3000
"[2434.1643835616437, 443.52054794520546]",Capnocytophaga,1,3001
"[2437.94375, 670.675]",Streptococcus,1,3002
"[2431.16, 1207.86]",Fusobacterium,1,3003
"[2433.4848484848485, 1446.560606060606]",Porphyromonas,1,3004
"[2434.9473684210525, 188.23684210526315]",Corynebacterium,1,3005
"[2432.626506024096, 288.33734939759034]",Pasteurellaceae,1,3006
"[2433.6984126984125, 1562.5555555555557]",Porphyromonas,1,3008
"[2432.824324324324, 1670.3648648648648]",Selenomonas,1,3009
"[2434.0476190476193, 1701.6309523809523]",Rothia,1,3010
"[2436.686046511628, 216.9418604651163]",Corynebacterium,1,3011
"[2440.7632850241544, 722.7342995169082]",Neisseriaceae,1,3012
"[2435.6435643564355, 886.9306930693069]",Leptotrichia,1,3013
"[2433.09375, 1112.375]",Prevotella,1,3014
"[2434.4338235294117, 1175.2573529411766]",Streptococcus,1,3015
"[2435.8761904761905, 1780.942857142857]",Actinomyces,1,3017
"[2443.7545787545787, 648.6703296703297]",Leptotrichia,1,3019
"[2439.0338983050847, 816.8361581920904]",Leptotrichia,1,3020
"[2440.86, 1278.32]",Streptococcus,1,3021
"[2435.625, 1389.40625]",Actinomyces,1,3022
"[2438.150837988827, 1600.195530726257]",Porphyromonas,1,3023
"[2437.75, 61.67857142857143]",Porphyromonas,1,3024
"[2438.036036036036, 116.2072072072072]",Treponema,1,3025
"[2436.6781609195405, 348.88505747126436]",Pasteurellaceae,1,3026
"[2439.273381294964, 366.45323741007195]",Corynebacterium,1,3027
"[2437.181818181818, 695.060606060606]",Porphyromonas,1,3028
"[2437.2386363636365, 1085.9261363636363]",Actinomyces,1,3029
"[2439.0576923076924, 573.5192307692307]",Capnocytophaga,1,3030
"[2437.1369863013697, 1251.0821917808219]",Selenomonas,1,3031
"[2438.121212121212, 1754.2828282828282]",TM7,1,3033
"[2437.9222222222224, 1801.588888888889]",Corynebacterium,1,3034
"[2439.035087719298, 1844.1842105263158]",Selenomonas,1,3035
"[2439.037037037037, 97.33333333333333]",Treponema,1,3037
"[2438.521739130435, 538.9565217391304]",Leptotrichia,1,3038
"[2439.5638297872338, 909.7340425531914]",Leptotrichia,1,3039
"[2439.8514851485147, 1149.930693069307]",Porphyromonas,1,3040
"[2439.42, 1690.12]",Veillonella,1,3041
"[2442.8308823529414, 511.1470588235294]",Leptotrichia,1,3042
"[2440.2307692307695, 584.1978021978022]",Neisseriaceae,1,3043
"[2444.7014925373132, 1031.2835820895523]",Leptotrichia,1,3044
"[2446.112244897959, 859.1020408163265]",Leptotrichia,1,3048
"[2439.05, 1200.25]",Fusobacterium,1,3049
"[2444.772151898734, 1220.9493670886077]",Actinomyces,1,3050
"[2443.912408759124, 483.1094890510949]",Leptotrichia,1,3053
"[2446.0806451612902, 1533.1451612903227]",Porphyromonas,1,3054
"[2441.140625, 1570.5625]",Prevotella,1,3055
"[2443.777777777778, 1851.9444444444443]",Treponema,1,3056
"[2450.5730337078653, 34.5]",Streptococcus,1,3057
"[2445.0849056603774, 412.3867924528302]",Leptotrichia,1,3058
"[2445.960451977401, 1468.2542372881355]",Porphyromonas,1,3059
"[2443.1052631578946, 1514.8631578947368]",Porphyromonas,1,3060
"[2445.255319148936, 1785.2340425531916]",Rothia,1,3061
"[2446.556818181818, 385.1818181818182]",Pasteurellaceae,1,3062
"[2444.4148936170213, 447.09574468085106]",TM7,1,3063
"[2442.451612903226, 561.4354838709677]",Pasteurellaceae,1,3064
"[2443.824074074074, 740.0277777777778]",Leptotrichia,1,3065
"[2445.779411764706, 874.9705882352941]",Leptotrichia,1,3066
"[2443.5675675675675, 1112.9054054054054]",Actinomyces,1,3067
"[2445.28125, 1403.859375]",Porphyromonas,1,3068
"[2443.776119402985, 1499.0298507462687]",Porphyromonas,1,3069
"[2446.3765690376567, 137.80334728033472]",Leptotrichia,1,3070
"[2450.1, 1124.7777777777778]",Prevotella,1,3072
"[2446.4954954954956, 1187.954954954955]",Streptococcus,1,3073
"[2448.9664429530203, 1645.288590604027]",Rothia,1,3074
"[2448.2105263157896, 57.26315789473684]",Rothia,1,3075
"[2444.6, 297.03076923076924]",Corynebacterium,1,3077
"[2451.6280193236717, 754.7729468599034]",Leptotrichia,1,3078
"[2447.211111111111, 788.7888888888889]",Leptotrichia,1,3079
"[2448.391304347826, 801.0695652173913]",Leptotrichia,1,3080
"[2449.3024691358023, 930.9567901234568]",Leptotrichia,1,3081
"[2444.65, 959.7833333333333]",Leptotrichia,1,3082
"[2448.0738255033557, 1420.7919463087248]",Porphyromonas,1,3083
"[2447.788235294118, 1665.1411764705883]",Selenomonas,1,3084
"[2450.376811594203, 1891.183574879227]",Corynebacterium,1,3085
"[2444.7118644067796, 266.4406779661017]",TM7,1,3086
"[2449.4794520547944, 324.6027397260274]",Corynebacterium,1,3087
"[2450.2, 525.8521739130434]",Leptotrichia,1,3089
"[2447.777777777778, 574.0952380952381]",Leptotrichia,1,3090
"[2445.9558823529414, 600.1029411764706]",Capnocytophaga,1,3091
"[2451.091503267974, 947.6797385620915]",Leptotrichia,1,3092
"[2448.936, 989.92]",Leptotrichia,1,3093
"[2445.450980392157, 1171.313725490196]",Streptococcus,1,3094
"[2453.6255707762557, 1246.4977168949772]",Fusobacterium,1,3095
"[2446.6111111111113, 1260.013888888889]",Porphyromonas,1,3096
"[2445.375, 1292.71875]",Streptococcus,1,3097
"[2445.24, 1313.08]",Leptotrichia,1,3098
"[2453.395061728395, 1491.4814814814815]",Porphyromonas,1,3099
"[2450.0133333333333, 1712.1866666666667]",Fusobacterium,1,3100
"[2455.0898203592815, 85.25748502994011]",Leptotrichia,1,3101
"[2447.633802816901, 179.77464788732394]",TM7,1,3102
"[2450.025316455696, 200.95569620253164]",Corynebacterium,1,3103
"[2447.7, 257.68333333333334]",Corynebacterium,1,3104
"[2451.0140845070423, 454.40845070422534]",Corynebacterium,1,3105
"[2451.3012048192772, 549.6867469879518]",Leptotrichia,1,3106
"[2450.1923076923076, 1202.8846153846155]",Fusobacterium,1,3107
"[2449.7283950617284, 1544.962962962963]",Porphyromonas,1,3108
"[2461.989247311828, 1683.784946236559]",Veillonella,1,3109
"[2451.425, 164.8]",Corynebacterium,1,3110
"[2454.634020618557, 1092.7525773195875]",Actinomyces,1,3111
"[2450.6119402985073, 1382.358208955224]",Porphyromonas,1,3112
"[2451.0098039215686, 1565.4803921568628]",Actinomyces,1,3113
"[2453.1481481481483, 1695.037037037037]",Rothia,1,3114
"[2452.2147239263804, 1866.5460122699387]",Fusobacterium,1,3115
"[2448.865671641791, 219.82089552238807]",Pasteurellaceae,1,3116
"[2450.483870967742, 310.241935483871]",TM7,1,3117
"[2450.6216216216217, 607.0945945945946]",Campylobacter,1,3118
"[2449.9139784946237, 705.7311827956989]",Campylobacter,1,3119
"[2450.264150943396, 894.9056603773585]",Leptotrichia,1,3120
"[2451.4625, 1007.575]",Leptotrichia,1,3121
"[2455.4891774891776, 1049.7835497835497]",Leptotrichia,1,3122
"[2450.109090909091, 1071.0545454545454]",Leptotrichia,1,3123
"[2451.5588235294117, 1342.1911764705883]",Leptotrichia,1,3124
"[2450.072727272727, 1749.0727272727272]",Selenomonas,1,3125
"[2453.404411764706, 1911.4338235294117]",Actinomyces,1,3126
"[2453.3947368421054, 101.4298245614035]",Leptotrichia,1,3127
"[2451.948275862069, 345.8448275862069]",Pasteurellaceae,1,3128
"[2450.848484848485, 429.25757575757575]",Leptotrichia,1,3129
"[2453.340909090909, 1161.4318181818182]",Porphyromonas,1,3130
"[2450.322033898305, 1765.0169491525423]",Selenomonas,1,3131
"[2452.907894736842, 1796.8815789473683]",Fusobacterium,1,3132
"[2457.285714285714, 398.42857142857144]",Corynebacterium,1,3133
"[2454.9666666666667, 466.64666666666665]",Corynebacterium,1,3134
"[2455.4160583941607, 619.3795620437957]",Streptococcus,1,3135
"[2453.3809523809523, 773.8761904761905]",Leptotrichia,1,3136
"[2455.61797752809, 841.6516853932584]",Leptotrichia,1,3137
"[2459.5, 915.8801652892562]",Leptotrichia,1,3138
"[2456.484126984127, 1320.857142857143]",Streptococcus,1,3140
"[2456.5193798449613, 1583.6589147286822]",Rothia,1,3141
"[2456.157142857143, 118.74285714285715]",Corynebacterium,1,3144
"[2454.285714285714, 232.35714285714286]",Corynebacterium,1,3145
"[2459.06993006993, 247.4825174825175]",Corynebacterium,1,3146
"[2454.7433628318586, 1824.2389380530974]",Prevotella,1,3148
"[2454.9473684210525, 821.1447368421053]",Leptotrichia,1,3150
"[2456.375, 1273.625]",Streptococcus,1,3151
"[2458.451612903226, 1303.458064516129]",Leptotrichia,1,3152
"[2455.972972972973, 1439.6306306306305]",Porphyromonas,1,3153
"[2456.607142857143, 1615.9761904761904]",Porphyromonas,1,3154
"[2458.5894736842106, 967.7684210526315]",Leptotrichia,1,3155
"[2458.2125, 1104.8875]",Streptococcus,1,3156
"[2457.7042253521126, 1456.281690140845]",Porphyromonas,1,3157
"[2463.108280254777, 72.98089171974522]",Leptotrichia,1,3158
"[2455.5774647887324, 290.6056338028169]",TM7,1,3159
"[2475.220630372493, 1372.323782234957]",Porphyromonas,1,3160
"[2455.813559322034, 1842.3050847457628]",Veillonella,1,3161
"[2462.478873239437, 370.4600938967136]",Leptotrichia,1,3162
"[2457.573913043478, 638.8]",Leptotrichia,1,3163
"[2459.0, 680.9907407407408]",Streptococcus,1,3164
"[2460.7593984962405, 731.406015037594]",Campylobacter,1,3165
"[2456.5471698113206, 1141.5094339622642]",Fusobacterium,1,3166
"[2457.09, 1227.34]",Actinomyces,1,3168
"[2458.0, 1630.5]",Porphyromonas,1,3169
"[2461.281914893617, 269.77659574468083]",Corynebacterium,1,3170
"[2460.9387755102043, 337.18367346938777]",TM7,1,3171
"[2465.1840490797545, 183.98773006134968]",Corynebacterium,1,3173
"[2461.232558139535, 425.56976744186045]",Leptotrichia,1,3174
"[2460.5925925925926, 494.6666666666667]",Leptotrichia,1,3175
"[2460.043859649123, 593.0087719298245]",Campylobacter,1,3176
"[2467.785087719298, 813.9780701754386]",Leptotrichia,1,3177
"[2461.938596491228, 884.8421052631579]",Leptotrichia,1,3178
"[2460.5897435897436, 953.5897435897435]",Leptotrichia,1,3179
"[2460.596638655462, 1408.5210084033613]",Porphyromonas,1,3180
"[2461.717647058824, 1552.0]",Porphyromonas,1,3181
"[2460.05, 301.0]",Corynebacterium,1,3183
"[2461.8015267175574, 563.8320610687023]",Leptotrichia,1,3184
"[2462.478260869565, 1424.4782608695652]",Porphyromonas,1,3185
"[2460.357142857143, 1518.9857142857143]",Porphyromonas,1,3186
"[2462.5384615384614, 1854.923076923077]",Fusobacterium,1,3187
"[2465.8958333333335, 47.236111111111114]",Rothia,1,3188
"[2461.7443609022557, 221.30827067669173]",Corynebacterium,1,3189
"[2467.65625, 410.2125]",Corynebacterium,1,3190
"[2462.116666666667, 667.3166666666667]",Streptococcus,1,3191
"[2466.283185840708, 776.9026548672566]",Leptotrichia,1,3193
"[2462.536231884058, 869.7971014492754]",Leptotrichia,1,3194
"[2460.6909090909094, 1059.5454545454545]",Leptotrichia,1,3195
"[2464.788990825688, 1475.4128440366972]",Rothia,1,3196
"[2465.4363636363637, 1598.7545454545455]",Actinomyces,1,3197
"[2462.3888888888887, 144.62222222222223]",Rothia,1,3199
"[2465.1160220994475, 512.243093922652]",Leptotrichia,1,3200
"[2463.0, 537.2948717948718]",Leptotrichia,1,3201
"[2462.0701754385964, 981.8245614035088]",Leptotrichia,1,3202
"[2466.5526315789475, 1192.1907894736842]",Actinomyces,1,3203
"[2466.4594594594596, 1507.7297297297298]",Porphyromonas,1,3204
"[2464.284671532847, 1750.2262773722628]",Veillonella,1,3205
"[2464.2952380952383, 125.0952380952381]",Corynebacterium,1,3206
"[2465.025974025974, 1074.7272727272727]",Lautropia,1,3207
"[2463.4166666666665, 1805.0277777777778]",Treponema,1,3208
"[2465.046875, 321.40625]",Corynebacterium,1,3209
"[2463.705128205128, 703.5897435897435]",Campylobacter,1,3210
"[2468.9557522123896, 835.5840707964602]",Leptotrichia,1,3211
"[2466.068493150685, 1010.6712328767123]",Leptotrichia,1,3212
"[2475.403846153846, 1332.301282051282]",Streptococcus,1,3213
"[2470.0, 1703.3265306122448]",Rothia,1,3214
"[2463.8194444444443, 1768.875]",Prevotella,1,3215
"[2464.6826923076924, 1781.2692307692307]",Prevotella,1,3216
"[2467.0701754385964, 453.89473684210526]",TM7,1,3217
"[2464.9857142857145, 1157.2571428571428]",Porphyromonas,1,3218
"[2469.388489208633, 1289.568345323741]",Streptococcus,1,3219
"[2468.323943661972, 1535.9859154929577]",Porphyromonas,1,3220
"[2466.391304347826, 1572.5978260869565]",Rothia,1,3221
"[2467.328571428571, 1639.5714285714287]",Fusobacterium,1,3222
"[2476.962962962963, 1917.7530864197531]",Leptotrichia,1,3223
"[2482.639889196676, 202.40997229916897]",TM7,1,3224
"[2471.1666666666665, 486.52777777777777]",Leptotrichia,1,3226
"[2469.060975609756, 1023.3231707317074]",Streptococcus,1,3228
"[2465.938271604938, 1210.4197530864199]",Porphyromonas,1,3229
"[2467.0779220779223, 1391.012987012987]",Porphyromonas,1,3230
"[2475.343511450382, 1255.0610687022902]",Fusobacterium,1,3234
"[2467.866666666667, 1653.28]",Porphyromonas,1,3236
"[2470.4444444444443, 1832.2051282051282]",Actinomyces,1,3237
"[2468.4736842105262, 1880.6631578947367]",Prevotella,1,3238
"[2469.7286821705425, 442.2480620155039]",Corynebacterium,1,3239
"[2471.2799999999997, 789.6]",Leptotrichia,1,3240
"[2472.7025316455697, 1898.4430379746836]",Porphyromonas,1,3243
"[2468.813559322034, 99.27118644067797]",Leptotrichia,1,3244
"[2473.38785046729, 166.1214953271028]",Corynebacterium,1,3245
"[2471.359223300971, 238.60194174757282]",Corynebacterium,1,3246
"[2472.055944055944, 760.6923076923077]",Leptotrichia,1,3247
"[2468.8705882352942, 851.8235294117648]",Leptotrichia,1,3248
"[2470.635714285714, 1440.5357142857142]",Prevotella,1,3249
"[2470.0714285714284, 1463.9571428571428]",Porphyromonas,1,3250
"[2474.3777777777777, 309.35555555555555]",Pasteurellaceae,1,3252
"[2473.8541666666665, 387.8229166666667]",Corynebacterium,1,3253
"[2471.1369863013697, 900.1095890410959]",Leptotrichia,1,3255
"[2473.4793388429753, 1106.2479338842975]",Lautropia,1,3256
"[2475.2814371257487, 1234.940119760479]",Actinomyces,1,3257
"[2476.6617647058824, 1522.9117647058824]",Porphyromonas,1,3259
"[2472.3142857142857, 281.85714285714283]",Corynebacterium,1,3261
"[2470.820895522388, 467.1641791044776]",Pasteurellaceae,1,3262
"[2472.6470588235293, 1054.8382352941176]",Leptotrichia,1,3263
"[2474.015503875969, 1170.5426356589148]",Porphyromonas,1,3265
"[2472.917808219178, 1490.7808219178082]",Rothia,1,3266
"[2481.2486772486773, 1811.2275132275133]",Prevotella,1,3267
"[2471.8518518518517, 639.1481481481482]",Treponema,1,3268
"[2471.482142857143, 918.7857142857143]",Leptotrichia,1,3269
"[2475.984375, 996.6640625]",Leptotrichia,1,3270
"[2473.551282051282, 1121.0384615384614]",Actinomyces,1,3271
"[2474.3846153846152, 1398.9076923076923]",Porphyromonas,1,3272
"[2480.9389671361505, 1732.3098591549297]",Actinomyces,1,3274
"[2478.7482993197277, 1845.7755102040817]",Porphyromonas,1,3275
"[2476.233009708738, 1863.5631067961165]",Prevotella,1,3276
"[2473.1369863013697, 295.24657534246575]",Corynebacterium,1,3277
"[2476.871794871795, 345.6923076923077]",TM7,1,3278
"[2473.31007751938, 655.922480620155]",Porphyromonas,1,3279
"[2475.807142857143, 721.7785714285715]",Streptococcus,1,3280
"[2472.909090909091, 867.0]",Leptotrichia,1,3281
"[2472.4246575342468, 941.931506849315]",Leptotrichia,1,3282
"[2473.6774193548385, 980.8172043010753]",Leptotrichia,1,3283
"[2473.9493670886077, 1356.4430379746836]",Leptotrichia,1,3284
"[2483.107843137255, 624.8676470588235]",Campylobacter,1,3287
"[2475.621848739496, 964.2941176470588]",Leptotrichia,1,3288
"[2475.4423076923076, 40.69230769230769]",Neisseriaceae,1,3290
"[2476.8835616438355, 544.2945205479452]",Leptotrichia,1,3291
"[2479.2489082969432, 573.8646288209607]",Leptotrichia,1,3292
"[2476.382716049383, 1135.6666666666667]",Rothia,1,3294
"[2476.2972972972975, 1211.4954954954956]",Porphyromonas,1,3296
"[2477.558011049724, 1941.403314917127]",Actinomyces,1,3298
"[2479.423469387755, 222.80612244897958]",Corynebacterium,1,3299
"[2475.811320754717, 1549.188679245283]",Selenomonas,1,3300
"[2482.183673469388, 1566.7755102040817]",Prevotella,1,3301
"[2481.7511312217193, 1611.3981900452488]",Rothia,1,3302
"[2478.3703703703704, 1794.9481481481482]",Prevotella,1,3303
"[2481.4967741935484, 147.36774193548388]",Selenomonas,1,3305
"[2478.6875, 514.9375]",Leptotrichia,1,3306
"[2485.403846153846, 706.3884615384616]",Leptotrichia,1,3307
"[2478.6521739130435, 127.68478260869566]",Capnocytophaga,1,3309
"[2483.9078014184397, 680.531914893617]",Leptotrichia,1,3310
"[2480.2481751824816, 891.3357664233577]",Leptotrichia,1,3311
"[2478.921875, 1088.09375]",Actinomyces,1,3312
"[2481.767441860465, 1306.968992248062]",Porphyromonas,1,3313
"[2478.75, 1654.2205882352941]",Porphyromonas,1,3315
"[2478.0714285714284, 1767.5714285714287]",Actinomyces,1,3316
"[2481.060869565217, 263.6]",Corynebacterium,1,3317
"[2480.9655172413795, 362.9425287356322]",Corynebacterium,1,3318
"[2479.758620689655, 779.1896551724138]",Leptotrichia,1,3319
"[2486.1363636363635, 1039.0056818181818]",Leptotrichia,1,3320
"[2482.951923076923, 1053.375]",Lautropia,1,3321
"[2484.171428571429, 1103.8342857142857]",Actinomyces,1,3322
"[2479.8888888888887, 1465.920634920635]",Actinomyces,1,3323
"[2481.3177570093458, 100.51401869158879]",Leptotrichia,1,3324
"[2483.2704402515724, 323.9433962264151]",TM7,1,3326
"[2479.842105263158, 594.3684210526316]",Capnocytophaga,1,3327
"[2480.046511627907, 609.1744186046511]",Campylobacter,1,3328
"[2480.755319148936, 840.2234042553191]",Leptotrichia,1,3329
"[2485.673469387755, 33.09183673469388]",Neisseriaceae,1,3331
"[2484.198757763975, 78.96273291925466]",Leptotrichia,1,3332
"[2487.0853658536585, 1343.658536585366]",Leptotrichia,1,3333
"[2482.3513513513512, 1481.0135135135135]",Rothia,1,3334
"[2481.258620689655, 1593.8275862068965]",Rothia,1,3336
"[2483.840579710145, 17.17391304347826]",Porphyromonas,1,3337
"[2484.561983471074, 424.09090909090907]",Leptotrichia,1,3338
"[2486.25641025641, 733.2393162393163]",Actinomyces,1,3339
"[2482.5339805825242, 919.6699029126214]",Leptotrichia,1,3340
"[2485.279411764706, 937.5955882352941]",Leptotrichia,1,3341
"[2482.5714285714284, 1153.267857142857]",Porphyromonas,1,3342
"[2484.452173913043, 1423.4608695652173]",Actinomyces,1,3343
"[2503.097989949749, 1721.610552763819]",Rothia,1,3344
"[2483.9387755102043, 1751.1836734693877]",Actinomyces,1,3345
"[2483.6363636363635, 496.1636363636364]",Leptotrichia,1,3346
"[2483.768115942029, 523.9420289855072]",Leptotrichia,1,3347
"[2489.1004784688994, 1188.5071770334928]",Prevotella,1,3348
"[2483.1481481481483, 1673.5740740740741]",Porphyromonas,1,3350
"[2485.5176470588235, 459.63529411764705]",Leptotrichia,1,3351
"[2487.0416666666665, 476.5833333333333]",Pasteurellaceae,1,3352
"[2492.0222222222224, 799.5688888888889]",Leptotrichia,1,3353
"[2484.3255813953488, 864.6046511627907]",Leptotrichia,1,3354
"[2485.0, 1508.8857142857144]",Porphyromonas,1,3355
"[2492.324324324324, 1874.572972972973]",Streptococcus,1,3357
"[2486.3168316831684, 397.81188118811883]",Corynebacterium,1,3359
"[2485.144927536232, 1069.8115942028985]",Prevotella,1,3360
"[2484.7058823529414, 1172.7058823529412]",Prevotella,1,3361
"[2495.613526570048, 1931.8019323671497]",Porphyromonas,1,3362
"[2490.673387096774, 54.641129032258064]",Leptotrichia,1,3363
"[2488.9014084507044, 907.2676056338029]",Leptotrichia,1,3365
"[2486.864077669903, 1216.6019417475727]",Porphyromonas,1,3366
"[2487.7476635514017, 1440.7102803738317]",Rothia,1,3367
"[2489.1977401129943, 1543.949152542373]",Porphyromonas,1,3368
"[2493.1133333333332, 1779.04]",Actinomyces,1,3369
"[2490.872549019608, 591.8333333333334]",Leptotrichia,1,3370
"[2490.2228260869565, 644.1358695652174]",Leptotrichia,1,3371
"[2488.7757009345796, 754.0747663551402]",Leptotrichia,1,3372
"[2487.048780487805, 1019.8170731707318]",Streptococcus,1,3373
"[2488.0408163265306, 1393.530612244898]",Leptotrichia,1,3374
"[2488.2, 1588.4615384615386]",Rothia,1,3376
"[2490.9304347826087, 1858.1478260869565]",Streptococcus,1,3377
"[2487.75, 538.8653846153846]",Leptotrichia,1,3379
"[2493.029702970297, 1406.9405940594058]",Porphyromonas,1,3380
"[2492.065934065934, 245.15384615384616]",Corynebacterium,1,3381
"[2494.053191489362, 382.99468085106383]",Streptococcus,1,3382
"[2493.478723404255, 877.2765957446809]",Leptotrichia,1,3383
"[2490.450980392157, 1124.9607843137255]",Rothia,1,3385
"[2495.357512953368, 1692.8134715025906]",Selenomonas,1,3386
"[2493.4084507042253, 12.619718309859154]",Campylobacter,1,3387
"[2490.9298245614036, 176.91228070175438]",Selenomonas,1,3388
"[2490.234375, 187.296875]",Corynebacterium,1,3389
"[2491.62, 983.07]",Leptotrichia,1,3391
"[2493.9444444444443, 1139.787037037037]",Fusobacterium,1,3393
"[2494.2704918032787, 1835.204918032787]",Rothia,1,3394
"[2493.948905109489, 1887.846715328467]",Streptococcus,1,3395
"[2494.0458715596333, 126.42660550458716]",Lautropia,1,3396
"[2496.121739130435, 145.1478260869565]",TM7,1,3397
"[2492.536231884058, 163.56521739130434]",Pasteurellaceae,1,3398
"[2491.9508196721313, 280.655737704918]",TM7,1,3399
"[2492.4520547945203, 304.1232876712329]",TM7,1,3400
"[2492.9540229885056, 558.528735632184]",Leptotrichia,1,3401
"[2491.9756097560976, 819.5]",Leptotrichia,1,3402
"[2492.6935483870966, 1263.5806451612902]",Streptococcus,1,3403
"[2499.5022421524664, 1298.3766816143498]",Streptococcus,1,3404
"[2494.31914893617, 1482.0851063829787]",Prevotella,1,3406
"[2496.978021978022, 833.8351648351648]",Leptotrichia,1,3408
"[2502.0207612456747, 963.1660899653979]",Leptotrichia,1,3409
"[2494.2695652173916, 1241.0782608695652]",Actinomyces,1,3410
"[2494.7702702702704, 1280.9054054054054]",Leptotrichia,1,3411
"[2495.3783783783783, 513.5945945945946]",Leptotrichia,1,3412
"[2496.094827586207, 664.75]",Leptotrichia,1,3413
"[2494.188679245283, 850.622641509434]",Leptotrichia,1,3414
"[2495.754545454545, 888.9]",Leptotrichia,1,3415
"[2501.9367816091954, 1008.4827586206897]",Leptotrichia,1,3416
"[2494.4153846153845, 1157.2615384615385]",Porphyromonas,1,3417
"[2504.743902439024, 1348.5569105691056]",Actinomyces,1,3418
"[2495.233009708738, 1743.8640776699028]",Porphyromonas,1,3420
"[2496.6741573033705, 313.7415730337079]",Fusobacterium,1,3421
"[2497.1640625, 346.640625]",Corynebacterium,1,3422
"[2496.5833333333335, 430.85714285714283]",Leptotrichia,1,3423
"[2495.5686274509803, 678.7254901960785]",Leptotrichia,1,3425
"[2495.774647887324, 1113.6760563380283]",Prevotella,1,3426
"[2499.5981308411215, 254.97196261682242]",TM7,1,3428
"[2497.595588235294, 409.4264705882353]",Leptotrichia,1,3429
"[2496.9756097560976, 1170.121951219512]",Rothia,1,3430
"[2501.298076923077, 1226.2596153846155]",Actinomyces,1,3431
"[2504.634285714286, 1761.7942857142857]",Prevotella,1,3432
"[2506.6439024390243, 1796.668292682927]",Prevotella,1,3433
"[2500.7555555555555, 1903.4555555555555]",Treponema,1,3435
"[2500.0, 93.7864077669903]",Leptotrichia,1,3436
"[2502.6369426751594, 290.6050955414013]",Fusobacterium,1,3437
"[2500.6164383561645, 698.8356164383562]",Streptococcus,1,3438
"[2498.9552238805973, 1205.6567164179105]",Fusobacterium,1,3441
"[2499.224489795918, 1516.9795918367347]",Porphyromonas,1,3442
"[2499.4, 69.93333333333334]",Leptotrichia,1,3443
"[2504.2833333333333, 359.71666666666664]",Fusobacterium,1,3444
"[2501.6666666666665, 528.8725490196078]",Leptotrichia,1,3445
"[2498.9620253164558, 758.0]",Leptotrichia,1,3446
"[2500.4935064935066, 1378.935064935065]",Porphyromonas,1,3447
"[2506.2033898305085, 1455.8361581920904]",Prevotella,1,3448
"[2498.34, 1497.44]",Neisseriaceae,1,3449
"[2499.7912087912086, 1582.010989010989]",Prevotella,1,3450
"[2501.45, 223.21]",Pasteurellaceae,1,3452
"[2501.712121212121, 372.1818181818182]",TM7,1,3453
"[2500.131868131868, 479.61538461538464]",TM7,1,3454
"[2500.6588235294116, 545.5764705882353]",Leptotrichia,1,3455
"[2502.0833333333335, 1085.0192307692307]",Leptotrichia,1,3456
"[2506.544378698225, 1560.5976331360946]",Prevotella,1,3457
"[2506.54802259887, 1599.8079096045199]",Prevotella,1,3458
"[2505.953125, 1678.59375]",Streptococcus,1,3459
"[2499.423076923077, 1824.423076923077]",Prevotella,1,3460
"[2501.2941176470586, 727.4509803921569]",Leptotrichia,1,3462
"[2502.087591240876, 778.5474452554745]",Leptotrichia,1,3463
"[2504.144144144144, 987.4684684684685]",Leptotrichia,1,3464
"[2505.3431952662722, 1320.0236686390533]",Leptotrichia,1,3465
"[2504.5123966942147, 1809.4132231404958]",Rothia,1,3467
"[2505.557046979866, 35.15436241610738]",Leptotrichia,1,3468
"[2502.4133333333334, 447.16]",Prevotella,1,3469
"[2503.9791666666665, 607.75]",Neisseriaceae,1,3470
"[2500.6666666666665, 901.4117647058823]",Leptotrichia,1,3471
"[2502.3164556962024, 931.2025316455696]",Leptotrichia,1,3472
"[2510.7688679245284, 269.6179245283019]",Rothia,1,3473
"[2502.1774193548385, 501.0483870967742]",TM7,1,3475
"[2506.0797101449275, 570.8188405797101]",Leptotrichia,1,3476
"[2503.423728813559, 844.6440677966102]",Leptotrichia,1,3477
"[2505.4814814814818, 866.7222222222222]",Leptotrichia,1,3478
"[2510.7244094488187, 1061.7204724409448]",Leptotrichia,1,3479
"[2510.080291970803, 13.007299270072993]",Streptococcus,1,3480
"[2505.406976744186, 82.87209302325581]",Lautropia,1,3481
"[2505.5412844036696, 189.5137614678899]",Pasteurellaceae,1,3482
"[2503.712121212121, 942.030303030303]",Leptotrichia,1,3483
"[2508.183673469388, 1919.156462585034]",Selenomonas,1,3484
"[2511.869822485207, 170.42011834319527]",Leptotrichia,1,3485
"[2508.727272727273, 657.7575757575758]",Streptococcus,1,3486
"[2507.3760683760684, 1195.1538461538462]",Rothia,1,3487
"[2511.029411764706, 792.3676470588235]",Leptotrichia,1,3489
"[2506.6181818181817, 1105.0545454545454]",Porphyromonas,1,3490
"[2508.3506493506493, 1495.012987012987]",Porphyromonas,1,3491
"[2507.0, 117.57142857142857]",Leptotrichia,1,3492
"[2508.0095238095237, 153.58095238095237]",Leptotrichia,1,3493
"[2507.1938775510203, 415.8673469387755]",Leptotrichia,1,3494
"[2507.0, 721.7076923076924]",Leptotrichia,1,3495
"[2513.2814814814815, 1272.2925925925927]",Streptococcus,1,3496
"[2507.369565217391, 1542.9239130434783]",Neisseriaceae,1,3497
"[2510.392857142857, 1779.455357142857]",Rothia,1,3498
"[2513.8026315789475, 243.88815789473685]",Prevotella,1,3499
"[2512.7626459143967, 632.6459143968872]",Leptotrichia,1,3500
"[2511.8451612903227, 1031.2451612903226]",Streptococcus,1,3501
"[2510.5434782608695, 1162.1739130434783]",Actinomyces,1,3502
"[2514.1104294478528, 1411.760736196319]",Porphyromonas,1,3503
"[2511.741573033708, 65.41011235955057]",Leptotrichia,1,3504
"[2512.978142076503, 916.8360655737705]",Leptotrichia,1,3505
"[2508.7924528301887, 1119.6603773584907]",Actinomyces,1,3506
"[2510.6285714285714, 1368.6142857142856]",Porphyromonas,1,3507
"[2510.082191780822, 332.6164383561644]",Fusobacterium,1,3508
"[2514.8471337579617, 518.3821656050956]",Pasteurellaceae,1,3509
"[2512.3916083916083, 689.2587412587412]",Neisseriaceae,1,3510
"[2511.85, 768.825]",Leptotrichia,1,3511
"[2510.0338983050847, 816.3728813559322]",Leptotrichia,1,3512
"[2513.474074074074, 900.0962962962963]",Leptotrichia,1,3513
"[2511.5363636363636, 1394.9545454545455]",Porphyromonas,1,3514
"[2510.9473684210525, 1580.4736842105262]",Rothia,1,3515
"[2511.8045112781956, 1855.654135338346]",Prevotella,1,3516
"[2514.1529411764704, 1139.0941176470587]",Fusobacterium,1,3517
"[2510.839285714286, 1180.9285714285713]",Prevotella,1,3518
"[2522.952789699571, 1338.0643776824033]",Streptococcus,1,3519
"[2511.1129032258063, 1825.6129032258063]",Fusobacterium,1,3520
"[2513.7849462365593, 488.4623655913978]",TM7,1,3521
"[2513.8172043010754, 1431.8494623655913]",Prevotella,1,3522
"[2518.806629834254, 1472.7348066298343]",Prevotella,1,3523
"[2517.8874172185433, 308.0860927152318]",Prevotella,1,3524
"[2513.2676056338028, 378.2112676056338]",Prevotella,1,3525
"[2513.9887640449438, 1003.7865168539325]",Leptotrichia,1,3526
"[2513.347222222222, 1086.5277777777778]",Prevotella,1,3527
"[2513.722891566265, 1519.6746987951808]",Porphyromonas,1,3528
"[2518.238993710692, 103.50314465408805]",Leptotrichia,1,3530
"[2517.5815217391305, 446.6304347826087]",Leptotrichia,1,3531
"[2520.673076923077, 554.1923076923077]",Leptotrichia,1,3532
"[2515.62, 711.36]",Campylobacter,1,3533
"[2520.813793103448, 740.748275862069]",Leptotrichia,1,3534
"[2518.042735042735, 400.2393162393162]",Leptotrichia,1,3536
"[2518.159090909091, 499.6515151515151]",Pasteurellaceae,1,3537
"[2515.1076923076926, 538.0769230769231]",Leptotrichia,1,3538
"[2515.7014925373132, 848.9850746268656]",Leptotrichia,1,3539
"[2516.936507936508, 886.3174603174604]",Leptotrichia,1,3540
"[2521.8361581920904, 1223.1016949152543]",Porphyromonas,1,3541
"[2516.024096385542, 1708.44578313253]",Fusobacterium,1,3542
"[2515.963963963964, 581.2162162162163]",Leptotrichia,1,3543
"[2517.343137254902, 601.9019607843137]",Leptotrichia,1,3544
"[2515.0597014925374, 937.4179104477612]",Leptotrichia,1,3545
"[2517.7371794871797, 1245.724358974359]",Porphyromonas,1,3546
"[2517.21875, 1834.90625]",Rothia,1,3547
"[2520.44, 209.97]",Leptotrichia,1,3548
"[2518.511111111111, 464.64444444444445]",Leptotrichia,1,3550
"[2516.1964285714284, 1295.9107142857142]",Leptotrichia,1,3551
"[2516.288888888889, 1893.8666666666666]",Prevotella,1,3552
"[2522.6418918918916, 1906.4662162162163]",Prevotella,1,3553
"[2526.449074074074, 229.77314814814815]",Leptotrichia,1,3554
"[2520.7524752475247, 987.3861386138614]",Leptotrichia,1,3555
"[2518.467741935484, 1450.8387096774193]",Prevotella,1,3556
"[2518.8160919540232, 1493.448275862069]",Porphyromonas,1,3557
"[2523.4583333333335, 1577.75]",Rothia,1,3558
"[2519.8494623655915, 140.81720430107526]",Leptotrichia,1,3559
"[2523.923076923077, 333.3538461538462]",Leptotrichia,1,3560
"[2519.189189189189, 756.9324324324324]",Leptotrichia,1,3562
"[2520.392523364486, 824.8691588785047]",Leptotrichia,1,3563
"[2526.4605263157896, 1108.311403508772]",Prevotella,1,3564
"[2521.972222222222, 1596.013888888889]",Rothia,1,3565
"[2528.0299401197603, 477.7065868263473]",TM7,1,3566
"[2522.4666666666667, 652.1666666666666]",Leptotrichia,1,3567
"[2522.6, 873.6896551724138]",Leptotrichia,1,3569
"[2521.772727272727, 1680.6363636363637]",Leptotrichia,1,3570
"[2522.687898089172, 1928.031847133758]",Porphyromonas,1,3571
"[2524.5819672131147, 79.87704918032787]",Prevotella,1,3572
"[2521.2083333333335, 118.30555555555556]",Leptotrichia,1,3573
"[2525.403846153846, 853.1826923076923]",Leptotrichia,1,3574
"[2523.7185185185185, 186.54814814814816]",Leptotrichia,1,3575
"[2523.0686274509803, 351.6862745098039]",Campylobacter,1,3576
"[2524.7631578947367, 423.7543859649123]",Leptotrichia,1,3577
"[2521.5555555555557, 622.2539682539683]",Leptotrichia,1,3578
"[2522.0, 783.0535714285714]",Leptotrichia,1,3579
"[2524.591836734694, 1172.591836734694]",Prevotella,1,3580
"[2522.9904761904763, 1204.2761904761905]",Actinomyces,1,3581
"[2525.3247422680415, 1385.5515463917525]",Actinomyces,1,3582
"[2531.919282511211, 1762.5336322869955]",Prevotella,1,3583
"[2523.5882352941176, 93.49019607843137]",Leptotrichia,1,3584
"[2525.008064516129, 674.3145161290323]",Streptococcus,1,3585
"[2524.99173553719, 1643.01652892562]",Selenomonas,1,3587
"[2527.0, 21.52173913043478]",Leptotrichia,1,3588
"[2524.8636363636365, 277.72727272727275]",Prevotella,1,3589
"[2525.5943396226417, 702.5377358490566]",Neisseriaceae,1,3590
"[2523.962962962963, 1029.9074074074074]",Streptococcus,1,3591
"[2525.9836065573772, 1085.188524590164]",Leptotrichia,1,3592
"[2526.0, 1543.7938144329896]",Actinomyces,1,3594
"[2529.5578231292516, 34.857142857142854]",Leptotrichia,1,3595
"[2525.8854166666665, 300.1458333333333]",Prevotella,1,3596
"[2528.990990990991, 395.43243243243245]",Leptotrichia,1,3597
"[2534.9646017699115, 1326.203539823009]",Streptococcus,1,3599
"[2537.3711340206187, 1778.9329896907216]",Rothia,1,3600
"[2529.277777777778, 1794.2777777777778]",Rothia,1,3601
"[2530.15625, 946.6640625]",Leptotrichia,1,3602
"[2526.232142857143, 1067.9464285714287]",Gemella,1,3603
"[2526.6481481481483, 1567.6851851851852]",Prevotella,1,3604
"[2536.798387096774, 1952.3185483870968]",Porphyromonas,1,3605
"[2526.3333333333335, 174.0]",Leptotrichia,1,3606
"[2530.7469135802467, 375.9012345679012]",Prevotella,1,3607
"[2528.5324675324673, 409.93506493506493]",Leptotrichia,1,3608
"[2533.3915094339623, 534.7264150943396]",Leptotrichia,1,3609
"[2527.223880597015, 959.7313432835821]",Leptotrichia,1,3610
"[2529.4337349397592, 1415.3313253012047]",Porphyromonas,1,3611
"[2529.2912621359224, 1739.0194174757282]",Prevotella,1,3612
"[2528.9285714285716, 1817.4642857142858]",Selenomonas,1,3613
"[2528.0, 1878.5603448275863]",Prevotella,1,3614
"[2529.777777777778, 133.35802469135803]",Leptotrichia,1,3615
"[2533.632530120482, 1017.8192771084338]",Leptotrichia,1,3617
"[2529.3302752293575, 1134.1926605504586]",Porphyromonas,1,3618
"[2531.781420765027, 1358.5956284153006]",Porphyromonas,1,3619
"[2527.4576271186443, 1431.7966101694915]",Porphyromonas,1,3620
"[2530.73417721519, 1445.8987341772151]",Actinomyces,1,3621
"[2529.656862745098, 1720.3725490196077]",Fusobacterium,1,3622
"[2529.788888888889, 505.47777777777776]",Pasteurellaceae,1,3623
"[2531.068376068376, 612.5726495726495]",Leptotrichia,1,3624
"[2527.869565217391, 933.1884057971015]",Leptotrichia,1,3625
"[2543.836283185841, 1009.20796460177]",Leptotrichia,1,3626
"[2535.1644295302012, 1837.224832214765]",Porphyromonas,1,3627
"[2533.620553359684, 584.6205533596838]",Leptotrichia,1,3629
"[2531.8796296296296, 978.8333333333334]",Leptotrichia,1,3630
"[2534.856115107914, 1145.546762589928]",Porphyromonas,1,3632
"[2531.9868421052633, 1159.171052631579]",Prevotella,1,3633
"[2530.9850746268658, 1594.1044776119404]",Fusobacterium,1,3634
"[2533.0833333333335, 1662.0641025641025]",Selenomonas,1,3635
"[2533.049019607843, 725.3725490196078]",Leptotrichia,1,3637
"[2532.2429906542056, 773.2336448598131]",Leptotrichia,1,3638
"[2530.732558139535, 1520.1046511627908]",Porphyromonas,1,3639
"[2534.1150442477874, 254.3716814159292]",Prevotella,1,3640
"[2531.5694444444443, 1037.0694444444443]",Actinomyces,1,3641
"[2533.1048387096776, 1489.5967741935483]",Actinomyces,1,3642
"[2537.5851851851853, 434.4148148148148]",Gemella,1,3644
"[2534.875, 456.7625]",Leptotrichia,1,3645
"[2532.576923076923, 1060.2307692307693]",Streptococcus,1,3646
"[2535.821052631579, 153.0]",Leptotrichia,1,3647
"[2537.88, 521.16]",Leptotrichia,1,3648
"[2537.8533333333335, 689.0]",Leptotrichia,1,3649
"[2539.2181818181816, 1230.0]",Streptococcus,1,3650
"[2536.562962962963, 1282.5111111111112]",Leptotrichia,1,3651
"[2537.607142857143, 1898.7232142857142]",Actinomyces,1,3652
"[2535.590163934426, 198.80327868852459]",Leptotrichia,1,3653
"[2535.9523809523807, 285.03809523809525]",Streptococcus,1,3654
"[2536.597222222222, 760.3402777777778]",Leptotrichia,1,3655
"[2537.0098039215686, 915.7450980392157]",Leptotrichia,1,3656
"[2540.280821917808, 1174.986301369863]",Prevotella,1,3657
"[2538.3291139240505, 1259.493670886076]",Leptotrichia,1,3659
"[2538.0416666666665, 95.89583333333333]",Prevotella,1,3660
"[2548.506726457399, 167.17937219730942]",Prevotella,1,3661
"[2537.69918699187, 663.3658536585366]",Streptococcus,1,3662
"[2537.2528735632186, 710.6781609195402]",Gemella,1,3663
"[2539.2452830188677, 795.4654088050314]",Leptotrichia,1,3664
"[2536.752808988764, 898.7752808988764]",Leptotrichia,1,3665
"[2539.2291666666665, 1542.9375]",Prevotella,1,3666
"[2541.952095808383, 1742.9041916167664]",Selenomonas,1,3667
"[2537.9636363636364, 1937.5272727272727]",Actinomyces,1,3668
"[2544.21387283237, 885.2023121387283]",Leptotrichia,1,3669
"[2541.970238095238, 1376.297619047619]",Porphyromonas,1,3670
"[2544.3121693121693, 1468.3439153439153]",Actinomyces,1,3671
"[2539.686868686869, 13.121212121212121]",Leptotrichia,1,3672
"[2542.951351351351, 58.24324324324324]",Leptotrichia,1,3673
"[2538.352112676056, 359.5633802816901]",Prevotella,1,3674
"[2541.652777777778, 488.15972222222223]",Pasteurellaceae,1,3675
"[2537.2753623188405, 641.927536231884]",Leptotrichia,1,3676
"[2542.153846153846, 866.2]",Leptotrichia,1,3677
"[2545.035087719298, 1310.3099415204679]",Streptococcus,1,3678
"[2540.963963963964, 1402.1801801801803]",Actinomyces,1,3679
"[2544.942028985507, 1556.9202898550725]",Rothia,1,3680
"[2541.8487394957983, 824.4117647058823]",Leptotrichia,1,3682
"[2543.919254658385, 965.7515527950311]",Leptotrichia,1,3684
"[2545.5677083333335, 1204.953125]",Porphyromonas,1,3685
"[2540.9333333333334, 1437.1]",Porphyromonas,1,3686
"[2546.668421052632, 1592.3157894736842]",Rothia,1,3687
"[2541.351063829787, 315.13829787234044]",Leptotrichia,1,3688
"[2546.2666666666664, 1653.2444444444445]",Corynebacterium,1,3690
"[2539.5223880597014, 1883.3880597014925]",Rothia,1,3691
"[2547.735294117647, 1913.5392156862745]",Streptococcus,1,3692
"[2541.6119402985073, 420.34328358208955]",Leptotrichia,1,3693
"[2541.44, 1074.12]",Leptotrichia,1,3694
"[2543.0615384615385, 1190.1846153846154]",Porphyromonas,1,3696
"[2555.095238095238, 986.9010989010989]",Leptotrichia,1,3698
"[2549.8680203045687, 1241.6700507614214]",Leptotrichia,1,3699
"[2544.9310344827586, 1504.2241379310344]",Fusobacterium,1,3700
"[2543.05, 1570.4875]",Prevotella,1,3701
"[2544.2970297029706, 1869.8613861386139]",Prevotella,1,3702
"[2544.915254237288, 126.01694915254237]",Leptotrichia,1,3703
"[2547.046357615894, 188.24503311258277]",Leptotrichia,1,3704
"[2544.9829059829062, 333.7264957264957]",Actinomyces,1,3705
"[2544.0333333333333, 445.8833333333333]",Leptotrichia,1,3706
"[2542.728813559322, 626.3728813559322]",Leptotrichia,1,3707
"[2544.4615384615386, 513.3846153846154]",Leptotrichia,1,3708
"[2545.4489795918366, 559.9387755102041]",Leptotrichia,1,3709
"[2543.9666666666667, 606.2666666666667]",Leptotrichia,1,3710
"[2544.18, 701.04]",Neisseriaceae,1,3711
"[2547.5472972972975, 1037.695945945946]",Leptotrichia,1,3712
"[2545.1284403669724, 1095.2018348623853]",Streptococcus,1,3713
"[2546.418367346939, 1127.1632653061224]",Porphyromonas,1,3714
"[2546.712643678161, 1451.4827586206898]",Porphyromonas,1,3715
"[2548.015748031496, 77.37795275590551]",Actinomyces,1,3716
"[2548.5535714285716, 348.88392857142856]",Prevotella,1,3717
"[2545.712962962963, 466.1759259259259]",Prevotella,1,3718
"[2546.2089552238804, 499.25373134328356]",Leptotrichia,1,3719
"[2545.2875, 744.125]",Leptotrichia,1,3720
"[2545.945205479452, 1521.7397260273972]",Actinomyces,1,3721
"[2547.366197183099, 1725.4929577464789]",Selenomonas,1,3722
"[2553.384937238494, 1800.8117154811716]",Fusobacterium,1,3723
"[2546.9777777777776, 1859.111111111111]",Leptotrichia,1,3724
"[2551.0545454545454, 148.66666666666666]",Leptotrichia,1,3725
"[2550.242424242424, 206.96212121212122]",Leptotrichia,1,3726
"[2553.799086757991, 387.68036529680364]",Actinomyces,1,3727
"[2552.6511627906975, 851.5290697674419]",Leptotrichia,1,3728
"[2546.314814814815, 1709.7222222222222]",Capnocytophaga,1,3729
"[2551.576470588235, 410.13529411764705]",Porphyromonas,1,3730
"[2547.5, 1362.359375]",Rothia,1,3731
"[2550.528735632184, 1573.7816091954023]",Rothia,1,3732
"[2549.5661764705883, 294.7132352941176]",Streptococcus,1,3733
"[2550.0522388059703, 676.1417910447761]",Leptotrichia,1,3734
"[2555.64375, 734.4875]",Leptotrichia,1,3735
"[2551.5714285714284, 1420.265306122449]",Porphyromonas,1,3736
"[2550.1454545454544, 273.54545454545456]",Prevotella,1,3737
"[2550.6944444444443, 783.9388888888889]",Leptotrichia,1,3738
"[2551.589928057554, 1144.611510791367]",Porphyromonas,1,3741
"[2553.475, 1343.125]",Porphyromonas,1,3742
"[2552.5670103092784, 1638.721649484536]",Selenomonas,1,3743
"[2558.9319371727747, 1845.5916230366493]",Selenomonas,1,3745
"[2553.0408163265306, 927.1224489795918]",Leptotrichia,1,3746
"[2554.0170940170938, 1275.059829059829]",Leptotrichia,1,3747
"[2552.037735849057, 1393.3584905660377]",Porphyromonas,1,3748
"[2555.751724137931, 1543.6275862068965]",Prevotella,1,3749
"[2554.801724137931, 39.939655172413794]",Leptotrichia,1,3750
"[2552.8061224489797, 909.8673469387755]",Leptotrichia,1,3751
"[2552.653846153846, 1488.5384615384614]",Neisseriaceae,1,3752
"[2554.418300653595, 18.856209150326798]",Lautropia,1,3753
"[2552.7, 543.56]",Leptotrichia,1,3754
"[2555.768817204301, 574.0430107526881]",Leptotrichia,1,3755
"[2553.078431372549, 895.0392156862745]",Leptotrichia,1,3756
"[2554.65, 1162.2875]",Porphyromonas,1,3758
"[2553.657894736842, 1219.3684210526317]",Treponema,1,3759
"[2557.5, 1923.1810344827586]",Streptococcus,1,3760
"[2554.5365853658536, 238.109756097561]",Leptotrichia,1,3761
"[2555.237288135593, 284.6779661016949]",Actinomyces,1,3762
"[2563.1508875739646, 653.198224852071]",Leptotrichia,1,3764
"[2556.025, 1079.325]",Leptotrichia,1,3765
"[2564.374449339207, 1177.8061674008811]",Prevotella,1,3767
"[2556.7027027027025, 1712.9594594594594]",Selenomonas,1,3769
"[2559.857142857143, 360.6054421768707]",Prevotella,1,3770
"[2556.277777777778, 511.4166666666667]",Leptotrichia,1,3771
"[2559.5416666666665, 702.5333333333333]",Leptotrichia,1,3772
"[2559.43125, 827.7875]",Leptotrichia,1,3773
"[2565.8230769230768, 946.9615384615385]",Leptotrichia,1,3774
"[2557.0416666666665, 1297.8229166666667]",Leptotrichia,1,3775
"[2564.934027777778, 1880.888888888889]",Leptotrichia,1,3776
"[2557.9761904761904, 528.6666666666666]",Leptotrichia,1,3777
"[2561.6018518518517, 631.2222222222222]",Leptotrichia,1,3778
"[2557.625, 1130.9545454545455]",Actinomyces,1,3779
"[2555.8846153846152, 1440.1538461538462]",Porphyromonas,1,3780
"[2555.6875, 1735.7604166666667]",Fusobacterium,1,3781
"[2559.0405405405404, 1819.8918918918919]",Porphyromonas,1,3782
"[2560.056603773585, 317.57547169811323]",Prevotella,1,3784
"[2557.4880952380954, 597.4880952380952]",Leptotrichia,1,3785
"[2560.4014084507044, 1756.3309859154929]",Prevotella,1,3789
"[2559.0703125, 447.7578125]",Rothia,1,3790
"[2565.2972972972975, 747.6081081081081]",Leptotrichia,1,3791
"[2562.048387096774, 957.4112903225806]",Leptotrichia,1,3792
"[2560.1792452830186, 1503.3207547169811]",Actinomyces,1,3794
"[2559.38, 1666.8]",Selenomonas,1,3796
"[2559.1805555555557, 870.1805555555555]",Leptotrichia,1,3798
"[2562.3217391304347, 1034.3652173913044]",Leptotrichia,1,3799
"[2568.1064814814818, 1324.3842592592594]",Streptococcus,1,3800
"[2565.8264462809916, 1357.8347107438017]",Prevotella,1,3801
"[2563.803738317757, 1408.8504672897195]",Selenomonas,1,3802
"[2570.8956310679614, 1786.2087378640776]",Rothia,1,3803
"[2562.377049180328, 96.81967213114754]",Streptococcus,1,3804
"[2560.411111111111, 481.8222222222222]",Leptotrichia,1,3805
"[2562.848484848485, 1097.6606060606061]",Streptococcus,1,3806
"[2567.223076923077, 1215.3538461538462]",Selenomonas,1,3807
"[2562.1941747572814, 57.50485436893204]",Leptotrichia,1,3808
"[2562.68992248062, 765.0]",Leptotrichia,1,3809
"[2561.4615384615386, 119.09615384615384]",Leptotrichia,1,3811
"[2563.1363636363635, 1017.0454545454545]",Leptotrichia,1,3812
"[2563.285714285714, 1063.647619047619]",Leptotrichia,1,3813
"[2566.0061728395062, 1478.0740740740741]",Porphyromonas,1,3814
"[2565.3739130434783, 1831.791304347826]",Corynebacterium,1,3816
"[2563.9875, 1904.75]",Streptococcus,1,3817
"[2563.204081632653, 80.29591836734694]",Leptotrichia,1,3818
"[2566.292237442922, 233.89497716894977]",Prevotella,1,3819
"[2566.090909090909, 281.6136363636364]",Prevotella,1,3820
"[2563.8658536585367, 553.5]",Leptotrichia,1,3821
"[2563.872549019608, 613.8137254901961]",Leptotrichia,1,3822
"[2562.712121212121, 927.7575757575758]",Leptotrichia,1,3823
"[2568.1744966442952, 1462.7382550335572]",Porphyromonas,1,3824
"[2564.041237113402, 1653.340206185567]",Selenomonas,1,3826
"[2567.3649635036495, 1860.4598540145985]",Selenomonas,1,3827
"[2569.026845637584, 13.973154362416107]",Streptococcus,1,3828
"[2567.508982035928, 262.23353293413174]",Prevotella,1,3830
"[2566.6363636363635, 376.8181818181818]",Lautropia,1,3831
"[2566.121495327103, 463.2056074766355]",Prevotella,1,3832
"[2566.923076923077, 679.8632478632478]",Leptotrichia,1,3833
"[2565.858024691358, 803.5]",Leptotrichia,1,3835
"[2563.4827586206898, 1258.103448275862]",Leptotrichia,1,3836
"[2563.7692307692305, 1396.128205128205]",Selenomonas,1,3837
"[2568.595041322314, 142.40495867768595]",Leptotrichia,1,3838
"[2566.595238095238, 892.9285714285714]",Leptotrichia,1,3839
"[2566.375, 1953.951923076923]",Streptococcus,1,3840
"[2574.5467980295566, 169.1822660098522]",Leptotrichia,1,3841
"[2567.5426356589146, 341.2093023255814]",Streptococcus,1,3842
"[2572.8028169014087, 1565.8169014084508]",Fusobacterium,1,3843
"[2566.25, 1586.8035714285713]",Prevotella,1,3844
"[2570.010752688172, 542.752688172043]",Leptotrichia,1,3847
"[2568.0129032258064, 1118.5225806451613]",Porphyromonas,1,3848
"[2573.8815789473683, 1433.9956140350878]",Porphyromonas,1,3849
"[2572.8677685950415, 205.0909090909091]",Prevotella,1,3851
"[2570.5966850828727, 1235.7182320441989]",Leptotrichia,1,3852
"[2568.6833333333334, 1270.8]",Streptococcus,1,3853
"[2569.4257425742576, 1380.5544554455446]",Actinomyces,1,3854
"[2573.401360544218, 48.17687074829932]",Leptotrichia,1,3855
"[2569.46, 434.78]",Streptococcus,1,3856
"[2570.3888888888887, 1152.0092592592594]",Leptotrichia,1,3857
"[2570.9, 1201.34]",Actinomyces,1,3858
"[2569.1388888888887, 1305.861111111111]",Leptotrichia,1,3859
"[2577.5, 1542.0064102564102]",Porphyromonas,1,3860
"[2574.1721854304637, 1939.3443708609273]",Streptococcus,1,3861
"[2571.7304347826084, 302.39130434782606]",Actinomyces,1,3862
"[2573.180904522613, 413.713567839196]",Prevotella,1,3863
"[2573.527777777778, 594.5]",Leptotrichia,1,3864
"[2571.20987654321, 922.0123456790124]",Leptotrichia,1,3865
"[2570.2475247524753, 996.5544554455446]",Leptotrichia,1,3866
"[2571.429577464789, 1523.1760563380283]",Actinomyces,1,3867
"[2572.4545454545455, 1733.628787878788]",Fusobacterium,1,3868
"[2574.4646464646466, 1770.060606060606]",Prevotella,1,3869
"[2570.9871794871797, 571.8205128205128]",Leptotrichia,1,3870
"[2575.25, 881.0151515151515]",Leptotrichia,1,3871
"[2572.0632911392404, 1710.2784810126582]",Corynebacterium,1,3872
"[2575.569105691057, 724.8130081300814]",Leptotrichia,1,3873
"[2570.9473684210525, 1501.7543859649122]",Veillonella,1,3874
"[2572.0701754385964, 1592.2280701754387]",Fusobacterium,1,3875
"[2575.9078014184397, 114.01418439716312]",Prevotella,1,3876
"[2574.8270676691727, 779.187969924812]",Leptotrichia,1,3877
"[2578.0709219858154, 863.5957446808511]",Leptotrichia,1,3878
"[2573.7380952380954, 1917.107142857143]",Streptococcus,1,3879
"[2579.0454545454545, 500.1969696969697]",Leptotrichia,1,3880
"[2579.9285714285716, 908.9761904761905]",Leptotrichia,1,3881
"[2585.867088607595, 1162.012658227848]",Actinomyces,1,3882
"[2578.3, 1810.3368421052633]",TM7,1,3883
"[2574.754385964912, 190.50877192982455]",Leptotrichia,1,3884
"[2576.9868421052633, 1084.2105263157894]",Selenomonas,1,3885
"[2575.8395061728397, 1253.148148148148]",Streptococcus,1,3886
"[2576.7956989247314, 1362.8494623655913]",Porphyromonas,1,3887
"[2575.8311688311687, 1647.909090909091]",Porphyromonas,1,3889
"[2574.777777777778, 444.0952380952381]",Actinomyces,1,3890
"[2577.939393939394, 1056.6464646464647]",Leptotrichia,1,3892
"[2577.5, 1135.5416666666667]",Streptococcus,1,3893
"[2585.445283018868, 1614.9433962264152]",Porphyromonas,1,3894
"[2578.9375, 296.3482142857143]",Prevotella,1,3896
"[2585.6923076923076, 1015.8388278388278]",Leptotrichia,1,3898
"[2583.890829694323, 1100.3100436681223]",Porphyromonas,1,3899
"[2579.690265486726, 1301.8495575221239]",Leptotrichia,1,3900
"[2579.3225806451615, 1387.532258064516]",Prevotella,1,3901
"[2580.7884615384614, 1491.5096153846155]",Selenomonas,1,3902
"[2577.9518072289156, 1578.2289156626507]",Rothia,1,3903
"[2577.4777777777776, 1753.6222222222223]",Prevotella,1,3904
"[2579.413043478261, 557.195652173913]",Leptotrichia,1,3905
"[2578.765625, 694.90625]",Leptotrichia,1,3906
"[2583.489247311828, 818.9139784946236]",Leptotrichia,1,3907
"[2579.9411764705883, 1038.8487394957983]",Leptotrichia,1,3909
"[2580.3757575757577, 1405.909090909091]",Porphyromonas,1,3910
"[2588.743119266055, 20.275229357798164]",Leptotrichia,1,3912
"[2579.8863636363635, 272.1136363636364]",Leptotrichia,1,3913
"[2582.4777777777776, 334.9]",Prevotella,1,3914
"[2581.032258064516, 1966.3333333333333]",Porphyromonas,1,3915
"[2580.7719298245615, 77.26315789473684]",Leptotrichia,1,3916
"[2588.9083333333333, 435.8875]",Streptococcus,1,3917
"[2580.5638297872338, 631.8829787234042]",Leptotrichia,1,3918
"[2584.546218487395, 179.88235294117646]",Leptotrichia,1,3919
"[2581.0581395348836, 361.98837209302326]",Prevotella,1,3921
"[2580.160714285714, 375.6607142857143]",Actinomyces,1,3922
"[2583.803738317757, 458.14018691588785]",Prevotella,1,3923
"[2588.8263473053894, 533.6287425149701]",Leptotrichia,1,3924
"[2581.717647058824, 710.7294117647059]",Leptotrichia,1,3925
"[2589.927536231884, 969.518115942029]",Leptotrichia,1,3927
"[2582.4776119402986, 227.02985074626866]",Leptotrichia,1,3928
"[2586.0, 248.32867132867133]",Leptotrichia,1,3929
"[2582.1052631578946, 582.171052631579]",Leptotrichia,1,3930
"[2581.18, 794.9]",Prevotella,1,3932
"[2584.983870967742, 1221.717741935484]",Selenomonas,1,3933
"[2586.300613496933, 1341.073619631902]",Porphyromonas,1,3934
"[2583.5555555555557, 1508.4949494949494]",Neisseriaceae,1,3935
"[2585.551724137931, 1886.2857142857142]",Rothia,1,3936
"[2583.4666666666667, 608.2933333333333]",Leptotrichia,1,3937
"[2587.115702479339, 1146.685950413223]",Streptococcus,1,3938
"[2590.4657534246576, 1470.458904109589]",Actinomyces,1,3939
"[2584.1034482758623, 1847.5862068965516]",Prevotella,1,3940
"[2585.7037037037035, 141.49074074074073]",Lautropia,1,3941
"[2586.293333333333, 661.6844444444445]",Leptotrichia,1,3942
"[2583.5955056179773, 748.3820224719101]",Streptococcus,1,3943
"[2585.825, 991.7375]",Leptotrichia,1,3944
"[2585.945054945055, 1195.131868131868]",Actinomyces,1,3946
"[2586.4356435643563, 1277.990099009901]",Leptotrichia,1,3947
"[2586.6060606060605, 1452.6767676767677]",Porphyromonas,1,3948
"[2584.775280898876, 1711.5168539325844]",Selenomonas,1,3949
"[2590.566210045662, 1918.5114155251142]",Selenomonas,1,3951
"[2584.448275862069, 1589.5]",Prevotella,1,3952
"[2587.6692913385828, 1729.5196850393702]",Fusobacterium,1,3953
"[2588.2954545454545, 1830.0]",Selenomonas,1,3954
"[2590.4794520547944, 395.1575342465753]",Rothia,1,3955
"[2590.5162454873644, 932.6317689530686]",Leptotrichia,1,3956
"[2588.5583333333334, 1178.3833333333334]",Actinomyces,1,3957
"[2592.936507936508, 1548.8465608465608]",Porphyromonas,1,3958
"[2588.495238095238, 1594.8285714285714]",Rothia,1,3959
"[2587.551282051282, 4.0]",Prevotella,1,3960
"[2588.4310344827586, 789.8965517241379]",Gemella,1,3961
"[2590.8735632183907, 1067.2758620689656]",Actinomyces,1,3962
"[2591.755905511811, 1210.1102362204724]",Treponema,1,3963
"[2587.375, 1321.25]",Porphyromonas,1,3964
"[2593.057971014493, 1642.1980676328503]",Porphyromonas,1,3966
"[2588.595238095238, 1663.5595238095239]",Selenomonas,1,3967
"[2588.574468085106, 1860.6489361702127]",Prevotella,1,3968
"[2588.2950819672133, 643.1967213114754]",Leptotrichia,1,3969
"[2588.662162162162, 1240.2432432432433]",Streptococcus,1,3970
"[2593.4416666666666, 1516.1083333333333]",Rothia,1,3971
"[2593.352, 1958.728]",Porphyromonas,1,3973
"[2591.308411214953, 214.29906542056074]",Prevotella,1,3974
"[2590.8434782608697, 280.5304347826087]",Streptococcus,1,3975
"[2590.043859649123, 1123.0526315789473]",Streptococcus,1,3976
"[2596.54748603352, 1269.2234636871508]",Porphyromonas,1,3977
"[2592.508333333333, 1379.9916666666666]",Prevotella,1,3978
"[2592.5822784810125, 260.7848101265823]",Leptotrichia,1,3980
"[2590.4387755102043, 479.11224489795916]",Leptotrichia,1,3981
"[2594.27868852459, 1626.1639344262296]",Selenomonas,1,3982
"[2596.603260869565, 1775.6847826086957]",Fusobacterium,1,3983
"[2600.131513647643, 49.69727047146402]",Leptotrichia,1,3984
"[2591.2631578947367, 60.536842105263155]",Leptotrichia,1,3985
"[2592.972602739726, 298.5068493150685]",Leptotrichia,1,3986
"[2591.46835443038, 775.2278481012659]",Leptotrichia,1,3987
"[2591.5, 849.5583333333333]",Leptotrichia,1,3988
"[2598.2256809338523, 95.64591439688716]",Leptotrichia,1,3989
"[2591.0897435897436, 563.5641025641025]",Leptotrichia,1,3990
"[2602.9910313901346, 575.8609865470852]",Leptotrichia,1,3991
"[2592.5636363636363, 1360.5636363636363]",Porphyromonas,1,3993
"[2596.009900990099, 120.94554455445545]",Leptotrichia,1,3995
"[2592.1724137931033, 798.8620689655172]",Rothia,1,3996
"[2596.005681818182, 1034.6306818181818]",Leptotrichia,1,3997
"[2593.1509433962265, 1088.2830188679245]",Streptococcus,1,3999
"[2595.8415841584156, 1409.4950495049504]",Porphyromonas,1,4000
"[2597.744827586207, 1898.9724137931034]",Corynebacterium,1,4002
"[2593.8365384615386, 1941.7596153846155]",Lautropia,1,4003
"[2597.7692307692305, 202.4017094017094]",Leptotrichia,1,4004
"[2598.3333333333335, 595.3407407407408]",Leptotrichia,1,4005
"[2594.836956521739, 741.3478260869565]",Streptococcus,1,4006
"[2594.5524475524476, 878.6013986013986]",Leptotrichia,1,4007
"[2609.133550488599, 1423.3745928338762]",Actinomyces,1,4008
"[2597.396226415094, 74.61320754716981]",Leptotrichia,1,4009
"[2594.830188679245, 172.16981132075472]",Leptotrichia,1,4010
"[2600.0753424657532, 308.7739726027397]",Leptotrichia,1,4011
"[2594.9302325581393, 327.3837209302326]",Rothia,1,4012
"[2597.298076923077, 350.7019230769231]",Leptotrichia,1,4013
"[2596.508474576271, 364.0169491525424]",Leptotrichia,1,4014
"[2600.7183908045977, 379.57471264367814]",Leptotrichia,1,4015
"[2594.493670886076, 629.506329113924]",Lautropia,1,4016
"[2596.1029411764707, 716.6127450980392]",Leptotrichia,1,4017
"[2595.1975308641977, 895.6666666666666]",Leptotrichia,1,4018
"[2600.1147540983607, 1394.122950819672]",Porphyromonas,1,4019
"[2610.6117647058823, 1575.9607843137255]",Actinomyces,1,4020
"[2595.736263736264, 1680.7142857142858]",Selenomonas,1,4021
"[2595.58, 611.3]",Leptotrichia,1,4022
"[2598.1712328767126, 1295.3972602739725]",Leptotrichia,1,4023
"[2596.6271186440677, 140.0677966101695]",Leptotrichia,1,4025
"[2600.445205479452, 415.1506849315069]",Leptotrichia,1,4026
"[2601.327272727273, 691.8969696969697]",Leptotrichia,1,4027
"[2598.516129032258, 841.1290322580645]",Leptotrichia,1,4028
"[2596.8813559322034, 1109.084745762712]",Streptococcus,1,4029
"[2605.2340425531916, 1129.645390070922]",Leptotrichia,1,4032
"[2600.0, 1589.7377049180327]",Prevotella,1,4033
"[2599.0506329113923, 1710.4810126582279]",Fusobacterium,1,4034
"[2603.4095238095238, 239.27619047619046]",Streptococcus,1,4035
"[2600.7741935483873, 1145.032258064516]",Actinomyces,1,4036
"[2600.40625, 1321.8958333333333]",Streptococcus,1,4038
"[2607.5771144278606, 1733.0746268656717]",Prevotella,1,4039
"[2605.6363636363635, 1815.6022727272727]",Actinomyces,1,4040
"[2602.963963963964, 158.56756756756758]",Leptotrichia,1,4041
"[2600.8024691358023, 279.95061728395063]",Streptococcus,1,4042
"[2601.5, 511.0]",Leptotrichia,1,4043
"[2608.041176470588, 822.7470588235294]",Leptotrichia,1,4044
"[2609.4835164835167, 1552.3983516483515]",Porphyromonas,1,4045
"[2617.2088353413656, 337.3694779116466]",Leptotrichia,1,4046
"[2604.0232558139533, 460.2480620155039]",Streptococcus,1,4047
"[2601.4835164835167, 1244.7912087912089]",Porphyromonas,1,4049
"[2607.032, 1459.672]",Actinomyces,1,4050
"[2605.522267206478, 1851.4534412955466]",Corynebacterium,1,4051
"[2602.6153846153848, 908.3461538461538]",Leptotrichia,1,4052
"[2604.6, 986.0714285714286]",Leptotrichia,1,4053
"[2604.8653846153848, 1000.6442307692307]",Leptotrichia,1,4054
"[2602.4444444444443, 1065.8412698412699]",Fusobacterium,1,4055
"[2605.5462962962965, 1305.5462962962963]",Leptotrichia,1,4056
"[2618.5082508250825, 13.05940594059406]",Leptotrichia,1,4059
"[2606.081300813008, 224.95934959349594]",Actinomyces,1,4060
"[2607.4333333333334, 952.9777777777778]",Leptotrichia,1,4062
"[2603.20987654321, 1177.4814814814815]",Actinomyces,1,4064
"[2611.0833333333335, 1876.5745614035088]",Leptotrichia,1,4065
"[2605.064935064935, 642.0]",Rothia,1,4066
"[2606.5806451612902, 1081.5591397849462]",Streptococcus,1,4068
"[2605.093220338983, 1352.4322033898304]",Porphyromonas,1,4069
"[2609.717277486911, 1484.848167539267]",Fusobacterium,1,4070
"[2605.0, 1662.13698630137]",Selenomonas,1,4071
"[2606.8387096774195, 483.69354838709677]",Leptotrichia,1,4072
"[2606.1034482758623, 1524.2528735632184]",Rothia,1,4073
"[2606.3333333333335, 759.316091954023]",Leptotrichia,1,4075
"[2609.0, 785.0431034482758]",Leptotrichia,1,4076
"[2608.7692307692305, 1024.7472527472528]",Streptococcus,1,4077
"[2614.8412017167384, 1371.3218884120172]",Prevotella,1,4078
"[2608.826923076923, 1962.9903846153845]",Corynebacterium,1,4081
"[2607.190476190476, 441.6984126984127]",Actinomyces,1,4082
"[2611.991525423729, 523.6101694915254]",Leptotrichia,1,4083
"[2607.96875, 850.1875]",Leptotrichia,1,4085
"[2611.7871287128714, 1196.2376237623762]",Actinomyces,1,4086
"[2607.593103448276, 1220.1241379310345]",Fusobacterium,1,4087
"[2609.0289855072465, 1253.8695652173913]",Actinomyces,1,4088
"[2607.8762886597938, 1404.7628865979382]",Porphyromonas,1,4089
"[2610.75, 33.98717948717949]",Leptotrichia,1,4090
"[2614.777777777778, 364.41333333333336]",Leptotrichia,1,4092
"[2608.5714285714284, 534.047619047619]",Lautropia,1,4093
"[2609.2843137254904, 544.7058823529412]",Leptotrichia,1,4094
"[2609.875, 665.4090909090909]",Leptotrichia,1,4095
"[2610.274881516588, 922.2748815165877]",Leptotrichia,1,4096
"[2607.836363636364, 969.1818181818181]",Leptotrichia,1,4097
"[2610.287356321839, 1614.8850574712644]",Porphyromonas,1,4098
"[2614.697247706422, 1639.0045871559632]",Porphyromonas,1,4099
"[2611.283950617284, 562.641975308642]",Leptotrichia,1,4100
"[2611.5375, 621.1416666666667]",Leptotrichia,1,4101
"[2613.8, 650.1304347826087]",Leptotrichia,1,4102
"[2610.348484848485, 676.6515151515151]",Leptotrichia,1,4103
"[2611.8839779005525, 1771.2707182320441]",TM7,1,4104
"[2615.7329192546586, 288.70186335403724]",Leptotrichia,1,4105
"[2610.7263157894736, 324.63157894736844]",Leptotrichia,1,4106
"[2610.150684931507, 887.7123287671233]",Leptotrichia,1,4107
"[2611.724489795918, 1042.4183673469388]",Porphyromonas,1,4108
"[2610.3936170212764, 1157.2446808510638]",Porphyromonas,1,4109
"[2614.082191780822, 1339.1780821917807]",Porphyromonas,1,4110
"[2611.453488372093, 1696.2093023255813]",Selenomonas,1,4111
"[2615.8680203045687, 123.84771573604061]",Leptotrichia,1,4113
"[2612.39, 397.44]",Prevotella,1,4114
"[2610.6153846153848, 721.0961538461538]",Leptotrichia,1,4115
"[2616.66875, 1280.91875]",Streptococcus,1,4118
"[2620.0882352941176, 1309.9327731092437]",Porphyromonas,1,4119
"[2613.343434343434, 874.959595959596]",Leptotrichia,1,4120
"[2611.858407079646, 1508.9734513274336]",Actinomyces,1,4121
"[2613.2285714285713, 1908.8190476190475]",Leptotrichia,1,4122
"[2614.3444444444444, 1950.6777777777777]",Corynebacterium,1,4123
"[2614.4504504504503, 498.6666666666667]",Leptotrichia,1,4124
"[2613.7058823529414, 1098.3235294117646]",Streptococcus,1,4127
"[2625.380597014925, 1442.5149253731342]",Rothia,1,4128
"[2628.099099099099, 1927.2432432432433]",Corynebacterium,1,4130
"[2621.4172932330825, 263.6015037593985]",Leptotrichia,1,4131
"[2616.25, 970.6470588235294]",Leptotrichia,1,4133
"[2614.5925925925926, 1476.4567901234568]",Porphyromonas,1,4134
"[2620.416, 995.912]",Leptotrichia,1,4135
"[2617.9714285714285, 595.1142857142858]",Leptotrichia,1,4137
"[2618.5344827586205, 715.8965517241379]",Leptotrichia,1,4138
"[2615.126582278481, 733.3417721518987]",Leptotrichia,1,4139
"[2619.1186440677966, 1169.4519774011299]",Streptococcus,1,4141
"[2616.915254237288, 1236.4237288135594]",Porphyromonas,1,4142
"[2615.3709677419356, 1244.3387096774193]",Actinomyces,1,4143
"[2618.435185185185, 102.79629629629629]",Leptotrichia,1,4144
"[2619.5126050420167, 690.0588235294117]",Leptotrichia,1,4145
"[2626.2210065645513, 159.62800875273524]",Leptotrichia,1,4146
"[2618.3956043956046, 412.8241758241758]",Lautropia,1,4147
"[2627.8038461538463, 937.7384615384616]",Leptotrichia,1,4149
"[2619.3298969072166, 1077.8865979381444]",Streptococcus,1,4150
"[2622.1796875, 1664.40625]",Selenomonas,1,4152
"[2619.581632653061, 430.59183673469386]",Actinomyces,1,4153
"[2622.5408163265306, 860.265306122449]",Leptotrichia,1,4154
"[2621.051470588235, 1116.8823529411766]",Leptotrichia,1,4155
"[2621.747899159664, 1143.6218487394958]",Streptococcus,1,4156
"[2623.1801801801803, 1256.5765765765766]",Porphyromonas,1,4158
"[2621.8591549295775, 1392.4084507042253]",Streptococcus,1,4159
"[2618.5694444444443, 1680.2083333333333]",Selenomonas,1,4160
"[2620.277108433735, 1893.8072289156626]",Leptotrichia,1,4161
"[2623.125, 78.96875]",Leptotrichia,1,4162
"[2623.679012345679, 1600.7469135802469]",Prevotella,1,4165
"[2618.549019607843, 1755.3921568627452]",Selenomonas,1,4166
"[2622.2875, 1029.35]",Rothia,1,4167
"[2627.2916666666665, 1520.172619047619]",Prevotella,1,4168
"[2627.8540772532187, 1792.5665236051502]",Rothia,1,4169
"[2622.878787878788, 1832.111111111111]",Prevotella,1,4170
"[2622.10447761194, 462.8358208955224]",Streptococcus,1,4172
"[2622.6666666666665, 657.9565217391304]",Leptotrichia,1,4173
"[2622.7471264367814, 810.7586206896551]",Rothia,1,4174
"[2622.8333333333335, 1060.861111111111]",Fusobacterium,1,4175
"[2623.8356164383563, 1945.3013698630136]",Corynebacterium,1,4177
"[2625.390977443609, 209.406015037594]",Leptotrichia,1,4179
"[2624.315789473684, 303.38157894736844]",Leptotrichia,1,4180
"[2625.0576923076924, 509.8173076923077]",Leptotrichia,1,4181
"[2629.474358974359, 739.5641025641025]",Leptotrichia,1,4182
"[2624.4692307692308, 1473.4923076923078]",Rothia,1,4183
"[2626.1182795698924, 26.956989247311828]",Leptotrichia,1,4186
"[2633.5263157894738, 482.93684210526317]",Leptotrichia,1,4187
"[2628.390728476821, 555.2384105960265]",Leptotrichia,1,4188
"[2624.2200000000003, 1334.72]",Porphyromonas,1,4190
"[2635.7794676806084, 1590.1254752851712]",Prevotella,1,4191
"[2626.2241379310344, 1689.6206896551723]",Selenomonas,1,4192
"[2625.2972972972975, 1742.4864864864865]",Prevotella,1,4193
"[2630.7163120567375, 447.9078014184397]",Streptococcus,1,4194
"[2624.96875, 703.765625]",Leptotrichia,1,4195
"[2624.2280701754385, 1711.719298245614]",Porphyromonas,1,4197
"[2627.513966480447, 230.66480446927375]",Gemella,1,4198
"[2624.8333333333335, 536.6481481481482]",Streptococcus,1,4199
"[2627.645569620253, 761.0506329113924]",Leptotrichia,1,4201
"[2630.343434343434, 830.7575757575758]",Leptotrichia,1,4202
"[2625.4150943396226, 871.8679245283018]",Leptotrichia,1,4203
"[2626.8777777777777, 1043.9333333333334]",Rothia,1,4204
"[2627.9312977099235, 60.458015267175576]",Leptotrichia,1,4205
"[2635.4945454545455, 670.9781818181818]",Leptotrichia,1,4206
"[2628.8, 1327.7375]",Streptococcus,1,4208
"[2626.741935483871, 1498.5806451612902]",Fusobacterium,1,4209
"[2626.9137931034484, 1719.1724137931035]",Selenomonas,1,4210
"[2632.3736842105263, 572.8315789473684]",Leptotrichia,1,4211
"[2629.15625, 624.5833333333334]",Leptotrichia,1,4212
"[2629.344537815126, 1098.142857142857]",Leptotrichia,1,4214
"[2629.5, 1558.134328358209]",Actinomyces,1,4215
"[2636.474025974026, 1963.2012987012988]",Corynebacterium,1,4216
"[2631.778947368421, 193.17894736842106]",Leptotrichia,1,4217
"[2629.3529411764707, 327.04411764705884]",Streptococcus,1,4218
"[2630.8169014084506, 382.4154929577465]",Leptotrichia,1,4219
"[2635.3297101449275, 603.0760869565217]",Leptotrichia,1,4220
"[2630.909090909091, 952.3545454545455]",Leptotrichia,1,4221
"[2631.698630136986, 968.3835616438356]",Leptotrichia,1,4222
"[2630.6869565217394, 1015.4956521739131]",Leptotrichia,1,4223
"[2630.4406779661017, 1206.2542372881355]",Porphyromonas,1,4224
"[2632.1666666666665, 1349.35]",Porphyromonas,1,4225
"[2631.072463768116, 1676.7101449275362]",Selenomonas,1,4226
"[2630.6168224299063, 1759.2616822429907]",Selenomonas,1,4227
"[2631.214285714286, 400.8857142857143]",Streptococcus,1,4228
"[2631.587155963303, 425.7522935779817]",Leptotrichia,1,4229
"[2633.266129032258, 782.016129032258]",Leptotrichia,1,4230
"[2631.3815789473683, 1239.8026315789473]",Porphyromonas,1,4231
"[2633.34554973822, 1618.8586387434555]",Prevotella,1,4232
"[2634.8403361344535, 247.2016806722689]",Leptotrichia,1,4234
"[2632.923076923077, 361.64957264957263]",Leptotrichia,1,4235
"[2631.321100917431, 1220.3394495412845]",Porphyromonas,1,4236
"[2649.820945945946, 1738.7736486486488]",Prevotella,1,4237
"[2634.3831775700937, 633.5700934579439]",Leptotrichia,1,4238
"[2632.418181818182, 999.4909090909091]",Leptotrichia,1,4239
"[2633.214285714286, 1080.2767857142858]",Leptotrichia,1,4240
"[2638.447852760736, 1648.5276073619632]",Porphyromonas,1,4241
"[2635.223404255319, 524.8723404255319]",Leptotrichia,1,4242
"[2636.191011235955, 1178.561797752809]",Actinomyces,1,4243
"[2635.823529411765, 1769.9411764705883]",Fusobacterium,1,4245
"[2635.4479166666665, 722.3854166666666]",Leptotrichia,1,4246
"[2640.6701030927834, 887.680412371134]",Leptotrichia,1,4247
"[2637.5131578947367, 1382.0855263157894]",Porphyromonas,1,4248
"[2636.443298969072, 1419.7525773195875]",Porphyromonas,1,4249
"[2634.8333333333335, 1701.4259259259259]",Fusobacterium,1,4250
"[2637.8142857142857, 1904.95]",Leptotrichia,1,4252
"[2639.448, 314.512]",Streptococcus,1,4255
"[2637.346666666667, 913.1]",Leptotrichia,1,4256
"[2635.716049382716, 1193.148148148148]",Streptococcus,1,4257
"[2636.96, 1722.6]",Selenomonas,1,4258
"[2637.940594059406, 113.47524752475248]",Leptotrichia,1,4259
"[2635.910714285714, 1052.75]",Fusobacterium,1,4260
"[2641.4246575342468, 1362.9931506849316]",Prevotella,1,4261
"[2639.070796460177, 38.3716814159292]",Corynebacterium,1,4263
"[2642.1417910447763, 411.64925373134326]",Leptotrichia,1,4265
"[2637.740458015267, 465.19847328244276]",Rothia,1,4266
"[2638.2588235294115, 982.4941176470588]",Leptotrichia,1,4268
"[2636.968253968254, 1476.1904761904761]",Rothia,1,4269
"[2639.2589285714284, 1689.9285714285713]",Selenomonas,1,4270
"[2644.1148325358854, 1821.1961722488038]",TM7,1,4271
"[2637.021897810219, 1868.1167883211679]",Rothia,1,4272
"[2644.456621004566, 687.433789954338]",Leptotrichia,1,4273
"[2638.754385964912, 1062.9649122807018]",Porphyromonas,1,4274
"[2642.473053892216, 1256.0718562874251]",Porphyromonas,1,4275
"[2642.1016949152545, 541.5593220338983]",Leptotrichia,1,4276
"[2638.95, 1040.1666666666667]",Lautropia,1,4277
"[2648.9174311926604, 1166.3577981651376]",Prevotella,1,4278
"[2645.9424083769636, 1570.4397905759163]",Actinomyces,1,4279
"[2651.425414364641, 1758.7127071823204]",Fusobacterium,1,4280
"[2647.8520710059174, 1854.4556213017752]",Rothia,1,4281
"[2640.392857142857, 801.875]",Leptotrichia,1,4282
"[2643.4819277108436, 871.5542168674699]",Leptotrichia,1,4283
"[2642.074074074074, 1120.7777777777778]",Leptotrichia,1,4285
"[2639.7666666666664, 1494.65]",Porphyromonas,1,4286
"[2645.4466666666667, 1537.34]",Rothia,1,4287
"[2646.6220930232557, 139.45348837209303]",Leptotrichia,1,4288
"[2642.051851851852, 296.97777777777776]",Leptotrichia,1,4289
"[2644.351063829787, 395.8404255319149]",Streptococcus,1,4290
"[2642.337398373984, 1305.178861788618]",Streptococcus,1,4291
"[2643.690265486726, 1665.6637168141592]",Prevotella,1,4292
"[2647.152777777778, 716.9027777777778]",Leptotrichia,1,4293
"[2642.7333333333336, 752.2333333333333]",Leptotrichia,1,4294
"[2645.94696969697, 827.0757575757576]",Streptococcus,1,4295
"[2647.3257575757575, 1635.1515151515152]",Actinomyces,1,4296
"[2643.550724637681, 1952.695652173913]",Corynebacterium,1,4297
"[2649.950892857143, 208.58928571428572]",Streptococcus,1,4298
"[2644.1263157894737, 326.37894736842105]",Streptococcus,1,4299
"[2652.7713004484303, 1135.914798206278]",Leptotrichia,1,4300
"[2642.4347826086955, 1400.3478260869565]",Porphyromonas,1,4302
"[2645.9921875, 1937.796875]",Corynebacterium,1,4304
"[2646.5652173913045, 349.82608695652175]",Streptococcus,1,4305
"[2645.4651162790697, 647.2790697674419]",Leptotrichia,1,4306
"[2645.8596491228072, 852.3333333333334]",Leptotrichia,1,4307
"[2647.8359375, 1003.9375]",Leptotrichia,1,4308
"[2649.401234567901, 1202.6666666666667]",Streptococcus,1,4309
"[2645.375, 86.83088235294117]",Leptotrichia,1,4310
"[2646.535714285714, 269.58035714285717]",Actinomyces,1,4311
"[2646.9605263157896, 443.13157894736844]",Streptococcus,1,4312
"[2644.4666666666667, 1784.85]",Prevotella,1,4314
"[2649.9139784946237, 12.559139784946236]",Porphyromonas,1,4315
"[2656.92523364486, 157.8644859813084]",Leptotrichia,1,4316
"[2645.3703703703704, 369.77777777777777]",Streptococcus,1,4317
"[2647.093023255814, 428.3255813953488]",Leptotrichia,1,4318
"[2645.9491525423728, 954.1355932203389]",Leptotrichia,1,4319
"[2648.8763440860216, 63.36021505376344]",Leptotrichia,1,4321
"[2649.6949152542375, 179.70056497175142]",Leptotrichia,1,4322
"[2652.279220779221, 759.1558441558442]",Leptotrichia,1,4323
"[2648.9193548387098, 971.3870967741935]",Leptotrichia,1,4324
"[2648.25, 1046.7375]",Lautropia,1,4325
"[2648.4947368421053, 1331.9263157894736]",Streptococcus,1,4327
"[2650.7551020408164, 1550.530612244898]",Rothia,1,4328
"[2647.2028985507245, 1705.5217391304348]",Fusobacterium,1,4329
"[2651.802919708029, 1720.8686131386862]",Fusobacterium,1,4330
"[2647.731182795699, 1886.021505376344]",Prevotella,1,4331
"[2648.743902439024, 628.8780487804878]",Leptotrichia,1,4332
"[2650.0263157894738, 740.8026315789474]",Leptotrichia,1,4333
"[2648.5, 990.4722222222222]",Leptotrichia,1,4334
"[2650.507575757576, 1078.75]",Leptotrichia,1,4335
"[2647.9322033898306, 1148.7796610169491]",Prevotella,1,4336
"[2649.6153846153848, 1183.7472527472528]",Prevotella,1,4337
"[2648.4464285714284, 1318.607142857143]",Streptococcus,1,4338
"[2655.5551181102364, 1425.755905511811]",Porphyromonas,1,4339
"[2648.7924528301887, 1504.122641509434]",Porphyromonas,1,4341
"[2654.7212121212124, 1797.387878787879]",Porphyromonas,1,4342
"[2651.1754385964914, 121.21052631578948]",Streptococcus,1,4343
"[2651.469696969697, 232.68686868686868]",Leptotrichia,1,4344
"[2648.254901960784, 523.4705882352941]",Rothia,1,4345
"[2651.185185185185, 1098.4166666666667]",Leptotrichia,1,4347
"[2648.55, 1471.1]",Actinomyces,1,4348
"[2651.7551020408164, 26.602040816326532]",Leptotrichia,1,4349
"[2651.3232323232323, 254.26262626262627]",Leptotrichia,1,4350
"[2651.0, 381.6111111111111]",Streptococcus,1,4351
"[2651.02, 577.28]",Prevotella,1,4352
"[2649.448275862069, 1026.7356321839081]",Leptotrichia,1,4353
"[2652.631067961165, 1222.7961165048544]",Actinomyces,1,4354
"[2654.1111111111113, 1245.0666666666666]",Actinomyces,1,4355
"[2654.906432748538, 1274.140350877193]",Prevotella,1,4356
"[2652.3533834586465, 1453.0075187969924]",Rothia,1,4357
"[2652.925531914894, 557.7340425531914]",Leptotrichia,1,4358
"[2655.592964824121, 609.7889447236181]",Leptotrichia,1,4359
"[2652.7843137254904, 784.1372549019608]",Leptotrichia,1,4360
"[2661.921397379913, 943.0829694323144]",Lautropia,1,4361
"[2652.356164383562, 1871.4657534246576]",Fusobacterium,1,4362
"[2652.1720430107525, 1910.8387096774193]",Leptotrichia,1,4363
"[2652.9625, 536.8625]",Leptotrichia,1,4364
"[2660.561403508772, 1115.6783625730993]",Streptococcus,1,4366
"[2658.3216374269005, 1387.625730994152]",Porphyromonas,1,4367
"[2653.672131147541, 1584.5409836065573]",Porphyromonas,1,4369
"[2654.8790322580644, 1622.1532258064517]",Porphyromonas,1,4370
"[2657.662251655629, 1672.0662251655629]",Rothia,1,4371
"[2654.521739130435, 464.04347826086956]",Prevotella,1,4372
"[2658.095238095238, 808.9931972789116]",Leptotrichia,1,4373
"[2655.293103448276, 919.9913793103449]",Prevotella,1,4374
"[2659.0096153846152, 984.7211538461538]",Leptotrichia,1,4375
"[2660.8940397350993, 1351.6158940397352]",Porphyromonas,1,4376
"[2659.0238095238096, 43.80952380952381]",Leptotrichia,1,4377
"[2658.878048780488, 489.0243902439024]",Leptotrichia,1,4379
"[2659.4251968503936, 662.0]",Leptotrichia,1,4380
"[2655.3764705882354, 1016.2470588235294]",Leptotrichia,1,4381
"[2653.9811320754716, 1055.9245283018868]",Leptotrichia,1,4382
"[2654.7032967032965, 505.15384615384613]",Leptotrichia,1,4383
"[2655.406976744186, 641.3604651162791]",Leptotrichia,1,4384
"[2658.5894736842106, 958.4526315789474]",Leptotrichia,1,4385
"[2656.2307692307695, 1703.7307692307693]",Corynebacterium,1,4386
"[2659.987951807229, 885.7710843373494]",Leptotrichia,1,4387
"[2659.1029411764707, 1036.4411764705883]",Prevotella,1,4388
"[2658.7455621301774, 1484.9349112426034]",Fusobacterium,1,4389
"[2658.593023255814, 1923.3372093023256]",Leptotrichia,1,4390
"[2659.804347826087, 365.9130434782609]",Leptotrichia,1,4392
"[2663.8684210526317, 908.6228070175439]",Prevotella,1,4394
"[2662.739393939394, 1598.0242424242424]",Actinomyces,1,4395
"[2661.153846153846, 340.0705128205128]",Leptotrichia,1,4396
"[2662.4660194174758, 408.81553398058253]",Leptotrichia,1,4397
"[2660.2083333333335, 452.81944444444446]",Streptococcus,1,4398
"[2661.274074074074, 519.7185185185185]",Leptotrichia,1,4399
"[2665.5546875, 1655.3828125]",Porphyromonas,1,4400
"[2657.9473684210525, 1826.171052631579]",Selenomonas,1,4401
"[2660.640625, 100.40625]",Leptotrichia,1,4402
"[2659.735294117647, 288.4117647058824]",Streptococcus,1,4403
"[2658.951612903226, 433.0483870967742]",Leptotrichia,1,4404
"[2659.8533333333335, 549.5066666666667]",Leptotrichia,1,4405
"[2662.183673469388, 862.6428571428571]",Leptotrichia,1,4406
"[2661.0877192982457, 874.0526315789474]",Leptotrichia,1,4407
"[2666.9221556886228, 1050.3413173652696]",Prevotella,1,4408
"[2663.325966850829, 1298.0220994475137]",Leptotrichia,1,4409
"[2664.8488372093025, 1374.8023255813953]",Porphyromonas,1,4410
"[2667.057142857143, 1724.2142857142858]",Fusobacterium,1,4411
"[2662.860927152318, 1842.0132450331125]",Fusobacterium,1,4412
"[2661.09375, 1895.84375]",Actinomyces,1,4413
"[2661.0338983050847, 299.8305084745763]",Treponema,1,4414
"[2665.932098765432, 313.6666666666667]",Streptococcus,1,4415
"[2666.0775862068967, 776.6465517241379]",Leptotrichia,1,4416
"[2664.448818897638, 844.1181102362204]",Leptotrichia,1,4417
"[2666.1007194244603, 1159.8345323741007]",Gemella,1,4418
"[2660.867924528302, 1575.7924528301887]",Porphyromonas,1,4419
"[2664.153846153846, 728.2991452991453]",Streptococcus,1,4421
"[2661.564516129032, 1194.4354838709678]",Actinomyces,1,4422
"[2669.875, 1691.2565789473683]",Fusobacterium,1,4423
"[2664.855555555556, 1699.5]",TM7,1,4424
"[2664.0919540229884, 827.6436781609195]",Prevotella,1,4425
"[2661.4754098360654, 1323.8196721311476]",Streptococcus,1,4426
"[2665.1603773584907, 1555.5]",Rothia,1,4427
"[2666.116279069767, 1636.0697674418604]",Porphyromonas,1,4428
"[2665.859813084112, 581.411214953271]",Prevotella,1,4429
"[2676.2411764705885, 690.7558823529412]",Rothia,1,4430
"[2666.2280701754385, 1067.5964912280701]",Leptotrichia,1,4431
"[2667.944, 1464.048]",Porphyromonas,1,4432
"[2663.4545454545455, 1814.3090909090909]",Veillonella,1,4433
"[2672.937198067633, 131.70048309178745]",Leptotrichia,1,4434
"[2668.2941176470586, 280.8921568627451]",Streptococcus,1,4435
"[2672.3779069767443, 1319.8662790697674]",Streptococcus,1,4437
"[2664.0923076923077, 1502.7692307692307]",Porphyromonas,1,4438
"[2675.6755555555555, 1518.648888888889]",Porphyromonas,1,4439
"[2678.526946107784, 1538.8952095808384]",Rothia,1,4440
"[2671.08938547486, 1761.1005586592178]",Fusobacterium,1,4442
"[2667.9216867469877, 79.92771084337349]",Leptotrichia,1,4443
"[2665.4464285714284, 709.3214285714286]",Rothia,1,4445
"[2668.272727272727, 744.5858585858585]",Leptotrichia,1,4446
"[2669.2547169811323, 1778.7924528301887]",Actinomyces,1,4447
"[2665.5409836065573, 1873.0983606557377]",Corynebacterium,1,4448
"[2668.3037974683543, 192.1772151898734]",Leptotrichia,1,4450
"[2667.865979381443, 238.39175257731958]",Streptococcus,1,4451
"[2670.895104895105, 973.9020979020979]",Leptotrichia,1,4452
"[2670.2736842105264, 1089.1052631578948]",Leptotrichia,1,4453
"[2668.1111111111113, 1178.875]",Prevotella,1,4454
"[2667.48, 1612.62]",Porphyromonas,1,4456
"[2679.6817359855336, 50.79566003616637]",Corynebacterium,1,4457
"[2677.587234042553, 221.77872340425532]",Streptococcus,1,4458
"[2669.529411764706, 359.30392156862746]",Leptotrichia,1,4459
"[2668.9074074074074, 479.77777777777777]",Leptotrichia,1,4460
"[2667.935483870968, 1482.6290322580646]",Porphyromonas,1,4461
"[2678.2084690553747, 107.96091205211727]",Leptotrichia,1,4462
"[2669.8275862068967, 204.11494252873564]",Leptotrichia,1,4463
"[2668.948051948052, 552.8571428571429]",Leptotrichia,1,4464
"[2671.1046511627906, 568.6046511627907]",Leptotrichia,1,4465
"[2674.175675675676, 793.0585585585585]",Leptotrichia,1,4466
"[2670.7433628318586, 1104.716814159292]",Streptococcus,1,4468
"[2669.505882352941, 1339.5529411764705]",Porphyromonas,1,4469
"[2671.9333333333334, 1446.2333333333333]",Porphyromonas,1,4470
"[2672.315789473684, 12.508771929824562]",Leptotrichia,1,4472
"[2683.4658634538155, 906.6465863453815]",Prevotella,1,4473
"[2669.8253968253966, 990.3015873015873]",Leptotrichia,1,4474
"[2671.3, 1230.0692307692307]",Streptococcus,1,4475
"[2681.3790322580644, 1357.616935483871]",Porphyromonas,1,4476
"[2671.096153846154, 178.5]",Streptococcus,1,4477
"[2671.3736263736264, 501.24175824175825]",Leptotrichia,1,4478
"[2676.3823529411766, 1041.9803921568628]",Leptotrichia,1,4479
"[2678.437086092715, 1742.1192052980132]",Prevotella,1,4480
"[2672.767441860465, 435.31007751937983]",Leptotrichia,1,4481
"[2673.45, 1579.075]",Porphyromonas,1,4482
"[2676.5445544554455, 1810.7029702970297]",Fusobacterium,1,4483
"[2677.823529411765, 1824.546218487395]",Capnocytophaga,1,4484
"[2674.8359375, 1855.6484375]",Fusobacterium,1,4485
"[2673.9074074074074, 1918.8240740740741]",Leptotrichia,1,4486
"[2676.628048780488, 325.7134146341463]",Streptococcus,1,4487
"[2676.7961165048546, 818.8155339805825]",Leptotrichia,1,4488
"[2674.176470588235, 1435.9803921568628]",Porphyromonas,1,4489
"[2672.975, 1502.175]",Porphyromonas,1,4490
"[2678.0372340425533, 148.07978723404256]",Leptotrichia,1,4491
"[2680.1780104712043, 247.89005235602093]",Streptococcus,1,4492
"[2673.943661971831, 294.46478873239437]",Treponema,1,4493
"[2674.1688311688313, 760.4285714285714]",Leptotrichia,1,4494
"[2674.7058823529414, 865.4117647058823]",Leptotrichia,1,4495
"[2677.0225563909776, 884.3984962406015]",Leptotrichia,1,4496
"[2675.6288659793813, 1133.1649484536083]",Leptotrichia,1,4497
"[2673.301886792453, 1204.2075471698113]",Actinomyces,1,4498
"[2674.8846153846152, 1275.6923076923076]",Actinomyces,1,4499
"[2675.336363636364, 1421.6818181818182]",Porphyromonas,1,4500
"[2675.598214285714, 1796.580357142857]",Porphyromonas,1,4501
"[2676.5689655172414, 267.2758620689655]",Streptococcus,1,4502
"[2676.75, 387.01851851851853]",Streptococcus,1,4503
"[2674.529411764706, 617.6862745098039]",Leptotrichia,1,4504
"[2680.252669039146, 1006.4377224199288]",Leptotrichia,1,4505
"[2680.390977443609, 1148.639097744361]",Leptotrichia,1,4506
"[2676.753424657534, 1187.5616438356165]",Prevotella,1,4507
"[2677.1844660194174, 469.20388349514565]",Leptotrichia,1,4508
"[2681.6140350877195, 603.327485380117]",Prevotella,1,4509
"[2676.462962962963, 1076.7777777777778]",Leptotrichia,1,4510
"[2679.8714285714286, 1254.607142857143]",Leptotrichia,1,4511
"[2680.6783216783215, 1675.2587412587413]",Prevotella,1,4512
"[2678.2871287128714, 525.009900990099]",Gemella,1,4513
"[2678.2368421052633, 644.9736842105264]",Leptotrichia,1,4514
"[2677.5434782608695, 729.1847826086956]",Rothia,1,4515
"[2683.3271028037384, 924.9579439252336]",Lautropia,1,4516
"[2679.098901098901, 958.5934065934066]",Leptotrichia,1,4517
"[2680.6111111111113, 1166.5777777777778]",Prevotella,1,4518
"[2681.7075471698113, 1220.4811320754718]",Prevotella,1,4519
"[2680.465909090909, 1775.284090909091]",Actinomyces,1,4520
"[2678.7916666666665, 851.3958333333334]",Leptotrichia,1,4522
"[2687.791469194313, 1378.649289099526]",Porphyromonas,1,4523
"[2681.9734513274334, 1868.9203539823009]",TM7,1,4524
"[2679.40625, 191.125]",Leptotrichia,1,4525
"[2695.2677966101696, 1464.6372881355933]",Porphyromonas,1,4527
"[2679.181818181818, 1558.2727272727273]",Rothia,1,4528
"[2678.7631578947367, 1711.4342105263158]",Fusobacterium,1,4529
"[2680.813953488372, 344.4418604651163]",Gemella,1,4530
"[2679.9242424242425, 579.0909090909091]",Leptotrichia,1,4531
"[2679.659090909091, 710.2045454545455]",Prevotella,1,4532
"[2685.3185185185184, 832.0370370370371]",Leptotrichia,1,4533
"[2683.1061946902655, 943.4424778761062]",Prevotella,1,4534
"[2683.02614379085, 1397.7581699346406]",Porphyromonas,1,4535
"[2683.371794871795, 1478.3974358974358]",Porphyromonas,1,4536
"[2687.3308823529414, 866.75]",Prevotella,1,4537
"[2681.08, 1301.56]",Streptococcus,1,4538
"[2680.857142857143, 1638.6825396825398]",Porphyromonas,1,4539
"[2684.653846153846, 170.76153846153846]",Leptotrichia,1,4540
"[2685.342105263158, 288.5657894736842]",Streptococcus,1,4541
"[2681.589285714286, 548.5357142857143]",Leptotrichia,1,4542
"[2683.694805194805, 1601.7337662337663]",Prevotella,1,4544
"[2688.421875, 1654.23828125]",Porphyromonas,1,4545
"[2681.3417721518986, 1881.5316455696202]",Corynebacterium,1,4546
"[2688.7804878048782, 1894.260162601626]",Fusobacterium,1,4547
"[2688.021978021978, 425.9065934065934]",Streptococcus,1,4549
"[2682.5238095238096, 1027.1587301587301]",Leptotrichia,1,4550
"[2690.6404494382023, 1061.9719101123596]",Leptotrichia,1,4551
"[2691.223463687151, 1795.5810055865923]",Porphyromonas,1,4552
"[2696.6298932384343, 622.0533807829181]",Lautropia,1,4553
"[2692.2941176470586, 1293.1911764705883]",Streptococcus,1,4554
"[2685.7246376811595, 1724.5652173913043]",Rothia,1,4555
"[2686.70802919708, 1836.8175182481752]",Pasteurellaceae,1,4556
"[2686.7596153846152, 204.33653846153845]",Streptococcus,1,4557
"[2686.4590163934427, 259.78688524590166]",Streptococcus,1,4558
"[2687.847222222222, 401.7291666666667]",Streptococcus,1,4559
"[2686.9032258064517, 510.43548387096774]",Leptotrichia,1,4560
"[2686.0650406504064, 753.1219512195122]",Prevotella,1,4561
"[2688.937062937063, 1277.4125874125873]",Streptococcus,1,4562
"[2685.5714285714284, 1449.0833333333333]",Porphyromonas,1,4563
"[2688.978102189781, 1575.5620437956204]",Actinomyces,1,4564
"[2686.4337349397592, 1627.1084337349398]",Porphyromonas,1,4565
"[2684.3766233766232, 1698.4675324675325]",Fusobacterium,1,4566
"[2690.7520661157023, 12.925619834710744]",Streptococcus,1,4567
"[2684.622641509434, 361.8867924528302]",Leptotrichia,1,4568
"[2685.9827586206898, 976.2586206896551]",Leptotrichia,1,4569
"[2688.8677685950415, 1082.0330578512396]",Leptotrichia,1,4570
"[2687.560344827586, 1123.5431034482758]",Leptotrichia,1,4571
"[2692.0391061452515, 1194.36312849162]",Actinomyces,1,4572
"[2686.1509433962265, 1239.5471698113208]",Prevotella,1,4573
"[2686.7738095238096, 1339.9285714285713]",Porphyromonas,1,4574
"[2687.5963302752293, 768.4036697247707]",Leptotrichia,1,4575
"[2688.5, 807.515625]",Lautropia,1,4576
"[2687.5444444444447, 1313.0]",Leptotrichia,1,4577
"[2696.549132947977, 1771.2601156069363]",Actinomyces,1,4578
"[2688.087912087912, 666.7362637362637]",Streptococcus,1,4579
"[2692.278481012658, 30.037974683544302]",Streptococcus,1,4581
"[2690.173913043478, 301.1304347826087]",Streptococcus,1,4582
"[2690.537634408602, 311.4193548387097]",Streptococcus,1,4583
"[2689.3255813953488, 563.3604651162791]",Leptotrichia,1,4584
"[2690.176470588235, 450.6806722689076]",Streptococcus,1,4585
"[2690.134328358209, 722.2835820895523]",Rothia,1,4586
"[2691.722222222222, 889.5222222222222]",Lautropia,1,4587
"[2692.6747967479673, 1419.7235772357724]",Porphyromonas,1,4588
"[2691.0185185185182, 1510.4814814814815]",Porphyromonas,1,4589
"[2693.7969924812032, 1853.2255639097743]",Rothia,1,4590
"[2692.903846153846, 486.84615384615387]",Leptotrichia,1,4592
"[2692.3963963963965, 542.0990990990991]",Leptotrichia,1,4593
"[2692.9903846153848, 595.7692307692307]",Leptotrichia,1,4594
"[2692.3693693693695, 1100.126126126126]",Leptotrichia,1,4595
"[2694.9528301886794, 1491.2358490566037]",Streptococcus,1,4596
"[2694.714285714286, 75.796992481203]",Leptotrichia,1,4597
"[2698.5407407407406, 156.14074074074074]",Leptotrichia,1,4598
"[2694.8192771084337, 1000.1325301204819]",Leptotrichia,1,4599
"[2692.839285714286, 1434.5714285714287]",Porphyromonas,1,4600
"[2697.4528301886794, 504.6698113207547]",Leptotrichia,1,4601
"[2693.2758620689656, 791.0574712643678]",Prevotella,1,4602
"[2694.4204545454545, 844.6704545454545]",Prevotella,1,4603
"[2697.3796296296296, 982.7037037037037]",Leptotrichia,1,4604
"[2692.75, 1144.9342105263158]",Leptotrichia,1,4605
"[2693.2043010752686, 1711.9354838709678]",Fusobacterium,1,4606
"[2696.3535353535353, 1756.4848484848485]",Actinomyces,1,4607
"[2698.387931034483, 331.5905172413793]",Leptotrichia,1,4608
"[2695.8045977011493, 352.39080459770116]",Campylobacter,1,4609
"[2695.5714285714284, 375.6806722689076]",Streptococcus,1,4610
"[2693.290322580645, 470.51612903225805]",Leptotrichia,1,4611
"[2695.836363636364, 1229.081818181818]",Actinomyces,1,4612
"[2704.918367346939, 59.24081632653061]",Leptotrichia,1,4615
"[2695.5365853658536, 120.29268292682927]",Leptotrichia,1,4616
"[2699.578947368421, 582.4135338345865]",Leptotrichia,1,4617
"[2694.5, 1159.851851851852]",Lautropia,1,4618
"[2696.32, 1252.51]",Streptococcus,1,4619
"[2698.32967032967, 1686.8131868131868]",Rothia,1,4620
"[2697.6, 1923.9290322580646]",Corynebacterium,1,4621
"[2696.4590163934427, 638.5573770491803]",Prevotella,1,4622
"[2698.593220338983, 1018.8474576271186]",Leptotrichia,1,4623
"[2698.466165413534, 1036.3157894736842]",Leptotrichia,1,4624
"[2695.6271186440677, 1701.2033898305085]",Actinomyces,1,4625
"[2696.6421052631576, 233.02105263157895]",Leptotrichia,1,4626
"[2699.548780487805, 966.329268292683]",Leptotrichia,1,4627
"[2700.1267605633802, 1442.6690140845071]",Porphyromonas,1,4628
"[2702.0779220779223, 1602.8831168831168]",Rothia,1,4629
"[2697.290909090909, 1635.4727272727273]",Porphyromonas,1,4630
"[2698.175675675676, 255.90540540540542]",Streptococcus,1,4631
"[2698.759493670886, 671.8354430379746]",Prevotella,1,4632
"[2699.368932038835, 700.8252427184466]",Prevotella,1,4633
"[2702.2136752136753, 876.9230769230769]",Leptotrichia,1,4634
"[2699.5844155844156, 1174.909090909091]",Porphyromonas,1,4635
"[2700.1481481481483, 1549.4907407407406]",Actinomyces,1,4636
"[2700.436974789916, 292.9579831932773]",Streptococcus,1,4637
"[2709.2549800796814, 419.7171314741036]",Actinomyces,1,4638
"[2700.5844155844156, 776.025974025974]",Lautropia,1,4639
"[2700.0188679245284, 1408.7358490566037]",Porphyromonas,1,4640
"[2700.0, 1826.234375]",Selenomonas,1,4642
"[2701.7264957264956, 138.88888888888889]",Leptotrichia,1,4644
"[2700.6417910447763, 688.2089552238806]",Prevotella,1,4645
"[2701.965, 741.57]",Rothia,1,4646
"[2700.6567164179105, 801.0746268656717]",Leptotrichia,1,4647
"[2701.123076923077, 1392.3923076923077]",Porphyromonas,1,4648
"[2706.2875, 1673.875]",Prevotella,1,4650
"[2705.035294117647, 1863.7529411764706]",TM7,1,4651
"[2706.0862944162436, 217.0964467005076]",Leptotrichia,1,4652
"[2702.4931506849316, 390.64383561643837]",Streptococcus,1,4653
"[2702.4180327868853, 436.4918032786885]",Streptococcus,1,4654
"[2702.855670103093, 566.0721649484536]",Leptotrichia,1,4655
"[2703.1666666666665, 1211.637254901961]",Streptococcus,1,4656
"[2701.9117647058824, 1568.0294117647059]",Rothia,1,4657
"[2704.48231511254, 1707.829581993569]",Actinomyces,1,4658
"[2704.517543859649, 1874.640350877193]",Corynebacterium,1,4659
"[2702.543859649123, 936.3508771929825]",Prevotella,1,4660
"[2703.5225225225226, 1331.3873873873874]",Streptococcus,1,4661
"[2703.392857142857, 88.71428571428571]",Leptotrichia,1,4662
"[2712.5309734513276, 457.49557522123894]",Streptococcus,1,4663
"[2706.3418803418804, 660.5811965811965]",Prevotella,1,4664
"[2711.3164556962024, 865.8164556962025]",Prevotella,1,4665
"[2703.483146067416, 1357.752808988764]",Porphyromonas,1,4666
"[2706.78125, 1658.4166666666667]",Porphyromonas,1,4667
"[2704.5, 185.96153846153845]",Streptococcus,1,4668
"[2705.590909090909, 470.5113636363636]",Leptotrichia,1,4670
"[2708.494117647059, 1351.4588235294118]",Porphyromonas,1,4672
"[2705.960396039604, 268.53465346534654]",Streptococcus,1,4673
"[2707.8504672897197, 644.8130841121496]",Prevotella,1,4674
"[2705.272727272727, 719.2424242424242]",Prevotella,1,4675
"[2709.30198019802, 896.2079207920792]",Prevotella,1,4677
"[2705.8034682080925, 1119.6936416184972]",Streptococcus,1,4680
"[2704.758620689655, 1143.5344827586207]",Prevotella,1,4681
"[2711.4491017964074, 1487.0958083832336]",Porphyromonas,1,4682
"[2706.7265625, 1511.7109375]",Porphyromonas,1,4683
"[2713.429203539823, 114.76548672566372]",Leptotrichia,1,4684
"[2708.2, 243.97894736842105]",Leptotrichia,1,4685
"[2712.6878306878307, 598.925925925926]",Leptotrichia,1,4686
"[2709.259259259259, 1066.6296296296296]",Leptotrichia,1,4687
"[2712.0887573964496, 1966.6568047337278]",Streptococcus,1,4688
"[2707.6708860759495, 97.63291139240506]",Leptotrichia,1,4689
"[2708.037037037037, 765.6666666666666]",Leptotrichia,1,4690
"[2708.4375, 831.3645833333334]",Prevotella,1,4691
"[2711.472081218274, 920.1675126903554]",Prevotella,1,4692
"[2710.574324324324, 1303.7027027027027]",Actinomyces,1,4693
"[2709.1492537313434, 1531.5820895522388]",Porphyromonas,1,4694
"[2706.8545454545456, 1620.2363636363636]",Porphyromonas,1,4695
"[2714.3776824034335, 1811.9957081545065]",Selenomonas,1,4697
"[2709.3578947368424, 1846.178947368421]",Fusobacterium,1,4698
"[2710.7741935483873, 308.76129032258063]",Leptotrichia,1,4700
"[2707.923076923077, 959.3692307692307]",Leptotrichia,1,4701
"[2712.802919708029, 1163.1897810218977]",Leptotrichia,1,4702
"[2708.1509433962265, 1192.7358490566037]",Actinomyces,1,4703
"[2715.3563829787236, 1245.281914893617]",Streptococcus,1,4704
"[2715.056497175141, 1639.2711864406779]",Porphyromonas,1,4705
"[2711.1984732824426, 39.80916030534351]",Leptotrichia,1,4706
"[2714.6988416988415, 525.942084942085]",Streptococcus,1,4707
"[2710.775510204082, 950.0816326530612]",Prevotella,1,4708
"[2709.4343434343436, 1280.4848484848485]",Streptococcus,1,4710
"[2711.264705882353, 1373.2450980392157]",Streptococcus,1,4711
"[2711.887931034483, 1584.448275862069]",Actinomyces,1,4712
"[2715.643884892086, 1741.428057553957]",Porphyromonas,1,4713
"[2708.8939393939395, 1921.3181818181818]",Corynebacterium,1,4714
"[2710.6736842105265, 490.70526315789476]",Streptococcus,1,4715
"[2711.114942528736, 552.448275862069]",Leptotrichia,1,4716
"[2711.5131578947367, 790.3157894736842]",Actinomyces,1,4717
"[2712.7723577235774, 1424.7479674796748]",Streptococcus,1,4718
"[2712.580357142857, 1227.169642857143]",Streptococcus,1,4719
"[2710.923076923077, 1263.0]",Streptococcus,1,4720
"[2715.50641025641, 1763.8974358974358]",Porphyromonas,1,4722
"[2711.9268292682927, 1790.3292682926829]",Prevotella,1,4723
"[2713.0265486725666, 1904.5575221238937]",Veillonella,1,4724
"[2712.6923076923076, 281.4423076923077]",Streptococcus,1,4725
"[2713.8282828282827, 1884.4141414141413]",TM7,1,4728
"[2714.061728395062, 167.19753086419752]",Streptococcus,1,4729
"[2713.4574468085107, 365.6914893617021]",Streptococcus,1,4730
"[2711.8072289156626, 681.710843373494]",Prevotella,1,4731
"[2718.3485714285716, 846.3657142857143]",Prevotella,1,4732
"[2714.021978021978, 1405.6043956043957]",Porphyromonas,1,4734
"[2714.060606060606, 134.97979797979798]",Leptotrichia,1,4737
"[2716.8083333333334, 400.69166666666666]",Streptococcus,1,4739
"[2715.875, 628.9732142857143]",Prevotella,1,4740
"[2721.0056179775283, 811.0786516853933]",Streptococcus,1,4741
"[2718.673170731707, 1092.8585365853658]",Leptotrichia,1,4742
"[2715.875, 257.49107142857144]",Treponema,1,4743
"[2715.828947368421, 706.0394736842105]",Streptococcus,1,4744
"[2718.31875, 979.6125]",Leptotrichia,1,4745
"[2716.7974683544303, 1205.607594936709]",Streptococcus,1,4747
"[2715.121951219512, 1446.2926829268292]",Porphyromonas,1,4748
"[2716.9880952380954, 83.92857142857143]",Leptotrichia,1,4749
"[2718.8796296296296, 579.5833333333334]",Leptotrichia,1,4750
"[2719.44262295082, 999.327868852459]",Leptotrichia,1,4751
"[2722.324427480916, 1030.969465648855]",Leptotrichia,1,4752
"[2716.190476190476, 1131.6507936507937]",Streptococcus,1,4753
"[2718.5693430656934, 1319.5182481751824]",Streptococcus,1,4754
"[2723.067073170732, 1828.5792682926829]",Fusobacterium,1,4755
"[2719.1384615384613, 11.584615384615384]",Treponema,1,4756
"[2717.676056338028, 183.3943661971831]",Leptotrichia,1,4757
"[2718.3980582524273, 204.8640776699029]",Leptotrichia,1,4758
"[2717.4313725490197, 660.6666666666666]",Actinomyces,1,4759
"[2718.7236842105262, 690.828947368421]",Prevotella,1,4760
"[2721.8867924528304, 1942.0566037735848]",TM7,1,4763
"[2725.9338235294117, 736.7205882352941]",Prevotella,1,4764
"[2719.675675675676, 760.472972972973]",Leptotrichia,1,4765
"[2723.433155080214, 775.5828877005348]",Prevotella,1,4766
"[2719.9438202247193, 960.3258426966293]",Leptotrichia,1,4767
"[2721.0485436893205, 23.203883495145632]",Leptotrichia,1,4768
"[2719.171875, 389.15625]",Streptococcus,1,4769
"[2719.3703703703704, 502.01851851851853]",Streptococcus,1,4770
"[2720.189189189189, 748.7297297297297]",Streptococcus,1,4771
"[2718.762711864407, 1068.2033898305085]",Leptotrichia,1,4772
"[2721.9444444444443, 1471.6825396825398]",Porphyromonas,1,4773
"[2721.4031007751937, 1540.1705426356589]",Porphyromonas,1,4774
"[2723.1063829787236, 1579.404255319149]",Rothia,1,4775
"[2719.1466666666665, 1622.4266666666667]",Fusobacterium,1,4776
"[2722.8508771929824, 103.90350877192982]",Leptotrichia,1,4777
"[2722.925170068027, 155.7482993197279]",Leptotrichia,1,4778
"[2719.5, 329.86486486486484]",Leptotrichia,1,4779
"[2721.5176470588235, 673.9529411764706]",Prevotella,1,4780
"[2723.3552631578946, 1141.407894736842]",Streptococcus,1,4781
"[2724.6145833333335, 288.6458333333333]",Leptotrichia,1,4783
"[2722.189189189189, 481.2567567567568]",Leptotrichia,1,4784
"[2729.7625, 1114.4416666666666]",Leptotrichia,1,4785
"[2724.0113636363635, 1559.9545454545455]",Actinomyces,1,4787
"[2720.852272727273, 1605.0568181818182]",Rothia,1,4788
"[2726.905472636816, 1705.0]",Actinomyces,1,4789
"[2722.4690265486724, 1927.1238938053098]",Porphyromonas,1,4790
"[2724.0185185185182, 440.80555555555554]",Streptococcus,1,4791
"[2722.7894736842104, 543.3894736842105]",Actinomyces,1,4792
"[2724.1046511627906, 719.7151162790698]",Leptotrichia,1,4793
"[2722.56, 1049.6]",Leptotrichia,1,4794
"[2723.451612903226, 1186.6881720430108]",Streptococcus,1,4795
"[2730.11961722488, 1684.9234449760766]",Rothia,1,4796
"[2724.1666666666665, 352.7888888888889]",Rothia,1,4797
"[2725.1492537313434, 568.8507462686567]",Leptotrichia,1,4798
"[2723.4310344827586, 1395.2758620689656]",Porphyromonas,1,4800
"[2723.5098039215686, 1490.862745098039]",Porphyromonas,1,4801
"[2724.7610619469024, 1506.6017699115043]",Porphyromonas,1,4802
"[2723.064935064935, 233.76623376623377]",Leptotrichia,1,4803
"[2724.9186046511627, 303.2325581395349]",Leptotrichia,1,4804
"[2725.657894736842, 878.2894736842105]",Streptococcus,1,4805
"[2726.440476190476, 906.1071428571429]",Prevotella,1,4806
"[2722.7799999999997, 1262.68]",Streptococcus,1,4807
"[2725.559633027523, 1292.605504587156]",Streptococcus,1,4808
"[2725.910891089109, 1418.8118811881188]",Porphyromonas,1,4809
"[2723.5409836065573, 1883.4918032786886]",Selenomonas,1,4811
"[2725.1466666666665, 1955.3466666666666]",Porphyromonas,1,4812
"[2728.9829059829062, 646.7094017094017]",Prevotella,1,4813
"[2728.9795918367345, 1011.1734693877551]",Leptotrichia,1,4814
"[2727.1573033707864, 1226.4494382022472]",Streptococcus,1,4815
"[2727.56338028169, 1591.0140845070423]",Porphyromonas,1,4816
"[2725.232558139535, 1790.2441860465117]",Prevotella,1,4818
"[2726.758333333333, 1978.9666666666667]",Leptotrichia,1,4819
"[2726.0841121495328, 75.6822429906542]",Leptotrichia,1,4820
"[2726.9489795918366, 826.3367346938776]",Leptotrichia,1,4821
"[2727.035714285714, 931.6339285714286]",Prevotella,1,4822
"[2729.5850340136053, 1214.1020408163265]",Streptococcus,1,4823
"[2729.515789473684, 1439.7894736842106]",Porphyromonas,1,4824
"[2728.1584158415844, 1525.8910891089108]",Porphyromonas,1,4825
"[2728.7848837209303, 1768.4941860465117]",Actinomyces,1,4826
"[2727.5033112582782, 1850.4701986754967]",Porphyromonas,1,4827
"[2728.906976744186, 1899.4651162790697]",Selenomonas,1,4828
"[2729.864864864865, 190.56756756756758]",Leptotrichia,1,4829
"[2728.678899082569, 412.23853211009174]",Streptococcus,1,4830
"[2727.6493506493507, 1077.8831168831168]",Leptotrichia,1,4831
"[2732.421965317919, 1174.6820809248554]",Leptotrichia,1,4832
"[2728.0, 1275.2738095238096]",Porphyromonas,1,4833
"[2730.055900621118, 1382.3105590062112]",Porphyromonas,1,4834
"[2728.1139240506327, 1637.012658227848]",Porphyromonas,1,4835
"[2729.013698630137, 699.5342465753424]",Prevotella,1,4836
"[2732.1702127659573, 1309.5035460992908]",Streptococcus,1,4838
"[2729.972972972973, 1459.4054054054054]",Porphyromonas,1,4840
"[2732.6717171717173, 270.35353535353534]",Leptotrichia,1,4841
"[2729.6521739130435, 321.6666666666667]",Leptotrichia,1,4842
"[2731.917525773196, 888.6288659793814]",Lautropia,1,4843
"[2730.7417218543046, 46.83443708609271]",Leptotrichia,1,4844
"[2732.3565891472867, 127.48062015503876]",Leptotrichia,1,4845
"[2735.115107913669, 485.9856115107914]",Streptococcus,1,4846
"[2730.80303030303, 510.5151515151515]",Prevotella,1,4847
"[2734.6617647058824, 788.9558823529412]",Prevotella,1,4848
"[2730.344262295082, 1326.0]",Porphyromonas,1,4849
"[2731.0, 1342.4155844155844]",Streptococcus,1,4850
"[2735.753926701571, 1362.130890052356]",Actinomyces,1,4851
"[2730.909090909091, 556.8939393939394]",Leptotrichia,1,4852
"[2736.3398692810456, 1884.9477124183006]",Selenomonas,1,4853
"[2734.88, 1922.69]",Streptococcus,1,4854
"[2739.897637795276, 12.236220472440944]",Leptotrichia,1,4855
"[2737.525316455696, 175.72151898734177]",Leptotrichia,1,4856
"[2733.58940397351, 223.25165562913907]",Leptotrichia,1,4857
"[2733.7862595419847, 379.63358778625957]",Streptococcus,1,4858
"[2736.6962025316457, 464.40506329113924]",Leptotrichia,1,4859
"[2734.7115384615386, 501.03846153846155]",Porphyromonas,1,4860
"[2733.171428571429, 871.1142857142858]",Prevotella,1,4861
"[2736.4774193548387, 1567.8903225806453]",Actinomyces,1,4862
"[2732.521126760563, 1604.943661971831]",Actinomyces,1,4863
"[2732.814814814815, 1718.3333333333333]",Actinomyces,1,4864
"[2732.8166666666666, 399.73333333333335]",Streptococcus,1,4865
"[2738.484375, 848.23828125]",Leptotrichia,1,4866
"[2735.1463414634145, 913.9634146341464]",Prevotella,1,4867
"[2734.0759493670885, 1064.1645569620252]",Leptotrichia,1,4868
"[2733.133333333333, 1239.9066666666668]",Porphyromonas,1,4869
"[2735.8290598290596, 1480.111111111111]",Porphyromonas,1,4870
"[2735.2383720930234, 605.9767441860465]",Prevotella,1,4871
"[2739.0939226519336, 95.8011049723757]",Leptotrichia,1,4873
"[2735.0806451612902, 628.1451612903226]",Prevotella,1,4874
"[2736.9133858267714, 657.9133858267717]",Prevotella,1,4875
"[2737.1835443037976, 678.6645569620254]",Prevotella,1,4876
"[2736.198275862069, 1620.9827586206898]",Porphyromonas,1,4877
"[2743.410788381743, 1782.1784232365146]",Prevotella,1,4878
"[2735.625, 1805.409090909091]",Prevotella,1,4879
"[2737.0581395348836, 536.9069767441861]",Actinomyces,1,4880
"[2737.757575757576, 969.1969696969697]",Fusobacterium,1,4881
"[2737.3684210526317, 1155.5657894736842]",Streptococcus,1,4882
"[2739.654676258993, 1399.7338129496402]",Porphyromonas,1,4884
"[2737.629213483146, 1736.2134831460673]",Porphyromonas,1,4885
"[2736.492307692308, 249.41538461538462]",Treponema,1,4886
"[2739.445652173913, 518.7826086956521]",Leptotrichia,1,4888
"[2736.779220779221, 578.0]",Porphyromonas,1,4889
"[2740.2100456621006, 1260.8036529680364]",Streptococcus,1,4890
"[2741.0138888888887, 1496.701388888889]",Porphyromonas,1,4891
"[2742.8709677419356, 711.8548387096774]",Prevotella,1,4892
"[2738.3846153846152, 816.1208791208791]",Prevotella,1,4893
"[2745.4333333333334, 1522.5814814814814]",Porphyromonas,1,4895
"[2743.3779527559054, 27.456692913385826]",Leptotrichia,1,4896
"[2741.4180327868853, 365.5]",Streptococcus,1,4897
"[2743.0, 558.8911564625851]",Leptotrichia,1,4898
"[2741.3863636363635, 996.0833333333334]",Leptotrichia,1,4901
"[2740.037735849057, 1049.4245283018868]",Leptotrichia,1,4902
"[2741.215189873418, 1282.9113924050632]",Actinomyces,1,4903
"[2741.316326530612, 1544.3877551020407]",Porphyromonas,1,4904
"[2742.556338028169, 154.7605633802817]",Leptotrichia,1,4905
"[2743.6602564102564, 292.5705128205128]",Leptotrichia,1,4906
"[2740.723404255319, 341.88652482269504]",Leptotrichia,1,4907
"[2740.435294117647, 446.8941176470588]",Streptococcus,1,4908
"[2745.0254777070063, 930.9363057324841]",Rothia,1,4909
"[2744.6028368794327, 948.3262411347517]",Capnocytophaga,1,4910
"[2741.220338983051, 1426.364406779661]",Porphyromonas,1,4911
"[2744.1416666666664, 1653.9333333333334]",Actinomyces,1,4912
"[2746.278911564626, 1670.1020408163265]",Actinomyces,1,4913
"[2742.125925925926, 1951.7851851851851]",Leptotrichia,1,4914
"[2740.357142857143, 76.01785714285714]",Leptotrichia,1,4915
"[2750.4438202247193, 902.814606741573]",Fusobacterium,1,4916
"[2740.277777777778, 1584.3333333333333]",Porphyromonas,1,4917
"[2741.7634408602153, 1826.2043010752689]",Prevotella,1,4918
"[2742.953642384106, 59.28476821192053]",Leptotrichia,1,4919
"[2742.3709677419356, 1143.8064516129032]",Leptotrichia,1,4920
"[2742.931506849315, 1333.6027397260275]",Streptococcus,1,4921
"[2741.818181818182, 1705.7954545454545]",Rothia,1,4922
"[2743.9453125, 1844.578125]",Porphyromonas,1,4923
"[2743.3162393162393, 1991.3504273504273]",Streptococcus,1,4924
"[2746.5165562913908, 418.9867549668874]",Leptotrichia,1,4925
"[2745.144444444444, 770.0222222222222]",Actinomyces,1,4926
"[2743.3978494623657, 1024.6344086021506]",Leptotrichia,1,4927
"[2745.7692307692305, 1079.923076923077]",Leptotrichia,1,4928
"[2744.068493150685, 1094.109589041096]",Leptotrichia,1,4929
"[2745.4615384615386, 438.54945054945057]",Streptococcus,1,4930
"[2746.5225225225226, 589.3603603603603]",Leptotrichia,1,4931
"[2746.0425531914893, 732.1276595744681]",Leptotrichia,1,4932
"[2755.811965811966, 741.3162393162393]",Actinomyces,1,4933
"[2744.5180722891564, 1204.686746987952]",Streptococcus,1,4935
"[2744.6526315789474, 1315.7684210526315]",Streptococcus,1,4936
"[2747.843971631206, 1464.6099290780141]",Rothia,1,4937
"[2749.1111111111113, 113.69047619047619]",Leptotrichia,1,4938
"[2751.836653386454, 239.58964143426294]",Leptotrichia,1,4939
"[2745.2881355932204, 308.77966101694915]",Leptotrichia,1,4940
"[2748.153846153846, 867.0096153846154]",Leptotrichia,1,4941
"[2745.394366197183, 1111.394366197183]",Leptotrichia,1,4942
"[2748.890510948905, 1443.3357664233577]",Porphyromonas,1,4943
"[2748.698717948718, 197.89102564102564]",Leptotrichia,1,4944
"[2747.1625, 526.9125]",Leptotrichia,1,4945
"[2747.6463414634145, 886.670731707317]",Lautropia,1,4946
"[2751.056074766355, 1350.3177570093458]",Streptococcus,1,4947
"[2745.063492063492, 1594.3968253968253]",Porphyromonas,1,4948
"[2751.7064220183483, 1630.5871559633028]",Porphyromonas,1,4949
"[2761.159021406728, 1687.4067278287462]",Rothia,1,4950
"[2748.25641025641, 1724.5]",Rothia,1,4951
"[2748.509259259259, 389.43518518518516]",Streptococcus,1,4952
"[2748.934426229508, 1378.467213114754]",Actinomyces,1,4954
"[2750.2611940298507, 1759.1492537313434]",Porphyromonas,1,4955
"[2748.8100558659216, 1900.7094972067039]",Leptotrichia,1,4956
"[2748.4819277108436, 633.3614457831326]",Prevotella,1,4958
"[2751.596958174905, 1230.0570342205324]",Streptococcus,1,4959
"[2750.7291666666665, 1407.1666666666667]",Porphyromonas,1,4960
"[2752.234375, 1606.1328125]",Porphyromonas,1,4961
"[2751.911111111111, 1699.9666666666667]",Rothia,1,4962
"[2748.608695652174, 1796.1884057971015]",Prevotella,1,4963
"[2750.855140186916, 1931.5420560747664]",Streptococcus,1,4964
"[2754.0866666666666, 353.73333333333335]",Streptococcus,1,4965
"[2751.7526881720432, 465.505376344086]",Leptotrichia,1,4966
"[2753.1927710843374, 1303.1084337349398]",Streptococcus,1,4967
"[2750.5128205128203, 216.30769230769232]",Leptotrichia,1,4968
"[2750.590909090909, 496.67045454545456]",Streptococcus,1,4969
"[2753.63184079602, 690.7064676616916]",Prevotella,1,4970
"[2754.9803921568628, 1031.0392156862745]",Leptotrichia,1,4971
"[2750.7394957983192, 1181.218487394958]",Porphyromonas,1,4972
"[2752.3529411764707, 1810.8235294117646]",Prevotella,1,4973
"[2753.2397260273974, 1871.4383561643835]",Porphyromonas,1,4974
"[2755.9116022099447, 321.8232044198895]",Rothia,1,4975
"[2753.5434782608695, 480.3152173913044]",Porphyromonas,1,4976
"[2754.1, 1016.34]",Leptotrichia,1,4977
"[2750.56, 1043.08]",Leptotrichia,1,4978
"[2757.007575757576, 540.469696969697]",Streptococcus,1,4979
"[2756.2045454545455, 844.3352272727273]",Lautropia,1,4980
"[2755.229357798165, 963.697247706422]",Rothia,1,4981
"[2752.8533333333335, 1151.24]",Actinomyces,1,4983
"[2754.994350282486, 790.6949152542373]",Prevotella,1,4984
"[2753.512195121951, 821.1788617886178]",Leptotrichia,1,4985
"[2760.160621761658, 975.4507772020726]",Rothia,1,4986
"[2754.3728813559323, 1128.2711864406779]",Leptotrichia,1,4987
"[2752.551282051282, 1551.0]",Porphyromonas,1,4988
"[2754.0, 1569.6610169491526]",Selenomonas,1,4989
"[2753.3870967741937, 1581.3225806451612]",Selenomonas,1,4990
"[2754.3225806451615, 1741.774193548387]",Porphyromonas,1,4991
"[2754.9491525423728, 1973.7288135593221]",Selenomonas,1,4992
"[2757.356725146199, 169.96491228070175]",Leptotrichia,1,4993
"[2762.827027027027, 375.1783783783784]",Leptotrichia,1,4994
"[2757.6832298136646, 1065.223602484472]",Leptotrichia,1,4995
"[2755.09, 1506.03]",Actinomyces,1,4996
"[2756.7758620689656, 135.70689655172413]",Leptotrichia,1,4997
"[2759.7952755905512, 1455.236220472441]",Rothia,1,4998
"[2762.418103448276, 1853.6594827586207]",Porphyromonas,1,4999
"[2755.8045977011493, 1951.5172413793102]",Leptotrichia,1,5000
"[2756.279569892473, 150.03225806451613]",Leptotrichia,1,5001
"[2758.9455782312925, 507.2312925170068]",Streptococcus,1,5004
"[2756.734939759036, 1211.9156626506024]",Prevotella,1,5005
"[2762.2301587301586, 42.68518518518518]",Leptotrichia,1,5006
"[2761.437158469945, 77.65573770491804]",Leptotrichia,1,5007
"[2759.92700729927, 448.6131386861314]",Leptotrichia,1,5008
"[2759.7891156462583, 602.6190476190476]",Actinomyces,1,5009
"[2758.0384615384614, 720.0384615384615]",Leptotrichia,1,5010
"[2757.07, 994.4]",Leptotrichia,1,5011
"[2757.5844155844156, 1328.4415584415585]",Streptococcus,1,5012
"[2762.5736434108526, 1475.8527131782946]",Rothia,1,5013
"[2757.0392156862745, 1834.450980392157]",Rothia,1,5014
"[2762.547770700637, 260.9299363057325]",Leptotrichia,1,5015
"[2758.0476190476193, 525.1269841269841]",Leptotrichia,1,5016
"[2763.2074468085107, 875.0]",Prevotella,1,5017
"[2764.2559241706163, 920.4549763033175]",Fusobacterium,1,5018
"[2760.016, 1278.752]",Porphyromonas,1,5019
"[2760.277108433735, 1429.120481927711]",Porphyromonas,1,5021
"[2758.328125, 1644.25]",Porphyromonas,1,5022
"[2761.387387387387, 11.702702702702704]",Leptotrichia,1,5023
"[2759.671875, 395.7421875]",Leptotrichia,1,5024
"[2760.507462686567, 565.3134328358209]",Leptotrichia,1,5025
"[2759.040322580645, 762.8145161290323]",Prevotella,1,5026
"[2758.5616438356165, 1195.835616438356]",Actinomyces,1,5027
"[2760.717647058824, 1256.0588235294117]",Porphyromonas,1,5028
"[2769.1632653061224, 1390.5204081632653]",Prevotella,1,5029
"[2761.808510638298, 620.4468085106383]",Prevotella,1,5030
"[2762.8990825688074, 1140.4770642201836]",Leptotrichia,1,5031
"[2759.981818181818, 1592.6909090909091]",Porphyromonas,1,5032
"[2759.99, 1709.26]",Prevotella,1,5033
"[2761.594827586207, 285.4655172413793]",Leptotrichia,1,5034
"[2768.061403508772, 801.640350877193]",Rothia,1,5035
"[2766.75, 957.2321428571429]",TM7,1,5037
"[2761.780701754386, 1116.7280701754387]",Leptotrichia,1,5038
"[2763.3295454545455, 1165.375]",Prevotella,1,5039
"[2762.721518987342, 1725.2151898734178]",Actinomyces,1,5040
"[2761.290322580645, 125.33870967741936]",Leptotrichia,1,5041
"[2771.9566929133857, 416.98425196850394]",Leptotrichia,1,5042
"[2761.32, 431.08]",Streptococcus,1,5043
"[2764.9151515151516, 669.6545454545454]",Prevotella,1,5044
"[2761.703125, 1081.296875]",Leptotrichia,1,5045
"[2770.672268907563, 1295.9453781512605]",Porphyromonas,1,5046
"[2762.9646017699115, 1410.1592920353983]",Porphyromonas,1,5048
"[2763.2028985507245, 1931.9710144927535]",Streptococcus,1,5049
"[2770.290322580645, 299.48387096774195]",Leptotrichia,1,5050
"[2767.6728395061727, 643.0555555555555]",Prevotella,1,5051
"[2763.564814814815, 1046.1203703703704]",Leptotrichia,1,5052
"[2762.6481481481483, 1540.2314814814815]",Porphyromonas,1,5053
"[2766.418181818182, 1756.1727272727273]",Porphyromonas,1,5054
"[2764.4912280701756, 225.1578947368421]",Pasteurellaceae,1,5055
"[2768.9811320754716, 555.1006289308176]",Lautropia,1,5056
"[2767.876033057851, 1105.4793388429753]",Leptotrichia,1,5057
"[2766.237113402062, 1186.278350515464]",Actinomyces,1,5058
"[2767.6813186813188, 1885.9395604395604]",Porphyromonas,1,5059
"[2766.7254901960787, 1496.3921568627452]",Porphyromonas,1,5060
"[2765.072463768116, 1555.376811594203]",Porphyromonas,1,5061
"[2766.728476821192, 206.23841059602648]",Pasteurellaceae,1,5062
"[2766.102564102564, 476.38461538461536]",Streptococcus,1,5063
"[2766.3529411764707, 1627.6470588235295]",Porphyromonas,1,5066
"[2768.785123966942, 1983.2148760330579]",Streptococcus,1,5067
"[2767.885057471264, 775.8275862068965]",Actinomyces,1,5068
"[2770.494623655914, 1799.241935483871]",Porphyromonas,1,5069
"[2774.7986111111113, 89.27083333333333]",Treponema,1,5070
"[2772.162393162393, 182.74358974358975]",Pasteurellaceae,1,5071
"[2768.0104166666665, 706.5625]",Leptotrichia,1,5072
"[2773.012195121951, 1530.8536585365853]",Rothia,1,5073
"[2770.902912621359, 1583.4563106796118]",Porphyromonas,1,5074
"[2769.31914893617, 1946.5212765957447]",Leptotrichia,1,5075
"[2769.2608695652175, 108.1195652173913]",Leptotrichia,1,5076
"[2769.1639344262294, 145.04918032786884]",Leptotrichia,1,5077
"[2770.1666666666665, 238.89285714285714]",Leptotrichia,1,5078
"[2768.373493975904, 351.68674698795184]",Streptococcus,1,5079
"[2769.860655737705, 581.2540983606557]",Leptotrichia,1,5080
"[2770.4770642201834, 825.2385321100918]",Prevotella,1,5081
"[2768.6486486486488, 1009.2837837837837]",Leptotrichia,1,5082
"[2769.5, 1088.703125]",Leptotrichia,1,5084
"[2770.7945205479455, 1341.9041095890411]",Streptococcus,1,5085
"[2772.369230769231, 1360.8538461538462]",Leptotrichia,1,5086
"[2768.4150943396226, 1595.7735849056603]",Porphyromonas,1,5088
"[2773.19696969697, 1778.7424242424242]",Porphyromonas,1,5089
"[2771.1495327102803, 1909.6261682242991]",Porphyromonas,1,5090
"[2776.0337078651687, 461.70786516853934]",Streptococcus,1,5091
"[2770.828025477707, 1320.5859872611466]",Leptotrichia,1,5094
"[2776.0, 1414.3257575757575]",Porphyromonas,1,5095
"[2771.573529411765, 1636.485294117647]",Porphyromonas,1,5096
"[2770.181818181818, 1962.2626262626263]",Capnocytophaga,1,5097
"[2775.767955801105, 1711.011049723757]",Rothia,1,5098
"[2782.814814814815, 1924.9938271604938]",Porphyromonas,1,5099
"[2775.152, 217.504]",Pasteurellaceae,1,5100
"[2773.025974025974, 856.0519480519481]",Prevotella,1,5101
"[2773.4930555555557, 1199.701388888889]",Actinomyces,1,5102
"[2773.132530120482, 1265.7469879518073]",Porphyromonas,1,5103
"[2774.705128205128, 1375.6410256410256]",Streptococcus,1,5104
"[2773.21875, 1871.609375]",Fusobacterium,1,5106
"[2783.0102040816328, 195.5765306122449]",Corynebacterium,1,5107
"[2773.027027027027, 273.27027027027026]",Leptotrichia,1,5108
"[2774.0675675675675, 341.94594594594594]",Leptotrichia,1,5109
"[2773.6862745098038, 628.7058823529412]",Lautropia,1,5110
"[2772.507692307692, 905.0307692307692]",TM7,1,5111
"[2775.6666666666665, 1249.3111111111111]",Streptococcus,1,5113
"[2773.71, 1444.13]",Porphyromonas,1,5114
"[2782.1481481481483, 1739.3280423280423]",Prevotella,1,5115
"[2774.483146067416, 1840.1685393258426]",Actinomyces,1,5116
"[2773.734375, 1995.890625]",Prevotella,1,5117
"[2774.9807692307695, 491.49038461538464]",Leptotrichia,1,5118
"[2775.463157894737, 889.1052631578947]",Actinomyces,1,5119
"[2774.065573770492, 994.1967213114754]",Leptotrichia,1,5120
"[2776.5222222222224, 1068.8944444444444]",Leptotrichia,1,5121
"[2777.103896103896, 1223.4242424242425]",Porphyromonas,1,5122
"[2776.712, 121.152]",Leptotrichia,1,5123
"[2777.644859813084, 397.0934579439252]",Leptotrichia,1,5125
"[2775.5, 434.63461538461536]",Leptotrichia,1,5126
"[2778.757575757576, 843.7045454545455]",Prevotella,1,5127
"[2776.0, 947.3934426229508]",Corynebacterium,1,5128
"[2775.465909090909, 1483.1022727272727]",Porphyromonas,1,5130
"[2776.176470588235, 1518.8676470588234]",Fusobacterium,1,5131
"[2780.816216216216, 1615.7621621621622]",Porphyromonas,1,5132
"[2778.6363636363635, 65.05594405594405]",Leptotrichia,1,5133
"[2779.345794392523, 307.8224299065421]",Leptotrichia,1,5135
"[2777.353982300885, 519.5309734513274]",Leptotrichia,1,5136
"[2777.0533333333333, 723.8533333333334]",Leptotrichia,1,5138
"[2780.320610687023, 787.9389312977099]",Prevotella,1,5139
"[2784.338403041825, 1047.1749049429657]",Leptotrichia,1,5140
"[2776.9814814814818, 1548.0]",Rothia,1,5141
"[2783.7236180904524, 1674.8090452261306]",Rothia,1,5142
"[2785.286432160804, 13.442211055276381]",Leptotrichia,1,5143
"[2778.823529411765, 534.3764705882353]",Leptotrichia,1,5145
"[2777.638095238095, 1143.8380952380953]",Prevotella,1,5147
"[2779.6693548387098, 1176.266129032258]",Prevotella,1,5148
"[2778.701923076923, 1822.7211538461538]",Prevotella,1,5149
"[2783.2297297297296, 230.77027027027026]",Leptotrichia,1,5150
"[2784.225165562914, 1277.5562913907286]",Actinomyces,1,5151
"[2779.3924050632913, 1932.3544303797469]",Selenomonas,1,5152
"[2784.1079545454545, 326.46022727272725]",Leptotrichia,1,5153
"[2779.2, 764.7714285714286]",Leptotrichia,1,5154
"[2779.387755102041, 1459.5816326530612]",Streptococcus,1,5155
"[2784.5829145728644, 1760.4020100502512]",Porphyromonas,1,5156
"[2780.89552238806, 48.73134328358209]",Leptotrichia,1,5157
"[2780.6060606060605, 597.0]",Leptotrichia,1,5158
"[2782.385185185185, 751.4666666666667]",Leptotrichia,1,5159
"[2783.2164179104475, 814.9402985074627]",Prevotella,1,5160
"[2780.2153846153847, 1026.0307692307692]",Leptotrichia,1,5161
"[2779.785714285714, 1507.25]",Porphyromonas,1,5163
"[2793.0330578512394, 1719.7438016528927]",Porphyromonas,1,5164
"[2791.578947368421, 1851.0473684210526]",Porphyromonas,1,5165
"[2784.0408163265306, 362.2857142857143]",Leptotrichia,1,5167
"[2781.5, 384.5925925925926]",Leptotrichia,1,5168
"[2780.6133333333332, 735.72]",Leptotrichia,1,5170
"[2784.343434343434, 959.010101010101]",Corynebacterium,1,5171
"[2782.4867256637167, 1009.2389380530974]",Leptotrichia,1,5172
"[2782.0, 165.22]",Leptotrichia,1,5173
"[2782.8404255319147, 698.2021276595744]",Lautropia,1,5174
"[2787.122448979592, 907.1224489795918]",Corynebacterium,1,5175
"[2785.205128205128, 985.5384615384615]",Pasteurellaceae,1,5176
"[2789.5590909090906, 1655.4681818181818]",Streptococcus,1,5177
"[2787.7339449541287, 1776.7522935779816]",Porphyromonas,1,5178
"[2784.0759493670885, 1793.873417721519]",Porphyromonas,1,5179
"[2786.927152317881, 29.370860927152318]",Leptotrichia,1,5180
"[2789.151515151515, 259.80808080808083]",Leptotrichia,1,5181
"[2782.4528301886794, 628.622641509434]",Actinomyces,1,5182
"[2784.0761904761903, 1096.152380952381]",Leptotrichia,1,5183
"[2786.2254901960787, 1476.9019607843138]",Porphyromonas,1,5184
"[2790.00518134715, 1571.419689119171]",Rothia,1,5186
"[2788.5247524752476, 130.20792079207922]",Leptotrichia,1,5187
"[2785.3614457831327, 572.2530120481928]",Leptotrichia,1,5188
"[2786.413043478261, 612.6521739130435]",Leptotrichia,1,5189
"[2789.522727272727, 876.7348484848485]",Rothia,1,5190
"[2784.714285714286, 934.6836734693877]",Pasteurellaceae,1,5191
"[2789.123076923077, 973.0538461538462]",TM7,1,5192
"[2783.2075471698113, 1883.3584905660377]",Rothia,1,5193
"[2785.29, 1958.88]",Leptotrichia,1,5194
"[2788.1111111111113, 426.72222222222223]",Streptococcus,1,5195
"[2787.3137254901962, 706.5098039215686]",Leptotrichia,1,5196
"[2788.915254237288, 1131.3389830508474]",Lautropia,1,5197
"[2788.5811965811963, 1629.3589743589744]",Porphyromonas,1,5198
"[2786.7972972972975, 1942.6216216216217]",Porphyromonas,1,5199
"[2787.272727272727, 1985.4265734265734]",Leptotrichia,1,5200
"[2791.3333333333335, 477.02298850574715]",Leptotrichia,1,5201
"[2788.1083333333336, 499.2916666666667]",Leptotrichia,1,5202
"[2787.2065217391305, 641.5652173913044]",Prevotella,1,5203
"[2791.7704918032787, 1434.622950819672]",Porphyromonas,1,5205
"[2789.5642857142857, 150.04285714285714]",Leptotrichia,1,5207
"[2790.2, 1114.2486486486487]",Leptotrichia,1,5208
"[2792.94708994709, 1167.8042328042327]",Prevotella,1,5209
"[2788.211111111111, 1238.388888888889]",Porphyromonas,1,5210
"[2788.7083333333335, 1327.4]",Streptococcus,1,5211
"[2791.4076923076923, 1868.2153846153847]",Actinomyces,1,5212
"[2791.340206185567, 669.1443298969073]",Prevotella,1,5213
"[2795.3676470588234, 1080.3382352941176]",Leptotrichia,1,5215
"[2788.178082191781, 1354.8219178082193]",Streptococcus,1,5216
"[2794.044943820225, 1401.8932584269662]",Prevotella,1,5217
"[2790.008474576271, 1530.0]",Porphyromonas,1,5218
"[2789.549295774648, 242.88732394366198]",Leptotrichia,1,5219
"[2793.1735537190084, 561.7933884297521]",Leptotrichia,1,5220
"[2788.867469879518, 795.5301204819277]",Leptotrichia,1,5221
"[2790.7014925373132, 1311.5074626865671]",Streptococcus,1,5224
"[2789.8245614035086, 1381.3684210526317]",Porphyromonas,1,5225
"[2788.908163265306, 1697.3367346938776]",Prevotella,1,5226
"[2789.985507246377, 179.8695652173913]",TM7,1,5227
"[2793.1, 276.68]",Leptotrichia,1,5228
"[2791.29, 400.76]",Leptotrichia,1,5229
"[2792.324786324786, 544.3418803418804]",Streptococcus,1,5230
"[2793.9636363636364, 770.8727272727273]",Prevotella,1,5231
"[2789.846153846154, 1258.326923076923]",Actinomyces,1,5232
"[2795.561797752809, 1511.3932584269662]",Porphyromonas,1,5234
"[2790.2763157894738, 1552.5394736842106]",Rothia,1,5235
"[2801.551282051282, 378.22115384615387]",Leptotrichia,1,5237
"[2792.9897959183672, 1223.2142857142858]",Porphyromonas,1,5238
"[2791.427272727273, 1589.8090909090909]",Rothia,1,5239
"[2797.4477611940297, 1888.6641791044776]",Porphyromonas,1,5240
"[2792.3454545454547, 45.21818181818182]",Leptotrichia,1,5241
"[2792.6530612244896, 101.58163265306122]",Leptotrichia,1,5242
"[2794.3979591836733, 650.5204081632653]",Prevotella,1,5243
"[2795.161616161616, 831.10101010101]",Prevotella,1,5244
"[2795.5714285714284, 1028.5857142857142]",Leptotrichia,1,5245
"[2794.456953642384, 1188.1456953642385]",Porphyromonas,1,5246
"[2793.259259259259, 1248.962962962963]",Porphyromonas,1,5247
"[2797.205128205128, 445.0974358974359]",Actinomyces,1,5249
"[2792.6271186440677, 529.4237288135594]",Streptococcus,1,5250
"[2800.6230366492146, 1289.3769633507854]",Porphyromonas,1,5251
"[2797.0666666666666, 1346.8380952380953]",Streptococcus,1,5252
"[2796.318181818182, 1370.5454545454545]",Streptococcus,1,5253
"[2792.2, 1448.5636363636363]",Porphyromonas,1,5254
"[2793.078125, 595.78125]",Leptotrichia,1,5256
"[2796.7441860465115, 859.7674418604652]",Prevotella,1,5257
"[2794.4266666666667, 169.57333333333332]",TM7,1,5258
"[2798.5472972972975, 409.9864864864865]",Leptotrichia,1,5259
"[2800.5625, 608.15625]",Leptotrichia,1,5260
"[2795.18, 889.66]",Pasteurellaceae,1,5261
"[2794.7166666666667, 1461.8666666666666]",Leptotrichia,1,5262
"[2802.0, 1966.9268292682927]",Porphyromonas,1,5263
"[2796.6875, 115.328125]",Leptotrichia,1,5264
"[2796.6744186046512, 294.01162790697674]",Leptotrichia,1,5265
"[2802.61, 347.195]",Leptotrichia,1,5266
"[2796.8118811881186, 1817.049504950495]",Porphyromonas,1,5267
"[2798.3333333333335, 61.32183908045977]",Leptotrichia,1,5268
"[2797.597402597403, 1148.155844155844]",Prevotella,1,5270
"[2799.0333333333333, 1308.6333333333334]",Streptococcus,1,5271
"[2801.6894409937886, 1795.0062111801242]",Porphyromonas,1,5272
"[2797.78021978022, 1908.3076923076924]",Rothia,1,5273
"[2799.1011235955057, 77.34831460674157]",Treponema,1,5274
"[2801.9432624113474, 579.1418439716313]",Leptotrichia,1,5275
"[2801.21, 713.25]",Leptotrichia,1,5276
"[2798.011111111111, 744.0333333333333]",Leptotrichia,1,5277
"[2801.6694214876034, 947.5041322314049]",Pasteurellaceae,1,5278
"[2800.556603773585, 211.26415094339623]",Pasteurellaceae,1,5279
"[2802.0049751243782, 921.9402985074627]",TM7,1,5280
"[2800.2027027027025, 1215.162162162162]",Porphyromonas,1,5282
"[2802.413223140496, 1610.1487603305786]",Porphyromonas,1,5283
"[2806.0, 1749.4964028776978]",Actinomyces,1,5284
"[2800.1075268817203, 1833.1935483870968]",Actinomyces,1,5285
"[2800.936507936508, 86.25396825396825]",Pasteurellaceae,1,5287
"[2800.777777777778, 758.6481481481482]",Leptotrichia,1,5289
"[2803.740740740741, 1919.351851851852]",Selenomonas,1,5292
"[2801.4857142857145, 189.97142857142856]",Corynebacterium,1,5293
"[2804.7280701754385, 330.780701754386]",Lautropia,1,5294
"[2800.793103448276, 784.4310344827586]",Lautropia,1,5295
"[2805.4158415841584, 969.6831683168317]",Pasteurellaceae,1,5296
"[2802.1632653061224, 1544.2585034013605]",Actinomyces,1,5297
"[2801.2881355932204, 1628.8813559322034]",Porphyromonas,1,5298
"[2808.92039800995, 1952.3930348258707]",Porphyromonas,1,5299
"[2809.9429824561403, 730.0482456140351]",Leptotrichia,1,5300
"[2803.6063829787236, 809.2872340425532]",Leptotrichia,1,5301
"[2802.725, 840.825]",Prevotella,1,5302
"[2805.181818181818, 959.5113636363636]",TM7,1,5303
"[2803.212598425197, 1263.1574803149606]",Porphyromonas,1,5304
"[2804.989847715736, 1473.6142131979695]",Streptococcus,1,5305
"[2806.8050847457625, 1496.8474576271187]",Porphyromonas,1,5306
"[2804.9560439560437, 635.7472527472528]",Lautropia,1,5307
"[2803.7547169811323, 679.4150943396227]",Actinomyces,1,5308
"[2804.075, 695.6625]",Prevotella,1,5309
"[2808.6296296296296, 1454.20987654321]",Porphyromonas,1,5310
"[2805.806818181818, 987.0113636363636]",Leptotrichia,1,5312
"[2805.8676470588234, 1423.6323529411766]",Streptococcus,1,5314
"[2814.6899563318775, 54.8646288209607]",Treponema,1,5316
"[2807.270588235294, 104.14117647058823]",Leptotrichia,1,5317
"[2805.580952380952, 139.7904761904762]",Leptotrichia,1,5318
"[2805.9333333333334, 288.0933333333333]",Pasteurellaceae,1,5319
"[2806.2, 1106.55]",Leptotrichia,1,5320
"[2810.686046511628, 1359.3255813953488]",Streptococcus,1,5321
"[2805.9868421052633, 1384.657894736842]",Streptococcus,1,5322
"[2804.6588235294116, 1735.4823529411765]",Porphyromonas,1,5324
"[2809.150442477876, 1933.0353982300885]",Fusobacterium,1,5325
"[2805.657142857143, 1985.8380952380953]",Porphyromonas,1,5326
"[2811.8076923076924, 181.42948717948718]",Corynebacterium,1,5327
"[2808.7377049180327, 526.0]",Leptotrichia,1,5328
"[2808.4135338345864, 559.0827067669173]",Leptotrichia,1,5330
"[2806.8039215686276, 1125.813725490196]",Leptotrichia,1,5331
"[2811.2368421052633, 1245.421052631579]",Actinomyces,1,5332
"[2808.182608695652, 1589.1652173913044]",Actinomyces,1,5333
"[2807.5839416058393, 888.3284671532847]",Corynebacterium,1,5334
"[2812.2694610778444, 1052.1437125748503]",Leptotrichia,1,5335
"[2810.183673469388, 1195.5816326530612]",Actinomyces,1,5336
"[2806.651515151515, 1319.1666666666667]",Streptococcus,1,5338
"[2810.5079365079364, 1765.3968253968253]",Porphyromonas,1,5339
"[2813.6, 1841.6903225806452]",Porphyromonas,1,5340
"[2808.9298245614036, 68.3859649122807]",Pasteurellaceae,1,5341
"[2809.0576923076924, 481.78846153846155]",Leptotrichia,1,5342
"[2809.7179487179487, 866.474358974359]",Leptotrichia,1,5343
"[2811.089430894309, 1144.5528455284552]",Actinomyces,1,5345
"[2812.8492063492063, 1623.452380952381]",Porphyromonas,1,5346
"[2810.6833333333334, 1642.3416666666667]",Actinomyces,1,5347
"[2810.173469387755, 247.6326530612245]",Leptotrichia,1,5348
"[2812.5833333333335, 1091.9015151515152]",Leptotrichia,1,5349
"[2810.84, 80.88]",Pasteurellaceae,1,5350
"[2813.990990990991, 118.71171171171171]",Leptotrichia,1,5351
"[2810.5, 156.80208333333334]",Leptotrichia,1,5352
"[2810.409638554217, 903.4819277108434]",Capnocytophaga,1,5353
"[2810.3898305084745, 1071.0169491525423]",Leptotrichia,1,5354
"[2813.141592920354, 1395.9380530973451]",Actinomyces,1,5355
"[2813.2835820895525, 1667.910447761194]",Streptococcus,1,5356
"[2812.318181818182, 268.57575757575756]",Leptotrichia,1,5357
"[2811.5, 300.53225806451616]",Pasteurellaceae,1,5358
"[2817.656976744186, 1904.9418604651162]",Neisseriaceae,1,5359
"[2811.457142857143, 33.91428571428571]",Leptotrichia,1,5360
"[2812.593220338983, 599.6440677966102]",Leptotrichia,1,5361
"[2814.096153846154, 858.8173076923077]",Prevotella,1,5362
"[2812.8469387755104, 1020.765306122449]",Leptotrichia,1,5364
"[2818.5234042553193, 1275.9914893617022]",Actinomyces,1,5365
"[2812.9016393442625, 1872.4262295081967]",Selenomonas,1,5367
"[2817.205128205128, 13.188034188034187]",Streptococcus,1,5368
"[2815.330357142857, 432.9017857142857]",Prevotella,1,5369
"[2812.5254237288136, 825.8983050847457]",Prevotella,1,5370
"[2816.780303030303, 996.5833333333334]",Leptotrichia,1,5371
"[2814.7734375, 1181.2421875]",Porphyromonas,1,5372
"[2816.2929292929293, 1414.171717171717]",Streptococcus,1,5373
"[2812.6153846153848, 1483.8846153846155]",Streptococcus,1,5374
"[2815.3237410071943, 1515.589928057554]",Porphyromonas,1,5375
"[2817.887931034483, 1714.5431034482758]",Porphyromonas,1,5376
"[2815.6236559139784, 1809.752688172043]",Rothia,1,5377
"[2812.75, 1994.8235294117646]",Porphyromonas,1,5378
"[2822.448484848485, 163.86666666666667]",Corynebacterium,1,5379
"[2816.1964285714284, 204.32142857142858]",Leptotrichia,1,5380
"[2814.4032258064517, 449.0967741935484]",Leptotrichia,1,5381
"[2814.6911764705883, 586.5882352941177]",Leptotrichia,1,5382
"[2823.1881188118814, 646.8415841584158]",Leptotrichia,1,5383
"[2816.4836065573772, 749.6311475409836]",Leptotrichia,1,5384
"[2813.6101694915255, 764.5084745762712]",Prevotella,1,5385
"[2813.628205128205, 776.2179487179487]",Leptotrichia,1,5386
"[2815.641304347826, 1219.4130434782608]",Porphyromonas,1,5388
"[2814.037735849057, 1543.3207547169811]",Fusobacterium,1,5389
"[2822.138392857143, 617.8973214285714]",Leptotrichia,1,5391
"[2818.986301369863, 677.986301369863]",Prevotella,1,5392
"[2814.962264150943, 703.7169811320755]",Leptotrichia,1,5393
"[2818.526785714286, 1152.125]",Prevotella,1,5394
"[2815.5555555555557, 1530.4259259259259]",Actinomyces,1,5395
"[2817.8413793103446, 1566.0689655172414]",Porphyromonas,1,5396
"[2819.4827586206898, 1692.9310344827586]",Porphyromonas,1,5397
"[2816.5, 91.66071428571429]",Selenomonas,1,5398
"[2818.106796116505, 225.0873786407767]",Leptotrichia,1,5399
"[2822.027027027027, 310.6418918918919]",Pasteurellaceae,1,5400
"[2817.7738095238096, 496.1904761904762]",Leptotrichia,1,5401
"[2818.0131578947367, 1308.717105263158]",Porphyromonas,1,5402
"[2815.779220779221, 1782.5584415584415]",Porphyromonas,1,5403
"[2818.735632183908, 820.7241379310345]",Prevotella,1,5404
"[2818.8934426229507, 839.7704918032787]",Prevotella,1,5405
"[2821.46835443038, 1038.0189873417721]",Leptotrichia,1,5406
"[2818.857142857143, 1234.7619047619048]",Porphyromonas,1,5407
"[2819.8728813559323, 390.10169491525426]",Fusobacterium,1,5408
"[2820.3238095238094, 466.03809523809525]",Leptotrichia,1,5409
"[2820.016, 544.12]",Leptotrichia,1,5410
"[2818.0535714285716, 293.23214285714283]",Pasteurellaceae,1,5411
"[2826.345744680851, 917.2765957446809]",Lautropia,1,5412
"[2825.3169014084506, 1168.3239436619717]",Actinomyces,1,5413
"[2822.734375, 1367.015625]",Leptotrichia,1,5414
"[2821.1923076923076, 1606.423076923077]",Actinomyces,1,5415
"[2818.7164179104475, 1889.7761194029852]",Capnocytophaga,1,5416
"[2819.716049382716, 1977.0246913580247]",Porphyromonas,1,5417
"[2822.217391304348, 514.5304347826087]",Leptotrichia,1,5418
"[2822.8432835820895, 1541.3507462686566]",Fusobacterium,1,5420
"[2824.190082644628, 353.2809917355372]",Leptotrichia,1,5421
"[2826.735, 938.96]",Rothia,1,5422
"[2823.278260869565, 1076.6173913043478]",Leptotrichia,1,5423
"[2822.54, 1301.5]",Actinomyces,1,5424
"[2822.0887096774195, 1334.6209677419354]",Actinomyces,1,5425
"[2821.3333333333335, 1483.9130434782608]",Streptococcus,1,5426
"[2826.535, 262.855]",Leptotrichia,1,5427
"[2828.31843575419, 330.0670391061453]",Corynebacterium,1,5428
"[2823.6962025316457, 691.8481012658228]",Leptotrichia,1,5429
"[2822.3, 979.0875]",Leptotrichia,1,5430
"[2829.693467336683, 1386.7989949748744]",Streptococcus,1,5431
"[2822.720930232558, 1448.046511627907]",Porphyromonas,1,5432
"[2823.1403508771928, 41.43859649122807]",Streptococcus,1,5434
"[2826.6296296296296, 77.44444444444444]",Treponema,1,5435
"[2826.4433497536947, 139.35467980295567]",Capnocytophaga,1,5436
"[2831.0756756756755, 242.16216216216216]",Leptotrichia,1,5437
"[2824.2651515151515, 961.219696969697]",Leptotrichia,1,5438
"[2824.709677419355, 1119.7677419354839]",Actinomyces,1,5439
"[2823.08, 1459.74]",Porphyromonas,1,5440
"[2823.523076923077, 1646.3846153846155]",Actinomyces,1,5441
"[2825.735849056604, 1727.3584905660377]",Porphyromonas,1,5442
"[2826.689655172414, 67.98275862068965]",Treponema,1,5443
"[2824.1875, 895.3375]",Leptotrichia,1,5444
"[2825.142857142857, 1008.5119047619048]",Leptotrichia,1,5445
"[2834.3540856031127, 1747.8443579766538]",Porphyromonas,1,5447
"[2825.918181818182, 1764.8181818181818]",Porphyromonas,1,5448
"[2827.09022556391, 1852.766917293233]",Porphyromonas,1,5449
"[2825.723404255319, 1872.840425531915]",Selenomonas,1,5450
"[2832.7816091954023, 31.95977011494253]",Treponema,1,5451
"[2827.94262295082, 564.7049180327868]",Leptotrichia,1,5453
"[2825.974683544304, 768.253164556962]",Lautropia,1,5454
"[2826.653846153846, 872.6410256410256]",Leptotrichia,1,5457
"[2831.530612244898, 1212.2448979591836]",Actinomyces,1,5458
"[2827.891304347826, 1258.2934782608695]",Porphyromonas,1,5459
"[2828.042253521127, 1497.6338028169014]",Porphyromonas,1,5460
"[2829.965714285714, 1933.96]",Actinomyces,1,5461
"[2827.64, 202.56]",Leptotrichia,1,5462
"[2829.5119047619046, 547.8571428571429]",Streptococcus,1,5463
"[2831.365517241379, 582.2896551724137]",Leptotrichia,1,5464
"[2827.991304347826, 799.2695652173913]",Prevotella,1,5467
"[2830.377358490566, 1573.9245283018868]",Porphyromonas,1,5468
"[2828.3846153846152, 1712.2884615384614]",Porphyromonas,1,5469
"[2827.8035714285716, 1830.6607142857142]",Rothia,1,5470
"[2827.840579710145, 1995.5217391304348]",Treponema,1,5471
"[2827.923076923077, 114.63076923076923]",Leptotrichia,1,5472
"[2828.9333333333334, 400.8814814814815]",Prevotella,1,5473
"[2831.7, 447.2952380952381]",Leptotrichia,1,5474
"[2829.830188679245, 483.47169811320754]",Leptotrichia,1,5475
"[2840.4545454545455, 523.6017316017316]",Leptotrichia,1,5476
"[2829.3736263736264, 630.8351648351648]",Leptotrichia,1,5477
"[2829.185185185185, 660.6666666666666]",Leptotrichia,1,5478
"[2831.690058479532, 1293.8713450292398]",Porphyromonas,1,5479
"[2828.7702702702704, 1621.054054054054]",Prevotella,1,5480
"[2828.0555555555557, 1783.361111111111]",Porphyromonas,1,5481
"[2827.9191176470586, 1956.3455882352941]",Prevotella,1,5482
"[2830.1470588235293, 1554.764705882353]",Selenomonas,1,5483
"[2833.0, 1633.9809523809524]",Porphyromonas,1,5484
"[2828.818181818182, 1795.4805194805194]",Selenomonas,1,5485
"[2835.7106918238997, 13.119496855345911]",Treponema,1,5486
"[2829.7297297297296, 224.95945945945945]",Leptotrichia,1,5487
"[2828.9803921568628, 289.3333333333333]",Corynebacterium,1,5488
"[2832.922480620155, 717.7829457364342]",Leptotrichia,1,5489
"[2838.4430894308944, 854.7642276422764]",Leptotrichia,1,5490
"[2836.0493827160494, 1510.5555555555557]",Porphyromonas,1,5491
"[2834.3852459016393, 101.88524590163935]",Leptotrichia,1,5492
"[2830.7200000000003, 362.84]",Treponema,1,5493
"[2830.5223880597014, 828.7313432835821]",Rothia,1,5494
"[2831.925925925926, 1320.358024691358]",Streptococcus,1,5496
"[2833.779661016949, 1407.1016949152543]",Leptotrichia,1,5497
"[2838.572972972973, 1429.5891891891893]",Streptococcus,1,5498
"[2835.8315217391305, 1668.4728260869565]",Porphyromonas,1,5499
"[2834.7263157894736, 1685.7894736842106]",Porphyromonas,1,5500
"[2836.679389312977, 176.46564885496184]",Corynebacterium,1,5501
"[2833.62, 384.22]",Selenomonas,1,5502
"[2833.222222222222, 428.30555555555554]",Lautropia,1,5503
"[2834.1171171171172, 743.3783783783783]",Prevotella,1,5504
"[2835.863157894737, 1138.2684210526315]",Actinomyces,1,5505
"[2837.4790419161677, 1239.814371257485]",Actinomyces,1,5506
"[2834.823529411765, 1485.3235294117646]",Streptococcus,1,5507
"[2833.948275862069, 1587.3103448275863]",Rothia,1,5509
"[2835.6463414634145, 1736.2926829268292]",Selenomonas,1,5510
"[2834.340206185567, 469.2371134020619]",Leptotrichia,1,5511
"[2836.2065217391305, 1068.3695652173913]",Leptotrichia,1,5512
"[2834.7181818181816, 1100.081818181818]",Actinomyces,1,5513
"[2835.716814159292, 1972.796460176991]",Leptotrichia,1,5514
"[2836.027027027027, 53.32432432432432]",Streptococcus,1,5515
"[2836.344827586207, 989.4252873563219]",Leptotrichia,1,5517
"[2837.076923076923, 1199.6615384615384]",Actinomyces,1,5518
"[2833.764705882353, 1544.8235294117646]",Selenomonas,1,5519
"[2835.595238095238, 1821.4404761904761]",Prevotella,1,5520
"[2837.6111111111113, 1875.0]",Selenomonas,1,5521
"[2842.0285714285715, 261.22857142857146]",Pasteurellaceae,1,5522
"[2837.53125, 678.6770833333334]",Leptotrichia,1,5523
"[2837.7684210526313, 696.6315789473684]",Leptotrichia,1,5524
"[2836.6875, 789.546875]",Rothia,1,5525
"[2837.95, 817.125]",Prevotella,1,5526
"[2840.1652892561983, 972.9173553719008]",Leptotrichia,1,5527
"[2837.082644628099, 1010.9173553719008]",Leptotrichia,1,5528
"[2843.134831460674, 1716.7865168539327]",Porphyromonas,1,5529
"[2837.2708333333335, 1893.875]",Porphyromonas,1,5530
"[2836.9710144927535, 311.0]",Corynebacterium,1,5531
"[2838.5106382978724, 495.52127659574467]",Leptotrichia,1,5532
"[2839.7462686567164, 1606.4402985074628]",Prevotella,1,5533
"[2839.4174757281553, 197.36893203883494]",Leptotrichia,1,5534
"[2840.5849056603774, 375.89622641509436]",Corynebacterium,1,5535
"[2843.873417721519, 664.1075949367089]",Leptotrichia,1,5536
"[2843.462809917355, 1222.2561983471073]",Actinomyces,1,5537
"[2841.05, 1365.3083333333334]",Streptococcus,1,5538
"[2839.3440366972477, 1460.0825688073394]",Streptococcus,1,5539
"[2838.7128712871286, 1917.1881188118812]",Porphyromonas,1,5541
"[2838.457142857143, 286.24285714285713]",Pasteurellaceae,1,5542
"[2845.3714285714286, 422.82142857142856]",Leptotrichia,1,5543
"[2843.515873015873, 538.7936507936508]",Leptotrichia,1,5544
"[2839.7619047619046, 957.3142857142857]",Leptotrichia,1,5545
"[2845.528409090909, 1181.5113636363637]",Actinomyces,1,5546
"[2843.8658536585367, 1534.9024390243903]",Porphyromonas,1,5547
"[2843.5405405405404, 166.86486486486487]",Corynebacterium,1,5548
"[2840.6666666666665, 213.71264367816093]",Leptotrichia,1,5549
"[2842.8425196850394, 1045.6377952755906]",Prevotella,1,5550
"[2840.0, 1116.121951219512]",Actinomyces,1,5551
"[2842.1716417910447, 1156.8507462686566]",Actinomyces,1,5552
"[2842.1976744186045, 149.24418604651163]",Corynebacterium,1,5553
"[2841.031746031746, 507.55555555555554]",Leptotrichia,1,5554
"[2844.142857142857, 594.0601503759399]",Leptotrichia,1,5555
"[2847.303703703704, 706.8888888888889]",Leptotrichia,1,5556
"[2845.304054054054, 876.222972972973]",Rothia,1,5557
"[2844.347107438017, 1343.5123966942149]",Porphyromonas,1,5558
"[2840.521739130435, 1645.5072463768115]",Porphyromonas,1,5559
"[2846.744565217391, 1764.483695652174]",Porphyromonas,1,5560
"[2844.6457399103138, 1804.206278026906]",Fusobacterium,1,5561
"[2842.0, 763.719298245614]",Leptotrichia,1,5562
"[2842.530303030303, 776.8787878787879]",Rothia,1,5563
"[2842.7702702702704, 1056.0405405405406]",Prevotella,1,5564
"[2841.8, 1782.44]",Porphyromonas,1,5565
"[2842.50641025641, 1839.8397435897436]",Actinomyces,1,5566
"[2842.846153846154, 1951.021978021978]",Porphyromonas,1,5567
"[2846.4072398190046, 1987.5565610859728]",TM7,1,5568
"[2844.344827586207, 610.4597701149426]",Leptotrichia,1,5571
"[2845.122641509434, 1029.0566037735848]",Prevotella,1,5573
"[2845.9757575757576, 122.0969696969697]",Leptotrichia,1,5575
"[2846.195804195804, 558.2727272727273]",Leptotrichia,1,5576
"[2844.65, 808.84]",Rothia,1,5577
"[2844.5811965811963, 899.3247863247864]",Rothia,1,5578
"[2844.8082191780823, 1272.6027397260275]",Actinomyces,1,5579
"[2846.7697368421054, 1868.7763157894738]",Corynebacterium,1,5580
"[2846.548387096774, 1083.8870967741937]",Actinomyces,1,5581
"[2852.0792951541853, 1626.9295154185022]",Porphyromonas,1,5582
"[2849.7524752475247, 335.2178217821782]",Corynebacterium,1,5583
"[2853.791390728477, 1581.6688741721855]",Porphyromonas,1,5585
"[2848.772727272727, 1689.5181818181818]",Selenomonas,1,5586
"[2847.528925619835, 238.37190082644628]",Leptotrichia,1,5588
"[2851.2076923076925, 462.32307692307694]",Leptotrichia,1,5589
"[2850.5872576177285, 1311.5124653739613]",Porphyromonas,1,5591
"[2849.142857142857, 1386.0389610389611]",Streptococcus,1,5592
"[2848.7125, 1399.7]",Streptococcus,1,5593
"[2848.4375, 1442.1625]",Streptococcus,1,5594
"[2852.2984293193717, 219.17277486910996]",Leptotrichia,1,5595
"[2849.675, 317.5416666666667]",Corynebacterium,1,5596
"[2851.5348837209303, 926.562015503876]",Prevotella,1,5597
"[2855.5454545454545, 1267.1948051948052]",Actinomyces,1,5598
"[2848.6923076923076, 76.52747252747253]",Selenomonas,1,5599
"[2850.051948051948, 352.72727272727275]",Corynebacterium,1,5600
"[2851.1271186440677, 391.85593220338984]",Leptotrichia,1,5601
"[2849.6964285714284, 1198.982142857143]",Actinomyces,1,5602
"[2855.6583333333333, 1375.15]",Streptococcus,1,5603
"[2852.15873015873, 1484.1666666666667]",Streptococcus,1,5604
"[2857.7232704402513, 12.786163522012579]",Corynebacterium,1,5606
"[2850.163636363636, 53.4]",Corynebacterium,1,5607
"[2854.8536585365855, 162.08943089430895]",Corynebacterium,1,5608
"[2850.787878787879, 444.26262626262627]",Leptotrichia,1,5609
"[2857.98224852071, 584.189349112426]",Leptotrichia,1,5610
"[2851.5625, 1130.0]",Prevotella,1,5612
"[2854.056338028169, 1671.056338028169]",Porphyromonas,1,5614
"[2851.929577464789, 1782.774647887324]",Porphyromonas,1,5615
"[2851.598039215686, 1930.4803921568628]",Selenomonas,1,5616
"[2852.3809523809523, 26.984126984126984]",Treponema,1,5617
"[2853.772151898734, 293.62025316455697]",Pasteurellaceae,1,5618
"[2854.9775280898875, 646.4719101123595]",Leptotrichia,1,5620
"[2856.4131736526947, 684.0538922155689]",Leptotrichia,1,5621
"[2852.4285714285716, 749.6875]",Leptotrichia,1,5622
"[2862.3262032085563, 796.7967914438502]",Rothia,1,5623
"[2852.7164179104475, 841.4328358208955]",Prevotella,1,5624
"[2853.2295081967213, 1017.5327868852459]",Rothia,1,5625
"[2853.770642201835, 1097.0366972477063]",Actinomyces,1,5626
"[2852.904109589041, 1113.5753424657535]",Actinomyces,1,5627
"[2855.1632653061224, 1603.438775510204]",Actinomyces,1,5628
"[2854.0923076923077, 40.723076923076924]",Treponema,1,5629
"[2853.366666666667, 138.0]",Pasteurellaceae,1,5630
"[2853.0943396226417, 257.1509433962264]",Pasteurellaceae,1,5631
"[2854.1525423728813, 369.0508474576271]",Corynebacterium,1,5632
"[2854.1972789115644, 993.795918367347]",Leptotrichia,1,5633
"[2854.4851485148515, 1512.2376237623762]",Porphyromonas,1,5634
"[2855.1140939597317, 190.71140939597316]",Leptotrichia,1,5635
"[2854.3823529411766, 506.0]",Leptotrichia,1,5636
"[2856.7378640776697, 544.1456310679612]",Leptotrichia,1,5637
"[2856.138613861386, 613.960396039604]",Leptotrichia,1,5638
"[2853.6849315068494, 1144.6301369863013]",Actinomyces,1,5640
"[2858.6335403726707, 1416.6273291925465]",Streptococcus,1,5641
"[2868.9583333333335, 1824.453125]",Porphyromonas,1,5642
"[2854.470588235294, 1891.75]",Selenomonas,1,5643
"[2854.3524590163934, 1960.967213114754]",Prevotella,1,5644
"[2856.492307692308, 62.06153846153846]",Corynebacterium,1,5645
"[2857.1609195402298, 275.58620689655174]",Corynebacterium,1,5646
"[2855.296875, 978.78125]",Leptotrichia,1,5647
"[2858.5098039215686, 1206.045751633987]",Actinomyces,1,5648
"[2855.177777777778, 1552.7444444444445]",Porphyromonas,1,5649
"[2867.169082125604, 731.6570048309179]",Leptotrichia,1,5651
"[2855.6973684210525, 781.9868421052631]",Prevotella,1,5652
"[2856.487804878049, 1525.6463414634147]",Porphyromonas,1,5654
"[2860.707006369427, 97.8407643312102]",Leptotrichia,1,5656
"[2857.4266666666667, 827.8133333333334]",Prevotella,1,5657
"[2858.848484848485, 963.4747474747475]",Lautropia,1,5658
"[2860.268817204301, 1619.3978494623657]",Actinomyces,1,5659
"[2864.17032967033, 1785.4450549450548]",Fusobacterium,1,5660
"[2858.189189189189, 1849.6666666666667]",Capnocytophaga,1,5661
"[2858.6666666666665, 432.9]",Leptotrichia,1,5662
"[2858.617283950617, 898.9753086419753]",Leptotrichia,1,5663
"[2867.78640776699, 951.1796116504854]",Lautropia,1,5664
"[2863.6425702811243, 1455.4497991967871]",Streptococcus,1,5665
"[2861.185185185185, 72.25925925925925]",Corynebacterium,1,5666
"[2861.8818181818183, 413.26363636363635]",Leptotrichia,1,5667
"[2862.215909090909, 474.09090909090907]",Leptotrichia,1,5668
"[2862.3333333333335, 1139.8383838383838]",Prevotella,1,5669
"[2857.9, 1241.38]",Porphyromonas,1,5670
"[2860.772727272727, 1359.840909090909]",Streptococcus,1,5671
"[2859.9888268156424, 1746.2849162011173]",Prevotella,1,5672
"[2860.818181818182, 1810.939393939394]",Actinomyces,1,5673
"[2860.3358208955224, 1880.9402985074628]",Corynebacterium,1,5674
"[2861.357142857143, 316.8857142857143]",Corynebacterium,1,5675
"[2860.328125, 767.15625]",Leptotrichia,1,5676
"[2860.3802816901407, 885.5211267605633]",Leptotrichia,1,5677
"[2863.2, 905.9217391304347]",Leptotrichia,1,5678
"[2859.418181818182, 1347.2727272727273]",Porphyromonas,1,5679
"[2865.1898734177216, 1479.639240506329]",Streptococcus,1,5680
"[2864.197080291971, 1572.9197080291972]",Porphyromonas,1,5681
"[2861.581632653061, 1689.408163265306]",Selenomonas,1,5682
"[2873.9636752136753, 1897.517094017094]",Porphyromonas,1,5683
"[2866.4947368421053, 258.60526315789474]",Corynebacterium,1,5684
"[2863.3650793650795, 299.9047619047619]",Capnocytophaga,1,5685
"[2864.4242424242425, 565.280303030303]",Leptotrichia,1,5686
"[2863.815789473684, 816.2236842105264]",Rothia,1,5687
"[2860.709090909091, 1032.3454545454545]",Prevotella,1,5688
"[2862.754901960784, 1648.8921568627452]",Selenomonas,1,5690
"[2862.5151515151515, 332.1818181818182]",Corynebacterium,1,5692
"[2864.122807017544, 492.140350877193]",Leptotrichia,1,5693
"[2867.078014184397, 1312.531914893617]",Porphyromonas,1,5695
"[2862.304347826087, 1332.3188405797102]",Porphyromonas,1,5696
"[2864.6372549019607, 1400.078431372549]",Streptococcus,1,5697
"[2869.380165289256, 1498.404958677686]",Streptococcus,1,5698
"[2863.1944444444443, 1864.5]",Selenomonas,1,5699
"[2862.3218390804595, 1981.8045977011495]",Corynebacterium,1,5700
"[2869.7155172413795, 83.19827586206897]",Treponema,1,5701
"[2862.5384615384614, 521.3230769230769]",Leptotrichia,1,5702
"[2862.3333333333335, 625.2962962962963]",Leptotrichia,1,5703
"[2867.913043478261, 663.3850931677018]",Leptotrichia,1,5704
"[2863.7613636363635, 856.9318181818181]",Leptotrichia,1,5705
"[2864.7297297297296, 1063.936936936937]",Actinomyces,1,5706
"[2863.6923076923076, 1081.5641025641025]",Streptococcus,1,5707
"[2866.738738738739, 1156.5765765765766]",Actinomyces,1,5708
"[2868.448529411765, 1668.5294117647059]",Porphyromonas,1,5709
"[2863.4634146341464, 1709.1097560975609]",Prevotella,1,5710
"[2864.8070175438597, 1767.3859649122808]",Porphyromonas,1,5711
"[2863.372549019608, 131.05882352941177]",Pasteurellaceae,1,5712
"[2865.372549019608, 874.4215686274509]",Leptotrichia,1,5713
"[2872.4110429447855, 1106.79754601227]",Porphyromonas,1,5714
"[2865.5375, 1122.5375]",Prevotella,1,5715
"[2864.5, 1172.111111111111]",Actinomyces,1,5716
"[2870.76, 1223.2]",Porphyromonas,1,5717
"[2872.7741935483873, 1944.3082437275987]",Rothia,1,5718
"[2864.948275862069, 696.6724137931035]",Leptotrichia,1,5720
"[2866.227272727273, 936.125]",Rothia,1,5721
"[2866.9489795918366, 115.65306122448979]",Pasteurellaceae,1,5722
"[2870.9748427672957, 155.0251572327044]",Corynebacterium,1,5723
"[2867.0131578947367, 1042.7631578947369]",Leptotrichia,1,5724
"[2869.215277777778, 1800.3958333333333]",Rothia,1,5725
"[2875.0, 1842.957894736842]",Fusobacterium,1,5726
"[2874.9732620320856, 41.58288770053476]",Pasteurellaceae,1,5727
"[2869.2682926829266, 208.51829268292684]",Leptotrichia,1,5729
"[2872.9340101522844, 388.10659898477155]",Pasteurellaceae,1,5730
"[2869.5692307692307, 752.1153846153846]",Leptotrichia,1,5731
"[2869.9084507042253, 974.8943661971831]",Leptotrichia,1,5732
"[2868.889447236181, 1525.824120603015]",Porphyromonas,1,5733
"[2867.3333333333335, 1555.6842105263158]",Porphyromonas,1,5734
"[2874.0129032258064, 364.8774193548387]",Corynebacterium,1,5735
"[2879.3806451612904, 536.6032258064516]",Leptotrichia,1,5737
"[2870.9727272727273, 1008.6727272727272]",Streptococcus,1,5739
"[2869.372549019608, 1977.4313725490197]",Capnocytophaga,1,5740
"[2869.971698113208, 231.67924528301887]",Leptotrichia,1,5741
"[2868.6666666666665, 341.03333333333336]",Corynebacterium,1,5742
"[2872.6267605633802, 461.0422535211268]",Leptotrichia,1,5743
"[2870.194805194805, 615.8311688311688]",Leptotrichia,1,5744
"[2875.1803278688526, 774.8142076502733]",Leptotrichia,1,5745
"[2869.9113924050635, 1370.6835443037974]",Streptococcus,1,5746
"[2875.3301435406697, 1594.401913875598]",Prevotella,1,5747
"[2870.8356164383563, 1613.7945205479452]",Porphyromonas,1,5748
"[2869.3846153846152, 60.36538461538461]",TM7,1,5749
"[2872.7969924812032, 429.3984962406015]",Leptotrichia,1,5750
"[2872.6559139784945, 600.9569892473119]",Leptotrichia,1,5751
"[2878.598639455782, 837.5034013605442]",Lautropia,1,5752
"[2868.8, 1423.2727272727273]",Streptococcus,1,5753
"[2872.0, 1966.5302013422818]",Selenomonas,1,5754
"[2871.5822784810125, 504.37974683544303]",Leptotrichia,1,5755
"[2873.3451327433627, 581.566371681416]",Leptotrichia,1,5756
"[2871.847222222222, 1023.0555555555555]",Prevotella,1,5757
"[2872.1688311688313, 1749.5064935064936]",Porphyromonas,1,5758
"[2872.0806451612902, 325.3709677419355]",Corynebacterium,1,5760
"[2873.8173076923076, 825.5096153846154]",Rothia,1,5761
"[2872.845238095238, 1235.297619047619]",Porphyromonas,1,5762
"[2874.59375, 12.3125]",Corynebacterium,1,5764
"[2883.5588235294117, 63.911764705882355]",Corynebacterium,1,5765
"[2875.4959349593496, 174.609756097561]",Leptotrichia,1,5766
"[2873.8082191780823, 631.054794520548]",Leptotrichia,1,5767
"[2874.5, 919.4711538461538]",Leptotrichia,1,5768
"[2874.0686274509803, 1093.1176470588234]",Streptococcus,1,5769
"[2879.331578947368, 1277.9789473684211]",Actinomyces,1,5770
"[2874.3965517241377, 1634.6293103448277]",Porphyromonas,1,5771
"[2877.5339805825242, 1692.8106796116506]",Porphyromonas,1,5772
"[2875.4666666666667, 714.6592592592592]",Leptotrichia,1,5773
"[2874.2153846153847, 849.2615384615384]",Prevotella,1,5774
"[2879.6223175965665, 1186.549356223176]",Actinomyces,1,5775
"[2876.341836734694, 1331.2244897959183]",Actinomyces,1,5776
"[2875.6624203821657, 1718.8025477707006]",Actinomyces,1,5777
"[2882.830303030303, 195.35757575757575]",Corynebacterium,1,5778
"[2876.0813953488373, 254.13953488372093]",Corynebacterium,1,5779
"[2877.44262295082, 401.37704918032784]",Pasteurellaceae,1,5780
"[2876.037735849057, 1053.3396226415093]",Leptotrichia,1,5781
"[2874.3589743589746, 1380.7948717948718]",Porphyromonas,1,5782
"[2878.182926829268, 681.0426829268292]",Leptotrichia,1,5783
"[2878.351063829787, 1000.2021276595744]",Streptococcus,1,5784
"[2882.320610687023, 1778.320610687023]",Rothia,1,5785
"[2877.1830985915494, 26.380281690140844]",TM7,1,5787
"[2877.593220338983, 986.5932203389831]",Leptotrichia,1,5789
"[2876.5846153846155, 1119.8153846153846]",Prevotella,1,5791
"[2877.061728395062, 1136.6296296296296]",Actinomyces,1,5792
"[2880.6101694915255, 1762.084745762712]",Porphyromonas,1,5793
"[2882.6454545454544, 129.70909090909092]",Corynebacterium,1,5794
"[2881.94701986755, 283.0860927152318]",Leptotrichia,1,5795
"[2877.8888888888887, 348.27777777777777]",Corynebacterium,1,5796
"[2880.0729166666665, 1472.1458333333333]",Leptotrichia,1,5798
"[2877.8333333333335, 1543.6]",Porphyromonas,1,5800
"[2878.5765765765764, 1561.5495495495495]",Porphyromonas,1,5801
"[2881.168421052632, 1652.0315789473684]",Selenomonas,1,5802
"[2879.62, 303.52]",Corynebacterium,1,5804
"[2889.081818181818, 476.47727272727275]",Leptotrichia,1,5806
"[2880.1338582677163, 865.0393700787401]",Leptotrichia,1,5807
"[2880.6017699115046, 1156.5221238938052]",Porphyromonas,1,5808
"[2882.119266055046, 1626.2385321100917]",Neisseriaceae,1,5809
"[2880.084507042254, 142.01408450704224]",Corynebacterium,1,5810
"[2880.614457831325, 807.7349397590361]",Prevotella,1,5811
"[2881.645390070922, 893.6950354609929]",Leptotrichia,1,5812
"[2884.7207207207207, 1063.1351351351352]",Prevotella,1,5813
"[2880.2987012987014, 1353.6883116883116]",Porphyromonas,1,5814
"[2880.5163934426228, 1428.3032786885246]",Streptococcus,1,5815
"[2887.1410788381745, 1802.058091286307]",Rothia,1,5817
"[2886.1409395973155, 1922.6308724832215]",Porphyromonas,1,5818
"[2882.728971962617, 106.61682242990655]",Corynebacterium,1,5819
"[2887.878205128205, 248.53846153846155]",Corynebacterium,1,5820
"[2884.072, 1039.696]",Leptotrichia,1,5821
"[2883.1005917159764, 1257.715976331361]",Actinomyces,1,5822
"[2881.6190476190477, 1298.1309523809523]",Porphyromonas,1,5823
"[2886.8062015503874, 417.1162790697674]",Leptotrichia,1,5824
"[2881.4423076923076, 491.5192307692308]",Leptotrichia,1,5825
"[2883.336956521739, 661.2608695652174]",Streptococcus,1,5826
"[2890.891156462585, 79.42857142857143]",Corynebacterium,1,5828
"[2882.985507246377, 335.59420289855075]",Corynebacterium,1,5829
"[2884.36974789916, 930.4789915966387]",Lautropia,1,5830
"[2882.6181818181817, 1019.5818181818182]",Prevotella,1,5831
"[2883.9927536231885, 1405.0434782608695]",Streptococcus,1,5832
"[2885.285714285714, 94.18571428571428]",Corynebacterium,1,5833
"[2884.1415094339623, 225.20754716981133]",Leptotrichia,1,5834
"[2886.136752136752, 614.6752136752136]",Leptotrichia,1,5835
"[2890.603550295858, 1360.715976331361]",Porphyromonas,1,5836
"[2886.4161073825503, 1445.1812080536913]",Streptococcus,1,5837
"[2887.0, 1686.5121951219512]",Selenomonas,1,5838
"[2885.1456310679614, 1985.7087378640776]",Corynebacterium,1,5839
"[2885.9016393442625, 146.14754098360655]",Corynebacterium,1,5840
"[2888.703947368421, 698.9473684210526]",Leptotrichia,1,5841
"[2886.1643835616437, 756.1438356164383]",Leptotrichia,1,5842
"[2887.311688311688, 1340.5844155844156]",Actinomyces,1,5843
"[2885.857142857143, 1607.3392857142858]",Neisseriaceae,1,5844
"[2886.154929577465, 1732.9295774647887]",Porphyromonas,1,5845
"[2887.775280898876, 980.5955056179776]",Leptotrichia,1,5846
"[2891.245033112583, 377.52317880794703]",Leptotrichia,1,5847
"[2887.092105263158, 460.11842105263156]",Leptotrichia,1,5848
"[2889.6509433962265, 502.8018867924528]",Leptotrichia,1,5849
"[2887.715909090909, 792.6931818181819]",Prevotella,1,5850
"[2888.2406015037595, 954.4135338345865]",Leptotrichia,1,5851
"[2890.027777777778, 1095.7222222222222]",Streptococcus,1,5852
"[2889.404255319149, 1310.3936170212767]",Actinomyces,1,5853
"[2891.7894736842104, 16.092105263157894]",Pasteurellaceae,1,5854
"[2894.2348484848485, 209.8181818181818]",Leptotrichia,1,5855
"[2892.608695652174, 589.2670807453416]",Leptotrichia,1,5856
"[2888.4745762711864, 852.0169491525423]",Leptotrichia,1,5857
"[2890.2302158273383, 1077.589928057554]",Porphyromonas,1,5858
"[2889.2638036809817, 1496.20245398773]",Streptococcus,1,5859
"[2892.5510204081634, 1523.9455782312925]",Porphyromonas,1,5860
"[2892.3670212765956, 1863.0106382978724]",Rothia,1,5861
"[2888.7430555555557, 1959.763888888889]",Leptotrichia,1,5862
"[2892.0112359550562, 322.03370786516854]",Corynebacterium,1,5863
"[2891.153153153153, 572.4594594594595]",Leptotrichia,1,5864
"[2892.4626865671644, 1023.6716417910447]",Leptotrichia,1,5865
"[2892.8582677165355, 1134.236220472441]",Actinomyces,1,5866
"[2891.6702127659573, 1171.1489361702127]",Actinomyces,1,5868
"[2896.472361809045, 1198.1959798994974]",Actinomyces,1,5869
"[2896.084507042254, 1327.6267605633802]",Actinomyces,1,5870
"[2895.9668508287295, 1668.9226519337017]",Porphyromonas,1,5872
"[2891.288732394366, 170.35211267605635]",Leptotrichia,1,5873
"[2891.777777777778, 812.2037037037037]",Prevotella,1,5875
"[2892.342857142857, 1618.3428571428572]",Fusobacterium,1,5876
"[2891.7846153846153, 232.64615384615385]",Leptotrichia,1,5877
"[2894.2017543859647, 1231.3508771929824]",Actinomyces,1,5879
"[2892.923913043478, 1538.945652173913]",Porphyromonas,1,5880
"[2892.02, 1600.92]",Neisseriaceae,1,5881
"[2891.464285714286, 1640.7857142857142]",Selenomonas,1,5882
"[2891.44262295082, 1715.8524590163934]",Porphyromonas,1,5883
"[2911.6375968992247, 1840.6802325581396]",Rothia,1,5884
"[2899.5729166666665, 1887.578125]",Corynebacterium,1,5885
"[2896.1584158415844, 55.772277227722775]",Corynebacterium,1,5886
"[2892.0588235294117, 309.9264705882353]",Corynebacterium,1,5887
"[2903.0705394190873, 403.4066390041494]",Streptococcus,1,5889
"[2895.8444444444444, 444.8296296296296]",Leptotrichia,1,5890
"[2894.6803278688526, 1116.3688524590164]",Porphyromonas,1,5891
"[2893.0, 1385.311320754717]",Streptococcus,1,5892
"[2894.9777777777776, 1563.2777777777778]",Porphyromonas,1,5893
"[2898.86, 605.98]",Leptotrichia,1,5895
"[2897.3703703703704, 724.2962962962963]",Leptotrichia,1,5896
"[2896.869565217391, 742.054347826087]",Leptotrichia,1,5897
"[2894.741935483871, 778.5483870967741]",Rothia,1,5898
"[2897.6410256410254, 879.9487179487179]",Leptotrichia,1,5899
"[2897.169811320755, 1435.7169811320755]",Streptococcus,1,5900
"[2899.1804511278197, 39.68421052631579]",Pasteurellaceae,1,5902
"[2898.1176470588234, 88.98529411764706]",Corynebacterium,1,5903
"[2901.6234567901233, 627.0370370370371]",Leptotrichia,1,5904
"[2902.0765765765764, 847.2117117117117]",Leptotrichia,1,5905
"[2896.3763440860216, 1008.0430107526881]",Leptotrichia,1,5906
"[2897.1153846153848, 1249.948717948718]",Actinomyces,1,5907
"[2897.659090909091, 1700.3181818181818]",Porphyromonas,1,5908
"[2896.5853658536585, 1771.0243902439024]",Prevotella,1,5909
"[2897.764705882353, 153.63235294117646]",Corynebacterium,1,5910
"[2901.9188311688313, 269.8668831168831]",Corynebacterium,1,5911
"[2896.2941176470586, 798.3921568627451]",Prevotella,1,5912
"[2910.2991803278687, 1155.372950819672]",Porphyromonas,1,5913
"[2900.366666666667, 1420.0222222222221]",Streptococcus,1,5914
"[2895.890909090909, 1474.581818181818]",Streptococcus,1,5915
"[2898.58024691358, 1687.3086419753085]",Selenomonas,1,5917
"[2898.2799999999997, 110.56]",Corynebacterium,1,5918
"[2899.5384615384614, 336.4423076923077]",Corynebacterium,1,5919
"[2899.6081081081084, 515.9594594594595]",Leptotrichia,1,5920
"[2898.8965517241377, 1301.1954022988505]",Porphyromonas,1,5921
"[2898.1964285714284, 1733.0267857142858]",Porphyromonas,1,5922
"[2899.1466666666665, 1927.7333333333333]",Porphyromonas,1,5923
"[2900.235294117647, 1981.6143790849674]",Corynebacterium,1,5924
"[2898.7666666666664, 349.1666666666667]",Corynebacterium,1,5926
"[2902.9595141700406, 919.748987854251]",Leptotrichia,1,5927
"[2897.44, 965.56]",Leptotrichia,1,5928
"[2902.962962962963, 1757.4074074074074]",Actinomyces,1,5929
"[2900.9777777777776, 1944.3555555555556]",Selenomonas,1,5930
"[2904.46, 296.51]",Corynebacterium,1,5931
"[2900.732824427481, 660.4580152671756]",Leptotrichia,1,5932
"[2904.4191616766466, 1172.2874251497005]",Actinomyces,1,5933
"[2900.4175824175823, 1285.5274725274726]",Porphyromonas,1,5934
"[2900.4489795918366, 1402.3775510204082]",Streptococcus,1,5935
"[2899.9444444444443, 1577.736111111111]",Porphyromonas,1,5936
"[2899.109090909091, 1609.0727272727272]",Neisseriaceae,1,5937
"[2902.482456140351, 1650.8157894736842]",Porphyromonas,1,5938
"[2904.4939759036142, 681.222891566265]",Leptotrichia,1,5939
"[2904.646153846154, 979.9128205128205]",Leptotrichia,1,5940
"[2901.9464285714284, 1029.857142857143]",Leptotrichia,1,5941
"[2901.657894736842, 1482.8552631578948]",Streptococcus,1,5942
"[2904.654205607477, 1713.588785046729]",Porphyromonas,1,5943
"[2907.188940092166, 1793.221198156682]",Prevotella,1,5944
"[2906.319587628866, 140.81443298969072]",Corynebacterium,1,5945
"[2901.6825396825398, 187.65079365079364]",Leptotrichia,1,5946
"[2904.065934065934, 225.3956043956044]",Leptotrichia,1,5947
"[2902.516129032258, 363.96774193548384]",Corynebacterium,1,5948
"[2902.46, 766.88]",Prevotella,1,5949
"[2902.695652173913, 943.5797101449275]",Leptotrichia,1,5950
"[2904.225225225225, 1050.1081081081081]",Leptotrichia,1,5951
"[2903.9058823529413, 1084.5647058823529]",Prevotella,1,5952
"[2904.252427184466, 1456.2038834951456]",Streptococcus,1,5953
"[2903.6470588235293, 1594.4117647058824]",Porphyromonas,1,5954
"[2904.258620689655, 244.94827586206895]",Corynebacterium,1,5955
"[2902.5098039215686, 755.6666666666666]",Leptotrichia,1,5956
"[2907.7195121951218, 805.9878048780488]",Prevotella,1,5957
"[2907.4351145038167, 826.1374045801526]",Prevotella,1,5958
"[2904.5737704918033, 310.11475409836066]",Corynebacterium,1,5959
"[2903.483870967742, 426.3225806451613]",Leptotrichia,1,5960
"[2904.7058823529414, 531.6176470588235]",Leptotrichia,1,5961
"[2907.264367816092, 996.4827586206897]",Leptotrichia,1,5963
"[2903.5, 1258.5]",Actinomyces,1,5964
"[2906.3333333333335, 1742.6811594202898]",Actinomyces,1,5965
"[2910.202614379085, 101.94771241830065]",Corynebacterium,1,5966
"[2905.68085106383, 555.8297872340426]",Leptotrichia,1,5967
"[2907.295652173913, 780.5130434782609]",Prevotella,1,5968
"[2905.670731707317, 1072.4634146341464]",Actinomyces,1,5969
"[2907.2881355932204, 1511.677966101695]",Streptococcus,1,5970
"[2907.437125748503, 1632.8383233532934]",Fusobacterium,1,5971
"[2906.7200000000003, 500.29333333333335]",Leptotrichia,1,5972
"[2909.4418604651164, 1350.2790697674418]",Porphyromonas,1,5973
"[2909.0, 1544.0550458715597]",Porphyromonas,1,5974
"[2907.1968503937005, 1910.0551181102362]",Leptotrichia,1,5975
"[2906.901098901099, 1964.2857142857142]",Leptotrichia,1,5976
"[2907.7058823529414, 123.32352941176471]",Corynebacterium,1,5978
"[2907.130434782609, 161.7826086956522]",Corynebacterium,1,5979
"[2908.0, 387.18840579710144]",Corynebacterium,1,5980
"[2912.7763157894738, 602.296052631579]",Leptotrichia,1,5981
"[2907.1323529411766, 1016.9558823529412]",Leptotrichia,1,5982
"[2910.8396226415093, 1137.7075471698113]",Actinomyces,1,5983
"[2906.0, 1558.9444444444443]",Porphyromonas,1,5984
"[2917.6354679802953, 12.32512315270936]",Pasteurellaceae,1,5985
"[2908.1, 322.5]",Corynebacterium,1,5986
"[2910.71875, 896.2083333333334]",Leptotrichia,1,5987
"[2909.2758620689656, 958.8505747126437]",Streptococcus,1,5988
"[2908.090909090909, 1388.7727272727273]",Streptococcus,1,5990
"[2910.9583333333335, 487.5208333333333]",Leptotrichia,1,5991
"[2911.90625, 699.46875]",Leptotrichia,1,5992
"[2910.2644628099174, 1120.8760330578511]",Actinomyces,1,5993
"[2910.637931034483, 643.5]",Treponema,1,5995
"[2917.82096069869, 1100.235807860262]",Actinomyces,1,5996
"[2913.191011235955, 1580.5955056179776]",Porphyromonas,1,5998
"[2912.0947368421052, 1614.1684210526316]",Fusobacterium,1,5999
"[2911.9793814432987, 1688.0]",Fusobacterium,1,6000
"[2918.169230769231, 1988.5346153846153]",Corynebacterium,1,6001
"[2912.9285714285716, 581.1349206349206]",Leptotrichia,1,6003
"[2919.521186440678, 1210.3516949152543]",Actinomyces,1,6004
"[2912.981818181818, 209.64545454545456]",Leptotrichia,1,6008
"[2913.881188118812, 353.46534653465346]",Corynebacterium,1,6009
"[2912.602272727273, 749.1818181818181]",Lautropia,1,6010
"[2914.576086956522, 1234.679347826087]",Actinomyces,1,6011
"[2919.6382978723404, 47.09574468085106]",Corynebacterium,1,6013
"[2917.5145631067962, 79.72815533980582]",Corynebacterium,1,6014
"[2913.254901960784, 189.35294117647058]",Leptotrichia,1,6015
"[2915.8888888888887, 432.6666666666667]",Leptotrichia,1,6017
"[2917.5126050420167, 715.8739495798319]",Leptotrichia,1,6018
"[2915.5959595959594, 1920.8989898989898]",Prevotella,1,6020
"[2916.25, 516.4673913043479]",Leptotrichia,1,6022
"[2914.5866666666666, 734.2]",Prevotella,1,6023
"[2915.0, 1039.0]",Leptotrichia,1,6024
"[2919.0434782608695, 1482.1902173913043]",Leptotrichia,1,6025
"[2915.8283582089553, 1733.7985074626865]",Prevotella,1,6027
"[2920.162962962963, 153.83703703703705]",Corynebacterium,1,6028
"[2914.188679245283, 341.35849056603774]",Corynebacterium,1,6030
"[2916.462809917355, 878.3471074380166]",Leptotrichia,1,6032
"[2916.56, 1262.088]",Actinomyces,1,6033
"[2917.746666666667, 1333.4133333333334]",Actinomyces,1,6034
"[2914.4444444444443, 1422.3492063492063]",Streptococcus,1,6035
"[2916.1595744680853, 1562.468085106383]",Porphyromonas,1,6036
"[2916.957746478873, 1699.0]",Porphyromonas,1,6037
"[2921.68, 1766.2933333333333]",Porphyromonas,1,6038
"[2915.95, 66.95]",Corynebacterium,1,6039
"[2917.739837398374, 847.4552845528456]",Leptotrichia,1,6040
"[2916.6746031746034, 939.436507936508]",Lautropia,1,6041
"[2917.723076923077, 136.90769230769232]",Corynebacterium,1,6043
"[2917.67032967033, 258.6923076923077]",Corynebacterium,1,6044
"[2919.951219512195, 629.349593495935]",Streptococcus,1,6046
"[2921.1709401709404, 1529.128205128205]",Porphyromonas,1,6047
"[2917.425925925926, 1776.0555555555557]",Porphyromonas,1,6048
"[2916.8023255813955, 1811.5813953488373]",Prevotella,1,6049
"[2920.927536231884, 456.28985507246375]",Leptotrichia,1,6051
"[2924.1069518716577, 551.5882352941177]",Leptotrichia,1,6052
"[2918.2, 1376.34]",Streptococcus,1,6053
"[2918.9491525423728, 1449.8305084745762]",Streptococcus,1,6054
"[2916.9166666666665, 1462.3666666666666]",Streptococcus,1,6055
"[2922.4775280898875, 1665.4831460674156]",Rothia,1,6056
"[2918.9418604651164, 1969.3837209302326]",Leptotrichia,1,6057
"[2920.809523809524, 123.16190476190476]",Corynebacterium,1,6058
"[2922.5405405405404, 181.59459459459458]",Leptotrichia,1,6059
"[2920.3469387755104, 240.08163265306123]",Corynebacterium,1,6060
"[2923.391304347826, 389.04347826086956]",Leptotrichia,1,6061
"[2919.8064516129034, 914.2795698924731]",Leptotrichia,1,6062
"[2919.9620253164558, 1030.1645569620252]",Leptotrichia,1,6063
"[2922.9383561643835, 1286.2602739726028]",Porphyromonas,1,6064
"[2918.793650793651, 1313.920634920635]",Porphyromonas,1,6065
"[2922.8, 1940.5785714285714]",Corynebacterium,1,6067
"[2922.624277456647, 284.5780346820809]",Corynebacterium,1,6068
"[2919.686567164179, 307.8358208955224]",Corynebacterium,1,6070
"[2919.839285714286, 528.9285714285714]",Leptotrichia,1,6071
"[2920.637931034483, 1070.728448275862]",Leptotrichia,1,6072
"[2920.7014925373132, 1513.7313432835822]",Streptococcus,1,6074
"[2929.3769633507854, 1792.1570680628272]",Porphyromonas,1,6075
"[2923.125, 327.22727272727275]",Corynebacterium,1,6076
"[2922.989898989899, 473.06060606060606]",Leptotrichia,1,6077
"[2926.1151515151514, 219.3272727272727]",Leptotrichia,1,6079
"[2921.64, 368.5]",Corynebacterium,1,6080
"[2923.948051948052, 666.8571428571429]",Leptotrichia,1,6081
"[2924.810810810811, 792.2837837837837]",Prevotella,1,6082
"[2925.101449275362, 1010.804347826087]",Leptotrichia,1,6083
"[2922.9245283018868, 1272.0754716981132]",Actinomyces,1,6084
"[2922.271186440678, 1300.8474576271187]",Porphyromonas,1,6085
"[2926.028901734104, 1640.9537572254335]",Rothia,1,6086
"[2924.240506329114, 1879.6582278481012]",Corynebacterium,1,6087
"[2923.0851063829787, 1898.5212765957447]",Corynebacterium,1,6088
"[2932.1877934272297, 26.469483568075116]",Leptotrichia,1,6089
"[2924.144578313253, 106.32530120481928]",Corynebacterium,1,6090
"[2931.9464285714284, 570.25]",Leptotrichia,1,6091
"[2927.021505376344, 947.0967741935484]",Leptotrichia,1,6092
"[2924.45871559633, 973.3302752293578]",Leptotrichia,1,6093
"[2930.3404255319147, 1177.063829787234]",Actinomyces,1,6094
"[2928.204081632653, 1189.704081632653]",Actinomyces,1,6095
"[2928.77868852459, 1620.622950819672]",Selenomonas,1,6096
"[2923.3092783505153, 1720.8144329896907]",Prevotella,1,6097
"[2928.9426751592355, 1749.0254777070063]",Prevotella,1,6098
"[2923.8105263157895, 1862.5684210526315]",Fusobacterium,1,6099
"[2925.7974683544303, 861.379746835443]",Leptotrichia,1,6100
"[2930.364864864865, 1400.0067567567567]",Streptococcus,1,6102
"[2924.560975609756, 1574.9512195121952]",Porphyromonas,1,6103
"[2929.697142857143, 504.78285714285715]",Leptotrichia,1,6104
"[2926.782945736434, 681.5891472868217]",Leptotrichia,1,6105
"[2926.15, 698.1]",Leptotrichia,1,6106
"[2931.848484848485, 821.6909090909091]",Prevotella,1,6107
"[2927.0190476190473, 893.2]",Leptotrichia,1,6108
"[2926.4931506849316, 992.931506849315]",Streptococcus,1,6109
"[2925.9882352941177, 1366.3176470588235]",Actinomyces,1,6111
"[2926.810810810811, 1421.4864864864865]",Streptococcus,1,6112
"[2926.945652173913, 1441.9782608695652]",Streptococcus,1,6113
"[2929.758793969849, 407.57286432160805]",Leptotrichia,1,6114
"[2934.902953586498, 1318.7257383966244]",Actinomyces,1,6115
"[2934.3604060913704, 1696.4568527918782]",Porphyromonas,1,6116
"[2931.146496815287, 438.1656050955414]",Leptotrichia,1,6117
"[2940.0333333333333, 526.8111111111111]",Leptotrichia,1,6118
"[2928.5811965811963, 589.6239316239316]",Leptotrichia,1,6119
"[2931.9883040935674, 779.9473684210526]",Actinomyces,1,6120
"[2927.8658536585363, 930.7439024390244]",Leptotrichia,1,6121
"[2927.168421052632, 1118.4315789473685]",Actinomyces,1,6122
"[2926.4736842105262, 1350.9122807017543]",Porphyromonas,1,6123
"[2928.9571428571426, 61.67619047619048]",Corynebacterium,1,6124
"[2928.765306122449, 204.51020408163265]",Leptotrichia,1,6125
"[2930.6694214876034, 757.4793388429752]",Lautropia,1,6128
"[2932.487951807229, 1056.1506024096386]",Actinomyces,1,6129
"[2935.461883408072, 1132.4977578475336]",Actinomyces,1,6130
"[2930.252252252252, 1603.1351351351352]",Streptococcus,1,6131
"[2932.697674418605, 141.4418604651163]",Corynebacterium,1,6133
"[2935.3860465116277, 306.2046511627907]",Corynebacterium,1,6134
"[2932.355072463768, 340.40579710144925]",Corynebacterium,1,6135
"[2931.701923076923, 653.3653846153846]",Streptococcus,1,6136
"[2930.159420289855, 733.2536231884058]",Leptotrichia,1,6137
"[2930.4761904761904, 1160.5238095238096]",Actinomyces,1,6138
"[2931.320987654321, 1228.3456790123457]",Porphyromonas,1,6139
"[2932.267857142857, 1255.6517857142858]",Actinomyces,1,6140
"[2930.064516129032, 1682.0967741935483]",Actinomyces,1,6141
"[2930.174698795181, 1813.313253012048]",Actinomyces,1,6142
"[2932.1473684210523, 92.22105263157894]",Leptotrichia,1,6143
"[2934.6829268292686, 268.7317073170732]",Corynebacterium,1,6144
"[2931.918918918919, 1241.6891891891892]",Actinomyces,1,6145
"[2932.3939393939395, 1377.2525252525252]",Streptococcus,1,6146
"[2933.3865546218485, 1552.7226890756303]",Porphyromonas,1,6148
"[2931.139705882353, 1923.1691176470588]",Leptotrichia,1,6149
"[2932.1372549019607, 251.94117647058823]",Corynebacterium,1,6150
"[2932.847222222222, 479.5138888888889]",Leptotrichia,1,6151
"[2934.731343283582, 842.544776119403]",Leptotrichia,1,6152
"[2941.9666666666667, 1504.9533333333334]",Streptococcus,1,6153
"[2933.6907216494847, 1536.5154639175257]",Porphyromonas,1,6154
"[2937.965714285714, 1735.337142857143]",Actinomyces,1,6155
"[2938.27731092437, 370.3529411764706]",Corynebacterium,1,6156
"[2938.2759856630823, 615.6917562724014]",Leptotrichia,1,6157
"[2934.4375, 1083.017857142857]",Actinomyces,1,6158
"[2934.8867924528304, 1456.0283018867924]",Streptococcus,1,6160
"[2934.5, 120.17142857142858]",Corynebacterium,1,6161
"[2936.5575757575757, 165.02424242424243]",Leptotrichia,1,6162
"[2936.0, 188.39743589743588]",Leptotrichia,1,6163
"[2939.235294117647, 240.68067226890756]",Corynebacterium,1,6164
"[2934.6875, 1272.0]",Porphyromonas,1,6165
"[2934.95, 1297.9]",Porphyromonas,1,6166
"[2936.835616438356, 1338.5616438356165]",Actinomyces,1,6167
"[2938.0434782608695, 1573.5714285714287]",Porphyromonas,1,6168
"[2937.414285714286, 357.04285714285714]",Corynebacterium,1,6169
"[2940.961038961039, 1037.9935064935064]",Prevotella,1,6170
"[2941.5, 1102.9135802469136]",Actinomyces,1,6171
"[2937.846153846154, 1476.4102564102564]",Streptococcus,1,6172
"[2938.442953020134, 1863.3489932885907]",Veillonella,1,6173
"[2939.4454545454546, 1881.2818181818182]",Corynebacterium,1,6174
"[2938.6075949367087, 134.34177215189874]",Corynebacterium,1,6176
"[2940.927272727273, 870.6636363636363]",Leptotrichia,1,6178
"[2938.378787878788, 882.060606060606]",Leptotrichia,1,6179
"[2943.51677852349, 978.7248322147651]",Streptococcus,1,6180
"[2939.3725490196075, 1718.735294117647]",Prevotella,1,6182
"[2936.975, 1958.4625]",Streptococcus,1,6183
"[2939.163636363636, 512.709090909091]",Leptotrichia,1,6184
"[2936.4, 703.3166666666667]",Leptotrichia,1,6185
"[2941.036231884058, 1835.123188405797]",Actinomyces,1,6186
"[2943.1944444444443, 110.38888888888889]",Corynebacterium,1,6187
"[2939.1746031746034, 460.2142857142857]",Leptotrichia,1,6188
"[2942.982608695652, 713.2695652173913]",Leptotrichia,1,6189
"[2938.6781609195405, 917.2988505747127]",Leptotrichia,1,6190
"[2943.0373134328356, 1000.1567164179105]",Rothia,1,6191
"[2941.8470588235296, 1203.0117647058823]",Actinomyces,1,6192
"[2944.1486486486488, 75.41891891891892]",Corynebacterium,1,6195
"[2941.254385964912, 639.8684210526316]",Porphyromonas,1,6196
"[2941.879310344828, 803.3103448275862]",Rothia,1,6197
"[2950.5025906735755, 1016.7461139896373]",Rothia,1,6198
"[2941.131868131868, 1518.6483516483515]",Streptococcus,1,6199
"[2941.2535211267605, 1670.774647887324]",Rothia,1,6201
"[2940.35, 1773.35]",Actinomyces,1,6202
"[2942.9270072992704, 1983.4014598540145]",Leptotrichia,1,6203
"[2942.5087719298244, 230.31578947368422]",Corynebacterium,1,6204
"[2948.2631578947367, 421.8157894736842]",Leptotrichia,1,6205
"[2943.4343434343436, 689.10101010101]",Leptotrichia,1,6206
"[2948.333333333333, 1647.4136546184739]",Rothia,1,6208
"[2941.285714285714, 46.642857142857146]",Pasteurellaceae,1,6210
"[2941.046875, 58.5]",Corynebacterium,1,6211
"[2944.774774774775, 324.3063063063063]",Corynebacterium,1,6212
"[2945.125, 407.5625]",Treponema,1,6213
"[2948.256317689531, 492.4657039711191]",Leptotrichia,1,6214
"[2942.889830508475, 670.5932203389831]",Porphyromonas,1,6215
"[2943.030303030303, 1219.909090909091]",Porphyromonas,1,6216
"[2944.666666666667, 1439.7450980392157]",Leptotrichia,1,6217
"[2946.6124031007753, 1753.0387596899225]",Fusobacterium,1,6218
"[2943.3015873015875, 258.9047619047619]",Corynebacterium,1,6219
"[2942.402597402597, 389.84415584415586]",Selenomonas,1,6220
"[2951.1870967741934, 1055.4645161290323]",Actinomyces,1,6221
"[2942.9157894736845, 1159.9684210526316]",Actinomyces,1,6222
"[2945.0, 599.1351351351351]",Leptotrichia,1,6224
"[2946.5474452554745, 734.7372262773723]",Prevotella,1,6225
"[2947.080536912752, 938.993288590604]",Leptotrichia,1,6226
"[2947.5, 966.24]",Prevotella,1,6227
"[2946.5985915492956, 1593.2957746478874]",Porphyromonas,1,6228
"[2947.6629213483147, 183.1011235955056]",Pasteurellaceae,1,6229
"[2944.02, 215.92]",Corynebacterium,1,6230
"[2944.1355932203387, 1246.677966101695]",Porphyromonas,1,6231
"[2949.7924528301887, 1345.7924528301887]",Porphyromonas,1,6232
"[2947.3274336283184, 1368.4070796460178]",Porphyromonas,1,6235
"[2946.63768115942, 1769.1304347826087]",Fusobacterium,1,6236
"[2948.20814479638, 1940.6606334841629]",Leptotrichia,1,6237
"[2945.9423076923076, 345.9423076923077]",Corynebacterium,1,6239
"[2949.8230769230768, 893.1538461538462]",Leptotrichia,1,6240
"[2953.857142857143, 954.7063492063492]",Rothia,1,6241
"[2947.673076923077, 1486.173076923077]",Porphyromonas,1,6242
"[2952.830508474576, 1532.2796610169491]",Streptococcus,1,6243
"[2950.212765957447, 1546.5673758865248]",Streptococcus,1,6244
"[2948.955414012739, 1695.9808917197452]",Fusobacterium,1,6245
"[2950.8311688311687, 12.194805194805195]",Corynebacterium,1,6246
"[2947.915492957746, 288.1830985915493]",Corynebacterium,1,6247
"[2949.0338983050847, 1195.915254237288]",Actinomyces,1,6248
"[2949.885496183206, 1325.0534351145038]",Actinomyces,1,6249
"[2950.648148148148, 105.55555555555556]",Corynebacterium,1,6251
"[2954.2287581699347, 132.5359477124183]",Corynebacterium,1,6252
"[2951.0, 582.4285714285714]",Leptotrichia,1,6254
"[2953.6083333333336, 834.85]",Prevotella,1,6255
"[2951.1603773584907, 1090.4056603773586]",Porphyromonas,1,6256
"[2954.458646616541, 1273.9473684210527]",Actinomyces,1,6257
"[2950.7954545454545, 1420.0454545454545]",Streptococcus,1,6258
"[2958.727272727273, 1723.3957219251338]",Prevotella,1,6260
"[2949.3714285714286, 1807.9857142857143]",Rothia,1,6261
"[2951.029702970297, 1914.5148514851485]",Porphyromonas,1,6262
"[2951.680412371134, 200.71134020618555]",TM7,1,6264
"[2949.1176470588234, 277.37254901960785]",Corynebacterium,1,6265
"[2952.4, 561.0333333333333]",Leptotrichia,1,6266
"[2952.784810126582, 915.0379746835443]",Leptotrichia,1,6267
"[2959.8986486486488, 1028.7567567567567]",Porphyromonas,1,6268
"[2951.759259259259, 1145.5]",Prevotella,1,6269
"[2954.848920863309, 1183.5179856115108]",Actinomyces,1,6270
"[2952.2636363636366, 1793.4454545454546]",Rothia,1,6271
"[2957.390410958904, 19.71917808219178]",Pasteurellaceae,1,6272
"[2951.0172413793102, 340.13793103448273]",Corynebacterium,1,6274
"[2952.643835616438, 350.6575342465753]",Corynebacterium,1,6275
"[2954.688172043011, 468.6236559139785]",Leptotrichia,1,6276
"[2954.52, 854.875]",Leptotrichia,1,6277
"[2951.756097560976, 1297.780487804878]",Porphyromonas,1,6278
"[2952.8142857142857, 1407.0428571428572]",Streptococcus,1,6279
"[2954.690476190476, 1572.8214285714287]",Porphyromonas,1,6280
"[2959.2528735632186, 1746.4741379310344]",Veillonella,1,6281
"[2952.204081632653, 1963.9489795918366]",Leptotrichia,1,6282
"[2953.084507042254, 366.23943661971833]",Corynebacterium,1,6283
"[2959.6435643564355, 436.4059405940594]",Leptotrichia,1,6284
"[2960.6535433070867, 776.5275590551181]",Prevotella,1,6285
"[2952.56, 1130.52]",Prevotella,1,6286
"[2956.985507246377, 1385.0217391304348]",Actinomyces,1,6287
"[2956.0349650349654, 655.8111888111888]",Streptococcus,1,6288
"[2957.550295857988, 1256.3609467455622]",Actinomyces,1,6289
"[2952.9565217391305, 1460.376811594203]",Streptococcus,1,6290
"[2954.0821917808216, 1558.0684931506848]",Streptococcus,1,6291
"[2954.8735632183907, 1675.4942528735633]",Prevotella,1,6292
"[2953.009009009009, 1870.5945945945946]",Corynebacterium,1,6293
"[2954.511111111111, 45.02962962962963]",Pasteurellaceae,1,6294
"[2956.4598540145985, 391.53284671532845]",Treponema,1,6295
"[2955.896226415094, 544.1509433962265]",Leptotrichia,1,6296
"[2956.0641025641025, 794.7564102564103]",Prevotella,1,6297
"[2961.69109947644, 1080.5183246073298]",Actinomyces,1,6298
"[2957.8828828828828, 1212.8108108108108]",Actinomyces,1,6299
"[2956.772727272727, 1826.509090909091]",Prevotella,1,6300
"[2956.4505494505493, 249.17582417582418]",Corynebacterium,1,6301
"[2955.964285714286, 266.05357142857144]",Corynebacterium,1,6302
"[2955.0, 454.8805970149254]",Pasteurellaceae,1,6303
"[2956.12, 631.192]",Streptococcus,1,6304
"[2958.854838709677, 696.3790322580645]",Leptotrichia,1,6305
"[2956.709302325581, 759.9651162790698]",Prevotella,1,6306
"[2956.7377049180327, 1116.188524590164]",Prevotella,1,6307
"[2958.366666666667, 1231.5583333333334]",Actinomyces,1,6308
"[2956.935779816514, 1625.559633027523]",Porphyromonas,1,6309
"[2954.3870967741937, 1849.032258064516]",Porphyromonas,1,6310
"[2961.735294117647, 157.96323529411765]",Leptotrichia,1,6311
"[2959.1491228070176, 740.7017543859649]",Prevotella,1,6313
"[2957.759036144578, 1494.7951807228915]",Streptococcus,1,6314
"[2961.3984375, 1606.0390625]",Porphyromonas,1,6315
"[2964.9162561576354, 177.9408866995074]",Corynebacterium,1,6316
"[2958.18487394958, 222.0]",Corynebacterium,1,6317
"[2957.3900000000003, 1160.59]",Actinomyces,1,6318
"[2958.339285714286, 1314.375]",Porphyromonas,1,6319
"[2961.3684210526317, 1785.4144736842106]",Prevotella,1,6320
"[2958.8534482758623, 1889.7155172413793]",Leptotrichia,1,6321
"[2961.5849056603774, 672.0377358490566]",Streptococcus,1,6322
"[2960.921212121212, 986.4424242424243]",Fusobacterium,1,6323
"[2962.5177304964536, 305.4113475177305]",Corynebacterium,1,6324
"[2960.6894736842105, 604.2473684210527]",Streptococcus,1,6325
"[2963.3475935828874, 1480.8823529411766]",Porphyromonas,1,6327
"[2963.5619047619048, 1836.352380952381]",Prevotella,1,6328
"[2964.88, 39.54]",Corynebacterium,1,6329
"[2962.25, 334.57894736842104]",Corynebacterium,1,6330
"[2960.3589743589746, 1200.3589743589744]",Porphyromonas,1,6331
"[2964.482014388489, 1700.7769784172663]",Fusobacterium,1,6332
"[2963.6098901098903, 75.57692307692308]",Pasteurellaceae,1,6333
"[2960.846153846154, 98.58461538461539]",Corynebacterium,1,6334
"[2962.4268292682927, 115.20731707317073]",Corynebacterium,1,6335
"[2964.962962962963, 373.80555555555554]",Corynebacterium,1,6336
"[2967.885416666667, 871.3993055555555]",Leptotrichia,1,6337
"[2962.714285714286, 1591.4935064935064]",Porphyromonas,1,6338
"[2961.985507246377, 1978.623188405797]",Pasteurellaceae,1,6339
"[2963.492957746479, 288.19718309859155]",Corynebacterium,1,6340
"[2966.8362068965516, 321.3448275862069]",Corynebacterium,1,6341
"[2968.3983050847455, 409.49152542372883]",Pasteurellaceae,1,6342
"[2965.1028037383176, 505.8224299065421]",Leptotrichia,1,6343
"[2963.16, 823.8266666666667]",Prevotella,1,6344
"[2963.59375, 927.84375]",Leptotrichia,1,6345
"[2965.0479452054797, 1442.0205479452054]",Streptococcus,1,6346
"[2965.467289719626, 1677.9532710280373]",Prevotella,1,6349
"[2962.4529914529912, 1922.8290598290598]",Leptotrichia,1,6350
"[2965.4795918367345, 205.25510204081633]",Corynebacterium,1,6351
"[2963.962264150943, 241.47169811320754]",Corynebacterium,1,6352
"[2967.51677852349, 810.0536912751678]",Leptotrichia,1,6354
"[2967.9150326797385, 1331.562091503268]",Actinomyces,1,6355
"[2966.598086124402, 530.4880382775119]",Leptotrichia,1,6356
"[2963.6197183098593, 896.3239436619718]",Leptotrichia,1,6357
"[2966.675925925926, 1993.5185185185185]",Corynebacterium,1,6358
"[2965.1944444444443, 349.6111111111111]",Corynebacterium,1,6359
"[2966.3, 624.87]",Streptococcus,1,6360
"[2967.3025210084033, 1006.9747899159664]",Prevotella,1,6361
"[2965.0853658536585, 1459.621951219512]",Streptococcus,1,6363
"[2970.72131147541, 1651.4467213114754]",Prevotella,1,6364
"[2969.2542372881353, 1864.335593220339]",Selenomonas,1,6365
"[2966.1743119266057, 1950.1559633027523]",Pasteurellaceae,1,6366
"[2968.25, 566.4611111111111]",Leptotrichia,1,6367
"[2974.413636363636, 708.3090909090909]",Streptococcus,1,6368
"[2970.162162162162, 1242.3963963963963]",Actinomyces,1,6370
"[2967.59375, 1808.7604166666667]",Prevotella,1,6371
"[2967.2692307692305, 271.4230769230769]",Corynebacterium,1,6372
"[2973.1133333333332, 477.46666666666664]",Leptotrichia,1,6375
"[2971.55737704918, 909.516393442623]",Leptotrichia,1,6376
"[2966.9444444444443, 1263.4583333333333]",Actinomyces,1,6377
"[2967.640625, 1577.28125]",Porphyromonas,1,6378
"[2971.883720930233, 140.71317829457365]",Capnocytophaga,1,6379
"[2973.7070707070707, 1555.0151515151515]",Streptococcus,1,6380
"[2968.623188405797, 1630.4347826086957]",Selenomonas,1,6381
"[2969.921568627451, 253.23529411764707]",Corynebacterium,1,6383
"[2970.0, 464.19718309859155]",Leptotrichia,1,6384
"[2973.5714285714284, 954.172932330827]",Leptotrichia,1,6385
"[2969.858823529412, 1051.729411764706]",Rothia,1,6386
"[2970.4761904761904, 1101.8095238095239]",Leptotrichia,1,6387
"[2970.977272727273, 1169.6818181818182]",Actinomyces,1,6388
"[2972.80625, 1189.05625]",Actinomyces,1,6389
"[2969.2, 1399.0695652173913]",Actinomyces,1,6390
"[2969.333333333333, 1526.7424242424242]",Streptococcus,1,6391
"[2975.3986486486488, 85.11486486486487]",Corynebacterium,1,6393
"[2969.21875, 393.0208333333333]",Pasteurellaceae,1,6394
"[2974.387931034483, 1065.396551724138]",Leptotrichia,1,6395
"[2969.828125, 1223.703125]",Porphyromonas,1,6396
"[2973.211111111111, 230.3]",Corynebacterium,1,6397
"[2972.895238095238, 592.8]",Leptotrichia,1,6398
"[2973.5441176470586, 1291.1911764705883]",Porphyromonas,1,6399
"[2974.1954022988502, 1933.8505747126437]",Pasteurellaceae,1,6400
"[2973.6949152542375, 28.338983050847457]",Corynebacterium,1,6401
"[2971.5862068965516, 103.91379310344827]",Corynebacterium,1,6402
"[2975.9157303370785, 1310.8314606741574]",Actinomyces,1,6403
"[2978.290322580645, 1752.507331378299]",Selenomonas,1,6404
"[2978.1596638655465, 1977.3529411764705]",Corynebacterium,1,6405
"[2981.0969696969696, 278.2121212121212]",Corynebacterium,1,6406
"[2973.725663716814, 685.362831858407]",Leptotrichia,1,6407
"[2975.6486486486488, 1120.981981981982]",Actinomyces,1,6408
"[2977.6510067114095, 1619.476510067114]",Porphyromonas,1,6409
"[2978.232876712329, 1680.958904109589]",Prevotella,1,6410
"[2976.5, 12.016949152542374]",Corynebacterium,1,6411
"[2976.679012345679, 746.2469135802469]",Rothia,1,6412
"[2979.8070175438597, 845.7938596491229]",Rothia,1,6413
"[2975.3627450980393, 1352.9607843137255]",Actinomyces,1,6414
"[2973.7733333333335, 1424.8533333333332]",Actinomyces,1,6415
"[2979.803680981595, 1712.6748466257668]",Prevotella,1,6416
"[2976.967391304348, 1729.7391304347825]",Prevotella,1,6417
"[2974.7634408602153, 1821.4516129032259]",Leptotrichia,1,6418
"[2975.892156862745, 1896.9117647058824]",Actinomyces,1,6419
"[2976.74, 208.01]",Corynebacterium,1,6420
"[2974.52, 369.9]",Corynebacterium,1,6421
"[2977.456896551724, 423.1034482758621]",Corynebacterium,1,6422
"[2976.025641025641, 934.5299145299145]",Leptotrichia,1,6424
"[2977.8543689320386, 1435.0679611650485]",Porphyromonas,1,6425
"[2976.7049180327867, 1518.1967213114754]",Streptococcus,1,6426
"[2976.9122807017543, 170.96491228070175]",Corynebacterium,1,6427
"[2983.2754491017963, 763.6347305389221]",Lautropia,1,6428
"[2978.6810344827586, 1025.7931034482758]",Lautropia,1,6429
"[2983.5204918032787, 1271.8032786885246]",Actinomyces,1,6430
"[2978.4927536231885, 1451.0869565217392]",Streptococcus,1,6431
"[2975.839285714286, 1467.4464285714287]",Streptococcus,1,6432
"[2983.7588235294115, 1589.0411764705882]",Porphyromonas,1,6433
"[2978.4805194805194, 1698.4805194805194]",Rothia,1,6434
"[2977.4591836734694, 1782.6734693877552]",Rothia,1,6435
"[2976.059701492537, 356.95522388059703]",Corynebacterium,1,6438
"[2977.3492063492063, 1833.126984126984]",Prevotella,1,6440
"[2977.775510204082, 1957.9591836734694]",Pasteurellaceae,1,6441
"[2978.869158878505, 51.177570093457945]",Corynebacterium,1,6442
"[2979.4054054054054, 303.5045045045045]",Pasteurellaceae,1,6443
"[2980.554054054054, 1229.1081081081081]",Actinomyces,1,6444
"[2979.142857142857, 1411.6315789473683]",Actinomyces,1,6445
"[2982.3425414364638, 1857.4364640883978]",TM7,1,6446
"[2981.756097560976, 239.5487804878049]",Corynebacterium,1,6447
"[2982.838888888889, 445.8666666666667]",Treponema,1,6449
"[2982.859756097561, 649.810975609756]",Leptotrichia,1,6450
"[2980.767857142857, 982.8482142857143]",Prevotella,1,6451
"[2982.7008547008545, 1080.5128205128206]",Leptotrichia,1,6452
"[2980.6346153846152, 1138.1826923076924]",Prevotella,1,6453
"[2979.2666666666664, 1212.7333333333333]",Prevotella,1,6454
"[2978.0196078431372, 1604.2156862745098]",Selenomonas,1,6455
"[2983.008, 495.712]",Leptotrichia,1,6457
"[2985.7537313432836, 884.2611940298508]",Leptotrichia,1,6458
"[2983.1442307692305, 1043.75]",Leptotrichia,1,6459
"[2980.8, 1155.48]",Prevotella,1,6460
"[2980.58024691358, 1489.432098765432]",Streptococcus,1,6461
"[2982.7652173913043, 1504.8608695652174]",Streptococcus,1,6462
"[2980.017857142857, 1922.375]",Selenomonas,1,6464
"[2981.5757575757575, 329.6363636363636]",Corynebacterium,1,6467
"[2985.792079207921, 401.8019801980198]",Corynebacterium,1,6469
"[2983.256097560976, 612.4634146341464]",Streptococcus,1,6470
"[2988.153439153439, 803.8042328042328]",Prevotella,1,6471
"[2980.830769230769, 1203.4153846153847]",Prevotella,1,6472
"[2981.5774647887324, 1328.338028169014]",Actinomyces,1,6473
"[2986.066390041494, 1383.4896265560167]",Porphyromonas,1,6474
"[2983.4331210191085, 116.48407643312102]",Corynebacterium,1,6475
"[2986.6209150326795, 548.5882352941177]",Leptotrichia,1,6477
"[2982.333333333333, 624.8444444444444]",Streptococcus,1,6478
"[2987.9322033898306, 825.8022598870057]",Prevotella,1,6479
"[2983.828571428571, 1541.2190476190476]",Streptococcus,1,6480
"[2991.8995633187774, 1791.6812227074236]",Prevotella,1,6481
"[2985.8194444444443, 31.73611111111111]",Corynebacterium,1,6482
"[2989.402390438247, 61.88446215139442]",Pasteurellaceae,1,6483
"[2987.086956521739, 198.44347826086957]",Corynebacterium,1,6484
"[2985.8888888888887, 563.4305555555555]",Leptotrichia,1,6486
"[2986.3088235294117, 722.1764705882352]",Leptotrichia,1,6487
"[2985.0689655172414, 1461.4655172413793]",Streptococcus,1,6489
"[2986.2799999999997, 579.5933333333334]",Leptotrichia,1,6490
"[2985.706666666667, 1633.9066666666668]",Porphyromonas,1,6491
"[2986.3069306930693, 347.23762376237624]",Corynebacterium,1,6492
"[2987.5247524752476, 529.1584158415842]",Leptotrichia,1,6493
"[2990.6094674556216, 905.3431952662722]",Leptotrichia,1,6494
"[2984.6741573033705, 1010.438202247191]",Lautropia,1,6495
"[2986.3168316831684, 1807.7227722772277]",Actinomyces,1,6496
"[2988.4666666666667, 1106.6190476190477]",Porphyromonas,1,6497
"[2986.801886792453, 1186.4245283018868]",Actinomyces,1,6498
"[2987.7976190476193, 1251.6309523809523]",Actinomyces,1,6499
"[2992.46875, 1303.53125]",Actinomyces,1,6500
"[2987.7741935483873, 1474.268817204301]",Streptococcus,1,6501
"[2988.4313725490197, 1523.8529411764705]",Leptotrichia,1,6502
"[2986.3658536585363, 1912.621951219512]",Corynebacterium,1,6503
"[2987.6990291262136, 98.85436893203884]",Corynebacterium,1,6504
"[2986.7303370786517, 369.2134831460674]",Corynebacterium,1,6505
"[2990.142857142857, 1066.7142857142858]",Leptotrichia,1,6507
"[2991.4444444444443, 1095.2777777777778]",Leptotrichia,1,6508
"[2988.822033898305, 1162.2118644067796]",Rothia,1,6509
"[2987.79, 1238.5]",Actinomyces,1,6510
"[2987.6176470588234, 1573.6764705882354]",Streptococcus,1,6511
"[2990.6909090909094, 1882.678787878788]",Porphyromonas,1,6512
"[2987.6103896103896, 471.6233766233766]",Leptotrichia,1,6514
"[2993.2371794871797, 922.6538461538462]",Leptotrichia,1,6515
"[2989.636363636364, 1342.3535353535353]",Actinomyces,1,6516
"[2987.833333333333, 1357.4545454545455]",Porphyromonas,1,6517
"[2993.486301369863, 1987.4794520547946]",Leptotrichia,1,6518
"[2991.6629213483147, 217.22471910112358]",Corynebacterium,1,6519
"[2990.0384615384614, 264.9423076923077]",Corynebacterium,1,6521
"[2990.0551181102364, 682.8031496062993]",Actinomyces,1,6522
"[2988.7966101694915, 937.7627118644068]",Leptotrichia,1,6523
"[2990.1100917431195, 1658.0275229357799]",Actinomyces,1,6524
"[2992.0095238095237, 1684.247619047619]",Rothia,1,6525
"[2991.517543859649, 181.33333333333334]",Porphyromonas,1,6527
"[2995.515337423313, 775.5398773006135]",Leptotrichia,1,6528
"[2990.0, 1611.5]",Porphyromonas,1,6529
"[2992.968503937008, 1733.1417322834645]",Rothia,1,6531
"[3000.024096385542, 10.22289156626506]",Corynebacterium,1,6532
"[2990.948051948052, 1967.857142857143]",Fusobacterium,1,6534
"[3000.935064935065, 703.7575757575758]",Lautropia,1,6535
"[2996.3722627737225, 998.0802919708029]",Leptotrichia,1,6537
"[2992.7582417582416, 1427.5384615384614]",Porphyromonas,1,6539
"[2992.2804878048782, 1824.2317073170732]",Porphyromonas,1,6540
"[2992.586956521739, 1844.108695652174]",Selenomonas,1,6541
"[2993.5825242718447, 1949.504854368932]",Veillonella,1,6542
"[2993.409090909091, 387.1515151515151]",Corynebacterium,1,6545
"[2994.933962264151, 413.6792452830189]",Corynebacterium,1,6546
"[2993.9548387096775, 866.5677419354839]",Leptotrichia,1,6547
"[2994.26875, 1128.61875]",Leptotrichia,1,6548
"[2992.698630136986, 1493.6712328767123]",Streptococcus,1,6549
"[3003.4080717488787, 1570.053811659193]",Streptococcus,1,6550
"[2995.4823529411765, 322.36470588235295]",Corynebacterium,1,6551
"[2998.6076923076926, 427.95384615384614]",Corynebacterium,1,6552
"[2999.078431372549, 511.65359477124184]",Leptotrichia,1,6553
"[2995.0743801652893, 1221.8347107438017]",Prevotella,1,6554
"[3000.1441860465115, 1706.2093023255813]",Rothia,1,6555
"[2998.6301369863013, 1772.4246575342465]",Rothia,1,6556
"[2995.4444444444443, 25.375]",Corynebacterium,1,6557
"[2997.2815533980583, 491.5145631067961]",Leptotrichia,1,6558
"[2997.910447761194, 717.5970149253732]",Leptotrichia,1,6559
"[2995.0285714285715, 1203.2857142857142]",Actinomyces,1,6560
"[2998.044943820225, 1750.9775280898875]",Selenomonas,1,6561
"[3003.8055555555557, 1811.0444444444445]",Rothia,1,6562
"[2995.0, 1926.1010101010102]",Corynebacterium,1,6563
"[2996.304347826087, 86.80434782608695]",Corynebacterium,1,6564
"[2997.4227642276423, 167.5040650406504]",Campylobacter,1,6565
"[2995.981818181818, 255.8]",Corynebacterium,1,6566
"[2997.8658536585363, 339.6341463414634]",Corynebacterium,1,6567
"[2997.3375, 956.6625]",Prevotella,1,6569
"[2997.5765765765764, 1035.4684684684685]",Leptotrichia,1,6570
"[2996.405797101449, 1291.159420289855]",Porphyromonas,1,6571
"[2997.3764705882354, 1328.235294117647]",Actinomyces,1,6572
"[2996.775280898876, 41.550561797752806]",Corynebacterium,1,6573
"[2999.2089552238804, 526.7611940298508]",Leptotrichia,1,6577
"[2996.166666666667, 637.2916666666666]",Prevotella,1,6578
"[2997.4769230769234, 735.3230769230769]",Rothia,1,6579
"[3000.076923076923, 1371.053846153846]",Actinomyces,1,6580
"[3007.5560538116592, 222.09417040358744]",Corynebacterium,1,6581
"[3000.220779220779, 238.46753246753246]",Corynebacterium,1,6582
"[2998.3258426966295, 296.685393258427]",Leptotrichia,1,6583
"[2998.823529411765, 375.77941176470586]",Corynebacterium,1,6584
"[3009.827868852459, 609.3647540983607]",Actinomyces,1,6585
"[3000.940170940171, 1015.7948717948718]",Leptotrichia,1,6586
"[3002.272727272727, 1142.1538461538462]",Streptococcus,1,6587
"[2999.5384615384614, 1167.173076923077]",Streptococcus,1,6588
"[2999.2833333333333, 1315.95]",Porphyromonas,1,6589
"[3002.5486111111113, 941.4305555555555]",Prevotella,1,6591
"[2999.7471264367814, 1282.8620689655172]",Porphyromonas,1,6592
"[3001.9752066115702, 193.34710743801654]",Corynebacterium,1,6596
"[3001.084745762712, 451.228813559322]",Pasteurellaceae,1,6598
"[3000.9052631578948, 1444.3052631578948]",Streptococcus,1,6599
"[3004.3313253012047, 1596.0060240963855]",Streptococcus,1,6601
"[2999.645569620253, 1634.5569620253164]",Porphyromonas,1,6602
"[3002.377049180328, 120.22131147540983]",Corynebacterium,1,6604
"[3001.909090909091, 624.7012987012987]",Actinomyces,1,6607
"[3006.477876106195, 648.9823008849557]",Lautropia,1,6608
"[3000.515625, 672.53125]",Streptococcus,1,6609
"[3000.958333333333, 757.6944444444445]",Prevotella,1,6610
"[3004.2047244094488, 1050.9212598425197]",Leptotrichia,1,6612
"[3008.9032258064517, 1193.1290322580646]",Streptococcus,1,6613
"[3001.842105263158, 1893.8245614035088]",Fusobacterium,1,6614
"[3003.2307692307695, 588.6293706293707]",Leptotrichia,1,6615
"[3004.6929133858266, 1480.8346456692914]",Streptococcus,1,6616
"[3005.528455284553, 1686.7073170731708]",Rothia,1,6617
"[3006.4601769911505, 831.3185840707964]",Prevotella,1,6621
"[3003.4545454545455, 1506.9818181818182]",Streptococcus,1,6622
"[3005.8735632183907, 1827.0689655172414]",Fusobacterium,1,6623
"[3004.5940594059407, 1962.9405940594058]",Capnocytophaga,1,6624
"[3003.8823529411766, 364.45098039215685]",Corynebacterium,1,6625
"[3006.139240506329, 470.34177215189874]",Pasteurellaceae,1,6626
"[3005.9609375, 1247.734375]",Leptotrichia,1,6627
"[3010.6688741721855, 74.45695364238411]",Corynebacterium,1,6629
"[3007.786666666667, 349.70666666666665]",Corynebacterium,1,6630
"[3009.089430894309, 558.9837398373984]",Leptotrichia,1,6631
"[3013.376543209876, 821.0802469135803]",Leptotrichia,1,6632
"[3006.6153846153848, 1093.1538461538462]",Leptotrichia,1,6633
"[3007.119658119658, 1270.1025641025642]",Actinomyces,1,6634
"[3006.4375, 1396.5416666666667]",Porphyromonas,1,6635
"[3006.2242990654204, 1533.7943925233644]",Porphyromonas,1,6636
"[3012.859813084112, 1720.8831775700935]",Rothia,1,6637
"[3009.09375, 1835.8203125]",Fusobacterium,1,6638
"[3017.5085910652924, 1862.1924398625429]",Corynebacterium,1,6639
"[3009.3488372093025, 109.67441860465117]",Corynebacterium,1,6640
"[3007.734375, 269.765625]",Corynebacterium,1,6641
"[3007.576271186441, 917.3135593220339]",Leptotrichia,1,6642
"[3011.148514851485, 1178.4653465346535]",Actinomyces,1,6644
"[3006.166666666667, 1212.7916666666667]",Actinomyces,1,6645
"[3013.041420118343, 1614.775147928994]",Streptococcus,1,6646
"[3012.425, 1904.40625]",Porphyromonas,1,6647
"[3008.194805194805, 332.8831168831169]",Corynebacterium,1,6649
"[3011.074829931973, 796.9115646258504]",Leptotrichia,1,6650
"[3012.221238938053, 1162.3805309734514]",Actinomyces,1,6651
"[3008.8367346938776, 1349.142857142857]",Actinomyces,1,6652
"[3011.59375, 1429.5875]",Actinomyces,1,6653
"[3013.09009009009, 1631.009009009009]",Porphyromonas,1,6654
"[3007.1724137931033, 1875.8620689655172]",Selenomonas,1,6655
"[3008.2911392405063, 1946.240506329114]",Capnocytophaga,1,6656
"[3009.8630136986303, 1974.7260273972602]",Rothia,1,6657
"[3013.233082706767, 13.909774436090226]",Corynebacterium,1,6658
"[3011.4087591240877, 740.8321167883212]",Rothia,1,6661
"[3008.9, 1231.0166666666667]",Actinomyces,1,6662
"[3014.855421686747, 1659.620481927711]",Rothia,1,6663
"[3013.469696969697, 1797.9242424242425]",Rothia,1,6664
"[3009.6825396825398, 387.8888888888889]",Corynebacterium,1,6665
"[3010.366666666667, 414.9166666666667]",Corynebacterium,1,6666
"[3012.0701754385964, 457.5263157894737]",Corynebacterium,1,6667
"[3010.1388888888887, 483.34722222222223]",Leptotrichia,1,6668
"[3011.8064516129034, 663.3870967741935]",Lautropia,1,6669
"[3012.2346368715084, 864.2960893854748]",Prevotella,1,6670
"[3018.107142857143, 894.575]",Prevotella,1,6671
"[3017.217021276596, 178.91489361702128]",Corynebacterium,1,6673
"[3012.402985074627, 243.61194029850745]",Corynebacterium,1,6674
"[3010.4262295081967, 402.27868852459017]",Corynebacterium,1,6676
"[3014.295918367347, 439.9387755102041]",Corynebacterium,1,6677
"[3013.9941860465115, 1071.9651162790697]",Streptococcus,1,6678
"[3015.305194805195, 1550.3181818181818]",Streptococcus,1,6679
"[3018.4912280701756, 1582.2280701754387]",Streptococcus,1,6680
"[3013.617424242424, 1764.7272727272727]",Rothia,1,6681
"[3011.284090909091, 62.95454545454545]",Corynebacterium,1,6683
"[3013.4077669902913, 285.0873786407767]",Corynebacterium,1,6684
"[3017.2764227642274, 687.30081300813]",Prevotella,1,6685
"[3013.419847328244, 1299.6106870229007]",Porphyromonas,1,6686
"[3017.9591836734694, 1461.2244897959183]",Streptococcus,1,6687
"[3015.879310344828, 1737.8879310344828]",Prevotella,1,6689
"[3014.556603773585, 44.66981132075472]",Leptotrichia,1,6690
"[3016.677419354839, 302.55645161290323]",Corynebacterium,1,6691
"[3014.88, 501.8]",Leptotrichia,1,6693
"[3015.0333333333333, 768.2444444444444]",Leptotrichia,1,6694
"[3017.3630952380954, 952.1964285714286]",Rothia,1,6695
"[3016.1369863013697, 1005.1164383561644]",Leptotrichia,1,6696
"[3014.5632183908046, 1330.2528735632184]",Actinomyces,1,6697
"[3014.6029411764703, 1366.8529411764705]",Actinomyces,1,6698
"[3018.4511278195487, 1884.345864661654]",Capnocytophaga,1,6699
"[3018.3076923076924, 145.77777777777777]",Corynebacterium,1,6700
"[3017.5510204081634, 573.0408163265306]",Leptotrichia,1,6703
"[3019.281045751634, 631.3725490196078]",Actinomyces,1,6704
"[3018.810218978102, 974.2700729927008]",Rothia,1,6705
"[3017.777777777778, 363.14814814814815]",Corynebacterium,1,6707
"[3019.078947368421, 467.36842105263156]",Pasteurellaceae,1,6708
"[3017.5693430656934, 528.8248175182482]",Actinomyces,1,6709
"[3015.962962962963, 586.4444444444445]",Streptococcus,1,6710
"[3015.169811320755, 991.1320754716982]",Prevotella,1,6711
"[3019.720588235294, 1416.2132352941176]",Porphyromonas,1,6712
"[3020.566929133858, 1528.984251968504]",Streptococcus,1,6713
"[3016.6153846153848, 1844.0576923076924]",Fusobacterium,1,6714
"[3023.3829787234044, 727.7375886524823]",Prevotella,1,6716
"[3021.546153846154, 1036.8846153846155]",Leptotrichia,1,6717
"[3020.35593220339, 1262.3983050847457]",Streptococcus,1,6718
"[3018.02752293578, 1501.834862385321]",Leptotrichia,1,6719
"[3016.5882352941176, 1638.1764705882354]",Porphyromonas,1,6720
"[3020.1111111111113, 267.020202020202]",Corynebacterium,1,6721
"[3019.232876712329, 842.7671232876712]",Prevotella,1,6722
"[3018.809248554913, 1116.6763005780347]",Prevotella,1,6723
"[3020.645161290323, 104.96774193548387]",Corynebacterium,1,6724
"[3020.336363636364, 747.3272727272728]",Prevotella,1,6725
"[3020.38, 1079.02]",Streptococcus,1,6726
"[3017.771739130435, 1216.4130434782608]",Actinomyces,1,6727
"[3019.084745762712, 1280.6949152542372]",Streptococcus,1,6728
"[3019.8653846153848, 1816.8653846153845]",Prevotella,1,6729
"[3021.471698113208, 1982.688679245283]",Treponema,1,6730
"[3032.65, 213.4558823529412]",Corynebacterium,1,6731
"[3021.653846153846, 562.0961538461538]",Leptotrichia,1,6733
"[3022.6415094339623, 676.7830188679245]",Rothia,1,6734
"[3024.711111111111, 710.3407407407408]",Rothia,1,6735
"[3020.642857142857, 1961.3035714285713]",Rothia,1,6737
"[3025.8705035971225, 247.0431654676259]",Corynebacterium,1,6738
"[3025.2517482517483, 1324.2307692307693]",Actinomyces,1,6741
"[3024.710526315789, 126.46491228070175]",Corynebacterium,1,6742
"[3023.741935483871, 331.0967741935484]",Corynebacterium,1,6744
"[3023.5955056179773, 1916.4606741573034]",Porphyromonas,1,6745
"[3024.234693877551, 65.16326530612245]",Corynebacterium,1,6746
"[3024.674846625767, 390.25766871165644]",Pasteurellaceae,1,6747
"[3022.934210526316, 478.10526315789474]",Leptotrichia,1,6748
"[3024.70796460177, 808.6106194690266]",Prevotella,1,6749
"[3029.90625, 1361.25]",Actinomyces,1,6750
"[3025.856115107914, 1396.136690647482]",Porphyromonas,1,6751
"[3023.7058823529414, 1647.4313725490197]",Neisseriaceae,1,6752
"[3024.5466666666666, 1948.44]",Prevotella,1,6753
"[3025.9238095238097, 86.9047619047619]",Corynebacterium,1,6754
"[3026.409090909091, 422.1969696969697]",Corynebacterium,1,6755
"[3027.0333333333333, 434.6666666666667]",Corynebacterium,1,6756
"[3026.244680851064, 1594.4468085106382]",Porphyromonas,1,6757
"[3028.3066666666664, 149.8]",Corynebacterium,1,6758
"[3030.233870967742, 233.6048387096774]",Corynebacterium,1,6759
"[3028.15, 647.325]",Leptotrichia,1,6760
"[3026.7525773195875, 1153.5257731958764]",Prevotella,1,6761
"[3027.2696629213483, 1345.4044943820224]",Actinomyces,1,6762
"[3034.9300411522636, 1522.0740740740741]",Streptococcus,1,6763
"[3032.053191489362, 25.664893617021278]",Corynebacterium,1,6764
"[3032.5766871165642, 413.1226993865031]",Corynebacterium,1,6766
"[3031.9146341463415, 445.7987804878049]",Pasteurellaceae,1,6767
"[3029.5925925925926, 594.8333333333334]",Actinomyces,1,6768
"[3026.234375, 918.859375]",Prevotella,1,6769
"[3028.094827586207, 1096.4741379310344]",Leptotrichia,1,6770
"[3029.918699186992, 1174.0]",Porphyromonas,1,6771
"[3028.972222222222, 1565.7777777777778]",Streptococcus,1,6772
"[3027.3809523809523, 1745.3015873015872]",Rothia,1,6773
"[3026.8970588235297, 1794.9558823529412]",Rothia,1,6774
"[3029.2307692307695, 614.3076923076923]",Streptococcus,1,6776
"[3030.074074074074, 662.1851851851852]",Leptotrichia,1,6777
"[3028.7123287671234, 835.5616438356165]",Prevotella,1,6778
"[3029.039473684211, 931.2368421052631]",Prevotella,1,6779
"[3027.843137254902, 1413.1960784313726]",Porphyromonas,1,6782
"[3039.797720797721, 1813.7150997150998]",Rothia,1,6783
"[3030.4133333333334, 99.70666666666666]",Corynebacterium,1,6784
"[3036.188034188034, 282.04273504273505]",Corynebacterium,1,6785
"[3034.340206185567, 1893.9123711340205]",Corynebacterium,1,6787
"[3034.483412322275, 503.77251184834125]",Leptotrichia,1,6788
"[3041.09726443769, 947.9392097264438]",Leptotrichia,1,6789
"[3032.9285714285716, 1076.0714285714287]",Leptotrichia,1,6790
"[3030.1686046511627, 1221.7616279069769]",Actinomyces,1,6791
"[3039.6916666666666, 1311.5708333333334]",Actinomyces,1,6792
"[3029.083333333333, 1625.55]",Porphyromonas,1,6793
"[3036.7591240875913, 1695.5766423357663]",Prevotella,1,6794
"[3030.813559322034, 1710.7796610169491]",Rothia,1,6795
"[3032.6484375, 1834.2109375]",Veillonella,1,6796
"[3034.1752577319585, 1935.4690721649486]",Porphyromonas,1,6798
"[3033.0434782608695, 300.4927536231884]",Corynebacterium,1,6799
"[3031.291666666667, 357.2916666666667]",Corynebacterium,1,6800
"[3031.4912280701756, 373.2280701754386]",Corynebacterium,1,6801
"[3033.24, 551.024]",Leptotrichia,1,6802
"[3031.6, 1056.448275862069]",Leptotrichia,1,6803
"[3031.633663366337, 1196.980198019802]",Actinomyces,1,6804
"[3037.6529680365297, 1285.5296803652968]",Porphyromonas,1,6805
"[3035.0569620253164, 1679.759493670886]",Rothia,1,6806
"[3031.6279069767443, 1728.406976744186]",Rothia,1,6807
"[3036.35, 12.5375]",Selenomonas,1,6808
"[3034.7196261682243, 171.01869158878506]",Capnocytophaga,1,6809
"[3036.891089108911, 190.4257425742574]",Corynebacterium,1,6810
"[3032.971698113208, 996.0377358490566]",Prevotella,1,6811
"[3035.4861111111113, 1023.0972222222222]",Leptotrichia,1,6812
"[3033.5384615384614, 1753.298076923077]",Rothia,1,6813
"[3034.6213592233007, 477.59223300970876]",Pasteurellaceae,1,6814
"[3034.5056179775283, 577.3820224719101]",Prevotella,1,6815
"[3033.322033898305, 766.728813559322]",Prevotella,1,6816
"[3035.169934640523, 791.4575163398692]",Prevotella,1,6817
"[3034.3069306930693, 1240.6435643564357]",Porphyromonas,1,6818
"[3034.103773584906, 1657.877358490566]",Actinomyces,1,6819
"[3033.158878504673, 266.10280373831773]",Corynebacterium,1,6820
"[3033.685185185185, 745.7870370370371]",Rothia,1,6821
"[3037.9322033898306, 909.0847457627119]",Rothia,1,6822
"[3034.936842105263, 965.1894736842105]",Prevotella,1,6823
"[3035.3709677419356, 1122.0]",Porphyromonas,1,6824
"[3035.02, 1431.77]",Porphyromonas,1,6825
"[3040.6781609195405, 1772.5747126436781]",Actinomyces,1,6826
"[3039.375939849624, 534.3458646616541]",Streptococcus,1,6828
"[3034.8496240601503, 1608.984962406015]",Porphyromonas,1,6829
"[3042.21, 1635.44]",Porphyromonas,1,6830
"[3036.84, 1959.37]",Leptotrichia,1,6832
"[3043.252427184466, 814.1310679611651]",Leptotrichia,1,6833
"[3043.0440251572327, 842.2389937106918]",Prevotella,1,6834
"[3041.4328358208954, 860.3955223880597]",Prevotella,1,6835
"[3036.56338028169, 978.0985915492957]",Prevotella,1,6836
"[3038.5, 1010.2051282051282]",Rothia,1,6837
"[3038.153846153846, 1043.974358974359]",Leptotrichia,1,6838
"[3038.434426229508, 1253.827868852459]",Streptococcus,1,6839
"[3037.6813186813188, 1976.5274725274726]",Leptotrichia,1,6840
"[3037.846153846154, 70.5982905982906]",Corynebacterium,1,6841
"[3042.719696969697, 309.5378787878788]",Corynebacterium,1,6842
"[3038.1489361702124, 344.9255319148936]",Corynebacterium,1,6843
"[3046.357142857143, 458.9809523809524]",Treponema,1,6844
"[3039.4255319148933, 711.0957446808511]",Rothia,1,6845
"[3049.8168604651164, 1087.4505813953488]",Leptotrichia,1,6847
"[3040.5283687943265, 1500.9716312056737]",Leptotrichia,1,6848
"[3040.433070866142, 1552.5196850393702]",Leptotrichia,1,6849
"[3036.4406779661017, 1716.8474576271187]",Rothia,1,6850
"[3042.220779220779, 645.6493506493506]",Leptotrichia,1,6852
"[3044.843537414966, 691.1156462585034]",Prevotella,1,6853
"[3040.376543209876, 877.5864197530864]",Lautropia,1,6854
"[3039.714285714286, 1329.0357142857142]",Prevotella,1,6855
"[3039.698275862069, 1456.1206896551723]",Porphyromonas,1,6856
"[3039.3617021276596, 1474.5744680851064]",Leptotrichia,1,6857
"[3040.7555555555555, 1540.0222222222221]",Leptotrichia,1,6858
"[3039.8444444444444, 1573.088888888889]",Streptococcus,1,6859
"[3038.084745762712, 42.152542372881356]",Corynebacterium,1,6860
"[3038.014705882353, 384.1470588235294]",Corynebacterium,1,6861
"[3044.5033112582782, 1138.3576158940398]",Streptococcus,1,6864
"[3041.450704225352, 1160.387323943662]",Streptococcus,1,6865
"[3042.6274509803925, 1346.0098039215686]",Actinomyces,1,6866
"[3047.388663967611, 1845.1052631578948]",Selenomonas,1,6867
"[3042.989247311828, 1873.752688172043]",Corynebacterium,1,6868
"[3042.633663366337, 1380.920792079208]",Actinomyces,1,6870
"[3043.1274509803925, 136.3921568627451]",Corynebacterium,1,6872
"[3043.039473684211, 252.21052631578948]",Corynebacterium,1,6873
"[3044.3565891472867, 326.15503875968994]",Streptococcus,1,6874
"[3045.0873015873017, 668.4603174603175]",Prevotella,1,6875
"[3042.3773584905657, 733.9433962264151]",Rothia,1,6876
"[3043.5593220338983, 117.49152542372882]",Corynebacterium,1,6877
"[3042.9, 431.56666666666666]",Corynebacterium,1,6878
"[3049.0331491712705, 1269.8563535911603]",Actinomyces,1,6879
"[3043.916666666667, 1411.111111111111]",Actinomyces,1,6880
"[3042.0862068965516, 1590.7931034482758]",Porphyromonas,1,6881
"[3052.445945945946, 1737.4527027027027]",Actinomyces,1,6882
"[3046.4285714285716, 292.0612244897959]",Corynebacterium,1,6883
"[3044.105263157895, 479.75]",Leptotrichia,1,6884
"[3043.4, 1197.6]",Porphyromonas,1,6885
"[3043.818181818182, 1728.090909090909]",Rothia,1,6886
"[3047.0149253731342, 32.64179104477612]",Corynebacterium,1,6887
"[3051.1898734177216, 394.95569620253167]",Pasteurellaceae,1,6889
"[3048.3716814159293, 500.79646017699116]",Leptotrichia,1,6890
"[3045.0, 753.5714285714286]",Rothia,1,6891
"[3045.335616438356, 1218.5890410958905]",Actinomyces,1,6892
"[3053.9525316455697, 61.38291139240506]",Corynebacterium,1,6894
"[3046.159090909091, 563.6477272727273]",Prevotella,1,6895
"[3048.5247524752476, 618.3168316831683]",Prevotella,1,6896
"[3048.153846153846, 715.6538461538462]",Rothia,1,6897
"[3049.520833333333, 1364.4722222222222]",Porphyromonas,1,6898
"[3045.4464285714284, 1789.0714285714287]",Actinomyces,1,6899
"[3049.7375, 634.4]",Rothia,1,6900
"[3049.2020202020203, 771.5252525252525]",Rothia,1,6901
"[3049.6716417910447, 908.7611940298508]",Rothia,1,6902
"[3046.8125, 1610.265625]",Porphyromonas,1,6903
"[3046.916666666667, 1753.4666666666667]",Neisseriaceae,1,6904
"[3056.688311688312, 12.032467532467532]",Selenomonas,1,6905
"[3048.265625, 268.90625]",Corynebacterium,1,6906
"[3052.794871794872, 355.6068376068376]",Corynebacterium,1,6907
"[3053.046153846154, 416.1948717948718]",Corynebacterium,1,6908
"[3046.950819672131, 577.0327868852459]",Prevotella,1,6909
"[3057.7359550561796, 827.3988764044943]",Prevotella,1,6910
"[3050.5757575757575, 896.2626262626262]",Prevotella,1,6911
"[3051.4122137404584, 1066.5114503816794]",Leptotrichia,1,6912
"[3053.5853658536585, 1586.10162601626]",Porphyromonas,1,6913
"[3049.6916666666666, 1906.8416666666667]",Leptotrichia,1,6914
"[3052.5526315789475, 1922.8070175438597]",Corynebacterium,1,6915
"[3049.8395061728397, 199.97530864197532]",Corynebacterium,1,6916
"[3048.929292929293, 367.7070707070707]",Corynebacterium,1,6917
"[3049.9464285714284, 733.0892857142857]",Prevotella,1,6918
"[3049.671875, 983.578125]",Prevotella,1,6919
"[3050.9833333333336, 1112.975]",Leptotrichia,1,6920
"[3049.301204819277, 1180.1927710843374]",Porphyromonas,1,6921
"[3052.7832167832166, 85.18881118881119]",Corynebacterium,1,6922
"[3052.982608695652, 105.68695652173913]",Corynebacterium,1,6923
"[3053.3372093023254, 1196.1511627906978]",Porphyromonas,1,6924
"[3050.166666666667, 1676.2222222222222]",Rothia,1,6926
"[3057.3888888888887, 1787.6666666666667]",Fusobacterium,1,6927
"[3056.7469135802467, 931.9938271604939]",Leptotrichia,1,6929
"[3051.818181818182, 994.8282828282828]",Rothia,1,6930
"[3052.054347826087, 1439.0326086956522]",Streptococcus,1,6931
"[3051.782608695652, 1465.8115942028985]",Streptococcus,1,6932
"[3053.876543209876, 1887.3950617283951]",Corynebacterium,1,6933
"[3053.8245614035086, 235.140350877193]",Leptotrichia,1,6934
"[3052.597402597403, 520.5974025974026]",Leptotrichia,1,6936
"[3054.44, 546.39]",Leptotrichia,1,6937
"[3058.0, 604.4370860927153]",Prevotella,1,6938
"[3052.44, 1650.88]",Prevotella,1,6939
"[3054.554347826087, 339.70652173913044]",Pasteurellaceae,1,6942
"[3057.248120300752, 1254.3383458646617]",Streptococcus,1,6943
"[3056.333333333333, 1332.7350427350427]",Actinomyces,1,6944
"[3054.5, 1401.3548387096773]",Actinomyces,1,6945
"[3055.0, 1618.7948717948718]",Porphyromonas,1,6946
"[3055.2469135802467, 1752.1604938271605]",Actinomyces,1,6948
"[3053.442857142857, 1857.9571428571428]",Corynebacterium,1,6949
"[3055.2361111111113, 42.916666666666664]",Corynebacterium,1,6950
"[3056.7582417582416, 746.4285714285714]",Prevotella,1,6952
"[3056.837398373984, 1041.2276422764228]",Leptotrichia,1,6953
"[3059.5304347826086, 1817.878260869565]",Prevotella,1,6954
"[3054.169491525424, 128.22033898305085]",Corynebacterium,1,6955
"[3057.016, 436.232]",Corynebacterium,1,6956
"[3056.1111111111113, 1021.2525252525253]",Leptotrichia,1,6957
"[3054.7833333333333, 1287.0333333333333]",Porphyromonas,1,6958
"[3058.50625, 1306.34375]",Porphyromonas,1,6959
"[3065.0226244343894, 1799.8642533936652]",Porphyromonas,1,6960
"[3059.1753246753246, 186.1883116883117]",Treponema,1,6962
"[3060.132530120482, 854.0361445783133]",Prevotella,1,6965
"[3058.434426229508, 1162.5245901639344]",Porphyromonas,1,6966
"[3063.8439024390245, 1426.7951219512195]",Actinomyces,1,6967
"[3054.7037037037035, 1775.0740740740741]",Rothia,1,6968
"[3057.211111111111, 254.6]",Leptotrichia,1,6970
"[3062.1649484536083, 303.11340206185565]",Corynebacterium,1,6971
"[3058.65625, 491.5520833333333]",Leptotrichia,1,6972
"[3061.8432432432433, 873.6486486486486]",Leptotrichia,1,6973
"[3056.449275362319, 1385.623188405797]",Actinomyces,1,6974
"[3058.423728813559, 1562.2033898305085]",Leptotrichia,1,6975
"[3061.0, 665.1565217391304]",Rothia,1,6976
"[3058.66, 837.18]",Prevotella,1,6977
"[3064.164285714286, 383.7142857142857]",Corynebacterium,1,6979
"[3059.434210526316, 475.6578947368421]",Leptotrichia,1,6980
"[3062.65, 734.08]",Rothia,1,6981
"[3061.4444444444443, 1058.2888888888888]",Leptotrichia,1,6982
"[3060.302325581395, 1131.1860465116279]",Streptococcus,1,6983
"[3061.820224719101, 1144.8314606741574]",Porphyromonas,1,6984
"[3062.7228915662654, 1541.5361445783133]",Leptotrichia,1,6985
"[3061.0428571428574, 1625.5285714285715]",Selenomonas,1,6986
"[3061.0266666666666, 1640.6266666666668]",Fusobacterium,1,6987
"[3063.727272727273, 580.8636363636364]",Lautropia,1,6988
"[3065.564417177914, 966.0552147239264]",Leptotrichia,1,6989
"[3066.539267015707, 1181.7120418848167]",Rothia,1,6990
"[3069.592885375494, 1210.699604743083]",Porphyromonas,1,6991
"[3061.8064516129034, 1766.8709677419354]",Fusobacterium,1,6992
"[3060.173076923077, 290.5576923076923]",Corynebacterium,1,6993
"[3061.869565217391, 320.2463768115942]",Corynebacterium,1,6994
"[3060.406779661017, 562.4406779661017]",Actinomyces,1,6995
"[3064.301369863014, 1675.5616438356165]",Rothia,1,6996
"[3062.3942307692305, 1720.3365384615386]",Porphyromonas,1,6997
"[3065.424369747899, 1944.0336134453783]",Rothia,1,6999
"[3063.0114942528735, 1975.3735632183907]",TM7,1,7000
"[3070.068181818182, 211.6401515151515]",Leptotrichia,1,7001
"[3069.9887005649716, 618.2994350282486]",Prevotella,1,7002
"[3062.561403508772, 1895.7719298245613]",Corynebacterium,1,7003
"[3063.1619047619047, 1508.990476190476]",Leptotrichia,1,7004
"[3065.6929824561403, 267.2105263157895]",Pasteurellaceae,1,7005
"[3064.88, 533.5333333333333]",Lautropia,1,7006
"[3068.259541984733, 1106.7709923664122]",Leptotrichia,1,7007
"[3064.629213483146, 1277.1011235955057]",Streptococcus,1,7008
"[3068.364779874214, 1915.4591194968552]",Corynebacterium,1,7009
"[3065.2571428571428, 137.32857142857142]",Corynebacterium,1,7010
"[3066.455128205128, 168.6346153846154]",Corynebacterium,1,7011
"[3065.7941176470586, 370.8970588235294]",Corynebacterium,1,7012
"[3068.3401360544217, 636.0136054421769]",Prevotella,1,7013
"[3068.221153846154, 721.9326923076923]",Rothia,1,7015
"[3066.4461538461537, 808.7461538461539]",Prevotella,1,7016
"[3067.7704918032787, 899.7213114754098]",Prevotella,1,7017
"[3068.542682926829, 920.4878048780488]",Leptotrichia,1,7018
"[3064.492537313433, 987.6716417910447]",Streptococcus,1,7019
"[3071.840909090909, 1657.159090909091]",Rothia,1,7020
"[3067.263736263736, 1753.6703296703297]",Actinomyces,1,7022
"[3067.6, 32.144]",Corynebacterium,1,7023
"[3068.2108843537417, 109.54421768707483]",Corynebacterium,1,7024
"[3066.8169014084506, 229.30985915492957]",Leptotrichia,1,7025
"[3066.671428571429, 446.3]",Corynebacterium,1,7027
"[3066.2166666666667, 462.21666666666664]",Corynebacterium,1,7028
"[3066.105882352941, 511.36470588235295]",Leptotrichia,1,7029
"[3067.738738738739, 947.6756756756756]",Prevotella,1,7030
"[3067.5, 1371.11]",Actinomyces,1,7031
"[3068.1470588235297, 1408.0882352941176]",Actinomyces,1,7032
"[3065.5737704918033, 1442.1967213114754]",Porphyromonas,1,7033
"[3065.2022471910113, 1460.808988764045]",Streptococcus,1,7034
"[3067.529411764706, 557.3529411764706]",Prevotella,1,7035
"[3071.09243697479, 843.90756302521]",Prevotella,1,7036
"[3067.157894736842, 1389.1368421052632]",Prevotella,1,7037
"[3068.650485436893, 1586.2621359223301]",Streptococcus,1,7038
"[3069.9904761904763, 1698.3619047619047]",Porphyromonas,1,7039
"[3067.3529411764703, 402.1029411764706]",Corynebacterium,1,7040
"[3070.5, 521.2857142857143]",Leptotrichia,1,7041
"[3069.8026315789475, 1332.8947368421052]",Actinomyces,1,7042
"[3069.5441176470586, 1608.5661764705883]",Porphyromonas,1,7043
"[3071.0333333333333, 331.23333333333335]",Corynebacterium,1,7044
"[3072.375, 761.625]",Prevotella,1,7045
"[3070.6436781609195, 1001.6551724137931]",Leptotrichia,1,7046
"[3070.950980392157, 1242.421568627451]",Porphyromonas,1,7047
"[3073.0775862068967, 1351.6120689655172]",Actinomyces,1,7048
"[3075.659793814433, 1479.7628865979382]",Streptococcus,1,7049
"[3069.1176470588234, 1850.2794117647059]",Corynebacterium,1,7050
"[3071.664596273292, 1876.9875776397516]",Corynebacterium,1,7051
"[3073.869565217391, 124.93478260869566]",Corynebacterium,1,7052
"[3070.621212121212, 246.92424242424244]",Corynebacterium,1,7053
"[3072.8121212121214, 285.4787878787879]",Corynebacterium,1,7054
"[3069.8939393939395, 541.7575757575758]",Leptotrichia,1,7055
"[3074.9646017699115, 1022.1061946902655]",Leptotrichia,1,7056
"[3073.4186046511627, 1996.6976744186047]",Corynebacterium,1,7057
"[3077.322580645161, 152.08064516129033]",Corynebacterium,1,7058
"[3071.1754385964914, 316.0175438596491]",Corynebacterium,1,7059
"[3075.245454545455, 414.06363636363636]",Corynebacterium,1,7060
"[3075.4137931034484, 682.35960591133]",Prevotella,1,7061
"[3078.145214521452, 785.3630363036303]",Rothia,1,7062
"[3073.235294117647, 1125.6274509803923]",Leptotrichia,1,7063
"[3078.518987341772, 1285.9430379746836]",Actinomyces,1,7064
"[3074.151515151515, 482.4646464646465]",Leptotrichia,1,7067
"[3071.58024691358, 499.5679012345679]",Leptotrichia,1,7068
"[3073.776595744681, 704.0106382978723]",Rothia,1,7069
"[3074.538043478261, 1042.7554347826087]",Leptotrichia,1,7070
"[3076.4823529411765, 1576.5529411764705]",Streptococcus,1,7071
"[3077.8940397350993, 355.82781456953643]",Corynebacterium,1,7073
"[3076.854651162791, 1077.0523255813953]",Leptotrichia,1,7074
"[3075.71, 1731.7]",Porphyromonas,1,7075
"[3081.6741573033705, 1897.4887640449438]",Corynebacterium,1,7076
"[3076.747747747748, 58.86486486486486]",Corynebacterium,1,7077
"[3074.843373493976, 460.10843373493975]",Corynebacterium,1,7079
"[3075.346153846154, 1540.5384615384614]",Streptococcus,1,7081
"[3078.0697674418607, 1593.1627906976744]",Porphyromonas,1,7082
"[3076.438596491228, 13.175438596491228]",Corynebacterium,1,7084
"[3080.585227272727, 98.31818181818181]",Corynebacterium,1,7085
"[3078.0, 441.80898876404495]",Corynebacterium,1,7087
"[3076.1917808219177, 737.3013698630137]",Prevotella,1,7088
"[3081.7421875, 969.3203125]",Leptotrichia,1,7089
"[3076.6702127659573, 1153.1914893617022]",Streptococcus,1,7090
"[3081.880733944954, 1303.3577981651376]",Actinomyces,1,7091
"[3077.857142857143, 1318.0190476190476]",Streptococcus,1,7092
"[3082.5882352941176, 1494.7124183006536]",Leptotrichia,1,7093
"[3075.9868421052633, 1517.6447368421052]",Porphyromonas,1,7094
"[3077.121212121212, 1560.8030303030303]",Leptotrichia,1,7095
"[3080.2605042016808, 75.56302521008404]",Leptotrichia,1,7096
"[3077.2597402597403, 983.2337662337662]",Leptotrichia,1,7099
"[3078.6521739130435, 1165.9130434782608]",Rothia,1,7100
"[3082.1349206349205, 1255.388888888889]",Leptotrichia,1,7101
"[3079.741573033708, 1377.6966292134832]",Actinomyces,1,7102
"[3080.683870967742, 1847.2516129032258]",Selenomonas,1,7103
"[3077.137931034483, 1862.344827586207]",Selenomonas,1,7104
"[3087.0368852459014, 21.10655737704918]",Corynebacterium,1,7105
"[3078.096153846154, 395.38461538461536]",Corynebacterium,1,7107
"[3078.3545454545456, 566.6454545454545]",Prevotella,1,7108
"[3079.504854368932, 1226.3980582524273]",Porphyromonas,1,7109
"[3083.8823529411766, 1267.8117647058823]",Leptotrichia,1,7110
"[3081.2190476190476, 1695.647619047619]",Porphyromonas,1,7111
"[3081.112, 1738.544]",Actinomyces,1,7112
"[3079.5384615384614, 1929.1666666666667]",Corynebacterium,1,7113
"[3080.195652173913, 184.05434782608697]",Leptotrichia,1,7114
"[3079.62, 997.04]",Leptotrichia,1,7115
"[3086.029069767442, 1676.2674418604652]",Rothia,1,7116
"[3086.93567251462, 1712.3099415204679]",Porphyromonas,1,7117
"[3083.241379310345, 47.9080459770115]",Pasteurellaceae,1,7118
"[3081.7636363636366, 821.6454545454545]",Prevotella,1,7119
"[3080.8125, 1394.5208333333333]",Actinomyces,1,7120
"[3081.1294117647058, 1769.6235294117646]",Selenomonas,1,7121
"[3084.0447761194027, 1785.044776119403]",Veillonella,1,7122
"[3082.9634146341464, 1115.0975609756097]",Leptotrichia,1,7124
"[3087.1743119266057, 260.35779816513764]",Corynebacterium,1,7125
"[3084.091503267974, 540.8104575163399]",Rothia,1,7128
"[3082.3359375, 593.4921875]",Prevotella,1,7129
"[3084.2950819672133, 1094.622950819672]",Leptotrichia,1,7130
"[3081.9, 425.66]",Corynebacterium,1,7131
"[3084.218487394958, 650.2436974789916]",Prevotella,1,7132
"[3087.397727272727, 896.3863636363636]",Prevotella,1,7133
"[3083.578125, 922.3984375]",Lautropia,1,7134
"[3083.7528089887637, 1759.2921348314608]",Fusobacterium,1,7135
"[3087.217391304348, 733.9891304347826]",Prevotella,1,7137
"[3084.9, 859.8571428571429]",Rothia,1,7138
"[3083.873015873016, 1184.3968253968253]",Actinomyces,1,7139
"[3085.375, 1406.2875]",Porphyromonas,1,7140
"[3083.24, 1630.6133333333332]",Porphyromonas,1,7141
"[3088.431693989071, 1978.8469945355191]",Corynebacterium,1,7142
"[3094.3130434782606, 503.5695652173913]",Leptotrichia,1,7144
"[3088.7191011235955, 946.6573033707865]",Rothia,1,7145
"[3089.008547008547, 1057.3931623931624]",Leptotrichia,1,7146
"[3087.3245614035086, 1533.482456140351]",Streptococcus,1,7147
"[3085.988372093023, 138.11627906976744]",Corynebacterium,1,7148
"[3088.751724137931, 169.27586206896552]",Pasteurellaceae,1,7149
"[3092.1119402985078, 227.44402985074626]",Corynebacterium,1,7150
"[3085.6176470588234, 1244.235294117647]",Streptococcus,1,7153
"[3086.059523809524, 1449.0]",Actinomyces,1,7154
"[3093.1736842105265, 1611.3263157894737]",Streptococcus,1,7155
"[3101.591463414634, 1945.3932926829268]",Rothia,1,7156
"[3086.366666666667, 1962.0166666666667]",TM7,1,7157
"[3094.5689655172414, 197.93965517241378]",Treponema,1,7158
"[3089.0404040404037, 312.06060606060606]",Corynebacterium,1,7159
"[3090.59649122807, 401.8333333333333]",Corynebacterium,1,7160
"[3087.5339805825242, 450.8349514563107]",Corynebacterium,1,7161
"[3087.594202898551, 692.6086956521739]",Prevotella,1,7162
"[3090.414814814815, 1004.0444444444445]",Leptotrichia,1,7164
"[3087.363636363636, 1798.0454545454545]",Selenomonas,1,7165
"[3093.1837606837607, 1913.871794871795]",Corynebacterium,1,7166
"[3091.870466321244, 329.5284974093264]",Corynebacterium,1,7167
"[3096.231343283582, 750.6194029850747]",Prevotella,1,7168
"[3093.865671641791, 839.2288557213931]",Prevotella,1,7169
"[3089.2842105263157, 1175.0210526315789]",Actinomyces,1,7170
"[3089.543209876543, 1373.148148148148]",Actinomyces,1,7171
"[3090.10101010101, 1461.8989898989898]",Streptococcus,1,7172
"[3090.0521739130436, 1925.4434782608696]",Corynebacterium,1,7174
"[3088.767123287671, 289.1095890410959]",Corynebacterium,1,7175
"[3096.0046296296296, 814.4120370370371]",Prevotella,1,7176
"[3092.3783783783783, 1155.1081081081081]",Streptococcus,1,7177
"[3090.837837837838, 1199.2162162162163]",Prevotella,1,7178
"[3090.837837837838, 1296.9324324324325]",Actinomyces,1,7179
"[3089.448275862069, 1425.528735632184]",Actinomyces,1,7180
"[3096.901960784314, 84.55555555555556]",Pasteurellaceae,1,7181
"[3096.039772727273, 116.67045454545455]",Corynebacterium,1,7182
"[3096.653846153846, 273.8076923076923]",Corynebacterium,1,7183
"[3089.4912280701756, 384.0877192982456]",Corynebacterium,1,7185
"[3092.1875, 573.7916666666666]",Prevotella,1,7186
"[3089.5714285714284, 982.875]",Leptotrichia,1,7187
"[3095.4410256410256, 1138.0615384615385]",Actinomyces,1,7188
"[3090.3174603174602, 1511.8095238095239]",Leptotrichia,1,7189
"[3089.3478260869565, 1654.6376811594203]",Prevotella,1,7190
"[3088.9615384615386, 1860.826923076923]",Selenomonas,1,7191
"[3093.669642857143, 418.04464285714283]",Corynebacterium,1,7192
"[3092.561797752809, 605.0786516853933]",Rothia,1,7193
"[3093.583333333333, 670.6875]",Prevotella,1,7194
"[3092.3088235294117, 772.3823529411765]",Rothia,1,7195
"[3101.410714285714, 1439.6011904761904]",Porphyromonas,1,7196
"[3097.5244755244757, 1643.7482517482517]",Porphyromonas,1,7197
"[3098.9191176470586, 1993.4264705882354]",Corynebacterium,1,7198
"[3094.184210526316, 705.0263157894736]",Prevotella,1,7200
"[3097.025316455696, 1036.8544303797469]",Leptotrichia,1,7201
"[3092.6063829787236, 1877.4787234042553]",Corynebacterium,1,7202
"[3093.140625, 1020.8125]",Leptotrichia,1,7203
"[3095.4, 1281.3529411764705]",Streptococcus,1,7204
"[3093.3818181818183, 1574.0727272727272]",Streptococcus,1,7205
"[3100.0994475138123, 1666.7900552486187]",Prevotella,1,7206
"[3099.5988023952095, 1690.7664670658683]",Porphyromonas,1,7207
"[3098.8507936507935, 1738.968253968254]",Selenomonas,1,7208
"[3093.677966101695, 1829.915254237288]",Fusobacterium,1,7209
"[3097.6943005181347, 1841.9533678756477]",Corynebacterium,1,7210
"[3094.164383561644, 792.9589041095891]",Rothia,1,7211
"[3095.757894736842, 1318.8947368421052]",Prevotella,1,7213
"[3098.417355371901, 545.0]",Leptotrichia,1,7214
"[3096.6619718309857, 1235.3661971830986]",Porphyromonas,1,7215
"[3099.4011976047905, 1395.2395209580839]",Actinomyces,1,7216
"[3099.6124031007753, 65.45736434108527]",Corynebacterium,1,7217
"[3099.455056179775, 132.61797752808988]",Corynebacterium,1,7218
"[3097.264705882353, 304.6764705882353]",Corynebacterium,1,7219
"[3095.6417910447763, 365.5149253731343]",Corynebacterium,1,7220
"[3101.446280991736, 466.45454545454544]",Corynebacterium,1,7221
"[3100.715736040609, 865.3857868020305]",Rothia,1,7222
"[3097.3258426966295, 1071.2247191011236]",Leptotrichia,1,7223
"[3096.918367346939, 1337.6122448979593]",Prevotella,1,7224
"[3099.903846153846, 1352.371794871795]",Actinomyces,1,7225
"[3095.222222222222, 1498.388888888889]",Leptotrichia,1,7226
"[3097.5870967741935, 1555.141935483871]",Streptococcus,1,7227
"[3097.9464285714284, 436.0892857142857]",Corynebacterium,1,7228
"[3099.5555555555557, 639.6013071895425]",Prevotella,1,7229
"[3100.094339622641, 1215.4213836477988]",Actinomyces,1,7230
"[3100.6923076923076, 1590.8153846153846]",Streptococcus,1,7231
"[3103.5535714285716, 587.6607142857143]",Prevotella,1,7234
"[3100.2265625, 723.2421875]",Prevotella,1,7235
"[3097.915254237288, 924.0338983050848]",Gemella,1,7236
"[3106.958791208791, 1480.7857142857142]",Streptococcus,1,7238
"[3108.082474226804, 1626.6134020618556]",Porphyromonas,1,7239
"[3098.5904761904762, 1772.5428571428572]",Selenomonas,1,7240
"[3106.2922374429227, 1817.0867579908677]",Rothia,1,7241
"[3099.3684210526317, 453.70175438596493]",Corynebacterium,1,7242
"[3101.064814814815, 615.9722222222222]",Prevotella,1,7243
"[3104.926640926641, 1097.3320463320463]",Leptotrichia,1,7244
"[3103.5238095238096, 1965.2312925170068]",Corynebacterium,1,7245
"[3099.894736842105, 284.96491228070175]",Corynebacterium,1,7246
"[3104.494623655914, 343.1666666666667]",Corynebacterium,1,7247
"[3101.054945054945, 1051.5604395604396]",Leptotrichia,1,7248
"[3099.6909090909094, 1180.7272727272727]",Porphyromonas,1,7249
"[3103.009433962264, 1247.2264150943397]",Prevotella,1,7250
"[3100.942528735632, 1896.1494252873563]",Corynebacterium,1,7251
"[3102.739583333333, 30.6875]",Corynebacterium,1,7252
"[3103.0123456790125, 167.85185185185185]",Rothia,1,7253
"[3106.48125, 385.00625]",Corynebacterium,1,7254
"[3103.1272727272726, 1012.9454545454546]",Leptotrichia,1,7255
"[3103.3644859813085, 1529.8785046728972]",Leptotrichia,1,7256
"[3102.313725490196, 259.5882352941176]",Corynebacterium,1,7257
"[3104.802325581395, 781.5581395348837]",Prevotella,1,7259
"[3106.741666666667, 1513.3583333333333]",Leptotrichia,1,7260
"[3104.4150943396226, 296.2830188679245]",Corynebacterium,1,7262
"[3104.4411764705883, 801.9411764705883]",Rothia,1,7264
"[3112.170909090909, 955.9636363636364]",Prevotella,1,7265
"[3104.789473684211, 996.8105263157895]",Leptotrichia,1,7266
"[3105.7115384615386, 1122.6538461538462]",Streptococcus,1,7267
"[3108.223076923077, 1293.446153846154]",Actinomyces,1,7268
"[3104.032786885246, 1498.622950819672]",Streptococcus,1,7269
"[3104.232558139535, 1853.2790697674418]",TM7,1,7270
"[3114.2785388127854, 1928.027397260274]",Corynebacterium,1,7271
"[3106.8829787234044, 182.68085106382978]",Leptotrichia,1,7272
"[3121.751572327044, 891.1729559748428]",Actinomyces,1,7273
"[3105.797101449275, 913.4202898550725]",Rothia,1,7274
"[3107.6185567010307, 933.4123711340206]",Prevotella,1,7275
"[3105.0, 976.5]",Prevotella,1,7276
"[3104.8347826086956, 1421.591304347826]",Porphyromonas,1,7278
"[3107.3272727272724, 54.69090909090909]",Corynebacterium,1,7279
"[3105.0617283950614, 424.87654320987656]",Corynebacterium,1,7280
"[3108.287356321839, 709.9080459770115]",Prevotella,1,7281
"[3115.1930693069307, 1023.0841584158416]",Leptotrichia,1,7282
"[3111.7430167597768, 1313.7597765363128]",Actinomyces,1,7283
"[3110.551470588235, 1363.5220588235295]",Actinomyces,1,7284
"[3105.27868852459, 402.9344262295082]",Corynebacterium,1,7285
"[3108.46875, 444.25]",Corynebacterium,1,7286
"[3108.6326530612246, 760.0408163265306]",Prevotella,1,7287
"[3108.929133858268, 1194.1102362204724]",Porphyromonas,1,7288
"[3111.446540880503, 1383.6415094339623]",Actinomyces,1,7289
"[3107.109375, 1457.328125]",Porphyromonas,1,7290
"[3111.838383838384, 519.6666666666666]",Leptotrichia,1,7291
"[3114.3860759493673, 1332.8987341772151]",Prevotella,1,7292
"[3114.112970711297, 1965.8033472803347]",Corynebacterium,1,7293
"[3110.6530612244896, 208.94897959183675]",Corynebacterium,1,7294
"[3108.356164383562, 311.7808219178082]",Corynebacterium,1,7295
"[3109.402985074627, 363.8955223880597]",Corynebacterium,1,7296
"[3110.4552845528456, 665.390243902439]",Prevotella,1,7297
"[3113.2166666666667, 1279.0]",Streptococcus,1,7298
"[3109.5555555555557, 246.64814814814815]",Corynebacterium,1,7299
"[3117.3888888888887, 621.468253968254]",Prevotella,1,7300
"[3110.159420289855, 1602.7246376811595]",Porphyromonas,1,7301
"[3110.984126984127, 1701.3809523809523]",Prevotella,1,7302
"[3110.012658227848, 1749.8227848101267]",Selenomonas,1,7303
"[3113.34, 154.63]",Leptotrichia,1,7306
"[3112.633663366337, 693.0891089108911]",Prevotella,1,7308
"[3127.22188449848, 265.4376899696049]",Pasteurellaceae,1,7309
"[3116.625, 319.25]",Corynebacterium,1,7310
"[3114.669491525424, 824.9915254237288]",Prevotella,1,7311
"[3120.789473684211, 854.5]",Prevotella,1,7312
"[3113.206349206349, 987.1269841269841]",Streptococcus,1,7313
"[3113.2195121951218, 1080.3089430894308]",Leptotrichia,1,7314
"[3115.322580645161, 1156.2516129032258]",Streptococcus,1,7315
"[3111.8888888888887, 1543.888888888889]",Streptococcus,1,7316
"[3111.753846153846, 1660.246153846154]",Prevotella,1,7317
"[3118.598765432099, 102.56172839506173]",Corynebacterium,1,7318
"[3120.9543726235743, 131.680608365019]",Corynebacterium,1,7319
"[3117.686274509804, 216.5032679738562]",Corynebacterium,1,7320
"[3120.425, 1559.5]",Streptococcus,1,7321
"[3116.4959349593496, 491.5853658536585]",Leptotrichia,1,7324
"[3114.15873015873, 748.3015873015873]",Prevotella,1,7325
"[3114.183673469388, 1233.0204081632653]",Prevotella,1,7326
"[3118.668246445498, 1983.350710900474]",Corynebacterium,1,7327
"[3115.5245901639346, 355.2950819672131]",Corynebacterium,1,7328
"[3115.99, 431.88]",Corynebacterium,1,7329
"[3117.505154639175, 477.22680412371136]",Leptotrichia,1,7330
"[3115.3611111111113, 538.9027777777778]",Leptotrichia,1,7331
"[3120.43125, 640.5125]",Prevotella,1,7332
"[3119.320261437909, 915.1437908496732]",Prevotella,1,7334
"[3114.925925925926, 1266.2037037037037]",Streptococcus,1,7335
"[3119.289772727273, 1577.8636363636363]",Streptococcus,1,7336
"[3118.8390804597702, 92.77011494252874]",Corynebacterium,1,7337
"[3115.9701492537315, 287.05970149253733]",Streptococcus,1,7338
"[3116.904761904762, 401.0857142857143]",Corynebacterium,1,7339
"[3116.3599999999997, 455.68]",Pasteurellaceae,1,7340
"[3119.6050420168067, 793.7394957983194]",Prevotella,1,7341
"[3123.489247311828, 1534.1236559139784]",Streptococcus,1,7343
"[3123.7373737373737, 329.57575757575756]",Corynebacterium,1,7346
"[3119.169491525424, 600.6949152542373]",Prevotella,1,7347
"[3123.986394557823, 722.0272108843537]",Prevotella,1,7348
"[3118.745098039216, 974.7549019607843]",Actinomyces,1,7349
"[3119.8083333333334, 1215.225]",Streptococcus,1,7350
"[3122.8955223880594, 1447.8955223880596]",Actinomyces,1,7351
"[3121.3089430894306, 191.9512195121951]",Leptotrichia,1,7352
"[3118.3818181818183, 248.63636363636363]",Corynebacterium,1,7353
"[3122.6984126984125, 776.2142857142857]",Prevotella,1,7354
"[3117.897727272727, 1046.7272727272727]",Leptotrichia,1,7355
"[3118.6555555555556, 1123.0222222222221]",Streptococcus,1,7356
"[3121.162962962963, 1715.0]",Rothia,1,7357
"[3125.8965517241377, 1834.2643678160919]",Prevotella,1,7358
"[3119.3194444444443, 1857.951388888889]",Veillonella,1,7359
"[3121.1388888888887, 373.18055555555554]",Corynebacterium,1,7360
"[3124.070422535211, 570.9154929577464]",Prevotella,1,7361
"[3122.102189781022, 1138.094890510949]",Streptococcus,1,7362
"[3123.4473684210525, 1346.4122807017543]",Actinomyces,1,7363
"[3121.44, 1591.3866666666668]",Streptococcus,1,7364
"[3119.227848101266, 1687.4430379746836]",Actinomyces,1,7365
"[3120.270833333333, 553.7708333333334]",Leptotrichia,1,7366
"[3121.8053097345132, 1001.0]",Leptotrichia,1,7367
"[3127.6182572614107, 1416.356846473029]",Actinomyces,1,7368
"[3131.304918032787, 80.27213114754099]",Corynebacterium,1,7369
"[3126.3313953488373, 164.07558139534885]",Leptotrichia,1,7370
"[3127.661870503597, 423.80575539568343]",Corynebacterium,1,7371
"[3125.4341463414635, 1180.0975609756097]",Streptococcus,1,7372
"[3120.863636363636, 1249.6666666666667]",Actinomyces,1,7373
"[3121.2307692307695, 1430.820512820513]",Actinomyces,1,7374
"[3122.4117647058824, 1476.7794117647059]",Streptococcus,1,7375
"[3122.4174757281553, 1607.9514563106795]",Porphyromonas,1,7376
"[3125.29375, 1804.25625]",Streptococcus,1,7377
"[3127.5, 293.8838383838384]",Leptotrichia,1,7378
"[3125.344827586207, 351.2344827586207]",Corynebacterium,1,7379
"[3124.9358974358975, 383.9230769230769]",Corynebacterium,1,7380
"[3123.982142857143, 736.7857142857143]",Prevotella,1,7381
"[3121.52, 1464.32]",Porphyromonas,1,7382
"[3122.6296296296296, 1648.6666666666667]",Porphyromonas,1,7383
"[3124.968253968254, 229.44444444444446]",Corynebacterium,1,7384
"[3122.2058823529414, 1097.3676470588234]",Streptococcus,1,7385
"[3124.353383458647, 1744.548872180451]",Porphyromonas,1,7386
"[3123.757575757576, 54.74242424242424]",Corynebacterium,1,7387
"[3127.8230769230768, 514.8846153846154]",Leptotrichia,1,7388
"[3126.734375, 680.4296875]",Prevotella,1,7389
"[3125.1866666666665, 1057.7733333333333]",Leptotrichia,1,7391
"[3125.6766917293235, 1509.6766917293232]",Leptotrichia,1,7392
"[3128.9382716049386, 1677.6728395061727]",Rothia,1,7393
"[3135.1873350923483, 33.52506596306068]",Corynebacterium,1,7394
"[3127.864077669903, 114.99029126213593]",Corynebacterium,1,7395
"[3131.1065989847716, 1084.9746192893401]",Streptococcus,1,7396
"[3127.5697674418607, 1278.0]",Actinomyces,1,7397
"[3125.964285714286, 1630.595238095238]",Porphyromonas,1,7398
"[3127.027027027027, 760.5225225225225]",Prevotella,1,7399
"[3129.0204081632655, 937.9183673469388]",Prevotella,1,7400
"[3133.905579399142, 1256.4334763948498]",Porphyromonas,1,7401
"[3133.951923076923, 411.58653846153845]",Corynebacterium,1,7402
"[3129.1237113402062, 836.8041237113403]",Prevotella,1,7403
"[3131.467105263158, 1295.6842105263158]",Prevotella,1,7404
"[3130.2314814814818, 457.85185185185185]",Corynebacterium,1,7406
"[3130.8888888888887, 442.23809523809524]",Corynebacterium,1,7408
"[3132.981366459627, 589.4409937888199]",Prevotella,1,7409
"[3129.855263157895, 1318.7368421052631]",Porphyromonas,1,7410
"[3133.554347826087, 1729.1630434782608]",Rothia,1,7411
"[3133.162962962963, 536.8962962962963]",Leptotrichia,1,7412
"[3130.169014084507, 1241.3098591549297]",Rothia,1,7413
"[3136.8255813953488, 1995.1802325581396]",Corynebacterium,1,7414
"[3132.06, 550.66]",Leptotrichia,1,7415
"[3134.9764705882353, 701.5235294117647]",Prevotella,1,7416
"[3134.9112426035504, 1196.3905325443786]",Porphyromonas,1,7418
"[3131.54, 1383.64]",Actinomyces,1,7420
"[3139.0106382978724, 1486.1648936170213]",Streptococcus,1,7421
"[3132.038834951456, 1944.9417475728155]",Porphyromonas,1,7422
"[3133.6909090909094, 501.8909090909091]",Leptotrichia,1,7424
"[3133.0410958904113, 786.013698630137]",Prevotella,1,7425
"[3132.2596153846152, 1038.5673076923076]",Leptotrichia,1,7426
"[3134.988888888889, 1154.5944444444444]",Actinomyces,1,7427
"[3140.193717277487, 203.84293193717278]",Leptotrichia,1,7428
"[3132.222222222222, 221.0]",Corynebacterium,1,7429
"[3132.6415094339623, 251.24528301886792]",Pasteurellaceae,1,7430
"[3143.785046728972, 663.9766355140187]",Prevotella,1,7431
"[3136.126984126984, 804.3253968253969]",Prevotella,1,7432
"[3137.162162162162, 1330.7837837837837]",Actinomyces,1,7433
"[3137.211267605634, 1587.1267605633802]",Porphyromonas,1,7434
"[3134.348484848485, 1754.8181818181818]",Selenomonas,1,7435
"[3138.285714285714, 1065.7285714285715]",Leptotrichia,1,7436
"[3145.804780876494, 1217.569721115538]",Porphyromonas,1,7437
"[3138.630208333333, 1857.3333333333333]",Corynebacterium,1,7438
"[3134.8382352941176, 609.4558823529412]",Actinomyces,1,7439
"[3137.1743119266057, 1107.467889908257]",Leptotrichia,1,7440
"[3137.277777777778, 1206.5]",Porphyromonas,1,7441
"[3135.186813186813, 1462.10989010989]",Porphyromonas,1,7443
"[3137.1929824561403, 1601.9736842105262]",Streptococcus,1,7444
"[3143.1407407407405, 1817.1703703703704]",Selenomonas,1,7445
"[3135.2615384615383, 1960.7692307692307]",Porphyromonas,1,7446
"[3138.5714285714284, 172.9090909090909]",Leptotrichia,1,7447
"[3139.4950495049507, 1661.9108910891089]",Porphyromonas,1,7448
"[3138.0235294117647, 1929.764705882353]",Capnocytophaga,1,7449
"[3136.137931034483, 54.93103448275862]",Corynebacterium,1,7450
"[3137.645161290323, 148.9516129032258]",Leptotrichia,1,7451
"[3139.6936936936936, 368.44144144144144]",Corynebacterium,1,7452
"[3138.5425531914893, 1004.8404255319149]",Leptotrichia,1,7453
"[3138.211111111111, 1433.9777777777779]",Actinomyces,1,7454
"[3141.0353535353534, 1625.2171717171718]",Porphyromonas,1,7456
"[3139.5987261146497, 1975.8089171974523]",Corynebacterium,1,7457
"[3139.614457831325, 105.10843373493977]",Corynebacterium,1,7458
"[3138.1012658227846, 238.21518987341773]",Corynebacterium,1,7459
"[3136.74, 923.2]",Prevotella,1,7461
"[3138.6565656565654, 988.7070707070707]",Leptotrichia,1,7462
"[3138.654761904762, 1133.8690476190477]",Streptococcus,1,7463
"[3138.4444444444443, 1355.5777777777778]",Actinomyces,1,7464
"[3137.9305555555557, 1646.861111111111]",Porphyromonas,1,7465
"[3147.5450236966826, 1715.2890995260664]",Rothia,1,7466
"[3140.4601769911505, 307.3362831858407]",Leptotrichia,1,7467
"[3139.604838709677, 347.1774193548387]",Corynebacterium,1,7468
"[3138.6111111111113, 396.55555555555554]",Corynebacterium,1,7469
"[3143.0555555555557, 739.6319444444445]",Prevotella,1,7470
"[3140.8224299065423, 1397.6261682242991]",Prevotella,1,7471
"[3140.0935251798564, 1569.6043165467627]",Streptococcus,1,7472
"[3142.252427184466, 1699.0970873786407]",Rothia,1,7473
"[3140.2, 323.16]",Corynebacterium,1,7474
"[3140.325, 682.6125]",Prevotella,1,7475
"[3143.3982300884954, 643.7256637168142]",Prevotella,1,7477
"[3140.372881355932, 770.0847457627119]",Actinomyces,1,7478
"[3145.992, 1349.928]",Actinomyces,1,7480
"[3142.331210191083, 1513.8917197452229]",Leptotrichia,1,7481
"[3144.5795454545455, 1731.6931818181818]",Rothia,1,7482
"[3147.320224719101, 1753.1011235955057]",Selenomonas,1,7483
"[3147.2246376811595, 12.768115942028986]",Prevotella,1,7484
"[3146.248366013072, 758.6797385620915]",Actinomyces,1,7485
"[3143.9300000000003, 222.83]",Corynebacterium,1,7486
"[3143.5714285714284, 485.6263736263736]",Leptotrichia,1,7487
"[3144.5744680851067, 524.8404255319149]",Leptotrichia,1,7488
"[3145.2025316455697, 611.1012658227849]",Actinomyces,1,7489
"[3145.666666666667, 1022.025641025641]",Leptotrichia,1,7491
"[3148.3083333333334, 1469.3166666666666]",Porphyromonas,1,7492
"[3145.0108695652175, 121.46739130434783]",Leptotrichia,1,7493
"[3149.241935483871, 187.5483870967742]",Leptotrichia,1,7494
"[3148.15873015873, 445.6984126984127]",TM7,1,7495
"[3144.688172043011, 465.78494623655916]",Leptotrichia,1,7496
"[3146.631067961165, 727.1844660194175]",Prevotella,1,7497
"[3149.782352941176, 830.5588235294117]",Leptotrichia,1,7498
"[3145.883870967742, 850.1935483870968]",Leptotrichia,1,7499
"[3145.4957264957266, 907.3418803418804]",Leptotrichia,1,7500
"[3144.781512605042, 952.5210084033613]",Leptotrichia,1,7501
"[3146.6907216494847, 1235.0]",Rothia,1,7502
"[3146.3980582524273, 336.50485436893206]",Corynebacterium,1,7503
"[3148.9494949494947, 869.4040404040404]",Prevotella,1,7505
"[3150.68345323741, 62.23741007194245]",Corynebacterium,1,7506
"[3145.843373493976, 278.5301204819277]",Streptococcus,1,7507
"[3146.833333333333, 379.6764705882353]",Corynebacterium,1,7508
"[3145.2799999999997, 248.96]",Corynebacterium,1,7510
"[3149.2391304347825, 555.5434782608696]",Leptotrichia,1,7511
"[3155.1911764705883, 1053.2794117647059]",Leptotrichia,1,7513
"[3146.852272727273, 1172.6022727272727]",Streptococcus,1,7514
"[3148.48125, 1545.675]",Streptococcus,1,7515
"[3151.6394557823132, 160.22448979591837]",Leptotrichia,1,7516
"[3148.5, 573.5675675675676]",Prevotella,1,7517
"[3149.159090909091, 778.3977272727273]",Prevotella,1,7518
"[3149.564516129032, 1091.9354838709678]",Streptococcus,1,7519
"[3152.255172413793, 1596.1862068965518]",Streptococcus,1,7521
"[3150.119402985075, 1643.597014925373]",Porphyromonas,1,7522
"[3151.906976744186, 1365.7984496124031]",Actinomyces,1,7523
"[3153.4010152284263, 1448.1370558375634]",Porphyromonas,1,7524
"[3152.8613138686133, 1840.5985401459855]",Porphyromonas,1,7525
"[3152.5825242718447, 511.07766990291265]",Leptotrichia,1,7526
"[3152.3302752293575, 1280.7155963302753]",Porphyromonas,1,7527
"[3153.3467741935483, 1490.9435483870968]",Leptotrichia,1,7528
"[3152.9083969465646, 591.3969465648855]",Lautropia,1,7530
"[3156.2516129032256, 626.1806451612903]",Prevotella,1,7531
"[3151.0099009900987, 925.059405940594]",Leptotrichia,1,7532
"[3153.9867549668875, 989.2847682119206]",Leptotrichia,1,7533
"[3158.0555555555557, 1145.8838383838383]",Streptococcus,1,7534
"[3155.0898203592815, 1330.065868263473]",Actinomyces,1,7535
"[3152.916666666667, 1612.638888888889]",Treponema,1,7536
"[3152.468085106383, 1886.372340425532]",Rothia,1,7537
"[3153.8347826086956, 45.55652173913043]",Corynebacterium,1,7538
"[3151.8275862068967, 227.63793103448276]",Corynebacterium,1,7540
"[3152.130434782609, 360.04347826086956]",Corynebacterium,1,7541
"[3151.869565217391, 408.94202898550725]",Corynebacterium,1,7542
"[3151.1509433962265, 425.58490566037733]",Corynebacterium,1,7543
"[3156.352, 936.952]",Prevotella,1,7544
"[3153.475, 970.6375]",Leptotrichia,1,7545
"[3153.6732673267325, 1414.5940594059407]",Porphyromonas,1,7546
"[3151.390625, 1435.015625]",Actinomyces,1,7547
"[3154.448275862069, 1578.1264367816093]",Porphyromonas,1,7548
"[3157.9045226130656, 1968.0954773869346]",Corynebacterium,1,7549
"[3154.4, 133.40833333333333]",Leptotrichia,1,7550
"[3157.5877192982457, 259.8070175438597]",Leptotrichia,1,7551
"[3156.4021739130435, 473.6304347826087]",Corynebacterium,1,7553
"[3156.2754491017963, 1865.5748502994013]",Corynebacterium,1,7555
"[3154.440476190476, 310.2261904761905]",Capnocytophaga,1,7556
"[3154.7264150943397, 711.7075471698113]",Prevotella,1,7557
"[3161.2517482517483, 1238.006993006993]",Prevotella,1,7558
"[3154.6099999999997, 1255.15]",Porphyromonas,1,7559
"[3159.7863247863247, 1195.982905982906]",Porphyromonas,1,7562
"[3156.3255813953488, 1390.8720930232557]",Actinomyces,1,7563
"[3157.605633802817, 1534.612676056338]",Streptococcus,1,7564
"[3163.8310344827587, 1943.0793103448275]",Corynebacterium,1,7565
"[3158.223076923077, 1121.6307692307691]",Streptococcus,1,7566
"[3157.090909090909, 1271.409090909091]",Actinomyces,1,7567
"[3155.8684210526317, 1731.0394736842106]",Rothia,1,7568
"[3157.068493150685, 212.1917808219178]",Corynebacterium,1,7569
"[3168.44262295082, 410.55409836065576]",Corynebacterium,1,7570
"[3160.0569105691056, 538.3658536585366]",Leptotrichia,1,7571
"[3159.1076923076926, 1303.623076923077]",Porphyromonas,1,7572
"[3158.855421686747, 104.32530120481928]",Corynebacterium,1,7573
"[3158.9054054054054, 377.06756756756755]",Corynebacterium,1,7574
"[3158.1964285714284, 565.7321428571429]",Leptotrichia,1,7575
"[3161.4767441860467, 690.1046511627907]",Prevotella,1,7576
"[3166.831932773109, 814.7941176470588]",Leptotrichia,1,7577
"[3163.520833333333, 1561.84375]",Streptococcus,1,7578
"[3159.5285714285715, 1660.7]",Porphyromonas,1,7579
"[3157.677419354839, 85.2258064516129]",Corynebacterium,1,7580
"[3159.723076923077, 250.2923076923077]",Corynebacterium,1,7581
"[3159.3766233766237, 668.7532467532468]",Prevotella,1,7582
"[3161.166666666667, 734.060606060606]",Prevotella,1,7583
"[3164.2012987012986, 875.6623376623377]",Prevotella,1,7584
"[3163.3980582524273, 435.1650485436893]",Corynebacterium,1,7586
"[3166.675276752768, 486.6937269372694]",Leptotrichia,1,7587
"[3159.790697674419, 1017.6511627906976]",Leptotrichia,1,7589
"[3164.7716535433074, 1819.7716535433071]",Selenomonas,1,7590
"[3161.112676056338, 14.633802816901408]",Actinomyces,1,7591
"[3161.166666666667, 114.81944444444444]",Corynebacterium,1,7592
"[3161.8255033557048, 278.5704697986577]",Leptotrichia,1,7593
"[3163.2905982905986, 606.2991452991453]",Prevotella,1,7594
"[3165.5859872611463, 777.5095541401274]",Prevotella,1,7595
"[3163.840909090909, 795.3787878787879]",Lautropia,1,7596
"[3162.11801242236, 1171.8385093167701]",Actinomyces,1,7597
"[3162.5073529411766, 1699.360294117647]",Leptotrichia,1,7598
"[3163.788732394366, 76.85915492957747]",Corynebacterium,1,7599
"[3162.810810810811, 388.1756756756757]",Corynebacterium,1,7600
"[3166.1042944785277, 846.5521472392638]",Rothia,1,7602
"[3161.777777777778, 1620.4]",Porphyromonas,1,7603
"[3164.21875, 640.359375]",Actinomyces,1,7604
"[3166.021739130435, 654.927536231884]",Prevotella,1,7605
"[3165.4912280701756, 1102.9122807017543]",Streptococcus,1,7606
"[3167.6949152542375, 1866.5169491525423]",Pasteurellaceae,1,7607
"[3164.151515151515, 28.136363636363637]",Leptotrichia,1,7608
"[3164.964285714286, 233.3452380952381]",Pasteurellaceae,1,7609
"[3169.153153153153, 899.3423423423424]",Actinomyces,1,7610
"[3171.519736842105, 1005.5592105263158]",Leptotrichia,1,7611
"[3165.393162393162, 1041.2649572649573]",Leptotrichia,1,7612
"[3164.135135135135, 1422.7702702702702]",Porphyromonas,1,7613
"[3163.9871794871797, 1635.4102564102564]",Porphyromonas,1,7615
"[3166.156626506024, 1732.2771084337348]",Prevotella,1,7616
"[3171.7175925925926, 193.89814814814815]",Leptotrichia,1,7617
"[3171.328244274809, 558.6259541984733]",Leptotrichia,1,7619
"[3168.495238095238, 1287.1619047619047]",Actinomyces,1,7620
"[3167.175, 1681.2083333333333]",Lautropia,1,7621
"[3166.0, 136.5421686746988]",Leptotrichia,1,7624
"[3167.445652173913, 214.66304347826087]",Corynebacterium,1,7625
"[3165.1612903225805, 359.9032258064516]",Corynebacterium,1,7626
"[3170.0796812749004, 458.796812749004]",Leptotrichia,1,7627
"[3167.787037037037, 911.925925925926]",Rothia,1,7629
"[3172.635714285714, 932.7571428571429]",Streptococcus,1,7630
"[3166.3506493506493, 1983.5454545454545]",Pasteurellaceae,1,7631
"[3167.77027027027, 50.932432432432435]",Campylobacter,1,7632
"[3167.65, 1446.9625]",Porphyromonas,1,7633
"[3175.5355805243444, 1649.7865168539327]",Porphyromonas,1,7634
"[3169.608, 167.904]",Leptotrichia,1,7635
"[3169.3536585365855, 958.390243902439]",Streptococcus,1,7637
"[3167.171428571429, 1386.0285714285715]",Prevotella,1,7638
"[3172.0582524271845, 589.5339805825242]",Leptotrichia,1,7639
"[3171.1139240506327, 719.4177215189874]",Actinomyces,1,7640
"[3172.9052631578948, 742.4736842105264]",Prevotella,1,7641
"[3168.0975609756097, 1085.1341463414635]",Streptococcus,1,7642
"[3169.8105263157895, 1124.6105263157895]",Streptococcus,1,7643
"[3173.984375, 1315.6015625]",Actinomyces,1,7644
"[3169.1, 1364.0823529411764]",Actinomyces,1,7645
"[3176.494845360825, 149.2835051546392]",Leptotrichia,1,7647
"[3173.173469387755, 333.11224489795916]",Corynebacterium,1,7648
"[3170.9238095238097, 703.3428571428572]",Actinomyces,1,7649
"[3175.8318584070794, 1214.7787610619469]",Actinomyces,1,7650
"[3171.453125, 39.125]",Capnocytophaga,1,7651
"[3172.7571428571428, 673.1428571428571]",Prevotella,1,7652
"[3171.7954545454545, 990.6136363636364]",Leptotrichia,1,7653
"[3172.010989010989, 1341.10989010989]",Actinomyces,1,7654
"[3170.9322033898306, 1403.9322033898304]",Prevotella,1,7655
"[3172.031496062992, 1466.4803149606298]",Streptococcus,1,7656
"[3172.844155844156, 1552.1818181818182]",Porphyromonas,1,7657
"[3171.821917808219, 1835.849315068493]",Streptococcus,1,7659
"[3173.0428571428574, 346.98571428571427]",Corynebacterium,1,7660
"[3175.1632653061224, 531.0612244897959]",Leptotrichia,1,7661
"[3173.1734104046245, 1269.393063583815]",Actinomyces,1,7663
"[3176.859375, 1508.5260416666667]",Streptococcus,1,7664
"[3174.2178217821784, 1591.5544554455446]",Porphyromonas,1,7665
"[3178.029239766082, 105.40350877192982]",Corynebacterium,1,7666
"[3174.0761904761903, 369.77142857142854]",Corynebacterium,1,7667
"[3174.163636363636, 429.5272727272727]",Corynebacterium,1,7668
"[3187.407079646018, 888.0117994100295]",Rothia,1,7669
"[3182.0756756756755, 1157.5135135135135]",Leptotrichia,1,7670
"[3180.1369047619046, 302.36309523809524]",Rothia,1,7671
"[3176.235849056604, 1142.7924528301887]",Leptotrichia,1,7673
"[3173.8072289156626, 1711.9277108433735]",Veillonella,1,7674
"[3185.1283582089554, 1987.4417910447762]",Corynebacterium,1,7675
"[3176.2982456140353, 223.7017543859649]",Corynebacterium,1,7676
"[3177.2054794520545, 1409.972602739726]",Actinomyces,1,7677
"[3177.5257731958764, 1530.9484536082475]",Streptococcus,1,7678
"[3180.530054644809, 15.027322404371585]",Actinomyces,1,7680
"[3176.515789473684, 260.7368421052632]",Leptotrichia,1,7681
"[3176.1951219512193, 757.2926829268292]",Actinomyces,1,7682
"[3175.7377049180327, 858.5573770491803]",Prevotella,1,7683
"[3180.0746268656717, 974.0522388059702]",Leptotrichia,1,7684
"[3176.0697674418607, 1183.5348837209303]",Streptococcus,1,7685
"[3176.2571428571428, 244.07619047619048]",Leptotrichia,1,7686
"[3178.650602409639, 283.578313253012]",Pasteurellaceae,1,7687
"[3178.4125, 1064.6625]",Leptotrichia,1,7688
"[3180.1637931034484, 1111.448275862069]",Streptococcus,1,7689
"[3178.114942528736, 1423.2183908045977]",Actinomyces,1,7690
"[3178.520547945205, 1618.4246575342465]",Porphyromonas,1,7691
"[3180.22131147541, 1734.8852459016393]",TM7,1,7692
"[3181.6583333333333, 55.275]",Corynebacterium,1,7694
"[3179.25, 609.7875]",Prevotella,1,7695
"[3183.3529411764703, 634.3]",Rothia,1,7696
"[3178.790697674419, 1047.2674418604652]",Leptotrichia,1,7697
"[3179.734513274336, 1300.5663716814158]",Prevotella,1,7698
"[3177.245614035088, 1570.3508771929824]",Porphyromonas,1,7700
"[3189.0912162162163, 1859.7263513513512]",Corynebacterium,1,7701
"[3178.746031746032, 129.96825396825398]",Leptotrichia,1,7702
"[3188.995670995671, 580.7445887445888]",Prevotella,1,7703
"[3180.7236842105262, 688.0]",Prevotella,1,7704
"[3189.1973684210525, 798.5]",Leptotrichia,1,7705
"[3180.4074074074074, 915.2345679012345]",Rothia,1,7706
"[3182.0, 1470.8119658119658]",Streptococcus,1,7707
"[3178.716049382716, 1694.2592592592594]",Selenomonas,1,7709
"[3184.090909090909, 507.45959595959596]",Leptotrichia,1,7710
"[3180.5373134328356, 729.955223880597]",Prevotella,1,7711
"[3181.9337349397592, 1026.2590361445782]",Leptotrichia,1,7712
"[3183.3711340206182, 1957.4329896907216]",Corynebacterium,1,7713
"[3184.6916666666666, 382.59166666666664]",Treponema,1,7714
"[3183.891304347826, 1082.141304347826]",Streptococcus,1,7716
"[3181.4558823529414, 82.86764705882354]",Corynebacterium,1,7718
"[3187.0364963503653, 432.18978102189783]",Corynebacterium,1,7719
"[3182.7323943661972, 701.0281690140845]",Prevotella,1,7721
"[3189.134387351779, 772.8537549407115]",Prevotella,1,7722
"[3192.626794258373, 1197.377990430622]",Actinomyces,1,7723
"[3183.0333333333333, 1492.0777777777778]",Streptococcus,1,7724
"[3186.0896551724136, 1932.7724137931034]",TM7,1,7725
"[3182.58, 1360.37]",Actinomyces,1,7727
"[3183.8365384615386, 1448.1923076923076]",Porphyromonas,1,7728
"[3185.727272727273, 226.51048951048952]",Corynebacterium,1,7730
"[3183.264150943396, 351.64150943396226]",Corynebacterium,1,7731
"[3186.0142857142855, 422.1142857142857]",Corynebacterium,1,7732
"[3185.5533980582522, 671.2621359223301]",Prevotella,1,7733
"[3186.9178082191784, 1069.0]",Leptotrichia,1,7734
"[3185.9494949494947, 1672.3030303030303]",Selenomonas,1,7736
"[3187.39603960396, 173.13861386138615]",Leptotrichia,1,7737
"[3189.5582524271845, 273.42233009708735]",Corynebacterium,1,7738
"[3186.2436974789916, 330.218487394958]",Corynebacterium,1,7739
"[3186.956834532374, 404.68345323741005]",Corynebacterium,1,7740
"[3186.31884057971, 745.6811594202899]",Actinomyces,1,7741
"[3185.766355140187, 841.9906542056075]",Rothia,1,7742
"[3194.3611111111113, 1171.8564814814815]",Prevotella,1,7745
"[3186.731092436975, 1241.7226890756303]",Porphyromonas,1,7746
"[3190.861635220126, 34.54716981132076]",Corynebacterium,1,7747
"[3188.6236559139784, 77.38709677419355]",Corynebacterium,1,7748
"[3187.72602739726, 600.4383561643835]",Prevotella,1,7749
"[3190.0, 963.1810344827586]",Leptotrichia,1,7750
"[3187.9333333333334, 990.2333333333333]",Leptotrichia,1,7751
"[3191.6521739130435, 1213.7173913043478]",Actinomyces,1,7752
"[3186.655172413793, 1322.1896551724137]",Actinomyces,1,7753
"[3189.568, 1345.704]",Actinomyces,1,7754
"[3186.774647887324, 1386.4647887323943]",Porphyromonas,1,7755
"[3187.38, 1401.92]",Streptococcus,1,7756
"[3191.772727272727, 1833.5636363636363]",TM7,1,7758
"[3191.5049504950493, 1945.029702970297]",TM7,1,7759
"[3190.1414141414143, 367.35353535353534]",Corynebacterium,1,7760
"[3191.4653465346537, 872.5742574257425]",Prevotella,1,7761
"[3201.1970588235295, 918.3382352941177]",Rothia,1,7762
"[3192.54128440367, 1059.2293577981652]",Leptotrichia,1,7763
"[3188.541666666667, 1576.8055555555557]",Porphyromonas,1,7764
"[3189.862385321101, 1607.7431192660551]",Selenomonas,1,7765
"[3186.6461538461535, 1784.7384615384615]",Selenomonas,1,7766
"[3189.9333333333334, 858.1066666666667]",Prevotella,1,7767
"[3193.5971223021584, 1013.1294964028777]",Leptotrichia,1,7768
"[3190.1782178217823, 1276.3762376237623]",Prevotella,1,7769
"[3196.396396396396, 1891.0765765765766]",Actinomyces,1,7770
"[3191.532608695652, 617.6847826086956]",Leptotrichia,1,7771
"[3193.4240506329115, 827.2974683544304]",Prevotella,1,7772
"[3195.8564102564105, 1129.5128205128206]",Leptotrichia,1,7773
"[3192.3478260869565, 1626.5739130434783]",Porphyromonas,1,7774
"[3191.0298507462685, 1722.9850746268658]",Selenomonas,1,7775
"[3192.3454545454542, 292.92727272727274]",Pasteurellaceae,1,7778
"[3197.3353293413174, 532.8083832335329]",Leptotrichia,1,7779
"[3192.109375, 566.59375]",Leptotrichia,1,7780
"[3194.967105263158, 715.0592105263158]",Actinomyces,1,7781
"[3190.9833333333336, 97.58333333333333]",Corynebacterium,1,7782
"[3193.857142857143, 251.05042016806723]",Leptotrichia,1,7784
"[3196.6936936936936, 519.4324324324324]",Streptococcus,1,7786
"[3195.7179487179487, 733.1623931623932]",Prevotella,1,7787
"[3197.5737704918033, 940.6311475409836]",Leptotrichia,1,7788
"[3200.099290780142, 1228.3191489361702]",Porphyromonas,1,7789
"[3195.0535714285716, 1549.404761904762]",Streptococcus,1,7790
"[3191.5476190476193, 1641.357142857143]",Selenomonas,1,7791
"[3192.064516129032, 1659.5483870967741]",Selenomonas,1,7792
"[3193.791666666667, 204.66666666666666]",Corynebacterium,1,7793
"[3194.6377952755906, 1038.708661417323]",Leptotrichia,1,7795
"[3195.8389830508477, 1086.3305084745762]",Streptococcus,1,7796
"[3194.083333333333, 1426.6666666666667]",Actinomyces,1,7798
"[3192.421052631579, 1442.1929824561403]",Rothia,1,7799
"[3194.5151515151515, 133.24242424242425]",Leptotrichia,1,7800
"[3200.235294117647, 186.58823529411765]",Corynebacterium,1,7801
"[3194.55223880597, 1752.910447761194]",TM7,1,7803
"[3195.698795180723, 157.0843373493976]",Leptotrichia,1,7804
"[3196.049180327869, 645.688524590164]",Prevotella,1,7805
"[3196.9148936170213, 694.063829787234]",Prevotella,1,7807
"[3195.289855072464, 1257.0579710144928]",Actinomyces,1,7809
"[3196.9751552795033, 1478.447204968944]",Porphyromonas,1,7810
"[3196.0349650349654, 1800.027972027972]",TM7,1,7811
"[3199.532894736842, 1917.4473684210527]",Veillonella,1,7812
"[3200.934579439252, 760.2523364485982]",Actinomyces,1,7813
"[3198.6530612244896, 1323.295918367347]",Prevotella,1,7814
"[3199.173913043478, 314.87577639751555]",Leptotrichia,1,7816
"[3196.2333333333336, 345.25]",Corynebacterium,1,7817
"[3196.4444444444443, 489.9259259259259]",Leptotrichia,1,7818
"[3200.176470588235, 1377.5294117647059]",Prevotella,1,7820
"[3197.7307692307695, 1496.2820512820513]",Actinomyces,1,7821
"[3199.315789473684, 1572.6842105263158]",Porphyromonas,1,7822
"[3198.923076923077, 1583.553846153846]",Porphyromonas,1,7823
"[3199.232142857143, 1677.625]",Selenomonas,1,7824
"[3197.465909090909, 1778.090909090909]",TM7,1,7825
"[3204.9907692307693, 225.29846153846154]",Corynebacterium,1,7826
"[3200.123076923077, 333.44615384615383]",Corynebacterium,1,7827
"[3198.333333333333, 1394.4]",Actinomyces,1,7828
"[3199.617283950617, 1733.0]",Corynebacterium,1,7830
"[3203.110169491525, 845.4830508474577]",Prevotella,1,7831
"[3199.955056179775, 1303.426966292135]",Prevotella,1,7832
"[3199.3015873015875, 57.17460317460318]",Corynebacterium,1,7833
"[3204.285714285714, 433.5357142857143]",Corynebacterium,1,7835
"[3206.7654320987654, 1531.954732510288]",Leptotrichia,1,7836
"[3202.1511627906975, 390.9186046511628]",Leptotrichia,1,7837
"[3203.9910714285716, 1600.375]",Selenomonas,1,7838
"[3201.7088607594937, 1642.6455696202531]",Selenomonas,1,7839
"[3204.950980392157, 608.0882352941177]",Prevotella,1,7840
"[3205.2285714285717, 1453.7809523809524]",Actinomyces,1,7841
"[3204.9328358208954, 76.66417910447761]",Corynebacterium,1,7842
"[3205.342105263158, 662.4649122807018]",Streptococcus,1,7844
"[3205.696629213483, 1617.3483146067415]",Porphyromonas,1,7845
"[3204.4835164835167, 1660.2857142857142]",Capnocytophaga,1,7846
"[3204.022988505747, 1813.7471264367816]",TM7,1,7847
"[3203.352272727273, 1870.0454545454545]",Corynebacterium,1,7848
"[3205.9779411764703, 37.99264705882353]",Pasteurellaceae,1,7849
"[3203.310344827586, 174.22413793103448]",Corynebacterium,1,7850
"[3206.310344827586, 294.0258620689655]",Leptotrichia,1,7851
"[3210.2619047619046, 418.0892857142857]",Leptotrichia,1,7852
"[3203.688524590164, 1434.5573770491803]",Actinomyces,1,7853
"[3203.5925925925926, 1839.7777777777778]",Corynebacterium,1,7855
"[3208.8979591836733, 497.41632653061225]",Streptococcus,1,7856
"[3205.790697674419, 679.3604651162791]",Actinomyces,1,7857
"[3205.5714285714284, 748.4]",Prevotella,1,7858
"[3206.4647887323945, 1334.8169014084508]",Streptococcus,1,7860
"[3207.875, 1351.515625]",Prevotella,1,7861
"[3206.1057692307695, 1975.7307692307693]",Corynebacterium,1,7862
"[3210.9670781893, 256.5473251028807]",Leptotrichia,1,7864
"[3205.974358974359, 646.1923076923077]",Rothia,1,7865
"[3207.2038834951454, 959.9223300970874]",Leptotrichia,1,7866
"[3212.454022988506, 1027.0862068965516]",Leptotrichia,1,7867
"[3208.2626262626263, 1141.888888888889]",Leptotrichia,1,7868
"[3208.1027397260277, 97.28082191780823]",Corynebacterium,1,7869
"[3212.8114285714287, 176.74857142857144]",Corynebacterium,1,7871
"[3207.972222222222, 344.44444444444446]",Corynebacterium,1,7872
"[3208.7, 555.0642857142857]",Rothia,1,7873
"[3208.8971962616824, 572.2056074766355]",Leptotrichia,1,7874
"[3209.5, 704.5125]",Prevotella,1,7875
"[3209.45, 773.96]",Prevotella,1,7876
"[3207.88, 866.83]",Rothia,1,7877
"[3207.609375, 979.53125]",Streptococcus,1,7878
"[3211.6825396825398, 998.015873015873]",Leptotrichia,1,7879
"[3209.2830188679245, 1204.0094339622642]",Streptococcus,1,7880
"[3208.264367816092, 1424.712643678161]",Lautropia,1,7881
"[3210.5257142857145, 1569.0457142857142]",Porphyromonas,1,7882
"[3208.2363636363634, 1704.0181818181818]",Fusobacterium,1,7883
"[3210.722222222222, 150.94444444444446]",Corynebacterium,1,7884
"[3210.94623655914, 626.0]",Rothia,1,7885
"[3208.4590163934427, 822.639344262295]",Prevotella,1,7886
"[3209.265060240964, 1098.3734939759036]",Streptococcus,1,7889
"[3214.6879432624114, 1155.3617021276596]",Leptotrichia,1,7890
"[3212.061403508772, 1368.9122807017543]",Actinomyces,1,7891
"[3208.4566929133857, 1390.748031496063]",Actinomyces,1,7892
"[3208.222222222222, 1752.0416666666667]",TM7,1,7893
"[3210.2631578947367, 16.03157894736842]",Capnocytophaga,1,7894
"[3212.847619047619, 1281.9380952380952]",Rothia,1,7895
"[3211.3529411764703, 1630.9411764705883]",Selenomonas,1,7896
"[3216.4013157894738, 1778.217105263158]",Pasteurellaceae,1,7897
"[3209.460526315789, 1793.3947368421052]",TM7,1,7898
"[3211.028846153846, 1952.701923076923]",Corynebacterium,1,7899
"[3209.6285714285714, 62.885714285714286]",Corynebacterium,1,7900
"[3214.3049645390074, 138.2836879432624]",Leptotrichia,1,7901
"[3210.815789473684, 283.0263157894737]",Leptotrichia,1,7902
"[3209.017857142857, 595.2321428571429]",Leptotrichia,1,7903
"[3211.155737704918, 791.0819672131148]",Actinomyces,1,7904
"[3212.184782608696, 1048.9130434782608]",Leptotrichia,1,7905
"[3210.671052631579, 1849.1973684210527]",Corynebacterium,1,7907
"[3213.7608695652175, 362.2282608695652]",Corynebacterium,1,7908
"[3214.5454545454545, 743.7777777777778]",Prevotella,1,7909
"[3210.2, 895.82]",Prevotella,1,7910
"[3219.5469613259665, 1251.2486187845304]",Actinomyces,1,7911
"[3211.469696969697, 1934.5530303030303]",Corynebacterium,1,7912
"[3216.924369747899, 115.3109243697479]",Pasteurellaceae,1,7913
"[3221.559585492228, 161.33678756476684]",Corynebacterium,1,7914
"[3216.070866141732, 208.6535433070866]",Corynebacterium,1,7915
"[3213.0, 1070.0753424657535]",Leptotrichia,1,7916
"[3213.397727272727, 1221.340909090909]",Rothia,1,7917
"[3214.6984126984125, 1419.873015873016]",Rothia,1,7918
"[3213.2195121951218, 1596.1097560975609]",Selenomonas,1,7919
"[3216.6457142857143, 1739.777142857143]",Pasteurellaceae,1,7920
"[3214.965909090909, 690.2840909090909]",Prevotella,1,7922
"[3217.894409937888, 1918.6770186335405]",Veillonella,1,7923
"[3214.7615384615383, 808.1538461538462]",Leptotrichia,1,7924
"[3218.3684210526317, 886.9624060150376]",Rothia,1,7925
"[3215.3860759493673, 1177.2151898734178]",Streptococcus,1,7927
"[3214.633333333333, 1466.5333333333333]",Prevotella,1,7928
"[3217.462264150943, 1830.1509433962265]",Corynebacterium,1,7929
"[3223.19689119171, 607.9637305699482]",Rothia,1,7930
"[3216.0761904761903, 727.7047619047619]",Prevotella,1,7931
"[3215.0636363636363, 1652.6909090909091]",Selenomonas,1,7933
"[3223.0650887573966, 1760.3313609467455]",TM7,1,7934
"[3224.441340782123, 1900.0614525139665]",Porphyromonas,1,7935
"[3219.4848484848485, 540.1287878787879]",Leptotrichia,1,7937
"[3225.167487684729, 859.4137931034483]",Prevotella,1,7938
"[3221.082644628099, 1195.98347107438]",Streptococcus,1,7940
"[3218.868571428571, 1321.5657142857142]",Rothia,1,7941
"[3217.44776119403, 1862.7014925373135]",Corynebacterium,1,7944
"[3217.589285714286, 313.57142857142856]",Leptotrichia,1,7945
"[3218.546218487395, 401.6806722689076]",Leptotrichia,1,7946
"[3218.6122448979595, 587.2244897959183]",Rothia,1,7947
"[3218.5471698113206, 832.2075471698113]",Prevotella,1,7948
"[3217.416666666667, 1265.9666666666667]",Prevotella,1,7949
"[3218.208791208791, 1496.131868131868]",Actinomyces,1,7950
"[3220.5975609756097, 10.670731707317072]",Rothia,1,7951
"[3225.074285714286, 235.6457142857143]",Leptotrichia,1,7952
"[3229.0726495726494, 762.3034188034188]",Prevotella,1,7953
"[3222.2374100719426, 1343.230215827338]",Prevotella,1,7954
"[3218.035714285714, 1450.107142857143]",Actinomyces,1,7955
"[3218.5419847328244, 1811.496183206107]",Pasteurellaceae,1,7957
"[3220.0333333333333, 711.55]",Prevotella,1,7958
"[3218.7384615384617, 1682.2153846153847]",Selenomonas,1,7959
"[3220.1171875, 1978.3203125]",Corynebacterium,1,7960
"[3222.666666666667, 103.73076923076923]",Corynebacterium,1,7961
"[3220.5581395348836, 1233.5232558139535]",Actinomyces,1,7963
"[3232.980158730159, 1726.079365079365]",TM7,1,7964
"[3222.025641025641, 1845.128205128205]",Corynebacterium,1,7965
"[3223.0315789473684, 522.9052631578948]",Prevotella,1,7967
"[3223.65, 904.18]",Rothia,1,7968
"[3222.408695652174, 936.9304347826087]",Prevotella,1,7969
"[3224.7029702970294, 1092.6089108910892]",Leptotrichia,1,7970
"[3224.580952380952, 1483.5904761904762]",Porphyromonas,1,7971
"[3222.654761904762, 46.88095238095238]",Corynebacterium,1,7972
"[3222.6213592233007, 73.7864077669903]",Corynebacterium,1,7973
"[3222.5967741935483, 196.33870967741936]",Corynebacterium,1,7974
"[3225.4606741573034, 504.3707865168539]",Leptotrichia,1,7975
"[3227.0289855072465, 1438.036231884058]",Prevotella,1,7976
"[3221.728813559322, 1667.2711864406779]",Selenomonas,1,7977
"[3225.775510204082, 58.38775510204081]",Corynebacterium,1,7978
"[3226.8742857142856, 563.3657142857143]",Leptotrichia,1,7979
"[3224.782608695652, 632.6086956521739]",Rothia,1,7980
"[3226.633663366337, 648.5445544554456]",Leptotrichia,1,7981
"[3223.835294117647, 676.2117647058824]",Leptotrichia,1,7982
"[3228.3858267716532, 737.7874015748032]",Prevotella,1,7983
"[3226.745454545455, 967.1818181818181]",Leptotrichia,1,7984
"[3225.3272727272724, 1123.8181818181818]",Leptotrichia,1,7985
"[3223.855421686747, 334.8192771084337]",Leptotrichia,1,7986
"[3226.322916666667, 875.15625]",Prevotella,1,7987
"[3225.6, 1018.9333333333333]",Leptotrichia,1,7988
"[3228.0362903225805, 1391.6451612903227]",Actinomyces,1,7989
"[3222.342857142857, 1633.6142857142856]",Corynebacterium,1,7990
"[3225.863636363636, 295.76363636363635]",Leptotrichia,1,7991
"[3235.2006920415224, 359.3529411764706]",Leptotrichia,1,7992
"[3224.9833333333336, 821.4166666666666]",Rothia,1,7993
"[3231.8535353535353, 1143.1161616161617]",Leptotrichia,1,7994
"[3229.956204379562, 1160.1605839416059]",Leptotrichia,1,7995
"[3229.8828125, 1867.515625]",Corynebacterium,1,7996
"[3226.0, 593.8064516129032]",Rothia,1,7998
"[3227.377551020408, 843.4081632653061]",Prevotella,1,7999
"[3227.508620689655, 1212.3706896551723]",Porphyromonas,1,8000
"[3227.2411764705885, 1555.3823529411766]",Leptotrichia,1,8001
"[3227.0467289719627, 1791.4205607476636]",Corynebacterium,1,8003
"[3244.2133757961783, 84.85987261146497]",Corynebacterium,1,8004
"[3228.191011235955, 277.7415730337079]",Leptotrichia,1,8005
"[3234.3933333333334, 662.4666666666667]",Lautropia,1,8006
"[3228.26582278481, 921.1139240506329]",Prevotella,1,8007
"[3228.951219512195, 1306.3658536585365]",Actinomyces,1,8008
"[3230.418439716312, 1533.7801418439717]",Leptotrichia,1,8009
"[3229.969696969697, 35.04040404040404]",Corynebacterium,1,8010
"[3228.301369863014, 342.3150684931507]",Leptotrichia,1,8011
"[3232.621848739496, 1005.655462184874]",Leptotrichia,1,8012
"[3227.6016949152545, 1044.8305084745762]",Leptotrichia,1,8013
"[3229.243902439024, 1288.1341463414635]",Rothia,1,8014
"[3228.2830188679245, 1418.5566037735848]",Actinomyces,1,8015
"[3229.2608695652175, 1461.8152173913043]",Prevotella,1,8016
"[3228.037037037037, 1708.6851851851852]",Fusobacterium,1,8018
"[3230.6044776119406, 1361.089552238806]",Prevotella,1,8019
"[3229.065217391304, 1586.4891304347825]",Selenomonas,1,8020
"[3229.964705882353, 1935.8235294117646]",TM7,1,8021
"[3235.2037037037035, 1960.4444444444443]",Corynebacterium,1,8022
"[3238.724489795918, 572.8112244897959]",Leptotrichia,1,8023
"[3234.2375, 696.45]",Leptotrichia,1,8024
"[3236.5252525252527, 1176.530303030303]",Streptococcus,1,8025
"[3232.651785714286, 1608.669642857143]",Rothia,1,8026
"[3232.2, 1658.975]",Pasteurellaceae,1,8027
"[3234.6514285714284, 138.26857142857142]",Leptotrichia,1,8028
"[3230.3676470588234, 251.88235294117646]",Leptotrichia,1,8029
"[3239.7907949790797, 713.7196652719665]",Prevotella,1,8030
"[3231.7532467532465, 808.9090909090909]",Prevotella,1,8031
"[3236.563157894737, 1511.8]",Prevotella,1,8032
"[3234.1388888888887, 184.11111111111111]",Corynebacterium,1,8034
"[3238.5874439461886, 116.19730941704036]",Corynebacterium,1,8036
"[3234.322033898305, 322.8813559322034]",Leptotrichia,1,8037
"[3234.0, 1109.1734693877552]",Streptococcus,1,8038
"[3235.7666666666664, 1689.8380952380953]",Pasteurellaceae,1,8039
"[3233.804347826087, 1747.3804347826087]",Pasteurellaceae,1,8040
"[3237.2380952380954, 205.24603174603175]",Corynebacterium,1,8041
"[3235.1754385964914, 1327.298245614035]",Prevotella,1,8042
"[3241.0279720279723, 1670.6153846153845]",Corynebacterium,1,8043
"[3243.0598802395207, 1940.6946107784431]",Corynebacterium,1,8044
"[3234.54, 65.62]",Corynebacterium,1,8045
"[3234.4, 939.4153846153846]",Rothia,1,8046
"[3235.64406779661, 1232.6440677966102]",Porphyromonas,1,8047
"[3234.7195121951218, 1636.3048780487804]",Selenomonas,1,8048
"[3239.5185185185182, 226.78703703703704]",Leptotrichia,1,8049
"[3239.354838709677, 680.6129032258065]",Leptotrichia,1,8051
"[3236.194805194805, 1060.1948051948052]",Leptotrichia,1,8052
"[3238.6705882352944, 1261.9529411764706]",Leptotrichia,1,8054
"[3235.9803921568628, 1976.764705882353]",Corynebacterium,1,8055
"[3242.959064327485, 15.187134502923977]",Leptotrichia,1,8056
"[3238.6202531645567, 307.54430379746833]",Leptotrichia,1,8057
"[3239.8268156424583, 830.7430167597765]",Prevotella,1,8058
"[3237.1384615384613, 1077.9846153846154]",Leptotrichia,1,8059
"[3238.344827586207, 1803.7011494252874]",Corynebacterium,1,8061
"[3238.024691358025, 161.96296296296296]",Corynebacterium,1,8063
"[3239.402597402597, 619.0519480519481]",Leptotrichia,1,8064
"[3239.60396039604, 791.7326732673267]",Actinomyces,1,8065
"[3240.8264840182646, 903.0091324200913]",Rothia,1,8066
"[3241.0625, 953.4270833333334]",Rothia,1,8067
"[3237.7246376811595, 1820.4492753623188]",TM7,1,8068
"[3241.504201680672, 1994.6302521008404]",Corynebacterium,1,8069
"[3240.4545454545455, 295.93506493506493]",Leptotrichia,1,8070
"[3242.7758620689656, 931.9310344827586]",Rothia,1,8071
"[3242.8214285714284, 1435.4142857142858]",Prevotella,1,8072
"[3240.354838709677, 605.8548387096774]",Lautropia,1,8074
"[3241.4933333333333, 812.2933333333333]",Actinomyces,1,8075
"[3240.3076923076924, 1031.4]",Leptotrichia,1,8076
"[3240.4861111111113, 1404.1527777777778]",Prevotella,1,8077
"[3243.967213114754, 1587.7295081967213]",Selenomonas,1,8078
"[3245.320224719101, 1885.4494382022472]",Porphyromonas,1,8079
"[3248.4408163265307, 526.465306122449]",Streptococcus,1,8080
"[3249.2065217391305, 728.2391304347826]",Rothia,1,8081
"[3244.628205128205, 990.5320512820513]",Leptotrichia,1,8082
"[3243.0390625, 1481.2578125]",Prevotella,1,8083
"[3240.895348837209, 1552.4651162790697]",Porphyromonas,1,8084
"[3240.782608695652, 1704.9565217391305]",Corynebacterium,1,8085
"[3243.7314814814818, 1761.138888888889]",Pasteurellaceae,1,8086
"[3250.589211618257, 1783.3983402489628]",Corynebacterium,1,8087
"[3253.3272727272724, 99.31363636363636]",Corynebacterium,1,8088
"[3245.4173228346453, 1017.2755905511812]",Leptotrichia,1,8089
"[3243.4814814814818, 1129.5925925925926]",Streptococcus,1,8090
"[3241.809523809524, 1214.5873015873017]",Porphyromonas,1,8091
"[3245.093220338983, 1847.8559322033898]",Corynebacterium,1,8092
"[3244.5280898876404, 215.2134831460674]",Corynebacterium,1,8093
"[3245.3360000000002, 503.024]",Streptococcus,1,8094
"[3251.4661016949153, 552.7754237288135]",Leptotrichia,1,8095
"[3247.1176470588234, 1056.035294117647]",Leptotrichia,1,8096
"[3252.845283018868, 1192.977358490566]",Actinomyces,1,8097
"[3243.798165137615, 1907.4495412844037]",Porphyromonas,1,8100
"[3249.0067114093963, 590.993288590604]",Prevotella,1,8101
"[3248.806282722513, 633.6387434554974]",Leptotrichia,1,8102
"[3247.0753424657532, 1283.6027397260275]",Rothia,1,8103
"[3247.2566371681414, 1341.1238938053098]",Prevotella,1,8104
"[3244.6521739130435, 1375.8260869565217]",Rothia,1,8105
"[3248.696, 1638.464]",Pasteurellaceae,1,8106
"[3250.541666666667, 1100.297619047619]",Streptococcus,1,8107
"[3248.333333333333, 1244.4761904761904]",Actinomyces,1,8108
"[3247.1785714285716, 1298.3690476190477]",Rothia,1,8109
"[3247.3444444444444, 31.977777777777778]",Corynebacterium,1,8110
"[3247.648148148148, 57.26851851851852]",Corynebacterium,1,8111
"[3248.156626506024, 1042.9397590361446]",Leptotrichia,1,8112
"[3247.2528735632186, 1451.5402298850574]",Actinomyces,1,8113
"[3248.43949044586, 328.8980891719745]",Leptotrichia,1,8114
"[3255.9850746268658, 1318.358208955224]",Prevotella,1,8115
"[3250.9240506329115, 1531.506329113924]",Streptococcus,1,8117
"[3247.8823529411766, 1810.5058823529412]",Pasteurellaceae,1,8118
"[3249.061403508772, 1979.3333333333333]",Capnocytophaga,1,8119
"[3248.9367088607596, 157.69620253164558]",Corynebacterium,1,8120
"[3250.8076923076924, 768.3333333333334]",Prevotella,1,8121
"[3250.3246753246754, 942.1428571428571]",Rothia,1,8122
"[3248.644444444444, 1084.0555555555557]",Leptotrichia,1,8123
"[3252.396226415094, 1398.7169811320755]",Prevotella,1,8124
"[3247.698113207547, 174.9245283018868]",Corynebacterium,1,8125
"[3250.3870967741937, 981.8709677419355]",Leptotrichia,1,8126
"[3249.4945054945056, 1606.5604395604396]",Leptotrichia,1,8128
"[3250.985507246377, 130.95652173913044]",Corynebacterium,1,8129
"[3256.833333333333, 880.7222222222222]",Lautropia,1,8130
"[3252.8153846153846, 1415.9692307692308]",Prevotella,1,8131
"[3254.657608695652, 1827.8858695652175]",Pasteurellaceae,1,8132
"[3253.2868217054265, 191.3875968992248]",Corynebacterium,1,8133
"[3253.16, 649.8]",Leptotrichia,1,8134
"[3255.1016949152545, 849.1694915254237]",Leptotrichia,1,8135
"[3251.3287671232874, 1710.8219178082193]",Corynebacterium,1,8137
"[3256.022099447514, 1746.0718232044198]",Corynebacterium,1,8138
"[3257.302325581395, 805.1104651162791]",Actinomyces,1,8139
"[3255.1203703703704, 1068.5462962962963]",Leptotrichia,1,8140
"[3252.984126984127, 1350.4761904761904]",Prevotella,1,8141
"[3252.9145299145302, 1554.2649572649573]",Streptococcus,1,8142
"[3253.169811320755, 1577.7735849056603]",Treponema,1,8143
"[3253.6153846153848, 1727.179487179487]",Corynebacterium,1,8145
"[3260.9662162162163, 923.668918918919]",Rothia,1,8146
"[3257.9523809523807, 967.9285714285714]",Leptotrichia,1,8147
"[3256.315789473684, 1215.561403508772]",Actinomyces,1,8148
"[3255.008064516129, 1921.8548387096773]",Corynebacterium,1,8149
"[3259.9325153374234, 609.0858895705521]",Leptotrichia,1,8151
"[3258.9126984126983, 1383.952380952381]",Prevotella,1,8152
"[3259.927536231884, 1677.0144927536232]",Corynebacterium,1,8153
"[3254.9655172413795, 574.8620689655172]",Leptotrichia,1,8154
"[3257.367088607595, 892.6962025316456]",Actinomyces,1,8156
"[3257.3175675675675, 1031.8581081081081]",Leptotrichia,1,8157
"[3256.2022471910113, 1114.5393258426966]",Streptococcus,1,8158
"[3258.2333333333336, 743.1666666666666]",Prevotella,1,8160
"[3256.775280898876, 1369.3932584269662]",Actinomyces,1,8161
"[3258.5700934579436, 1478.0934579439252]",Actinomyces,1,8162
"[3260.2, 70.4952380952381]",Corynebacterium,1,8163
"[3260.3257575757575, 1000.9015151515151]",Leptotrichia,1,8164
"[3257.983050847458, 1588.7627118644068]",Selenomonas,1,8165
"[3257.1157894736843, 1767.7578947368422]",Corynebacterium,1,8166
"[3263.0, 1855.2349726775956]",TM7,1,8167
"[3259.666666666667, 822.9420289855072]",Prevotella,1,8168
"[3265.0516129032258, 865.0064516129032]",Prevotella,1,8170
"[3266.242574257426, 954.0346534653465]",Lautropia,1,8171
"[3259.854166666667, 1134.0277777777778]",Streptococcus,1,8173
"[3263.3125, 1252.1607142857142]",Prevotella,1,8174
"[3265.682310469314, 1442.2454873646209]",Prevotella,1,8175
"[3259.5728155339802, 1695.7378640776699]",Selenomonas,1,8176
"[3259.7179487179487, 164.67948717948718]",Corynebacterium,1,8177
"[3260.95625, 685.71875]",Prevotella,1,8178
"[3265.5, 1871.6507936507937]",Corynebacterium,1,8179
"[3260.3373493975905, 1995.7590361445782]",Corynebacterium,1,8180
"[3272.1830985915494, 1224.5845070422536]",Porphyromonas,1,8185
"[3262.5333333333333, 1465.3833333333334]",Prevotella,1,8187
"[3263.0761904761903, 1501.7285714285715]",Streptococcus,1,8188
"[3263.235849056604, 659.8679245283018]",Pasteurellaceae,1,8189
"[3262.6535433070867, 12.51968503937008]",Corynebacterium,1,8192
"[3261.48, 149.38666666666666]",Corynebacterium,1,8193
"[3269.2, 207.24375]",Corynebacterium,1,8194
"[3274.24, 713.9054545454545]",Prevotella,1,8196
"[3263.3529411764703, 33.32941176470588]",Corynebacterium,1,8197
"[3268.1721854304633, 1304.5562913907286]",Prevotella,1,8199
"[3262.2692307692305, 1346.5576923076924]",Prevotella,1,8200
"[3265.3818181818183, 1649.9363636363637]",Corynebacterium,1,8201
"[3263.658536585366, 1903.0731707317073]",Porphyromonas,1,8202
"[3267.0967741935483, 48.12903225806452]",Corynebacterium,1,8204
"[3266.743902439024, 546.4268292682926]",Leptotrichia,1,8205
"[3264.0192307692305, 1357.3653846153845]",Porphyromonas,1,8206
"[3268.4604316546765, 1595.8057553956835]",Corynebacterium,1,8207
"[3264.6990291262136, 1617.8446601941748]",Treponema,1,8208
"[3267.2452830188677, 119.0503144654088]",Rothia,1,8210
"[3265.581081081081, 139.04054054054055]",Corynebacterium,1,8211
"[3270.6906779661017, 1282.834745762712]",Actinomyces,1,8213
"[3274.029411764706, 1636.8039215686274]",Corynebacterium,1,8215
"[3265.314814814815, 1726.388888888889]",Selenomonas,1,8216
"[3267.5220125786163, 1956.0566037735848]",Capnocytophaga,1,8217
"[3266.8314606741574, 1049.2247191011236]",Leptotrichia,1,8218
"[3269.578125, 760.7734375]",Prevotella,1,8219
"[3270.507692307692, 1082.8]",Leptotrichia,1,8220
"[3274.5661375661375, 1101.2116402116403]",Leptotrichia,1,8221
"[3267.125, 1420.75]",Prevotella,1,8222
"[3267.6909090909094, 1934.7727272727273]",Treponema,1,8223
"[3268.8543689320386, 585.6019417475728]",Leptotrichia,1,8224
"[3268.6486486486488, 633.2567567567568]",Leptotrichia,1,8225
"[3269.5447761194027, 980.5223880597015]",Lautropia,1,8226
"[3269.977272727273, 532.3636363636364]",Leptotrichia,1,8227
"[3273.675213675214, 1028.068376068376]",Leptotrichia,1,8228
"[3276.886639676113, 736.7692307692307]",Actinomyces,1,8230
"[3272.726872246696, 1559.9162995594713]",Streptococcus,1,8231
"[3274.147286821705, 1818.5503875968993]",TM7,1,8232
"[3270.133333333333, 1917.4533333333334]",Treponema,1,8233
"[3270.9866666666667, 1368.7466666666667]",Prevotella,1,8236
"[3271.7768595041325, 1401.6694214876034]",Prevotella,1,8237
"[3278.184523809524, 908.6071428571429]",Leptotrichia,1,8238
"[3271.7017543859647, 1118.9298245614036]",Streptococcus,1,8239
"[3274.5615384615385, 1330.4538461538461]",Prevotella,1,8240
"[3272.7214285714285, 1534.55]",Streptococcus,1,8241
"[3278.0142857142855, 158.65714285714284]",Pasteurellaceae,1,8242
"[3275.4406779661017, 565.7542372881356]",Leptotrichia,1,8243
"[3279.315476190476, 778.3035714285714]",Prevotella,1,8244
"[3274.655913978495, 1014.741935483871]",Leptotrichia,1,8245
"[3274.3790322580644, 1157.5564516129032]",Actinomyces,1,8246
"[3275.7428571428572, 817.1047619047619]",Actinomyces,1,8247
"[3284.005602240896, 931.4033613445379]",Prevotella,1,8248
"[3274.2200000000003, 995.96]",Leptotrichia,1,8249
"[3278.1386861313867, 1069.4817518248176]",Streptococcus,1,8250
"[3275.2264150943397, 1342.7641509433963]",Actinomyces,1,8251
"[3274.366197183099, 1735.6338028169014]",Corynebacterium,1,8252
"[3279.099378881988, 1964.9813664596272]",Capnocytophaga,1,8253
"[3281.0714285714284, 50.15873015873016]",Corynebacterium,1,8254
"[3278.217391304348, 178.52173913043478]",Corynebacterium,1,8255
"[3281.8161764705883, 631.1029411764706]",Prevotella,1,8256
"[3281.0285714285715, 846.9514285714286]",Prevotella,1,8257
"[3276.8283582089553, 1489.3059701492537]",Porphyromonas,1,8258
"[3276.85, 1678.33]",Corynebacterium,1,8259
"[3276.5922330097087, 1693.7378640776699]",Leptotrichia,1,8260
"[3277.316455696203, 61.51898734177215]",Corynebacterium,1,8262
"[3291.563953488372, 613.6918604651163]",Leptotrichia,1,8263
"[3279.064814814815, 691.3981481481482]",Leptotrichia,1,8264
"[3277.4943820224717, 1177.1348314606741]",Porphyromonas,1,8265
"[3277.181818181818, 1579.6818181818182]",Selenomonas,1,8266
"[3279.714285714286, 1613.2472527472528]",Selenomonas,1,8267
"[3283.363636363636, 21.056277056277057]",Corynebacterium,1,8269
"[3280.869822485207, 79.71005917159763]",Corynebacterium,1,8270
"[3278.237113402062, 876.7422680412371]",Leptotrichia,1,8271
"[3277.890909090909, 1059.7454545454545]",Porphyromonas,1,8272
"[3283.3271604938273, 1128.2345679012346]",Porphyromonas,1,8273
"[3279.095238095238, 1884.4761904761904]",Corynebacterium,1,8274
"[3282.3204419889503, 651.6408839779006]",Leptotrichia,1,8275
"[3278.8682170542634, 1195.4883720930231]",Porphyromonas,1,8276
"[3278.2337662337663, 1255.5714285714287]",Prevotella,1,8277
"[3278.6464646464647, 1835.7373737373737]",TM7,1,8278
"[3284.3090909090906, 135.98181818181817]",Corynebacterium,1,8279
"[3281.133333333333, 672.9333333333333]",Treponema,1,8280
"[3284.5210084033615, 1142.9579831932774]",Porphyromonas,1,8281
"[3281.6158940397354, 1464.8145695364237]",Actinomyces,1,8282
"[3278.537037037037, 582.6481481481482]",Leptotrichia,1,8283
"[3281.467741935484, 896.3629032258065]",Lautropia,1,8284
"[3283.864, 1242.232]",Streptococcus,1,8285
"[3284.308270676692, 1981.2781954887218]",Corynebacterium,1,8286
"[3282.729166666667, 520.375]",Leptotrichia,1,8287
"[3285.154929577465, 594.6338028169014]",Leptotrichia,1,8288
"[3283.613636363636, 793.6818181818181]",Rothia,1,8290
"[3282.890410958904, 1317.13698630137]",Streptococcus,1,8291
"[3282.0439560439563, 1387.142857142857]",Actinomyces,1,8292
"[3286.6984126984125, 1424.3121693121693]",Prevotella,1,8293
"[3283.5636363636363, 1661.3]",Capnocytophaga,1,8294
"[3281.8, 1910.66]",TM7,1,8295
"[3296.0794392523367, 813.1401869158879]",Prevotella,1,8296
"[3283.3132530120483, 969.3975903614457]",Lautropia,1,8297
"[3283.943181818182, 1044.7386363636363]",Leptotrichia,1,8298
"[3282.0625, 1939.609375]",Capnocytophaga,1,8299
"[3287.2799999999997, 549.32]",Rothia,1,8300
"[3288.6923076923076, 945.3365384615385]",Prevotella,1,8302
"[3287.0, 1288.5]",Actinomyces,1,8303
"[3288.3831775700937, 1301.8317757009345]",Actinomyces,1,8304
"[3286.0757575757575, 1583.2575757575758]",Corynebacterium,1,8305
"[3285.8939393939395, 1817.6060606060605]",Corynebacterium,1,8306
"[3295.4892086330938, 536.8489208633093]",TM7,1,8307
"[3287.176470588235, 573.3529411764706]",Leptotrichia,1,8308
"[3289.3758389261748, 986.6174496644295]",Leptotrichia,1,8309
"[3291.112676056338, 1058.8661971830986]",Rothia,1,8310
"[3289.289772727273, 1267.4431818181818]",Actinomyces,1,8312
"[3288.2452830188677, 98.88679245283019]",Corynebacterium,1,8313
"[3290.0481927710844, 152.27710843373495]",Leptotrichia,1,8314
"[3289.252747252747, 1522.8241758241759]",Streptococcus,1,8315
"[3289.421052631579, 762.5087719298245]",Prevotella,1,8316
"[3293.242774566474, 1161.1676300578035]",Porphyromonas,1,8317
"[3288.6610169491523, 1398.8474576271187]",Rothia,1,8318
"[3291.553719008264, 1507.900826446281]",Porphyromonas,1,8320
"[3289.948717948718, 111.6025641025641]",Pasteurellaceae,1,8321
"[3294.8296296296294, 1083.8074074074075]",Leptotrichia,1,8322
"[3294.5617283950614, 1210.2716049382716]",Porphyromonas,1,8323
"[3292.857142857143, 1379.7551020408164]",Prevotella,1,8324
"[3291.409722222222, 1547.9166666666667]",Streptococcus,1,8325
"[3296.7478991596636, 1897.9957983193278]",Leptotrichia,1,8326
"[3292.8, 69.96470588235294]",Corynebacterium,1,8328
"[3293.7295081967213, 744.6639344262295]",Prevotella,1,8329
"[3290.7951807228915, 1029.3493975903614]",Leptotrichia,1,8330
"[3298.122905027933, 721.7988826815642]",Leptotrichia,1,8332
"[3294.360655737705, 1006.4180327868852]",Leptotrichia,1,8333
"[3293.043010752688, 1109.1612903225807]",Actinomyces,1,8334
"[3294.632, 1354.256]",Leptotrichia,1,8335
"[3291.859375, 1678.390625]",Corynebacterium,1,8336
"[3297.838323353293, 1926.1616766467066]",Leptotrichia,1,8337
"[3295.754098360656, 884.672131147541]",Leptotrichia,1,8339
"[3295.311688311688, 191.05627705627705]",Leptotrichia,1,8340
"[3298.893081761006, 600.1132075471698]",Leptotrichia,1,8342
"[3294.475, 964.5125]",Rothia,1,8343
"[3296.1153846153848, 1410.2692307692307]",Prevotella,1,8344
"[3295.956140350877, 1578.438596491228]",Corynebacterium,1,8345
"[3296.3653846153848, 1648.875]",Selenomonas,1,8346
"[3298.59, 561.94]",Rothia,1,8347
"[3300.5091743119265, 1484.866972477064]",Porphyromonas,1,8348
"[3298.2, 1611.8111111111111]",Corynebacterium,1,8349
"[3296.7739130434784, 1633.0086956521739]",Capnocytophaga,1,8350
"[3302.579365079365, 676.2301587301587]",Rothia,1,8351
"[3295.76, 692.4]",Leptotrichia,1,8352
"[3297.695652173913, 89.2463768115942]",Corynebacterium,1,8353
"[3297.25, 868.5]",Leptotrichia,1,8355
"[3302.395833333333, 902.9305555555555]",Prevotella,1,8356
"[3296.5731707317073, 1331.4512195121952]",Actinomyces,1,8357
"[3298.4444444444443, 1459.8703703703704]",Streptococcus,1,8358
"[3300.141592920354, 657.6991150442478]",Pasteurellaceae,1,8360
"[3297.8, 707.9230769230769]",Leptotrichia,1,8361
"[3300.190476190476, 857.5396825396825]",Prevotella,1,8362
"[3304.4632352941176, 1230.4632352941176]",Streptococcus,1,8363
"[3302.923076923077, 1599.2307692307693]",Corynebacterium,1,8364
"[3298.345238095238, 1708.0833333333333]",Treponema,1,8365
"[3299.4109589041095, 119.8082191780822]",Leptotrichia,1,8366
"[3299.7532467532465, 170.7792207792208]",Leptotrichia,1,8367
"[3300.011627906977, 844.5697674418604]",Streptococcus,1,8368
"[3302.311827956989, 1255.3333333333333]",Actinomyces,1,8369
"[3299.35, 1433.2]",Actinomyces,1,8370
"[3299.6935483870966, 573.5]",TM7,1,8371
"[3301.942528735632, 1020.1264367816092]",Leptotrichia,1,8372
"[3304.0392156862745, 1037.6209150326797]",Leptotrichia,1,8373
"[3307.721153846154, 1310.1346153846155]",Rothia,1,8374
"[3301.1081081081084, 42.58108108108108]",Corynebacterium,1,8375
"[3300.206896551724, 633.6379310344828]",Leptotrichia,1,8376
"[3302.2528735632186, 1099.9770114942528]",Actinomyces,1,8377
"[3303.518181818182, 1144.6727272727273]",Actinomyces,1,8378
"[3306.6946564885493, 1341.5725190839694]",Streptococcus,1,8379
"[3305.451219512195, 919.7926829268292]",Prevotella,1,8382
"[3304.878048780488, 1285.8943089430895]",Rothia,1,8383
"[3307.0, 1663.7611111111112]",Selenomonas,1,8385
"[3303.7938144329896, 1686.3711340206185]",Porphyromonas,1,8386
"[3302.9891304347825, 1747.5434782608695]",Leptotrichia,1,8387
"[3309.5879396984924, 34.21608040201005]",Corynebacterium,1,8388
"[3305.1509433962265, 1053.6037735849056]",Rothia,1,8389
"[3306.314814814815, 1365.7314814814815]",Prevotella,1,8390
"[3307.2578125, 1193.1484375]",Prevotella,1,8391
"[3304.981818181818, 56.36363636363637]",Corynebacterium,1,8393
"[3306.05376344086, 155.2258064516129]",Leptotrichia,1,8394
"[3304.828125, 551.5]",Rothia,1,8395
"[3307.242424242424, 976.7474747474747]",Leptotrichia,1,8396
"[3308.1625, 13.2625]",Corynebacterium,1,8397
"[3305.5081967213114, 99.98360655737704]",Leptotrichia,1,8398
"[3310.6140350877195, 649.0877192982456]",Pasteurellaceae,1,8399
"[3305.8, 992.72]",Leptotrichia,1,8400
"[3307.7, 1069.1166666666666]",Leptotrichia,1,8401
"[3305.982142857143, 1523.267857142857]",Selenomonas,1,8402
"[3309.2080536912754, 136.83892617449663]",Leptotrichia,1,8403
"[3316.1552511415525, 940.5159817351598]",Prevotella,1,8404
"[3307.610294117647, 1126.9191176470588]",Prevotella,1,8405
"[3307.8888888888887, 1580.7777777777778]",Selenomonas,1,8406
"[3311.2457142857143, 198.71428571428572]",Leptotrichia,1,8407
"[3308.7118644067796, 743.0677966101695]",Lautropia,1,8409
"[3311.858024691358, 1532.5802469135801]",Streptococcus,1,8410
"[3309.723756906077, 1555.414364640884]",Selenomonas,1,8411
"[3314.6805555555557, 781.0902777777778]",Rothia,1,8412
"[3314.431924882629, 1162.173708920188]",Streptococcus,1,8413
"[3309.4444444444443, 1391.936507936508]",Prevotella,1,8415
"[3309.576923076923, 700.0961538461538]",Treponema,1,8416
"[3311.5865384615386, 960.1634615384615]",Leptotrichia,1,8417
"[3316.3611111111113, 1261.6944444444443]",Actinomyces,1,8418
"[3311.58024691358, 1321.0123456790122]",Rothia,1,8419
"[3313.6201550387595, 1443.4961240310076]",Actinomyces,1,8420
"[3324.4277108433735, 1496.75]",Rothia,1,8421
"[3315.421052631579, 1514.2631578947369]",Fusobacterium,1,8422
"[3317.7764705882355, 687.6705882352941]",Leptotrichia,1,8423
"[3311.2537313432836, 827.9104477611941]",Streptococcus,1,8424
"[3312.9669421487606, 866.6198347107438]",Streptococcus,1,8425
"[3313.863636363636, 171.0818181818182]",Leptotrichia,1,8426
"[3312.872881355932, 582.8559322033898]",Corynebacterium,1,8427
"[3311.5344827586205, 1610.6896551724137]",Corynebacterium,1,8428
"[3313.252336448598, 1423.607476635514]",Actinomyces,1,8430
"[3313.5423728813557, 891.0338983050848]",Actinomyces,1,8432
"[3314.878260869565, 1406.0260869565218]",Actinomyces,1,8433
"[3316.351851851852, 1626.101851851852]",Corynebacterium,1,8434
"[3314.423076923077, 634.4230769230769]",Pasteurellaceae,1,8436
"[3314.4875, 1022.4375]",Leptotrichia,1,8437
"[3315.1369863013697, 1091.123287671233]",Rothia,1,8438
"[3318.5882352941176, 1368.8039215686274]",Prevotella,1,8439
"[3321.5065789473683, 767.3486842105264]",Prevotella,1,8441
"[3319.9532710280373, 1209.2990654205607]",Porphyromonas,1,8442
"[3318.639534883721, 1383.1279069767443]",Rothia,1,8443
"[3315.9156626506024, 1933.8915662650602]",Leptotrichia,1,8444
"[3320.2761194029854, 571.544776119403]",Rothia,1,8445
"[3319.532786885246, 602.0245901639345]",Corynebacterium,1,8446
"[3317.5263157894738, 803.1127819548872]",Prevotella,1,8447
"[3318.3048780487807, 986.0]",Leptotrichia,1,8448
"[3319.625, 1107.0]",Porphyromonas,1,8449
"[3322.2087378640776, 1228.5388349514562]",Streptococcus,1,8450
"[3316.7972972972975, 1457.0405405405406]",Prevotella,1,8451
"[3324.36815920398, 704.6915422885572]",Leptotrichia,1,8452
"[3324.62893081761, 886.2201257861635]",Prevotella,1,8453
"[3318.835294117647, 912.2117647058824]",Leptotrichia,1,8454
"[3326.4527027027025, 1358.5675675675675]",Rothia,1,8455
"[3320.8488372093025, 1467.453488372093]",Prevotella,1,8456
"[3318.697247706422, 1677.2018348623853]",Streptococcus,1,8457
"[3318.0188679245284, 554.1509433962265]",Veillonella,1,8458
"[3321.404255319149, 847.936170212766]",Leptotrichia,1,8459
"[3320.5066666666667, 1292.9066666666668]",Rothia,1,8460
"[3319.8031496062995, 1584.8818897637796]",Corynebacterium,1,8461
"[3326.3434343434346, 1889.358585858586]",Streptococcus,1,8462
"[3324.6434782608694, 831.7565217391304]",Prevotella,1,8463
"[3328.5298013245033, 1060.7549668874171]",Rothia,1,8464
"[3326.4406779661017, 1173.2033898305085]",Actinomyces,1,8465
"[3324.137931034483, 999.8189655172414]",Leptotrichia,1,8467
"[3324.5656565656564, 1079.060606060606]",Rothia,1,8469
"[3323.1011235955057, 1332.943820224719]",Streptococcus,1,8470
"[3322.675, 1647.4833333333333]",Leptotrichia,1,8471
"[3323.84375, 668.1640625]",Pasteurellaceae,1,8472
"[3322.621212121212, 727.3939393939394]",Pasteurellaceae,1,8473
"[3327.0425531914893, 1140.3617021276596]",Rothia,1,8474
"[3322.4406779661017, 1688.915254237288]",Streptococcus,1,8475
"[3324.796875, 613.8125]",Leptotrichia,1,8479
"[3329.4766839378235, 1041.3575129533679]",Rothia,1,8480
"[3323.8199999999997, 1540.46]",Selenomonas,1,8481
"[3326.492957746479, 816.8169014084507]",Prevotella,1,8482
"[3331.650684931507, 1196.6438356164383]",Porphyromonas,1,8483
"[3330.354838709677, 738.258064516129]",Pasteurellaceae,1,8486
"[3328.2596153846152, 973.5]",Leptotrichia,1,8487
"[3327.862385321101, 1268.9633027522937]",Actinomyces,1,8488
"[3331.945945945946, 640.009009009009]",Leptotrichia,1,8490
"[3329.471698113208, 924.1509433962265]",Leptotrichia,1,8491
"[3331.0075187969924, 950.218045112782]",Prevotella,1,8492
"[3329.171052631579, 1320.157894736842]",Streptococcus,1,8493
"[3329.532608695652, 1597.9021739130435]",Corynebacterium,1,8494
"[3329.132075471698, 590.5849056603773]",Corynebacterium,1,8495
"[3330.2921348314608, 753.0449438202247]",Leptotrichia,1,8496
"[3328.1911764705883, 1017.9264705882352]",Leptotrichia,1,8497
"[3334.592, 1345.432]",Rothia,1,8498
"[3329.890625, 1392.125]",Actinomyces,1,8499
"[3335.5824175824173, 1430.4725274725274]",Prevotella,1,8500
"[3334.223404255319, 1455.4574468085107]",Prevotella,1,8501
"[3329.8313253012047, 1519.8433734939758]",Selenomonas,1,8502
"[3331.477777777778, 1551.2888888888888]",Corynebacterium,1,8503
"[3335.043165467626, 1409.0575539568345]",Prevotella,1,8505
"[3332.7438016528927, 1617.8842975206612]",Corynebacterium,1,8506
"[3333.688, 1093.64]",Leptotrichia,1,8508
"[3332.4769230769234, 1128.0615384615385]",Actinomyces,1,8509
"[3334.6024096385545, 1305.8192771084337]",Rothia,1,8510
"[3333.98, 865.35]",Streptococcus,1,8511
"[3337.2012987012986, 1245.0064935064936]",Leptotrichia,1,8512
"[3333.939393939394, 658.7878787878788]",Pasteurellaceae,1,8514
"[3334.5783132530123, 1153.3493975903614]",Streptococcus,1,8516
"[3338.344155844156, 1289.6753246753246]",Streptococcus,1,8517
"[3345.746376811594, 1517.4746376811595]",Corynebacterium,1,8518
"[3333.9655172413795, 1571.551724137931]",Corynebacterium,1,8519
"[3336.787878787879, 582.439393939394]",Corynebacterium,1,8520
"[3335.923076923077, 624.8241758241758]",Leptotrichia,1,8521
"[3338.5862068965516, 847.0775862068965]",Leptotrichia,1,8522
"[3336.2345679012346, 990.8641975308642]",Streptococcus,1,8523
"[3348.4528301886794, 716.1603773584906]",Leptotrichia,1,8524
"[3343.1655172413793, 801.6275862068966]",Leptotrichia,1,8525
"[3337.712643678161, 906.3678160919541]",Leptotrichia,1,8526
"[3340.978417266187, 1113.1007194244605]",Rothia,1,8527
"[3338.787234042553, 1220.212765957447]",Lautropia,1,8528
"[3342.56015037594, 1476.4097744360902]",Actinomyces,1,8529
"[3341.9783783783787, 781.5891891891891]",Rothia,1,8530
"[3339.8407079646017, 682.8938053097345]",Leptotrichia,1,8531
"[3338.3764705882354, 1263.4352941176471]",Rothia,1,8533
"[3338.0754716981132, 1333.7924528301887]",Actinomyces,1,8534
"[3339.269841269841, 1643.5396825396826]",Leptotrichia,1,8535
"[3340.1466666666665, 1182.5733333333333]",Streptococcus,1,8536
"[3340.7227722772277, 1537.4851485148515]",Corynebacterium,1,8537
"[3342.989399293286, 1567.1696113074204]",Corynebacterium,1,8538
"[3343.352272727273, 1594.9545454545455]",Corynebacterium,1,8539
"[3341.235294117647, 612.8823529411765]",Pasteurellaceae,1,8541
"[3341.0476190476193, 1023.5952380952381]",Lautropia,1,8542
"[3341.529411764706, 1391.686274509804]",Rothia,1,8543
"[3342.60162601626, 821.609756097561]",Leptotrichia,1,8544
"[3345.9101796407185, 1003.2874251497007]",Leptotrichia,1,8546
"[3347.9105263157894, 1361.6526315789474]",Rothia,1,8547
"[3343.5913978494623, 896.483870967742]",Leptotrichia,1,8548
"[3345.5839416058398, 975.2627737226277]",Streptococcus,1,8549
"[3349.521367521367, 1235.111111111111]",Rothia,1,8550
"[3345.1397849462364, 664.8387096774194]",Leptotrichia,1,8551
"[3345.178082191781, 699.027397260274]",Leptotrichia,1,8552
"[3344.6133333333332, 928.8933333333333]",Streptococcus,1,8553
"[3345.073684210526, 1055.8631578947368]",Prevotella,1,8554
"[3352.5862068965516, 1078.472906403941]",Rothia,1,8555
"[3344.2747252747254, 1320.967032967033]",Streptococcus,1,8556
"[3346.5, 1305.4615384615386]",Actinomyces,1,8558
"[3347.151515151515, 747.5959595959596]",Prevotella,1,8559
"[3346.639534883721, 1277.953488372093]",Neisseriaceae,1,8561
"[3346.6091954022986, 644.0919540229885]",Corynebacterium,1,8562
"[3353.2993630573246, 879.375796178344]",Leptotrichia,1,8563
"[3351.482142857143, 1606.875]",Corynebacterium,1,8564
"[3349.651898734177, 1626.2025316455697]",Corynebacterium,1,8565
"[3352.818181818182, 853.2142857142857]",Leptotrichia,1,8566
"[3350.0333333333333, 948.3666666666667]",Leptotrichia,1,8567
"[3349.479166666667, 1132.7708333333333]",Rothia,1,8568
"[3351.3488372093025, 764.0232558139535]",Prevotella,1,8569
"[3349.9827586206898, 1035.155172413793]",Rothia,1,8570
"[3349.0588235294117, 1406.0196078431372]",Prevotella,1,8572
"[3352.4565217391305, 597.1739130434783]",Corynebacterium,1,8573
"[3354.0361445783133, 1104.144578313253]",Prevotella,1,8574
"[3355.2634408602153, 1216.4301075268818]",Rothia,1,8575
"[3352.357142857143, 1425.2589285714287]",Actinomyces,1,8576
"[3354.673387096774, 1808.9596774193549]",Leptotrichia,1,8577
"[3353.632183908046, 617.4597701149426]",Pasteurellaceae,1,8578
"[3355.844155844156, 628.3506493506494]",Corynebacterium,1,8579
"[3352.969696969697, 1197.7121212121212]",Rothia,1,8582
"[3355.777777777778, 1371.5396825396826]",Prevotella,1,8585
"[3357.2761194029854, 912.5074626865671]",Leptotrichia,1,8586
"[3355.016949152542, 1064.5593220338983]",Prevotella,1,8587
"[3355.3826086956524, 1487.2173913043478]",Porphyromonas,1,8588
"[3359.0141843971633, 684.7375886524823]",Prevotella,1,8589
"[3356.27868852459, 1385.6065573770493]",Actinomyces,1,8590
"[3354.438596491228, 1441.5964912280701]",Prevotella,1,8591
"[3358.984375, 659.53125]",Corynebacterium,1,8593
"[3359.281045751634, 1012.0653594771242]",Prevotella,1,8594
"[3356.408163265306, 1152.204081632653]",Prevotella,1,8595
"[3356.577319587629, 1183.298969072165]",Leptotrichia,1,8596
"[3364.030888030888, 1328.5405405405406]",Actinomyces,1,8597
"[3362.9227053140094, 1459.975845410628]",Actinomyces,1,8598
"[3358.951219512195, 805.890243902439]",Leptotrichia,1,8599
"[3359.8, 825.6074074074074]",Leptotrichia,1,8600
"[3358.7631578947367, 989.2631578947369]",Streptococcus,1,8601
"[3357.222222222222, 1343.611111111111]",Streptococcus,1,8602
"[3359.3113207547167, 895.4245283018868]",Streptococcus,1,8603
"[3360.5677966101694, 1270.2288135593221]",Leptotrichia,1,8605
"[3366.3127753303966, 925.3259911894273]",Leptotrichia,1,8606
"[3362.3626373626375, 1569.2197802197802]",Selenomonas,1,8607
"[3363.2, 605.1466666666666]",Pasteurellaceae,1,8608
"[3367.2011494252874, 702.2701149425287]",Leptotrichia,1,8609
"[3363.0555555555557, 752.1111111111111]",Leptotrichia,1,8610
"[3368.040268456376, 964.1006711409397]",Leptotrichia,1,8611
"[3365.868965517241, 1158.248275862069]",Prevotella,1,8612
"[3372.1909090909094, 1248.2863636363636]",Streptococcus,1,8613
"[3362.9897959183672, 1404.1530612244899]",Prevotella,1,8614
"[3365.8048780487807, 864.4227642276422]",Leptotrichia,1,8617
"[3365.779661016949, 1034.9661016949153]",Prevotella,1,8618
"[3366.0923076923077, 1062.2153846153847]",Prevotella,1,8619
"[3365.135135135135, 1230.945945945946]",Leptotrichia,1,8620
"[3364.8924731182797, 1637.9032258064517]",Leptotrichia,1,8622
"[3367.934579439252, 772.3457943925233]",Leptotrichia,1,8623
"[3367.0, 836.3595505617977]",Leptotrichia,1,8624
"[3366.695652173913, 1049.608695652174]",Lautropia,1,8625
"[3373.3986486486488, 1120.8716216216217]",Prevotella,1,8626
"[3367.029411764706, 1141.1323529411766]",Prevotella,1,8627
"[3369.5925925925926, 1204.3703703703704]",Rothia,1,8628
"[3370.256097560976, 622.8536585365854]",Corynebacterium,1,8631
"[3373.196261682243, 645.2897196261682]",Corynebacterium,1,8632
"[3372.321100917431, 808.9174311926605]",Leptotrichia,1,8633
"[3370.8117647058825, 1433.929411764706]",Actinomyces,1,8634
"[3373.310679611651, 726.1262135922331]",Pasteurellaceae,1,8635
"[3374.465838509317, 792.7577639751553]",Leptotrichia,1,8636
"[3371.4255319148933, 1420.127659574468]",Prevotella,1,8638
"[3370.864864864865, 1555.054054054054]",Gemella,1,8639
"[3372.9150943396226, 664.122641509434]",Corynebacterium,1,8640
"[3372.333333333333, 1071.8817204301076]",Prevotella,1,8641
"[3376.1233766233763, 1286.7792207792209]",Leptotrichia,1,8642
"[3373.686046511628, 1108.7441860465117]",Prevotella,1,8644
"[3376.8214285714284, 1189.892857142857]",Actinomyces,1,8645
"[3378.7357142857145, 1303.2571428571428]",Leptotrichia,1,8646
"[3373.2631578947367, 899.2631578947369]",Leptotrichia,1,8647
"[3374.8507462686566, 829.0895522388059]",Leptotrichia,1,8648
"[3375.4324324324325, 1084.8918918918919]",Prevotella,1,8649
"[3374.833333333333, 1258.013888888889]",Actinomyces,1,8650
"[3376.417391304348, 1370.3391304347826]",Rothia,1,8651
"[3378.7254901960787, 1396.4803921568628]",Rothia,1,8652
"[3386.22027972028, 1000.7202797202797]",Leptotrichia,1,8653
"[3381.198473282443, 610.2213740458016]",Corynebacterium,1,8654
"[3379.9221556886228, 683.0718562874251]",Pasteurellaceae,1,8655
"[3377.9944134078214, 855.7486033519554]",Leptotrichia,1,8656
"[3377.561797752809, 1354.9213483146068]",Porphyromonas,1,8657
"[3380.1866666666665, 1446.1466666666668]",Actinomyces,1,8658
"[3385.7668711656443, 1316.9141104294479]",Rothia,1,8659
"[3377.8809523809523, 1460.607142857143]",Actinomyces,1,8660
"[3386.5504587155965, 716.3302752293578]",Capnocytophaga,1,8661
"[3379.7200000000003, 1225.9]",Porphyromonas,1,8662
"[3380.1184210526317, 630.328947368421]",Corynebacterium,1,8664
"[3383.5375722543354, 1030.2774566473988]",Prevotella,1,8665
"[3382.748148148148, 1172.585185185185]",Prevotella,1,8666
"[3385.2761194029854, 1380.7089552238806]",Prevotella,1,8667
"[3383.416666666667, 883.75]",Leptotrichia,1,8668
"[3381.7134146341464, 1148.0243902439024]",Rothia,1,8669
"[3383.646616541353, 960.2330827067669]",Leptotrichia,1,8670
"[3383.801886792453, 979.5188679245283]",Leptotrichia,1,8671
"[3384.4455445544554, 1050.5742574257426]",Leptotrichia,1,8672
"[3384.851851851852, 1416.637037037037]",Prevotella,1,8673
"[3385.232876712329, 777.8219178082192]",Pasteurellaceae,1,8675
"[3389.339869281046, 1212.4575163398692]",Rothia,1,8676
"[3386.5380116959063, 745.093567251462]",Leptotrichia,1,8677
"[3387.05, 1098.25]",Prevotella,1,8678
"[3386.2380952380954, 1113.873015873016]",Prevotella,1,8679
"[3394.1417624521073, 1832.111111111111]",Corynebacterium,1,8680
"[3387.175675675676, 653.8648648648649]",Corynebacterium,1,8681
"[3389.820895522388, 923.7201492537314]",Leptotrichia,1,8682
"[3387.9718309859154, 1062.4366197183099]",Gemella,1,8683
"[3387.81, 1336.6]",Actinomyces,1,8684
"[3392.746031746032, 867.2857142857143]",Leptotrichia,1,8685
"[3389.28125, 1433.0]",Actinomyces,1,8687
"[3390.5131578947367, 627.1315789473684]",Corynebacterium,1,8689
"[3388.1176470588234, 795.0196078431372]",Leptotrichia,1,8690
"[3390.8813559322034, 1128.6949152542372]",Prevotella,1,8691
"[3390.5555555555557, 834.6507936507936]",Streptococcus,1,8692
"[3399.8009049773755, 1261.5294117647059]",Leptotrichia,1,8693
"[3391.9620253164558, 1364.0253164556962]",Rothia,1,8694
"[3398.5398773006136, 639.1595092024539]",Corynebacterium,1,8695
"[3391.848484848485, 767.7878787878788]",Leptotrichia,1,8696
"[3395.3055555555557, 822.5902777777778]",Porphyromonas,1,8698
"[3396.436974789916, 1164.420168067227]",Prevotella,1,8699
"[3395.3875968992247, 901.4961240310078]",Leptotrichia,1,8700
"[3396.9444444444443, 1240.6234567901236]",Streptococcus,1,8701
"[3393.9411764705883, 1399.014705882353]",Actinomyces,1,8702
"[3399.9444444444443, 1279.326388888889]",Streptococcus,1,8704
"[3397.8777777777777, 850.2111111111111]",Streptococcus,1,8705
"[3397.53125, 953.8541666666666]",Leptotrichia,1,8706
"[3394.6140350877195, 1146.280701754386]",Prevotella,1,8707
"[3396.685185185185, 697.1851851851852]",Corynebacterium,1,8708
"[3403.9055118110236, 1133.748031496063]",Prevotella,1,8709
"[3404.225988700565, 1188.6440677966102]",Streptococcus,1,8710
"[3401.0978260869565, 1226.8152173913043]",Streptococcus,1,8711
"[3399.1544715447153, 1354.0569105691056]",Rothia,1,8712
"[3400.5267175572517, 684.5648854961833]",Corynebacterium,1,8714
"[3399.583333333333, 730.3452380952381]",Pasteurellaceae,1,8715
"[3398.3653846153848, 774.5]",Treponema,1,8716
"[3399.5602409638554, 1084.4156626506024]",Prevotella,1,8717
"[3400.9333333333334, 969.9777777777778]",Leptotrichia,1,8718
"[3402.889705882353, 1062.4926470588234]",Leptotrichia,1,8719
"[3405.6225165562914, 1438.1059602649007]",Porphyromonas,1,8720
"[3398.351851851852, 1455.8148148148148]",Actinomyces,1,8721
"[3401.787878787879, 659.0181818181818]",Leptotrichia,1,8722
"[3399.505882352941, 882.635294117647]",Leptotrichia,1,8723
"[3401.7619047619046, 1098.297619047619]",Prevotella,1,8724
"[3401.849315068493, 712.1780821917808]",Corynebacterium,1,8726
"[3402.7737226277372, 805.1970802919708]",Streptococcus,1,8727
"[3410.9302325581393, 1044.0279069767441]",Leptotrichia,1,8728
"[3402.1592920353983, 1115.9823008849557]",Prevotella,1,8729
"[3401.8703703703704, 618.3703703703703]",Corynebacterium,1,8730
"[3404.741573033708, 944.7640449438202]",Leptotrichia,1,8732
"[3407.751445086705, 1020.0]",Leptotrichia,1,8733
"[3404.8510638297876, 1409.787234042553]",Prevotella,1,8734
"[3405.8713692946058, 754.1410788381743]",Pasteurellaceae,1,8735
"[3407.1025641025644, 1332.6666666666667]",Leptotrichia,1,8737
"[3405.035714285714, 861.4464285714286]",Streptococcus,1,8738
"[3404.8166666666666, 1373.1666666666667]",Prevotella,1,8739
"[3408.6701030927834, 1420.2474226804125]",Actinomyces,1,8740
"[3410.5620437956204, 917.3357664233577]",Leptotrichia,1,8741
"[3411.0423728813557, 1149.0]",Prevotella,1,8742
"[3413.9926470588234, 1173.3823529411766]",Lautropia,1,8743
"[3417.3537414965986, 1123.3333333333333]",Prevotella,1,8744
"[3418.030303030303, 1345.8242424242424]",Rothia,1,8745
"[3413.698717948718, 999.3653846153846]",Leptotrichia,1,8747
"[3409.414285714286, 1390.5857142857142]",Actinomyces,1,8748
"[3412.307142857143, 704.8857142857142]",Corynebacterium,1,8749
"[3413.1573033707864, 981.1797752808989]",Leptotrichia,1,8752
"[3417.006369426752, 1318.8598726114649]",Streptococcus,1,8753
"[3416.818181818182, 1159.1]",Prevotella,1,8755
"[3414.6494845360826, 1364.8865979381444]",Prevotella,1,8757
"[3413.623188405797, 624.2463768115942]",Corynebacterium,1,8758
"[3423.708530805687, 904.6824644549763]",Leptotrichia,1,8759
"[3414.211267605634, 1209.0352112676057]",Leptotrichia,1,8760
"[3415.85625, 1296.275]",Streptococcus,1,8761
"[3415.859375, 1065.59375]",Leptotrichia,1,8763
"[3418.4044943820227, 1080.2921348314608]",Porphyromonas,1,8764
"[3419.9407407407407, 658.8444444444444]",TM7,1,8765
"[3418.0, 1097.7934782608695]",Actinomyces,1,8766
"[3420.4098360655735, 940.3032786885246]",Leptotrichia,1,8770
"[3420.7954545454545, 642.3068181818181]",Corynebacterium,1,8771
"[3421.0, 1027.7014925373135]",Leptotrichia,1,8772
"[3423.5154639175257, 1274.319587628866]",Leptotrichia,1,8773
"[3422.221052631579, 972.4736842105264]",Leptotrichia,1,8775
"[3425.1574803149606, 1238.0314960629921]",Actinomyces,1,8777
"[3423.2804878048782, 1392.5487804878048]",Actinomyces,1,8778
"[3432.3425414364638, 1249.4917127071824]",Porphyromonas,1,8781
"[3427.2596153846152, 1142.125]",Prevotella,1,8782
"[3429.6853146853146, 1299.86013986014]",Streptococcus,1,8784
"[3429.591836734694, 1350.7244897959183]",Prevotella,1,8785
"[3434.196808510638, 1066.031914893617]",Streptococcus,1,8787
"[3434.9460580912864, 1216.7800829875519]",Leptotrichia,1,8788
"[3433.0418848167537, 1011.1047120418848]",Rothia,1,8789
"[3427.9871794871797, 1110.2051282051282]",Prevotella,1,8790
"[3431.607476635514, 992.0747663551402]",Leptotrichia,1,8792
"[3441.3703703703704, 1164.8148148148148]",Prevotella,1,8793
"[3431.4383561643835, 1178.4931506849316]",Prevotella,1,8794
"[3434.3557692307695, 1094.1057692307693]",Prevotella,1,8795
"[3431.6027397260277, 1368.876712328767]",Prevotella,1,8796
"[3433.728813559322, 1331.3050847457628]",Prevotella,1,8798
"[3437.764705882353, 1400.9747899159663]",Actinomyces,1,8799
"[3438.2608695652175, 1083.1159420289855]",Prevotella,1,8800
"[3440.964912280702, 1183.017543859649]",Streptococcus,1,8801
"[3436.75, 938.8695652173913]",Leptotrichia,1,8802
"[3443.3589743589746, 1144.871794871795]",Prevotella,1,8803
"[3437.597014925373, 1383.4328358208954]",Actinomyces,1,8804
"[3440.631067961165, 971.5242718446602]",Leptotrichia,1,8805
"[3443.5763888888887, 1124.486111111111]",Prevotella,1,8806
"[3438.3564356435645, 1310.8415841584158]",Porphyromonas,1,8807
"[3439.54, 1357.52]",Prevotella,1,8808
"[3440.6923076923076, 1271.032967032967]",Leptotrichia,1,8809
"[3443.125, 1029.4444444444443]",Leptotrichia,1,8810
"[3444.595588235294, 1201.1838235294117]",Leptotrichia,1,8812
"[3448.0722891566265, 1249.1024096385543]",Rothia,1,8813
"[3446.7603305785124, 1336.9173553719008]",Actinomyces,1,8814
"[3444.3700787401576, 989.9448818897638]",Leptotrichia,1,8815
"[3444.1129032258063, 1107.6774193548388]",Actinomyces,1,8816
"[3445.5696202531644, 1016.5949367088608]",Actinomyces,1,8817
"[3443.764705882353, 1044.9705882352941]",Leptotrichia,1,8818
"[3450.169696969697, 1294.1151515151514]",Rothia,1,8820
"[3451.4953271028035, 1231.1028037383178]",Leptotrichia,1,8821
"[3453.0, 1061.104347826087]",Leptotrichia,1,8822
"[3453.1284403669724, 1079.5688073394494]",Prevotella,1,8823
"[3456.831683168317, 1190.0]",Rothia,1,8826
"[3457.4803149606296, 1112.3385826771653]",Prevotella,1,8827
"[3456.375, 1275.425]",Actinomyces,1,8828
"[3457.238636363636, 1316.6818181818182]",Actinomyces,1,8829
"[3460.864285714286, 1025.7142857142858]",Leptotrichia,1,8830
"[3462.0298507462685, 1207.2462686567164]",Leptotrichia,1,8831
"[3464.0576923076924, 990.6442307692307]",Leptotrichia,1,8832
"[3460.107142857143, 1175.5]",Prevotella,1,8833
"[3463.1530612244896, 1155.8163265306123]",Prevotella,1,8836
"[3461.74, 1244.28]",Prevotella,1,8837
"[3463.3653846153848, 1323.5961538461538]",Neisseriaceae,1,8838
"[3464.8155339805826, 1338.2233009708739]",Porphyromonas,1,8839
"[3466.843137254902, 1293.0980392156862]",Leptotrichia,1,8840
"[3469.510729613734, 1094.5536480686694]",Leptotrichia,1,8841
"[3473.386617100372, 1134.2081784386617]",Leptotrichia,1,8842
"[3466.9076923076923, 1353.2769230769231]",Actinomyces,1,8843
"[3472.969111969112, 1009.4247104247104]",Leptotrichia,1,8844
"[3469.12987012987, 1039.3766233766235]",Leptotrichia,1,8845
"[3467.746031746032, 1051.6507936507937]",Leptotrichia,1,8846
"[3473.6208333333334, 1256.9666666666667]",Rothia,1,8847
"[3470.375, 1312.328125]",Porphyromonas,1,8848
"[3473.078947368421, 1273.1052631578948]",Rothia,1,8849
"[3474.300613496933, 1229.644171779141]",Rothia,1,8851
"[3475.608, 1072.632]",Leptotrichia,1,8852
"[3474.9913043478264, 1174.513043478261]",Leptotrichia,1,8854
"[3477.0677966101694, 1346.9322033898304]",Porphyromonas,1,8856
"[3477.677419354839, 1028.532258064516]",Leptotrichia,1,8857
"[3479.95, 1109.8833333333334]",Streptococcus,1,8858
"[3482.9595959595963, 1212.5050505050506]",Rothia,1,8859
"[3482.5, 1057.6746031746031]",Leptotrichia,1,8860
"[3486.921875, 1155.1614583333333]",Leptotrichia,1,8861
"[3484.3229813664593, 1195.7577639751553]",Leptotrichia,1,8862
"[3481.8199999999997, 1313.31]",Porphyromonas,1,8863
"[3489.4552845528456, 1234.5284552845528]",Rothia,1,8864
"[3486.9767441860467, 1044.7558139534883]",Leptotrichia,1,8866
"[3483.9423076923076, 1292.4038461538462]",Rothia,1,8867
"[3488.222222222222, 1093.7037037037037]",Leptotrichia,1,8869
"[3488.0967741935483, 1268.8064516129032]",Prevotella,1,8870
"[3489.845238095238, 1030.25]",Leptotrichia,1,8871
"[3491.4324324324325, 1298.7432432432433]",Actinomyces,1,8872
"[3490.392156862745, 1257.8823529411766]",Actinomyces,1,8873
"[3492.788235294118, 1248.6235294117646]",Prevotella,1,8874
"[3491.9454545454546, 1320.3272727272727]",Neisseriaceae,1,8875
"[3494.242424242424, 1123.138528138528]",Leptotrichia,1,8876
"[3498.735632183908, 1182.8045977011495]",Prevotella,1,8877
"[3492.516129032258, 1283.032258064516]",Actinomyces,1,8878
"[3494.451612903226, 1072.9354838709678]",Leptotrichia,1,8879
"[3504.732558139535, 1167.2267441860465]",Prevotella,1,8880
"[3497.8194444444443, 1308.375]",Actinomyces,1,8881
"[3504.2342857142858, 1091.9485714285715]",Leptotrichia,1,8886
"[3500.9589041095887, 1270.109589041096]",Rothia,1,8887
"[3502.227848101266, 1201.012658227848]",Rothia,1,8888
"[3504.858823529412, 1144.1529411764707]",Prevotella,1,8889
"[3507.4563106796118, 1219.6407766990292]",Actinomyces,1,8890
"[3506.8064516129034, 1289.6774193548388]",Actinomyces,1,8891
"[3506.915254237288, 1253.0677966101696]",Neisseriaceae,1,8892
"[3510.9430379746836, 1126.8291139240507]",Leptotrichia,1,8893
"[3512.9489795918366, 1150.857142857143]",Actinomyces,1,8895
"[3511.2622950819673, 1242.9344262295083]",Prevotella,1,8897
"[3514.5, 1190.7413793103449]",Actinomyces,1,8900
