coord,sciname,tile,label
"(7.247524752475248, 771.8415841584158)",Pasteurellaceae,0,1
"(5.134020618556701, 787.4536082474227)",Prevotella,0,2
"(3.2115384615384617, 828.7884615384615)",Gemella,0,3
"(5.815217391304348, 935.0760869565217)",Pasteurellaceae,0,4
"(10.559055118110237, 993.4724409448819)",Treponema,0,5
"(10.564102564102564, 1014.9487179487179)",TM7,0,6
"(4.547169811320755, 1024.3207547169811)",Treponema,0,7
"(3.6363636363636362, 1038.8068181818182)",Rothia,0,8
"(4.157894736842105, 1058.9649122807018)",Veillonella,0,10
"(3.2033898305084745, 1184.4406779661017)",Rothia,0,11
"(3.488095238095238, 1244.2619047619048)",Prevotella,0,12
"(7.125, 1269.5673076923076)",Rothia,0,14
"(6.447619047619048, 1312.3428571428572)",Campylobacter,0,15
"(4.046875, 1840.125)",Veillonella,0,17
"(3.541176470588235, 1857.9411764705883)",TM7,0,18
"(5.0, 1897.6666666666667)",Gemella,0,19
"(5.149253731343284, 1916.9701492537313)",Lautropia,0,20
"(7.492537313432836, 1777.4776119402984)",Selenomonas,0,23
"(6.507246376811594, 883.7971014492754)",Actinomyces,0,24
"(8.33125, 1219.98125)",Prevotella,0,26
"(7.023809523809524, 714.3730158730159)",Rothia,0,29
"(7.433962264150943, 817.6792452830189)",Prevotella,0,30
"(6.575757575757576, 859.5757575757576)",Pasteurellaceae,0,32
"(7.733333333333333, 901.0666666666667)",Selenomonas,0,33
"(8.373737373737374, 1104.5151515151515)",Veillonella,0,35
"(8.93939393939394, 1124.6515151515152)",Rothia,0,36
"(7.623376623376624, 1199.922077922078)",Actinomyces,0,38
"(9.702380952380953, 1283.7142857142858)",Rothia,0,39
"(6.647058823529412, 805.0588235294117)",Lautropia,0,41
"(14.544943820224718, 1138.4662921348315)",Rothia,0,45
"(9.65, 740.1833333333333)",TM7,0,47
"(12.925925925925926, 1319.8333333333333)",Fusobacterium,0,48
"(13.790322580645162, 829.3709677419355)",Fusobacterium,0,49
"(12.591549295774648, 919.0422535211268)",Fusobacterium,0,51
"(11.166666666666666, 1237.5)",Rothia,0,52
"(16.95275590551181, 694.8188976377953)",Fusobacterium,0,53
"(13.985714285714286, 757.7428571428571)",Pasteurellaceae,0,54
"(13.51923076923077, 844.4807692307693)",TM7,0,55
"(17.693181818181817, 799.6022727272727)",Rothia,0,59
"(14.88, 1175.0666666666666)",Gemella,0,62
"(14.885245901639344, 1187.5081967213114)",TM7,0,63
"(14.903614457831326, 1336.1686746987953)",Rothia,0,68
"(14.75, 1858.609375)",Gemella,0,69
"(16.52777777777778, 814.3611111111111)",TM7,0,70
"(16.48076923076923, 874.2884615384615)",Rothia,0,71
"(16.442307692307693, 1346.7115384615386)",Rothia,0,73
"(19.438095238095237, 1458.4666666666667)",Streptococcus,0,74
"(21.870967741935484, 942.9290322580645)",Prevotella,0,75
"(17.41269841269841, 1039.1746031746031)",Rothia,0,76
"(18.153846153846153, 1158.9538461538461)",Rothia,0,77
"(21.0, 733.3582089552239)",Veillonella,0,79
"(19.87378640776699, 784.4271844660194)",TM7,0,81
"(19.8984375, 859.78125)",TM7,0,82
"(18.87037037037037, 1449.0185185185185)",Treponema,0,83
"(19.75409836065574, 1876.377049180328)",Lautropia,0,86
"(20.583333333333332, 960.3333333333334)",Treponema,0,88
"(23.61682242990654, 974.2523364485982)",TM7,0,89
"(20.63095238095238, 1089.2380952380952)",Rothia,0,90
"(20.650793650793652, 1295.3492063492063)",Fusobacterium,0,91
"(19.966666666666665, 1359.9666666666667)",Rothia,0,92
"(19.946153846153845, 1383.7384615384615)",Rothia,0,93
"(22.83478260869565, 1406.608695652174)",Veillonella,0,94
"(24.154761904761905, 835.8809523809524)",Prevotella,0,95
"(28.808035714285715, 1046.28125)",Campylobacter,0,97
"(22.707142857142856, 1074.4571428571428)",Lautropia,0,98
"(23.037974683544302, 1847.4556962025317)",Lautropia,0,100
"(24.349056603773583, 723.4716981132076)",Rothia,0,101
"(22.448275862068964, 914.7758620689655)",Prevotella,0,103
"(20.869565217391305, 1005.1739130434783)",Fusobacterium,0,104
"(20.833333333333332, 1259.6666666666667)",Fusobacterium,0,106
"(25.558333333333334, 760.325)",Fusobacterium,0,108
"(25.923076923076923, 1421.4769230769232)",Gemella,0,112
"(24.207792207792206, 1746.2337662337663)",Treponema,0,113
"(24.57608695652174, 1823.7282608695652)",Lautropia,0,114
"(24.40277777777778, 1277.986111111111)",TM7,0,115
"(25.984848484848484, 708.8484848484849)",Streptococcus,0,117
"(25.5, 1434.5)",Streptococcus,0,121
"(27.676470588235293, 1107.0392156862745)",Prevotella,0,122
"(30.30666666666667, 1201.12)",Prevotella,0,123
"(26.533333333333335, 1894.4666666666667)",Rothia,0,124
"(26.962264150943398, 1311.3962264150944)",Rothia,0,126
"(27.6, 1783.36)",Prevotella,0,127
"(27.11111111111111, 877.9814814814815)",Rothia,0,129
"(28.91304347826087, 888.6231884057971)",Pasteurellaceae,0,130
"(31.440298507462686, 906.4104477611941)",Veillonella,0,131
"(31.386666666666667, 1214.64)",Leptotrichia,0,132
"(29.153846153846153, 1764.8846153846155)",TM7,0,133
"(29.31578947368421, 847.280701754386)",Rothia,0,135
"(29.473684210526315, 986.8771929824561)",Gemella,0,141
"(29.82089552238806, 1327.6119402985075)",Campylobacter,0,142
"(29.966101694915253, 699.2203389830509)",Treponema,0,143
"(30.310344827586206, 794.2241379310345)",TM7,0,144
"(31.56923076923077, 1009.5846153846154)",TM7,0,145
"(35.48, 1135.944)",Actinomyces,0,146
"(36.556603773584904, 1280.8396226415093)",Gemella,0,147
"(36.27329192546584, 1348.527950310559)",Rothia,0,148
"(33.526881720430104, 1365.7956989247311)",Prevotella,0,149
"(35.375, 1397.986111111111)",Campylobacter,0,150
"(31.23076923076923, 1838.6153846153845)",Lautropia,0,151
"(34.51219512195122, 1153.6951219512196)",Prevotella,0,153
"(32.421052631578945, 1171.6842105263158)",Gemella,0,154
"(35.71568627450981, 1296.9117647058824)",Veillonella,0,155
"(32.8125, 1864.0625)",Gemella,0,156
"(33.36842105263158, 1236.877192982456)",Prevotella,0,157
"(33.723684210526315, 1254.6052631578948)",Veillonella,0,158
"(36.446280991735534, 1381.404958677686)",Campylobacter,0,159
"(33.35632183908046, 1445.896551724138)",TM7,0,160
"(36.407407407407405, 775.641975308642)",Prevotella,0,161
"(33.0, 964.38)",Gemella,0,162
"(37.116279069767444, 1749.0581395348838)",Streptococcus,0,163
"(34.75, 741.3235294117648)",Rothia,0,164
"(35.50666666666667, 937.9866666666667)",TM7,0,166
"(36.46511627906977, 1069.2170542635658)",Fusobacterium,0,167
"(35.96296296296296, 1245.1296296296296)",Capnocytophaga,0,168
"(38.0625, 1853.734375)",Gemella,0,169
"(37.24528301886792, 695.6603773584906)",Gemella,0,170
"(38.17910447761194, 805.6119402985074)",Fusobacterium,0,171
"(39.84466019417476, 954.242718446602)",Lautropia,0,172
"(39.79816513761468, 1779.8623853211009)",Treponema,0,175
"(40.20253164556962, 1457.7848101265822)",Actinomyces,0,178
"(40.982608695652175, 716.9043478260869)",Prevotella,0,180
"(42.95238095238095, 817.0595238095239)",Rothia,0,181
"(40.53658536585366, 1084.121951219512)",Gemella,0,182
"(39.956989247311824, 829.3440860215054)",Rothia,0,183
"(39.69642857142857, 1018.75)",Gemella,0,184
"(40.5, 1121.341463414634)",Fusobacterium,0,185
"(40.0, 1314.7446808510638)",Veillonella,0,186
"(39.15686274509804, 1412.686274509804)",Prevotella,0,187
"(41.21212121212121, 1764.030303030303)",Gemella,0,188
"(45.01169590643275, 977.3801169590644)",Rothia,0,189
"(44.25806451612903, 1150.4193548387098)",Lautropia,0,190
"(41.46296296296296, 1425.9351851851852)",Prevotella,0,191
"(41.94915254237288, 760.1016949152543)",Prevotella,0,192
"(46.37062937062937, 866.1258741258741)",Capnocytophaga,0,194
"(43.3728813559322, 877.3220338983051)",Fusobacterium,0,195
"(45.4, 1104.7172413793103)",Prevotella,0,196
"(46.44444444444444, 689.5833333333334)",Gemella,0,199
"(45.0, 751.0)",Gemella,0,201
"(43.86363636363637, 928.2272727272727)",Rothia,0,202
"(48.25954198473283, 1033.3358778625955)",Prevotella,0,203
"(45.68674698795181, 1864.5301204819277)",TM7,0,205
"(45.97142857142857, 1199.6571428571428)",Selenomonas,0,211
"(45.76190476190476, 1214.4880952380952)",Rothia,0,212
"(48.01307189542484, 1331.8692810457517)",Prevotella,0,213
"(48.2828947368421, 846.2894736842105)",Prevotella,0,215
"(45.905660377358494, 1176.6415094339623)",Lautropia,0,216
"(51.29651162790697, 1838.5697674418604)",Veillonella,0,217
"(46.92307692307692, 652.9807692307693)",Fusobacterium,0,219
"(49.11818181818182, 891.3272727272728)",Gemella,0,220
"(48.265625, 736.71875)",Lautropia,0,222
"(49.944954128440365, 778.5412844036697)",Prevotella,0,223
"(48.22784810126582, 1260.6835443037974)",Prevotella,0,225
"(51.16129032258065, 909.9462365591398)",Rothia,0,226
"(50.93269230769231, 1160.7788461538462)",Prevotella,0,227
"(53.10526315789474, 1303.140350877193)",Fusobacterium,0,228
"(55.4277108433735, 1373.6385542168675)",Rothia,0,231
"(57.929577464788736, 1391.0422535211267)",Actinomyces,0,232
"(53.97435897435897, 947.9871794871794)",Actinomyces,0,234
"(51.082352941176474, 1240.1529411764707)",Rothia,0,235
"(51.656716417910445, 1272.7462686567164)",Rothia,0,236
"(54.125, 1225.7222222222222)",Prevotella,0,238
"(52.27450980392157, 1404.4019607843138)",Rothia,0,239
"(53.02272727272727, 1765.1363636363637)",Treponema,0,243
"(53.60344827586207, 711.6551724137931)",Gemella,0,244
"(53.464285714285715, 1422.6964285714287)",Prevotella,0,248
"(55.416666666666664, 802.9642857142857)",Veillonella,0,249
"(56.45238095238095, 1015.0595238095239)",Rothia,0,250
"(55.72222222222222, 1119.0277777777778)",Fusobacterium,0,251
"(54.22352941176471, 1188.0)",Rothia,0,252
"(57.31506849315068, 1355.6301369863013)",Rothia,0,253
"(54.25, 1436.8035714285713)",Prevotella,0,254
"(54.71153846153846, 1819.9423076923076)",Porphyromonas,0,256
"(54.735849056603776, 1854.8490566037735)",Lautropia,0,257
"(57.215384615384615, 1872.5076923076922)",Treponema,0,258
"(57.794520547945204, 675.3287671232877)",Rothia,0,259
"(56.333333333333336, 761.4166666666666)",Campylobacter,0,260
"(57.697916666666664, 964.625)",TM7,0,262
"(57.0655737704918, 1092.2131147540983)",Fusobacterium,0,264
"(59.60606060606061, 685.6515151515151)",Lautropia,0,266
"(57.67032967032967, 884.0439560439561)",Fusobacterium,0,268
"(58.28846153846154, 1051.5)",Fusobacterium,0,271
"(58.94505494505494, 1138.6373626373627)",Prevotella,0,272
"(56.261538461538464, 1207.4)",Lautropia,0,273
"(58.60526315789474, 785.9605263157895)",Lautropia,0,275
"(60.42857142857143, 1750.142857142857)",Treponema,0,276
"(60.5, 700.0)",Actinomyces,0,277
"(62.44444444444444, 744.2727272727273)",Veillonella,0,278
"(58.69642857142857, 816.1785714285714)",Prevotella,0,279
"(63.57575757575758, 729.3838383838383)",Veillonella,0,281
"(60.85507246376812, 981.9710144927536)",Fusobacterium,0,283
"(61.285714285714285, 1461.8392857142858)",Veillonella,0,285
"(62.1, 1812.62)",Leptotrichia,0,286
"(61.25454545454546, 1345.3454545454545)",Fusobacterium,0,288
"(66.13253012048193, 913.6867469879518)",Prevotella,0,289
"(64.50537634408602, 1059.9569892473119)",Rothia,0,290
"(64.67692307692307, 1327.3384615384616)",Rothia,0,291
"(62.0, 1412.0)",Veillonella,0,292
"(68.01515151515152, 1075.621212121212)",Rothia,0,297
"(64.74683544303798, 852.3924050632911)",Fusobacterium,0,300
"(68.84615384615384, 1129.4769230769232)",TM7,0,302
"(67.77857142857142, 1155.2785714285715)",TM7,0,303
"(63.943396226415096, 1239.6415094339623)",Lautropia,0,304
"(66.86206896551724, 1364.3563218390805)",Prevotella,0,305
"(68.89189189189189, 819.8513513513514)",Veillonella,0,306
"(65.86666666666666, 991.3333333333334)",Rothia,0,307
"(66.28333333333333, 1188.4833333333333)",Neisseriaceae,0,310
"(65.91780821917808, 1277.7397260273972)",Fusobacterium,0,312
"(69.56896551724138, 1172.4827586206898)",TM7,0,315
"(68.34513274336283, 1433.1858407079646)",Lautropia,0,317
"(68.35, 1024.7166666666667)",Capnocytophaga,0,321
"(69.58518518518518, 1211.9481481481482)",Lautropia,0,322
"(68.0, 1449.375)",Lautropia,0,325
"(70.12962962962963, 1828.1203703703704)",Veillonella,0,326
"(69.91666666666667, 786.0166666666667)",Rothia,0,327
"(68.58333333333333, 945.7666666666667)",Capnocytophaga,0,328
"(72.6867469879518, 957.8795180722891)",Rothia,0,329
"(69.77358490566037, 1036.3584905660377)",Prevotella,0,330
"(68.6875, 1847.28125)",Rothia,0,331
"(76.57142857142857, 752.0252100840336)",Fusobacterium,0,332
"(73.72368421052632, 829.1578947368421)",Veillonella,0,333
"(72.63636363636364, 1262.5568181818182)",Actinomyces,0,335
"(72.80645161290323, 1289.021505376344)",Rothia,0,336
"(70.0377358490566, 1307.0754716981132)",Rothia,0,337
"(71.8082191780822, 884.8904109589041)",Prevotella,0,339
"(70.2, 970.4166666666666)",Prevotella,0,340
"(72.47457627118644, 675.8474576271186)",Lautropia,0,342
"(73.55421686746988, 1116.012048192771)",Fusobacterium,0,344
"(74.45283018867924, 1052.3396226415093)",Fusobacterium,0,347
"(73.9, 803.26)",Campylobacter,0,349
"(76.23214285714286, 857.2946428571429)",Rothia,0,350
"(74.15151515151516, 1011.2424242424242)",Lautropia,0,351
"(74.36363636363636, 1418.3030303030303)",Rothia,0,352
"(79.76851851851852, 842.3333333333334)",Fusobacterium,0,355
"(77.41935483870968, 936.5)",Prevotella,0,356
"(78.9047619047619, 723.1190476190476)",Prevotella,0,357
"(85.6923076923077, 734.083916083916)",Prevotella,0,358
"(80.19672131147541, 1099.1475409836066)",Prevotella,0,360
"(77.97222222222223, 1353.0555555555557)",Prevotella,0,361
"(76.63333333333334, 1818.0333333333333)",Gemella,0,362
"(82.08571428571429, 1061.942857142857)",Actinomyces,0,364
"(84.65986394557824, 1087.2789115646258)",Prevotella,0,365
"(83.0, 1243.6953125)",Veillonella,0,366
"(80.73033707865169, 1450.4606741573034)",Lautropia,0,367
"(80.48837209302326, 691.2558139534884)",Lautropia,0,368
"(79.72463768115942, 769.1014492753624)",Rothia,0,369
"(79.5774647887324, 796.9154929577464)",Rothia,0,370
"(79.47272727272727, 811.4545454545455)",Capnocytophaga,0,371
"(79.60396039603961, 1383.920792079208)",Fusobacterium,0,374
"(78.9090909090909, 1429.530303030303)",Gemella,0,375
"(81.66176470588235, 905.9264705882352)",Rothia,0,377
"(83.33333333333333, 986.6464646464647)",TM7,0,378
"(79.6470588235294, 1190.8088235294117)",Rothia,0,379
"(81.53246753246754, 1319.4025974025974)",Rothia,0,380
"(80.73134328358209, 1405.6268656716418)",Campylobacter,0,381
"(78.75, 1854.4558823529412)",Rothia,0,382
"(85.68148148148148, 869.4740740740741)",Fusobacterium,0,383
"(82.45263157894736, 918.2842105263157)",Fusobacterium,0,384
"(87.3012048192771, 971.0903614457832)",Rothia,0,385
"(84.25862068965517, 1160.2672413793102)",Fusobacterium,0,387
"(82.76344086021506, 1334.2903225806451)",Fusobacterium,0,388
"(83.29577464788733, 713.0422535211268)",Lautropia,0,389
"(81.5774647887324, 1174.5070422535211)",Fusobacterium,0,391
"(83.63333333333334, 1258.25)",Rothia,0,392
"(82.8952380952381, 1302.8761904761905)",Fusobacterium,0,394
"(86.09433962264151, 1279.0566037735848)",Prevotella,0,397
"(87.93055555555556, 881.8888888888889)",Neisseriaceae,0,398
"(89.14285714285714, 1023.6103896103896)",Veillonella,0,399
"(90.95192307692308, 1136.3461538461538)",Fusobacterium,0,400
"(89.0, 1202.423076923077)",Rothia,0,401
"(87.7719298245614, 789.8947368421053)",Capnocytophaga,0,405
"(87.24528301886792, 1045.811320754717)",Veillonella,0,406
"(88.25882352941177, 673.2941176470588)",Lautropia,0,410
"(90.86486486486487, 1233.5225225225224)",Rothia,0,411
"(87.59649122807018, 1439.9298245614036)",TM7,0,412
"(89.6, 957.4666666666667)",Rothia,0,414
"(91.45454545454545, 1219.2121212121212)",Fusobacterium,0,418
"(97.93893129770993, 762.8854961832061)",Fusobacterium,0,421
"(91.36486486486487, 688.3108108108108)",Veillonella,0,423
"(90.953125, 832.03125)",Capnocytophaga,0,425
"(90.56043956043956, 1185.7692307692307)",Prevotella,0,427
"(94.81521739130434, 1410.0434782608695)",TM7,0,428
"(92.37704918032787, 1009.8524590163935)",Fusobacterium,0,429
"(91.5, 1102.0)",Fusobacterium,0,430
"(93.0, 1264.0588235294117)",Rothia,0,436
"(93.15942028985508, 1290.1159420289855)",Lautropia,0,437
"(96.875, 1840.1015625)",Rothia,0,439
"(96.1625, 1890.35)",Treponema,0,440
"(95.8961038961039, 782.0649350649351)",Rothia,0,441
"(95.82666666666667, 1362.7333333333333)",Rothia,0,445
"(96.73636363636363, 1391.2)",Pasteurellaceae,0,446
"(94.26666666666667, 1862.2666666666667)",TM7,0,447
"(96.85714285714286, 994.3428571428572)",Rothia,0,449
"(95.52727272727273, 1115.0)",Veillonella,0,450
"(100.66666666666667, 804.632768361582)",Fusobacterium,0,451
"(104.43181818181819, 1208.871212121212)",Prevotella,0,453
"(100.0561797752809, 922.8089887640449)",Fusobacterium,0,455
"(100.09836065573771, 1311.4426229508197)",Rothia,0,458
"(102.352, 1874.08)",TM7,0,459
"(98.2, 889.7625)",Lautropia,0,460
"(98.32, 1443.3866666666668)",Prevotella,0,462
"(99.38805970149254, 657.5820895522388)",Treponema,0,463
"(101.80555555555556, 937.4027777777778)",Rothia,0,464
"(99.22123893805309, 1077.7433628318583)",Lautropia,0,465
"(101.09923664122137, 1344.3587786259543)",Prevotella,0,466
"(103.7578947368421, 842.9473684210526)",Prevotella,0,468
"(100.79710144927536, 1036.9420289855072)",Rothia,0,470
"(104.4421052631579, 1278.0315789473684)",Gemella,0,471
"(101.03636363636363, 698.6545454545454)",Rothia,0,472
"(101.78125, 713.703125)",Lautropia,0,473
"(101.25641025641026, 743.1923076923077)",Fusobacterium,0,474
"(103.77777777777777, 983.7407407407408)",TM7,0,475
"(103.04444444444445, 1321.8666666666666)",Prevotella,0,476
"(102.7090909090909, 949.9272727272727)",Rothia,0,477
"(100.12280701754386, 1019.578947368421)",TM7,0,478
"(103.01492537313433, 1121.8805970149253)",TM7,0,479
"(105.13333333333334, 1375.4190476190477)",Lautropia,0,481
"(103.09375, 1415.90625)",Prevotella,0,482
"(101.29411764705883, 1824.25)",Actinomyces,0,483
"(101.39622641509433, 1852.0754716981132)",TM7,0,484
"(110.54716981132076, 671.7798742138365)",Fusobacterium,0,485
"(106.74444444444444, 721.1333333333333)",Rothia,0,486
"(104.01851851851852, 821.2037037037037)",Rothia,0,487
"(102.46296296296296, 1180.5555555555557)",Prevotella,0,489
"(103.01075268817205, 1249.6989247311828)",Prevotella,0,490
"(102.76271186440678, 1295.9661016949153)",Rothia,0,491
"(104.07142857142857, 862.047619047619)",Veillonella,0,494
"(103.32, 1435.14)",Lautropia,0,496
"(105.06349206349206, 957.936507936508)",Gemella,0,497
"(104.63461538461539, 1104.673076923077)",Lautropia,0,499
"(105.25, 1808.6973684210527)",Lautropia,0,501
"(105.75806451612904, 1094.5645161290322)",Rothia,0,504
"(105.359375, 1137.28125)",Fusobacterium,0,505
"(106.65277777777777, 1232.3958333333333)",Rothia,0,507
"(107.27941176470588, 775.6470588235294)",Fusobacterium,0,509
"(107.86813186813187, 1334.043956043956)",Prevotella,0,511
"(109.10185185185185, 1403.5)",Rothia,0,512
"(109.40579710144928, 1008.0434782608696)",Prevotella,0,513
"(112.23913043478261, 1433.572463768116)",Veillonella,0,514
"(110.35714285714286, 907.0)",TM7,0,515
"(109.7948717948718, 1355.371794871795)",Capnocytophaga,0,518
"(110.12698412698413, 1452.3333333333333)",Treponema,0,519
"(112.65384615384616, 1791.701923076923)",Lautropia,0,521
"(112.27777777777777, 704.7222222222222)",Campylobacter,0,523
"(113.01666666666667, 731.6)",Lautropia,0,524
"(113.43137254901961, 884.4803921568628)",Prevotella,0,525
"(114.52212389380531, 922.4867256637168)",TM7,0,526
"(112.5, 968.258064516129)",Rothia,0,527
"(113.48809523809524, 1024.107142857143)",TM7,0,528
"(112.0, 1067.0)",Lautropia,0,529
"(111.50943396226415, 1082.132075471698)",Prevotella,0,530
"(112.16949152542372, 1156.9237288135594)",Rothia,0,531
"(115.53333333333333, 811.3222222222222)",Capnocytophaga,0,533
"(114.19753086419753, 833.4938271604939)",Prevotella,0,534
"(114.41025641025641, 1051.068376068376)",Prevotella,0,535
"(112.37735849056604, 1889.8301886792453)",Rothia,0,537
"(115.01923076923077, 747.0384615384615)",Campylobacter,0,538
"(114.62264150943396, 863.3962264150944)",Prevotella,0,539
"(113.15384615384616, 1180.923076923077)",Prevotella,0,540
"(114.41666666666667, 1265.9074074074074)",Capnocytophaga,0,541
"(114.16363636363636, 1289.9636363636364)",Campylobacter,0,542
"(116.25757575757575, 685.5757575757576)",Rothia,0,543
"(114.2280701754386, 784.2105263157895)",Rothia,0,544
"(114.8688524590164, 1245.7868852459017)",TM7,0,545
"(116.6875, 1392.275)",TM7,0,546
"(117.05217391304348, 1114.6521739130435)",Veillonella,0,549
"(114.69090909090909, 1134.5272727272727)",TM7,0,550
"(115.25, 1195.2)",Veillonella,0,551
"(115.05102040816327, 1306.9897959183672)",Rothia,0,552
"(117.70588235294117, 1096.6823529411765)",Fusobacterium,0,553
"(124.19653179190752, 1374.35838150289)",Rothia,0,554
"(118.56692913385827, 1814.1417322834645)",Veillonella,0,555
"(118.632, 1917.224)",Veillonella,0,556
"(125.1055900621118, 1027.3416149068323)",Fusobacterium,0,562
"(119.86153846153846, 1316.6461538461538)",Rothia,0,563
"(118.41379310344827, 1770.3620689655172)",Treponema,0,564
"(119.38356164383562, 1834.849315068493)",Veillonella,0,565
"(120.84507042253522, 901.1971830985915)",Gemella,0,566
"(120.09219858156028, 946.4397163120567)",Prevotella,0,567
"(121.91176470588235, 1418.4607843137255)",Campylobacter,0,569
"(131.79761904761904, 1444.9940476190477)",Veillonella,0,570
"(122.45901639344262, 1798.622950819672)",Treponema,0,571
"(123.14406779661017, 1002.5508474576271)",Gemella,0,573
"(125.26890756302521, 710.0756302521008)",Fusobacterium,0,575
"(125.63461538461539, 1082.451923076923)",Rothia,0,576
"(122.41935483870968, 1224.1612903225807)",Prevotella,0,577
"(122.4, 1868.3692307692309)",Prevotella,0,578
"(123.96296296296296, 725.1851851851852)",Pasteurellaceae,0,579
"(124.53164556962025, 766.6582278481013)",TM7,0,580
"(127.6984126984127, 1329.7698412698412)",Rothia,0,581
"(126.6470588235294, 1931.7411764705882)",Prevotella,0,583
"(128.61475409836066, 977.7622950819672)",Fusobacterium,0,584
"(125.79411764705883, 1041.2794117647059)",Actinomyces,0,585
"(126.21333333333334, 1847.1333333333334)",TM7,0,587
"(124.53225806451613, 1883.4354838709678)",TM7,0,588
"(124.92063492063492, 1128.031746031746)",TM7,0,589
"(128.16666666666666, 1138.4166666666667)",Fusobacterium,0,590
"(127.97777777777777, 1150.9666666666667)",TM7,0,591
"(127.59740259740259, 1279.5064935064936)",Prevotella,0,593
"(133.37333333333333, 675.7933333333333)",Lautropia,0,594
"(127.95294117647059, 784.6941176470589)",Fusobacterium,0,595
"(126.97916666666667, 866.84375)",Fusobacterium,0,596
"(127.01176470588236, 1176.929411764706)",TM7,0,597
"(125.79220779220779, 1241.909090909091)",TM7,0,599
"(129.6326530612245, 1436.4897959183672)",Prevotella,0,600
"(128.35087719298247, 734.719298245614)",Prevotella,0,601
"(127.01515151515152, 798.8636363636364)",Rothia,0,602
"(131.09174311926606, 1363.0825688073394)",Capnocytophaga,0,604
"(130.3658536585366, 1399.6707317073171)",Capnocytophaga,0,605
"(128.9672131147541, 1768.4262295081967)",Lautropia,0,606
"(129.29761904761904, 835.4285714285714)",Campylobacter,0,607
"(131.93939393939394, 903.6515151515151)",Prevotella,0,608
"(128.375, 962.8125)",TM7,0,609
"(128.88524590163934, 1068.5573770491803)",Rothia,0,610
"(133.6695652173913, 1345.2)",Prevotella,0,611
"(130.327868852459, 1858.9180327868853)",Fusobacterium,0,612
"(132.19607843137254, 1894.7450980392157)",Lautropia,0,613
"(129.1451612903226, 1909.1612903225807)",Veillonella,0,614
"(129.35849056603774, 1055.7924528301887)",Gemella,0,616
"(129.52941176470588, 1289.8235294117646)",TM7,0,617
"(131.41176470588235, 1784.2470588235294)",Porphyromonas,0,618
"(133.33802816901408, 851.3802816901408)",Prevotella,0,619
"(136.72972972972974, 893.9324324324324)",Prevotella,0,621
"(131.75641025641025, 1267.2051282051282)",Rothia,0,625
"(132.47560975609755, 1301.621951219512)",Fusobacterium,0,626
"(135.013698630137, 690.6712328767123)",Prevotella,0,627
"(132.58333333333334, 1099.7916666666667)",Prevotella,0,630
"(131.43396226415095, 1163.0)",TM7,0,631
"(131.78846153846155, 1203.3653846153845)",Rothia,0,632
"(133.61363636363637, 1416.4204545454545)",Campylobacter,0,634
"(133.2549019607843, 745.3333333333334)",Prevotella,0,635
"(132.60714285714286, 941.2380952380952)",Fusobacterium,0,636
"(134.21052631578948, 1952.3684210526317)",Veillonella,0,638
"(136.4125, 805.95)",Prevotella,0,639
"(135.83132530120483, 821.3373493975904)",Rothia,0,640
"(138.05185185185186, 1733.6666666666667)",Capnocytophaga,0,641
"(138.3153846153846, 917.4153846153846)",Fusobacterium,0,642
"(136.16901408450704, 1251.394366197183)",Veillonella,0,644
"(136.19444444444446, 1876.4583333333333)",Fusobacterium,0,645
"(139.28481012658227, 866.8227848101266)",Gemella,0,646
"(138.5, 949.3369565217391)",Prevotella,0,647
"(138.0705882352941, 1127.1529411764707)",Gemella,0,649
"(136.22368421052633, 1214.4342105263158)",Actinomyces,0,650
"(136.41666666666666, 1804.0694444444443)",Rothia,0,651
"(139.06849315068493, 1032.041095890411)",Rothia,0,654
"(142.1590909090909, 1045.659090909091)",Rothia,0,655
"(142.1958762886598, 1230.7422680412371)",Fusobacterium,0,656
"(139.5612244897959, 1922.7551020408164)",TM7,0,657
"(141.94805194805195, 1090.6103896103896)",Prevotella,0,658
"(137.83928571428572, 1183.517857142857)",Rothia,0,659
"(142.93617021276594, 991.4148936170212)",Rothia,0,661
"(141.7792207792208, 1790.3116883116884)",Lautropia,0,662
"(144.29807692307693, 738.8365384615385)",Fusobacterium,0,663
"(144.0, 1077.9878048780488)",Fusobacterium,0,664
"(146.04347826086956, 1831.3641304347825)",Veillonella,0,666
"(141.50943396226415, 1865.5849056603774)",Veillonella,0,668
"(145.31730769230768, 1907.576923076923)",Rothia,0,669
"(141.9, 764.1)",Rothia,0,670
"(146.02912621359224, 976.8640776699029)",TM7,0,672
"(140.91044776119404, 1383.910447761194)",Fusobacterium,0,673
"(146.27380952380952, 1434.4166666666667)",Streptococcus,0,674
"(143.54320987654322, 1937.0246913580247)",TM7,0,675
"(147.336, 1952.016)",Veillonella,0,676
"(142.74242424242425, 709.3484848484849)",Lautropia,0,677
"(142.62295081967213, 1065.4918032786886)",Fusobacterium,0,678
"(143.60256410256412, 1112.2820512820513)",Prevotella,0,679
"(148.49532710280374, 1176.6168224299065)",Prevotella,0,683
"(143.47619047619048, 1284.079365079365)",Veillonella,0,684
"(144.35443037974684, 1312.0379746835442)",Gemella,0,685
"(144.0483870967742, 796.6290322580645)",Rothia,0,686
"(146.93589743589743, 879.1794871794872)",Rothia,0,689
"(146.36486486486487, 930.5945945945946)",Prevotella,0,690
"(148.51063829787233, 1750.5460992907801)",Prevotella,0,694
"(149.44117647058823, 1886.264705882353)",Lautropia,0,695
"(148.36170212765958, 720.2340425531914)",Treponema,0,696
"(148.5, 788.3548387096774)",Rothia,0,698
"(150.5906432748538, 1339.953216374269)",Fusobacterium,0,701
"(148.8796992481203, 1358.7744360902257)",TM7,0,702
"(146.07894736842104, 1777.421052631579)",Veillonella,0,703
"(150.5873015873016, 1010.6031746031746)",Rothia,0,704
"(148.2921348314607, 1405.0337078651685)",Rothia,0,707
"(149.93333333333334, 1965.52)",Prevotella,0,708
"(149.03773584905662, 676.7735849056604)",Rothia,0,709
"(149.5625, 1372.5625)",Rothia,0,711
"(152.05645161290323, 694.8629032258065)",Fusobacterium,0,713
"(149.40217391304347, 908.9782608695652)",Prevotella,0,714
"(148.7391304347826, 1297.072463768116)",Treponema,0,715
"(150.84313725490196, 1322.2745098039215)",TM7,0,716
"(149.0, 1390.9855072463768)",Rothia,0,717
"(150.49586776859505, 1805.7851239669421)",TM7,0,718
"(150.59677419354838, 819.2903225806451)",Rothia,0,719
"(150.5, 1872.6341463414635)",Veillonella,0,720
"(154.82474226804123, 832.2783505154639)",Rothia,0,721
"(153.02608695652174, 1191.513043478261)",Gemella,0,723
"(151.48648648648648, 1272.4234234234234)",Fusobacterium,0,725
"(151.73333333333332, 664.5)",TM7,0,727
"(155.5151515151515, 1102.5454545454545)",Lautropia,0,731
"(152.32394366197184, 1121.619718309859)",Prevotella,0,732
"(154.1788617886179, 1419.178861788618)",Actinomyces,0,733
"(153.77966101694915, 1058.4745762711864)",TM7,0,734
"(152.74324324324326, 1086.6486486486488)",Rothia,0,735
"(152.82558139534885, 1141.6046511627908)",TM7,0,736
"(157.05, 650.0125)",Capnocytophaga,0,740
"(154.9047619047619, 891.25)",Veillonella,0,741
"(155.54545454545453, 1067.7424242424242)",Veillonella,0,743
"(156.3119266055046, 1232.6697247706422)",TM7,0,744
"(158.51315789473685, 1775.2631578947369)",Rothia,0,746
"(156.64835164835165, 799.3516483516484)",Capnocytophaga,0,747
"(155.69117647058823, 944.9411764705883)",Prevotella,0,749
"(155.19642857142858, 1934.767857142857)",TM7,0,750
"(157.52325581395348, 636.5)",Lautropia,0,751
"(155.35416666666666, 850.0729166666666)",Gemella,0,752
"(158.0612244897959, 1329.357142857143)",Lautropia,0,754
"(159.42, 1026.96)",Prevotella,0,756
"(159.6341463414634, 727.4512195121952)",Rothia,0,757
"(160.35227272727272, 749.3181818181819)",Prevotella,0,759
"(157.59649122807016, 969.4912280701755)",Rothia,0,760
"(157.9, 1165.92)",TM7,0,762
"(158.58928571428572, 1975.3214285714287)",TM7,0,764
"(159.45348837209303, 681.6279069767442)",Prevotella,0,765
"(159.08, 1295.66)",TM7,0,767
"(166.9607843137255, 1153.362745098039)",Prevotella,0,770
"(163.40384615384616, 1308.3173076923076)",Capnocytophaga,0,772
"(161.22619047619048, 1858.952380952381)",Rothia,0,773
"(162.03896103896105, 763.0519480519481)",TM7,0,775
"(160.2037037037037, 779.6296296296297)",Gemella,0,776
"(160.5064935064935, 958.038961038961)",Gemella,0,778
"(161.2111111111111, 986.9222222222222)",Fusobacterium,0,779
"(162.90384615384616, 1440.076923076923)",Lautropia,0,785
"(162.76344086021504, 1842.8279569892472)",TM7,0,786
"(163.83471074380165, 1877.909090909091)",Rothia,0,789
"(165.03846153846155, 1076.3653846153845)",Lautropia,0,792
"(164.1851851851852, 1275.469135802469)",Prevotella,0,793
"(163.8, 1387.2)",Veillonella,0,794
"(168.68571428571428, 1400.5047619047618)",Lautropia,0,795
"(168.3939393939394, 1758.141414141414)",Streptococcus,0,796
"(166.42201834862385, 1825.1926605504586)",Veillonella,0,797
"(167.1949152542373, 1937.8728813559321)",Lautropia,0,799
"(164.32407407407408, 1956.3148148148148)",Prevotella,0,800
"(165.95774647887325, 1219.1549295774648)",Gemella,0,802
"(166.73394495412845, 1261.0550458715597)",Rothia,0,803
"(165.66071428571428, 1409.232142857143)",TM7,0,804
"(165.11666666666667, 1769.8666666666666)",Prevotella,0,805
"(164.7741935483871, 1988.2903225806451)",Fusobacterium,0,807
"(168.04347826086956, 718.4347826086956)",Prevotella,0,808
"(167.5064935064935, 1014.5714285714286)",TM7,0,810
"(169.73333333333332, 1141.8166666666666)",TM7,0,811
"(167.58333333333334, 1203.9761904761904)",TM7,0,812
"(171.8, 658.272)",Rothia,0,814
"(171.32089552238807, 700.1492537313433)",Prevotella,0,815
"(167.2962962962963, 999.2407407407408)",Rothia,0,816
"(166.625, 1113.357142857143)",Rothia,0,817
"(167.135593220339, 1375.8305084745762)",TM7,0,818
"(168.51041666666666, 1456.4375)",Veillonella,0,819
"(168.45833333333334, 1799.138888888889)",Fusobacterium,0,820
"(172.38036809815952, 872.361963190184)",Veillonella,0,822
"(170.59493670886076, 926.2278481012659)",Lautropia,0,823
"(168.33870967741936, 1124.7903225806451)",Rothia,0,824
"(169.42307692307693, 1916.5384615384614)",Fusobacterium,0,825
"(171.72413793103448, 683.8620689655172)",Rothia,0,826
"(172.06428571428572, 1041.1285714285714)",Prevotella,0,829
"(170.33898305084745, 1093.7118644067796)",Veillonella,0,830
"(169.53846153846155, 1186.6346153846155)",Veillonella,0,831
"(171.78313253012047, 1353.6265060240964)",Rothia,0,832
"(168.41666666666666, 1425.1666666666667)",Lautropia,0,833
"(170.49180327868854, 1901.1475409836066)",Actinomyces,0,834
"(171.35087719298247, 599.1578947368421)",Corynebacterium,0,835
"(170.27142857142857, 640.9285714285714)",Fusobacterium,0,836
"(169.98387096774192, 668.3064516129032)",Rothia,0,837
"(174.01923076923077, 819.5480769230769)",Prevotella,0,838
"(170.8, 895.8)",Prevotella,0,839
"(168.98, 1967.5)",Gemella,0,845
"(170.65384615384616, 773.2884615384615)",Prevotella,0,846
"(172.47058823529412, 833.2)",Rothia,0,847
"(170.55769230769232, 947.4230769230769)",Leptotrichia,0,848
"(171.1578947368421, 1290.3333333333333)",Fusobacterium,0,850
"(175.1875, 568.921875)",TM7,0,853
"(173.1743119266055, 979.4220183486239)",Prevotella,0,856
"(174.93846153846152, 1172.923076923077)",TM7,0,858
"(174.3913043478261, 611.4202898550725)",Pasteurellaceae,0,859
"(178.48648648648648, 760.7567567567568)",Veillonella,0,860
"(174.0506329113924, 796.506329113924)",Fusobacterium,0,861
"(175.29850746268656, 1229.597014925373)",Capnocytophaga,0,863
"(174.7, 737.18)",TM7,0,864
"(178.45901639344262, 726.8360655737705)",Prevotella,0,865
"(174.82692307692307, 906.6923076923077)",Rothia,0,866
"(177.1734693877551, 1783.8265306122448)",Campylobacter,0,868
"(176.85714285714286, 1068.9107142857142)",Fusobacterium,0,872
"(178.8, 1390.1)",Prevotella,0,874
"(180.4431818181818, 1840.25)",Gemella,0,875
"(179.24, 1860.1733333333334)",Veillonella,0,877
"(177.46753246753246, 1911.4155844155844)",Veillonella,0,878
"(182.1184210526316, 588.0394736842105)",Selenomonas,0,879
"(176.6, 941.48)",Fusobacterium,0,880
"(182.2134831460674, 1091.056179775281)",Prevotella,0,881
"(180.26315789473685, 1303.5263157894738)",Prevotella,0,882
"(177.5, 1985.8793103448277)",Gemella,0,885
"(179.62, 963.14)",Prevotella,0,887
"(179.93975903614458, 1244.144578313253)",Lautropia,0,889
"(178.4142857142857, 1942.1142857142856)",Rothia,0,890
"(181.40404040404042, 1957.2121212121212)",Prevotella,0,891
"(180.62686567164178, 852.9402985074627)",Prevotella,0,892
"(182.16883116883116, 1115.7402597402597)",TM7,0,893
"(185.10344827586206, 1181.4367816091954)",Fusobacterium,0,895
"(182.49122807017545, 1273.4912280701753)",Treponema,0,896
"(187.0486725663717, 1359.353982300885)",Fusobacterium,0,897
"(183.16949152542372, 1918.0338983050847)",Gemella,0,899
"(182.2549019607843, 615.6274509803922)",Lautropia,0,900
"(185.26356589147287, 890.5658914728682)",Rothia,0,901
"(183.24107142857142, 1006.0803571428571)",Lautropia,0,902
"(185.7074829931973, 1376.8639455782313)",Rothia,0,904
"(180.91803278688525, 1415.4098360655737)",TM7,0,905
"(185.76237623762376, 1468.4257425742574)",Treponema,0,907
"(181.54166666666666, 1768.2222222222222)",Veillonella,0,908
"(182.73076923076923, 747.75)",Fusobacterium,0,910
"(183.52, 935.98)",Fusobacterium,0,912
"(186.28787878787878, 1124.9621212121212)",TM7,0,913
"(182.23076923076923, 1194.923076923077)",Capnocytophaga,0,914
"(181.7032967032967, 1333.3956043956043)",TM7,0,917
"(182.66265060240963, 1446.2530120481927)",Rothia,0,918
"(182.94202898550725, 667.8405797101449)",Fusobacterium,0,920
"(185.2, 865.3052631578947)",Rothia,0,923
"(188.97005988023952, 991.3652694610779)",Fusobacterium,0,924
"(183.10169491525423, 1051.949152542373)",Rothia,0,925
"(183.31034482758622, 1262.9310344827586)",Prevotella,0,927
"(183.90540540540542, 1830.5)",Prevotella,0,928
"(183.71641791044777, 1970.402985074627)",Veillonella,0,929
"(184.0, 952.1034482758621)",Rothia,0,930
"(184.3921568627451, 1434.235294117647)",Rothia,0,932
"(185.53521126760563, 1025.0)",Fusobacterium,0,933
"(187.13333333333333, 1752.4555555555555)",Lautropia,0,934
"(189.03614457831324, 580.0722891566265)",TM7,0,935
"(188.22608695652173, 685.6869565217391)",Prevotella,0,937
"(190.98089171974522, 700.8216560509554)",Lautropia,0,938
"(189.68867924528303, 735.5)",TM7,0,939
"(187.8586956521739, 812.8369565217391)",Rothia,0,941
"(185.9206349206349, 910.4603174603175)",Prevotella,0,942
"(186.953125, 1290.53125)",Prevotella,0,945
"(184.98039215686273, 1853.6470588235295)",Rothia,0,946
"(192.87951807228916, 843.3192771084338)",TM7,0,948
"(187.27586206896552, 975.0172413793103)",Prevotella,0,949
"(190.01298701298703, 1150.051948051948)",TM7,0,951
"(187.83333333333334, 1801.75)",Prevotella,0,953
"(187.0921052631579, 1886.157894736842)",Prevotella,0,954
"(186.96341463414635, 1898.4268292682927)",Gemella,0,955
"(195.0782608695652, 1106.6521739130435)",TM7,0,956
"(189.83561643835617, 1215.6164383561643)",Fusobacterium,0,957
"(188.54444444444445, 1927.7222222222222)",Rothia,0,958
"(190.68376068376068, 652.7692307692307)",TM7,0,959
"(188.23880597014926, 1040.0746268656717)",Prevotella,0,960
"(189.36, 1401.7866666666666)",Lautropia,0,961
"(191.82926829268294, 1067.5487804878048)",Prevotella,0,964
"(192.78787878787878, 1163.2575757575758)",Gemella,0,965
"(190.47674418604652, 1321.0348837209303)",Lautropia,0,967
"(194.168, 1867.152)",Prevotella,0,968
"(193.4787234042553, 1944.5425531914893)",Campylobacter,0,969
"(202.36559139784947, 1084.225806451613)",Rothia,0,970
"(192.30645161290323, 1419.1290322580646)",Rothia,0,972
"(191.81914893617022, 1783.127659574468)",TM7,0,973
"(194.2394366197183, 635.9295774647887)",Campylobacter,0,974
"(196.00980392156862, 748.2941176470588)",Corynebacterium,0,975
"(197.54676258992805, 1343.7985611510792)",Rothia,0,977
"(192.46268656716418, 1389.313432835821)",Lautropia,0,978
"(194.76, 1434.4)",Fusobacterium,0,979
"(194.68867924528303, 1983.5943396226414)",Veillonella,0,980
"(193.62745098039215, 924.2352941176471)",Actinomyces,0,982
"(195.46987951807228, 963.8072289156627)",Rothia,0,983
"(195.88524590163934, 1174.2295081967213)",Prevotella,0,984
"(195.54901960784315, 1300.7254901960785)",Rothia,0,985
"(195.34146341463415, 1741.439024390244)",Streptococcus,0,986
"(194.4, 604.5571428571428)",Fusobacterium,0,987
"(195.4655172413793, 1139.2413793103449)",Neisseriaceae,0,990
"(197.672131147541, 1236.4426229508197)",TM7,0,991
"(199.06382978723406, 829.6702127659574)",Prevotella,0,994
"(195.61111111111111, 858.2962962962963)",Prevotella,0,995
"(196.4181818181818, 950.1636363636363)",Veillonella,0,996
"(195.93589743589743, 1017.4871794871794)",Lautropia,0,997
"(196.75438596491227, 763.5964912280701)",Fusobacterium,0,1000
"(196.63934426229508, 782.0491803278688)",TM7,0,1001
"(200.57391304347826, 1052.6173913043478)",Capnocytophaga,0,1003
"(196.20289855072463, 1765.9420289855072)",Gemella,0,1005
"(196.82142857142858, 1963.6964285714287)",Capnocytophaga,0,1007
"(199.29166666666666, 908.0138888888889)",Rothia,0,1008
"(198.7719298245614, 1194.2105263157894)",Lautropia,0,1009
"(199.1, 1852.95)",Gemella,0,1010
"(201.44, 1270.8533333333332)",Rothia,0,1013
"(199.5211267605634, 1824.0422535211267)",Veillonella,0,1015
"(202.15714285714284, 575.4714285714285)",Pasteurellaceae,0,1016
"(200.7840909090909, 794.1022727272727)",TM7,0,1017
"(200.19672131147541, 978.2786885245902)",TM7,0,1019
"(204.53333333333333, 1129.2)",Prevotella,0,1020
"(205.76842105263157, 1253.8631578947368)",TM7,0,1021
"(200.09259259259258, 1286.8333333333333)",Prevotella,0,1022
"(204.67105263157896, 625.8026315789474)",Veillonella,0,1025
"(208.62666666666667, 709.0666666666667)",Fusobacterium,0,1026
"(203.0, 1103.0655737704917)",TM7,0,1027
"(200.54237288135593, 1921.1016949152543)",TM7,0,1031
"(205.46052631578948, 595.75)",Fusobacterium,0,1033
"(204.90277777777777, 770.5694444444445)",Fusobacterium,0,1034
"(201.3090909090909, 1207.418181818182)",Lautropia,0,1036
"(202.82692307692307, 1221.326923076923)",Fusobacterium,0,1037
"(202.28333333333333, 1799.4666666666667)",Prevotella,0,1038
"(203.39622641509433, 940.566037735849)",Rothia,0,1040
"(203.7076923076923, 1039.1076923076923)",Fusobacterium,0,1041
"(205.71428571428572, 1326.7142857142858)",TM7,0,1043
"(205.03174603174602, 1839.1666666666667)",Gemella,0,1044
"(203.64383561643837, 1902.13698630137)",Rothia,0,1045
"(203.45454545454547, 1953.3636363636363)",Actinomyces,0,1046
"(206.14150943396226, 648.2735849056604)",Prevotella,0,1047
"(204.45192307692307, 681.7307692307693)",Veillonella,0,1048
"(204.44444444444446, 915.5555555555555)",Rothia,0,1049
"(203.47272727272727, 1066.2181818181818)",Campylobacter,0,1050
"(209.375, 1318.5892857142858)",Prevotella,0,1052
"(205.56603773584905, 1751.0188679245282)",Veillonella,0,1054
"(207.16091954022988, 882.5977011494252)",Veillonella,0,1056
"(205.94444444444446, 1788.5185185185185)",Gemella,0,1058
"(205.68333333333334, 1815.5833333333333)",Veillonella,0,1059
"(208.17741935483872, 669.0322580645161)",Fusobacterium,0,1060
"(214.42696629213484, 817.3202247191011)",Veillonella,0,1061
"(208.1404958677686, 992.0661157024794)",Rothia,0,1062
"(207.76041666666666, 1167.2916666666667)",Actinomyces,0,1063
"(211.04854368932038, 1365.9126213592233)",Rothia,0,1064
"(207.1625, 1399.4375)",TM7,0,1065
"(206.4909090909091, 1933.418181818182)",Campylobacter,0,1066
"(210.95209580838323, 1418.622754491018)",Prevotella,0,1069
"(211.73949579831933, 613.2352941176471)",Actinomyces,0,1071
"(208.90384615384616, 1436.5384615384614)",Lautropia,0,1077
"(209.289156626506, 448.87951807228916)",Porphyromonas,0,1078
"(215.25301204819277, 1010.0903614457832)",Rothia,0,1082
"(209.75438596491227, 1870.6315789473683)",Veillonella,0,1084
"(211.59154929577466, 694.6338028169014)",Lautropia,0,1086
"(213.60576923076923, 732.8509615384615)",Rothia,0,1087
"(209.8918918918919, 1181.7027027027027)",Lautropia,0,1090
"(210.55384615384617, 1281.1538461538462)",TM7,0,1091
"(216.1904761904762, 1738.3809523809523)",Treponema,0,1093
"(212.71052631578948, 554.7719298245614)",Prevotella,0,1094
"(212.89743589743588, 573.8461538461538)",TM7,0,1095
"(213.37313432835822, 756.5820895522388)",Fusobacterium,0,1096
"(213.68421052631578, 851.9868421052631)",Rothia,0,1097
"(211.55769230769232, 1204.7115384615386)",Rothia,0,1100
"(214.71311475409837, 1261.4426229508197)",Rothia,0,1102
"(212.17808219178082, 1390.3287671232877)",Prevotella,0,1103
"(212.15384615384616, 1854.0961538461538)",Prevotella,0,1104
"(211.84848484848484, 1885.3333333333333)",Lautropia,0,1105
"(212.83582089552237, 1976.1641791044776)",Prevotella,0,1106
"(212.05454545454546, 1994.6545454545455)",Rothia,0,1107
"(217.77868852459017, 1805.3524590163934)",Fusobacterium,0,1111
"(215.51, 1943.73)",TM7,0,1112
"(216.54320987654322, 907.2592592592592)",TM7,0,1113
"(215.08, 922.92)",Pasteurellaceae,0,1114
"(212.984375, 1352.203125)",TM7,0,1115
"(214.57142857142858, 1026.107142857143)",Rothia,0,1117
"(216.76521739130436, 1779.0521739130436)",Rothia,0,1121
"(217.4025974025974, 598.1038961038961)",Treponema,0,1123
"(221.325, 657.9666666666667)",Fusobacterium,0,1124
"(217.34920634920636, 1046.7936507936508)",Rothia,0,1127
"(217.6031746031746, 1896.968253968254)",TM7,0,1130
"(221.1015625, 960.765625)",Gemella,0,1131
"(219.41095890410958, 1059.986301369863)",Lautropia,0,1132
"(218.50943396226415, 1079.566037735849)",Fusobacterium,0,1133
"(221.97435897435898, 1118.7692307692307)",Treponema,0,1134
"(224.5722543352601, 536.9248554913295)",Gemella,0,1136
"(218.12307692307692, 876.3538461538461)",TM7,0,1138
"(221.7093023255814, 1215.3953488372092)",Rothia,0,1140
"(218.98076923076923, 1240.1153846153845)",Prevotella,0,1141
"(220.48387096774192, 1309.0430107526881)",Fusobacterium,0,1142
"(222.05594405594405, 1844.881118881119)",TM7,0,1143
"(219.69230769230768, 943.4807692307693)",Fusobacterium,0,1145
"(228.3644859813084, 1763.233644859813)",Lautropia,0,1148
"(221.57142857142858, 443.0)",Actinomyces,0,1151
"(224.97590361445782, 646.3975903614457)",Fusobacterium,0,1152
"(223.3763440860215, 707.6344086021505)",Gemella,0,1153
"(222.46031746031747, 776.9047619047619)",Prevotella,0,1154
"(221.64150943396226, 1129.6037735849056)",TM7,0,1157
"(220.4607843137255, 1161.2745098039215)",Fusobacterium,0,1159
"(227.008, 1286.952)",Prevotella,0,1160
"(221.68269230769232, 1338.701923076923)",Rothia,0,1161
"(223.07894736842104, 1375.9868421052631)",Fusobacterium,0,1162
"(221.6865671641791, 1427.0597014925372)",Rothia,0,1163
"(225.09782608695653, 1831.4239130434783)",Rothia,0,1164
"(221.9090909090909, 1967.1636363636364)",Veillonella,0,1165
"(221.98333333333332, 801.0666666666667)",TM7,0,1166
"(221.76923076923077, 1101.3942307692307)",Rothia,0,1167
"(222.38181818181818, 840.3636363636364)",TM7,0,1169
"(223.0, 1030.469696969697)",Fusobacterium,0,1170
"(224.35353535353536, 1398.6161616161617)",TM7,0,1171
"(225.15942028985506, 1878.5942028985507)",Rothia,0,1172
"(223.31506849315068, 1915.3698630136987)",Gemella,0,1173
"(228.36458333333334, 582.9479166666666)",Veillonella,0,1175
"(228.08823529411765, 630.6882352941177)",Prevotella,0,1176
"(227.06896551724137, 756.8362068965517)",TM7,0,1178
"(225.9620253164557, 995.2658227848101)",Veillonella,0,1179
"(226.0, 1138.5441176470588)",Fusobacterium,0,1180
"(223.75862068965517, 1726.7068965517242)",TM7,0,1182
"(227.37777777777777, 674.7407407407408)",Fusobacterium,0,1186
"(228.24657534246575, 849.5205479452055)",Campylobacter,0,1187
"(227.0744680851064, 1361.6170212765958)",Fusobacterium,0,1188
"(225.70967741935485, 688.5483870967741)",Prevotella,0,1190
"(224.8507462686567, 890.0746268656717)",Capnocytophaga,0,1192
"(229.61176470588236, 1073.2941176470588)",Prevotella,0,1193
"(228.69607843137254, 1925.3725490196077)",Rothia,0,1200
"(226.90196078431373, 596.0588235294117)",Lautropia,0,1201
"(227.84615384615384, 616.2307692307693)",Rothia,0,1202
"(228.5344827586207, 869.6896551724138)",TM7,0,1203
"(228.71428571428572, 1251.1326530612246)",Rothia,0,1204
"(229.08620689655172, 1351.5689655172414)",Prevotella,0,1205
"(232.14666666666668, 728.0666666666667)",Capnocytophaga,0,1208
"(230.69620253164558, 921.9240506329114)",Rothia,0,1210
"(231.2127659574468, 1899.6489361702127)",TM7,0,1213
"(234.16666666666666, 559.6574074074074)",Rothia,0,1214
"(232.15740740740742, 1818.6851851851852)",Lautropia,0,1218
"(230.58490566037736, 1855.754716981132)",Prevotella,0,1219
"(231.6551724137931, 480.3448275862069)",TM7,0,1220
"(232.07407407407408, 1018.7407407407408)",Fusobacterium,0,1221
"(230.33898305084745, 1041.4406779661017)",Campylobacter,0,1222
"(230.98969072164948, 1786.0721649484535)",Rothia,0,1224
"(232.75384615384615, 696.1076923076923)",Veillonella,0,1226
"(236.07971014492753, 762.0289855072464)",Prevotella,0,1227
"(231.83333333333334, 840.1851851851852)",Campylobacter,0,1228
"(234.65151515151516, 885.6969696969697)",Prevotella,0,1229
"(232.6206896551724, 895.6379310344828)",Prevotella,0,1230
"(232.858407079646, 938.1946902654868)",Prevotella,0,1232
"(234.25, 1275.641304347826)",Lautropia,0,1233
"(232.53030303030303, 544.6060606060606)",Campylobacter,0,1235
"(236.02857142857144, 574.4714285714285)",Gemella,0,1236
"(233.26984126984127, 795.4126984126984)",Veillonella,0,1237
"(235.82738095238096, 1195.9404761904761)",Fusobacterium,0,1240
"(234.4949494949495, 1235.6868686868686)",Fusobacterium,0,1241
"(233.38888888888889, 493.22222222222223)",Gemella,0,1242
"(234.01666666666668, 1005.4)",Rothia,0,1243
"(234.0731707317073, 1090.2073170731708)",TM7,0,1245
"(235.18571428571428, 1125.9571428571428)",Prevotella,0,1246
"(233.39743589743588, 1152.423076923077)",Rothia,0,1247
"(236.2046783625731, 1322.0701754385964)",Rothia,0,1248
"(236.21052631578948, 713.7456140350877)",Rothia,0,1251
"(236.97115384615384, 739.2019230769231)",Prevotella,0,1252
"(236.1, 958.6333333333333)",Rothia,0,1255
"(235.3090909090909, 975.2)",Fusobacterium,0,1256
"(239.2983870967742, 1978.3709677419354)",Rothia,0,1259
"(236.60344827586206, 1378.5)",Rothia,0,1263
"(235.8235294117647, 1388.8676470588234)",Fusobacterium,0,1264
"(235.70689655172413, 1736.7241379310344)",Prevotella,0,1265
"(240.18333333333334, 606.2916666666666)",Prevotella,0,1266
"(240.90721649484536, 1725.0515463917525)",Streptococcus,0,1267
"(238.18867924528303, 868.7169811320755)",Pasteurellaceae,0,1269
"(239.546875, 1212.9765625)",Prevotella,0,1270
"(240.8095238095238, 1417.3095238095239)",Prevotella,0,1271
"(241.64835164835165, 1858.6923076923076)",Prevotella,0,1272
"(239.39285714285714, 1163.392857142857)",Prevotella,0,1275
"(239.21052631578948, 1297.9122807017543)",TM7,0,1276
"(242.5929203539823, 521.5309734513274)",Gemella,0,1278
"(241.63291139240508, 810.1645569620254)",Veillonella,0,1279
"(241.69166666666666, 1064.9833333333333)",Actinomyces,0,1281
"(246.12820512820514, 1103.5128205128206)",Prevotella,0,1282
"(240.44897959183675, 1400.6326530612246)",Rothia,0,1284
"(241.0344827586207, 1836.9310344827586)",TM7,0,1285
"(240.52095808383234, 1954.4550898203593)",Rothia,0,1287
"(241.37704918032787, 659.3934426229508)",Rothia,0,1288
"(244.27692307692308, 1177.7692307692307)",Rothia,0,1291
"(241.0909090909091, 1807.709090909091)",Gemella,0,1294
"(244.80733944954127, 988.0091743119266)",Veillonella,0,1297
"(242.75757575757575, 1019.7878787878788)",Corynebacterium,0,1298
"(242.30985915492957, 1364.4929577464789)",Lautropia,0,1300
"(242.53012048192772, 1794.7469879518073)",Lautropia,0,1301
"(246.44864864864866, 500.6216216216216)",Lautropia,0,1303
"(243.0493827160494, 900.4567901234568)",Lautropia,0,1305
"(243.17741935483872, 1035.8225806451612)",Rothia,0,1307
"(242.9298245614035, 1355.0526315789473)",Rothia,0,1308
"(243.03773584905662, 1748.377358490566)",Veillonella,0,1309
"(246.21428571428572, 1993.1)",Prevotella,0,1311
"(246.9891304347826, 836.7826086956521)",Prevotella,0,1313
"(243.2375, 851.6625)",Rothia,0,1314
"(246.57954545454547, 914.8409090909091)",Rothia,0,1315
"(247.16551724137932, 1251.7310344827586)",Prevotella,0,1316
"(249.85714285714286, 771.7802197802198)",Fusobacterium,0,1320
"(249.12612612612614, 482.56756756756755)",Fusobacterium,0,1321
"(248.34375, 531.1875)",Fusobacterium,0,1322
"(251.43150684931507, 546.8561643835617)",Fusobacterium,0,1323
"(248.37719298245614, 1004.578947368421)",Rothia,0,1325
"(248.43421052631578, 682.1447368421053)",Prevotella,0,1328
"(249.35398230088495, 952.8318584070796)",Rothia,0,1329
"(248.30555555555554, 1139.361111111111)",TM7,0,1330
"(247.7984496124031, 1914.6589147286822)",TM7,0,1331
"(248.43859649122808, 468.64912280701753)",Streptococcus,0,1332
"(250.53465346534654, 591.2376237623762)",Rothia,0,1333
"(249.08, 1742.16)",Prevotella,0,1335
"(251.43434343434345, 1819.1313131313132)",Rothia,0,1336
"(248.30927835051546, 631.0515463917526)",Rothia,0,1337
"(250.05357142857142, 700.5)",Rothia,0,1338
"(253.09174311926606, 892.4954128440367)",TM7,0,1339
"(249.0, 935.5671641791045)",Lautropia,0,1341
"(249.20634920634922, 1761.2857142857142)",Capnocytophaga,0,1345
"(249.125, 565.0277777777778)",Rothia,0,1347
"(249.5, 1215.0925925925926)",Lautropia,0,1349
"(249.44642857142858, 724.7142857142857)",Campylobacter,0,1351
"(252.64893617021278, 750.3936170212766)",TM7,0,1352
"(258.8099547511312, 879.2398190045249)",Corynebacterium,0,1354
"(251.22105263157894, 1119.5684210526315)",Prevotella,0,1355
"(251.86666666666667, 1849.0222222222221)",Rothia,0,1356
"(250.29508196721312, 1888.4262295081967)",TM7,0,1357
"(252.52272727272728, 651.0795454545455)",TM7,0,1359
"(261.440414507772, 1224.5492227979275)",Prevotella,0,1360
"(256.0808080808081, 1876.6565656565656)",Fusobacterium,0,1361
"(253.49333333333334, 615.9733333333334)",Capnocytophaga,0,1363
"(255.40217391304347, 801.0)",TM7,0,1365
"(254.19811320754718, 1194.0283018867924)",Rothia,0,1366
"(253.08823529411765, 1295.8235294117646)",Rothia,0,1367
"(253.60919540229884, 1349.1724137931035)",Fusobacterium,0,1368
"(252.81132075471697, 1833.0)",Fusobacterium,0,1371
"(253.25, 1864.671875)",TM7,0,1372
"(255.3684210526316, 1036.8026315789473)",TM7,0,1373
"(253.4655172413793, 1154.3103448275863)",Rothia,0,1374
"(254.16666666666666, 1167.1833333333334)",Rothia,0,1375
"(254.8815789473684, 1324.3684210526317)",Fusobacterium,0,1377
"(263.2168674698795, 1410.7871485943774)",Prevotella,0,1378
"(254.45263157894738, 1777.3263157894737)",Actinomyces,0,1379
"(253.59154929577466, 1951.4788732394366)",Prevotella,0,1380
"(254.82, 674.82)",Veillonella,0,1381
"(256.69135802469134, 1068.6913580246915)",Gemella,0,1383
"(255.1978021978022, 1983.5384615384614)",Prevotella,0,1385
"(261.71317829457365, 562.2790697674419)",Prevotella,0,1386
"(255.50877192982455, 825.578947368421)",Fusobacterium,0,1388
"(256.82456140350877, 855.9824561403509)",Prevotella,0,1389
"(257.4, 1310.5166666666667)",Rothia,0,1391
"(255.78, 1732.16)",Campylobacter,0,1392
"(257.4117647058824, 909.6911764705883)",Leptotrichia,0,1394
"(263.0642201834862, 999.8256880733945)",Rothia,0,1395
"(262.4640522875817, 1931.7189542483661)",TM7,0,1397
"(263.4102564102564, 1965.3076923076924)",Prevotella,0,1398
"(257.67857142857144, 462.69642857142856)",Lautropia,0,1399
"(259.2808988764045, 1052.943820224719)",Prevotella,0,1401
"(261.5432098765432, 1092.7530864197531)",TM7,0,1402
"(257.27450980392155, 1754.9411764705883)",Rothia,0,1405
"(264.5987654320988, 520.179012345679)",Capnocytophaga,0,1407
"(261.47457627118644, 716.8305084745763)",Prevotella,0,1408
"(259.7096774193548, 1131.467741935484)",TM7,0,1411
"(262.1650485436893, 1207.6601941747572)",Prevotella,0,1412
"(263.0208333333333, 1279.3541666666667)",Capnocytophaga,0,1413
"(261.21875, 1363.7291666666667)",Rothia,0,1414
"(264.4810126582278, 761.1392405063291)",Fusobacterium,0,1416
"(262.8222222222222, 1717.3222222222223)",Gemella,0,1419
"(263.6545454545454, 1904.4060606060607)",TM7,0,1420
"(263.75, 1025.4347826086957)",Fusobacterium,0,1423
"(264.03225806451616, 1843.0967741935483)",Capnocytophaga,0,1424
"(263.1803278688525, 1887.7868852459017)",Rothia,0,1425
"(263.910447761194, 695.4029850746268)",TM7,0,1427
"(264.7734375, 837.9296875)",Capnocytophaga,0,1429
"(264.5, 1108.0)",Rothia,0,1431
"(266.7864077669903, 1256.8349514563106)",TM7,0,1432
"(263.8888888888889, 1808.1587301587301)",Rothia,0,1434
"(266.6605504587156, 484.9724770642202)",TM7,0,1437
"(265.7232142857143, 587.3928571428571)",Campylobacter,0,1438
"(268.68531468531467, 746.0419580419581)",Rothia,0,1440
"(274.16346153846155, 770.7259615384615)",Rothia,0,1441
"(266.1666666666667, 1178.9848484848485)",Prevotella,0,1444
"(265.5247524752475, 1241.2970297029703)",TM7,0,1445
"(265.4032258064516, 1334.4193548387098)",Rothia,0,1447
"(267.46031746031747, 1916.4444444444443)",Gemella,0,1448
"(270.28846153846155, 1041.2115384615386)",TM7,0,1451
"(266.4655172413793, 1298.0)",Gemella,0,1452
"(265.59090909090907, 1795.090909090909)",Actinomyces,0,1453
"(268.1896551724138, 506.08620689655174)",Prevotella,0,1454
"(269.62285714285713, 541.7885714285715)",Prevotella,0,1455
"(268.18390804597703, 657.919540229885)",Fusobacterium,0,1456
"(267.5, 791.7586206896551)",TM7,0,1457
"(266.18461538461537, 969.4923076923077)",TM7,0,1458
"(266.39344262295083, 1153.1803278688524)",Rothia,0,1459
"(272.112, 1347.712)",Fusobacterium,0,1460
"(267.6764705882353, 1377.8529411764705)",Fusobacterium,0,1461
"(265.828125, 1391.671875)",Fusobacterium,0,1462
"(267.89473684210526, 1777.4342105263158)",Actinomyces,0,1464
"(267.6969696969697, 1826.530303030303)",Veillonella,0,1465
"(267.10526315789474, 1954.017543859649)",TM7,0,1466
"(269.84415584415586, 637.9090909090909)",Pasteurellaceae,0,1467
"(268.46774193548384, 856.3709677419355)",Capnocytophaga,0,1469
"(270.3921568627451, 1859.5)",Pasteurellaceae,0,1472
"(273.10596026490066, 604.7549668874173)",Rothia,0,1473
"(269.39622641509436, 729.5849056603773)",Prevotella,0,1474
"(270.01666666666665, 909.95)",Lautropia,0,1475
"(270.5438596491228, 1307.982456140351)",Fusobacterium,0,1476
"(270.68367346938777, 1727.765306122449)",Lautropia,0,1477
"(268.6666666666667, 1872.6666666666667)",Rothia,0,1478
"(272.4583333333333, 1269.9722222222222)",Pasteurellaceae,0,1480
"(271.0330578512397, 1988.1652892561983)",TM7,0,1481
"(273.38461538461536, 1142.551282051282)",Gemella,0,1483
"(274.59090909090907, 684.1818181818181)",Pasteurellaceae,0,1484
"(271.4935064935065, 810.8051948051948)",Fusobacterium,0,1485
"(278.33734939759034, 871.5)",Corynebacterium,0,1486
"(273.49367088607596, 1060.1898734177216)",Lautropia,0,1487
"(271.6, 1076.1571428571428)",Fusobacterium,0,1488
"(272.2909090909091, 1325.2363636363636)",Fusobacterium,0,1489
"(275.17333333333335, 494.56)",Gemella,0,1491
"(275.4921875, 672.1171875)",Rothia,0,1492
"(275.34736842105264, 1130.0210526315789)",Actinomyces,0,1494
"(275.21649484536084, 923.2886597938144)",TM7,0,1495
"(273.2156862745098, 1807.549019607843)",Treponema,0,1496
"(275.5409836065574, 472.55737704918033)",Actinomyces,0,1497
"(282.5151515151515, 1185.9333333333334)",Fusobacterium,0,1499
"(278.43037974683546, 1197.9493670886077)",Fusobacterium,0,1500
"(278.0860215053763, 1733.8172043010752)",Prevotella,0,1501
"(277.3970588235294, 1950.5735294117646)",Prevotella,0,1503
"(276.0153846153846, 622.1538461538462)",Actinomyces,0,1504
"(275.84285714285716, 943.7714285714286)",Veillonella,0,1505
"(275.71875, 964.21875)",Fusobacterium,0,1506
"(279.1034482758621, 1163.9195402298851)",Neisseriaceae,0,1507
"(275.77777777777777, 1289.3809523809523)",Veillonella,0,1509
"(280.528, 1905.168)",Actinomyces,0,1511
"(278.3170731707317, 821.1585365853658)",Rothia,0,1512
"(275.9056603773585, 846.8679245283018)",Corynebacterium,0,1513
"(277.4623655913978, 889.4731182795699)",Fusobacterium,0,1514
"(277.0, 1114.9722222222222)",Prevotella,0,1515
"(280.67469879518075, 575.3373493975904)",Gemella,0,1517
"(278.7323943661972, 694.830985915493)",Rothia,0,1518
"(279.8045977011494, 713.816091954023)",Fusobacterium,0,1519
"(281.01, 999.52)",Rothia,0,1522
"(277.3333333333333, 1029.96)",TM7,0,1523
"(279.1607142857143, 1099.7142857142858)",Treponema,0,1524
"(281.85393258426967, 1359.9325842696628)",Rothia,0,1526
"(277.25, 1973.65)",Rothia,0,1528
"(279.3137254901961, 988.0588235294117)",Fusobacterium,0,1530
"(280.8142857142857, 453.77142857142854)",Actinomyces,0,1533
"(284.0980392156863, 563.4509803921569)",Leptotrichia,0,1534
"(281.4, 904.1833333333333)",TM7,0,1535
"(279.25, 1087.982142857143)",Gemella,0,1536
"(283.1803278688525, 1305.3934426229507)",Fusobacterium,0,1537
"(280.0989010989011, 1391.076923076923)",Prevotella,0,1538
"(279.6, 1420.32)",Gemella,0,1539
"(279.6470588235294, 1782.2549019607843)",Rothia,0,1540
"(283.10526315789474, 587.5526315789474)",Rothia,0,1541
"(282.1951219512195, 648.939024390244)",Rothia,0,1542
"(282.83006535947715, 735.3986928104575)",Fusobacterium,0,1543
"(283.24615384615385, 1151.3692307692309)",Rothia,0,1545
"(286.4887218045113, 1375.9774436090227)",Prevotella,0,1546
"(281.0, 1843.0)",Rothia,0,1547
"(283.8805970149254, 505.74626865671644)",Capnocytophaga,0,1548
"(281.12, 531.76)",Actinomyces,0,1549
"(283.14473684210526, 1250.1973684210527)",Capnocytophaga,0,1552
"(282.7818181818182, 1334.0545454545454)",Rothia,0,1554
"(284.0181818181818, 633.0909090909091)",TM7,0,1556
"(283.811320754717, 1021.3396226415094)",Fusobacterium,0,1557
"(285.72058823529414, 1214.735294117647)",Veillonella,0,1558
"(284.1034482758621, 1891.603448275862)",Rothia,0,1559
"(288.3728813559322, 1921.231638418079)",Prevotella,0,1560
"(287.77777777777777, 1829.939393939394)",Fusobacterium,0,1561
"(284.8787878787879, 546.969696969697)",Rothia,0,1563
"(285.2686567164179, 1050.44776119403)",Actinomyces,0,1565
"(285.24590163934425, 1280.327868852459)",Rothia,0,1566
"(285.86206896551727, 1853.2068965517242)",TM7,0,1567
"(286.7011494252874, 1877.9540229885058)",Prevotella,0,1568
"(287.4931506849315, 610.5890410958904)",Rothia,0,1569
"(286.94736842105266, 1982.578947368421)",Actinomyces,0,1571
"(286.8805970149254, 1992.6268656716418)",TM7,0,1572
"(287.89285714285717, 466.05357142857144)",TM7,0,1573
"(286.6666666666667, 486.94117647058823)",Rothia,0,1574
"(287.046875, 1069.953125)",Lautropia,0,1578
"(287.17721518987344, 1406.0379746835442)",Prevotella,0,1579
"(288.38709677419354, 752.3709677419355)",Prevotella,0,1581
"(288.0615384615385, 792.0)",Rothia,0,1582
"(290.7142857142857, 1228.9450549450548)",Fusobacterium,0,1586
"(290.8493150684931, 1325.13698630137)",Rothia,0,1587
"(293.16814159292034, 910.0884955752213)",Veillonella,0,1589
"(290.7529411764706, 1034.5529411764705)",Fusobacterium,0,1591
"(291.7638888888889, 1142.513888888889)",Fusobacterium,0,1593
"(290.64383561643837, 1238.6986301369864)",TM7,0,1594
"(292.06493506493507, 1965.155844155844)",Fusobacterium,0,1595
"(293.21794871794873, 512.9230769230769)",Lautropia,0,1596
"(289.30555555555554, 827.9722222222222)",Veillonella,0,1597
"(290.87179487179486, 845.0897435897435)",Rothia,0,1598
"(290.8857142857143, 883.1285714285714)",Lautropia,0,1599
"(288.75471698113205, 1128.5283018867924)",Prevotella,0,1600
"(291.2300884955752, 1424.796460176991)",Gemella,0,1602
"(291.4925373134328, 705.9253731343283)",Rothia,0,1603
"(290.5416666666667, 925.7777777777778)",Rothia,0,1604
"(292.70666666666665, 1172.9466666666667)",Rothia,0,1606
"(295.85714285714283, 476.16806722689074)",Selenomonas,0,1607
"(292.3015873015873, 1268.6825396825398)",Campylobacter,0,1608
"(294.8780487804878, 1725.30081300813)",Gemella,0,1609
"(292.0689655172414, 1949.155172413793)",Prevotella,0,1610
"(295.61486486486484, 587.4324324324324)",Fusobacterium,0,1612
"(293.93055555555554, 621.2222222222222)",Capnocytophaga,0,1613
"(294.76119402985074, 666.0298507462686)",Fusobacterium,0,1614
"(297.2608695652174, 690.4347826086956)",Lautropia,0,1615
"(293.1034482758621, 895.8620689655172)",Rothia,0,1616
"(294.07936507936506, 1348.7619047619048)",Rothia,0,1617
"(296.39823008849555, 534.6637168141593)",Veillonella,0,1618
"(294.76271186440675, 964.1016949152543)",Lautropia,0,1619
"(297.3857142857143, 977.5285714285715)",Prevotella,0,1620
"(294.94827586206895, 1094.6379310344828)",Rothia,0,1621
"(296.2317073170732, 552.5121951219512)",Prevotella,0,1625
"(294.36206896551727, 990.9310344827586)",Gemella,0,1627
"(295.45454545454544, 722.2)",Fusobacterium,0,1629
"(296.85714285714283, 1008.6428571428571)",TM7,0,1630
"(296.1384615384615, 1117.2923076923078)",Fusobacterium,0,1631
"(295.89473684210526, 1887.0526315789473)",Lautropia,0,1632
"(297.8, 741.9125)",Fusobacterium,0,1634
"(297.93798449612405, 869.7984496124031)",TM7,0,1635
"(296.1388888888889, 1080.5277777777778)",Gemella,0,1637
"(297.29787234042556, 1850.4255319148936)",Rothia,0,1640
"(298.34375, 494.90625)",Rothia,0,1641
"(298.15686274509807, 632.7254901960785)",Prevotella,0,1642
"(299.32307692307694, 830.123076923077)",TM7,0,1644
"(298.67123287671234, 1022.027397260274)",Prevotella,0,1646
"(301.55102040816325, 1416.1326530612246)",TM7,0,1648
"(299.05555555555554, 953.5)",Fusobacterium,0,1649
"(299.7313432835821, 1129.910447761194)",Prevotella,0,1650
"(299.140350877193, 1163.5087719298247)",Leptotrichia,0,1652
"(300.84705882352944, 1304.870588235294)",Prevotella,0,1653
"(299.7524752475247, 1390.069306930693)",Lautropia,0,1654
"(299.07608695652175, 1901.2065217391305)",Veillonella,0,1656
"(305.5652173913044, 783.4521739130435)",Fusobacterium,0,1657
"(301.3174603174603, 856.6349206349206)",Fusobacterium,0,1658
"(301.26984126984127, 1204.984126984127)",Rothia,0,1659
"(300.0327868852459, 1218.688524590164)",TM7,0,1660
"(303.0357142857143, 453.57142857142856)",Selenomonas,0,1662
"(302.046875, 500.65625)",TM7,0,1664
"(303.6461538461538, 1317.3846153846155)",Rothia,0,1666
"(308.4736842105263, 1973.0701754385964)",Rothia,0,1667
"(305.1588785046729, 1992.8971962616822)",Rothia,0,1668
"(302.725, 1338.3375)",Prevotella,0,1671
"(305.2086956521739, 612.5217391304348)",Prevotella,0,1673
"(305.1666666666667, 730.9166666666666)",Fusobacterium,0,1674
"(303.0769230769231, 841.7846153846153)",TM7,0,1675
"(306.2, 1102.0428571428572)",TM7,0,1676
"(304.1546391752577, 1190.1340206185566)",Lautropia,0,1677
"(303.320987654321, 1873.5925925925926)",Treponema,0,1678
"(308.4622641509434, 653.8301886792453)",Veillonella,0,1679
"(305.50632911392404, 940.7848101265823)",Prevotella,0,1680
"(303.9382716049383, 1924.79012345679)",Actinomyces,0,1682
"(306.29411764705884, 1940.8676470588234)",Campylobacter,0,1683
"(305.24, 516.6133333333333)",Leptotrichia,0,1684
"(306.59322033898303, 1000.4915254237288)",Fusobacterium,0,1686
"(304.8545454545455, 1368.0545454545454)",Fusobacterium,0,1688
"(309.7787610619469, 1948.9026548672566)",Prevotella,0,1690
"(308.77777777777777, 597.7)",Prevotella,0,1691
"(309.2808988764045, 767.943820224719)",Fusobacterium,0,1692
"(307.7176470588235, 904.1294117647059)",TM7,0,1695
"(307.8363636363636, 1236.8545454545454)",Gemella,0,1697
"(308.6363636363636, 1297.1298701298701)",Veillonella,0,1698
"(307.972602739726, 640.1643835616438)",Fusobacterium,0,1699
"(309.6865671641791, 746.5522388059702)",Prevotella,0,1700
"(306.92753623188406, 1053.376811594203)",Lautropia,0,1703
"(307.3454545454546, 1261.1818181818182)",TM7,0,1704
"(308.0, 1829.1016949152543)",Veillonella,0,1705
"(307.14814814814815, 561.1666666666666)",Rothia,0,1706
"(311.5, 818.1)",Rothia,0,1707
"(307.5, 988.9423076923077)",Rothia,0,1710
"(308.7894736842105, 1224.5263157894738)",Actinomyces,0,1711
"(310.2142857142857, 1908.0595238095239)",Gemella,0,1712
"(312.1946902654867, 543.6725663716815)",Actinomyces,0,1713
"(309.58730158730157, 806.7460317460317)",Fusobacterium,0,1714
"(315.0, 1138.6666666666667)",Lautropia,0,1716
"(311.85714285714283, 1323.1538461538462)",Veillonella,0,1717
"(309.05357142857144, 1845.7857142857142)",Rothia,0,1718
"(311.56481481481484, 686.0462962962963)",Capnocytophaga,0,1720
"(312.1869918699187, 704.7479674796748)",Campylobacter,0,1721
"(311.3333333333333, 527.2352941176471)",Lautropia,0,1722
"(312.3611111111111, 1247.986111111111)",Treponema,0,1725
"(313.30357142857144, 919.3571428571429)",Prevotella,0,1726
"(313.08, 1155.61)",Lautropia,0,1728
"(314.2613636363636, 1269.4431818181818)",Prevotella,0,1729
"(313.344262295082, 1354.1475409836066)",Fusobacterium,0,1730
"(313.3783783783784, 1381.8513513513512)",Gemella,0,1731
"(313.64814814814815, 1412.6851851851852)",Lautropia,0,1732
"(314.63013698630135, 826.8904109589041)",Prevotella,0,1735
"(314.4177215189873, 979.0506329113924)",Lautropia,0,1737
"(312.4695652173913, 1075.182608695652)",Campylobacter,0,1738
"(313.11764705882354, 1173.4705882352941)",Lautropia,0,1739
"(312.6666666666667, 1860.5)",Prevotella,0,1741
"(316.4310344827586, 485.4310344827586)",Rothia,0,1742
"(317.9873417721519, 1874.9240506329113)",Gemella,0,1744
"(317.5217391304348, 471.2463768115942)",Fusobacterium,0,1745
"(316.1639344262295, 1008.3934426229508)",Prevotella,0,1749
"(314.41818181818184, 1204.6909090909091)",TM7,0,1752
"(320.92929292929296, 502.8989898989899)",Prevotella,0,1754
"(317.8987341772152, 875.746835443038)",Gemella,0,1756
"(317.62068965517244, 1119.5632183908046)",Fusobacterium,0,1757
"(317.85714285714283, 1282.2467532467533)",Prevotella,0,1758
"(315.72131147540983, 1928.950819672131)",Prevotella,0,1759
"(316.8831168831169, 722.3376623376623)",Lautropia,0,1762
"(316.171875, 893.59375)",Leptotrichia,0,1763
"(318.79347826086956, 1185.8260869565217)",Fusobacterium,0,1764
"(316.796875, 1345.984375)",Veillonella,0,1765
"(316.82089552238807, 1399.1641791044776)",Veillonella,0,1766
"(328.09722222222223, 1843.125)",Lautropia,0,1767
"(318.8521739130435, 1893.8260869565217)",Campylobacter,0,1768
"(320.8735632183908, 572.3103448275862)",Rothia,0,1770
"(317.5967741935484, 664.6935483870968)",Fusobacterium,0,1771
"(319.31168831168833, 945.5194805194806)",TM7,0,1772
"(319.027397260274, 1055.2465753424658)",Treponema,0,1773
"(319.1136363636364, 801.1022727272727)",Lautropia,0,1774
"(320.3538461538462, 1229.6)",TM7,0,1776
"(320.0, 863.5)",Rothia,0,1778
"(321.2909090909091, 1919.2727272727273)",Veillonella,0,1783
"(321.14925373134326, 557.2089552238806)",Fusobacterium,0,1785
"(324.5, 746.327868852459)",Veillonella,0,1787
"(324.16470588235296, 1957.4352941176471)",Fusobacterium,0,1789
"(320.50877192982455, 644.1052631578947)",Rothia,0,1790
"(326.16814159292034, 795.9203539823009)",Prevotella,0,1791
"(321.4754098360656, 1304.0983606557377)",Prevotella,0,1794
"(322.14285714285717, 591.4920634920635)",Capnocytophaga,0,1795
"(323.9756097560976, 1072.158536585366)",Prevotella,0,1796
"(322.73333333333335, 1104.4)",Veillonella,0,1797
"(321.96, 1165.68)",Fusobacterium,0,1798
"(323.6831683168317, 685.3168316831683)",Capnocytophaga,0,1802
"(327.0619469026549, 762.8761061946902)",Rothia,0,1803
"(325.1509433962264, 841.1981132075472)",Rothia,0,1804
"(327.1948051948052, 1086.2857142857142)",Campylobacter,0,1807
"(324.3636363636364, 1253.844155844156)",Treponema,0,1809
"(323.5, 1939.7222222222222)",Prevotella,0,1810
"(328.38524590163934, 632.655737704918)",Rothia,0,1811
"(326.1216216216216, 898.2432432432432)",Actinomyces,0,1812
"(326.75, 1235.764705882353)",Corynebacterium,0,1815
"(326.6818181818182, 604.7954545454545)",Fusobacterium,0,1817
"(324.9230769230769, 615.25)",Lautropia,0,1818
"(327.52830188679246, 777.8490566037735)",Rothia,0,1819
"(327.36764705882354, 912.8970588235294)",Prevotella,0,1821
"(330.9318181818182, 976.469696969697)",Lautropia,0,1822
"(325.6862745098039, 1908.6078431372548)",Fusobacterium,0,1824
"(327.5194805194805, 927.1948051948052)",Neisseriaceae,0,1826
"(330.7113402061856, 1297.4639175257732)",Veillonella,0,1829
"(327.15384615384613, 1357.2884615384614)",Rothia,0,1830
"(328.97701149425285, 522.0)",Rothia,0,1833
"(328.1774193548387, 1317.516129032258)",Rothia,0,1835
"(329.8082191780822, 1378.972602739726)",Lautropia,0,1836
"(330.92134831460675, 492.96629213483146)",Rothia,0,1837
"(330.8961038961039, 711.1558441558442)",Prevotella,0,1838
"(330.6056338028169, 855.1971830985915)",Rothia,0,1839
"(328.3888888888889, 1270.2592592592594)",Lautropia,0,1840
"(329.1111111111111, 1407.148148148148)",TM7,0,1841
"(331.06779661016947, 1945.2033898305085)",Selenomonas,0,1842
"(330.54794520547944, 1991.3287671232877)",TM7,0,1843
"(330.42528735632186, 540.6436781609195)",Capnocytophaga,0,1845
"(332.48571428571427, 827.8285714285714)",Veillonella,0,1848
"(328.89285714285717, 1002.0)",TM7,0,1849
"(329.58620689655174, 1868.7356321839081)",Campylobacter,0,1851
"(331.56716417910445, 477.35820895522386)",Treponema,0,1852
"(333.86764705882354, 619.9117647058823)",Rothia,0,1853
"(333.144578313253, 698.4096385542168)",Fusobacterium,0,1854
"(333.32, 721.36)",TM7,0,1855
"(334.325, 868.5125)",Fusobacterium,0,1856
"(333.5466666666667, 967.2533333333333)",Lautropia,0,1858
"(330.04918032786884, 1060.4754098360656)",Gemella,0,1859
"(332.8, 1345.9875)",Pasteurellaceae,0,1865
"(333.9255319148936, 735.0744680851063)",Actinomyces,0,1867
"(333.2560975609756, 952.060975609756)",Lautropia,0,1869
"(334.725, 992.475)",Actinomyces,0,1870
"(334.74074074074076, 1168.0)",Veillonella,0,1871
"(336.5138888888889, 1243.6805555555557)",TM7,0,1872
"(335.76237623762376, 560.3564356435644)",Fusobacterium,0,1873
"(333.3235294117647, 647.3676470588235)",Rothia,0,1874
"(336.515873015873, 811.6269841269841)",Lautropia,0,1875
"(336.08181818181816, 1183.5)",Prevotella,0,1876
"(340.0827067669173, 662.3684210526316)",TM7,0,1878
"(334.03389830508473, 1048.2542372881355)",Lautropia,0,1879
"(333.0, 1367.6)",Fusobacterium,0,1880
"(338.14018691588785, 1927.1028037383178)",Fusobacterium,0,1881
"(339.4625, 506.0875)",Lautropia,0,1882
"(334.54545454545456, 676.6181818181818)",Corynebacterium,0,1883
"(335.6730769230769, 1013.6923076923077)",Prevotella,0,1884
"(336.2542372881356, 1287.8983050847457)",Fusobacterium,0,1885
"(335.4622641509434, 1894.9905660377358)",Lautropia,0,1886
"(336.59375, 575.046875)",Veillonella,0,1888
"(336.54545454545456, 892.7424242424242)",Prevotella,0,1891
"(337.1714285714286, 1202.2142857142858)",Gemella,0,1892
"(340.46268656716416, 787.2835820895523)",Lautropia,0,1896
"(338.89772727272725, 1397.0454545454545)",Gemella,0,1900
"(337.9, 1855.38)",Treponema,0,1901
"(340.3333333333333, 585.9166666666666)",Fusobacterium,0,1902
"(338.4339622641509, 597.0188679245283)",Capnocytophaga,0,1903
"(343.66789667896677, 1116.0885608856088)",Prevotella,0,1905
"(340.8255033557047, 1140.6241610738255)",Rothia,0,1906
"(341.85, 1950.9666666666667)",TM7,0,1907
"(341.85714285714283, 759.6142857142858)",Treponema,0,1908
"(341.9655172413793, 855.7758620689655)",TM7,0,1910
"(341.8169014084507, 925.3239436619718)",TM7,0,1911
"(338.94444444444446, 1156.2592592592594)",Prevotella,0,1912
"(342.6144578313253, 1271.1566265060242)",Veillonella,0,1913
"(339.43283582089555, 1320.910447761194)",Lautropia,0,1914
"(341.71084337349396, 1332.8192771084337)",Rothia,0,1915
"(343.6703296703297, 1081.7142857142858)",Rothia,0,1918
"(342.7076923076923, 1218.4153846153847)",Gemella,0,1919
"(341.44444444444446, 1866.6666666666667)",Lautropia,0,1921
"(340.88461538461536, 1882.2884615384614)",Porphyromonas,0,1922
"(340.280701754386, 1978.719298245614)",Rothia,0,1923
"(343.5377358490566, 519.6037735849056)",TM7,0,1924
"(345.4018691588785, 745.8598130841121)",Lautropia,0,1925
"(342.0769230769231, 903.5230769230769)",Veillonella,0,1926
"(343.95588235294116, 1069.7205882352941)",Veillonella,0,1928
"(343.5735294117647, 1993.1617647058824)",Veillonella,0,1929
"(345.73873873873873, 686.8288288288288)",Rothia,0,1930
"(343.5925925925926, 1033.3148148148148)",Capnocytophaga,0,1931
"(348.4957983193277, 1058.0168067226891)",Prevotella,0,1932
"(342.95384615384614, 1096.5846153846153)",TM7,0,1933
"(342.17543859649123, 1366.9298245614036)",Selenomonas,0,1934
"(345.1666666666667, 1965.9333333333334)",Fusobacterium,0,1936
"(343.28735632183907, 541.528735632184)",Rothia,0,1938
"(344.796875, 822.453125)",Actinomyces,0,1940
"(346.8490566037736, 840.311320754717)",Lautropia,0,1941
"(345.37179487179486, 1907.128205128205)",TM7,0,1942
"(344.7263157894737, 634.5052631578948)",Capnocytophaga,0,1944
"(347.7721518987342, 699.0632911392405)",Prevotella,0,1945
"(344.54545454545456, 873.6181818181818)",Fusobacterium,0,1946
"(344.44444444444446, 1304.1296296296296)",Gemella,0,1948
"(347.3956043956044, 943.1318681318681)",Gemella,0,1949
"(346.2153846153846, 961.1846153846154)",TM7,0,1950
"(348.2244897959184, 1174.2244897959183)",Rothia,0,1952
"(346.1066666666667, 1348.4133333333334)",Fusobacterium,0,1953
"(349.3867924528302, 1383.4056603773586)",Rothia,0,1954
"(349.72727272727275, 791.8961038961039)",Rothia,0,1958
"(351.70212765957444, 1004.1808510638298)",Gemella,0,1959
"(354.35897435897436, 1231.6153846153845)",Porphyromonas,0,1960
"(349.2608695652174, 1253.141304347826)",Lautropia,0,1961
"(350.9594594594595, 476.18918918918916)",Treponema,0,1963
"(349.3272727272727, 616.9818181818182)",Prevotella,0,1964
"(350.8658536585366, 715.3414634146342)",Lautropia,0,1965
"(349.04285714285714, 776.4571428571429)",Prevotella,0,1966
"(357.0, 974.2657657657658)",Rothia,0,1967
"(351.2987012987013, 1816.5714285714287)",Leptotrichia,0,1970
"(351.4895833333333, 1941.4791666666667)",Rothia,0,1971
"(350.2328767123288, 574.6712328767123)",TM7,0,1973
"(350.13793103448273, 671.4137931034483)",Rothia,0,1974
"(357.29714285714283, 732.1942857142857)",Veillonella,0,1975
"(351.2542372881356, 915.2542372881356)",Campylobacter,0,1976
"(352.09090909090907, 1132.8)",Lautropia,0,1977
"(355.7967479674797, 1293.4634146341464)",Actinomyces,0,1979
"(352.0735294117647, 1954.3382352941176)",Prevotella,0,1980
"(353.38947368421054, 533.4736842105264)",Rothia,0,1981
"(353.3454545454546, 802.709090909091)",Neisseriaceae,0,1982
"(350.25714285714287, 1187.5714285714287)",Gemella,0,1983
"(351.96610169491527, 1284.0169491525423)",Gemella,0,1984
"(352.21311475409834, 1865.2131147540983)",Fusobacterium,0,1985
"(352.234375, 892.90625)",Fusobacterium,0,1988
"(352.2931034482759, 1208.1724137931035)",Prevotella,0,1990
"(357.7266666666667, 1989.5866666666666)",Veillonella,0,1992
"(352.4712643678161, 495.2528735632184)",Treponema,0,1994
"(352.5192307692308, 1361.25)",Fusobacterium,0,1995
"(352.95454545454544, 1828.5757575757575)",Treponema,0,1997
"(353.60919540229884, 1887.8275862068965)",Prevotella,0,1998
"(353.36, 1921.64)",Campylobacter,0,1999
"(354.72222222222223, 585.6388888888889)",Rothia,0,2000
"(356.03809523809525, 1846.2571428571428)",Actinomyces,0,2003
"(354.57971014492756, 812.927536231884)",Selenomonas,0,2005
"(354.0983606557377, 1020.688524590164)",Rothia,0,2007
"(355.24, 1271.6533333333334)",Veillonella,0,2009
"(355.57377049180326, 857.8196721311475)",Rothia,0,2011
"(355.65, 904.0833333333334)",Rothia,0,2012
"(357.44444444444446, 1091.1944444444443)",Prevotella,0,2013
"(357.7083333333333, 1312.3854166666667)",Rothia,0,2014
"(357.68055555555554, 1340.2222222222222)",Fusobacterium,0,2015
"(358.8524590163934, 1881.7377049180327)",Gemella,0,2016
"(360.575, 547.86875)",Fusobacterium,0,2017
"(358.4639175257732, 634.9381443298969)",Prevotella,0,2018
"(357.0, 657.3132530120482)",Fusobacterium,0,2019
"(360.27906976744185, 1199.046511627907)",Lautropia,0,2020
"(360.2153846153846, 592.9692307692308)",Rothia,0,2022
"(358.5272727272727, 831.8909090909091)",Lautropia,0,2023
"(360.0430107526882, 875.3548387096774)",Lautropia,0,2024
"(364.3558282208589, 617.1963190184049)",Capnocytophaga,0,2026
"(361.2413793103448, 1325.9080459770114)",Prevotella,0,2027
"(359.3269230769231, 1349.9615384615386)",Prevotella,0,2028
"(358.5, 1965.0689655172414)",Veillonella,0,2029
"(360.43859649122805, 921.9298245614035)",Fusobacterium,0,2033
"(362.4125, 935.45)",Neisseriaceae,0,2034
"(360.8965517241379, 992.1551724137931)",Fusobacterium,0,2035
"(364.5123966942149, 1030.396694214876)",Gemella,0,2037
"(369.7581395348837, 1043.2325581395348)",Rothia,0,2038
"(362.64088397790056, 1070.7348066298343)",Fusobacterium,0,2039
"(358.910447761194, 1158.4328358208954)",Prevotella,0,2041
"(360.76, 1391.58)",TM7,0,2044
"(361.58181818181816, 1913.418181818182)",Lautropia,0,2046
"(366.6695652173913, 507.3391304347826)",Actinomyces,0,2047
"(365.6194029850746, 792.4626865671642)",Rothia,0,2048
"(363.1803278688525, 697.2622950819672)",Gemella,0,2053
"(372.95953757225436, 683.3757225433526)",Rothia,0,2056
"(364.4144144144144, 746.4594594594595)",Neisseriaceae,0,2057
"(362.6666666666667, 821.6111111111111)",Veillonella,0,2058
"(365.77, 840.99)",Rothia,0,2059
"(365.36, 1182.008)",Veillonella,0,2060
"(363.46875, 1363.734375)",Veillonella,0,2061
"(365.1666666666667, 481.5882352941176)",Gemella,0,2062
"(364.2923076923077, 1125.8615384615384)",Fusobacterium,0,2064
"(367.5287356321839, 495.2298850574713)",Fusobacterium,0,2066
"(367.4578313253012, 574.0963855421687)",Prevotella,0,2067
"(367.87, 761.59)",TM7,0,2068
"(366.0133333333333, 1110.7866666666666)",Gemella,0,2069
"(365.5135135135135, 1244.3918918918919)",Capnocytophaga,0,2070
"(365.55555555555554, 1934.8412698412699)",Fusobacterium,0,2071
"(368.9078014184397, 521.6382978723404)",TM7,0,2072
"(366.25925925925924, 813.3888888888889)",Campylobacter,0,2073
"(367.2125, 1142.35)",Fusobacterium,0,2075
"(369.63235294117646, 1403.0)",Fusobacterium,0,2077
"(369.87719298245617, 1955.6491228070176)",TM7,0,2078
"(371.53921568627453, 556.8235294117648)",Prevotella,0,2079
"(368.0175438596491, 778.4561403508771)",Prevotella,0,2080
"(368.6666666666667, 862.0833333333334)",Campylobacter,0,2081
"(371.5656565656566, 1100.060606060606)",Prevotella,0,2082
"(368.24528301886795, 1210.0943396226414)",Veillonella,0,2083
"(375.6181818181818, 1928.1454545454546)",Lautropia,0,2086
"(370.73809523809524, 1971.1190476190477)",Capnocytophaga,0,2087
"(369.6290322580645, 639.1129032258065)",Rothia,0,2089
"(368.15, 651.95)",Prevotella,0,2090
"(369.2878787878788, 666.5454545454545)",TM7,0,2091
"(373.8796992481203, 1005.9248120300751)",Fusobacterium,0,2092
"(369.4142857142857, 1280.6285714285714)",Pasteurellaceae,0,2094
"(370.0281690140845, 1350.380281690141)",Fusobacterium,0,2095
"(371.88235294117646, 850.9176470588235)",Fusobacterium,0,2097
"(371.43589743589746, 903.9230769230769)",Treponema,0,2098
"(374.6507936507937, 986.8650793650794)",Rothia,0,2099
"(375.60919540229884, 470.13793103448273)",Treponema,0,2101
"(372.2894736842105, 600.1447368421053)",Prevotella,0,2102
"(372.4, 1850.7285714285715)",Lautropia,0,2105
"(373.1978021978022, 1164.6593406593406)",TM7,0,2106
"(372.80263157894734, 1388.4868421052631)",Prevotella,0,2108
"(372.0147058823529, 887.8676470588235)",Gemella,0,2111
"(377.96491228070175, 1338.8070175438597)",Lautropia,0,2113
"(375.8679245283019, 1260.811320754717)",TM7,0,2117
"(376.91379310344826, 1876.103448275862)",Veillonella,0,2120
"(373.7903225806452, 1914.7096774193549)",Gemella,0,2121
"(373.6774193548387, 1986.5967741935483)",Veillonella,0,2122
"(373.98214285714283, 822.7678571428571)",Treponema,0,2123
"(376.2916666666667, 876.5972222222222)",Gemella,0,2124
"(374.9344262295082, 1866.0819672131147)",Streptococcus,0,2126
"(376.1212121212121, 484.530303030303)",Neisseriaceae,0,2127
"(376.34615384615387, 709.7820512820513)",Capnocytophaga,0,2128
"(375.85333333333335, 731.8266666666667)",Fusobacterium,0,2129
"(378.1547619047619, 939.5833333333334)",TM7,0,2130
"(375.45098039215685, 974.2549019607843)",Treponema,0,2131
"(379.37, 1119.09)",Capnocytophaga,0,2132
"(378.69444444444446, 1364.263888888889)",Fusobacterium,0,2133
"(376.9384615384615, 1375.5846153846153)",Rothia,0,2134
"(376.8854166666667, 923.4375)",Prevotella,0,2135
"(379.27142857142854, 1208.4857142857143)",Treponema,0,2137
"(375.2692307692308, 1227.25)",Rothia,0,2138
"(378.1764705882353, 1192.8039215686274)",Prevotella,0,2142
"(381.14141414141415, 1418.7777777777778)",Lautropia,0,2144
"(379.0, 658.9636363636364)",Fusobacterium,0,2145
"(379.24615384615385, 786.9692307692308)",Lautropia,0,2147
"(378.6521739130435, 965.4347826086956)",Gemella,0,2148
"(385.7909090909091, 532.2181818181818)",Rothia,0,2149
"(379.0980392156863, 1183.1764705882354)",Lautropia,0,2151
"(383.2894736842105, 565.0263157894736)",Rothia,0,2154
"(382.8, 608.0111111111111)",TM7,0,2155
"(385.14285714285717, 798.7032967032967)",Rothia,0,2156
"(382.6116504854369, 1135.0)",Fusobacterium,0,2159
"(380.21153846153845, 1301.423076923077)",Prevotella,0,2160
"(383.5104895104895, 641.4825174825174)",Rothia,0,2162
"(382.94444444444446, 758.9629629629629)",Gemella,0,2163
"(384.4526315789474, 1155.578947368421)",Rothia,0,2165
"(382.01428571428573, 1280.7571428571428)",Actinomyces,0,2166
"(382.1290322580645, 1884.5483870967741)",Fusobacterium,0,2167
"(383.2135922330097, 581.5922330097087)",Veillonella,0,2169
"(384.95454545454544, 824.6818181818181)",Prevotella,0,2170
"(382.8490566037736, 837.566037735849)",Prevotella,0,2171
"(382.0576923076923, 952.8076923076923)",Campylobacter,0,2172
"(383.06, 1389.4)",Fusobacterium,0,2175
"(381.80392156862746, 1403.3921568627452)",Neisseriaceae,0,2176
"(385.1545454545454, 1945.1454545454546)",Prevotella,0,2177
"(383.0483870967742, 1071.8225806451612)",Veillonella,0,2180
"(384.28767123287673, 1971.4520547945206)",TM7,0,2182
"(386.16, 740.4133333333333)",Fusobacterium,0,2184
"(385.6774193548387, 852.4677419354839)",Rothia,0,2185
"(384.85, 896.6333333333333)",Rothia,0,2186
"(384.81481481481484, 911.1666666666666)",Rothia,0,2187
"(385.89285714285717, 1098.5535714285713)",Treponema,0,2188
"(385.7450980392157, 1265.9019607843138)",Rothia,0,2190
"(390.1900826446281, 1308.280991735537)",Prevotella,0,2191
"(386.4366197183099, 727.3943661971831)",Neisseriaceae,0,2192
"(386.811320754717, 879.8679245283018)",TM7,0,2194
"(391.2837837837838, 1052.277027027027)",Lautropia,0,2195
"(389.09375, 1330.421875)",Prevotella,0,2196
"(387.39830508474574, 1917.2542372881355)",Gemella,0,2197
"(391.0978260869565, 1993.2282608695652)",Rothia,0,2199
"(387.54545454545456, 488.6)",TM7,0,2200
"(388.43859649122805, 702.5263157894736)",Prevotella,0,2201
"(387.08, 1170.02)",TM7,0,2203
"(389.6588235294118, 1182.5176470588235)",Veillonella,0,2204
"(387.8840579710145, 1354.623188405797)",TM7,0,2205
"(391.208, 619.632)",Rothia,0,2206
"(390.47115384615387, 1239.298076923077)",Veillonella,0,2207
"(388.4788732394366, 1292.9718309859154)",Lautropia,0,2208
"(389.38, 509.81)",Campylobacter,0,2211
"(388.75409836065575, 665.5573770491803)",Fusobacterium,0,2212
"(388.3787878787879, 1224.2878787878788)",TM7,0,2214
"(388.6268656716418, 1440.4776119402984)",Fusobacterium,0,2215
"(391.59375, 930.5)",Prevotella,0,2218
"(391.2560975609756, 1018.719512195122)",Gemella,0,2221
"(391.0144927536232, 1082.9130434782608)",Treponema,0,2222
"(390.01960784313724, 1980.5686274509803)",Veillonella,0,2226
"(391.60655737704917, 834.8852459016393)",Prevotella,0,2228
"(392.4923076923077, 1372.0153846153846)",Prevotella,0,2231
"(391.7878787878788, 1399.2272727272727)",TM7,0,2232
"(394.2758620689655, 769.0919540229885)",Lautropia,0,2234
"(393.6470588235294, 965.6176470588235)",Lautropia,0,2235
"(396.17857142857144, 474.0357142857143)",Fusobacterium,0,2236
"(393.8524590163934, 597.327868852459)",Prevotella,0,2237
"(394.75384615384615, 655.5846153846154)",Rothia,0,2238
"(400.71069182389937, 786.9056603773585)",Gemella,0,2239
"(396.078125, 1035.34375)",Veillonella,0,2241
"(394.98571428571427, 1123.5)",Fusobacterium,0,2242
"(396.4155844155844, 680.038961038961)",Rothia,0,2245
"(395.5394736842105, 1148.4605263157894)",Lautropia,0,2248
"(397.0, 1249.8974358974358)",Fusobacterium,0,2249
"(399.1923076923077, 1446.3076923076924)",Neisseriaceae,0,2251
"(394.5, 918.3333333333334)",Pasteurellaceae,0,2252
"(396.890243902439, 954.7317073170732)",Campylobacter,0,2253
"(395.4507042253521, 1069.5492957746478)",Gemella,0,2257
"(395.9230769230769, 555.9230769230769)",TM7,0,2260
"(397.42028985507244, 637.2173913043479)",Fusobacterium,0,2261
"(398.9622641509434, 901.811320754717)",Fusobacterium,0,2262
"(397.71084337349396, 1941.8915662650602)",Actinomyces,0,2265
"(400.0, 460.8018018018018)",Actinomyces,0,2266
"(398.5056179775281, 572.1460674157304)",Rothia,0,2267
"(397.85714285714283, 694.7301587301587)",Fusobacterium,0,2268
"(399.3636363636364, 748.7636363636364)",Treponema,0,2269
"(398.40384615384613, 794.8653846153846)",Fusobacterium,0,2270
"(400.7578947368421, 816.5684210526316)",Veillonella,0,2271
"(398.14925373134326, 1321.2537313432836)",Lautropia,0,2273
"(398.78, 541.12)",Capnocytophaga,0,2275
"(401.3421052631579, 1167.3333333333333)",Veillonella,0,2278
"(399.75409836065575, 1282.1311475409836)",Gemella,0,2279
"(401.63513513513516, 1967.2702702702702)",Capnocytophaga,0,2280
"(401.3636363636364, 757.7454545454545)",Treponema,0,2281
"(402.1219512195122, 806.060975609756)",Fusobacterium,0,2282
"(400.9113924050633, 855.9367088607595)",Actinomyces,0,2283
"(401.70588235294116, 943.3294117647059)",Pasteurellaceae,0,2284
"(401.3693693693694, 983.9639639639639)",TM7,0,2285
"(405.2755102040816, 1295.6224489795918)",Veillonella,0,2286
"(400.3, 1413.3625)",Gemella,0,2288
"(401.86315789473684, 1427.957894736842)",Campylobacter,0,2289
"(400.57142857142856, 1920.3015873015872)",Pasteurellaceae,0,2290
"(402.75, 1955.27)",Gemella,0,2291
"(406.3030303030303, 490.550505050505)",Campylobacter,0,2292
"(401.4225352112676, 713.4084507042254)",Prevotella,0,2293
"(400.88524590163934, 881.655737704918)",Prevotella,0,2294
"(405.1842105263158, 1004.0)",Veillonella,0,2295
"(402.2241379310345, 1090.9310344827586)",Lautropia,0,2296
"(403.6375, 1208.4)",Fusobacterium,0,2297
"(400.5593220338983, 1263.7796610169491)",Rothia,0,2298
"(401.45238095238096, 1339.3690476190477)",Gemella,0,2299
"(404.3125, 1360.7857142857142)",Fusobacterium,0,2300
"(400.1636363636364, 1388.3272727272727)",Prevotella,0,2301
"(401.71153846153845, 733.75)",Prevotella,0,2302
"(406.39285714285717, 1017.5)",Lautropia,0,2305
"(407.2151898734177, 1893.746835443038)",Lautropia,0,2308
"(405.07, 512.46)",Rothia,0,2309
"(407.1158536585366, 606.6341463414634)",Gemella,0,2310
"(405.24657534246575, 670.6438356164383)",Prevotella,0,2311
"(408.36, 1195.75)",Prevotella,0,2312
"(406.96629213483146, 589.6067415730337)",Rothia,0,2313
"(411.2837837837838, 1989.337837837838)",Gemella,0,2315
"(408.4, 549.3416666666667)",Capnocytophaga,0,2316
"(405.1111111111111, 925.5185185185185)",Veillonella,0,2317
"(407.2769230769231, 1133.2)",Lautropia,0,2319
"(407.14285714285717, 530.4642857142857)",Rothia,0,2322
"(407.5, 636.6764705882352)",Pasteurellaceae,0,2323
"(406.0181818181818, 1054.8363636363636)",Lautropia,0,2324
"(406.40384615384613, 1220.7115384615386)",Neisseriaceae,0,2325
"(409.0344827586207, 1310.183908045977)",Veillonella,0,2327
"(407.98765432098764, 1398.1851851851852)",Lautropia,0,2328
"(410.9349593495935, 654.8780487804878)",Rothia,0,2330
"(407.72, 681.8)",Rothia,0,2331
"(407.1896551724138, 825.8103448275862)",Fusobacterium,0,2332
"(409.24528301886795, 766.2264150943396)",Actinomyces,0,2335
"(408.4642857142857, 911.5535714285714)",Pasteurellaceae,0,2336
"(411.780487804878, 1044.4756097560976)",Gemella,0,2338
"(409.7704918032787, 1156.27868852459)",Prevotella,0,2340
"(410.8390804597701, 1373.3563218390805)",Rothia,0,2341
"(412.0444444444444, 471.43333333333334)",Gemella,0,2343
"(412.94505494505495, 742.2087912087912)",TM7,0,2344
"(409.0, 1032.14)",Gemella,0,2345
"(409.55, 1112.3)",Fusobacterium,0,2346
"(411.16923076923075, 1244.676923076923)",Prevotella,0,2347
"(411.8, 888.0)",Rothia,0,2350
"(413.7325581395349, 1100.5116279069769)",Capnocytophaga,0,2352
"(414.3488372093023, 722.0581395348837)",Neisseriaceae,0,2355
"(417.632183908046, 844.9310344827586)",Campylobacter,0,2356
"(411.95, 1325.025)",Gemella,0,2357
"(416.17808219178085, 1275.86301369863)",Prevotella,0,2359
"(413.0925925925926, 1386.3148148148148)",Actinomyces,0,2360
"(415.0192307692308, 803.0384615384615)",TM7,0,2363
"(417.1489361702128, 862.5)",Fusobacterium,0,2365
"(414.39285714285717, 956.9821428571429)",Campylobacter,0,2366
"(421.9078014184397, 979.6170212765958)",Veillonella,0,2367
"(413.02941176470586, 1349.1029411764705)",Fusobacterium,0,2369
"(418.55, 1453.78)",Rothia,0,2370
"(414.8709677419355, 1945.8709677419354)",Prevotella,0,2371
"(415.5652173913044, 461.0289855072464)",Lautropia,0,2372
"(414.14814814814815, 620.4629629629629)",Prevotella,0,2373
"(415.67424242424244, 939.6136363636364)",Fusobacterium,0,2374
"(418.24050632911394, 1121.7848101265822)",Treponema,0,2375
"(414.55737704918033, 1411.9344262295083)",TM7,0,2377
"(414.7, 1466.36)",Gemella,0,2379
"(420.16339869281046, 779.8235294117648)",Lautropia,0,2381
"(415.03508771929825, 899.9122807017544)",Rothia,0,2382
"(416.296875, 1174.84375)",Lautropia,0,2384
"(418.13698630136986, 1142.6027397260275)",Rothia,0,2389
"(419.2584269662921, 1223.8314606741574)",Treponema,0,2390
"(419.6, 582.5833333333334)",Fusobacterium,0,2393
"(423.09558823529414, 669.3529411764706)",Rothia,0,2394
"(419.3380281690141, 996.2816901408451)",Fusobacterium,0,2396
"(419.70175438596493, 1083.6666666666667)",Rothia,0,2397
"(423.2416666666667, 504.71666666666664)",Veillonella,0,2399
"(418.6666666666667, 1026.8333333333333)",Actinomyces,0,2402
"(420.4583333333333, 519.9027777777778)",Rothia,0,2404
"(420.9, 1069.9833333333333)",Veillonella,0,2405
"(420.4117647058824, 1232.1176470588234)",TM7,0,2406
"(419.6666666666667, 1427.015873015873)",Rothia,0,2407
"(421.83673469387753, 687.3775510204082)",Fusobacterium,0,2408
"(421.344262295082, 754.0655737704918)",Veillonella,0,2409
"(421.5981308411215, 818.5794392523364)",Rothia,0,2411
"(420.6727272727273, 1010.3636363636364)",Prevotella,0,2412
"(421.22033898305085, 1055.542372881356)",Rothia,0,2413
"(420.21666666666664, 1159.2166666666667)",Rothia,0,2414
"(420.78, 1300.86)",Rothia,0,2415
"(421.1354166666667, 1918.21875)",Actinomyces,0,2416
"(422.59322033898303, 1957.3559322033898)",Lautropia,0,2417
"(424.4347826086956, 540.2536231884058)",TM7,0,2418
"(425.57142857142856, 610.3846153846154)",Rothia,0,2419
"(423.0357142857143, 706.375)",Rothia,0,2422
"(422.8103448275862, 1257.7068965517242)",Capnocytophaga,0,2423
"(423.609375, 1287.1875)",Lautropia,0,2424
"(422.85074626865674, 595.7014925373135)",Fusobacterium,0,2427
"(425.95652173913044, 832.9420289855072)",Gemella,0,2428
"(423.1, 888.8666666666667)",Fusobacterium,0,2429
"(423.0, 917.82)",Prevotella,0,2430
"(424.73770491803276, 1244.5081967213114)",Veillonella,0,2434
"(424.7962962962963, 655.1296296296297)",Capnocytophaga,0,2437
"(428.50632911392404, 1359.2025316455697)",Treponema,0,2439
"(426.6986301369863, 1370.3287671232877)",Prevotella,0,2440
"(426.23943661971833, 489.943661971831)",Campylobacter,0,2442
"(427.6714285714286, 562.6428571428571)",Rothia,0,2443
"(428.29213483146066, 624.8876404494382)",Rothia,0,2444
"(430.34415584415586, 728.538961038961)",Prevotella,0,2445
"(425.6, 905.78)",Fusobacterium,0,2446
"(429.05357142857144, 1310.517857142857)",Lautropia,0,2448
"(427.29333333333335, 1324.08)",Fusobacterium,0,2449
"(429.5514018691589, 475.1588785046729)",Fusobacterium,0,2451
"(427.0892857142857, 1213.0)",TM7,0,2455
"(429.05, 1337.75)",Veillonella,0,2456
"(426.9024390243902, 1982.0365853658536)",Prevotella,0,2457
"(430.32307692307694, 768.4)",Prevotella,0,2458
"(429.5090909090909, 1442.3454545454545)",Fusobacterium,0,2461
"(431.2719298245614, 1463.7719298245613)",Fusobacterium,0,2462
"(430.61176470588236, 948.0058823529412)",Veillonella,0,2463
"(429.3207547169811, 1104.5471698113208)",Lautropia,0,2464
"(430.53246753246754, 1148.4155844155844)",Veillonella,0,2465
"(428.6818181818182, 1170.939393939394)",Gemella,0,2466
"(429.7647058823529, 1032.5882352941176)",Rothia,0,2469
"(430.96610169491527, 1131.3728813559321)",Lautropia,0,2471
"(432.8529411764706, 1187.6985294117646)",Fusobacterium,0,2472
"(434.40909090909093, 1970.7424242424242)",Fusobacterium,0,2474
"(432.34177215189874, 524.746835443038)",Prevotella,0,2475
"(439.45238095238096, 1002.5059523809524)",Capnocytophaga,0,2477
"(432.2307692307692, 1019.0307692307692)",Lautropia,0,2478
"(436.9478260869565, 757.4782608695652)",Fusobacterium,0,2480
"(434.74747474747477, 1385.939393939394)",Lautropia,0,2481
"(436.0282485875706, 641.4124293785311)",Fusobacterium,0,2482
"(432.9056603773585, 814.3396226415094)",TM7,0,2483
"(432.7241379310345, 862.5862068965517)",Capnocytophaga,0,2484
"(434.6, 1118.4)",Fusobacterium,0,2485
"(437.60185185185185, 1419.9259259259259)",Streptococcus,0,2486
"(437.3859649122807, 1475.0964912280701)",Porphyromonas,0,2487
"(434.6986301369863, 574.7123287671233)",Rothia,0,2488
"(433.3833333333333, 603.5666666666667)",TM7,0,2489
"(434.96190476190475, 890.9904761904762)",Rothia,0,2491
"(435.04938271604937, 928.679012345679)",Fusobacterium,0,2492
"(437.4625, 1041.3625)",Prevotella,0,2493
"(437.25252525252523, 1054.8484848484848)",TM7,0,2494
"(436.4526315789474, 1262.4105263157894)",Prevotella,0,2495
"(435.1, 851.78)",TM7,0,2497
"(435.6478873239437, 910.0140845070423)",Rothia,0,2498
"(435.85714285714283, 1074.7936507936508)",Veillonella,0,2499
"(434.82191780821915, 1090.150684931507)",Lautropia,0,2500
"(441.3973509933775, 683.3311258278146)",Prevotella,0,2502
"(435.8235294117647, 796.0196078431372)",Rothia,0,2504
"(436.61538461538464, 1220.446153846154)",TM7,0,2505
"(436.47457627118644, 1995.6440677966102)",Capnocytophaga,0,2507
"(438.4842105263158, 504.82105263157894)",Capnocytophaga,0,2508
"(440.37391304347824, 1243.5826086956522)",Fusobacterium,0,2510
"(436.24590163934425, 1294.5901639344263)",Lautropia,0,2511
"(437.9846153846154, 830.1076923076923)",Rothia,0,2513
"(437.79245283018867, 1286.3584905660377)",Prevotella,0,2514
"(440.74257425742576, 1105.7920792079208)",TM7,0,2515
"(439.78, 1341.52)",Treponema,0,2516
"(440.15384615384613, 1362.1758241758241)",Lautropia,0,2518
"(439.51612903225805, 1486.241935483871)",TM7,0,2519
"(443.2560975609756, 1984.7926829268292)",Fusobacterium,0,2520
"(440.6666666666667, 986.7777777777778)",Lautropia,0,2522
"(439.3050847457627, 1328.0169491525423)",Veillonella,0,2523
"(439.73015873015873, 1451.142857142857)",Selenomonas,0,2524
"(442.1159420289855, 556.2173913043479)",Prevotella,0,2527
"(440.5098039215686, 965.0196078431372)",Veillonella,0,2529
"(446.10833333333335, 449.56666666666666)",Lautropia,0,2531
"(443.1630434782609, 585.3913043478261)",Lautropia,0,2532
"(444.22222222222223, 779.1111111111111)",Selenomonas,0,2533
"(445.07272727272726, 843.3272727272728)",Veillonella,0,2534
"(445.2631578947368, 910.0451127819549)",TM7,0,2535
"(447.2682926829268, 1027.5040650406504)",TM7,0,2536
"(441.6981132075472, 1169.566037735849)",Rothia,0,2538
"(442.6551724137931, 619.1465517241379)",Rothia,0,2541
"(442.7258064516129, 878.1290322580645)",Veillonella,0,2542
"(444.5301204819277, 1149.7710843373493)",TM7,0,2543
"(443.10769230769233, 1397.753846153846)",Prevotella,0,2545
"(446.7826086956522, 770.3188405797101)",Lautropia,0,2548
"(444.3625, 863.2125)",TM7,0,2549
"(444.5609756097561, 941.0)",Fusobacterium,0,2550
"(443.8524590163934, 1068.032786885246)",Campylobacter,0,2552
"(447.3974358974359, 1376.4102564102564)",Treponema,0,2554
"(455.9641434262948, 1959.7250996015937)",Fusobacterium,0,2555
"(447.0853658536585, 474.5487804878049)",Fusobacterium,0,2556
"(445.49557522123894, 661.5575221238938)",Fusobacterium,0,2557
"(445.0980392156863, 979.8627450980392)",Veillonella,0,2558
"(445.5272727272727, 536.3090909090909)",Prevotella,0,2560
"(445.72566371681415, 737.1327433628319)",Fusobacterium,0,2562
"(447.03846153846155, 487.94871794871796)",Fusobacterium,0,2565
"(446.0, 1083.5)",Rothia,0,2567
"(448.5730337078652, 1305.561797752809)",Fusobacterium,0,2568
"(448.1267605633803, 1429.5070422535211)",Veillonella,0,2571
"(449.42105263157896, 790.2315789473685)",Prevotella,0,2573
"(450.75, 819.1153846153846)",Lautropia,0,2574
"(450.6666666666667, 897.2105263157895)",TM7,0,2575
"(451.4070796460177, 1044.7345132743362)",Veillonella,0,2576
"(453.6242424242424, 1268.709090909091)",TM7,0,2577
"(449.5, 1317.08)",Veillonella,0,2578
"(450.4078947368421, 544.1578947368421)",Rothia,0,2580
"(450.39285714285717, 601.6964285714286)",Fusobacterium,0,2581
"(451.5357142857143, 671.797619047619)",Fusobacterium,0,2582
"(450.5925925925926, 1103.2222222222222)",Gemella,0,2584
"(450.6551724137931, 1158.6896551724137)",Lautropia,0,2585
"(449.25757575757575, 1289.439393939394)",Fusobacterium,0,2586
"(450.78125, 1461.75)",Treponema,0,2587
"(454.2549019607843, 1489.4411764705883)",Veillonella,0,2588
"(452.3873873873874, 519.8738738738739)",Rothia,0,2589
"(453.16161616161617, 644.3232323232323)",Veillonella,0,2591
"(452.6233766233766, 969.2857142857143)",Veillonella,0,2593
"(456.468085106383, 1120.6950354609928)",Prevotella,0,2594
"(454.64383561643837, 1993.986301369863)",TM7,0,2595
"(452.86486486486484, 832.2567567567568)",Veillonella,0,2598
"(452.43333333333334, 1198.6333333333334)",Rothia,0,2600
"(453.37735849056605, 1240.9245283018868)",Corynebacterium,0,2601
"(452.40384615384613, 1255.0961538461538)",TM7,0,2602
"(452.44871794871796, 1447.0897435897436)",Rothia,0,2604
"(455.01063829787233, 461.6276595744681)",Fusobacterium,0,2605
"(453.2692307692308, 1337.826923076923)",Prevotella,0,2608
"(452.6363636363636, 1409.7662337662337)",Campylobacter,0,2611
"(459.4310344827586, 614.4741379310345)",Prevotella,0,2612
"(454.765625, 805.40625)",TM7,0,2614
"(454.1060606060606, 952.060606060606)",Rothia,0,2615
"(454.1764705882353, 1093.3529411764705)",Gemella,0,2616
"(455.1904761904762, 1395.8095238095239)",Pasteurellaceae,0,2617
"(455.76, 428.38666666666666)",Treponema,0,2618
"(454.27777777777777, 1009.425925925926)",Prevotella,0,2623
"(455.45762711864404, 1172.3389830508474)",Gemella,0,2625
"(457.0625, 1292.078125)",Treponema,0,2626
"(456.765625, 1357.15625)",Campylobacter,0,2627
"(455.5, 557.2272727272727)",Neisseriaceae,0,2628
"(458.17333333333335, 879.4)",Rothia,0,2629
"(456.2, 1211.05)",Gemella,0,2630
"(456.8939393939394, 1475.560606060606)",Veillonella,0,2631
"(455.57142857142856, 1979.732142857143)",TM7,0,2633
"(456.91379310344826, 1063.0344827586207)",Rothia,0,2635
"(460.2142857142857, 1079.0408163265306)",Fusobacterium,0,2637
"(457.66101694915255, 1226.8983050847457)",Corynebacterium,0,2638
"(458.3529411764706, 1373.6470588235295)",Pasteurellaceae,0,2639
"(459.1470588235294, 573.0735294117648)",Lautropia,0,2641
"(458.1111111111111, 584.8703703703703)",TM7,0,2642
"(461.7865168539326, 652.6741573033707)",Fusobacterium,0,2643
"(459.6837606837607, 736.0512820512821)",Rothia,0,2644
"(459.7701149425287, 986.528735632184)",Veillonella,0,2645
"(460.1639344262295, 1316.672131147541)",Rothia,0,2647
"(459.7931034482759, 479.1034482758621)",Prevotella,0,2649
"(461.37931034482756, 690.8362068965517)",Treponema,0,2650
"(458.6119402985075, 849.6268656716418)",Lautropia,0,2651
"(462.39285714285717, 1001.0952380952381)",Veillonella,0,2652
"(464.970297029703, 1461.5544554455446)",Rothia,0,2653
"(463.5273631840796, 502.17910447761193)",Rothia,0,2654
"(464.15555555555557, 756.0333333333333)",Prevotella,0,2655
"(464.0851063829787, 777.0)",Neisseriaceae,0,2656
"(462.078125, 710.71875)",Fusobacterium,0,2662
"(463.9032258064516, 791.1720430107526)",Lautropia,0,2663
"(466.3333333333333, 809.9142857142857)",Fusobacterium,0,2664
"(463.5, 915.6090909090909)",Veillonella,0,2666
"(468.3781512605042, 1346.1176470588234)",Actinomyces,0,2669
"(464.55405405405406, 1436.662162162162)",Treponema,0,2670
"(470.2983870967742, 938.3467741935484)",Veillonella,0,2673
"(468.20388349514565, 1279.116504854369)",Fusobacterium,0,2678
"(467.14772727272725, 1422.0454545454545)",Gemella,0,2679
"(465.03636363636366, 549.5272727272727)",Rothia,0,2680
"(464.59016393442624, 827.9180327868852)",Prevotella,0,2682
"(465.51612903225805, 974.0)",Rothia,0,2684
"(469.6906474820144, 1211.1007194244605)",Prevotella,0,2686
"(465.6307692307692, 1301.9538461538461)",Lautropia,0,2688
"(465.84313725490193, 722.7058823529412)",Rothia,0,2691
"(466.09615384615387, 1046.4423076923076)",Actinomyces,0,2692
"(466.7931034482759, 1094.948275862069)",Prevotella,0,2693
"(467.9873417721519, 1106.5822784810127)",TM7,0,2694
"(466.1166666666667, 1152.0833333333333)",Fusobacterium,0,2695
"(467.0285714285714, 526.8)",Rothia,0,2698
"(467.4366197183099, 742.4084507042254)",Streptococcus,0,2699
"(468.4117647058824, 838.0784313725491)",Fusobacterium,0,2700
"(469.04395604395603, 1032.0)",Veillonella,0,2701
"(468.14285714285717, 448.37142857142857)",Treponema,0,2703
"(469.0126582278481, 874.379746835443)",Prevotella,0,2704
"(467.728813559322, 1069.7118644067796)",Treponema,0,2705
"(469.51785714285717, 1992.642857142857)",Prevotella,0,2713
"(471.037037037037, 628.2685185185185)",Capnocytophaga,0,2715
"(471.82758620689657, 1014.6724137931035)",Campylobacter,0,2717
"(469.8373983739837, 1231.2520325203252)",Rothia,0,2719
"(469.9836065573771, 1397.1639344262296)",Fusobacterium,0,2722
"(470.18, 667.56)",Fusobacterium,0,2726
"(475.3581081081081, 692.2432432432432)",Rothia,0,2727
"(474.24175824175825, 954.0164835164835)",Rothia,0,2729
"(471.7118644067797, 1484.9830508474577)",TM7,0,2730
"(471.73972602739724, 570.068493150685)",Rothia,0,2731
"(478.3484848484849, 602.2727272727273)",Fusobacterium,0,2732
"(472.82142857142856, 641.7857142857143)",Fusobacterium,0,2733
"(472.6307692307692, 1411.8307692307692)",Capnocytophaga,0,2735
"(472.4, 1176.32)",Rothia,0,2737
"(475.5, 1255.1911764705883)",Pasteurellaceae,0,2738
"(474.5274725274725, 1449.3846153846155)",Rothia,0,2739
"(476.46753246753246, 585.3116883116883)",Fusobacterium,0,2740
"(475.5326086956522, 785.8913043478261)",Lautropia,0,2743
"(477.18947368421055, 1056.6947368421052)",Veillonella,0,2744
"(478.69444444444446, 426.30555555555554)",Fusobacterium,0,2748
"(475.5571428571429, 437.87142857142857)",TM7,0,2749
"(475.72222222222223, 551.7111111111111)",Fusobacterium,0,2750
"(476.03389830508473, 901.1864406779661)",Veillonella,0,2751
"(476.18518518518516, 1266.7037037037037)",Prevotella,0,2752
"(478.3813559322034, 1954.6525423728813)",Fusobacterium,0,2753
"(477.11392405063293, 401.9493670886076)",Corynebacterium,0,2754
"(479.31111111111113, 665.5555555555555)",Prevotella,0,2755
"(476.4428571428571, 764.5)",Lautropia,0,2756
"(478.48514851485146, 827.1782178217821)",Rothia,0,2757
"(475.72, 923.88)",Fusobacterium,0,2758
"(475.58, 1132.92)",Fusobacterium,0,2760
"(475.35714285714283, 1161.9464285714287)",TM7,0,2761
"(478.9, 1188.3)",Fusobacterium,0,2762
"(476.8985507246377, 1300.0144927536232)",Fusobacterium,0,2763
"(477.640625, 478.78125)",Rothia,0,2766
"(478.9102564102564, 996.2179487179487)",Rothia,0,2767
"(479.6952380952381, 1311.6285714285714)",Rothia,0,2768
"(479.23364485981307, 1971.0841121495328)",Rothia,0,2769
"(480.10526315789474, 458.6140350877193)",Gemella,0,2771
"(482.79816513761466, 495.43119266055044)",Fusobacterium,0,2772
"(479.0246913580247, 524.1604938271605)",Prevotella,0,2773
"(482.17977528089887, 713.2584269662922)",Fusobacterium,0,2774
"(479.46590909090907, 873.8977272727273)",Rothia,0,2775
"(480.7283950617284, 890.0)",Rothia,0,2776
"(478.6666666666667, 912.1111111111111)",Gemella,0,2777
"(480.2962962962963, 1043.3148148148148)",Fusobacterium,0,2778
"(479.63157894736844, 750.0736842105263)",Rothia,0,2779
"(480.1475409836066, 1094.950819672131)",Capnocytophaga,0,2782
"(480.2, 1493.6545454545455)",Streptococcus,0,2784
"(481.6857142857143, 724.1142857142858)",Gemella,0,2786
"(480.17241379310343, 1277.2586206896551)",Pasteurellaceae,0,2787
"(481.17910447761193, 972.0149253731344)",Capnocytophaga,0,2789
"(483.22352941176473, 1149.9176470588236)",TM7,0,2790
"(483.8279569892473, 1166.763440860215)",Rothia,0,2791
"(483.89719626168227, 1240.411214953271)",Veillonella,0,2792
"(485.125, 1388.2589285714287)",Fusobacterium,0,2793
"(484.5486725663717, 1504.8053097345132)",Selenomonas,0,2794
"(484.2625, 812.425)",Fusobacterium,0,2795
"(482.9577464788732, 848.3098591549295)",Veillonella,0,2797
"(483.15, 1028.8)",Fusobacterium,0,2798
"(481.3061224489796, 1429.4795918367347)",Veillonella,0,2801
"(483.93150684931504, 1465.3698630136987)",TM7,0,2802
"(482.01785714285717, 533.8035714285714)",Rothia,0,2803
"(484.47058823529414, 654.0882352941177)",Rothia,0,2806
"(488.07042253521126, 984.6901408450705)",Veillonella,0,2807
"(483.52941176470586, 1987.078431372549)",TM7,0,2811
"(487.56310679611653, 920.7669902912621)",Prevotella,0,2813
"(485.74257425742576, 1111.5643564356435)",Treponema,0,2814
"(483.0740740740741, 1338.8148148148148)",Gemella,0,2815
"(484.03846153846155, 1365.423076923077)",Gemella,0,2816
"(484.4754098360656, 789.1475409836065)",Rothia,0,2819
"(486.0181818181818, 557.1090909090909)",Rothia,0,2822
"(486.969696969697, 1084.5151515151515)",Veillonella,0,2823
"(487.19117647058823, 1130.8823529411766)",Rothia,0,2824
"(488.0882352941176, 735.5)",Rothia,0,2826
"(487.46153846153845, 945.0307692307692)",Veillonella,0,2827
"(488.53521126760563, 1005.3380281690141)",Neisseriaceae,0,2828
"(487.8474576271187, 1327.5084745762713)",Rothia,0,2829
"(491.37373737373736, 469.6363636363636)",Fusobacterium,0,2832
"(490.6666666666667, 640.8387096774194)",Rothia,0,2833
"(488.8, 696.6615384615385)",Fusobacterium,0,2834
"(489.5, 774.4102564102565)",Lautropia,0,2835
"(494.58620689655174, 1069.8137931034482)",Campylobacter,0,2836
"(488.8985507246377, 1286.9565217391305)",Prevotella,0,2837
"(490.2692307692308, 878.9487179487179)",Fusobacterium,0,2841
"(489.98198198198196, 958.1171171171171)",Prevotella,0,2842
"(488.8032786885246, 1179.7868852459017)",Campylobacter,0,2843
"(491.58415841584156, 437.66336633663366)",Veillonella,0,2846
"(491.81, 596.64)",TM7,0,2847
"(492.1287128712871, 760.7623762376238)",Lautropia,0,2848
"(492.3440860215054, 798.6774193548387)",Fusobacterium,0,2849
"(492.325, 854.6125)",Fusobacterium,0,2850
"(491.7027027027027, 1248.918918918919)",Prevotella,0,2852
"(490.1764705882353, 1260.9803921568628)",Campylobacter,0,2853
"(492.30555555555554, 409.3240740740741)",Actinomyces,0,2857
"(490.6219512195122, 507.7682926829268)",Veillonella,0,2858
"(490.64912280701753, 544.6842105263158)",TM7,0,2859
"(491.79661016949154, 452.864406779661)",Actinomyces,0,2863
"(492.7831325301205, 1022.3975903614457)",Capnocytophaga,0,2865
"(490.3666666666667, 1199.6666666666667)",TM7,0,2866
"(492.35483870967744, 1275.3709677419354)",Prevotella,0,2867
"(495.5652173913044, 1990.7282608695652)",Prevotella,0,2870
"(493.26666666666665, 624.9666666666667)",Veillonella,0,2873
"(493.34615384615387, 675.5192307692307)",Lautropia,0,2874
"(491.8412698412698, 1312.4444444444443)",Prevotella,0,2876
"(492.7435897435897, 1434.423076923077)",Veillonella,0,2877
"(494.5125, 566.9375)",Fusobacterium,0,2878
"(493.4925373134328, 823.5820895522388)",Prevotella,0,2879
"(493.05172413793105, 1053.4310344827586)",Fusobacterium,0,2880
"(496.0151515151515, 1191.7575757575758)",Actinomyces,0,2881
"(493.56666666666666, 1415.8666666666666)",Veillonella,0,2882
"(493.325, 1966.2)",TM7,0,2883
"(495.625, 1483.9375)",Fusobacterium,0,2886
"(496.5263157894737, 396.86842105263156)",Pasteurellaceae,0,2887
"(497.98148148148147, 968.6296296296297)",Rothia,0,2890
"(495.0, 1039.6271186440679)",Fusobacterium,0,2891
"(497.6290322580645, 1299.467741935484)",Fusobacterium,0,2893
"(496.38, 1337.74)",Fusobacterium,0,2894
"(497.0, 1455.9)",Corynebacterium,0,2895
"(498.0882352941176, 525.9705882352941)",TM7,0,2897
"(496.46774193548384, 690.7903225806451)",Rothia,0,2898
"(496.50847457627117, 888.0338983050848)",Prevotella,0,2899
"(496.5882352941176, 934.156862745098)",Veillonella,0,2900
"(497.42028985507244, 1101.7536231884058)",TM7,0,2901
"(496.7230769230769, 1350.5846153846153)",Actinomyces,0,2902
"(498.7090909090909, 1470.6909090909091)",Fusobacterium,0,2906
"(502.25252525252523, 1210.030303030303)",Rothia,0,2909
"(500.1, 1382.9222222222222)",Gemella,0,2910
"(499.7857142857143, 865.9591836734694)",Selenomonas,0,2911
"(501.22058823529414, 910.3088235294117)",Gemella,0,2912
"(503.67261904761904, 1172.7916666666667)",Prevotella,0,2917
"(503.12745098039215, 1229.8039215686274)",Fusobacterium,0,2918
"(502.33620689655174, 1262.7155172413793)",Rothia,0,2919
"(501.41975308641975, 1399.5802469135801)",Lautropia,0,2921
"(506.0472440944882, 1089.267716535433)",Rothia,0,2922
"(502.24615384615385, 703.4769230769231)",Campylobacter,0,2927
"(510.55194805194805, 721.9545454545455)",Prevotella,0,2928
"(502.9404761904762, 778.7380952380952)",Prevotella,0,2929
"(505.8875, 799.8875)",Rothia,0,2930
"(507.56390977443607, 1364.5338345864661)",Porphyromonas,0,2931
"(501.9056603773585, 1509.4716981132076)",Prevotella,0,2932
"(505.5673076923077, 550.4711538461538)",Prevotella,0,2933
"(502.9, 630.08)",Rothia,0,2934
"(504.8170731707317, 503.6219512195122)",Rothia,0,2936
"(504.9904761904762, 585.8952380952381)",Rothia,0,2937
"(504.9156626506024, 661.5060240963855)",Campylobacter,0,2938
"(504.22641509433964, 1417.1132075471698)",Selenomonas,0,2940
"(508.1127819548872, 441.5563909774436)",Rothia,0,2941
"(505.3521126760563, 757.9014084507043)",Selenomonas,0,2942
"(505.27358490566036, 944.1509433962265)",Fusobacterium,0,2943
"(505.6666666666667, 1017.1372549019608)",Prevotella,0,2945
"(507.40697674418607, 1280.2151162790697)",Rothia,0,2946
"(505.2142857142857, 1494.797619047619)",Rothia,0,2947
"(506.82022471910113, 1994.7191011235955)",Rothia,0,2948
"(505.41121495327104, 483.4766355140187)",Rothia,0,2949
"(512.4195121951219, 535.0341463414634)",Fusobacterium,0,2950
"(515.2741935483871, 643.005376344086)",Fusobacterium,0,2951
"(512.6969696969697, 669.5454545454545)",Fusobacterium,0,2952
"(506.25, 833.15)",Gemella,0,2954
"(506.7669902912621, 1246.4271844660195)",Fusobacterium,0,2956
"(507.95454545454544, 1428.0795454545455)",TM7,0,2958
"(506.43956043956047, 1972.142857142857)",Fusobacterium,0,2959
"(506.85714285714283, 425.8888888888889)",Campylobacter,0,2960
"(509.2133333333333, 889.1466666666666)",Prevotella,0,2961
"(509.79, 1005.15)",Rothia,0,2963
"(507.17391304347825, 1444.2826086956522)",Fusobacterium,0,2965
"(509.0, 569.9705882352941)",Prevotella,0,2966
"(508.69072164948454, 605.319587628866)",Prevotella,0,2967
"(511.53684210526313, 989.9157894736842)",Rothia,0,2969
"(509.9099099099099, 1053.9279279279278)",Veillonella,0,2970
"(511.25714285714287, 1120.0857142857142)",Capnocytophaga,0,2971
"(510.65555555555557, 1159.5444444444445)",Veillonella,0,2972
"(507.94444444444446, 1310.111111111111)",Veillonella,0,2973
"(507.87301587301585, 1461.968253968254)",TM7,0,2974
"(511.27848101265823, 921.3417721518987)",Gemella,0,2978
"(516.3620689655172, 1131.4741379310344)",TM7,0,2979
"(510.8157894736842, 1140.6973684210527)",Rothia,0,2980
"(511.0462962962963, 1198.787037037037)",Rothia,0,2981
"(508.2181818181818, 1345.5272727272727)",Leptotrichia,0,2982
"(508.5192307692308, 1982.4615384615386)",Rothia,0,2983
"(513.0309278350516, 854.6907216494845)",Treponema,0,2985
"(512.0227272727273, 1027.034090909091)",Prevotella,0,2986
"(511.97701149425285, 1522.655172413793)",Prevotella,0,2987
"(510.49411764705883, 465.6)",Rothia,0,2988
"(511.51612903225805, 746.4516129032259)",Capnocytophaga,0,2989
"(513.3148148148148, 686.0925925925926)",Prevotella,0,2990
"(511.1454545454545, 867.8545454545455)",Prevotella,0,2991
"(512.1818181818181, 1379.5636363636363)",Fusobacterium,0,2993
"(513.5535714285714, 1500.625)",TM7,0,2994
"(513.2692307692307, 413.0)",Selenomonas,0,2995
"(517.9347826086956, 451.3804347826087)",Gemella,0,2996
"(514.6265060240963, 960.777108433735)",Fusobacterium,0,2997
"(512.6610169491526, 1067.6101694915253)",Fusobacterium,0,2998
"(518.4, 1940.2363636363636)",Lautropia,0,3000
"(516.1733333333333, 906.5466666666666)",Fusobacterium,0,3001
"(516.824, 1476.568)",Prevotella,0,3003
"(516.6333333333333, 1348.6833333333334)",TM7,0,3007
"(520.0860215053764, 700.1290322580645)",Fusobacterium,0,3008
"(515.7647058823529, 1298.4411764705883)",TM7,0,3011
"(518.8260869565217, 491.4673913043478)",Rothia,0,3013
"(516.8823529411765, 1216.0)",Prevotella,0,3015
"(522.705035971223, 1231.589928057554)",Lautropia,0,3016
"(518.063492063492, 1325.3650793650793)",Leptotrichia,0,3017
"(519.8651685393259, 1392.191011235955)",Lautropia,0,3018
"(517.5212765957447, 1956.1170212765958)",Veillonella,0,3019
"(524.2214765100671, 419.83892617449663)",Lautropia,0,3020
"(522.0188679245283, 509.4433962264151)",Veillonella,0,3021
"(518.438596491228, 1079.4561403508771)",TM7,0,3024
"(518.7285714285714, 396.74285714285713)",Fusobacterium,0,3025
"(523.6086956521739, 481.59420289855075)",Rothia,0,3026
"(520.3260869565217, 582.8586956521739)",Rothia,0,3027
"(518.5074626865671, 614.5373134328358)",Fusobacterium,0,3028
"(523.1645569620254, 711.873417721519)",Fusobacterium,0,3029
"(518.1971830985915, 1015.2394366197183)",Gemella,0,3032
"(518.953125, 1100.53125)",Rothia,0,3033
"(520.5507246376811, 1183.159420289855)",Rothia,0,3034
"(519.9107142857143, 1433.2142857142858)",Capnocytophaga,0,3035
"(520.6129032258065, 845.4408602150538)",Gemella,0,3036
"(523.7207207207207, 1170.981981981982)",TM7,0,3037
"(520.7142857142857, 1456.642857142857)",Rothia,0,3039
"(524.0722891566265, 403.73493975903614)",Fusobacterium,0,3040
"(520.0833333333334, 559.5625)",Veillonella,0,3042
"(522.1269841269841, 796.3015873015873)",Campylobacter,0,3046
"(522.4727272727273, 893.7636363636364)",Rothia,0,3047
"(522.44, 1039.384)",Campylobacter,0,3050
"(525.5909090909091, 1285.6454545454546)",Fusobacterium,0,3051
"(523.112676056338, 1982.7464788732395)",Fusobacterium,0,3052
"(524.6770833333334, 879.6145833333334)",Capnocytophaga,0,3053
"(523.0333333333333, 1416.4666666666667)",Lautropia,0,3056
"(523.6190476190476, 1970.904761904762)",Veillonella,0,3059
"(526.0955882352941, 468.6764705882353)",Rothia,0,3060
"(523.6842105263158, 816.140350877193)",Prevotella,0,3061
"(523.9545454545455, 867.9545454545455)",Actinomyces,0,3062
"(523.8928571428571, 1276.767857142857)",TM7,0,3063
"(523.046875, 1334.75)",Lautropia,0,3064
"(527.2388059701492, 1531.9701492537313)",TM7,0,3065
"(527.048, 652.776)",TM7,0,3067
"(526.2948717948718, 746.1923076923077)",Actinomyces,0,3068
"(526.1693548387096, 1154.274193548387)",Treponema,0,3071
"(526.7111111111111, 686.5)",TM7,0,3072
"(527.4657534246576, 931.3424657534247)",Veillonella,0,3073
"(524.8720930232558, 1196.093023255814)",Rothia,0,3075
"(528.421052631579, 1995.3894736842105)",Capnocytophaga,0,3077
"(529.6629213483146, 726.561797752809)",Selenomonas,0,3079
"(526.859375, 777.03125)",TM7,0,3080
"(526.1176470588235, 828.9117647058823)",Rothia,0,3081
"(528.2982456140351, 1425.8245614035088)",Lautropia,0,3082
"(527.8727272727273, 593.6363636363636)",Rothia,0,3085
"(528.54, 674.16)",Gemella,0,3086
"(527.7428571428571, 1062.1857142857143)",Fusobacterium,0,3087
"(527.4285714285714, 1119.1224489795918)",Neisseriaceae,0,3088
"(526.6933333333334, 1215.8933333333334)",Treponema,0,3089
"(533.2846715328467, 1304.4306569343066)",Prevotella,0,3090
"(527.3939393939394, 1353.4545454545455)",Rothia,0,3091
"(529.1029411764706, 1371.2058823529412)",Fusobacterium,0,3092
"(528.4528301886793, 1383.301886792453)",Neisseriaceae,0,3093
"(529.8450704225352, 757.7464788732394)",TM7,0,3094
"(528.0819672131148, 992.8524590163935)",TM7,0,3095
"(529.1, 1257.475)",Capnocytophaga,0,3096
"(534.0089285714286, 1071.5535714285713)",Actinomyces,0,3100
"(530.1756756756756, 1487.6081081081081)",Fusobacterium,0,3106
"(530.8965517241379, 1445.5344827586207)",Treponema,0,3110
"(533.6375, 1501.925)",Actinomyces,0,3111
"(530.6166666666667, 1953.8166666666666)",Gemella,0,3112
"(533.2981366459627, 544.7329192546584)",Rothia,0,3113
"(532.7543859649123, 917.719298245614)",Treponema,0,3116
"(533.0224719101124, 949.5168539325842)",TM7,0,3117
"(532.5, 839.1730769230769)",Fusobacterium,0,3120
"(534.2222222222222, 865.4722222222222)",Gemella,0,3121
"(534.140350877193, 1268.561403508772)",Fusobacterium,0,3123
"(539.9336734693877, 1517.0102040816328)",Rothia,0,3125
"(535.78125, 616.390625)",Prevotella,0,3126
"(536.0918367346939, 1136.6734693877552)",TM7,0,3128
"(537.0519480519481, 392.61038961038963)",Prevotella,0,3129
"(536.0864197530864, 436.7654320987654)",Prevotella,0,3130
"(537.508064516129, 508.241935483871)",Rothia,0,3131
"(538.5684210526316, 600.5684210526316)",Lautropia,0,3132
"(535.3424657534247, 767.3424657534247)",Prevotella,0,3133
"(534.8659793814433, 1341.4536082474226)",Treponema,0,3134
"(538.3846153846154, 574.0096153846154)",Rothia,0,3135
"(535.5090909090909, 664.2181818181818)",Fusobacterium,0,3136
"(536.9677419354839, 1201.274193548387)",Prevotella,0,3137
"(537.4444444444445, 1322.4545454545455)",Neisseriaceae,0,3138
"(537.68, 456.78)",Rothia,0,3139
"(536.1585365853658, 634.9146341463414)",Neisseriaceae,0,3140
"(536.8588235294118, 973.6705882352941)",Prevotella,0,3143
"(538.9605263157895, 1236.2105263157894)",Gemella,0,3145
"(544.2154882154882, 327.07070707070704)",Rothia,0,3146
"(542.3565217391305, 473.11304347826086)",Rothia,0,3147
"(536.8269230769231, 488.7692307692308)",Rothia,0,3148
"(537.948275862069, 711.0344827586207)",Gemella,0,3150
"(540.2083333333334, 741.4166666666666)",Veillonella,0,3151
"(545.9444444444445, 1036.4949494949494)",Actinomyces,0,3153
"(538.6140350877193, 1393.877192982456)",Treponema,0,3154
"(539.702380952381, 1431.2261904761904)",Fusobacterium,0,3155
"(540.3488372093024, 406.17054263565893)",Lautropia,0,3156
"(539.2987012987013, 698.3636363636364)",TM7,0,3158
"(540.4342105263158, 802.4605263157895)",Fusobacterium,0,3159
"(539.578947368421, 994.3684210526316)",TM7,0,3161
"(541.9519230769231, 1107.7211538461538)",Prevotella,0,3162
"(545.4358974358975, 1177.8803418803418)",Veillonella,0,3163
"(538.0857142857143, 1979.2)",Porphyromonas,0,3165
"(540.2407407407408, 686.4074074074074)",Fusobacterium,0,3167
"(540.060606060606, 818.1818181818181)",Lautropia,0,3168
"(540.6144578313254, 1359.3855421686746)",Rothia,0,3171
"(539.2857142857143, 1413.7792207792209)",Gemella,0,3172
"(546.2233009708738, 587.3592233009708)",Prevotella,0,3173
"(541.2407407407408, 928.6851851851852)",Gemella,0,3176
"(542.7037037037037, 1122.888888888889)",Capnocytophaga,0,3177
"(541.3461538461538, 1190.7115384615386)",Fusobacterium,0,3178
"(539.6440677966102, 1218.949152542373)",Lautropia,0,3179
"(539.7272727272727, 1376.7818181818182)",Rothia,0,3181
"(543.3417721518987, 418.8101265822785)",TM7,0,3182
"(543.8, 721.2428571428571)",Gemella,0,3184
"(542.0819672131148, 755.1311475409836)",TM7,0,3185
"(544.5648148148148, 902.75)",TM7,0,3187
"(542.6883116883117, 1059.3376623376623)",Lautropia,0,3188
"(543.890625, 1275.515625)",Veillonella,0,3189
"(551.8532110091743, 346.5596330275229)",Neisseriaceae,0,3190
"(547.0943396226415, 672.3207547169811)",Gemella,0,3192
"(542.972972972973, 1468.3243243243244)",Rothia,0,3195
"(551.4615384615385, 610.1730769230769)",Rothia,0,3197
"(544.84375, 855.328125)",Rothia,0,3198
"(543.9, 878.9875)",Lautropia,0,3199
"(543.9655172413793, 1161.655172413793)",Selenomonas,0,3200
"(547.3666666666667, 1215.1)",Fusobacterium,0,3201
"(544.6944444444445, 1451.986111111111)",Rothia,0,3204
"(544.5373134328358, 1533.5820895522388)",Treponema,0,3205
"(544.9041095890411, 379.9178082191781)",Treponema,0,3206
"(546.1960784313726, 952.9411764705883)",Gemella,0,3208
"(546.4864864864865, 983.2972972972973)",Rothia,0,3209
"(544.280701754386, 1089.6491228070176)",Gemella,0,3210
"(544.876404494382, 1957.6179775280898)",Treponema,0,3211
"(546.2093023255813, 299.3488372093023)",Neisseriaceae,0,3212
"(552.4424778761062, 622.8318584070796)",Prevotella,0,3214
"(549.1034482758621, 1478.057471264368)",Prevotella,0,3215
"(547.6, 275.9142857142857)",TM7,0,3216
"(549.0243902439024, 559.7317073170732)",Fusobacterium,0,3217
"(547.9, 773.2333333333333)",Rothia,0,3219
"(547.2678571428571, 918.6071428571429)",Lautropia,0,3220
"(546.5245901639345, 1344.4262295081967)",Treponema,0,3221
"(546.5192307692307, 260.6730769230769)",Leptotrichia,0,3222
"(548.7864077669902, 443.1747572815534)",Prevotella,0,3223
"(548.3968253968254, 531.015873015873)",Veillonella,0,3224
"(549.3287671232877, 828.7945205479452)",Campylobacter,0,3227
"(548.25, 968.695652173913)",TM7,0,3228
"(549.156862745098, 1004.9607843137255)",Rothia,0,3229
"(548.8888888888889, 1308.1587301587301)",Actinomyces,0,3232
"(549.1733333333333, 460.56)",Prevotella,0,3233
"(548.9629629629629, 495.9074074074074)",Prevotella,0,3234
"(549.5230769230769, 636.2307692307693)",Veillonella,0,3236
"(550.1929824561404, 761.7543859649123)",Fusobacterium,0,3237
"(552.3, 869.15)",TM7,0,3238
"(549.4516129032259, 1327.5483870967741)",Rothia,0,3239
"(550.3142857142857, 1150.8857142857144)",Prevotella,0,3241
"(549.7042253521126, 1407.225352112676)",Treponema,0,3242
"(550.9558823529412, 1560.485294117647)",Corynebacterium,0,3243
"(550.1111111111111, 1378.537037037037)",Gemella,0,3246
"(550.5573770491803, 1543.311475409836)",Gemella,0,3248
"(553.0689655172414, 521.0459770114943)",Veillonella,0,3249
"(555.4642857142857, 794.8988095238095)",Gemella,0,3250
"(552.4923076923077, 944.2923076923076)",Gemella,0,3252
"(554.3333333333334, 1049.8777777777777)",Prevotella,0,3253
"(552.5416666666666, 1105.6944444444443)",Campylobacter,0,3254
"(553.5172413793103, 1253.7931034482758)",Rothia,0,3255
"(555.3048780487804, 731.780487804878)",Rothia,0,3260
"(552.4230769230769, 815.7884615384615)",Fusobacterium,0,3261
"(557.4035087719299, 1069.8333333333333)",Rothia,0,3262
"(557.7543859649123, 1283.7719298245613)",Prevotella,0,3264
"(557.3764705882353, 1296.870588235294)",Fusobacterium,0,3265
"(554.2407407407408, 1368.7407407407406)",Rothia,0,3266
"(556.5909090909091, 1391.8181818181818)",Rothia,0,3267
"(558.956834532374, 575.6402877697842)",Rothia,0,3269
"(558.9153846153846, 746.2)",Lautropia,0,3270
"(558.3664596273292, 1137.5962732919254)",Prevotella,0,3273
"(557.1929824561404, 713.438596491228)",Prevotella,0,3276
"(555.2857142857143, 1121.0)",Fusobacterium,0,3277
"(554.8514851485148, 1188.4851485148515)",Rothia,0,3278
"(553.8253968253969, 1494.1587301587301)",Gemella,0,3280
"(556.1438848920864, 396.0647482014389)",Rothia,0,3281
"(564.3878787878788, 541.6242424242424)",Campylobacter,0,3282
"(557.5876288659794, 844.3917525773196)",Actinomyces,0,3284
"(562.7289719626168, 424.4299065420561)",Lautropia,0,3286
"(558.12, 597.48)",Capnocytophaga,0,3287
"(556.90625, 655.34375)",Rothia,0,3288
"(560.112676056338, 681.3802816901408)",TM7,0,3289
"(557.1186440677966, 929.1186440677966)",Prevotella,0,3291
"(555.84, 1459.72)",Lautropia,0,3293
"(558.0, 1447.0)",Prevotella,0,3297
"(560.3384615384615, 373.3615384615385)",Fusobacterium,0,3298
"(560.1186440677966, 860.3728813559322)",Actinomyces,0,3299
"(559.943661971831, 1160.4507042253522)",Prevotella,0,3300
"(559.1720430107526, 1431.3548387096773)",Gemella,0,3304
"(560.6666666666666, 246.45098039215685)",Streptococcus,0,3305
"(559.7466666666667, 310.0933333333333)",Capnocytophaga,0,3306
"(561.2307692307693, 468.2692307692308)",Prevotella,0,3308
"(561.3214285714286, 824.0714285714286)",Prevotella,0,3310
"(565.5739130434782, 996.4434782608696)",Lautropia,0,3312
"(563.5324675324675, 1039.0)",TM7,0,3313
"(562.7846153846153, 1194.6615384615384)",Prevotella,0,3314
"(562.5909090909091, 1473.5181818181818)",TM7,0,3316
"(561.7272727272727, 216.1969696969697)",Gemella,0,3317
"(560.960396039604, 230.0891089108911)",Lautropia,0,3318
"(560.9876543209876, 411.58024691358025)",Rothia,0,3319
"(564.3826086956522, 764.4260869565218)",Gemella,0,3322
"(563.3378378378378, 986.8378378378378)",Veillonella,0,3323
"(561.6551724137931, 1231.0172413793102)",Rothia,0,3325
"(559.6666666666666, 1334.5882352941176)",Lautropia,0,3326
"(565.5367647058823, 1513.5294117647059)",TM7,0,3327
"(562.9470899470899, 285.85185185185185)",Rothia,0,3328
"(564.0370370370371, 814.1666666666666)",Fusobacterium,0,3330
"(563.4255319148937, 954.5425531914893)",Prevotella,0,3332
"(561.0, 1404.2063492063492)",Actinomyces,0,3334
"(562.82, 1567.24)",Gemella,0,3335
"(563.4761904761905, 1583.4642857142858)",Actinomyces,0,3336
"(563.3870967741935, 1207.9193548387098)",TM7,0,3338
"(564.3544303797469, 1255.0886075949368)",Gemella,0,3339
"(563.2361111111111, 1307.5972222222222)",Prevotella,0,3340
"(563.8767123287671, 1492.8082191780823)",Actinomyces,0,3341
"(564.3076923076923, 434.8974358974359)",Campylobacter,0,3344
"(566.3333333333334, 555.32)",Fusobacterium,0,3345
"(567.2916666666666, 564.4444444444445)",Rothia,0,3346
"(565.7205882352941, 920.8676470588235)",Prevotella,0,3348
"(566.1269841269841, 336.44444444444446)",TM7,0,3351
"(564.2089552238806, 974.3432835820895)",Rothia,0,3354
"(565.1678321678322, 1090.958041958042)",Gemella,0,3355
"(566.29, 1171.57)",Veillonella,0,3356
"(565.0185185185185, 1415.648148148148)",Gemella,0,3358
"(568.5116279069767, 1526.9418604651162)",Rothia,0,3359
"(567.1527777777778, 190.79166666666666)",Prevotella,0,3360
"(574.5988372093024, 321.40697674418607)",Rothia,0,3361
"(566.2115384615385, 725.8846153846154)",TM7,0,3362
"(569.4122807017544, 803.938596491228)",Veillonella,0,3363
"(566.171052631579, 1015.2763157894736)",Lautropia,0,3364
"(565.6862745098039, 1543.235294117647)",Lautropia,0,3366
"(572.0662983425415, 628.8453038674033)",Prevotella,0,3367
"(566.1875, 699.8333333333334)",Lautropia,0,3368
"(568.6290322580645, 941.5806451612904)",Veillonella,0,3369
"(567.0, 1242.7884615384614)",Lautropia,0,3370
"(570.4444444444445, 1049.2698412698412)",Prevotella,0,3372
"(570.9873417721519, 1107.4177215189873)",Lautropia,0,3373
"(574.3693693693693, 1553.009009009009)",Treponema,0,3374
"(573.3364485981308, 159.39252336448598)",Streptococcus,0,3375
"(571.1884057971015, 260.39130434782606)",Lautropia,0,3376
"(573.3255813953489, 357.70348837209303)",Lautropia,0,3377
"(574.219730941704, 488.3856502242152)",Gemella,0,3378
"(569.7534246575342, 517.8356164383562)",Campylobacter,0,3379
"(569.2539682539683, 1268.126984126984)",Campylobacter,0,3381
"(574.3387096774194, 1327.6935483870968)",Neisseriaceae,0,3382
"(569.9135802469136, 1347.851851851852)",Fusobacterium,0,3383
"(571.4492753623189, 463.9130434782609)",Lautropia,0,3385
"(569.8850574712644, 646.9770114942529)",Gemella,0,3387
"(571.390243902439, 828.0)",Veillonella,0,3388
"(569.2698412698413, 897.7936507936508)",Lautropia,0,3389
"(571.5384615384615, 1374.1648351648353)",TM7,0,3390
"(572.2, 674.3076923076923)",Fusobacterium,0,3393
"(571.2615384615384, 733.9230769230769)",Prevotella,0,3394
"(571.9255319148937, 884.0851063829788)",Gemella,0,3396
"(574.3888888888889, 1314.6666666666667)",TM7,0,3397
"(570.9065420560747, 1445.7383177570093)",Gemella,0,3398
"(578.8412698412699, 393.1746031746032)",Prevotella,0,3399
"(574.3968253968254, 506.44444444444446)",Actinomyces,0,3400
"(573.2947368421053, 579.9684210526316)",Veillonella,0,3401
"(573.0, 684.6153846153846)",TM7,0,3402
"(572.3428571428572, 1424.2571428571428)",Prevotella,0,3403
"(573.5526315789474, 244.71052631578948)",Veillonella,0,3405
"(573.3835616438356, 307.0)",Prevotella,0,3406
"(576.8881578947369, 600.4868421052631)",Prevotella,0,3407
"(572.7647058823529, 866.2352941176471)",Rothia,0,3408
"(574.9569892473119, 934.0537634408602)",Rothia,0,3409
"(572.2083333333334, 1064.861111111111)",Rothia,0,3410
"(573.3222222222222, 1133.6888888888889)",Rothia,0,3411
"(578.0215053763441, 1503.4623655913979)",Fusobacterium,0,3416
"(575.1222222222223, 215.05555555555554)",Rothia,0,3419
"(576.6621621621622, 229.9189189189189)",Rothia,0,3420
"(575.424, 378.632)",Fusobacterium,0,3421
"(575.2413793103449, 846.0862068965517)",Actinomyces,0,3423
"(573.5636363636364, 857.7454545454545)",Lautropia,0,3424
"(577.559633027523, 1280.1284403669724)",TM7,0,3425
"(577.98, 787.4)",Actinomyces,0,3428
"(575.7666666666667, 1209.0111111111112)",Lautropia,0,3433
"(574.8191489361702, 1299.6808510638298)",Gemella,0,3434
"(575.7037037037037, 1359.7037037037037)",Prevotella,0,3436
"(575.3529411764706, 1533.2745098039215)",TM7,0,3437
"(577.348623853211, 710.8348623853211)",Prevotella,0,3438
"(576.46, 756.4)",Gemella,0,3439
"(584.4971751412429, 297.98870056497174)",Rothia,0,3442
"(581.7395833333334, 405.2916666666667)",Rothia,0,3443
"(577.9821428571429, 745.3035714285714)",Gemella,0,3444
"(580.72, 979.4)",Gemella,0,3445
"(580.816091954023, 1479.183908045977)",Gemella,0,3447
"(578.55, 442.6125)",Veillonella,0,3448
"(580.2786885245902, 534.0327868852459)",Prevotella,0,3449
"(579.1111111111111, 961.1358024691358)",Veillonella,0,3451
"(579.8965517241379, 1195.844827586207)",TM7,0,3453
"(579.5757575757576, 1564.6818181818182)",Treponema,0,3454
"(578.92, 203.6)",Actinomyces,0,3455
"(580.7663551401869, 269.5700934579439)",Actinomyces,0,3456
"(582.3555555555556, 946.3555555555556)",Actinomyces,0,3458
"(583.4588235294118, 998.0823529411765)",Prevotella,0,3459
"(579.4931506849315, 1010.8219178082192)",Gemella,0,3460
"(580.4814814814815, 1145.1666666666667)",Fusobacterium,0,3461
"(581.547619047619, 1157.3690476190477)",Rothia,0,3462
"(584.6923076923077, 1245.3221153846155)",Gemella,0,3463
"(580.7380952380952, 1263.0833333333333)",Lautropia,0,3464
"(581.9154929577464, 1222.0845070422536)",Gemella,0,3468
"(584.4252873563219, 1415.7011494252874)",Treponema,0,3470
"(580.5873015873016, 726.9047619047619)",Rothia,0,3472
"(581.5535714285714, 1026.9642857142858)",TM7,0,3476
"(582.7966101694915, 1072.135593220339)",Lautropia,0,3477
"(580.6575342465753, 1094.0821917808219)",Prevotella,0,3478
"(581.9183673469388, 189.6734693877551)",Actinomyces,0,3479
"(590.3928571428571, 431.54464285714283)",Fusobacterium,0,3481
"(584.0714285714286, 526.0428571428571)",Fusobacterium,0,3482
"(585.2692307692307, 764.7820512820513)",Prevotella,0,3483
"(590.810975609756, 1041.8902439024391)",Prevotella,0,3484
"(584.6973684210526, 457.11842105263156)",Lautropia,0,3485
"(582.7464788732394, 615.3380281690141)",Prevotella,0,3486
"(584.4615384615385, 251.56043956043956)",Rothia,0,3488
"(584.44, 692.3)",TM7,0,3490
"(583.0615384615385, 816.2461538461539)",Prevotella,0,3491
"(584.2727272727273, 1127.6)",Fusobacterium,0,3492
"(585.027397260274, 1170.2602739726028)",Prevotella,0,3493
"(584.1470588235294, 1439.1764705882354)",Neisseriaceae,0,3494
"(585.0416666666666, 1452.9027777777778)",Actinomyces,0,3495
"(586.9672131147541, 642.327868852459)",Rothia,0,3497
"(584.75, 675.3382352941177)",TM7,0,3498
"(586.5384615384615, 805.2435897435897)",Treponema,0,3501
"(588.3467741935484, 930.6290322580645)",Rothia,0,3503
"(585.3030303030303, 1055.909090909091)",Gemella,0,3504
"(584.7794117647059, 1524.985294117647)",Fusobacterium,0,3508
"(586.0927835051547, 576.0721649484536)",TM7,0,3509
"(591.0642201834862, 1402.5229357798164)",TM7,0,3511
"(587.8688524590164, 212.81967213114754)",TM7,0,3512
"(588.2112676056338, 410.5211267605634)",Capnocytophaga,0,3513
"(588.3684210526316, 471.0421052631579)",Prevotella,0,3514
"(590.34375, 668.875)",Prevotella,0,3515
"(587.2539682539683, 501.3015873015873)",Veillonella,0,3520
"(588.5052631578948, 554.1684210526316)",Neisseriaceae,0,3521
"(587.7936507936508, 847.4285714285714)",Veillonella,0,3523
"(589.9411764705883, 1351.3676470588234)",TM7,0,3524
"(587.8833333333333, 1387.7166666666667)",Fusobacterium,0,3525
"(590.0, 176.72093023255815)",Actinomyces,0,3527
"(588.8245614035088, 279.7368421052632)",Treponema,0,3528
"(588.3943661971831, 335.76056338028167)",Prevotella,0,3529
"(591.8921568627451, 513.5392156862745)",Fusobacterium,0,3530
"(588.8070175438596, 909.2280701754386)",TM7,0,3531
"(589.3037974683544, 1373.1772151898733)",Lautropia,0,3535
"(593.0808080808081, 592.8585858585859)",Fusobacterium,0,3539
"(589.9152542372881, 1084.677966101695)",TM7,0,3544
"(591.525641025641, 1107.371794871795)",Rothia,0,3545
"(589.855421686747, 1296.578313253012)",Prevotella,0,3546
"(592.2409638554217, 1498.1566265060242)",Actinomyces,0,3548
"(590.6162790697674, 238.41860465116278)",Rothia,0,3549
"(592.2467532467532, 880.8441558441558)",Treponema,0,3551
"(594.4024390243902, 919.1829268292682)",Rothia,0,3552
"(598.7, 489.54285714285714)",Pasteurellaceae,0,3555
"(594.0172413793103, 614.1724137931035)",Veillonella,0,3556
"(595.7575757575758, 823.3535353535353)",Lautropia,0,3558
"(595.1428571428571, 1206.4285714285713)",Actinomyces,0,3560
"(592.0641025641025, 1612.3846153846155)",Actinomyces,0,3561
"(600.648275862069, 381.7931034482759)",Campylobacter,0,3562
"(594.5090909090909, 712.1818181818181)",Gemella,0,3564
"(594.5283018867924, 794.6981132075472)",Gemella,0,3565
"(594.0151515151515, 1327.5454545454545)",Prevotella,0,3568
"(593.2982456140351, 1456.8245614035088)",Leptotrichia,0,3570
"(596.6865671641791, 1472.0149253731342)",Streptococcus,0,3571
"(595.2622950819672, 1483.7540983606557)",TM7,0,3572
"(593.8333333333334, 1526.888888888889)",Gemella,0,3573
"(597.4133333333333, 726.7866666666666)",Capnocytophaga,0,3574
"(594.377358490566, 742.8301886792453)",Actinomyces,0,3575
"(595.8965517241379, 899.1034482758621)",Lautropia,0,3577
"(593.6315789473684, 1016.8245614035088)",Prevotella,0,3578
"(595.797619047619, 1027.202380952381)",Actinomyces,0,3579
"(597.0769230769231, 1222.5961538461538)",TM7,0,3581
"(597.6237623762377, 1562.4851485148515)",Lautropia,0,3582
"(595.8837209302326, 262.98837209302326)",Veillonella,0,3584
"(596.3831775700935, 318.70093457943926)",Capnocytophaga,0,3585
"(596.8947368421053, 545.3684210526316)",Capnocytophaga,0,3586
"(596.1282051282051, 1600.2948717948718)",Actinomyces,0,3590
"(596.6025641025641, 195.12820512820514)",Rothia,0,3591
"(597.9714285714285, 219.21428571428572)",Fusobacterium,0,3592
"(596.1509433962265, 635.0943396226415)",Prevotella,0,3595
"(597.6363636363636, 1263.828282828283)",Fusobacterium,0,3597
"(600.8626373626373, 1303.032967032967)",Rothia,0,3598
"(597.7, 1421.78)",Lautropia,0,3599
"(597.4642857142857, 1512.642857142857)",Lautropia,0,3600
"(597.7076923076924, 990.2615384615384)",TM7,0,3604
"(599.7464788732394, 1159.6338028169014)",Fusobacterium,0,3606
"(600.939393939394, 1367.3535353535353)",Actinomyces,0,3607
"(599.013698630137, 355.1917808219178)",Veillonella,0,3609
"(599.3617021276596, 529.4893617021277)",Rothia,0,3611
"(601.6489361702128, 693.0425531914893)",Gemella,0,3613
"(597.4912280701755, 777.5964912280701)",Gemella,0,3614
"(600.8571428571429, 836.1648351648352)",Gemella,0,3615
"(598.984375, 979.578125)",Fusobacterium,0,3617
"(599.4468085106383, 1067.712765957447)",TM7,0,3618
"(598.7536231884058, 1443.0)",Lautropia,0,3621
"(603.0873015873016, 157.61904761904762)",Fusobacterium,0,3623
"(600.2586206896551, 294.55172413793105)",Rothia,0,3626
"(600.8620689655172, 626.5344827586207)",Fusobacterium,0,3627
"(600.8653846153846, 1006.0961538461538)",Prevotella,0,3629
"(607.7304964539007, 1054.0567375886526)",Veillonella,0,3630
"(601.1395348837209, 340.8255813953488)",Prevotella,0,3632
"(601.6101694915254, 368.10169491525426)",Fusobacterium,0,3633
"(604.2905982905983, 468.77777777777777)",TM7,0,3634
"(603.0512820512821, 765.6410256410256)",Fusobacterium,0,3635
"(605.8222222222222, 171.72222222222223)",Rothia,0,3640
"(602.8088235294117, 504.3235294117647)",Gemella,0,3641
"(603.7402597402597, 559.974025974026)",Fusobacterium,0,3642
"(603.8518518518518, 796.1604938271605)",Neisseriaceae,0,3643
"(601.0882352941177, 1097.9411764705883)",Gemella,0,3644
"(606.6311475409836, 1189.3524590163934)",Prevotella,0,3645
"(602.3823529411765, 1539.078431372549)",Gemella,0,3647
"(601.9375, 1634.75)",Fusobacterium,0,3648
"(602.8955223880597, 142.91044776119404)",Fusobacterium,0,3649
"(604.6034482758621, 643.7068965517242)",Lautropia,0,3650
"(604.5238095238095, 890.1746031746031)",Prevotella,0,3651
"(602.76, 934.23)",Prevotella,0,3652
"(605.25, 1343.234375)",Fusobacterium,0,3654
"(603.3584905660377, 871.7358490566038)",Fusobacterium,0,3658
"(604.8627450980392, 907.7843137254902)",TM7,0,3659
"(603.6595744680851, 951.2978723404256)",Rothia,0,3660
"(604.40625, 1410.640625)",Prevotella,0,3661
"(607.15625, 452.796875)",Gemella,0,3665
"(605.42, 1167.72)",Fusobacterium,0,3670
"(607.8426966292135, 1273.6067415730338)",Prevotella,0,3672
"(609.8461538461538, 286.83653846153845)",Rothia,0,3675
"(607.4125, 677.3)",Gemella,0,3677
"(609.6489361702128, 1201.4148936170213)",Lautropia,0,3678
"(607.6101694915254, 1386.2542372881355)",Neisseriaceae,0,3679
"(609.3384615384615, 1556.9384615384615)",Prevotella,0,3680
"(608.4252873563219, 1572.8735632183907)",Gemella,0,3681
"(607.7068965517242, 661.8965517241379)",Prevotella,0,3683
"(607.8939393939394, 1332.7878787878788)",Lautropia,0,3684
"(607.9074074074074, 1397.0740740740741)",Porphyromonas,0,3685
"(608.3758389261745, 195.9261744966443)",TM7,0,3687
"(607.3818181818182, 394.3636363636364)",Actinomyces,0,3689
"(609.5050505050505, 415.65656565656565)",Leptotrichia,0,3690
"(609.9550561797753, 963.8539325842696)",Rothia,0,3692
"(607.4117647058823, 1147.1764705882354)",Fusobacterium,0,3694
"(611.5625, 233.95)",Fusobacterium,0,3695
"(610.7916666666666, 538.7708333333334)",Rothia,0,3696
"(610.0784313725491, 589.5686274509804)",Lautropia,0,3697
"(608.5441176470588, 704.6617647058823)",Prevotella,0,3698
"(609.5, 756.258064516129)",Fusobacterium,0,3699
"(609.0704225352113, 1430.4929577464789)",Lautropia,0,3701
"(611.1206896551724, 332.5)",Capnocytophaga,0,3703
"(610.3364485981308, 781.196261682243)",Lautropia,0,3705
"(609.2941176470588, 1119.8823529411766)",Capnocytophaga,0,3706
"(611.0775862068965, 1243.905172413793)",Rothia,0,3707
"(613.1267605633802, 1505.6478873239437)",Fusobacterium,0,3709
"(612.3063063063063, 313.9099099099099)",Pasteurellaceae,0,3710
"(612.8915662650602, 741.9759036144578)",Capnocytophaga,0,3712
"(611.3018867924528, 808.8490566037735)",Fusobacterium,0,3713
"(612.4921875, 1021.28125)",Rothia,0,3714
"(616.3636363636364, 1089.0826446280992)",TM7,0,3717
"(614.0588235294117, 1214.1411764705883)",Fusobacterium,0,3718
"(611.940594059406, 1465.2673267326732)",Treponema,0,3719
"(611.0178571428571, 1596.767857142857)",Treponema,0,3720
"(611.2028985507246, 1627.0289855072465)",Treponema,0,3722
"(612.8712871287129, 354.63366336633663)",Capnocytophaga,0,3724
"(611.6792452830189, 525.2641509433962)",TM7,0,3727
"(611.3269230769231, 623.1538461538462)",Gemella,0,3728
"(613.2692307692307, 712.6346153846154)",TM7,0,3729
"(613.296875, 245.0625)",TM7,0,3730
"(616.368, 272.176)",Veillonella,0,3731
"(613.7323943661971, 432.15492957746477)",Capnocytophaga,0,3732
"(611.9, 913.5142857142857)",TM7,0,3734
"(612.5882352941177, 984.1960784313726)",Prevotella,0,3735
"(615.3650793650794, 1139.063492063492)",Fusobacterium,0,3736
"(614.8235294117648, 1288.235294117647)",Treponema,0,3738
"(612.9583333333334, 1354.875)",Prevotella,0,3739
"(613.8142857142857, 1450.7285714285715)",Campylobacter,0,3741
"(612.9577464788732, 1485.1971830985915)",Treponema,0,3742
"(619.6228070175439, 1643.1052631578948)",Prevotella,0,3743
"(616.1443298969073, 820.7422680412371)",Treponema,0,3747
"(614.0175438596491, 842.859649122807)",Veillonella,0,3748
"(615.7227722772277, 857.5940594059406)",Fusobacterium,0,3749
"(614.4561403508771, 925.3859649122807)",Veillonella,0,3751
"(613.8857142857142, 1071.942857142857)",Rothia,0,3752
"(615.8602150537635, 1533.752688172043)",Treponema,0,3753
"(613.7428571428571, 1606.3428571428572)",Fusobacterium,0,3754
"(616.8823529411765, 475.8588235294118)",Rothia,0,3756
"(615.6666666666666, 608.7)",Lautropia,0,3758
"(616.9078947368421, 872.9473684210526)",Treponema,0,3759
"(622.4915254237288, 894.6666666666666)",Lautropia,0,3760
"(614.8828828828829, 1003.5855855855856)",Lautropia,0,3762
"(618.3274336283185, 1548.2566371681417)",Lautropia,0,3763
"(620.4636363636364, 563.2454545454545)",TM7,0,3765
"(617.2448979591836, 649.3367346938776)",Fusobacterium,0,3766
"(617.54, 1176.31)",Rothia,0,3767
"(617.0, 1420.095238095238)",TM7,0,3770
"(615.6, 1584.5666666666666)",Gemella,0,3772
"(622.4324324324324, 988.1621621621622)",Lautropia,0,3774
"(618.7627118644068, 1127.7796610169491)",Actinomyces,0,3775
"(617.1052631578947, 1376.5263157894738)",Veillonella,0,3776
"(616.9803921568628, 1516.8039215686274)",TM7,0,3777
"(619.4615384615385, 384.44615384615383)",Veillonella,0,3778
"(623.3560606060606, 461.030303030303)",Rothia,0,3779
"(622.3862068965517, 151.21379310344827)",Fusobacterium,0,3782
"(622.5661764705883, 220.0)",Fusobacterium,0,3783
"(620.4649122807018, 493.0263157894737)",Lautropia,0,3785
"(622.2386363636364, 512.9659090909091)",Treponema,0,3786
"(620.983870967742, 832.1451612903226)",Streptococcus,0,3788
"(622.2682926829268, 1148.1707317073171)",Veillonella,0,3789
"(619.5473684210526, 179.96842105263158)",TM7,0,3791
"(622.1621621621622, 408.6621621621622)",Campylobacter,0,3792
"(619.8775510204082, 543.8367346938776)",Fusobacterium,0,3793
"(619.32, 575.6)",Prevotella,0,3794
"(621.7378640776699, 597.3689320388349)",Prevotella,0,3795
"(621.9736842105264, 732.8421052631579)",Fusobacterium,0,3797
"(623.13, 1031.06)",Campylobacter,0,3798
"(621.9324324324324, 1104.7702702702702)",TM7,0,3799
"(621.2786885245902, 1162.9344262295083)",Lautropia,0,3800
"(621.175, 691.0125)",TM7,0,3802
"(622.5967741935484, 775.2741935483871)",TM7,0,3803
"(621.3870967741935, 1300.725806451613)",Lautropia,0,3804
"(621.8888888888889, 1312.6507936507937)",Treponema,0,3805
"(622.2183908045977, 1390.6896551724137)",Actinomyces,0,3806
"(622.7796610169491, 670.4152542372881)",Gemella,0,3809
"(622.5833333333334, 945.5833333333334)",Fusobacterium,0,3812
"(622.2413793103449, 1043.103448275862)",Lautropia,0,3814
"(623.3709677419355, 1115.774193548387)",TM7,0,3815
"(621.5862068965517, 1339.155172413793)",Rothia,0,3816
"(623.4875, 1469.875)",Selenomonas,0,3817
"(621.9454545454546, 295.56363636363636)",Fusobacterium,0,3822
"(624.1023622047244, 337.81102362204723)",TM7,0,3823
"(624.0, 368.7808219178082)",Veillonella,0,3824
"(623.4905660377359, 620.4716981132076)",Lautropia,0,3825
"(622.921875, 1621.265625)",Fusobacterium,0,3826
"(627.4, 764.5)",TM7,0,3829
"(622.728813559322, 789.9491525423729)",TM7,0,3830
"(628.7132352941177, 966.3529411764706)",Prevotella,0,3837
"(625.4597701149426, 1237.0689655172414)",TM7,0,3838
"(626.5346534653465, 1276.148514851485)",Neisseriaceae,0,3840
"(624.9672131147541, 1428.377049180328)",Lautropia,0,3842
"(627.5402298850574, 1563.3218390804598)",Gemella,0,3844
"(626.52, 308.44)",Lautropia,0,3845
"(629.0212765957447, 913.7340425531914)",Lautropia,0,3848
"(626.8392857142857, 921.4285714285714)",TM7,0,3849
"(627.9298245614035, 932.6315789473684)",Veillonella,0,3850
"(626.0845070422536, 1195.112676056338)",Lautropia,0,3853
"(630.3048780487804, 1328.841463414634)",Fusobacterium,0,3854
"(626.0793650793651, 1361.031746031746)",Rothia,0,3855
"(626.3220338983051, 1455.6949152542372)",Lautropia,0,3856
"(624.46, 1596.54)",Fusobacterium,0,3857
"(627.2857142857143, 166.01785714285714)",TM7,0,3858
"(629.0, 444.6666666666667)",Lautropia,0,3859
"(629.8360655737705, 866.5573770491803)",Veillonella,0,3860
"(626.5593220338983, 1348.050847457627)",TM7,0,3863
"(628.0, 1478.5471698113208)",Rothia,0,3865
"(626.4310344827586, 1581.9310344827586)",Prevotella,0,3866
"(630.3384615384615, 416.83076923076925)",Lautropia,0,3867
"(630.016129032258, 583.1612903225806)",Lautropia,0,3868
"(629.0, 630.7931034482758)",Prevotella,0,3869
"(628.8709677419355, 709.6451612903226)",Treponema,0,3870
"(629.4096385542168, 841.8674698795181)",Treponema,0,3871
"(632.1981981981982, 1180.7747747747749)",Actinomyces,0,3872
"(628.9811320754717, 1317.8301886792453)",Fusobacterium,0,3874
"(628.28, 1510.58)",Pasteurellaceae,0,3875
"(631.1428571428571, 240.31746031746033)",Fusobacterium,0,3877
"(630.1969696969697, 816.8030303030303)",TM7,0,3879
"(632.9814814814815, 1018.8611111111111)",Lautropia,0,3880
"(630.1320754716982, 1168.2830188679245)",Pasteurellaceae,0,3881
"(634.0227272727273, 1607.7727272727273)",Veillonella,0,3884
"(631.6385542168674, 211.53012048192772)",Rothia,0,3886
"(630.8472222222222, 357.97222222222223)",Rothia,0,3887
"(632.2153846153847, 485.9076923076923)",Veillonella,0,3888
"(632.4354838709677, 572.7258064516129)",Pasteurellaceae,0,3889
"(630.6507936507936, 610.1269841269841)",Fusobacterium,0,3890
"(630.3846153846154, 856.2884615384615)",TM7,0,3891
"(633.1025641025641, 879.2179487179487)",Capnocytophaga,0,3892
"(634.0882352941177, 1290.6274509803923)",Neisseriaceae,0,3893
"(634.5975609756098, 136.6951219512195)",Pasteurellaceae,0,3894
"(630.1290322580645, 553.758064516129)",Veillonella,0,3896
"(630.9642857142857, 664.5714285714286)",Veillonella,0,3897
"(631.6206896551724, 801.3965517241379)",Gemella,0,3898
"(632.4266666666666, 1139.7066666666667)",Treponema,0,3899
"(632.078125, 431.90625)",TM7,0,3902
"(636.7643312101911, 539.5095541401274)",Rothia,0,3903
"(634.2028985507246, 830.1739130434783)",Fusobacterium,0,3905
"(636.3571428571429, 1061.6160714285713)",Gemella,0,3907
"(633.5070422535211, 1093.5070422535211)",TM7,0,3908
"(631.8363636363637, 1126.6909090909091)",Fusobacterium,0,3909
"(636.6014492753624, 1578.2753623188405)",Prevotella,0,3911
"(636.6521739130435, 254.44927536231884)",Veillonella,0,3912
"(633.625, 264.05357142857144)",TM7,0,3913
"(634.5818181818182, 319.4727272727273)",Capnocytophaga,0,3914
"(634.8024691358024, 642.0123456790124)",Fusobacterium,0,3916
"(633.765625, 687.640625)",Treponema,0,3917
"(633.6825396825396, 1376.857142857143)",Gemella,0,3919
"(633.0526315789474, 1489.6491228070176)",Capnocytophaga,0,3920
"(632.3559322033898, 1636.6440677966102)",Prevotella,0,3921
"(635.47, 196.03)",TM7,0,3922
"(634.25, 943.578125)",Gemella,0,3925
"(635.6974789915967, 1001.8571428571429)",Lautropia,0,3927
"(635.4915254237288, 1105.2372881355932)",Prevotella,0,3929
"(639.3689320388349, 1240.8446601941748)",Prevotella,0,3930
"(633.9305555555555, 1553.9722222222222)",Rothia,0,3934
"(635.1842105263158, 392.6578947368421)",TM7,0,3935
"(635.24, 1213.4933333333333)",Campylobacter,0,3937
"(634.5081967213115, 1620.5245901639344)",TM7,0,3941
"(635.8529411764706, 1662.7205882352941)",Veillonella,0,3942
"(634.7868852459017, 296.08196721311475)",Rothia,0,3944
"(635.75, 347.15384615384613)",Veillonella,0,3945
"(636.2575757575758, 499.40909090909093)",Lautropia,0,3946
"(635.9622641509434, 903.4905660377359)",Lautropia,0,3949
"(637.7460317460317, 1256.5238095238096)",Fusobacterium,0,3955
"(637.54, 1341.82)",Prevotella,0,3956
"(637.9180327868852, 1398.622950819672)",Campylobacter,0,3957
"(638.7920792079208, 150.35643564356437)",Gemella,0,3960
"(641.9299363057324, 778.1019108280254)",Fusobacterium,0,3965
"(638.2162162162163, 1037.337837837838)",Prevotella,0,3966
"(638.4629629629629, 1117.7222222222222)",Lautropia,0,3967
"(640.939024390244, 1269.1829268292684)",Actinomyces,0,3969
"(639.3194444444445, 1427.2222222222222)",TM7,0,3970
"(640.34375, 1459.3645833333333)",Prevotella,0,3971
"(639.4315789473684, 1595.7684210526315)",Prevotella,0,3973
"(639.5222222222222, 1079.2111111111112)",Prevotella,0,3977
"(639.8653846153846, 1470.6538461538462)",Rothia,0,3978
"(640.3448275862069, 674.6551724137931)",Fusobacterium,0,3981
"(640.1904761904761, 848.968253968254)",Lautropia,0,3983
"(640.3103448275862, 963.8448275862069)",Rothia,0,3984
"(642.7340425531914, 1152.2340425531916)",TM7,0,3985
"(643.4811320754717, 1311.8962264150944)",Streptococcus,0,3986
"(641.280701754386, 221.87719298245614)",Rothia,0,3988
"(644.2470588235294, 588.464705882353)",Lautropia,0,3994
"(645.9695431472081, 616.5228426395939)",Lautropia,0,3995
"(643.5178571428571, 165.26785714285714)",Fusobacterium,0,4000
"(643.3272727272728, 176.83636363636364)",TM7,0,4001
"(643.125, 366.14285714285717)",Rothia,0,4002
"(643.0140845070423, 711.8450704225352)",Treponema,0,4006
"(647.4675324675325, 977.0909090909091)",Gemella,0,4007
"(646.0813953488372, 1283.0)",Gemella,0,4009
"(642.921052631579, 424.25)",Prevotella,0,4012
"(647.6321839080459, 1133.6781609195402)",Prevotella,0,4014
"(645.0754716981132, 1527.5094339622642)",Rothia,0,4015
"(649.1630434782609, 398.10869565217394)",Fusobacterium,0,4018
"(645.1333333333333, 732.95)",Rothia,0,4020
"(653.2026143790849, 840.3006535947712)",Selenomonas,0,4022
"(647.3085106382979, 1196.723404255319)",Rothia,0,4024
"(647.6178861788618, 1325.69918699187)",Gemella,0,4025
"(643.1153846153846, 1446.826923076923)",Prevotella,0,4026
"(643.9206349206349, 1538.5555555555557)",Fusobacterium,0,4028
"(645.969696969697, 1626.8484848484848)",Actinomyces,0,4029
"(645.1014492753624, 870.4202898550725)",Lautropia,0,4030
"(646.1166666666667, 934.8)",TM7,0,4031
"(648.3823529411765, 1166.764705882353)",Prevotella,0,4032
"(646.4935064935065, 1409.0389610389611)",Actinomyces,0,4033
"(646.506329113924, 1641.1898734177216)",Fusobacterium,0,4034
"(646.7454545454545, 300.0)",Rothia,0,4036
"(647.984126984127, 500.58730158730157)",Fusobacterium,0,4038
"(647.5, 566.75)",Rothia,0,4039
"(647.2307692307693, 1181.076923076923)",TM7,0,4044
"(648.3333333333334, 1248.95)",Gemella,0,4045
"(647.4177215189874, 1352.886075949367)",Campylobacter,0,4046
"(648.484375, 148.09375)",Fusobacterium,0,4050
"(647.8493150684932, 264.8767123287671)",Fusobacterium,0,4051
"(651.3536585365854, 275.9146341463415)",Lautropia,0,4052
"(650.8673469387755, 325.07142857142856)",Capnocytophaga,0,4054
"(652.775, 376.35)",Prevotella,0,4055
"(650.75, 700.55)",Leptotrichia,0,4057
"(649.0571428571428, 758.1904761904761)",Rothia,0,4058
"(648.4067796610169, 894.542372881356)",Gemella,0,4060
"(648.25, 946.78125)",Rothia,0,4061
"(648.4827586206897, 1066.9310344827586)",Fusobacterium,0,4062
"(649.7735849056604, 1478.698113207547)",Corynebacterium,0,4065
"(648.7866666666666, 1565.0266666666666)",Veillonella,0,4066
"(649.6417910447761, 202.46268656716418)",TM7,0,4068
"(648.1269841269841, 247.9047619047619)",Veillonella,0,4069
"(648.0350877192982, 1015.438596491228)",TM7,0,4071
"(649.0281690140845, 1367.3098591549297)",Treponema,0,4073
"(652.6935483870968, 288.80645161290323)",Prevotella,0,4074
"(650.9622641509434, 413.1132075471698)",Gemella,0,4075
"(650.8940397350993, 454.0860927152318)",Lautropia,0,4076
"(653.0220588235294, 644.1176470588235)",Campylobacter,0,4078
"(650.2, 1297.4363636363637)",Treponema,0,4081
"(653.4, 346.6588235294118)",Gemella,0,4085
"(651.9607843137255, 692.3529411764706)",Fusobacterium,0,4089
"(651.3134328358209, 1120.597014925373)",TM7,0,4093
"(651.445652173913, 1584.945652173913)",Porphyromonas,0,4095
"(651.172131147541, 1670.4754098360656)",Porphyromonas,0,4096
"(652.3207547169811, 722.0943396226415)",Treponema,0,4098
"(656.3508771929825, 959.2982456140351)",Fusobacterium,0,4100
"(655.4794520547945, 1090.7123287671234)",Selenomonas,0,4101
"(654.7553191489362, 1340.6914893617022)",Gemella,0,4104
"(653.483870967742, 545.8387096774194)",Prevotella,0,4106
"(653.1285714285714, 663.7285714285714)",Fusobacterium,0,4108
"(653.6301369863014, 1077.849315068493)",TM7,0,4111
"(653.7777777777778, 1383.462962962963)",Fusobacterium,0,4113
"(655.7164179104477, 1420.089552238806)",TM7,0,4114
"(655.9090909090909, 1442.5)",Treponema,0,4115
"(652.8428571428572, 1516.7285714285715)",Lautropia,0,4116
"(652.8507462686567, 1548.2388059701493)",Actinomyces,0,4117
"(653.183908045977, 1611.4022988505747)",Leptotrichia,0,4118
"(653.98, 191.36)",Rothia,0,4119
"(654.3333333333334, 222.4561403508772)",Veillonella,0,4120
"(655.4025974025974, 387.5974025974026)",Prevotella,0,4122
"(655.4629629629629, 605.2222222222222)",Prevotella,0,4123
"(653.85, 855.125)",Treponema,0,4124
"(655.6836734693877, 1032.9285714285713)",Prevotella,0,4125
"(655.6216216216217, 1455.7702702702702)",TM7,0,4126
"(659.2148148148148, 1468.1333333333334)",TM7,0,4127
"(657.4666666666667, 677.6857142857143)",Leptotrichia,0,4129
"(654.7307692307693, 926.5961538461538)",Pasteurellaceae,0,4133
"(659.1851851851852, 1208.2777777777778)",Fusobacterium,0,4135
"(656.7295081967213, 1225.516393442623)",Fusobacterium,0,4136
"(654.58, 1492.44)",Fusobacterium,0,4137
"(655.8888888888889, 1596.962962962963)",Rothia,0,4138
"(660.0655737704918, 1685.1803278688524)",Veillonella,0,4139
"(658.3253968253969, 793.7936507936508)",Gemella,0,4143
"(655.8703703703703, 865.6666666666666)",Gemella,0,4144
"(655.4705882352941, 358.45098039215685)",Veillonella,0,4146
"(657.1607142857143, 710.3571428571429)",Treponema,0,4148
"(657.8831168831168, 1102.8961038961038)",TM7,0,4149
"(657.0649350649351, 1655.2077922077922)",Pasteurellaceae,0,4151
"(658.921875, 312.921875)",Gemella,0,4152
"(659.0, 436.494623655914)",Fusobacterium,0,4153
"(657.6290322580645, 517.6451612903226)",Fusobacterium,0,4154
"(659.9130434782609, 739.4782608695652)",Prevotella,0,4155
"(658.9019607843137, 941.4901960784314)",TM7,0,4156
"(661.1842105263158, 976.2894736842105)",Treponema,0,4157
"(661.9896907216495, 1190.3505154639174)",Campylobacter,0,4159
"(658.2676056338029, 1264.8028169014085)",Lautropia,0,4160
"(658.2131147540983, 1639.5737704918033)",Selenomonas,0,4163
"(659.0, 809.8524590163935)",Prevotella,0,4167
"(663.7283950617284, 1432.6666666666667)",Actinomyces,0,4170
"(659.5396825396825, 1533.857142857143)",Gemella,0,4172
"(661.7910447761194, 180.34328358208955)",Lautropia,0,4173
"(659.6547619047619, 252.73809523809524)",Prevotella,0,4174
"(661.6521739130435, 569.0434782608696)",Campylobacter,0,4179
"(661.4310344827586, 772.4655172413793)",Gemella,0,4180
"(661.4133333333333, 1050.2266666666667)",Veillonella,0,4181
"(661.1724137931035, 1627.1379310344828)",Treponema,0,4185
"(661.1379310344828, 206.94827586206895)",Fusobacterium,0,4186
"(662.31, 232.58)",TM7,0,4187
"(664.2631578947369, 478.09774436090225)",Prevotella,0,4188
"(661.469696969697, 504.04545454545456)",Rothia,0,4189
"(668.0816326530612, 526.421768707483)",Gemella,0,4190
"(661.425925925926, 630.1296296296297)",Treponema,0,4191
"(666.943820224719, 870.6741573033707)",Fusobacterium,0,4193
"(663.4142857142857, 895.2714285714286)",Prevotella,0,4194
"(670.0700636942676, 1179.8789808917197)",Capnocytophaga,0,4195
"(663.5689655172414, 1404.301724137931)",Lautropia,0,4197
"(664.1153846153846, 1603.179487179487)",Prevotella,0,4199
"(667.8484848484849, 291.6363636363636)",TM7,0,4201
"(662.4905660377359, 751.2452830188679)",Fusobacterium,0,4202
"(662.8684210526316, 1062.921052631579)",TM7,0,4204
"(664.0833333333334, 1122.5555555555557)",Gemella,0,4205
"(661.6, 1378.1636363636364)",Fusobacterium,0,4207
"(665.3205128205128, 163.1153846153846)",Rothia,0,4209
"(664.0181818181818, 408.3272727272727)",TM7,0,4210
"(665.9152542372881, 212.3728813559322)",Rothia,0,4216
"(668.1052631578947, 321.0131578947368)",Treponema,0,4217
"(664.6190476190476, 336.92063492063494)",Rothia,0,4218
"(665.1044776119403, 599.5223880597015)",Gemella,0,4220
"(666.7692307692307, 1330.021978021978)",TM7,0,4222
"(667.32, 456.63)",Prevotella,0,4223
"(665.3207547169811, 616.0)",TM7,0,4224
"(666.8181818181819, 656.8)",Gemella,0,4225
"(671.9530516431925, 992.5399061032864)",Rothia,0,4228
"(666.9883720930233, 1143.7093023255813)",Lautropia,0,4229
"(667.7575757575758, 1244.9545454545455)",Lautropia,0,4230
"(668.816091954023, 1540.528735632184)",Veillonella,0,4232
"(667.7766990291262, 914.0679611650486)",TM7,0,4234
"(666.7611940298508, 932.7910447761194)",TM7,0,4235
"(667.5588235294117, 1021.656862745098)",Prevotella,0,4236
"(666.8030303030303, 1357.090909090909)",Gemella,0,4239
"(667.7, 547.5)",Lautropia,0,4240
"(672.21875, 589.53125)",Lautropia,0,4242
"(668.2168674698795, 811.1084337349398)",Gemella,0,4245
"(668.5172413793103, 949.948275862069)",Fusobacterium,0,4246
"(667.9418604651163, 1303.7209302325582)",Fusobacterium,0,4247
"(668.9895833333334, 1492.0208333333333)",TM7,0,4248
"(670.6, 1523.2823529411764)",Treponema,0,4250
"(668.1428571428571, 393.26785714285717)",Prevotella,0,4253
"(668.3888888888889, 762.9444444444445)",Lautropia,0,4255
"(669.5, 1159.967741935484)",Prevotella,0,4256
"(674.8290598290598, 1424.3504273504273)",Leptotrichia,0,4258
"(673.1803278688525, 1477.4262295081967)",Lautropia,0,4259
"(674.6315789473684, 343.5338345864662)",Rothia,0,4264
"(672.741935483871, 362.8306451612903)",Fusobacterium,0,4265
"(672.625, 421.82954545454544)",Fusobacterium,0,4266
"(673.0736842105263, 840.9263157894737)",Rothia,0,4268
"(669.3529411764706, 1272.450980392157)",Lautropia,0,4269
"(669.9666666666667, 1642.0833333333333)",Lautropia,0,4270
"(672.4, 443.6)",Capnocytophaga,0,4272
"(671.925, 1230.025)",TM7,0,4275
"(673.5555555555555, 1385.1367521367522)",TM7,0,4277
"(671.7096774193549, 1720.6612903225807)",Treponema,0,4280
"(673.2285714285714, 857.7047619047619)",Fusobacterium,0,4284
"(672.3392857142857, 883.6607142857143)",Pasteurellaceae,0,4285
"(678.7857142857143, 1257.467032967033)",Lautropia,0,4289
"(675.2, 1342.56)",Prevotella,0,4290
"(673.9473684210526, 1623.8684210526317)",Treponema,0,4291
"(671.439393939394, 1696.7878787878788)",Capnocytophaga,0,4293
"(676.0675675675676, 260.5945945945946)",Prevotella,0,4294
"(675.2, 508.6)",Lautropia,0,4299
"(676.2696629213483, 679.4606741573034)",Lautropia,0,4301
"(679.5833333333334, 1009.5909090909091)",Campylobacter,0,4303
"(674.8198198198198, 1042.990990990991)",Gemella,0,4304
"(678.5569620253165, 1135.1645569620252)",Fusobacterium,0,4305
"(673.4473684210526, 1202.780701754386)",Neisseriaceae,0,4306
"(672.9848484848485, 1445.6060606060605)",Rothia,0,4309
"(673.5454545454545, 1554.8939393939395)",Capnocytophaga,0,4310
"(678.3611111111111, 380.63194444444446)",Rothia,0,4312
"(675.3220338983051, 775.1355932203389)",Fusobacterium,0,4314
"(677.0192307692307, 974.375)",Gemella,0,4316
"(675.6181818181818, 1101.0545454545454)",Actinomyces,0,4317
"(679.5526315789474, 1215.4912280701753)",Rothia,0,4318
"(673.9454545454546, 1406.2727272727273)",TM7,0,4319
"(675.2526315789473, 1583.4421052631578)",Lautropia,0,4320
"(677.1944444444445, 1650.8194444444443)",Capnocytophaga,0,4321
"(675.3928571428571, 156.5)",TM7,0,4322
"(677.5930232558139, 174.19767441860466)",Rothia,0,4323
"(675.3275862068965, 409.0)",Rothia,0,4325
"(676.6865671641791, 797.776119402985)",Prevotella,0,4328
"(675.6607142857143, 1071.142857142857)",Veillonella,0,4330
"(681.8196721311475, 1685.3196721311476)",Fusobacterium,0,4332
"(677.4761904761905, 229.8095238095238)",Lautropia,0,4335
"(680.6041666666666, 326.4791666666667)",Campylobacter,0,4336
"(683.1587982832618, 469.6480686695279)",Lautropia,0,4338
"(679.6849315068494, 1115.7945205479452)",Lautropia,0,4347
"(681.435294117647, 184.42352941176472)",Rothia,0,4348
"(681.6938775510204, 195.62244897959184)",Capnocytophaga,0,4349
"(679.8181818181819, 1089.509090909091)",Treponema,0,4353
"(680.4117647058823, 1152.3333333333333)",Treponema,0,4354
"(679.18, 397.44)",Rothia,0,4356
"(679.574074074074, 760.074074074074)",Gemella,0,4358
"(683.0125, 930.125)",Actinomyces,0,4360
"(683.2236842105264, 1031.4473684210527)",Veillonella,0,4362
"(680.0735294117648, 1290.3235294117646)",Lautropia,0,4364
"(682.2777777777778, 1509.1777777777777)",Veillonella,0,4366
"(681.8070175438596, 1629.5438596491229)",Streptococcus,0,4368
"(681.0, 146.19672131147541)",Treponema,0,4370
"(681.3552631578947, 571.1842105263158)",Lautropia,0,4373
"(681.6279069767442, 1358.7325581395348)",Treponema,0,4378
"(682.859649122807, 1475.0701754385964)",Neisseriaceae,0,4379
"(686.0, 1529.878048780488)",Prevotella,0,4380
"(683.010752688172, 491.64516129032256)",Prevotella,0,4382
"(681.7049180327868, 531.7704918032787)",Prevotella,0,4383
"(681.2622950819672, 644.4918032786885)",TM7,0,4385
"(685.25, 664.0833333333334)",Rothia,0,4386
"(682.6909090909091, 870.5272727272727)",Fusobacterium,0,4388
"(682.8260869565217, 911.3913043478261)",Rothia,0,4389
"(681.0508474576271, 945.3898305084746)",Lautropia,0,4390
"(683.7647058823529, 1704.8039215686274)",Gemella,0,4392
"(687.0683760683761, 131.17948717948718)",Veillonella,0,4393
"(683.453488372093, 440.98837209302326)",TM7,0,4397
"(683.5357142857143, 899.1607142857143)",Rothia,0,4400
"(683.3285714285714, 1239.5428571428572)",Veillonella,0,4401
"(683.3333333333334, 548.6333333333333)",Rothia,0,4405
"(683.9016393442623, 587.7213114754098)",TM7,0,4406
"(686.3150684931506, 883.2054794520548)",Veillonella,0,4408
"(683.5625, 1057.203125)",Fusobacterium,0,4409
"(686.1047619047619, 1414.2095238095237)",Rothia,0,4410
"(688.0625, 1462.546875)",Lautropia,0,4411
"(691.1743119266055, 1163.48623853211)",Rothia,0,4413
"(688.3678160919541, 1302.0689655172414)",Actinomyces,0,4414
"(689.242718446602, 1369.388349514563)",TM7,0,4415
"(687.8426966292135, 273.5730337078652)",Rothia,0,4420
"(687.0, 428.1818181818182)",Gemella,0,4421
"(687.0175438596491, 1189.859649122807)",Fusobacterium,0,4422
"(688.3880597014926, 1227.1791044776119)",Rothia,0,4423
"(686.71875, 1552.46875)",Selenomonas,0,4424
"(689.12, 1565.6)",TM7,0,4425
"(692.059405940594, 159.24752475247524)",TM7,0,4426
"(689.0194174757281, 211.2135922330097)",Capnocytophaga,0,4427
"(686.7931034482758, 403.8103448275862)",Fusobacterium,0,4429
"(693.3618421052631, 810.2763157894736)",Actinomyces,0,4430
"(691.3205128205128, 955.9615384615385)",Pasteurellaceae,0,4432
"(689.719512195122, 1082.0243902439024)",Neisseriaceae,0,4433
"(691.2816901408451, 1128.9859154929577)",Campylobacter,0,4434
"(689.5081967213115, 1385.016393442623)",Lautropia,0,4435
"(689.8974358974359, 356.6666666666667)",Fusobacterium,0,4437
"(693.4916666666667, 508.85833333333335)",Actinomyces,0,4438
"(692.012987012987, 619.1688311688312)",Rothia,0,4440
"(691.2325581395348, 840.1162790697674)",Actinomyces,0,4441
"(691.1923076923077, 1039.5384615384614)",Prevotella,0,4442
"(687.3818181818182, 1333.7818181818182)",TM7,0,4444
"(690.5714285714286, 1448.095238095238)",Veillonella,0,4446
"(688.9473684210526, 1712.5087719298247)",Actinomyces,0,4447
"(693.5480769230769, 289.02884615384613)",TM7,0,4448
"(688.8461538461538, 307.7846153846154)",TM7,0,4449
"(690.59375, 415.09375)",Prevotella,0,4451
"(689.5471698113207, 633.0566037735849)",TM7,0,4452
"(691.0083333333333, 976.625)",TM7,0,4453
"(693.3883495145631, 1350.5825242718447)",Gemella,0,4455
"(690.7213114754098, 1487.622950819672)",Rothia,0,4456
"(691.8032786885246, 1518.327868852459)",TM7,0,4457
"(689.8888888888889, 1668.7179487179487)",Lautropia,0,4458
"(691.0338983050848, 112.1864406779661)",TM7,0,4459
"(691.4615384615385, 857.9423076923077)",Veillonella,0,4462
"(691.2753623188406, 997.1739130434783)",Actinomyces,0,4463
"(690.2631578947369, 1175.719298245614)",Rothia,0,4464
"(693.7582417582418, 1432.3516483516485)",Rothia,0,4465
"(690.9230769230769, 1587.4871794871794)",Selenomonas,0,4467
"(690.9803921568628, 1645.0392156862745)",Veillonella,0,4468
"(691.7575757575758, 1253.8181818181818)",Prevotella,0,4474
"(692.1022727272727, 1286.6931818181818)",Rothia,0,4475
"(696.2658227848101, 1324.0)",Actinomyces,0,4476
"(692.0, 1696.1475409836066)",Veillonella,0,4478
"(696.0114942528736, 228.77011494252875)",TM7,0,4479
"(693.3880597014926, 254.91044776119404)",Lautropia,0,4480
"(693.4, 322.8833333333333)",Rothia,0,4481
"(693.3965517241379, 444.7586206896552)",Actinomyces,0,4482
"(692.8961038961039, 563.0)",Prevotella,0,4483
"(692.8615384615384, 873.1846153846154)",Campylobacter,0,4484
"(695.4690265486726, 1017.1150442477876)",Veillonella,0,4486
"(694.2830188679245, 1312.0)",Actinomyces,0,4487
"(692.9, 601.18)",Lautropia,0,4490
"(693.9076923076923, 944.276923076923)",Gemella,0,4492
"(694.7377049180328, 1271.7704918032787)",Treponema,0,4494
"(696.2254901960785, 1627.2843137254902)",Porphyromonas,0,4495
"(695.9833333333333, 243.03333333333333)",Rothia,0,4496
"(695.2125, 337.3375)",Rothia,0,4497
"(697.1044776119403, 654.7910447761194)",TM7,0,4499
"(696.3134328358209, 830.7611940298508)",TM7,0,4500
"(694.3333333333334, 1204.2051282051282)",Fusobacterium,0,4504
"(696.3088235294117, 371.27941176470586)",Gemella,0,4506
"(698.3492063492064, 532.2698412698413)",Gemella,0,4507
"(699.5294117647059, 891.5882352941177)",Prevotella,0,4509
"(700.733870967742, 1152.75)",Prevotella,0,4510
"(699.8936170212766, 1243.223404255319)",Rothia,0,4511
"(697.6603773584906, 1637.6603773584907)",Lautropia,0,4513
"(696.5, 147.31034482758622)",Rothia,0,4514
"(696.03125, 194.546875)",Campylobacter,0,4515
"(697.6779661016949, 920.728813559322)",TM7,0,4516
"(699.7901234567901, 935.4691358024692)",Fusobacterium,0,4517
"(696.0576923076923, 1062.423076923077)",Campylobacter,0,4518
"(699.3448275862069, 181.08620689655172)",TM7,0,4520
"(698.4625, 402.4125)",Prevotella,0,4521
"(701.0140845070423, 521.7323943661971)",Fusobacterium,0,4523
"(697.9344262295082, 549.9344262295082)",Gemella,0,4524
"(698.4705882352941, 590.3921568627451)",Prevotella,0,4525
"(701.7464788732394, 860.9718309859155)",Lautropia,0,4527
"(699.1081081081081, 1473.445945945946)",Gemella,0,4528
"(698.5542168674699, 1601.8915662650602)",Veillonella,0,4529
"(700.6623376623377, 1748.8961038961038)",Prevotella,0,4532
"(700.7101449275362, 119.26086956521739)",Capnocytophaga,0,4533
"(699.7454545454545, 207.5818181818182)",Actinomyces,0,4534
"(699.5, 1080.3333333333333)",Capnocytophaga,0,4538
"(699.1636363636363, 1335.6727272727273)",Fusobacterium,0,4540
"(700.566265060241, 1411.6265060240964)",TM7,0,4541
"(702.3648648648649, 466.86486486486484)",Neisseriaceae,0,4542
"(699.859375, 1504.0)",TM7,0,4545
"(702.4146341463414, 1554.1341463414635)",Prevotella,0,4546
"(701.5294117647059, 299.4313725490196)",Veillonella,0,4548
"(701.1, 1101.6)",Gemella,0,4550
"(701.9038461538462, 1539.375)",Rothia,0,4551
"(703.5170068027211, 1733.8639455782313)",TM7,0,4553
"(703.5504587155963, 1181.51376146789)",Prevotella,0,4555
"(701.5844155844156, 1260.948051948052)",Rothia,0,4557
"(709.6424581005587, 1292.2234636871508)",TM7,0,4558
"(702.4347826086956, 1684.6521739130435)",Gemella,0,4559
"(708.0201342281879, 433.5503355704698)",Rothia,0,4560
"(706.8241758241758, 999.3406593406594)",Lautropia,0,4562
"(704.1188118811881, 1219.3168316831684)",Veillonella,0,4564
"(707.8169014084507, 1513.380281690141)",Veillonella,0,4565
"(703.6095238095238, 1572.5714285714287)",Rothia,0,4566
"(705.8666666666667, 104.41666666666667)",Rothia,0,4567
"(711.2201834862385, 128.72477064220183)",TM7,0,4568
"(704.3454545454546, 1043.2545454545455)",Rothia,0,4569
"(705.3253012048193, 1119.2650602409637)",Lautropia,0,4570
"(706.4519230769231, 1389.8942307692307)",Rothia,0,4571
"(707.925, 170.4375)",Capnocytophaga,0,4574
"(704.5652173913044, 640.6811594202899)",Fusobacterium,0,4577
"(705.9607843137255, 1378.9607843137255)",Prevotella,0,4580
"(704.4821428571429, 1442.1607142857142)",Lautropia,0,4581
"(705.6947368421053, 1492.2421052631578)",Fusobacterium,0,4583
"(704.4716981132076, 1589.5283018867924)",Veillonella,0,4584
"(706.2307692307693, 1712.553846153846)",Rothia,0,4585
"(707.1960784313726, 95.3529411764706)",Veillonella,0,4586
"(706.6176470588235, 155.5)",Gemella,0,4587
"(707.4126984126984, 191.87301587301587)",Fusobacterium,0,4588
"(707.0, 493.7121212121212)",Leptotrichia,0,4593
"(709.21, 901.47)",Lautropia,0,4594
"(707.3253012048193, 955.8915662650602)",Rothia,0,4595
"(710.3243243243244, 1764.2432432432433)",Rothia,0,4597
"(709.7692307692307, 139.2967032967033)",Fusobacterium,0,4598
"(706.9875, 277.85)",Gemella,0,4600
"(706.84, 330.78)",Fusobacterium,0,4601
"(711.4081632653061, 578.4387755102041)",Prevotella,0,4603
"(707.4677419354839, 922.6451612903226)",TM7,0,4605
"(707.1234567901234, 973.2098765432099)",Neisseriaceae,0,4606
"(707.7058823529412, 1058.5764705882352)",Lautropia,0,4608
"(711.937106918239, 1370.553459119497)",Fusobacterium,0,4609
"(709.6129032258065, 543.6129032258065)",Lautropia,0,4611
"(710.0579710144928, 557.304347826087)",TM7,0,4612
"(707.0636363636364, 841.5727272727273)",Actinomyces,0,4615
"(710.169014084507, 871.5070422535211)",Prevotella,0,4616
"(709.6760563380282, 1068.9154929577464)",Prevotella,0,4617
"(708.2, 1089.8833333333334)",Lautropia,0,4618
"(706.9130434782609, 1467.304347826087)",Fusobacterium,0,4620
"(712.2708333333334, 1667.5833333333333)",Treponema,0,4621
"(709.2857142857143, 385.86813186813185)",Rothia,0,4622
"(709.295918367347, 1352.5204081632653)",TM7,0,4628
"(709.5932203389831, 1419.6949152542372)",Gemella,0,4629
"(711.7162162162163, 1454.1351351351352)",Pasteurellaceae,0,4630
"(713.607476635514, 317.14018691588785)",Rothia,0,4633
"(715.75, 1205.8083333333334)",TM7,0,4636
"(711.1833333333333, 233.11666666666667)",Actinomyces,0,4640
"(714.7567567567568, 349.5045045045045)",TM7,0,4641
"(710.8461538461538, 367.53846153846155)",Veillonella,0,4642
"(715.5431034482758, 478.5258620689655)",Streptococcus,0,4643
"(712.5128205128206, 942.2051282051282)",Lautropia,0,4644
"(711.6911764705883, 1167.5441176470588)",Veillonella,0,4646
"(710.6271186440678, 1401.677966101695)",Prevotella,0,4648
"(712.578947368421, 52.73684210526316)",Veillonella,0,4650
"(716.1889763779527, 89.54330708661418)",Prevotella,0,4651
"(711.6629213483146, 1643.5505617977528)",TM7,0,4655
"(712.8148148148148, 257.24074074074076)",Veillonella,0,4656
"(714.4646464646464, 417.8484848484849)",Rothia,0,4659
"(716.2515337423313, 599.5766871165645)",Lautropia,0,4660
"(715.4, 614.9)",Gemella,0,4661
"(715.5131578947369, 672.6315789473684)",Treponema,0,4662
"(714.1864406779661, 1143.3898305084747)",Gemella,0,4663
"(712.7368421052631, 1625.6842105263158)",Actinomyces,0,4665
"(713.76, 119.4)",TM7,0,4667
"(715.3559322033898, 200.10169491525423)",TM7,0,4669
"(713.5243902439024, 1238.9024390243903)",Lautropia,0,4671
"(715.8888888888889, 1339.861111111111)",Veillonella,0,4672
"(714.2631578947369, 1430.7105263157894)",Fusobacterium,0,4673
"(714.6833333333333, 1504.9166666666667)",TM7,0,4674
"(715.3396226415094, 73.69811320754717)",Rothia,0,4676
"(714.8720930232558, 218.8953488372093)",Fusobacterium,0,4677
"(715.1944444444445, 404.81944444444446)",Rothia,0,4678
"(716.3918918918919, 502.02702702702703)",Lautropia,0,4680
"(717.3461538461538, 1578.3173076923076)",Fusobacterium,0,4683
"(713.7894736842105, 1606.122807017544)",TM7,0,4684
"(716.2637362637363, 274.56043956043953)",Veillonella,0,4687
"(715.7333333333333, 661.1333333333333)",Rothia,0,4688
"(719.7272727272727, 996.5909090909091)",Veillonella,0,4689
"(716.6617647058823, 1225.6911764705883)",Prevotella,0,4691
"(715.8490566037735, 1796.433962264151)",Treponema,0,4693
"(717.8051948051948, 452.0779220779221)",Rothia,0,4695
"(716.2073170731708, 857.2926829268292)",TM7,0,4697
"(717.6355140186915, 1099.392523364486)",Rothia,0,4698
"(716.4901960784314, 1558.3725490196077)",Fusobacterium,0,4699
"(716.2777777777778, 1682.7083333333333)",Treponema,0,4700
"(718.3333333333334, 1755.5)",Treponema,0,4701
"(716.728813559322, 1812.3050847457628)",Veillonella,0,4702
"(720.5733333333334, 152.98666666666668)",Veillonella,0,4703
"(725.3953488372093, 361.2015503875969)",Capnocytophaga,0,4704
"(719.0722891566265, 376.6385542168675)",Prevotella,0,4705
"(717.5849056603773, 518.6415094339623)",Campylobacter,0,4706
"(718.3888888888889, 564.6111111111111)",Fusobacterium,0,4707
"(719.1449275362319, 1027.4202898550725)",Neisseriaceae,0,4709
"(720.6144578313254, 1053.3855421686746)",Lautropia,0,4710
"(719.3939393939394, 335.07575757575756)",Prevotella,0,4711
"(719.0192307692307, 487.6730769230769)",Prevotella,0,4712
"(719.5522388059702, 1011.5671641791045)",Campylobacter,0,4714
"(721.6304347826087, 1128.4782608695652)",Selenomonas,0,4715
"(719.7457627118644, 1487.2033898305085)",Veillonella,0,4717
"(718.2264150943396, 1518.5471698113208)",Prevotella,0,4718
"(720.0491803278688, 933.0819672131148)",Campylobacter,0,4719
"(720.2613636363636, 968.7045454545455)",Prevotella,0,4721
"(720.981308411215, 1473.7009345794393)",Gemella,0,4722
"(724.1264367816092, 1630.057471264368)",Lautropia,0,4723
"(720.25, 1785.2142857142858)",TM7,0,4724
"(720.0729166666666, 648.65625)",Treponema,0,4731
"(720.265625, 837.390625)",Treponema,0,4733
"(724.4632352941177, 875.0220588235294)",Prevotella,0,4734
"(722.6491228070175, 894.7368421052631)",Prevotella,0,4735
"(724.4087591240876, 1257.6058394160584)",Treponema,0,4736
"(721.7826086956521, 1271.3188405797102)",TM7,0,4737
"(719.8571428571429, 1324.547619047619)",TM7,0,4739
"(720.6125, 1413.7375)",TM7,0,4740
"(721.327868852459, 1530.5081967213114)",TM7,0,4741
"(720.475, 1725.175)",Leptotrichia,0,4742
"(728.2148148148148, 1773.9703703703703)",TM7,0,4743
"(726.3092783505155, 261.02061855670104)",Rothia,0,4744
"(723.3492063492064, 626.2857142857143)",Lautropia,0,4745
"(720.5490196078431, 1113.9411764705883)",Capnocytophaga,0,4747
"(720.6478873239437, 1191.1267605633802)",Lautropia,0,4748
"(722.1282051282051, 1395.145299145299)",TM7,0,4749
"(721.5581395348837, 1831.7558139534883)",Neisseriaceae,0,4752
"(724.4941176470588, 187.90588235294118)",Pasteurellaceae,0,4753
"(727.26, 207.74)",Gemella,0,4754
"(722.4179104477612, 238.40298507462686)",Treponema,0,4755
"(724.9117647058823, 399.27941176470586)",Prevotella,0,4756
"(722.6185567010309, 1081.958762886598)",Lautropia,0,4758
"(723.0625, 1352.7625)",Veillonella,0,4759
"(729.31, 1589.56)",Rothia,0,4761
"(724.7402597402597, 1603.2597402597403)",Selenomonas,0,4762
"(727.4782608695652, 37.85507246376812)",Gemella,0,4764
"(724.0, 106.75409836065573)",Gemella,0,4765
"(724.7901234567901, 118.11111111111111)",Gemella,0,4766
"(724.4230769230769, 298.28846153846155)",Veillonella,0,4768
"(724.6181818181818, 510.6909090909091)",Fusobacterium,0,4769
"(724.253164556962, 539.5696202531645)",Veillonella,0,4770
"(724.9322033898305, 1038.8305084745762)",Rothia,0,4771
"(724.7704918032787, 1447.639344262295)",Fusobacterium,0,4774
"(724.8, 921.75)",Rothia,0,4776
"(725.7962962962963, 17.24074074074074)",Veillonella,0,4782
"(725.8032786885246, 386.8688524590164)",Fusobacterium,0,4784
"(725.5555555555555, 1244.7407407407406)",Veillonella,0,4787
"(726.0178571428571, 1700.5357142857142)",Neisseriaceae,0,4791
"(728.4047619047619, 423.04761904761904)",Veillonella,0,4792
"(729.6506024096385, 856.6987951807229)",Gemella,0,4794
"(732.219512195122, 62.420731707317074)",Fusobacterium,0,4797
"(732.4516129032259, 524.7677419354839)",Treponema,0,4800
"(728.6515151515151, 1366.3333333333333)",Prevotella,0,4801
"(727.1730769230769, 1509.4615384615386)",Rothia,0,4802
"(728.4939759036145, 1676.0361445783133)",Porphyromonas,0,4803
"(727.7454545454545, 1748.2545454545455)",Gemella,0,4804
"(729.311475409836, 1108.1967213114754)",Gemella,0,4808
"(729.8405797101449, 1814.4492753623188)",Lautropia,0,4811
"(729.5737704918033, 173.65573770491804)",TM7,0,4812
"(729.0508474576271, 275.6949152542373)",Prevotella,0,4813
"(729.8867924528302, 437.9811320754717)",Prevotella,0,4815
"(729.5942028985507, 571.5942028985507)",Prevotella,0,4816
"(730.8173913043478, 590.8086956521739)",TM7,0,4817
"(733.4736842105264, 1302.859649122807)",Streptococcus,0,4819
"(735.0933333333334, 1487.4266666666667)",Capnocytophaga,0,4821
"(734.0, 1498.8933333333334)",Campylobacter,0,4822
"(729.1666666666666, 1562.5384615384614)",Prevotella,0,4823
"(732.8918918918919, 1734.0405405405406)",TM7,0,4825
"(731.375, 84.11111111111111)",Rothia,0,4826
"(731.2758620689655, 331.0)",Gemella,0,4827
"(732.3088235294117, 982.1470588235294)",Pasteurellaceae,0,4833
"(731.1382978723404, 1283.1914893617022)",Streptococcus,0,4835
"(731.0281690140845, 1791.4929577464789)",Lautropia,0,4838
"(731.5, 455.2241379310345)",Rothia,0,4842
"(732.3333333333334, 471.92)",Prevotella,0,4843
"(736.4526315789474, 1026.2631578947369)",Prevotella,0,4845
"(732.3582089552239, 1182.44776119403)",Treponema,0,4846
"(731.1692307692308, 1326.2923076923078)",Actinomyces,0,4848
"(732.6981132075472, 1420.3490566037735)",Fusobacterium,0,4849
"(733.9428571428572, 1723.557142857143)",Lautropia,0,4851
"(736.0120481927711, 406.7590361445783)",TM7,0,4852
"(733.6545454545454, 655.8545454545455)",Fusobacterium,0,4856
"(734.6153846153846, 908.7307692307693)",Neisseriaceae,0,4857
"(732.4057971014493, 932.9855072463768)",Lautropia,0,4858
"(733.2380952380952, 1090.4285714285713)",Rothia,0,4860
"(733.8135593220339, 1640.8474576271187)",Actinomyces,0,4862
"(737.5766423357665, 1826.4379562043796)",Rothia,0,4864
"(734.8548387096774, 292.16129032258067)",Prevotella,0,4866
"(733.4313725490196, 844.7450980392157)",Fusobacterium,0,4868
"(732.8275862068965, 1052.2586206896551)",Gemella,0,4869
"(734.7285714285714, 1221.3)",Rothia,0,4871
"(737.2747252747253, 1535.4615384615386)",Lautropia,0,4872
"(733.9577464788732, 128.9718309859155)",Lautropia,0,4874
"(737.0909090909091, 316.09090909090907)",Actinomyces,0,4875
"(735.88, 1342.3733333333332)",Prevotella,0,4879
"(737.9659863945578, 95.70748299319727)",Fusobacterium,0,4881
"(738.0144927536232, 165.8985507246377)",Lautropia,0,4882
"(739.9101796407185, 1006.934131736527)",TM7,0,4885
"(737.0921052631579, 1119.1052631578948)",Fusobacterium,0,4886
"(741.4033613445379, 1236.2100840336134)",TM7,0,4887
"(737.78, 1363.2)",Neisseriaceae,0,4888
"(735.0120481927711, 1392.9036144578313)",Actinomyces,0,4889
"(736.6349206349206, 1445.4444444444443)",Prevotella,0,4890
"(740.6114649681529, 1523.9490445859872)",Fusobacterium,0,4891
"(737.578947368421, 1569.3333333333333)",Rothia,0,4892
"(737.6413043478261, 1710.5978260869565)",Gemella,0,4894
"(738.71875, 136.84375)",Gemella,0,4895
"(740.5803571428571, 190.3125)",Fusobacterium,0,4896
"(736.32, 221.1)",Campylobacter,0,4897
"(735.984126984127, 234.65079365079364)",TM7,0,4898
"(737.0983606557377, 1042.016393442623)",Selenomonas,0,4899
"(735.9827586206897, 1068.896551724138)",Rothia,0,4900
"(739.08, 1175.3066666666666)",Prevotella,0,4901
"(738.6612903225806, 1246.0806451612902)",Lautropia,0,4902
"(738.6829268292682, 1269.5365853658536)",Rothia,0,4903
"(736.9814814814815, 1353.0925925925926)",Rothia,0,4904
"(738.7272727272727, 1626.0181818181818)",Selenomonas,0,4907
"(737.9137931034483, 1801.7068965517242)",Prevotella,0,4909
"(741.1666666666666, 1852.8333333333333)",Gemella,0,4910
"(737.6825396825396, 301.5079365079365)",Prevotella,0,4912
"(740.2048192771084, 629.4698795180723)",TM7,0,4913
"(741.7156862745098, 1203.9803921568628)",Gemella,0,4915
"(738.7254901960785, 1473.3921568627452)",Gemella,0,4916
"(741.4375, 450.34375)",Lautropia,0,4920
"(739.2372881355932, 484.1186440677966)",TM7,0,4921
"(740.7216494845361, 1101.9278350515465)",Gemella,0,4925
"(738.8695652173913, 1143.9565217391305)",Treponema,0,4926
"(739.2658227848101, 1461.012658227848)",Campylobacter,0,4927
"(740.3142857142857, 1685.4857142857143)",Veillonella,0,4930
"(738.84, 1698.52)",Fusobacterium,0,4931
"(743.1567164179105, 1746.0)",Leptotrichia,0,4932
"(743.8854166666666, 47.53125)",Treponema,0,4933
"(740.7384615384616, 204.24615384615385)",TM7,0,4934
"(743.6380952380953, 364.7809523809524)",Veillonella,0,4936
"(743.2658227848101, 642.8987341772151)",Treponema,0,4939
"(747.7461538461539, 1082.753846153846)",Prevotella,0,4940
"(740.3709677419355, 1406.532258064516)",Capnocytophaga,0,4941
"(739.327868852459, 1436.688524590164)",Actinomyces,0,4942
"(742.0, 11.803571428571429)",Prevotella,0,4943
"(739.9245283018868, 275.54716981132077)",Lautropia,0,4944
"(740.0, 951.8833333333333)",Treponema,0,4947
"(742.4179104477612, 1160.8059701492537)",Lautropia,0,4949
"(741.6271186440678, 1658.8813559322034)",Lautropia,0,4950
"(741.4237288135594, 329.59322033898303)",Veillonella,0,4952
"(745.9473684210526, 343.5263157894737)",Rothia,0,4953
"(744.2133333333334, 492.4)",Rothia,0,4955
"(742.6268656716418, 1324.5074626865671)",Treponema,0,4957
"(750.275, 1379.1583333333333)",Fusobacterium,0,4958
"(744.3421052631579, 174.6184210526316)",Prevotella,0,4959
"(742.7682926829268, 419.9878048780488)",Treponema,0,4961
"(742.0, 601.2857142857143)",Gemella,0,4963
"(745.4545454545455, 853.5194805194806)",Lautropia,0,4965
"(746.1919191919192, 876.939393939394)",Rothia,0,4966
"(743.9866666666667, 965.2933333333333)",Fusobacterium,0,4967
"(742.5, 1556.48)",TM7,0,4972
"(743.12, 1613.28)",Pasteurellaceae,0,4973
"(748.2066115702479, 239.26446280991735)",Prevotella,0,4974
"(743.7945205479452, 548.082191780822)",Capnocytophaga,0,4976
"(746.0, 1671.3424657534247)",Veillonella,0,4978
"(746.0769230769231, 1790.6025641025642)",TM7,0,4980
"(746.8793103448276, 286.5344827586207)",Fusobacterium,0,4982
"(744.5875, 1289.6375)",Gemella,0,4984
"(745.5909090909091, 1416.9848484848485)",Lautropia,0,4985
"(746.0412371134021, 1577.9381443298969)",Fusobacterium,0,4986
"(745.4626865671642, 1765.9850746268658)",Veillonella,0,4988
"(746.6666666666666, 262.36842105263156)",Rothia,0,4992
"(745.9883720930233, 1191.0116279069769)",Fusobacterium,0,4996
"(746.5576923076923, 1260.6153846153845)",Prevotella,0,4997
"(748.7333333333333, 107.95)",Gemella,0,4999
"(747.0379746835443, 839.6075949367089)",Treponema,0,5002
"(751.3133333333334, 1637.3466666666666)",Fusobacterium,0,5005
"(750.8918918918919, 378.72972972972974)",Rothia,0,5006
"(749.7096774193549, 1484.4516129032259)",Gemella,0,5010
"(751.0491803278688, 129.4262295081967)",Veillonella,0,5011
"(749.1746031746031, 212.3968253968254)",Actinomyces,0,5012
"(749.7692307692307, 821.0769230769231)",Veillonella,0,5014
"(747.7, 1049.2)",Lautropia,0,5017
"(750.1142857142858, 1304.6285714285714)",Gemella,0,5019
"(749.0576923076923, 1346.2692307692307)",Rothia,0,5020
"(749.6481481481482, 1701.537037037037)",TM7,0,5023
"(748.6607142857143, 1728.4464285714287)",Rothia,0,5025
"(751.06, 71.72)",Fusobacterium,0,5029
"(749.3666666666667, 155.66666666666666)",TM7,0,5031
"(756.3387096774194, 1219.2096774193549)",Campylobacter,0,5033
"(751.5428571428571, 1503.9571428571428)",Actinomyces,0,5035
"(750.5803571428571, 1813.232142857143)",Prevotella,0,5036
"(755.46, 94.43)",TM7,0,5038
"(752.8705882352941, 120.36470588235294)",Treponema,0,5039
"(751.7826086956521, 272.7391304347826)",Rothia,0,5040
"(752.7594936708861, 512.3924050632911)",Rothia,0,5041
"(752.1851851851852, 591.5370370370371)",Prevotella,0,5042
"(752.8840579710145, 902.0869565217391)",Prevotella,0,5043
"(751.5714285714286, 1454.8285714285714)",Lautropia,0,5049
"(750.2884615384615, 1514.9615384615386)",Treponema,0,5050
"(752.4945054945055, 1548.6263736263736)",TM7,0,5051
"(752.04, 1801.92)",Fusobacterium,0,5052
"(751.2, 200.18)",Prevotella,0,5053
"(753.6644295302013, 297.3758389261745)",Lautropia,0,5054
"(753.6547619047619, 314.39285714285717)",Capnocytophaga,0,5055
"(752.2857142857143, 568.7532467532468)",Lautropia,0,5057
"(751.6666666666666, 951.9824561403509)",Prevotella,0,5058
"(753.981308411215, 967.4579439252336)",Lautropia,0,5059
"(751.5391304347826, 1025.5304347826086)",Pasteurellaceae,0,5060
"(752.0, 1338.9423076923076)",Fusobacterium,0,5063
"(753.5970149253732, 1436.7761194029852)",Fusobacterium,0,5064
"(752.0384615384615, 1463.9615384615386)",Gemella,0,5065
"(755.7647058823529, 1493.2058823529412)",Treponema,0,5066
"(751.35, 479.98333333333335)",Actinomyces,0,5070
"(753.3090909090909, 536.1636363636363)",Prevotella,0,5071
"(752.1, 612.68)",Streptococcus,0,5073
"(756.0972222222222, 1280.4583333333333)",TM7,0,5074
"(753.1896551724138, 1778.155172413793)",Gemella,0,5076
"(756.3048780487804, 1825.9756097560976)",Veillonella,0,5077
"(755.8305084745763, 27.83050847457627)",Rothia,0,5078
"(762.9788732394367, 391.92957746478874)",Rothia,0,5079
"(757.1515151515151, 830.4242424242424)",Veillonella,0,5081
"(757.9365853658536, 1604.3658536585365)",Selenomonas,0,5084
"(754.4754098360655, 1621.295081967213)",Lautropia,0,5085
"(757.5979381443299, 1690.9896907216496)",Fusobacterium,0,5086
"(755.6176470588235, 329.05882352941177)",Veillonella,0,5088
"(755.9622641509434, 352.1132075471698)",Capnocytophaga,0,5089
"(764.0462427745665, 1141.1734104046243)",Lautropia,0,5094
"(756.8196721311475, 1359.622950819672)",Selenomonas,0,5096
"(758.1168831168832, 1371.5974025974026)",Capnocytophaga,0,5097
"(754.961038961039, 1928.7532467532467)",Fusobacterium,0,5099
"(764.5092024539878, 7.895705521472393)",Lautropia,0,5100
"(758.4666666666667, 412.08)",Veillonella,0,5102
"(756.6915887850467, 469.76635514018693)",Lautropia,0,5104
"(758.9402985074627, 522.3880597014926)",Gemella,0,5105
"(756.2380952380952, 1098.0833333333333)",Rothia,0,5107
"(756.6060606060606, 1209.6515151515152)",TM7,0,5108
"(755.4807692307693, 1252.8461538461538)",Capnocytophaga,0,5109
"(758.6493506493506, 1906.3766233766235)",Fusobacterium,0,5111
"(757.3090909090909, 51.0)",Neisseriaceae,0,5112
"(758.6027397260274, 83.68493150684931)",Treponema,0,5113
"(757.2906976744187, 187.6860465116279)",Fusobacterium,0,5115
"(757.3035714285714, 249.71428571428572)",Lautropia,0,5116
"(756.54, 423.64)",Fusobacterium,0,5117
"(757.4117647058823, 439.92436974789916)",Veillonella,0,5118
"(756.7142857142857, 867.047619047619)",Lautropia,0,5120
"(758.1846153846154, 1191.446153846154)",TM7,0,5124
"(759.6564885496183, 1237.557251908397)",Fusobacterium,0,5125
"(758.5512820512821, 1651.7307692307693)",Fusobacterium,0,5128
"(759.1714285714286, 890.4285714285714)",TM7,0,5130
"(759.734375, 1326.78125)",Prevotella,0,5133
"(759.0757575757576, 1589.2121212121212)",Lautropia,0,5135
"(759.7032967032967, 1885.901098901099)",Rothia,0,5140
"(758.5098039215686, 1918.5686274509803)",Rothia,0,5141
"(759.6486486486486, 163.16216216216216)",Veillonella,0,5143
"(762.59477124183, 921.8954248366013)",Selenomonas,0,5146
"(761.3555555555556, 1291.9666666666667)",Lautropia,0,5147
"(762.0872483221476, 1707.8389261744967)",Veillonella,0,5149
"(759.9753086419753, 147.1358024691358)",Fusobacterium,0,5150
"(760.1343283582089, 1163.910447761194)",TM7,0,5152
"(764.3383458646616, 1311.3984962406016)",Veillonella,0,5154
"(758.8490566037735, 1478.377358490566)",Treponema,0,5155
"(761.0178571428571, 1766.2142857142858)",Lautropia,0,5156
"(760.4166666666666, 1941.9833333333333)",Prevotella,0,5157
"(766.0, 1954.1714285714286)",Fusobacterium,0,5158
"(760.8202247191011, 219.82022471910113)",Lautropia,0,5159
"(763.4647887323944, 260.5492957746479)",Gemella,0,5160
"(760.4179104477612, 365.5223880597015)",Veillonella,0,5161
"(760.7068965517242, 854.3103448275862)",Veillonella,0,5162
"(760.016129032258, 977.5)",Fusobacterium,0,5163
"(762.9032258064516, 993.0645161290323)",TM7,0,5164
"(763.3189655172414, 1012.7413793103449)",Actinomyces,0,5165
"(761.4769230769231, 1419.4923076923078)",Rothia,0,5166
"(764.0396825396825, 1678.420634920635)",Veillonella,0,5167
"(761.5967741935484, 1869.8548387096773)",Rothia,0,5168
"(763.8875, 37.1375)",Veillonella,0,5169
"(762.9677419354839, 138.11827956989248)",TM7,0,5170
"(760.8076923076923, 584.9230769230769)",Veillonella,0,5173
"(762.8360655737705, 946.4426229508197)",TM7,0,5175
"(765.6818181818181, 1048.435064935065)",Gemella,0,5176
"(762.2857142857143, 1392.3)",Lautropia,0,5177
"(762.7831325301205, 1532.289156626506)",Lautropia,0,5178
"(763.2394366197183, 1843.774647887324)",Fusobacterium,0,5179
"(762.5283018867924, 497.45283018867923)",Fusobacterium,0,5181
"(763.5714285714286, 642.6349206349206)",Actinomyces,0,5183
"(763.9041095890411, 1272.013698630137)",TM7,0,5186
"(761.9629629629629, 1443.2037037037037)",Rothia,0,5187
"(764.4615384615385, 1559.1758241758241)",Lautropia,0,5188
"(764.8952380952381, 1752.7809523809524)",Veillonella,0,5189
"(764.1052631578947, 1803.4561403508771)",Neisseriaceae,0,5190
"(763.0192307692307, 1833.6538461538462)",Selenomonas,0,5191
"(764.9444444444445, 275.1111111111111)",Rothia,0,5193
"(763.6274509803922, 552.9215686274509)",TM7,0,5196
"(766.0857142857143, 879.0285714285715)",TM7,0,5198
"(763.5438596491229, 1072.8947368421052)",Rothia,0,5199
"(765.5700934579439, 1508.3364485981308)",Lautropia,0,5200
"(765.7961165048544, 1729.388349514563)",Rothia,0,5202
"(766.8644067796611, 506.5762711864407)",Rothia,0,5206
"(765.0410958904109, 905.7397260273973)",TM7,0,5208
"(771.0211267605633, 1573.4859154929577)",Rothia,0,5210
"(769.7283950617284, 1966.1358024691358)",Veillonella,0,5212
"(764.8301886792453, 287.60377358490564)",Lautropia,0,5214
"(765.4705882352941, 626.6470588235294)",Pasteurellaceae,0,5216
"(767.1298701298701, 1337.948051948052)",Pasteurellaceae,0,5217
"(768.8395061728395, 1815.4444444444443)",Lautropia,0,5222
"(769.0, 66.72222222222223)",Capnocytophaga,0,5224
"(768.3285714285714, 315.27142857142854)",Veillonella,0,5225
"(767.4722222222222, 530.7083333333334)",Fusobacterium,0,5228
"(770.408695652174, 1406.9391304347826)",Capnocytophaga,0,5230
"(769.9152542372881, 449.9491525423729)",Prevotella,0,5232
"(768.5, 476.5204081632653)",Campylobacter,0,5233
"(768.7215189873418, 572.1645569620254)",Gemella,0,5234
"(768.7547169811321, 1471.9433962264152)",Lautropia,0,5236
"(769.5822784810126, 1878.5316455696202)",Lautropia,0,5239
"(769.2222222222222, 221.73015873015873)",Fusobacterium,0,5242
"(768.9607843137255, 855.5686274509804)",TM7,0,5244
"(769.2631578947369, 961.9473684210526)",Neisseriaceae,0,5246
"(767.8490566037735, 1110.0377358490566)",Campylobacter,0,5248
"(769.484375, 1174.671875)",Gemella,0,5249
"(772.5494505494505, 76.37362637362638)",Fusobacterium,0,5254
"(769.9565217391304, 302.27536231884056)",Fusobacterium,0,5256
"(769.6415094339623, 355.3207547169811)",Pasteurellaceae,0,5257
"(769.9629629629629, 1203.2962962962963)",Gemella,0,5262
"(769.5087719298245, 1978.5701754385964)",TM7,0,5263
"(770.6862745098039, 828.9607843137255)",Fusobacterium,0,5264
"(774.6944444444445, 1124.8333333333333)",Actinomyces,0,5267
"(774.3125, 1182.890625)",Lautropia,0,5268
"(771.4558823529412, 1260.2058823529412)",Rothia,0,5269
"(771.2, 1356.4727272727273)",TM7,0,5270
"(775.6222222222223, 1369.1222222222223)",Lautropia,0,5271
"(771.0535714285714, 1588.0535714285713)",Corynebacterium,0,5272
"(771.6818181818181, 1631.409090909091)",TM7,0,5273
"(770.7884615384615, 100.15384615384616)",TM7,0,5275
"(774.2987012987013, 208.06493506493507)",Rothia,0,5277
"(776.2016806722689, 490.33613445378154)",Rothia,0,5278
"(775.2137404580153, 1455.0916030534352)",Treponema,0,5283
"(771.4545454545455, 1653.9454545454546)",Corynebacterium,0,5284
"(777.9401709401709, 1770.025641025641)",Treponema,0,5286
"(778.3855421686746, 1863.144578313253)",Prevotella,0,5287
"(774.1428571428571, 1935.642857142857)",Veillonella,0,5288
"(773.2222222222222, 45.111111111111114)",Lautropia,0,5289
"(775.0408163265306, 459.64285714285717)",Prevotella,0,5291
"(777.3132530120482, 614.2530120481928)",Lautropia,0,5293
"(773.4479166666666, 975.375)",Lautropia,0,5294
"(773.3396226415094, 1540.7358490566037)",Rothia,0,5296
"(773.4545454545455, 338.0181818181818)",Treponema,0,5299
"(772.9166666666666, 371.4583333333333)",Capnocytophaga,0,5300
"(775.0, 536.5)",Lautropia,0,5301
"(775.4810126582279, 1033.1645569620252)",Actinomyces,0,5304
"(776.719512195122, 1084.4756097560976)",Treponema,0,5305
"(777.5094339622641, 1803.5943396226414)",Veillonella,0,5308
"(774.3555555555556, 1910.5666666666666)",Streptococcus,0,5309
"(776.0793650793651, 168.47619047619048)",Prevotella,0,5310
"(776.4179104477612, 1159.2388059701493)",Lautropia,0,5312
"(775.05, 1225.525)",Gemella,0,5313
"(774.4117647058823, 1238.3529411764705)",Rothia,0,5314
"(776.1481481481482, 1599.679012345679)",TM7,0,5317
"(775.9891304347826, 1894.2282608695652)",Prevotella,0,5319
"(778.3492063492064, 59.84126984126984)",Fusobacterium,0,5320
"(780.4432989690722, 119.74226804123711)",Fusobacterium,0,5321
"(780.1752577319587, 329.1443298969072)",Rothia,0,5323
"(776.4705882352941, 563.4705882352941)",Gemella,0,5325
"(777.1111111111111, 893.4848484848485)",Rothia,0,5326
"(775.6774193548387, 1020.6612903225806)",Lautropia,0,5327
"(777.4629629629629, 1610.3333333333333)",Treponema,0,5330
"(777.2352941176471, 1780.6666666666667)",Lautropia,0,5332
"(778.2266666666667, 290.48)",Fusobacterium,0,5334
"(781.8555555555556, 1442.8222222222223)",Lautropia,0,5337
"(779.0348837209302, 1493.639534883721)",Rothia,0,5338
"(776.3137254901961, 1825.8039215686274)",Rothia,0,5339
"(779.5604395604396, 1844.8241758241759)",Actinomyces,0,5340
"(780.3232323232323, 264.24242424242425)",Prevotella,0,5341
"(778.169014084507, 413.32394366197184)",Actinomyces,0,5342
"(777.3835616438356, 1102.2328767123288)",Lautropia,0,5346
"(779.7341772151899, 1282.5443037974683)",Pasteurellaceae,0,5348
"(780.3181818181819, 1415.969696969697)",Rothia,0,5350
"(781.4329896907217, 1429.5876288659795)",Gemella,0,5351
"(780.1551724137931, 1474.051724137931)",Treponema,0,5352
"(777.9285714285714, 1719.5892857142858)",Lautropia,0,5353
"(778.5769230769231, 1833.2884615384614)",TM7,0,5355
"(779.1935483870968, 425.3709677419355)",TM7,0,5356
"(780.0833333333334, 545.2222222222222)",Leptotrichia,0,5357
"(782.9047619047619, 811.6462585034013)",Fusobacterium,0,5358
"(780.3416666666667, 1005.7416666666667)",Lautropia,0,5360
"(781.6793893129772, 10.030534351145038)",Actinomyces,0,5362
"(780.0860215053764, 92.45161290322581)",Rothia,0,5363
"(779.5809523809523, 238.22857142857143)",Fusobacterium,0,5365
"(779.9821428571429, 278.0357142857143)",TM7,0,5366
"(780.7142857142857, 382.30357142857144)",Gemella,0,5367
"(782.7222222222222, 438.6777777777778)",Fusobacterium,0,5368
"(781.5803571428571, 1555.544642857143)",Fusobacterium,0,5370
"(779.4153846153846, 1622.923076923077)",Fusobacterium,0,5372
"(779.7719298245614, 1688.2631578947369)",TM7,0,5374
"(785.3888888888889, 1923.7314814814815)",Lautropia,0,5375
"(780.9710144927536, 509.28985507246375)",Lautropia,0,5377
"(787.1401869158879, 1505.2897196261683)",TM7,0,5378
"(782.0666666666667, 1519.36)",Gemella,0,5379
"(780.983606557377, 1745.9180327868853)",Fusobacterium,0,5380
"(782.44, 221.37333333333333)",Veillonella,0,5382
"(782.1138211382114, 311.2439024390244)",Prevotella,0,5383
"(784.0512820512821, 522.2820512820513)",Gemella,0,5385
"(783.1643835616438, 626.1643835616438)",Gemella,0,5386
"(784.6341463414634, 856.2560975609756)",TM7,0,5389
"(783.9540229885057, 940.2988505747127)",Gemella,0,5390
"(786.4358974358975, 981.4273504273505)",Gemella,0,5391
"(782.3492063492064, 1136.3809523809523)",Lautropia,0,5392
"(781.0181818181818, 1205.8181818181818)",Gemella,0,5393
"(783.7115384615385, 153.51923076923077)",Fusobacterium,0,5397
"(783.8271604938271, 344.5061728395062)",Prevotella,0,5398
"(783.8181818181819, 602.3939393939394)",Neisseriaceae,0,5399
"(785.0923076923077, 866.276923076923)",Lautropia,0,5401
"(785.7926829268292, 903.4024390243902)",Leptotrichia,0,5402
"(783.7647058823529, 1058.1960784313726)",Gemella,0,5403
"(786.3484848484849, 1150.621212121212)",TM7,0,5404
"(784.0892857142857, 1674.5892857142858)",Veillonella,0,5405
"(782.3090909090909, 1732.8181818181818)",Rothia,0,5406
"(783.7586206896551, 1882.103448275862)",Campylobacter,0,5407
"(782.9295774647887, 184.43661971830986)",Actinomyces,0,5408
"(784.8360655737705, 251.75409836065575)",Rothia,0,5409
"(784.0909090909091, 828.5151515151515)",Fusobacterium,0,5410
"(787.375, 1165.125)",TM7,0,5411
"(791.531914893617, 1196.0851063829787)",Rothia,0,5412
"(785.7967479674796, 1302.0)",Gemella,0,5414
"(782.8245614035088, 1387.6140350877192)",Lautropia,0,5415
"(785.75, 1660.702380952381)",Fusobacterium,0,5416
"(784.0555555555555, 1702.351851851852)",Capnocytophaga,0,5417
"(785.9894736842106, 573.6842105263158)",Fusobacterium,0,5419
"(788.9148936170212, 1091.904255319149)",Lautropia,0,5421
"(787.7592592592592, 74.81481481481481)",Prevotella,0,5424
"(785.578125, 130.78125)",Prevotella,0,5425
"(790.1555555555556, 797.7666666666667)",Treponema,0,5430
"(786.3137254901961, 921.0)",TM7,0,5431
"(785.8833333333333, 964.4166666666666)",Actinomyces,0,5432
"(790.7328244274809, 1646.1297709923665)",Neisseriaceae,0,5435
"(790.8793103448276, 1819.7586206896551)",Lautropia,0,5436
"(787.8681318681319, 40.53846153846154)",Capnocytophaga,0,5438
"(787.5230769230769, 52.92307692307692)",Fusobacterium,0,5439
"(787.5820895522388, 358.6119402985075)",Capnocytophaga,0,5441
"(785.7941176470588, 1043.9558823529412)",Fusobacterium,0,5445
"(787.3965517241379, 1247.551724137931)",Lautropia,0,5448
"(788.1848739495798, 1334.9747899159663)",Lautropia,0,5450
"(790.2028985507246, 1684.7536231884058)",TM7,0,5452
"(787.8857142857142, 689.8285714285714)",Neisseriaceae,0,5455
"(786.7358490566038, 1224.7169811320755)",Veillonella,0,5457
"(794.9310344827586, 1257.7586206896551)",Fusobacterium,0,5458
"(787.7884615384615, 1562.8846153846155)",Rothia,0,5460
"(790.1666666666666, 1974.320512820513)",Pasteurellaceae,0,5463
"(789.1125, 1990.5625)",Veillonella,0,5464
"(790.7882352941176, 85.7764705882353)",Rothia,0,5465
"(789.1587301587301, 289.8095238095238)",TM7,0,5466
"(788.7627118644068, 461.271186440678)",TM7,0,5467
"(789.0344827586207, 882.9827586206897)",Rothia,0,5469
"(789.2395833333334, 1072.875)",TM7,0,5471
"(792.4430379746835, 1889.9113924050632)",Veillonella,0,5474
"(789.8490566037735, 221.73584905660377)",Gemella,0,5475
"(791.639344262295, 1466.4590163934427)",TM7,0,5478
"(790.2823529411764, 1537.6823529411765)",Gemella,0,5479
"(793.9185185185186, 1724.562962962963)",Treponema,0,5480
"(792.9908256880734, 172.27522935779817)",Neisseriaceae,0,5482
"(790.6031746031746, 557.1587301587301)",Capnocytophaga,0,5485
"(796.9323308270676, 951.7443609022556)",TM7,0,5486
"(791.0961538461538, 1596.0)",Prevotella,0,5488
"(790.9833333333333, 1874.7166666666667)",Lautropia,0,5492
"(792.1153846153846, 65.42307692307692)",Prevotella,0,5493
"(794.1764705882352, 261.5147058823529)",TM7,0,5494
"(793.0967741935484, 592.5645161290323)",Neisseriaceae,0,5496
"(794.3272727272728, 909.4363636363636)",Treponema,0,5497
"(791.0, 1009.7678571428571)",Treponema,0,5499
"(794.1391304347826, 1402.0260869565218)",Treponema,0,5502
"(794.0, 1488.7894736842106)",Gemella,0,5503
"(791.3678160919541, 1580.5402298850574)",Veillonella,0,5504
"(795.5058823529412, 1739.6941176470589)",Veillonella,0,5505
"(792.9180327868852, 1781.311475409836)",Fusobacterium,0,5506
"(797.4725274725274, 6.054945054945055)",Prevotella,0,5507
"(798.0792079207921, 435.25742574257424)",Rothia,0,5509
"(794.2289156626506, 540.6506024096385)",Gemella,0,5510
"(794.4545454545455, 608.8383838383838)",Lautropia,0,5511
"(792.471264367816, 1116.8045977011495)",Treponema,0,5513
"(793.1228070175439, 1623.3333333333333)",Prevotella,0,5516
"(797.4226804123712, 1708.9175257731958)",Veillonella,0,5517
"(794.3968253968254, 232.6031746031746)",TM7,0,5519
"(793.2884615384615, 302.11538461538464)",Veillonella,0,5520
"(795.824427480916, 321.5419847328244)",Gemella,0,5521
"(794.6753246753246, 505.4415584415584)",Leptotrichia,0,5522
"(793.5, 840.1129032258065)",Pasteurellaceae,0,5523
"(794.1290322580645, 1384.0645161290322)",TM7,0,5527
"(793.5925925925926, 1750.7407407407406)",Veillonella,0,5529
"(798.2606382978723, 1913.0531914893618)",Rothia,0,5530
"(795.063492063492, 155.84126984126985)",Gemella,0,5531
"(797.3039215686274, 278.12745098039215)",Fusobacterium,0,5533
"(796.9875, 700.9125)",TM7,0,5537
"(796.8133333333334, 1633.2933333333333)",Campylobacter,0,5540
"(796.1571428571428, 125.94285714285714)",Fusobacterium,0,5542
"(794.7258064516129, 243.2741935483871)",Fusobacterium,0,5543
"(798.5714285714286, 1180.952380952381)",TM7,0,5548
"(800.4, 1415.95)",Gemella,0,5550
"(798.5903614457832, 1940.7228915662652)",Veillonella,0,5551
"(799.1341463414634, 1954.0243902439024)",Gemella,0,5552
"(803.76, 99.72571428571429)",Pasteurellaceae,0,5553
"(804.5730994152046, 348.3157894736842)",Gemella,0,5555
"(798.5696202531645, 453.05696202531647)",Gemella,0,5557
"(797.7528089887641, 525.3370786516854)",TM7,0,5558
"(799.9411764705883, 990.9882352941177)",Gemella,0,5561
"(799.070707070707, 1130.909090909091)",Prevotella,0,5562
"(798.9855072463768, 1210.7246376811595)",Fusobacterium,0,5563
"(796.4520547945206, 1436.5616438356165)",Lautropia,0,5565
"(797.15625, 1765.3854166666667)",Rothia,0,5568
"(795.6857142857143, 1795.3285714285714)",Fusobacterium,0,5569
"(800.0, 1896.025)",Actinomyces,0,5570
"(799.3287671232877, 1022.4246575342465)",Leptotrichia,0,5575
"(796.723076923077, 1293.0153846153846)",Treponema,0,5578
"(798.6964285714286, 1568.5714285714287)",TM7,0,5579
"(799.0, 336.19354838709677)",Lautropia,0,5580
"(797.7142857142857, 824.2)",Porphyromonas,0,5581
"(801.4933333333333, 938.64)",Lautropia,0,5582
"(801.5714285714286, 1003.8877551020408)",Lautropia,0,5583
"(804.48, 1320.7266666666667)",Selenomonas,0,5585
"(800.7549019607843, 1686.049019607843)",Veillonella,0,5586
"(800.9411764705883, 1841.813725490196)",Prevotella,0,5588
"(801.8974358974359, 1862.7692307692307)",Treponema,0,5589
"(803.1015625, 53.125)",Rothia,0,5590
"(801.2972972972973, 478.06756756756755)",Rothia,0,5592
"(801.9879518072289, 806.7951807228916)",Gemella,0,5593
"(803.3333333333334, 899.6239316239316)",Treponema,0,5594
"(801.4166666666666, 966.1458333333334)",TM7,0,5595
"(800.4626865671642, 1667.3059701492537)",TM7,0,5597
"(804.5320512820513, 82.21153846153847)",TM7,0,5598
"(800.4444444444445, 862.9444444444445)",Gemella,0,5601
"(801.4516129032259, 1171.1935483870968)",Prevotella,0,5604
"(803.5076923076923, 1246.5230769230768)",TM7,0,5605
"(801.1929824561404, 1346.9649122807018)",Lautropia,0,5606
"(803.7974683544304, 1992.873417721519)",Treponema,0,5608
"(802.0933333333334, 1039.56)",Lautropia,0,5610
"(804.2314814814815, 1069.2962962962963)",Gemella,0,5611
"(801.3965517241379, 1081.6379310344828)",Prevotella,0,5612
"(802.8311688311688, 1105.6753246753246)",Leptotrichia,0,5613
"(802.4758064516129, 1153.0403225806451)",Streptococcus,0,5614
"(804.109756097561, 1372.378048780488)",Neisseriaceae,0,5615
"(803.2931034482758, 1458.2413793103449)",Selenomonas,0,5617
"(802.188679245283, 1579.377358490566)",Lautropia,0,5618
"(802.6507936507936, 421.3333333333333)",Rothia,0,5623
"(804.75, 577.7105263157895)",Campylobacter,0,5625
"(805.1165048543689, 1272.5825242718447)",Fusobacterium,0,5628
"(803.3943661971831, 1505.056338028169)",Actinomyces,0,5630
"(806.123076923077, 1598.0461538461539)",TM7,0,5632
"(805.7173913043479, 1828.2282608695652)",Fusobacterium,0,5633
"(808.9082568807339, 38.04587155963303)",Fusobacterium,0,5634
"(805.9016393442623, 149.9016393442623)",Veillonella,0,5636
"(805.4492753623189, 184.40579710144928)",Fusobacterium,0,5637
"(803.5370370370371, 304.01851851851853)",TM7,0,5639
"(805.5625, 589.296875)",Treponema,0,5640
"(806.7184466019418, 623.9417475728155)",Neisseriaceae,0,5641
"(806.0862068965517, 772.1379310344828)",Fusobacterium,0,5642
"(803.5090909090909, 881.8181818181819)",TM7,0,5643
"(804.475, 1478.7125)",Corynebacterium,0,5645
"(803.561403508772, 1554.421052631579)",Gemella,0,5646
"(805.1851851851852, 221.74074074074073)",Rothia,0,5649
"(804.9294117647058, 395.29411764705884)",Rothia,0,5650
"(804.8421052631579, 539.5350877192982)",Rothia,0,5651
"(805.7884615384615, 835.7307692307693)",TM7,0,5652
"(806.1549295774648, 1236.9154929577464)",Gemella,0,5655
"(806.0980392156863, 1288.7254901960785)",Streptococcus,0,5656
"(805.719298245614, 1539.6842105263158)",Veillonella,0,5657
"(806.0, 1697.6949152542372)",Rothia,0,5658
"(805.7692307692307, 1750.673076923077)",Treponema,0,5660
"(805.1948051948052, 1782.2077922077922)",TM7,0,5661
"(803.8461538461538, 1877.9038461538462)",Gemella,0,5662
"(804.516129032258, 252.4516129032258)",Fusobacterium,0,5663
"(806.0322580645161, 1608.1774193548388)",TM7,0,5668
"(805.3793103448276, 1962.3620689655172)",Prevotella,0,5670
"(808.6233766233767, 365.2597402597403)",Prevotella,0,5672
"(808.1846153846154, 1390.2)",Selenomonas,0,5675
"(806.2, 1425.46)",Gemella,0,5676
"(809.3888888888889, 1589.0555555555557)",Capnocytophaga,0,5678
"(809.2211538461538, 204.20192307692307)",TM7,0,5679
"(806.8039215686274, 501.70588235294116)",Treponema,0,5681
"(810.8118811881188, 563.960396039604)",Fusobacterium,0,5682
"(806.5961538461538, 602.9230769230769)",Streptococcus,0,5683
"(809.2413793103449, 740.2241379310345)",Leptotrichia,0,5684
"(808.2456140350877, 1217.3508771929824)",Prevotella,0,5686
"(807.8904109589041, 1765.876712328767)",Lautropia,0,5687
"(807.0322580645161, 1975.0645161290322)",Fusobacterium,0,5688
"(809.5753424657535, 12.821917808219178)",TM7,0,5689
"(813.9310344827586, 1307.9224137931035)",Gemella,0,5691
"(812.9012345679013, 1348.2345679012346)",Gemella,0,5692
"(808.0, 1360.8214285714287)",TM7,0,5693
"(808.1186440677966, 1408.1694915254238)",Prevotella,0,5694
"(809.7068965517242, 1436.9655172413793)",Treponema,0,5695
"(812.4141414141415, 1526.3939393939395)",Treponema,0,5696
"(808.3709677419355, 1643.3387096774193)",Gemella,0,5697
"(816.6727272727272, 321.91818181818184)",Treponema,0,5702
"(814.2435897435897, 491.65384615384613)",Gemella,0,5704
"(811.8409090909091, 706.6931818181819)",Fusobacterium,0,5705
"(809.7538461538461, 872.4307692307692)",Fusobacterium,0,5706
"(812.1730769230769, 1226.2884615384614)",Fusobacterium,0,5707
"(814.0919540229885, 1510.9195402298851)",Treponema,0,5709
"(812.8392857142857, 1734.9464285714287)",Lautropia,0,5710
"(817.7586206896551, 177.20689655172413)",Rothia,0,5711
"(816.1772151898734, 639.9556962025316)",Treponema,0,5712
"(813.8059701492538, 1143.3880597014925)",Lautropia,0,5714
"(812.0, 1886.1830985915492)",Veillonella,0,5716
"(811.6071428571429, 1938.982142857143)",Rothia,0,5717
"(814.3098591549295, 911.6056338028169)",Campylobacter,0,5724
"(811.6666666666666, 982.7070707070707)",Treponema,0,5725
"(811.4423076923077, 1126.6153846153845)",Gemella,0,5726
"(815.6363636363636, 1204.2424242424242)",TM7,0,5727
"(819.22, 1467.12)",Treponema,0,5729
"(812.0588235294117, 1708.8039215686274)",Capnocytophaga,0,5730
"(815.375, 1803.6818181818182)",Treponema,0,5731
"(814.8791208791209, 1981.5054945054944)",Treponema,0,5732
"(812.4230769230769, 281.65384615384613)",TM7,0,5734
"(811.72, 450.32)",Fusobacterium,0,5735
"(814.6610169491526, 600.5084745762712)",Lautropia,0,5736
"(813.1044776119403, 792.8358208955224)",Gemella,0,5737
"(813.021978021978, 1051.8351648351647)",TM7,0,5739
"(812.8307692307692, 1914.4923076923078)",Lautropia,0,5743
"(813.6307692307693, 295.5692307692308)",Fusobacterium,0,5746
"(816.4360902255639, 424.96992481203006)",TM7,0,5747
"(817.6808510638298, 1021.1595744680851)",TM7,0,5748
"(813.4905660377359, 1087.4905660377358)",Fusobacterium,0,5749
"(816.3469387755102, 1575.2551020408164)",Lautropia,0,5751
"(816.6133333333333, 1721.4)",Lautropia,0,5752
"(818.7567567567568, 1861.6756756756756)",Lautropia,0,5755
"(814.9473684210526, 1870.877192982456)",Prevotella,0,5756
"(815.6296296296297, 160.6172839506173)",Fusobacterium,0,5757
"(817.6617647058823, 483.79411764705884)",TM7,0,5758
"(814.9642857142857, 808.8928571428571)",Fusobacterium,0,5759
"(814.9032258064516, 929.5591397849462)",Gemella,0,5761
"(815.0, 1034.2567567567567)",Capnocytophaga,0,5762
"(816.0819672131148, 1155.049180327869)",TM7,0,5763
"(814.8823529411765, 1622.6617647058824)",Selenomonas,0,5764
"(816.2826086956521, 1655.8804347826087)",TM7,0,5765
"(815.1142857142858, 1787.8142857142857)",TM7,0,5766
"(817.0388349514564, 1900.9126213592233)",Fusobacterium,0,5767
"(817.6842105263158, 27.140350877192983)",Gemella,0,5768
"(818.1315789473684, 539.0394736842105)",Fusobacterium,0,5769
"(815.8039215686274, 550.2156862745098)",Fusobacterium,0,5770
"(818.7432432432432, 725.0405405405405)",Fusobacterium,0,5771
"(816.5081967213115, 887.8524590163935)",Gemella,0,5773
"(820.2248062015503, 959.1860465116279)",Rothia,0,5774
"(817.072463768116, 1008.7536231884058)",TM7,0,5776
"(816.15, 1840.5833333333333)",TM7,0,5782
"(818.4745762711865, 225.01694915254237)",Prevotella,0,5784
"(817.639344262295, 236.04918032786884)",Veillonella,0,5785
"(818.8461538461538, 1173.0549450549452)",Rothia,0,5789
"(822.1085271317829, 1676.2403100775193)",Prevotella,0,5792
"(817.6333333333333, 57.0)",Veillonella,0,5794
"(823.71875, 109.0625)",Treponema,0,5795
"(818.5949367088608, 248.08860759493672)",Treponema,0,5798
"(820.8548387096774, 377.5403225806452)",Prevotella,0,5800
"(818.2586206896551, 438.8103448275862)",Fusobacterium,0,5801
"(819.0172413793103, 589.3965517241379)",Capnocytophaga,0,5802
"(817.8235294117648, 1098.6470588235295)",Campylobacter,0,5805
"(817.7746478873239, 403.80281690140845)",Treponema,0,5809
"(823.5490196078431, 1075.3235294117646)",Lautropia,0,5813
"(818.7777777777778, 1366.037037037037)",Actinomyces,0,5814
"(818.6973684210526, 1557.4605263157894)",Gemella,0,5816
"(822.8076923076923, 1587.2948717948718)",Treponema,0,5817
"(823.7692307692307, 1966.0576923076924)",Gemella,0,5819
"(821.9029126213592, 210.5728155339806)",Capnocytophaga,0,5821
"(820.9310344827586, 285.7413793103448)",TM7,0,5822
"(818.8253968253969, 466.73015873015873)",Rothia,0,5823
"(820.8688524590164, 516.8524590163935)",Prevotella,0,5824
"(819.4878048780488, 577.6829268292682)",Lautropia,0,5825
"(819.2075471698113, 739.6037735849056)",Treponema,0,5827
"(820.1125, 862.3875)",Lautropia,0,5828
"(820.15, 1188.9)",Rothia,0,5829
"(818.9298245614035, 1237.0526315789473)",Lautropia,0,5830
"(822.2255639097745, 1267.3383458646617)",TM7,0,5831
"(820.4038461538462, 1451.0961538461538)",Treponema,0,5833
"(819.45, 1489.95)",Fusobacterium,0,5834
"(821.7727272727273, 1599.3030303030303)",Actinomyces,0,5835
"(824.7702702702703, 1751.9054054054054)",Rothia,0,5836
"(820.0172413793103, 1765.7413793103449)",Treponema,0,5837
"(819.7397260273973, 1821.9315068493152)",Lautropia,0,5839
"(830.972602739726, 9.41095890410959)",Treponema,0,5840
"(821.1375, 266.4)",Lautropia,0,5843
"(824.6708860759494, 800.5443037974684)",Treponema,0,5845
"(819.8703703703703, 902.9444444444445)",Lautropia,0,5846
"(821.7450980392157, 970.8235294117648)",Lautropia,0,5847
"(822.3194444444445, 1129.138888888889)",Capnocytophaga,0,5848
"(821.1016949152543, 1319.6610169491526)",Actinomyces,0,5849
"(827.4464285714286, 1413.2410714285713)",Fusobacterium,0,5850
"(821.8, 1631.175)",Corynebacterium,0,5851
"(825.264367816092, 1693.5862068965516)",Capnocytophaga,0,5852
"(827.5405405405405, 95.43243243243244)",Treponema,0,5854
"(826.8846153846154, 942.7417582417582)",Veillonella,0,5857
"(821.7678571428571, 1250.3392857142858)",Lautropia,0,5858
"(823.3230769230769, 1439.246153846154)",Treponema,0,5859
"(827.439024390244, 1610.9756097560976)",Veillonella,0,5860
"(829.040404040404, 1714.8484848484848)",Selenomonas,0,5868
"(826.5333333333333, 41.53333333333333)",Gemella,0,5869
"(826.0886075949367, 356.2151898734177)",Gemella,0,5871
"(829.3727272727273, 474.40909090909093)",Campylobacter,0,5872
"(824.7678571428571, 1704.107142857143)",TM7,0,5876
"(824.0506329113924, 148.9873417721519)",Lautropia,0,5878
"(827.5757575757576, 391.6969696969697)",Veillonella,0,5881
"(825.4464285714286, 1289.8392857142858)",Veillonella,0,5884
"(825.7307692307693, 1397.5961538461538)",Selenomonas,0,5885
"(825.3333333333334, 1427.549019607843)",TM7,0,5886
"(832.1702127659574, 1505.22695035461)",TM7,0,5887
"(833.5043478260869, 304.89565217391305)",Lautropia,0,5888
"(826.0, 336.9264705882353)",Fusobacterium,0,5889
"(825.5192307692307, 555.5769230769231)",Lautropia,0,5892
"(826.5087719298245, 825.561403508772)",TM7,0,5893
"(827.6862745098039, 1150.5882352941176)",Leptotrichia,0,5895
"(827.2739726027397, 1879.3082191780823)",TM7,0,5899
"(827.7213114754098, 1937.6065573770493)",Treponema,0,5901
"(826.4333333333333, 449.21666666666664)",Capnocytophaga,0,5904
"(827.3055555555555, 1109.0277777777778)",Fusobacterium,0,5909
"(826.2881355932203, 1837.8813559322034)",Fusobacterium,0,5910
"(828.8378378378378, 24.68918918918919)",Fusobacterium,0,5911
"(830.4, 747.5677419354839)",Lautropia,0,5912
"(829.648275862069, 845.1655172413793)",Streptococcus,0,5914
"(834.6612903225806, 981.9677419354839)",Lautropia,0,5916
"(831.2992125984252, 1011.0629921259842)",Lautropia,0,5917
"(828.84, 1092.2533333333333)",Fusobacterium,0,5918
"(828.2413793103449, 1526.25)",Fusobacterium,0,5919
"(835.4285714285714, 1634.2952380952381)",Treponema,0,5920
"(827.8653846153846, 1783.5384615384614)",Lautropia,0,5922
"(827.8545454545455, 1895.9272727272728)",Prevotella,0,5923
"(830.2173913043479, 1991.8260869565217)",Leptotrichia,0,5924
"(831.5813953488372, 124.80232558139535)",TM7,0,5925
"(828.3928571428571, 886.9107142857143)",Lautropia,0,5929
"(828.9433962264151, 1029.2641509433963)",Veillonella,0,5930
"(828.1346153846154, 1333.8461538461538)",Lautropia,0,5932
"(829.6785714285714, 1652.0)",Lautropia,0,5933
"(832.08, 56.78)",TM7,0,5934
"(829.3103448275862, 167.02298850574712)",Selenomonas,0,5936
"(830.7586206896551, 195.01724137931035)",Veillonella,0,5937
"(830.8615384615384, 566.8615384615384)",Lautropia,0,5940
"(831.0733944954128, 1375.788990825688)",Lautropia,0,5943
"(829.58, 1546.92)",Fusobacterium,0,5944
"(829.7358490566038, 1561.6415094339623)",Veillonella,0,5945
"(831.3571428571429, 1910.9107142857142)",Lautropia,0,5946
"(831.5826771653543, 585.6220472440945)",Neisseriaceae,0,5947
"(830.063492063492, 629.2063492063492)",Lautropia,0,5949
"(833.5702479338843, 1203.8677685950413)",Lautropia,0,5953
"(831.0116279069767, 1237.6860465116279)",Veillonella,0,5954
"(832.5114503816794, 1312.5648854961833)",TM7,0,5955
"(837.1, 1475.4333333333334)",Lautropia,0,5957
"(833.7261904761905, 1830.857142857143)",Veillonella,0,5958
"(830.3076923076923, 1925.173076923077)",Actinomyces,0,5960
"(831.0769230769231, 1951.2435897435898)",Capnocytophaga,0,5961
"(831.9354838709677, 82.20967741935483)",TM7,0,5962
"(831.5757575757576, 242.37878787878788)",TM7,0,5963
"(830.4545454545455, 508.1818181818182)",TM7,0,5964
"(831.5, 546.1666666666666)",Veillonella,0,5965
"(832.2347826086957, 656.591304347826)",TM7,0,5966
"(834.5811965811965, 725.9401709401709)",Gemella,0,5967
"(835.7978723404256, 879.8297872340426)",Gemella,0,5968
"(832.6770833333334, 1575.5520833333333)",TM7,0,5970
"(832.0, 1663.490909090909)",Lautropia,0,5971
"(832.859649122807, 1813.157894736842)",Rothia,0,5973
"(836.4198473282443, 287.1526717557252)",Prevotella,0,5975
"(831.5633802816901, 319.0845070422535)",Rothia,0,5976
"(840.7938931297709, 418.58015267175574)",Treponema,0,5977
"(836.5581395348837, 431.75581395348837)",Prevotella,0,5978
"(833.5686274509804, 492.2352941176471)",Lautropia,0,5979
"(832.4864864864865, 1218.945945945946)",Veillonella,0,5981
"(834.1744186046511, 1458.593023255814)",Lautropia,0,5982
"(834.3039215686274, 1771.1078431372548)",Treponema,0,5984
"(833.5090909090909, 371.2909090909091)",TM7,0,5985
"(837.5164835164835, 1254.7582417582419)",Fusobacterium,0,5990
"(837.6307692307693, 1728.8384615384616)",Leptotrichia,0,5991
"(836.8813559322034, 441.2881355932203)",Fusobacterium,0,5992
"(836.5432098765432, 1121.7654320987654)",Treponema,0,5993
"(834.6233766233767, 1172.4285714285713)",TM7,0,5994
"(836.0909090909091, 1424.9818181818182)",Gemella,0,5995
"(834.9833333333333, 1488.2833333333333)",Gemella,0,5997
"(836.08, 113.02)",TM7,0,5999
"(836.6, 409.6909090909091)",Rothia,0,6002
"(836.8032786885246, 522.3934426229508)",Veillonella,0,6003
"(837.2307692307693, 911.6615384615385)",Fusobacterium,0,6004
"(836.3793103448276, 957.8275862068965)",Rothia,0,6005
"(835.7068965517242, 1269.0689655172414)",Gemella,0,6006
"(836.6153846153846, 1358.2564102564102)",Lautropia,0,6007
"(837.6617647058823, 1643.1764705882354)",Treponema,0,6008
"(836.1818181818181, 142.36363636363637)",Gemella,0,6009
"(839.6521739130435, 329.72463768115944)",TM7,0,6011
"(840.2912621359224, 536.3106796116505)",Gemella,0,6013
"(844.6666666666666, 602.0579710144928)",Fusobacterium,0,6014
"(838.9285714285714, 644.8214285714286)",Lautropia,0,6015
"(842.1149425287356, 996.8620689655172)",TM7,0,6017
"(836.9833333333333, 1750.45)",Prevotella,0,6023
"(839.59375, 161.859375)",Prevotella,0,6026
"(836.8888888888889, 858.2222222222222)",Lautropia,0,6031
"(838.09375, 1683.578125)",Gemella,0,6034
"(839.8823529411765, 1822.4313725490197)",Lautropia,0,6036
"(837.8279569892474, 1847.0967741935483)",Gemella,0,6037
"(839.5645161290323, 270.6774193548387)",Prevotella,0,6041
"(841.4166666666666, 803.625)",Treponema,0,6043
"(839.9054054054054, 1130.972972972973)",TM7,0,6045
"(840.054794520548, 557.4931506849315)",Rothia,0,6051
"(842.3058823529411, 767.364705882353)",Rothia,0,6052
"(838.9295774647887, 898.9859154929577)",Lautropia,0,6054
"(840.4852941176471, 930.25)",TM7,0,6055
"(839.6545454545454, 1447.1636363636364)",Gemella,0,6056
"(840.025974025974, 1898.6103896103896)",Pasteurellaceae,0,6058
"(840.9038461538462, 68.15384615384616)",Lautropia,0,6060
"(843.8357142857143, 182.4142857142857)",TM7,0,6062
"(840.918918918919, 232.9189189189189)",Fusobacterium,0,6063
"(842.2307692307693, 1052.3461538461538)",Lautropia,0,6064
"(840.0519480519481, 1108.909090909091)",Treponema,0,6065
"(847.968992248062, 1159.5271317829458)",Lautropia,0,6066
"(844.1780821917808, 1294.2054794520548)",Gemella,0,6067
"(840.4107142857143, 1346.267857142857)",Fusobacterium,0,6068
"(842.6455696202531, 1673.2278481012659)",TM7,0,6070
"(841.8550724637681, 1883.2608695652175)",TM7,0,6072
"(843.7096774193549, 7.397849462365591)",Gemella,0,6073
"(843.2258064516129, 253.09677419354838)",Gemella,0,6075
"(843.975, 462.9375)",Actinomyces,0,6076
"(845.1228070175439, 1024.3859649122808)",Treponema,0,6077
"(842.7671232876712, 1274.1917808219177)",Treponema,0,6079
"(848.6511627906976, 1518.6666666666667)",Gemella,0,6081
"(840.5932203389831, 1925.9661016949153)",Prevotella,0,6082
"(845.6231884057971, 384.3333333333333)",Leptotrichia,0,6084
"(842.4761904761905, 1067.8412698412699)",Gemella,0,6088
"(845.1176470588235, 1331.1960784313726)",Fusobacterium,0,6090
"(844.0131578947369, 1371.6973684210527)",Leptotrichia,0,6091
"(843.85, 1412.2666666666667)",Treponema,0,6092
"(844.2134831460675, 1547.6629213483145)",Treponema,0,6093
"(844.1826923076923, 1597.6057692307693)",Fusobacterium,0,6094
"(844.5555555555555, 1706.2222222222222)",Lautropia,0,6095
"(844.6666666666666, 1761.2833333333333)",Gemella,0,6096
"(843.0535714285714, 1781.9107142857142)",Selenomonas,0,6097
"(844.18, 89.16)",Pasteurellaceae,0,6100
"(846.9186046511628, 317.8720930232558)",Fusobacterium,0,6101
"(844.7008547008547, 618.4273504273505)",Campylobacter,0,6102
"(846.5934065934066, 965.5164835164835)",Gemella,0,6104
"(845.5671641791045, 1530.5223880597016)",Prevotella,0,6108
"(844.9545454545455, 1622.5)",Rothia,0,6110
"(845.1571428571428, 354.3)",Campylobacter,0,6115
"(850.0, 397.7304347826087)",Veillonella,0,6116
"(846.7558139534884, 847.5813953488372)",Lautropia,0,6120
"(850.0223880597015, 1199.8059701492537)",TM7,0,6124
"(845.2222222222222, 132.44444444444446)",Fusobacterium,0,6125
"(846.8817204301075, 292.7741935483871)",Lautropia,0,6126
"(846.9615384615385, 371.00961538461536)",TM7,0,6129
"(845.0133333333333, 586.08)",TM7,0,6131
"(848.1879194630873, 743.2751677852349)",Rothia,0,6133
"(845.709090909091, 1433.7454545454545)",Streptococcus,0,6137
"(849.019801980198, 1488.1386138613861)",TM7,0,6138
"(847.7340425531914, 1657.0)",TM7,0,6139
"(844.7868852459017, 1911.9016393442623)",Pasteurellaceae,0,6140
"(848.3092783505155, 197.18556701030928)",Treponema,0,6141
"(850.8059701492538, 485.34328358208955)",Treponema,0,6142
"(849.5090909090909, 573.6)",Fusobacterium,0,6145
"(846.5402298850574, 1240.471264367816)",Leptotrichia,0,6148
"(852.656, 1402.856)",Fusobacterium,0,6149
"(848.84375, 1612.5)",TM7,0,6151
"(852.8148148148148, 101.50925925925925)",Capnocytophaga,0,6154
"(849.8474576271186, 1212.2881355932204)",Lautropia,0,6155
"(850.3076923076923, 1386.1758241758241)",Prevotella,0,6156
"(848.236559139785, 1460.3010752688172)",Campylobacter,0,6157
"(852.2167832167833, 1719.7762237762238)",Actinomyces,0,6158
"(848.9518072289156, 26.57831325301205)",Treponema,0,6160
"(852.3076923076923, 220.16666666666666)",Fusobacterium,0,6161
"(851.060606060606, 1561.530303030303)",Treponema,0,6165
"(849.9661016949152, 1926.0)",Actinomyces,0,6172
"(851.4594594594595, 47.91891891891892)",Fusobacterium,0,6173
"(850.948275862069, 113.72413793103448)",TM7,0,6174
"(850.1090909090909, 861.7818181818182)",Porphyromonas,0,6178
"(851.2058823529412, 917.1911764705883)",Prevotella,0,6181
"(851.8111111111111, 986.4666666666667)",Lautropia,0,6182
"(854.9565217391304, 1445.6)",Lautropia,0,6184
"(855.2417582417582, 1848.5934065934066)",Fusobacterium,0,6186
"(851.6774193548387, 236.53225806451613)",TM7,0,6188
"(857.2714285714286, 634.0142857142857)",Actinomyces,0,6190
"(853.8827586206896, 758.096551724138)",TM7,0,6191
"(850.7307692307693, 942.4615384615385)",Rothia,0,6193
"(852.1612903225806, 1086.9354838709678)",Gemella,0,6195
"(854.527027027027, 1269.5135135135135)",Actinomyces,0,6196
"(853.8372093023256, 1348.860465116279)",Lautropia,0,6197
"(853.6483516483516, 1770.2417582417581)",Gemella,0,6198
"(850.234375, 1973.0625)",TM7,0,6199
"(855.7674418604652, 955.7790697674419)",Rothia,0,6201
"(851.2372881355932, 1142.6101694915253)",Lautropia,0,6203
"(852.9508196721312, 1508.327868852459)",Gemella,0,6206
"(856.7029702970297, 1572.8217821782177)",Prevotella,0,6207
"(852.6060606060606, 1871.5454545454545)",Actinomyces,0,6208
"(854.1756756756756, 1913.3783783783783)",TM7,0,6209
"(856.5798319327731, 1987.638655462185)",Rothia,0,6210
"(857.504, 74.192)",Veillonella,0,6211
"(853.25, 143.61764705882354)",Treponema,0,6212
"(853.0833333333334, 163.46428571428572)",Fusobacterium,0,6213
"(857.0243902439024, 249.3780487804878)",Lautropia,0,6214
"(853.3627450980392, 429.88235294117646)",TM7,0,6215
"(857.6213592233009, 936.0388349514564)",TM7,0,6217
"(851.9818181818182, 1107.4545454545455)",Capnocytophaga,0,6219
"(855.8815789473684, 1315.2368421052631)",Lautropia,0,6222
"(857.421052631579, 1800.8)",Actinomyces,0,6224
"(855.2941176470588, 57.00840336134454)",Veillonella,0,6225
"(854.5166666666667, 442.01666666666665)",Lautropia,0,6226
"(855.4545454545455, 675.4242424242424)",TM7,0,6227
"(854.0138888888889, 824.9027777777778)",Prevotella,0,6228
"(853.8947368421053, 1115.7894736842106)",Gemella,0,6231
"(858.6263736263736, 1669.8241758241759)",Fusobacterium,0,6233
"(857.1688311688312, 1754.0389610389611)",Lautropia,0,6234
"(856.1851851851852, 273.44444444444446)",Rothia,0,6236
"(855.0533333333333, 1036.0133333333333)",Lautropia,0,6240
"(855.7924528301887, 1418.9433962264152)",Lautropia,0,6243
"(854.14, 1475.62)",Actinomyces,0,6244
"(855.8311688311688, 1637.012987012987)",Campylobacter,0,6245
"(856.183908045977, 1683.8850574712644)",TM7,0,6246
"(856.5, 88.234375)",Prevotella,0,6249
"(854.7307692307693, 123.96153846153847)",Lautropia,0,6250
"(857.8674698795181, 260.87951807228916)",TM7,0,6251
"(858.5079365079365, 1075.2380952380952)",Treponema,0,6255
"(858.3595505617977, 1175.3483146067415)",Veillonella,0,6256
"(857.5867768595041, 1543.4380165289256)",TM7,0,6258
"(857.8648648648649, 1833.3513513513512)",Gemella,0,6261
"(856.8125, 1885.2395833333333)",Gemella,0,6262
"(855.5098039215686, 1935.921568627451)",Neisseriaceae,0,6263
"(862.4322580645161, 288.541935483871)",TM7,0,6264
"(859.8088235294117, 1784.7941176470588)",Fusobacterium,0,6271
"(856.6617647058823, 1951.2941176470588)",Veillonella,0,6272
"(857.8651685393259, 337.4831460674157)",Lautropia,0,6274
"(858.7260273972603, 543.3561643835617)",Fusobacterium,0,6275
"(858.3018867924528, 585.6792452830189)",Rothia,0,6276
"(862.2352941176471, 595.6235294117647)",Veillonella,0,6277
"(859.7063492063492, 798.3730158730159)",Actinomyces,0,6279
"(858.6603773584906, 1097.0566037735848)",Selenomonas,0,6281
"(859.8225806451613, 1586.3225806451612)",Gemella,0,6283
"(859.2028985507246, 189.3913043478261)",Campylobacter,0,6286
"(861.5876288659794, 413.02061855670104)",Rothia,0,6287
"(859.561403508772, 615.7543859649123)",Lautropia,0,6289
"(861.5487804878048, 813.0731707317074)",Fusobacterium,0,6290
"(860.2894736842105, 882.9342105263158)",Veillonella,0,6291
"(858.6119402985074, 1000.3432835820895)",Gemella,0,6292
"(859.5294117647059, 1121.686274509804)",Veillonella,0,6293
"(861.6516853932584, 1328.370786516854)",TM7,0,6295
"(858.875, 1818.017857142857)",Porphyromonas,0,6297
"(861.0, 1898.2272727272727)",Pasteurellaceae,0,6298
"(864.4383561643835, 5.589041095890411)",Treponema,0,6299
"(859.5, 320.56666666666666)",Fusobacterium,0,6302
"(861.8048780487804, 384.3414634146341)",Prevotella,0,6303
"(860.0, 561.94)",Lautropia,0,6305
"(860.5538461538462, 846.7538461538461)",Actinomyces,0,6307
"(859.5294117647059, 895.8235294117648)",Lautropia,0,6308
"(861.9741379310345, 1190.1896551724137)",Lautropia,0,6311
"(860.3, 1234.142857142857)",Treponema,0,6312
"(859.0454545454545, 1370.590909090909)",Gemella,0,6313
"(863.5975609756098, 1860.0121951219512)",Lautropia,0,6314
"(861.0185185185185, 771.3333333333334)",Prevotella,0,6316
"(866.2962962962963, 854.9629629629629)",TM7,0,6317
"(863.0845070422536, 1152.225352112676)",Lautropia,0,6318
"(861.4, 1707.178947368421)",TM7,0,6320
"(863.4931506849315, 1745.123287671233)",Fusobacterium,0,6321
"(862.0666666666667, 1963.2133333333334)",Fusobacterium,0,6322
"(865.2826086956521, 114.40217391304348)",Rothia,0,6323
"(862.4561403508771, 240.3859649122807)",Prevotella,0,6324
"(861.8301886792453, 371.1132075471698)",TM7,0,6325
"(862.2272727272727, 1138.2878787878788)",Prevotella,0,6327
"(862.1935483870968, 1612.5806451612902)",Gemella,0,6328
"(863.28125, 1770.5)",Lautropia,0,6330
"(862.7692307692307, 1061.1758241758241)",Fusobacterium,0,6332
"(862.8307692307692, 1290.5230769230768)",Gemella,0,6333
"(865.0337078651686, 1457.8314606741574)",Prevotella,0,6334
"(865.3275862068965, 39.89655172413793)",Fusobacterium,0,6337
"(867.6930693069307, 155.54455445544554)",Lautropia,0,6338
"(866.2272727272727, 573.2159090909091)",TM7,0,6339
"(862.7222222222222, 728.425925925926)",Prevotella,0,6340
"(863.109375, 833.203125)",Lautropia,0,6342
"(865.4117647058823, 1084.5882352941176)",Veillonella,0,6343
"(866.4605263157895, 28.355263157894736)",Rothia,0,6348
"(864.0166666666667, 215.55)",TM7,0,6349
"(865.3090909090909, 1027.6909090909091)",Gemella,0,6351
"(867.3783783783783, 1349.7837837837837)",Lautropia,0,6353
"(867.9325842696629, 1426.3258426966293)",Veillonella,0,6354
"(866.439393939394, 1518.2272727272727)",Lautropia,0,6356
"(868.16, 1698.0)",Porphyromonas,0,6357
"(866.2089552238806, 137.98507462686567)",Neisseriaceae,0,6358
"(866.5, 472.95)",Lautropia,0,6359
"(870.3636363636364, 988.5371900826447)",TM7,0,6361
"(873.7727272727273, 1268.2272727272727)",Lautropia,0,6362
"(867.6825396825396, 1468.126984126984)",Treponema,0,6363
"(866.6779661016949, 1530.542372881356)",Gemella,0,6364
"(868.8115942028985, 532.2028985507246)",Treponema,0,6367
"(866.7934782608696, 648.195652173913)",Treponema,0,6368
"(872.6574074074074, 778.9629629629629)",Fusobacterium,0,6369
"(871.5398230088496, 944.7256637168142)",Fusobacterium,0,6370
"(867.811320754717, 1010.3962264150944)",TM7,0,6371
"(869.3359375, 1212.3046875)",Actinomyces,0,6372
"(866.2363636363636, 1310.290909090909)",Gemella,0,6373
"(869.0, 1337.7413793103449)",Lautropia,0,6374
"(867.05, 1411.0666666666666)",Leptotrichia,0,6375
"(876.3646408839779, 1817.1491712707182)",Leptotrichia,0,6376
"(867.25, 1831.2884615384614)",Gemella,0,6377
"(868.9565217391304, 1927.5304347826086)",TM7,0,6379
"(869.5555555555555, 60.875)",Rothia,0,6380
"(869.8181818181819, 308.3333333333333)",Rothia,0,6381
"(869.2644628099174, 513.702479338843)",Fusobacterium,0,6382
"(873.9578947368421, 735.5894736842105)",Selenomonas,0,6384
"(867.8653846153846, 963.9230769230769)",Lautropia,0,6385
"(874.2408759124088, 1557.9270072992701)",Gemella,0,6386
"(870.1071428571429, 1756.607142857143)",Gemella,0,6387
"(871.8482142857143, 1910.0267857142858)",Veillonella,0,6388
"(870.1587301587301, 230.8095238095238)",TM7,0,6390
"(868.710843373494, 444.1927710843373)",Prevotella,0,6392
"(870.2352941176471, 604.4705882352941)",Veillonella,0,6394
"(869.1372549019608, 865.3921568627451)",Lautropia,0,6395
"(872.1046511627907, 912.8837209302326)",Treponema,0,6396
"(872.4583333333334, 1477.7083333333333)",Neisseriaceae,0,6399
"(868.921052631579, 1680.8684210526317)",Neisseriaceae,0,6402
"(868.7222222222222, 1724.5740740740741)",Lautropia,0,6403
"(870.1746031746031, 1843.7619047619048)",Veillonella,0,6404
"(869.3571428571429, 95.44642857142857)",Gemella,0,6406
"(872.2857142857143, 126.78571428571429)",Leptotrichia,0,6407
"(869.8135593220339, 549.4067796610169)",Prevotella,0,6410
"(870.9154929577464, 674.4507042253521)",Treponema,0,6411
"(871.8809523809524, 1039.7857142857142)",TM7,0,6413
"(872.8529411764706, 1112.4705882352941)",Treponema,0,6414
"(870.5471698113207, 1128.0566037735848)",Gemella,0,6415
"(871.9880952380952, 1160.4642857142858)",Prevotella,0,6416
"(870.4747474747475, 1381.1616161616162)",Gemella,0,6418
"(869.6621621621622, 1441.3243243243244)",Lautropia,0,6419
"(870.1111111111111, 182.86111111111111)",Prevotella,0,6422
"(872.8765432098766, 424.65432098765433)",Rothia,0,6423
"(870.506329113924, 493.8354430379747)",Rothia,0,6424
"(874.3908045977012, 1366.9540229885058)",Rothia,0,6426
"(870.5849056603773, 1541.622641509434)",Fusobacterium,0,6427
"(870.9090909090909, 1575.9545454545455)",TM7,0,6428
"(869.78, 1609.04)",Campylobacter,0,6429
"(872.7972972972973, 1639.918918918919)",Lautropia,0,6430
"(872.8333333333334, 1976.3333333333333)",Lautropia,0,6432
"(871.984375, 80.53125)",Pasteurellaceae,0,6433
"(873.8915662650602, 204.50602409638554)",TM7,0,6436
"(872.6083333333333, 358.075)",TM7,0,6439
"(870.2278481012659, 398.65822784810126)",Lautropia,0,6440
"(872.5344827586207, 762.7931034482758)",Prevotella,0,6441
"(871.6774193548387, 825.9516129032259)",Veillonella,0,6442
"(873.3157894736842, 1172.0877192982457)",Actinomyces,0,6443
"(874.0588235294117, 1400.6705882352942)",Lautropia,0,6445
"(873.0641025641025, 1955.1153846153845)",Treponema,0,6447
"(874.3258426966293, 10.51685393258427)",TM7,0,6448
"(873.2777777777778, 585.3148148148148)",Lautropia,0,6449
"(874.1379310344828, 750.0344827586207)",Lautropia,0,6451
"(872.7638888888889, 800.0555555555555)",TM7,0,6452
"(878.0092592592592, 1054.0462962962963)",Rothia,0,6453
"(874.6792452830189, 1093.867924528302)",Lautropia,0,6454
"(876.266129032258, 1234.008064516129)",Streptococcus,0,6455
"(875.3369565217391, 1790.0217391304348)",Lautropia,0,6458
"(876.4050632911392, 1854.367088607595)",TM7,0,6459
"(878.3973509933775, 375.4039735099338)",Lautropia,0,6460
"(876.1590909090909, 460.84090909090907)",Treponema,0,6461
"(874.4705882352941, 624.1764705882352)",Treponema,0,6462
"(874.1492537313433, 885.776119402985)",Fusobacterium,0,6465
"(875.1785714285714, 968.3571428571429)",Gemella,0,6467
"(873.6785714285714, 1074.8035714285713)",Lautropia,0,6468
"(873.7169811320755, 1138.7735849056603)",Veillonella,0,6469
"(873.6, 1884.8)",TM7,0,6472
"(878.7448979591836, 562.3163265306123)",TM7,0,6474
"(876.4434782608696, 1283.5391304347827)",Lautropia,0,6476
"(875.2, 1320.7818181818182)",Actinomyces,0,6477
"(881.1417322834645, 1896.015748031496)",Fusobacterium,0,6479
"(878.6461538461539, 103.6)",TM7,0,6480
"(883.4414414414415, 248.43693693693695)",Capnocytophaga,0,6482
"(880.8725490196078, 657.656862745098)",Gemella,0,6484
"(875.9411764705883, 1015.3137254901961)",Lautropia,0,6485
"(876.5689655172414, 1026.8620689655172)",TM7,0,6486
"(875.469696969697, 1195.5151515151515)",Leptotrichia,0,6487
"(876.28, 1253.76)",Lautropia,0,6488
"(881.6395348837209, 1489.4418604651162)",Leptotrichia,0,6489
"(875.5, 1511.0)",TM7,0,6490
"(875.1090909090909, 1770.7454545454545)",Gemella,0,6493
"(878.2463768115942, 262.8695652173913)",Fusobacterium,0,6494
"(877.22, 1101.4)",Veillonella,0,6496
"(878.1780821917808, 225.34246575342465)",Prevotella,0,6500
"(879.6559139784946, 278.3333333333333)",TM7,0,6501
"(878.4464285714286, 643.25)",TM7,0,6503
"(881.4512195121952, 790.9268292682926)",Streptococcus,0,6504
"(880.1339285714286, 1000.8125)",Leptotrichia,0,6505
"(881.0470588235294, 1147.1176470588234)",Leptotrichia,0,6506
"(878.3461538461538, 67.6923076923077)",Porphyromonas,0,6512
"(880.3272727272728, 84.43636363636364)",Veillonella,0,6513
"(878.6607142857143, 445.98214285714283)",TM7,0,6515
"(880.8488372093024, 539.3372093023256)",Rothia,0,6516
"(879.68, 1123.46)",TM7,0,6520
"(881.8247422680413, 1301.8144329896907)",Treponema,0,6521
"(880.40625, 1361.0)",Lautropia,0,6522
"(878.875, 1704.46875)",Fusobacterium,0,6525
"(882.0215053763441, 22.086021505376344)",Treponema,0,6526
"(879.5344827586207, 35.3448275862069)",Fusobacterium,0,6527
"(880.8450704225352, 121.1830985915493)",Treponema,0,6528
"(882.0967741935484, 610.483870967742)",TM7,0,6530
"(883.4150943396227, 959.622641509434)",Prevotella,0,6531
"(879.78125, 1347.390625)",Rothia,0,6532
"(882.5445544554456, 1464.6336633663366)",Lautropia,0,6535
"(883.5978260869565, 1528.9673913043478)",Lautropia,0,6536
"(880.7361111111111, 1986.0833333333333)",Selenomonas,0,6537
"(879.9464285714286, 138.44642857142858)",Fusobacterium,0,6538
"(884.3837209302326, 161.19767441860466)",Fusobacterium,0,6539
"(886.8225806451613, 391.4032258064516)",Treponema,0,6540
"(882.4266666666666, 594.8266666666667)",Leptotrichia,0,6541
"(881.5762711864406, 857.1525423728814)",TM7,0,6542
"(881.0784313725491, 901.5490196078431)",Veillonella,0,6543
"(882.0491803278688, 1331.295081967213)",Fusobacterium,0,6545
"(886.8359375, 1722.546875)",Capnocytophaga,0,6548
"(888.8300970873786, 1799.2087378640776)",Rothia,0,6549
"(889.0134228187919, 1940.5570469798658)",TM7,0,6551
"(882.2131147540983, 150.327868852459)",Lautropia,0,6553
"(881.258064516129, 670.6290322580645)",Prevotella,0,6557
"(881.0338983050848, 1875.2033898305085)",Veillonella,0,6562
"(886.0446428571429, 194.78571428571428)",Lautropia,0,6564
"(890.141975308642, 576.3888888888889)",Leptotrichia,0,6565
"(886.0568181818181, 767.3522727272727)",Lautropia,0,6566
"(884.873417721519, 1501.5949367088608)",Treponema,0,6574
"(883.5384615384615, 1583.0192307692307)",Prevotella,0,6575
"(885.5147058823529, 1691.6764705882354)",Neisseriaceae,0,6577
"(885.3720930232558, 1749.139534883721)",Veillonella,0,6578
"(883.620253164557, 1914.3037974683543)",Streptococcus,0,6580
"(884.2575757575758, 174.33333333333334)",Rothia,0,6581
"(887.1914893617021, 301.468085106383)",Lautropia,0,6582
"(888.4851485148515, 479.5049504950495)",TM7,0,6585
"(885.6133333333333, 917.8266666666667)",Rothia,0,6586
"(887.5342465753424, 1043.6438356164383)",Fusobacterium,0,6587
"(887.1467889908257, 1842.1467889908256)",TM7,0,6590
"(886.4556962025316, 57.44303797468354)",Veillonella,0,6591
"(886.4642857142857, 415.2142857142857)",Lautropia,0,6592
"(887.0746268656717, 503.7014925373134)",TM7,0,6593
"(885.74, 928.14)",Rothia,0,6594
"(886.9024390243902, 942.2560975609756)",Prevotella,0,6595
"(886.0350877192982, 1074.280701754386)",TM7,0,6596
"(888.0, 1134.8247422680413)",Neisseriaceae,0,6597
"(889.0157068062828, 1547.9424083769634)",Capnocytophaga,0,6599
"(886.3611111111111, 639.375)",Lautropia,0,6602
"(887.4528301886793, 685.2075471698113)",TM7,0,6603
"(888.0512820512821, 881.3205128205128)",Treponema,0,6604
"(887.8983050847457, 1424.8135593220338)",Rothia,0,6605
"(888.6301369863014, 1516.945205479452)",Lautropia,0,6606
"(885.6190476190476, 1596.8095238095239)",TM7,0,6607
"(888.3194444444445, 1926.6666666666667)",Actinomyces,0,6608
"(888.0, 1993.0)",Lautropia,0,6609
"(888.3142857142857, 334.2857142857143)",Prevotella,0,6611
"(886.1929824561404, 354.4035087719298)",Lautropia,0,6612
"(886.8947368421053, 726.6491228070175)",Fusobacterium,0,6613
"(890.2282608695652, 750.0869565217391)",Pasteurellaceae,0,6614
"(891.4183673469388, 1270.4795918367347)",Prevotella,0,6620
"(889.6849315068494, 1381.5205479452054)",Veillonella,0,6621
"(887.6274509803922, 1390.9607843137255)",TM7,0,6622
"(889.8681318681319, 1570.901098901099)",Rothia,0,6623
"(888.4657534246576, 1737.0684931506848)",Campylobacter,0,6624
"(886.9318181818181, 1767.1818181818182)",Lautropia,0,6625
"(888.3333333333334, 624.4782608695652)",Actinomyces,0,6628
"(887.390625, 1018.953125)",Rothia,0,6629
"(888.9285714285714, 1091.25)",Prevotella,0,6630
"(888.6, 1169.7066666666667)",Leptotrichia,0,6631
"(893.5844155844156, 1179.987012987013)",Lautropia,0,6632
"(889.3868613138686, 1441.043795620438)",Prevotella,0,6634
"(888.0384615384615, 1639.820512820513)",TM7,0,6635
"(887.7840909090909, 1957.75)",Treponema,0,6636
"(889.0666666666667, 452.49333333333334)",TM7,0,6637
"(891.702380952381, 868.3095238095239)",TM7,0,6640
"(890.1836734693877, 977.0102040816327)",Treponema,0,6641
"(889.8333333333334, 1117.3095238095239)",TM7,0,6642
"(893.3900709219859, 1251.3758865248226)",Lautropia,0,6644
"(888.3225806451613, 1412.7903225806451)",Fusobacterium,0,6645
"(888.3064516129032, 1782.032258064516)",Lautropia,0,6646
"(892.5714285714286, 5.9523809523809526)",Capnocytophaga,0,6647
"(890.7884615384615, 97.5576923076923)",Neisseriaceae,0,6648
"(889.2352941176471, 131.47058823529412)",Lautropia,0,6649
"(889.6071428571429, 217.6904761904762)",Lautropia,0,6650
"(892.1604938271605, 465.4074074074074)",Rothia,0,6652
"(889.8269230769231, 528.0961538461538)",Lautropia,0,6654
"(890.88, 1104.7)",TM7,0,6656
"(888.78, 1153.9)",Fusobacterium,0,6657
"(891.1830985915493, 1288.1830985915492)",Treponema,0,6658
"(891.3731343283582, 1480.44776119403)",Prevotella,0,6661
"(891.4901960784314, 231.86274509803923)",Lautropia,0,6663
"(893.030303030303, 270.77272727272725)",Capnocytophaga,0,6664
"(892.5108695652174, 368.5326086956522)",Streptococcus,0,6665
"(893.4299065420561, 433.7570093457944)",Rothia,0,6666
"(890.3157894736842, 555.2105263157895)",Lautropia,0,6667
"(890.8266666666667, 1884.28)",Lautropia,0,6673
"(899.4155844155844, 111.01948051948052)",Streptococcus,0,6675
"(898.1692307692308, 807.1307692307693)",Rothia,0,6676
"(894.7894736842105, 1623.1140350877192)",Prevotella,0,6678
"(892.7638888888889, 1663.7777777777778)",Campylobacter,0,6680
"(895.5742574257425, 315.0)",Prevotella,0,6683
"(894.6184210526316, 404.42105263157896)",Prevotella,0,6684
"(893.1923076923077, 593.6538461538462)",Gemella,0,6686
"(893.8217821782179, 785.2871287128713)",Fusobacterium,0,6687
"(894.936170212766, 1224.5106382978724)",Treponema,0,6689
"(894.8932038834952, 1827.8155339805826)",Lautropia,0,6692
"(892.5272727272727, 1867.709090909091)",TM7,0,6693
"(894.7843137254902, 70.01960784313725)",Campylobacter,0,6694
"(894.8070175438596, 344.57894736842104)",Gemella,0,6696
"(896.943661971831, 736.7042253521126)",Fusobacterium,0,6698
"(896.84375, 1713.1666666666667)",Campylobacter,0,6699
"(897.0, 1977.0851063829787)",Lautropia,0,6700
"(894.6792452830189, 53.81132075471698)",TM7,0,6702
"(895.0545454545454, 141.87272727272727)",Veillonella,0,6703
"(894.0422535211268, 614.0422535211268)",Prevotella,0,6704
"(895.078125, 954.25)",Prevotella,0,6705
"(897.0114942528736, 1298.7471264367816)",Rothia,0,6707
"(894.719298245614, 1608.3157894736842)",Fusobacterium,0,6708
"(896.1090909090909, 203.2)",Actinomyces,0,6710
"(895.8823529411765, 661.2156862745098)",Lautropia,0,6713
"(900.4827586206897, 759.4137931034483)",Veillonella,0,6714
"(895.8428571428572, 849.4)",Fusobacterium,0,6715
"(898.7983870967741, 931.4596774193549)",Leptotrichia,0,6716
"(895.1129032258065, 1343.4354838709678)",Lautropia,0,6718
"(897.5555555555555, 1526.851851851852)",Gemella,0,6719
"(897.675, 1812.075)",Rothia,0,6720
"(897.483870967742, 1918.6290322580646)",Prevotella,0,6721
"(898.5447154471544, 188.27642276422765)",Fusobacterium,0,6722
"(897.7384615384616, 673.6307692307693)",Lautropia,0,6724
"(899.296511627907, 830.3313953488372)",Actinomyces,0,6725
"(899.5135135135135, 1509.054054054054)",Treponema,0,6727
"(897.6326530612245, 1685.2755102040817)",Campylobacter,0,6728
"(898.3809523809524, 173.96825396825398)",Neisseriaceae,0,6733
"(898.9615384615385, 256.9423076923077)",Veillonella,0,6735
"(899.8387096774194, 537.9354838709677)",Lautropia,0,6738
"(898.9540229885057, 995.2873563218391)",Lautropia,0,6739
"(899.8839285714286, 1027.8392857142858)",Fusobacterium,0,6740
"(899.1857142857143, 1067.2857142857142)",Gemella,0,6741
"(900.6081081081081, 1097.662162162162)",Pasteurellaceae,0,6742
"(899.0705882352942, 1314.1529411764707)",Prevotella,0,6744
"(898.2962962962963, 1467.2777777777778)",Fusobacterium,0,6746
"(896.9512195121952, 1584.2560975609756)",Rothia,0,6747
"(900.2831858407079, 295.57522123893807)",TM7,0,6752
"(899.082191780822, 638.068493150685)",Treponema,0,6754
"(899.7368421052631, 718.6578947368421)",Porphyromonas,0,6755
"(899.175, 1158.9375)",Leptotrichia,0,6759
"(900.0958904109589, 1211.4246575342465)",Lautropia,0,6760
"(899.9213483146067, 1370.4719101123596)",Campylobacter,0,6761
"(898.8518518518518, 1736.388888888889)",Rothia,0,6764
"(899.7777777777778, 1991.4444444444443)",Veillonella,0,6765
"(901.1034482758621, 381.6551724137931)",Prevotella,0,6766
"(902.5070422535211, 601.1830985915493)",Prevotella,0,6768
"(902.0104166666666, 688.6354166666666)",Fusobacterium,0,6769
"(902.8953488372093, 1195.139534883721)",Lautropia,0,6773
"(904.4411764705883, 1562.3039215686274)",Rothia,0,6775
"(903.5584415584416, 507.42857142857144)",Fusobacterium,0,6780
"(902.8765432098766, 524.8024691358024)",Treponema,0,6781
"(904.5148514851485, 1238.6336633663366)",Prevotella,0,6783
"(900.8181818181819, 1357.2181818181818)",Prevotella,0,6784
"(903.9102564102565, 1832.3846153846155)",Rothia,0,6787
"(902.953125, 488.484375)",Fusobacterium,0,6789
"(902.9550561797753, 893.6741573033707)",Veillonella,0,6792
"(902.1168831168832, 1419.0389610389611)",Fusobacterium,0,6793
"(902.8166666666667, 1433.1166666666666)",TM7,0,6794
"(903.8360655737705, 1611.8524590163934)",Treponema,0,6796
"(901.843373493976, 1852.4939759036145)",TM7,0,6798
"(903.758064516129, 1904.1532258064517)",Gemella,0,6799
"(904.0166666666667, 5.366666666666666)",Rothia,0,6800
"(904.6440677966102, 147.864406779661)",Capnocytophaga,0,6803
"(903.9322033898305, 329.54237288135596)",TM7,0,6805
"(904.234375, 475.21875)",Treponema,0,6808
"(903.8253968253969, 627.6825396825396)",Treponema,0,6809
"(909.021978021978, 979.4285714285714)",Lautropia,0,6811
"(902.0555555555555, 1045.6944444444443)",Veillonella,0,6813
"(909.0245901639345, 1663.483606557377)",Campylobacter,0,6816
"(903.2372881355932, 39.50847457627118)",Gemella,0,6817
"(905.1688311688312, 214.14285714285714)",Treponema,0,6818
"(904.7966101694915, 1016.3898305084746)",TM7,0,6821
"(903.8909090909091, 1382.8)",Treponema,0,6824
"(904.8524590163935, 1652.311475409836)",Rothia,0,6826
"(906.2608695652174, 1676.1304347826087)",Rothia,0,6827
"(905.3768115942029, 1961.3188405797102)",Selenomonas,0,6828
"(906.5164835164835, 95.06593406593407)",Actinomyces,0,6829
"(909.1818181818181, 1074.4025974025974)",TM7,0,6831
"(905.1851851851852, 1134.0)",Prevotella,0,6832
"(906.44, 1251.78)",Neisseriaceae,0,6833
"(904.4615384615385, 1870.8923076923077)",TM7,0,6834
"(908.208, 577.808)",Gemella,0,6835
"(905.7941176470588, 792.2647058823529)",Veillonella,0,6836
"(911.8880597014926, 1462.6268656716418)",Lautropia,0,6839
"(905.22, 1472.8)",Lautropia,0,6840
"(905.1551724137931, 1594.7413793103449)",TM7,0,6843
"(906.2647058823529, 1804.6029411764705)",Actinomyces,0,6844
"(906.4285714285714, 61.875)",Veillonella,0,6846
"(907.1475409836065, 250.98360655737704)",Fusobacterium,0,6847
"(907.0442477876106, 560.0796460176991)",TM7,0,6850
"(907.6323529411765, 612.1470588235294)",Prevotella,0,6851
"(909.2089552238806, 871.2089552238806)",Rothia,0,6853
"(909.6268656716418, 180.07462686567163)",TM7,0,6859
"(910.8072289156627, 274.3975903614458)",Gemella,0,6860
"(907.26, 341.04)",Leptotrichia,0,6861
"(908.4545454545455, 400.0181818181818)",TM7,0,6862
"(906.9803921568628, 435.3529411764706)",Veillonella,0,6863
"(907.9672131147541, 961.0491803278688)",Treponema,0,6867
"(908.6451612903226, 1183.725806451613)",Lautropia,0,6868
"(908.7205882352941, 1285.9264705882354)",Treponema,0,6869
"(906.8448275862069, 1343.7068965517242)",Pasteurellaceae,0,6870
"(908.3913043478261, 1703.7101449275362)",Campylobacter,0,6873
"(912.0615384615385, 1733.9615384615386)",Fusobacterium,0,6874
"(909.8169014084507, 1935.6478873239437)",Rothia,0,6875
"(908.9615384615385, 27.78846153846154)",Gemella,0,6876
"(909.2545454545455, 236.8909090909091)",Actinomyces,0,6877
"(911.1125, 292.6875)",Rothia,0,6878
"(908.328947368421, 367.6578947368421)",Prevotella,0,6879
"(909.9673913043479, 730.1521739130435)",TM7,0,6881
"(911.031746031746, 1841.5396825396826)",Veillonella,0,6885
"(909.728813559322, 348.1525423728813)",Porphyromonas,0,6886
"(912.390243902439, 746.280487804878)",Prevotella,0,6888
"(910.8235294117648, 918.0147058823529)",Fusobacterium,0,6889
"(912.077922077922, 1149.7532467532467)",Lautropia,0,6890
"(912.0727272727273, 1795.4818181818182)",Campylobacter,0,6891
"(913.0923076923077, 1974.753846153846)",TM7,0,6892
"(911.9649122807018, 592.280701754386)",Lautropia,0,6894
"(912.0357142857143, 767.1785714285714)",TM7,0,6895
"(913.8255813953489, 947.4186046511628)",Veillonella,0,6898
"(910.6, 1118.4153846153847)",Capnocytophaga,0,6901
"(911.2777777777778, 1543.351851851852)",Lautropia,0,6902
"(910.3529411764706, 1632.6274509803923)",Rothia,0,6904
"(912.0925925925926, 262.31481481481484)",Fusobacterium,0,6910
"(911.917808219178, 1271.4931506849316)",Lautropia,0,6915
"(914.7808219178082, 1419.7123287671234)",TM7,0,6917
"(914.0784313725491, 1534.137254901961)",Lautropia,0,6919
"(912.7333333333333, 1622.05)",Veillonella,0,6920
"(911.7017543859649, 1886.719298245614)",Treponema,0,6921
"(914.8166666666667, 502.56666666666666)",Treponema,0,6923
"(916.8717948717949, 637.2051282051282)",TM7,0,6924
"(913.3684210526316, 817.3859649122807)",Prevotella,0,6926
"(913.140625, 1043.046875)",Actinomyces,0,6928
"(913.2571428571429, 1301.0)",Rothia,0,6929
"(914.1232876712329, 1401.4520547945206)",TM7,0,6931
"(914.051724137931, 1602.948275862069)",Veillonella,0,6933
"(914.1904761904761, 1949.968253968254)",Actinomyces,0,6934
"(915.390625, 490.25)",TM7,0,6938
"(917.7820512820513, 799.6153846153846)",Rothia,0,6941
"(920.2169811320755, 936.1698113207547)",Veillonella,0,6942
"(914.8987341772151, 1445.367088607595)",Gemella,0,6949
"(914.8936170212766, 1510.2978723404256)",Leptotrichia,0,6950
"(912.728813559322, 1642.1525423728813)",Campylobacter,0,6952
"(917.3417721518987, 1921.0506329113923)",Treponema,0,6954
"(915.1058823529412, 122.30588235294118)",Fusobacterium,0,6956
"(915.7019230769231, 156.17307692307693)",Fusobacterium,0,6957
"(917.0128205128206, 172.57692307692307)",Prevotella,0,6958
"(917.8142857142857, 305.72857142857146)",Campylobacter,0,6959
"(916.7592592592592, 358.4074074074074)",Gemella,0,6960
"(915.1060606060606, 389.030303030303)",TM7,0,6961
"(918.9493670886076, 417.1898734177215)",TM7,0,6962
"(914.7678571428571, 510.85714285714283)",Treponema,0,6963
"(915.4769230769231, 677.1076923076923)",Treponema,0,6964
"(915.8450704225352, 713.3239436619718)",Rothia,0,6966
"(916.1797752808989, 830.7528089887641)",TM7,0,6967
"(915.8888888888889, 1059.8333333333333)",Lautropia,0,6969
"(916.2857142857143, 1726.2063492063492)",Prevotella,0,6973
"(918.7129629629629, 7.25)",TM7,0,6974
"(918.4070796460177, 86.67256637168141)",Capnocytophaga,0,6975
"(918.1066666666667, 692.7066666666667)",Selenomonas,0,6977
"(916.1, 902.0)",Veillonella,0,6978
"(919.4888888888889, 1174.2)",TM7,0,6979
"(916.6477272727273, 1817.1363636363637)",Fusobacterium,0,6982
"(921.1279069767442, 548.6279069767442)",Treponema,0,6983
"(918.8955223880597, 623.1492537313433)",Fusobacterium,0,6984
"(923.1627906976744, 1015.6279069767442)",Veillonella,0,6986
"(920.2045454545455, 1088.6931818181818)",TM7,0,6987
"(918.1818181818181, 106.2909090909091)",Veillonella,0,6991
"(919.344262295082, 431.59016393442624)",TM7,0,6993
"(919.179104477612, 778.9253731343283)",Veillonella,0,6995
"(924.5555555555555, 922.1623931623932)",Lautropia,0,6996
"(917.4727272727273, 1029.0545454545454)",Veillonella,0,6997
"(921.96, 1497.97)",Lautropia,0,6999
"(917.6785714285714, 1590.2142857142858)",Fusobacterium,0,7000
"(918.3333333333334, 1709.8695652173913)",Gemella,0,7001
"(920.2941176470588, 1787.7058823529412)",Gemella,0,7002
"(920.6494845360825, 1831.5360824742268)",Actinomyces,0,7003
"(919.9418604651163, 1879.3023255813953)",Fusobacterium,0,7004
"(919.4311926605504, 531.8715596330276)",Actinomyces,0,7006
"(920.2873563218391, 605.2298850574713)",Gemella,0,7007
"(919.8730158730159, 653.9206349206349)",Lautropia,0,7008
"(921.4057971014493, 1258.8840579710145)",Porphyromonas,0,7010
"(920.7115384615385, 1555.8076923076924)",Prevotella,0,7011
"(922.3333333333334, 199.95098039215685)",Prevotella,0,7013
"(920.8867924528302, 337.0377358490566)",TM7,0,7015
"(921.1911764705883, 880.5882352941177)",Lautropia,0,7017
"(922.4634146341464, 1223.560975609756)",Rothia,0,7019
"(919.8518518518518, 1322.648148148148)",Fusobacterium,0,7020
"(921.3666666666667, 1343.4666666666667)",Lautropia,0,7021
"(920.8285714285714, 1482.6571428571428)",Fusobacterium,0,7022
"(923.5555555555555, 1673.5454545454545)",TM7,0,7024
"(925.7739130434783, 29.973913043478262)",Lautropia,0,7026
"(922.3636363636364, 68.83333333333333)",Treponema,0,7027
"(920.0892857142857, 373.4642857142857)",Gemella,0,7028
"(920.5777777777778, 565.0222222222222)",Rothia,0,7029
"(925.0642201834862, 581.8715596330276)",Actinomyces,0,7030
"(927.4171779141104, 667.5276073619632)",Fusobacterium,0,7031
"(922.3066666666666, 857.32)",Campylobacter,0,7032
"(921.8837209302326, 1111.1744186046512)",Fusobacterium,0,7033
"(919.9166666666666, 1241.9666666666667)",Neisseriaceae,0,7035
"(920.1454545454545, 1573.1454545454546)",Selenomonas,0,7037
"(926.0, 1615.3796296296296)",Veillonella,0,7038
"(922.1267605633802, 1850.0985915492959)",Gemella,0,7039
"(924.5227272727273, 52.22727272727273)",Gemella,0,7040
"(924.1666666666666, 252.36904761904762)",Gemella,0,7041
"(921.5897435897435, 324.8076923076923)",Veillonella,0,7043
"(923.1960784313726, 769.7450980392157)",Prevotella,0,7044
"(923.3960396039604, 997.0)",Lautropia,0,7045
"(922.2898550724638, 1278.9710144927535)",Leptotrichia,0,7046
"(922.986301369863, 1372.5479452054794)",Gemella,0,7047
"(923.0845070422536, 233.05633802816902)",Fusobacterium,0,7051
"(922.9074074074074, 401.8333333333333)",Fusobacterium,0,7053
"(927.3069306930693, 443.33663366336634)",Gemella,0,7054
"(924.360655737705, 751.8852459016393)",Gemella,0,7056
"(923.2209302325581, 1071.593023255814)",Treponema,0,7062
"(928.2658227848101, 1209.9493670886077)",Lautropia,0,7063
"(923.6666666666666, 1545.6470588235295)",Gemella,0,7065
"(925.2571428571429, 1644.9)",Neisseriaceae,0,7067
"(922.7692307692307, 1776.0576923076924)",Veillonella,0,7068
"(925.6410256410256, 1863.7820512820513)",Gemella,0,7069
"(924.1571428571428, 1902.357142857143)",Treponema,0,7070
"(923.7605633802817, 350.5633802816901)",TM7,0,7071
"(924.5326086956521, 726.6086956521739)",Fusobacterium,0,7073
"(925.0833333333334, 841.5462962962963)",TM7,0,7075
"(926.390243902439, 908.2682926829268)",Rothia,0,7076
"(924.8032786885246, 1139.7377049180327)",Fusobacterium,0,7077
"(925.2898550724638, 1311.3478260869565)",Actinomyces,0,7078
"(925.959595959596, 469.8181818181818)",Prevotella,0,7081
"(928.7931034482758, 890.0114942528736)",Fusobacterium,0,7082
"(930.4862385321101, 42.27522935779817)",Lautropia,0,7090
"(928.2924528301887, 514.7924528301887)",Fusobacterium,0,7093
"(927.8035714285714, 1187.767857142857)",Selenomonas,0,7097
"(926.9012345679013, 1398.2716049382716)",Selenomonas,0,7098
"(927.6818181818181, 1632.3272727272727)",Campylobacter,0,7099
"(929.1558441558442, 1812.2597402597403)",Rothia,0,7100
"(931.8487394957983, 76.3529411764706)",Fusobacterium,0,7102
"(928.3918918918919, 133.3108108108108)",Lautropia,0,7103
"(930.992125984252, 274.3622047244094)",Fusobacterium,0,7105
"(928.9322033898305, 1530.9745762711864)",Neisseriaceae,0,7110
"(928.3636363636364, 1567.7272727272727)",TM7,0,7111
"(928.0697674418604, 1691.360465116279)",Veillonella,0,7112
"(929.0363636363636, 977.4181818181818)",Fusobacterium,0,7117
"(929.9518072289156, 1163.421686746988)",Leptotrichia,0,7119
"(940.5, 114.23983739837398)",Lautropia,0,7123
"(929.531914893617, 167.45744680851064)",Treponema,0,7124
"(931.4090909090909, 872.2878787878788)",Campylobacter,0,7126
"(930.2698412698413, 1059.3333333333333)",Rothia,0,7127
"(930.8965517241379, 1328.6206896551723)",Lautropia,0,7128
"(929.3518518518518, 1434.7407407407406)",Leptotrichia,0,7129
"(930.7471264367816, 1725.2298850574712)",Veillonella,0,7130
"(930.0892857142857, 1743.0357142857142)",Rothia,0,7131
"(928.8833333333333, 1759.3)",Lautropia,0,7132
"(929.6338028169014, 1769.4084507042253)",Fusobacterium,0,7133
"(929.296875, 1798.375)",Veillonella,0,7134
"(931.0, 1913.8684210526317)",Capnocytophaga,0,7136
"(933.2181818181818, 1929.918181818182)",TM7,0,7137
"(931.0, 600.6779661016949)",Actinomyces,0,7140
"(931.85, 1383.275)",Gemella,0,7144
"(930.859375, 1475.828125)",TM7,0,7145
"(934.109756097561, 1993.2560975609756)",Fusobacterium,0,7146
"(932.2857142857143, 5.650793650793651)",Rothia,0,7147
"(933.8026315789474, 93.42105263157895)",TM7,0,7148
"(931.38, 393.22)",Lautropia,0,7150
"(942.8221153846154, 1303.2548076923076)",Treponema,0,7154
"(931.4909090909091, 1445.2)",Actinomyces,0,7156
"(930.140350877193, 1584.0526315789473)",Actinomyces,0,7157
"(931.974358974359, 1709.8461538461538)",Prevotella,0,7158
"(931.7272727272727, 1952.5454545454545)",Gemella,0,7159
"(934.9083333333333, 147.45833333333334)",Veillonella,0,7160
"(933.9532710280374, 381.9626168224299)",Fusobacterium,0,7162
"(931.6194690265487, 621.6725663716815)",Lautropia,0,7163
"(933.3908045977012, 718.2873563218391)",Pasteurellaceae,0,7166
"(932.1449275362319, 1040.3188405797102)",Treponema,0,7168
"(932.0535714285714, 1840.1607142857142)",Neisseriaceae,0,7171
"(936.6493506493506, 1983.2207792207791)",TM7,0,7172
"(933.1829268292682, 411.4512195121951)",Treponema,0,7174
"(932.859649122807, 777.7368421052631)",Rothia,0,7175
"(933.7647058823529, 812.3529411764706)",Rothia,0,7176
"(933.2641509433962, 1420.8490566037735)",Streptococcus,0,7177
"(934.4109589041096, 323.2739726027397)",Actinomyces,0,7178
"(933.9672131147541, 341.73770491803276)",Streptococcus,0,7179
"(935.0344827586207, 368.8965517241379)",Lautropia,0,7180
"(934.0238095238095, 456.14285714285717)",Actinomyces,0,7181
"(935.6857142857143, 1654.2285714285715)",Rothia,0,7187
"(935.9642857142857, 1737.7857142857142)",Neisseriaceae,0,7188
"(933.7966101694915, 1785.4237288135594)",Gemella,0,7189
"(939.2134831460675, 206.41573033707866)",Lautropia,0,7191
"(934.5376344086021, 306.3010752688172)",Gemella,0,7192
"(935.5283018867924, 537.9056603773585)",Neisseriaceae,0,7193
"(935.94, 761.06)",Lautropia,0,7194
"(935.873417721519, 791.8860759493671)",Prevotella,0,7195
"(936.4109589041096, 1094.054794520548)",Rothia,0,7197
"(935.82, 1411.32)",Veillonella,0,7198
"(940.3563218390805, 1880.9885057471265)",Pasteurellaceae,0,7199
"(942.2212389380531, 1973.4690265486727)",Fusobacterium,0,7200
"(936.418918918919, 682.8648648648649)",TM7,0,7201
"(936.7307692307693, 895.6730769230769)",Rothia,0,7203
"(937.6413043478261, 1025.5434782608695)",Fusobacterium,0,7204
"(938.1481481481482, 1120.0740740740741)",Actinomyces,0,7205
"(937.4408602150538, 1290.010752688172)",Pasteurellaceae,0,7207
"(938.3947368421053, 1487.9605263157894)",TM7,0,7211
"(935.8823529411765, 1853.4117647058824)",Selenomonas,0,7212
"(938.5096153846154, 429.40384615384613)",Fusobacterium,0,7216
"(940.4, 502.53333333333336)",TM7,0,7217
"(937.5267857142857, 557.0535714285714)",Veillonella,0,7218
"(937.0192307692307, 1052.1153846153845)",Actinomyces,0,7219
"(936.4807692307693, 1076.0192307692307)",Leptotrichia,0,7220
"(936.8048780487804, 1223.3536585365853)",Fusobacterium,0,7222
"(937.3239436619718, 1238.1690140845071)",TM7,0,7223
"(937.7301587301587, 1271.111111111111)",Campylobacter,0,7224
"(935.3921568627451, 1365.6078431372548)",Selenomonas,0,7225
"(936.77, 1550.98)",Gemella,0,7226
"(937.8852459016393, 1870.360655737705)",Rothia,0,7228
"(938.9146341463414, 191.29268292682926)",TM7,0,7230
"(938.4444444444445, 241.95555555555555)",Actinomyces,0,7231
"(938.6438356164383, 855.3835616438356)",Rothia,0,7234
"(939.3823529411765, 1108.0294117647059)",Corynebacterium,0,7236
"(938.4, 1257.8363636363636)",Gemella,0,7237
"(940.55, 1456.125)",Rothia,0,7238
"(937.5692307692308, 1898.6615384615384)",Pasteurellaceae,0,7239
"(941.6756756756756, 921.1216216216217)",TM7,0,7242
"(940.1818181818181, 1355.1818181818182)",Gemella,0,7243
"(939.0862068965517, 1398.9310344827586)",Gemella,0,7244
"(940.4074074074074, 1825.6851851851852)",Leptotrichia,0,7247
"(944.7083333333334, 1940.1083333333333)",Gemella,0,7248
"(940.0412371134021, 737.0927835051547)",TM7,0,7251
"(942.0, 826.5212765957447)",Veillonella,0,7252
"(939.6730769230769, 939.9807692307693)",Prevotella,0,7254
"(939.5285714285715, 992.0857142857143)",Rothia,0,7255
"(942.3513513513514, 226.4189189189189)",Fusobacterium,0,7259
"(941.4038461538462, 486.59615384615387)",Capnocytophaga,0,7261
"(942.0178571428571, 908.9285714285714)",Prevotella,0,7264
"(947.4320987654321, 949.1481481481482)",Fusobacterium,0,7265
"(944.564705882353, 1514.6823529411765)",TM7,0,7268
"(941.3676470588235, 1959.5735294117646)",TM7,0,7271
"(945.8073394495412, 6.944954128440367)",Lautropia,0,7272
"(943.6119402985074, 52.776119402985074)",Fusobacterium,0,7273
"(945.5925925925926, 532.5679012345679)",Treponema,0,7275
"(941.438596491228, 803.7368421052631)",Prevotella,0,7279
"(946.8791208791209, 982.2417582417582)",Fusobacterium,0,7281
"(942.0754716981132, 1011.0754716981132)",Gemella,0,7282
"(945.5142857142857, 1158.6761904761904)",Actinomyces,0,7284
"(945.2191780821918, 1197.0684931506848)",Gemella,0,7285
"(947.5826086956522, 1320.6260869565217)",Lautropia,0,7286
"(943.7438016528926, 1572.685950413223)",Gemella,0,7287
"(944.75, 1662.6527777777778)",Veillonella,0,7289
"(944.6621621621622, 21.08108108108108)",Veillonella,0,7290
"(944.7864077669902, 133.27184466019418)",Prevotella,0,7291
"(945.474358974359, 402.97435897435895)",Fusobacterium,0,7293
"(943.8035714285714, 779.8214285714286)",Rothia,0,7296
"(942.3125, 879.8625)",TM7,0,7298
"(943.6805555555555, 1184.0555555555557)",Leptotrichia,0,7299
"(944.3684210526316, 1334.821052631579)",Fusobacterium,0,7300
"(941.7096774193549, 1600.5967741935483)",Fusobacterium,0,7301
"(945.2095238095238, 1624.057142857143)",Campylobacter,0,7302
"(942.4590163934427, 1640.1475409836066)",Capnocytophaga,0,7303
"(943.9104477611941, 1762.5671641791046)",Gemella,0,7304
"(943.4202898550725, 1775.7971014492753)",Lautropia,0,7305
"(944.264367816092, 35.724137931034484)",Fusobacterium,0,7306
"(945.96, 468.74666666666667)",Fusobacterium,0,7309
"(946.6938775510204, 514.9489795918367)",Treponema,0,7310
"(946.2307692307693, 622.2637362637363)",Lautropia,0,7312
"(945.4202898550725, 662.768115942029)",Fusobacterium,0,7313
"(947.0338983050848, 1426.2033898305085)",Rothia,0,7316
"(944.5409836065573, 1527.0655737704917)",Lautropia,0,7317
"(947.3306451612904, 1695.8870967741937)",Capnocytophaga,0,7318
"(947.0744680851063, 1923.1063829787233)",TM7,0,7319
"(944.2987012987013, 333.4415584415584)",Veillonella,0,7320
"(947.843137254902, 1040.0588235294117)",Fusobacterium,0,7321
"(946.46875, 1172.75)",Gemella,0,7322
"(943.98, 1210.68)",Treponema,0,7323
"(947.4197530864197, 1247.679012345679)",Gemella,0,7324
"(944.3, 1371.34)",Lautropia,0,7325
"(947.3064516129032, 1547.0483870967741)",Fusobacterium,0,7328
"(949.0901639344262, 1908.7622950819673)",Actinomyces,0,7329
"(946.5794392523364, 69.04672897196262)",Pasteurellaceae,0,7330
"(947.0344827586207, 161.94827586206895)",Prevotella,0,7331
"(946.6623376623377, 379.6233766233766)",Selenomonas,0,7332
"(948.6764705882352, 392.27941176470586)",TM7,0,7333
"(946.0491803278688, 1720.2459016393443)",Prevotella,0,7338
"(948.4861111111111, 184.72222222222223)",Veillonella,0,7339
"(948.4047619047619, 608.9285714285714)",Gemella,0,7340
"(948.241935483871, 961.483870967742)",Gemella,0,7342
"(954.0973451327434, 1380.504424778761)",Veillonella,0,7344
"(945.6785714285714, 1791.9642857142858)",Campylobacter,0,7347
"(951.5620437956204, 1838.6642335766423)",Rothia,0,7349
"(950.2777777777778, 1862.3095238095239)",Selenomonas,0,7350
"(952.2625, 172.0)",Gemella,0,7351
"(947.3456790123457, 294.8888888888889)",Veillonella,0,7352
"(949.0307692307692, 359.2307692307692)",Actinomyces,0,7353
"(947.8852459016393, 682.8196721311475)",Gemella,0,7355
"(954.5806451612904, 1102.5591397849462)",Fusobacterium,0,7356
"(951.1830985915493, 1114.4225352112676)",Gemella,0,7357
"(950.4915254237288, 1471.042372881356)",Veillonella,0,7358
"(952.01, 1559.17)",Prevotella,0,7359
"(951.0285714285715, 214.72857142857143)",Lautropia,0,7360
"(954.436507936508, 275.91269841269843)",Prevotella,0,7362
"(948.7068965517242, 693.7068965517242)",Treponema,0,7364
"(949.578947368421, 771.3333333333334)",TM7,0,7365
"(950.8876404494382, 836.1685393258427)",Lautropia,0,7366
"(948.6, 1886.1636363636364)",Pasteurellaceae,0,7369
"(949.3333333333334, 149.15)",Streptococcus,0,7370
"(949.5818181818182, 412.09090909090907)",Rothia,0,7371
"(950.8454545454546, 570.0090909090909)",TM7,0,7373
"(950.8375, 650.7375)",TM7,0,7374
"(951.7536231884058, 745.5217391304348)",Lautropia,0,7375
"(949.3529411764706, 792.0735294117648)",Rothia,0,7376
"(951.0819672131148, 813.672131147541)",Lautropia,0,7377
"(949.3521126760563, 899.4929577464789)",Lautropia,0,7379
"(952.6333333333333, 1026.0666666666666)",Fusobacterium,0,7380
"(952.7954545454545, 1263.0757575757575)",Lautropia,0,7382
"(950.7758620689655, 1992.8620689655172)",Neisseriaceae,0,7387
"(950.4363636363636, 94.0)",Prevotella,0,7388
"(954.8783783783783, 325.8783783783784)",Selenomonas,0,7390
"(953.4646464646464, 600.3939393939394)",Lautropia,0,7392
"(950.2407407407408, 1218.962962962963)",Streptococcus,0,7396
"(950.3090909090909, 1231.4727272727273)",Lautropia,0,7397
"(950.8219178082192, 1597.5068493150684)",Veillonella,0,7399
"(954.0, 1786.4545454545455)",Neisseriaceae,0,7401
"(952.6764705882352, 1799.9117647058824)",Gemella,0,7402
"(954.4558823529412, 421.20588235294116)",Actinomyces,0,7406
"(954.5957446808511, 924.0851063829788)",Fusobacterium,0,7410
"(952.546875, 1014.59375)",Rothia,0,7411
"(953.0298507462686, 1615.5373134328358)",Campylobacter,0,7413
"(953.044776119403, 251.34328358208955)",Actinomyces,0,7416
"(953.1538461538462, 431.0)",Gemella,0,7418
"(953.7272727272727, 459.06493506493507)",Fusobacterium,0,7420
"(952.8947368421053, 634.9473684210526)",Lautropia,0,7421
"(952.377358490566, 867.1132075471698)",Fusobacterium,0,7422
"(954.0819672131148, 886.4918032786885)",Rothia,0,7423
"(952.8536585365854, 1130.219512195122)",Fusobacterium,0,7425
"(960.3888888888889, 694.8472222222222)",Lautropia,0,7431
"(955.8840579710145, 1359.9565217391305)",Actinomyces,0,7435
"(957.2882882882883, 1971.2252252252251)",Veillonella,0,7437
"(954.433962264151, 1446.698113207547)",Gemella,0,7439
"(956.8375, 32.3875)",TM7,0,7442
"(958.4933333333333, 724.44)",TM7,0,7446
"(958.3947368421053, 1208.0657894736842)",Leptotrichia,0,7447
"(956.9589041095891, 1394.7808219178082)",Rothia,0,7448
"(956.472972972973, 1579.972972972973)",Prevotella,0,7449
"(959.2564102564103, 1812.8632478632478)",Veillonella,0,7450
"(959.4788732394367, 373.8732394366197)",Treponema,0,7452
"(957.1694915254237, 1341.9830508474577)",Treponema,0,7455
"(962.3018867924528, 1407.6132075471698)",Fusobacterium,0,7456
"(957.6875, 1638.40625)",Campylobacter,0,7459
"(957.939393939394, 1669.2727272727273)",Treponema,0,7460
"(957.9915966386554, 1757.4873949579833)",Veillonella,0,7461
"(963.53125, 8.4140625)",Actinomyces,0,7462
"(961.6574074074074, 143.03703703703704)",Lautropia,0,7464
"(959.3380281690141, 480.84507042253523)",Fusobacterium,0,7466
"(956.8253968253969, 756.4761904761905)",Prevotella,0,7467
"(960.4430379746835, 1082.2151898734178)",Lautropia,0,7471
"(961.327868852459, 1307.967213114754)",Pasteurellaceae,0,7472
"(958.4705882352941, 1370.5098039215686)",Capnocytophaga,0,7473
"(958.22, 1684.1)",Fusobacterium,0,7474
"(961.2156862745098, 223.98039215686273)",Fusobacterium,0,7477
"(958.5079365079365, 674.2857142857143)",Leptotrichia,0,7478
"(958.1666666666666, 800.0925925925926)",Fusobacterium,0,7480
"(961.3855421686746, 826.1807228915662)",Fusobacterium,0,7481
"(957.7236842105264, 996.078947368421)",Veillonella,0,7482
"(959.0, 1054.64)",Fusobacterium,0,7483
"(960.3720930232558, 1152.4767441860465)",Lautropia,0,7484
"(965.4852941176471, 1236.639705882353)",Streptococcus,0,7485
"(958.0370370370371, 1531.388888888889)",Treponema,0,7486
"(962.1842105263158, 129.31578947368422)",TM7,0,7488
"(968.7337278106509, 408.6804733727811)",Porphyromonas,0,7490
"(960.2884615384615, 711.2115384615385)",Veillonella,0,7492
"(960.471264367816, 1066.7241379310344)",Capnocytophaga,0,7493
"(959.3529411764706, 1177.8431372549019)",Veillonella,0,7494
"(958.6666666666666, 1194.4117647058824)",Fusobacterium,0,7495
"(960.6567164179105, 1280.6119402985075)",Treponema,0,7496
"(958.625, 1776.142857142857)",Actinomyces,0,7498
"(961.5490196078431, 309.9019607843137)",Treponema,0,7502
"(965.6288659793814, 584.5979381443299)",Capnocytophaga,0,7504
"(962.8539325842696, 843.5505617977528)",TM7,0,7505
"(960.9615384615385, 870.3076923076923)",Selenomonas,0,7506
"(962.12, 1046.46)",Capnocytophaga,0,7507
"(959.4142857142857, 1429.857142857143)",Prevotella,0,7508
"(962.9662921348314, 1490.438202247191)",Fusobacterium,0,7509
"(961.7258064516129, 1627.032258064516)",Veillonella,0,7510
"(965.7830188679245, 91.10377358490567)",TM7,0,7514
"(961.9655172413793, 116.20689655172414)",TM7,0,7515
"(964.7625, 612.7)",Treponema,0,7520
"(962.1551724137931, 631.6379310344828)",Lautropia,0,7521
"(961.84375, 647.90625)",Prevotella,0,7522
"(963.296875, 893.421875)",Gemella,0,7523
"(963.9642857142857, 1004.4642857142857)",Fusobacterium,0,7524
"(965.1904761904761, 1295.9761904761904)",Treponema,0,7526
"(961.4444444444445, 1656.6666666666667)",Lautropia,0,7528
"(963.8850574712644, 1712.528735632184)",TM7,0,7529
"(964.6792452830189, 58.9622641509434)",Prevotella,0,7531
"(965.991452991453, 74.8974358974359)",TM7,0,7532
"(963.7142857142857, 349.10714285714283)",Gemella,0,7535
"(965.3333333333334, 393.1666666666667)",Lautropia,0,7536
"(962.5779816513761, 448.55045871559633)",Fusobacterium,0,7537
"(963.8928571428571, 661.5238095238095)",Treponema,0,7541
"(962.1730769230769, 1169.1153846153845)",Treponema,0,7543
"(964.6545454545454, 1218.909090909091)",Actinomyces,0,7544
"(965.7787610619469, 1330.8318584070796)",TM7,0,7545
"(962.566037735849, 1590.0188679245282)",Gemella,0,7550
"(962.6538461538462, 1725.5192307692307)",Fusobacterium,0,7552
"(967.6551724137931, 1740.9655172413793)",Campylobacter,0,7553
"(962.9411764705883, 364.1372549019608)",Treponema,0,7555
"(968.2133333333334, 511.88)",Lautropia,0,7556
"(969.2727272727273, 782.3838383838383)",Prevotella,0,7557
"(964.1228070175439, 809.1929824561404)",Rothia,0,7558
"(963.4567901234568, 965.3333333333334)",Lautropia,0,7560
"(965.5172413793103, 1117.0)",Prevotella,0,7561
"(963.8703703703703, 1318.0740740740741)",Corynebacterium,0,7563
"(964.5294117647059, 1501.5882352941176)",Lautropia,0,7564
"(969.4552845528456, 1602.8048780487804)",Capnocytophaga,0,7565
"(967.5238095238095, 1853.1632653061224)",Prevotella,0,7567
"(966.3733333333333, 1987.76)",Actinomyces,0,7569
"(967.1666666666666, 203.78333333333333)",TM7,0,7570
"(965.4102564102565, 766.1282051282051)",Fusobacterium,0,7571
"(968.0123456790124, 1613.8024691358025)",Capnocytophaga,0,7576
"(966.0434782608696, 44.17391304347826)",Corynebacterium,0,7578
"(966.4090909090909, 434.1363636363636)",Pasteurellaceae,0,7579
"(965.2142857142857, 571.5357142857143)",Prevotella,0,7581
"(966.081081081081, 735.8378378378378)",Prevotella,0,7582
"(966.6206896551724, 949.7586206896551)",Lautropia,0,7583
"(966.72, 1453.28)",Prevotella,0,7585
"(968.4050632911392, 1478.3037974683543)",Gemella,0,7586
"(967.3214285714286, 1782.1785714285713)",Rothia,0,7589
"(966.9454545454546, 1901.6909090909091)",Veillonella,0,7590
"(968.934065934066, 1949.4835164835165)",Lautropia,0,7591
"(967.542372881356, 299.59322033898303)",Gemella,0,7593
"(971.2924528301887, 600.7735849056604)",Leptotrichia,0,7594
"(967.6140350877193, 622.421052631579)",Prevotella,0,7595
"(973.0795454545455, 1704.125)",Fusobacterium,0,7599
"(967.4457831325301, 1797.1566265060242)",Gemella,0,7600
"(968.1320754716982, 1835.0188679245282)",TM7,0,7601
"(967.74, 910.16)",Lautropia,0,7606
"(968.0, 935.6730769230769)",Lautropia,0,7607
"(971.0862068965517, 984.6379310344828)",Fusobacterium,0,7608
"(967.7826086956521, 1024.463768115942)",Pasteurellaceae,0,7609
"(969.53125, 1106.765625)",Fusobacterium,0,7614
"(968.5652173913044, 1441.4492753623188)",Gemella,0,7615
"(969.1311475409836, 1768.1967213114754)",Gemella,0,7616
"(970.9230769230769, 1914.2527472527472)",Rothia,0,7617
"(971.5166666666667, 167.48333333333332)",Campylobacter,0,7618
"(969.8181818181819, 676.2363636363636)",TM7,0,7623
"(973.3680555555555, 1659.1666666666667)",Gemella,0,7627
"(971.5866666666667, 1693.3866666666668)",Rothia,0,7628
"(971.6931818181819, 266.10227272727275)",Selenomonas,0,7631
"(973.8380952380952, 1346.6380952380953)",Treponema,0,7633
"(976.2095238095238, 1551.7619047619048)",Lautropia,0,7635
"(971.75, 1633.2058823529412)",Capnocytophaga,0,7636
"(971.5211267605633, 238.81690140845072)",Capnocytophaga,0,7638
"(972.2786885245902, 380.08196721311475)",Treponema,0,7640
"(975.1938775510204, 872.8367346938776)",Lautropia,0,7642
"(975.6195652173913, 1097.5434782608695)",Lautropia,0,7644
"(972.40625, 1363.453125)",TM7,0,7645
"(971.7966101694915, 1375.677966101695)",Pasteurellaceae,0,7646
"(975.4432989690722, 1009.7010309278351)",Fusobacterium,0,7649
"(975.7894736842105, 1582.0526315789473)",Neisseriaceae,0,7653
"(975.2153846153847, 1928.9692307692308)",Lautropia,0,7654
"(975.9864864864865, 1939.027027027027)",Actinomyces,0,7655
"(976.2068965517242, 182.1551724137931)",Treponema,0,7657
"(975.6307692307693, 297.4307692307692)",TM7,0,7658
"(975.8169014084507, 633.6619718309859)",Lautropia,0,7659
"(974.921875, 764.796875)",Lautropia,0,7661
"(973.5757575757576, 1202.7727272727273)",Prevotella,0,7663
"(977.0390625, 1426.84375)",Gemella,0,7667
"(974.8414634146342, 1509.7439024390244)",TM7,0,7668
"(975.1764705882352, 1521.3235294117646)",Rothia,0,7669
"(979.776923076923, 1688.1615384615384)",Gemella,0,7670
"(978.9175257731958, 1760.360824742268)",Gemella,0,7671
"(974.047619047619, 1872.5555555555557)",Veillonella,0,7672
"(978.0357142857143, 1966.4464285714287)",Streptococcus,0,7673
"(974.8148148148148, 118.1574074074074)",Lautropia,0,7674
"(975.0793650793651, 226.88888888888889)",TM7,0,7676
"(976.9206349206349, 251.46031746031747)",Fusobacterium,0,7677
"(978.8681318681319, 357.64835164835165)",TM7,0,7678
"(974.2830188679245, 539.9622641509434)",Gemella,0,7680
"(980.8495575221239, 815.0973451327434)",Rothia,0,7681
"(974.68, 847.5733333333334)",Prevotella,0,7682
"(975.6, 1536.9333333333334)",Lautropia,0,7683
"(977.3232323232323, 1889.9292929292928)",TM7,0,7684
"(982.2315789473685, 66.17894736842105)",Actinomyces,0,7685
"(977.4461538461538, 133.15384615384616)",Lautropia,0,7686
"(974.2295081967213, 452.4918032786885)",TM7,0,7688
"(978.6582278481013, 487.9493670886076)",TM7,0,7689
"(974.8392857142857, 499.89285714285717)",Lautropia,0,7690
"(978.0588235294117, 860.7176470588236)",Veillonella,0,7693
"(978.4285714285714, 1175.6714285714286)",Treponema,0,7696
"(979.8504672897196, 1257.271028037383)",Rothia,0,7698
"(977.8245614035088, 1484.4736842105262)",TM7,0,7699
"(981.9583333333334, 1645.298611111111)",Campylobacter,0,7700
"(978.0181818181818, 277.8363636363636)",Treponema,0,7705
"(976.9014084507043, 730.6760563380282)",Rothia,0,7708
"(977.4363636363636, 833.2181818181818)",Rothia,0,7711
"(976.0555555555555, 969.0370370370371)",Gemella,0,7712
"(978.5428571428571, 1084.4285714285713)",Veillonella,0,7713
"(980.5555555555555, 1117.8055555555557)",Veillonella,0,7714
"(979.0666666666667, 1820.0833333333333)",Lautropia,0,7716
"(980.4322033898305, 151.26271186440678)",Lautropia,0,7718
"(984.9589041095891, 753.6438356164383)",Fusobacterium,0,7721
"(979.2424242424242, 939.0909090909091)",Prevotella,0,7722
"(979.99, 1721.85)",Campylobacter,0,7724
"(978.6792452830189, 10.90566037735849)",TM7,0,7725
"(978.5081967213115, 87.70491803278688)",Prevotella,0,7726
"(980.3148148148148, 205.83333333333334)",Gemella,0,7727
"(981.304347826087, 426.6231884057971)",Treponema,0,7728
"(978.0169491525423, 710.8983050847457)",TM7,0,7732
"(982.0506329113924, 889.3924050632911)",TM7,0,7733
"(978.3731343283582, 906.4477611940298)",Rothia,0,7734
"(979.3090909090909, 924.9454545454546)",Gemella,0,7735
"(980.3269230769231, 953.6153846153846)",Treponema,0,7736
"(982.28125, 1043.0729166666667)",Selenomonas,0,7737
"(987.1238938053098, 1053.58407079646)",Campylobacter,0,7738
"(979.9142857142857, 1139.357142857143)",Veillonella,0,7739
"(980.6728971962617, 1223.8504672897195)",Lautropia,0,7740
"(981.3148148148148, 1246.1296296296296)",Streptococcus,0,7741
"(984.3883495145631, 1993.9514563106795)",Leptotrichia,0,7744
"(979.3650793650794, 324.57142857142856)",TM7,0,7745
"(982.231884057971, 562.1594202898551)",TM7,0,7748
"(980.8867924528302, 591.9811320754717)",Selenomonas,0,7749
"(980.0281690140845, 1027.887323943662)",Leptotrichia,0,7750
"(980.2407407407408, 1291.7962962962963)",Veillonella,0,7753
"(980.5211267605633, 1399.2112676056338)",Actinomyces,0,7754
"(983.4888888888889, 1569.6222222222223)",Lautropia,0,7755
"(981.0172413793103, 1867.7413793103449)",TM7,0,7757
"(986.065934065934, 215.8021978021978)",TM7,0,7759
"(981.0806451612904, 335.4032258064516)",Fusobacterium,0,7760
"(981.0909090909091, 393.5194805194805)",TM7,0,7761
"(981.0576923076923, 743.3269230769231)",Rothia,0,7763
"(983.1739130434783, 1150.8695652173913)",Streptococcus,0,7764
"(980.8666666666667, 1800.96)",Fusobacterium,0,7766
"(983.0327868852459, 1922.9016393442623)",Campylobacter,0,7767
"(982.5, 42.4054054054054)",Gemella,0,7768
"(981.9090909090909, 237.6909090909091)",TM7,0,7769
"(983.0632911392405, 372.1645569620253)",Actinomyces,0,7770
"(982.2698412698413, 510.1111111111111)",Lautropia,0,7771
"(981.7058823529412, 680.3725490196078)",Veillonella,0,7774
"(983.3493975903615, 1279.710843373494)",Leptotrichia,0,7776
"(981.68, 1329.98)",Treponema,0,7777
"(981.6438356164383, 1382.3561643835617)",Treponema,0,7778
"(983.6034482758621, 1473.0)",Lautropia,0,7781
"(983.3088235294117, 1673.8823529411766)",Campylobacter,0,7782
"(981.578125, 1786.96875)",Capnocytophaga,0,7783
"(983.5762711864406, 1876.6101694915253)",Fusobacterium,0,7784
"(981.68, 1983.6266666666668)",Corynebacterium,0,7785
"(986.6923076923077, 31.516483516483518)",Gemella,0,7786
"(983.0322580645161, 101.98387096774194)",TM7,0,7787
"(983.5849056603773, 176.64150943396226)",TM7,0,7788
"(985.6781609195402, 448.5632183908046)",Actinomyces,0,7791
"(985.2328767123288, 608.8493150684932)",Treponema,0,7792
"(984.3505154639175, 780.2577319587629)",Fusobacterium,0,7793
"(986.1578947368421, 803.2947368421053)",Pasteurellaceae,0,7794
"(983.42, 1210.16)",TM7,0,7795
"(983.7920792079208, 1306.4653465346535)",Corynebacterium,0,7796
"(983.5576923076923, 1320.2307692307693)",Porphyromonas,0,7797
"(985.6236559139785, 1830.4193548387098)",Treponema,0,7799
"(982.9814814814815, 1910.2777777777778)",Rothia,0,7800
"(984.3684210526316, 716.2982456140351)",Lautropia,0,7802
"(984.6477272727273, 1067.909090909091)",Capnocytophaga,0,7805
"(987.2153846153847, 1131.1076923076923)",Actinomyces,0,7806
"(984.78, 349.4)",Treponema,0,7810
"(986.9909090909091, 1187.5636363636363)",Lautropia,0,7812
"(984.5529411764705, 1589.0941176470587)",Veillonella,0,7813
"(986.2982456140351, 286.1578947368421)",Treponema,0,7814
"(986.7058823529412, 572.7254901960785)",Lautropia,0,7816
"(987.2471910112359, 1528.370786516854)",Veillonella,0,7822
"(988.1929824561404, 162.56140350877192)",Gemella,0,7824
"(988.2345679012345, 465.65432098765433)",Lautropia,0,7825
"(986.140350877193, 643.1929824561404)",Actinomyces,0,7828
"(990.3389830508474, 768.3050847457627)",TM7,0,7829
"(988.3389830508474, 964.4237288135594)",Rothia,0,7832
"(987.3214285714286, 996.2321428571429)",TM7,0,7833
"(988.5074626865671, 1085.2985074626865)",TM7,0,7834
"(987.4891304347826, 1357.7826086956522)",Selenomonas,0,7836
"(987.5641025641025, 1409.628205128205)",Actinomyces,0,7837
"(989.9777777777778, 1849.7333333333333)",Campylobacter,0,7839
"(986.6933333333334, 1950.6933333333334)",Prevotella,0,7840
"(987.9154929577464, 83.29577464788733)",TM7,0,7841
"(988.0363636363636, 308.3818181818182)",Prevotella,0,7842
"(989.9615384615385, 403.0)",Selenomonas,0,7843
"(992.3229166666666, 848.3645833333334)",Gemella,0,7844
"(987.2075471698113, 1437.1509433962265)",Leptotrichia,0,7846
"(988.051724137931, 1542.7586206896551)",Rothia,0,7847
"(991.7525773195877, 1628.4020618556701)",Campylobacter,0,7848
"(988.7818181818182, 416.09090909090907)",Veillonella,0,7849
"(990.1826923076923, 671.3365384615385)",Fusobacterium,0,7851
"(993.0545454545454, 1594.6545454545455)",Gemella,0,7854
"(991.3333333333334, 1803.5925925925926)",Lautropia,0,7856
"(990.4545454545455, 5.8)",Neisseriaceae,0,7857
"(990.4545454545455, 1020.7922077922078)",Prevotella,0,7859
"(989.5882352941177, 1490.4901960784314)",Actinomyces,0,7860
"(991.504761904762, 1748.752380952381)",Veillonella,0,7861
"(993.0816326530612, 1778.795918367347)",Gemella,0,7862
"(992.0491803278688, 436.0983606557377)",Lautropia,0,7865
"(993.7462686567164, 733.5373134328358)",Lautropia,0,7868
"(992.2647058823529, 1664.6323529411766)",Campylobacter,0,7871
"(993.1807228915662, 1730.289156626506)",Campylobacter,0,7872
"(989.8627450980392, 1861.6274509803923)",Fusobacterium,0,7873
"(995.3766233766233, 115.8896103896104)",Actinomyces,0,7875
"(993.2794117647059, 188.39705882352942)",Fusobacterium,0,7876
"(991.4528301886793, 517.4150943396227)",Veillonella,0,7877
"(992.6447368421053, 876.828947368421)",Veillonella,0,7880
"(996.1958762886597, 930.9484536082474)",Rothia,0,7881
"(993.016129032258, 1605.9032258064517)",Neisseriaceae,0,7885
"(991.76, 1932.3333333333333)",Lautropia,0,7887
"(995.2244897959183, 143.24489795918367)",Veillonella,0,7890
"(995.5571428571428, 250.13571428571427)",Fusobacterium,0,7891
"(993.5555555555555, 333.75925925925924)",Neisseriaceae,0,7892
"(993.156862745098, 971.0784313725491)",Prevotella,0,7898
"(993.4461538461538, 1338.6307692307691)",Capnocytophaga,0,7901
"(995.4803921568628, 1689.2254901960785)",Neisseriaceae,0,7905
"(997.8278145695364, 1894.3509933774835)",Treponema,0,7907
"(995.8059701492538, 203.22388059701493)",Prevotella,0,7908
"(997.5102040816327, 323.85714285714283)",Veillonella,0,7910
"(993.8448275862069, 504.36206896551727)",Veillonella,0,7912
"(997.876404494382, 632.6741573033707)",Fusobacterium,0,7913
"(997.7636363636364, 946.0545454545454)",Prevotella,0,7916
"(995.031746031746, 1094.3015873015872)",Lautropia,0,7917
"(997.696, 1382.064)",TM7,0,7918
"(998.4724409448819, 1768.3622047244094)",Treponema,0,7920
"(993.7142857142857, 1910.2142857142858)",Rothia,0,7921
"(995.0, 360.11538461538464)",Gemella,0,7923
"(995.0, 534.68)",Pasteurellaceae,0,7925
"(995.4, 591.6727272727272)",Veillonella,0,7926
"(994.8953488372093, 652.4069767441861)",Selenomonas,0,7927
"(995.4528301886793, 900.6792452830189)",Prevotella,0,7928
"(994.4426229508197, 1160.0819672131147)",Treponema,0,7929
"(994.9661016949152, 1423.1694915254238)",Fusobacterium,0,7930
"(996.4827586206897, 1516.6896551724137)",Porphyromonas,0,7931
"(997.0232558139535, 1816.2906976744187)",Neisseriaceae,0,7932
"(996.5438596491229, 25.17543859649123)",Prevotella,0,7934
"(996.0, 54.12307692307692)",Lautropia,0,7935
"(998.7325581395348, 557.1279069767442)",Fusobacterium,0,7938
"(998.9888888888889, 614.9777777777778)",Lautropia,0,7939
"(996.2727272727273, 775.5454545454545)",Capnocytophaga,0,7940
"(997.018691588785, 809.7009345794393)",TM7,0,7941
"(996.4, 1174.8545454545454)",Lautropia,0,7944
"(995.8970588235294, 1223.1029411764705)",Campylobacter,0,7945
"(996.6785714285714, 1238.5357142857142)",TM7,0,7946
"(996.1846153846154, 1703.0461538461539)",Gemella,0,7951
"(998.280701754386, 269.8421052631579)",Gemella,0,7952
"(1002.7796610169491, 600.1949152542373)",Streptococcus,0,7954
"(998.4035087719299, 1033.0350877192982)",TM7,0,7957
"(998.3571428571429, 1116.1309523809523)",Veillonella,0,7958
"(1001.9887640449438, 1133.1685393258426)",Leptotrichia,0,7959
"(996.66, 1213.56)",Treponema,0,7960
"(999.4040404040404, 1307.6666666666667)",Streptococcus,0,7962
"(999.8795180722891, 1366.987951807229)",Gemella,0,7963
"(1002.1666666666666, 95.96969696969697)",TM7,0,7964
"(1001.6704545454545, 421.5)",Gemella,0,7965
"(997.5272727272727, 474.8909090909091)",TM7,0,7966
"(999.5473684210526, 915.6210526315789)",Veillonella,0,7969
"(997.38, 1200.9)",Fusobacterium,0,7970
"(998.2558139534884, 1396.8372093023256)",Treponema,0,7971
"(997.6, 1675.88)",Fusobacterium,0,7972
"(1002.3493975903615, 371.4578313253012)",Prevotella,0,7974
"(998.0769230769231, 788.1923076923077)",Lautropia,0,7976
"(1000.0181818181818, 863.5636363636364)",Lautropia,0,7977
"(999.9242424242424, 989.2121212121212)",Rothia,0,7979
"(999.4868421052631, 1067.2631578947369)",Campylobacter,0,7980
"(999.5714285714286, 1261.6883116883116)",Treponema,0,7981
"(1002.4285714285714, 1332.2755102040817)",Gemella,0,7982
"(999.290909090909, 1504.2727272727273)",Actinomyces,0,7983
"(1000.1481481481482, 1575.5185185185185)",TM7,0,7984
"(1004.0132450331126, 1717.8344370860927)",Campylobacter,0,7985
"(998.4404761904761, 1870.0595238095239)",Lautropia,0,7986
"(999.0759493670886, 83.21518987341773)",Campylobacter,0,7988
"(1006.01, 163.46)",Treponema,0,7991
"(1000.9384615384615, 297.89230769230767)",Campylobacter,0,7992
"(999.9, 410.35714285714283)",TM7,0,7993
"(1003.9508196721312, 825.2868852459017)",TM7,0,7995
"(999.9344262295082, 1545.672131147541)",Fusobacterium,0,7998
"(1000.6428571428571, 1658.875)",Capnocytophaga,0,7999
"(999.2456140350877, 1987.298245614035)",Gemella,0,8002
"(1000.7037037037037, 350.24074074074076)",Rothia,0,8004
"(1001.2105263157895, 452.3333333333333)",Treponema,0,8005
"(1005.8148148148148, 726.320987654321)",Treponema,0,8006
"(1000.3125, 1011.65625)",Fusobacterium,0,8007
"(1001.4133333333333, 1147.1866666666667)",Actinomyces,0,8008
"(1000.8529411764706, 1411.3088235294117)",Actinomyces,0,8010
"(1001.8, 1434.7076923076922)",Fusobacterium,0,8011
"(1001.6034482758621, 1526.551724137931)",TM7,0,8013
"(1005.0537634408602, 1647.4193548387098)",TM7,0,8015
"(1003.0555555555555, 177.04166666666666)",Lautropia,0,8017
"(1002.2340425531914, 224.41489361702128)",Rothia,0,8019
"(1001.68, 382.88)",Lautropia,0,8020
"(1003.7435897435897, 500.6923076923077)",Streptococcus,0,8023
"(1001.8450704225352, 679.6760563380282)",Fusobacterium,0,8025
"(1003.7123287671233, 712.1780821917808)",Lautropia,0,8026
"(1003.4109589041096, 1293.945205479452)",Treponema,0,8028
"(1002.9, 1856.3)",Actinomyces,0,8030
"(1005.5952380952381, 278.3690476190476)",Fusobacterium,0,8032
"(1002.6101694915254, 575.6610169491526)",Lautropia,0,8033
"(1004.7307692307693, 1210.173076923077)",Lautropia,0,8036
"(1002.3243243243244, 1485.445945945946)",Pasteurellaceae,0,8037
"(1003.3166666666667, 1743.0833333333333)",Neisseriaceae,0,8038
"(1002.425925925926, 1920.4074074074074)",Selenomonas,0,8039
"(1006.1397849462365, 752.1720430107526)",Prevotella,0,8040
"(1003.7884615384615, 998.8461538461538)",TM7,0,8042
"(1004.5185185185185, 1347.2592592592594)",Fusobacterium,0,8044
"(1004.6902654867257, 1798.4070796460178)",Treponema,0,8046
"(1005.5714285714286, 263.8095238095238)",Prevotella,0,8047
"(1004.6271186440678, 903.2203389830509)",Prevotella,0,8050
"(1005.1904761904761, 1357.873015873016)",Campylobacter,0,8052
"(1006.5588235294117, 1467.235294117647)",Treponema,0,8054
"(1007.4117647058823, 1609.6941176470589)",Gemella,0,8055
"(1007.0370370370371, 1838.6888888888889)",Veillonella,0,8056
"(1004.3846153846154, 1952.5692307692307)",Veillonella,0,8057
"(1004.6274509803922, 1980.4705882352941)",Fusobacterium,0,8058
"(1007.3875968992248, 660.6666666666666)",Lautropia,0,8062
"(1011.3272727272728, 803.8727272727273)",Actinomyces,0,8063
"(1009.9569892473119, 628.9247311827957)",Gemella,0,8067
"(1007.0153846153846, 786.5846153846154)",TM7,0,8069
"(1011.0485436893204, 1026.6504854368932)",Prevotella,0,8070
"(1011.6020408163265, 1180.5408163265306)",TM7,0,8071
"(1006.820895522388, 1632.9253731343283)",Veillonella,0,8076
"(1006.1454545454545, 1758.418181818182)",Prevotella,0,8077
"(1010.3368421052631, 1880.6421052631579)",Fusobacterium,0,8079
"(1008.8035714285714, 6.375)",Gemella,0,8080
"(1007.6545454545454, 308.41818181818184)",Gemella,0,8084
"(1007.2115384615385, 463.8269230769231)",Gemella,0,8088
"(1008.6545454545454, 1053.709090909091)",TM7,0,8090
"(1009.15, 1678.6875)",Gemella,0,8094
"(1007.6071428571429, 1697.0)",Lautropia,0,8095
"(1007.3728813559322, 1932.5593220338983)",Fusobacterium,0,8096
"(1010.3444444444444, 1994.1555555555556)",Leptotrichia,0,8097
"(1008.3384615384615, 72.43076923076923)",Treponema,0,8098
"(1012.4661016949152, 118.84745762711864)",Campylobacter,0,8099
"(1011.231884057971, 237.6231884057971)",Neisseriaceae,0,8100
"(1010.2295081967213, 250.98360655737704)",Lautropia,0,8101
"(1015.2671755725191, 517.6870229007634)",Streptococcus,0,8103
"(1008.1176470588235, 873.5686274509804)",Fusobacterium,0,8105
"(1009.0350877192982, 937.6140350877193)",Gemella,0,8106
"(1009.0847457627119, 1199.2372881355932)",Campylobacter,0,8109
"(1009.9423076923077, 1910.3653846153845)",Lautropia,0,8111
"(1009.9625, 54.55)",Rothia,0,8112
"(1010.9444444444445, 85.70370370370371)",Veillonella,0,8113
"(1009.3728813559322, 135.89830508474577)",Gemella,0,8114
"(1010.4831460674158, 150.61797752808988)",Gemella,0,8115
"(1011.0422535211268, 677.1971830985915)",TM7,0,8116
"(1014.5546218487395, 896.2016806722689)",Rothia,0,8117
"(1011.0615384615385, 1510.4769230769232)",Veillonella,0,8120
"(1010.4144144144144, 1565.855855855856)",Pasteurellaceae,0,8121
"(1009.6785714285714, 1586.0357142857142)",Fusobacterium,0,8122
"(1011.4819277108434, 480.2168674698795)",Streptococcus,0,8127
"(1012.7380952380952, 645.1904761904761)",TM7,0,8129
"(1011.1666666666666, 738.1060606060606)",Lautropia,0,8130
"(1011.125, 968.5892857142857)",Rothia,0,8131
"(1011.8524590163935, 1392.2459016393443)",Gemella,0,8132
"(1015.4183673469388, 1451.908163265306)",Actinomyces,0,8133
"(1012.7183098591549, 1864.5633802816901)",Veillonella,0,8135
"(1017.4845360824743, 704.8453608247422)",Fusobacterium,0,8137
"(1012.0192307692307, 859.2115384615385)",Fusobacterium,0,8138
"(1012.0, 984.0)",TM7,0,8139
"(1015.536231884058, 1072.6521739130435)",TM7,0,8140
"(1011.0410958904109, 1112.2876712328766)",Capnocytophaga,0,8141
"(1011.2142857142857, 1167.607142857143)",Lautropia,0,8142
"(1014.1666666666666, 1442.7777777777778)",Treponema,0,8143
"(1014.6818181818181, 1127.030303030303)",Fusobacterium,0,8147
"(1013.8703703703703, 1847.9259259259259)",TM7,0,8150
"(1017.4329896907217, 1959.9896907216496)",Gemella,0,8151
"(1015.2, 225.96666666666667)",Fusobacterium,0,8153
"(1015.8988764044943, 388.70786516853934)",Treponema,0,8154
"(1014.39, 402.49)",Actinomyces,0,8155
"(1014.2, 502.9)",Selenomonas,0,8156
"(1014.4494382022472, 1324.6404494382023)",Lautropia,0,8159
"(1016.625, 1552.7142857142858)",Prevotella,0,8160
"(1014.7924528301887, 1666.1698113207547)",Porphyromonas,0,8161
"(1015.0869565217391, 434.7717391304348)",Actinomyces,0,8165
"(1016.5070422535211, 489.63380281690144)",Gemella,0,8167
"(1015.6344086021505, 568.6774193548387)",TM7,0,8169
"(1017.1756756756756, 582.6216216216217)",Pasteurellaceae,0,8170
"(1016.5588235294117, 610.2205882352941)",Fusobacterium,0,8171
"(1015.7966101694915, 816.0508474576271)",Prevotella,0,8173
"(1017.1978021978022, 916.6813186813187)",Fusobacterium,0,8174
"(1017.5591397849462, 1010.483870967742)",Prevotella,0,8175
"(1016.8428571428572, 1145.0285714285715)",Pasteurellaceae,0,8176
"(1019.1682242990654, 1343.1869158878505)",Treponema,0,8177
"(1015.3728813559322, 1369.135593220339)",Veillonella,0,8178
"(1015.3518518518518, 1750.351851851852)",Veillonella,0,8181
"(1015.6260162601626, 1787.8455284552845)",Gemella,0,8182
"(1017.0537634408602, 1972.236559139785)",Prevotella,0,8183
"(1015.2363636363636, 39.45454545454545)",Fusobacterium,0,8184
"(1015.6901408450705, 331.22535211267603)",Leptotrichia,0,8186
"(1015.6065573770492, 997.2131147540983)",Prevotella,0,8189
"(1018.2077922077922, 1530.857142857143)",Fusobacterium,0,8193
"(1017.0566037735849, 1690.811320754717)",Actinomyces,0,8195
"(1017.5408163265306, 1704.8775510204082)",Campylobacter,0,8196
"(1017.5675675675676, 1766.7702702702702)",TM7,0,8197
"(1016.1129032258065, 1892.4193548387098)",Gemella,0,8198
"(1024.6978417266187, 319.021582733813)",Capnocytophaga,0,8199
"(1018.1666666666666, 472.0740740740741)",Lautropia,0,8201
"(1021.5050505050505, 883.6868686868687)",Capnocytophaga,0,8203
"(1018.9264705882352, 1085.4558823529412)",Lautropia,0,8204
"(1017.96875, 1157.40625)",Gemella,0,8205
"(1017.3974358974359, 1267.9871794871794)",Lautropia,0,8206
"(1016.768115942029, 1304.7101449275362)",Treponema,0,8208
"(1017.493670886076, 1485.5189873417721)",Fusobacterium,0,8209
"(1021.1875, 1543.275)",Campylobacter,0,8210
"(1018.6206896551724, 1826.3275862068965)",Neisseriaceae,0,8212
"(1016.719512195122, 1943.5853658536585)",Lautropia,0,8213
"(1017.6666666666666, 18.96825396825397)",Fusobacterium,0,8214
"(1018.8235294117648, 173.94117647058823)",Treponema,0,8217
"(1019.1923076923077, 187.19230769230768)",Actinomyces,0,8218
"(1019.1964285714286, 302.35714285714283)",Prevotella,0,8220
"(1019.1081081081081, 1058.2027027027027)",Prevotella,0,8224
"(1018.4814814814815, 1208.111111111111)",Actinomyces,0,8225
"(1017.3, 1221.4333333333334)",Lautropia,0,8226
"(1020.4651162790698, 1651.6627906976744)",Neisseriaceae,0,8227
"(1020.6969696969697, 5.454545454545454)",Fusobacterium,0,8228
"(1017.4, 200.84)",TM7,0,8230
"(1018.6716417910447, 421.7910447761194)",Gemella,0,8231
"(1018.561403508772, 595.2280701754386)",Lautropia,0,8232
"(1023.0978260869565, 792.6847826086956)",Prevotella,0,8233
"(1022.1282051282051, 1287.8333333333333)",Streptococcus,0,8235
"(1023.4791666666666, 1359.09375)",Treponema,0,8236
"(1019.1034482758621, 1582.1896551724137)",Gemella,0,8240
"(1020.0588235294117, 1903.6274509803923)",Prevotella,0,8241
"(1019.9344262295082, 763.5573770491803)",Lautropia,0,8243
"(1021.8421052631579, 839.5894736842105)",Gemella,0,8244
"(1022.3153153153153, 1102.4774774774776)",Prevotella,0,8247
"(1025.5555555555557, 1188.3333333333333)",TM7,0,8248
"(1026.2954545454545, 1380.9318181818182)",Lautropia,0,8250
"(1023.5316455696203, 1413.6708860759493)",Lautropia,0,8251
"(1020.074074074074, 1638.7222222222222)",Lautropia,0,8252
"(1021.4285714285714, 933.3035714285714)",Rothia,0,8256
"(1024.2526315789473, 1468.1157894736841)",Treponema,0,8258
"(1022.8913043478261, 1614.9782608695652)",Neisseriaceae,0,8260
"(1024.637037037037, 277.4962962962963)",Lautropia,0,8262
"(1023.4411764705883, 348.84558823529414)",Lautropia,0,8263
"(1020.6666666666666, 1724.5)",Rothia,0,8268
"(1023.2659574468086, 1931.5531914893618)",Prevotella,0,8270
"(1022.5294117647059, 139.19117647058823)",Leptotrichia,0,8271
"(1026.0067567567567, 212.9527027027027)",Fusobacterium,0,8272
"(1024.3728813559321, 908.1694915254237)",Prevotella,0,8275
"(1024.8243243243244, 1022.4864864864865)",Prevotella,0,8276
"(1022.7258064516129, 1037.9193548387098)",Prevotella,0,8277
"(1028.2222222222222, 1172.2828282828282)",Streptococcus,0,8278
"(1023.4470588235295, 1809.5764705882352)",Selenomonas,0,8280
"(1023.8481012658228, 60.63291139240506)",Gemella,0,8284
"(1025.0581395348838, 108.5)",TM7,0,8285
"(1025.241935483871, 259.6774193548387)",Veillonella,0,8287
"(1025.4782608695652, 682.4347826086956)",TM7,0,8289
"(1024.9054054054054, 734.3243243243244)",Prevotella,0,8290
"(1024.0338983050847, 776.7457627118644)",Gemella,0,8291
"(1024.9827586206898, 379.13793103448273)",Lautropia,0,8295
"(1025.5762711864406, 445.08474576271186)",TM7,0,8296
"(1028.7454545454545, 502.1181818181818)",Actinomyces,0,8297
"(1024.032258064516, 748.516129032258)",Veillonella,0,8298
"(1027.9464285714287, 987.3928571428571)",Gemella,0,8299
"(1028.9651162790697, 1732.1046511627908)",Gemella,0,8302
"(1024.984375, 32.296875)",Gemella,0,8305
"(1028.5714285714287, 563.8095238095239)",Lautropia,0,8309
"(1026.1147540983607, 673.1639344262295)",TM7,0,8310
"(1026.3333333333333, 719.530303030303)",Actinomyces,0,8311
"(1028.775, 1253.7)",Treponema,0,8313
"(1025.6923076923076, 1328.6153846153845)",Neisseriaceae,0,8314
"(1027.212765957447, 1398.5531914893618)",Gemella,0,8315
"(1028.5869565217392, 1691.4130434782608)",Gemella,0,8316
"(1026.8051948051948, 1851.4415584415585)",Fusobacterium,0,8318
"(1029.8854166666667, 49.5)",Veillonella,0,8319
"(1026.7945205479452, 233.95890410958904)",Capnocytophaga,0,8322
"(1028.972972972973, 403.9549549549549)",Treponema,0,8323
"(1030.9368421052632, 971.2315789473685)",Prevotella,0,8326
"(1029.246153846154, 1911.4615384615386)",Fusobacterium,0,8332
"(1027.8461538461538, 86.51923076923077)",Campylobacter,0,8334
"(1027.7636363636364, 297.3272727272727)",TM7,0,8335
"(1028.3396226415093, 1274.7735849056603)",TM7,0,8338
"(1028.3854166666667, 1749.4583333333333)",TM7,0,8342
"(1028.3725490196077, 72.47058823529412)",Gemella,0,8343
"(1029.468085106383, 527.2234042553191)",Lautropia,0,8345
"(1031.4639175257732, 801.6907216494845)",Prevotella,0,8346
"(1030.6176470588234, 1059.8088235294117)",Lautropia,0,8348
"(1029.3181818181818, 1133.8030303030303)",Lautropia,0,8349
"(1030.2162162162163, 1204.7162162162163)",Lautropia,0,8350
"(1029.9545454545455, 1499.7272727272727)",TM7,0,8351
"(1028.7058823529412, 1574.0392156862745)",Neisseriaceae,0,8353
"(1030.3068181818182, 1628.2045454545455)",Campylobacter,0,8354
"(1029.08, 1718.4)",Veillonella,0,8355
"(1027.767857142857, 1788.3392857142858)",Rothia,0,8356
"(1030.047619047619, 1868.4952380952382)",Veillonella,0,8357
"(1029.877192982456, 1886.157894736842)",Leptotrichia,0,8358
"(1031.4307692307693, 7.2)",TM7,0,8360
"(1030.123076923077, 166.6)",Gemella,0,8362
"(1031.6969696969697, 333.25757575757575)",Rothia,0,8364
"(1036.0, 598.6821705426356)",TM7,0,8366
"(1032.5227272727273, 639.1931818181819)",Gemella,0,8367
"(1030.1964285714287, 694.9464285714286)",Treponema,0,8368
"(1030.235294117647, 817.6274509803922)",Lautropia,0,8369
"(1032.4285714285713, 855.7738095238095)",Fusobacterium,0,8370
"(1036.284946236559, 1159.0698924731182)",Streptococcus,0,8374
"(1029.6851851851852, 1606.2777777777778)",Gemella,0,8375
"(1034.4756097560976, 1646.7073170731708)",Campylobacter,0,8376
"(1031.3148148148148, 583.675925925926)",Gemella,0,8379
"(1030.557142857143, 615.9428571428572)",Actinomyces,0,8380
"(1034.258426966292, 998.4943820224719)",TM7,0,8381
"(1037.5284552845528, 1323.821138211382)",Treponema,0,8382
"(1033.6119402985075, 1434.8955223880596)",Fusobacterium,0,8383
"(1033.9888888888888, 1662.4222222222222)",Actinomyces,0,8385
"(1031.1774193548388, 1834.225806451613)",Veillonella,0,8386
"(1032.6527777777778, 1946.8333333333333)",Campylobacter,0,8387
"(1033.952380952381, 486.42857142857144)",Fusobacterium,0,8389
"(1036.9022556390978, 661.1353383458646)",Prevotella,0,8390
"(1035.0819672131147, 905.5409836065573)",Rothia,0,8391
"(1031.784946236559, 927.1935483870968)",Veillonella,0,8392
"(1031.64, 948.48)",Prevotella,0,8393
"(1033.4012738853503, 1044.1847133757963)",TM7,0,8394
"(1033.5068493150684, 1342.3972602739725)",Veillonella,0,8395
"(1033.2567567567567, 1527.1351351351352)",Lautropia,0,8397
"(1031.859649122807, 1765.561403508772)",Leptotrichia,0,8399
"(1032.54, 187.02)",Lautropia,0,8401
"(1033.3559322033898, 413.79661016949154)",Pasteurellaceae,0,8402
"(1034.2542372881355, 511.76271186440675)",Treponema,0,8403
"(1035.4204545454545, 1512.6136363636363)",Pasteurellaceae,0,8405
"(1033.164383561644, 1896.6575342465753)",Leptotrichia,0,8406
"(1034.1857142857143, 120.55714285714286)",Actinomyces,0,8408
"(1033.85, 247.86666666666667)",Veillonella,0,8410
"(1034.7115384615386, 366.3269230769231)",Fusobacterium,0,8411
"(1035.3103448275863, 829.3793103448276)",TM7,0,8412
"(1037.3424657534247, 1226.8082191780823)",TM7,0,8413
"(1038.0222222222221, 1476.4333333333334)",Fusobacterium,0,8415
"(1034.4107142857142, 1487.7142857142858)",Lautropia,0,8416
"(1033.9444444444443, 753.3148148148148)",Rothia,0,8420
"(1036.1625, 873.9125)",Lautropia,0,8421
"(1035.0, 891.0735294117648)",Fusobacterium,0,8422
"(1036.027027027027, 1107.7387387387387)",Gemella,0,8423
"(1036.718309859155, 1215.9859154929577)",Veillonella,0,8424
"(1035.592105263158, 1820.7894736842106)",Gemella,0,8427
"(1038.7317073170732, 1993.1463414634147)",Veillonella,0,8428
"(1038.24, 143.93333333333334)",Streptococcus,0,8429
"(1037.0555555555557, 262.27777777777777)",Fusobacterium,0,8430
"(1039.7559523809523, 464.9583333333333)",Treponema,0,8431
"(1038.5416666666667, 1014.1388888888889)",Gemella,0,8433
"(1040.6724137931035, 1123.1724137931035)",Lautropia,0,8434
"(1035.4625, 1308.1125)",Treponema,0,8437
"(1036.137254901961, 1367.6666666666667)",Lautropia,0,8438
"(1039.7818181818182, 1543.0)",Veillonella,0,8439
"(1036.4945054945056, 1587.10989010989)",Fusobacterium,0,8440
"(1034.357142857143, 1678.0357142857142)",TM7,0,8441
"(1039.8529411764705, 158.7156862745098)",TM7,0,8444
"(1042.8809523809523, 294.6190476190476)",Lautropia,0,8445
"(1038.787234042553, 310.93617021276594)",Capnocytophaga,0,8446
"(1036.8870967741937, 355.56451612903226)",Lautropia,0,8447
"(1036.313725490196, 708.9411764705883)",Veillonella,0,8450
"(1036.881188118812, 778.4257425742575)",Treponema,0,8451
"(1038.0384615384614, 1354.1346153846155)",TM7,0,8453
"(1042.9767441860465, 1634.5)",Neisseriaceae,0,8454
"(1038.096551724138, 1930.3655172413794)",Selenomonas,0,8455
"(1037.7076923076922, 95.46153846153847)",Fusobacterium,0,8457
"(1041.2153846153847, 282.9076923076923)",Treponema,0,8458
"(1038.52, 550.64)",Fusobacterium,0,8459
"(1037.6666666666667, 724.9333333333333)",Rothia,0,8460
"(1037.736111111111, 738.625)",Fusobacterium,0,8461
"(1038.835294117647, 1240.2)",Gemella,0,8462
"(1037.7105263157894, 1408.1842105263158)",Gemella,0,8463
"(1041.032258064516, 1451.741935483871)",Gemella,0,8464
"(1039.6521739130435, 1969.7971014492753)",Treponema,0,8465
"(1040.5636363636363, 336.07272727272726)",Gemella,0,8468
"(1042.6986301369864, 348.3424657534247)",Treponema,0,8469
"(1041.5384615384614, 574.5538461538462)",Actinomyces,0,8471
"(1039.3636363636363, 679.709090909091)",TM7,0,8473
"(1040.4736842105262, 693.6842105263158)",Fusobacterium,0,8474
"(1039.1176470588234, 1390.5686274509803)",Lautropia,0,8477
"(1039.4133333333334, 1566.2133333333334)",Gemella,0,8478
"(1038.7564102564102, 1779.2307692307693)",Gemella,0,8479
"(1042.357142857143, 5.071428571428571)",TM7,0,8480
"(1040.8253968253969, 813.3492063492064)",Prevotella,0,8482
"(1041.4, 1279.3333333333333)",Lautropia,0,8485
"(1043.949494949495, 46.16161616161616)",Rothia,0,8486
"(1041.2, 192.5)",TM7,0,8487
"(1041.7368421052631, 218.05263157894737)",Fusobacterium,0,8488
"(1040.0740740740741, 434.18518518518516)",Lautropia,0,8489
"(1040.9333333333334, 977.3166666666667)",Fusobacterium,0,8493
"(1041.0461538461539, 1462.2)",Treponema,0,8495
"(1041.3898305084747, 1613.322033898305)",Veillonella,0,8496
"(1042.0961538461538, 1854.326923076923)",Rothia,0,8497
"(1041.64, 1909.32)",Veillonella,0,8499
"(1041.6666666666667, 204.24074074074073)",Fusobacterium,0,8500
"(1044.686567164179, 606.8805970149253)",Veillonella,0,8501
"(1042.140350877193, 621.7719298245614)",Fusobacterium,0,8502
"(1047.851851851852, 1034.6944444444443)",Gemella,0,8503
"(1046.3076923076924, 1139.3461538461538)",Leptotrichia,0,8504
"(1043.344262295082, 1178.9016393442623)",Treponema,0,8505
"(1042.4716981132076, 1694.132075471698)",Gemella,0,8506
"(1042.6626506024097, 1718.012048192771)",Lautropia,0,8507
"(1043.2763157894738, 1736.4342105263158)",Capnocytophaga,0,8508
"(1044.7802197802198, 1080.5054945054944)",Gemella,0,8512
"(1043.442857142857, 1681.9285714285713)",Rothia,0,8513
"(1046.9195402298851, 1768.8505747126437)",Treponema,0,8514
"(1043.873015873016, 1837.4285714285713)",Veillonella,0,8515
"(1044.0675675675675, 176.67567567567568)",TM7,0,8518
"(1045.8314606741574, 239.8988764044944)",Rothia,0,8519
"(1048.6694915254238, 372.6525423728813)",TM7,0,8520
"(1049.6791044776119, 501.26119402985074)",Lautropia,0,8521
"(1042.9444444444443, 531.3555555555556)",Neisseriaceae,0,8522
"(1043.6842105263158, 862.7368421052631)",Gemella,0,8523
"(1047.5567010309278, 1311.7628865979382)",Gemella,0,8524
"(1044.2028985507247, 1600.144927536232)",Rothia,0,8525
"(1047.0, 1749.4444444444443)",Gemella,0,8526
"(1044.948275862069, 1806.4655172413793)",Campylobacter,0,8527
"(1045.013698630137, 1955.123287671233)",TM7,0,8528
"(1047.6666666666667, 62.18518518518518)",Treponema,0,8529
"(1049.0467289719627, 767.2242990654206)",TM7,0,8533
"(1044.96, 846.74)",Treponema,0,8534
"(1044.0677966101696, 921.8813559322034)",Veillonella,0,8535
"(1044.1142857142856, 1201.8714285714286)",Fusobacterium,0,8537
"(1045.0545454545454, 1249.6363636363637)",Selenomonas,0,8538
"(1049.3855421686746, 1262.879518072289)",TM7,0,8539
"(1044.02, 1427.12)",Treponema,0,8540
"(1045.3484848484848, 1503.878787878788)",Gemella,0,8542
"(1045.2156862745098, 1534.6470588235295)",Veillonella,0,8543
"(1048.3068181818182, 1578.6477272727273)",Campylobacter,0,8544
"(1046.109589041096, 1882.6438356164383)",Treponema,0,8546
"(1050.7974683544303, 550.8987341772151)",Porphyromonas,0,8547
"(1049.579365079365, 965.1984126984127)",TM7,0,8550
"(1045.0181818181818, 989.1090909090909)",Lautropia,0,8551
"(1046.8333333333333, 1378.4615384615386)",Fusobacterium,0,8552
"(1050.2616822429907, 1896.8411214953271)",Fusobacterium,0,8553
"(1048.5925925925926, 26.89814814814815)",Rothia,0,8554
"(1050.0375, 403.9125)",Treponema,0,8555
"(1049.1298701298701, 513.4025974025974)",Fusobacterium,0,8557
"(1049.9381443298969, 584.7422680412371)",TM7,0,8558
"(1049.495145631068, 714.4660194174758)",TM7,0,8560
"(1047.5844155844156, 889.1558441558442)",Pasteurellaceae,0,8561
"(1049.778947368421, 932.8210526315789)",Veillonella,0,8562
"(1047.968253968254, 1335.857142857143)",Treponema,0,8565
"(1050.2093023255813, 1622.546511627907)",Neisseriaceae,0,8566
"(1048.0333333333333, 1703.1)",Campylobacter,0,8567
"(1048.1754385964912, 75.6842105263158)",Fusobacterium,0,8568
"(1047.7260273972602, 257.35616438356163)",Lautropia,0,8569
"(1048.327868852459, 388.5245901639344)",Rothia,0,8571
"(1051.5254237288136, 414.79661016949154)",TM7,0,8572
"(1051.6517857142858, 1491.169642857143)",Prevotella,0,8579
"(1051.6266666666668, 1650.0333333333333)",Neisseriaceae,0,8580
"(1052.61, 1668.99)",Gemella,0,8581
"(1050.375, 1825.7142857142858)",Campylobacter,0,8583
"(1048.7820512820513, 92.76923076923077)",Prevotella,0,8585
"(1050.658536585366, 118.91463414634147)",Rothia,0,8587
"(1049.6582278481012, 563.7088607594936)",Veillonella,0,8590
"(1047.9807692307693, 756.0)",Rothia,0,8591
"(1049.659090909091, 798.125)",Lautropia,0,8592
"(1050.5786163522012, 1056.2012578616352)",Lautropia,0,8593
"(1051.274193548387, 1991.774193548387)",Fusobacterium,0,8598
"(1054.2555555555555, 535.6666666666666)",Gemella,0,8599
"(1050.8358208955224, 739.8805970149253)",Prevotella,0,8602
"(1049.5666666666666, 782.3666666666667)",Treponema,0,8603
"(1052.2268041237114, 1096.5773195876288)",Treponema,0,8604
"(1051.5762711864406, 1152.3559322033898)",Gemella,0,8605
"(1049.581818181818, 1160.5636363636363)",Lautropia,0,8606
"(1051.1666666666667, 1410.8939393939395)",Gemella,0,8608
"(1048.9295774647887, 1520.9859154929577)",Prevotella,0,8609
"(1054.6642335766423, 1934.3795620437957)",TM7,0,8610
"(1051.8636363636363, 313.3030303030303)",Gemella,0,8613
"(1051.1792452830189, 1007.2358490566038)",Lautropia,0,8616
"(1053.7328244274809, 1116.145038167939)",Fusobacterium,0,8617
"(1051.84375, 1280.171875)",Rothia,0,8618
"(1051.4716981132076, 1477.0754716981132)",Lautropia,0,8619
"(1052.90625, 1782.46875)",Gemella,0,8621
"(1053.4888888888888, 457.8222222222222)",Veillonella,0,8624
"(1052.698113207547, 948.8867924528302)",Treponema,0,8627
"(1051.144578313253, 1213.433734939759)",Lautropia,0,8628
"(1051.327868852459, 1233.4590163934427)",Streptococcus,0,8629
"(1052.3333333333333, 1463.111111111111)",Rothia,0,8630
"(1054.5760869565217, 1554.804347826087)",Actinomyces,0,8631
"(1052.0, 1913.3636363636363)",Fusobacterium,0,8632
"(1055.0121951219512, 6.975609756097561)",Lautropia,0,8633
"(1052.929203539823, 822.8318584070796)",Actinomyces,0,8634
"(1054.02, 1067.76)",Leptotrichia,0,8635
"(1059.948275862069, 1592.0172413793102)",Streptococcus,0,8636
"(1058.9, 246.84285714285716)",Rothia,0,8639
"(1054.2988505747126, 425.9310344827586)",Actinomyces,0,8641
"(1054.1911764705883, 439.25)",Leptotrichia,0,8642
"(1054.7333333333333, 633.7866666666666)",Gemella,0,8643
"(1054.8, 1356.6)",Leptotrichia,0,8644
"(1055.4794520547946, 1793.4931506849316)",Treponema,0,8648
"(1055.2121212121212, 1864.0151515151515)",Rothia,0,8649
"(1060.8870967741937, 612.733870967742)",Fusobacterium,0,8652
"(1058.1052631578948, 874.3684210526316)",Rothia,0,8655
"(1057.5363636363636, 1183.3727272727272)",Treponema,0,8656
"(1055.0172413793102, 1450.4310344827586)",TM7,0,8658
"(1059.179487179487, 1760.871794871795)",Gemella,0,8659
"(1057.5555555555557, 42.82051282051282)",Lautropia,0,8662
"(1056.1206896551723, 977.1206896551724)",TM7,0,8664
"(1056.9887640449438, 1504.9101123595506)",Gemella,0,8667
"(1058.0, 127.12307692307692)",Gemella,0,8669
"(1057.2162162162163, 162.83783783783784)",Capnocytophaga,0,8670
"(1056.9848484848485, 482.54545454545456)",TM7,0,8671
"(1058.2567567567567, 595.3243243243244)",Lautropia,0,8672
"(1061.5315315315315, 649.0540540540541)",Actinomyces,0,8673
"(1057.85, 846.0)",Leptotrichia,0,8674
"(1058.4351851851852, 1438.601851851852)",Lautropia,0,8676
"(1057.0, 1570.1475409836066)",Fusobacterium,0,8678
"(1057.6607142857142, 1962.6607142857142)",Rothia,0,8681
"(1059.171875, 186.671875)",Rothia,0,8683
"(1058.7922077922078, 201.06493506493507)",Gemella,0,8684
"(1060.3636363636363, 352.39669421487605)",Treponema,0,8685
"(1061.4466019417475, 694.1067961165048)",Prevotella,0,8686
"(1059.050847457627, 1221.0677966101696)",Treponema,0,8688
"(1059.6478873239437, 1326.0140845070423)",Treponema,0,8689
"(1059.3030303030303, 1525.560606060606)",TM7,0,8691
"(1059.6415094339623, 282.33962264150944)",Rothia,0,8693
"(1059.063492063492, 682.047619047619)",Leptotrichia,0,8694
"(1061.064935064935, 900.1428571428571)",Leptotrichia,0,8696
"(1060.0461538461539, 1080.123076923077)",Rothia,0,8697
"(1061.8202247191011, 1478.685393258427)",Streptococcus,0,8699
"(1059.3454545454545, 1700.2181818181818)",Fusobacterium,0,8700
"(1060.1052631578948, 1983.5087719298247)",Veillonella,0,8704
"(1060.8088235294117, 306.2647058823529)",Prevotella,0,8705
"(1058.7833333333333, 752.5166666666667)",Leptotrichia,0,8707
"(1059.64, 1031.38)",Lautropia,0,8709
"(1059.3055555555557, 1249.2083333333333)",Rothia,0,8711
"(1065.1491228070176, 1310.122807017544)",Neisseriaceae,0,8712
"(1059.4745762711864, 1344.2711864406779)",Gemella,0,8713
"(1061.388888888889, 1364.0740740740741)",Lautropia,0,8714
"(1060.219512195122, 1634.1707317073171)",Actinomyces,0,8716
"(1062.6489361702127, 1890.7021276595744)",Gemella,0,8718
"(1062.821052631579, 77.47368421052632)",Rothia,0,8720
"(1062.4074074074074, 322.1111111111111)",Veillonella,0,8722
"(1060.2588235294118, 388.16470588235296)",TM7,0,8723
"(1065.6162790697674, 456.4186046511628)",Treponema,0,8724
"(1061.1272727272728, 1415.8)",TM7,0,8727
"(1061.2222222222222, 1771.888888888889)",Gemella,0,8728
"(1061.2264150943397, 1854.8301886792453)",Prevotella,0,8729
"(1066.1909090909091, 93.7090909090909)",Gemella,0,8730
"(1063.1272727272728, 294.94545454545454)",Prevotella,0,8732
"(1062.448275862069, 623.4137931034483)",Lautropia,0,8735
"(1062.323076923077, 732.9076923076923)",Treponema,0,8736
"(1062.280701754386, 886.2456140350877)",Veillonella,0,8737
"(1063.0430107526881, 964.8387096774194)",TM7,0,8739
"(1061.474358974359, 1132.5641025641025)",Leptotrichia,0,8740
"(1062.936507936508, 1236.2380952380952)",Lautropia,0,8741
"(1064.3676470588234, 1374.0735294117646)",Gemella,0,8742
"(1063.3975903614457, 144.86746987951807)",Lautropia,0,8747
"(1066.8850574712644, 513.6206896551724)",Lautropia,0,8748
"(1064.4615384615386, 543.5384615384615)",Porphyromonas,0,8749
"(1065.7058823529412, 574.7794117647059)",Capnocytophaga,0,8750
"(1062.18, 785.84)",Prevotella,0,8752
"(1062.6829268292684, 998.1463414634146)",Lautropia,0,8754
"(1061.9324324324325, 1015.6351351351351)",Veillonella,0,8755
"(1062.9066666666668, 1609.1866666666667)",TM7,0,8756
"(1064.3333333333333, 1918.8840579710145)",Rothia,0,8758
"(1063.6455696202531, 226.40506329113924)",Rothia,0,8759
"(1063.3333333333333, 262.9047619047619)",Lautropia,0,8760
"(1064.1525423728813, 561.4067796610169)",Rothia,0,8762
"(1065.1166666666666, 833.8833333333333)",TM7,0,8764
"(1070.2954545454545, 1099.5545454545454)",Leptotrichia,0,8765
"(1064.1969696969697, 1148.0)",Actinomyces,0,8766
"(1065.84375, 1387.15625)",TM7,0,8767
"(1066.1917808219177, 1656.7671232876712)",Gemella,0,8769
"(1064.9708737864078, 1746.0388349514562)",Treponema,0,8770
"(1071.654867256637, 5.389380530973451)",Treponema,0,8771
"(1064.6603773584907, 371.9811320754717)",Selenomonas,0,8772
"(1067.5, 411.2236842105263)",Treponema,0,8773
"(1065.1014492753623, 813.1449275362319)",Gemella,0,8776
"(1067.2626262626263, 1166.3939393939395)",Gemella,0,8778
"(1066.2328767123288, 1202.5479452054794)",TM7,0,8779
"(1065.7, 1297.8333333333333)",Lautropia,0,8780
"(1065.4032258064517, 1456.4516129032259)",Treponema,0,8781
"(1064.4259259259259, 1545.2592592592594)",Fusobacterium,0,8782
"(1068.357142857143, 1672.1224489795918)",Gemella,0,8783
"(1063.98, 1843.32)",Capnocytophaga,0,8785
"(1067.4558823529412, 329.88235294117646)",Gemella,0,8788
"(1065.0188679245282, 472.64150943396226)",TM7,0,8790
"(1065.6909090909091, 1053.5636363636363)",Lautropia,0,8795
"(1068.5412844036698, 1068.605504587156)",Prevotella,0,8796
"(1065.9195402298851, 1282.183908045977)",Gemella,0,8797
"(1066.377049180328, 601.7377049180328)",Fusobacterium,0,8800
"(1067.6176470588234, 671.0)",Lautropia,0,8801
"(1066.313725490196, 1426.1764705882354)",TM7,0,8805
"(1067.0, 1578.2)",Gemella,0,8807
"(1069.1860465116279, 1972.3023255813953)",Pasteurellaceae,0,8810
"(1069.2868852459017, 493.76229508196724)",Treponema,0,8812
"(1071.5098039215686, 724.0)",TM7,0,8813
"(1069.157894736842, 798.421052631579)",Prevotella,0,8814
"(1069.7669902912621, 1037.9514563106795)",Lautropia,0,8815
"(1068.081081081081, 1264.0405405405406)",Streptococcus,0,8816
"(1068.7605633802816, 1730.0)",Gemella,0,8819
"(1066.948275862069, 1818.948275862069)",Lautropia,0,8820
"(1072.5631067961165, 1993.9126213592233)",TM7,0,8821
"(1068.2941176470588, 273.97058823529414)",Lautropia,0,8822
"(1071.3222222222223, 359.1666666666667)",Lautropia,0,8823
"(1069.3157894736842, 745.2368421052631)",Treponema,0,8824
"(1068.081081081081, 911.8918918918919)",TM7,0,8825
"(1068.764705882353, 1521.2156862745098)",Lautropia,0,8826
"(1068.8035714285713, 1715.482142857143)",Lautropia,0,8827
"(1072.6304347826087, 34.68478260869565)",Campylobacter,0,8829
"(1072.969387755102, 177.9795918367347)",Gemella,0,8830
"(1069.1694915254238, 192.89830508474577)",Actinomyces,0,8831
"(1070.8813559322034, 217.01694915254237)",Treponema,0,8832
"(1072.8433734939758, 343.31325301204816)",TM7,0,8833
"(1071.0845070422536, 1633.4647887323943)",Actinomyces,0,8839
"(1072.6712328767123, 1647.2739726027398)",TM7,0,8840
"(1075.1616161616162, 1687.5151515151515)",Lautropia,0,8841
"(1072.090909090909, 108.45454545454545)",Treponema,0,8844
"(1070.3384615384616, 855.2923076923076)",Rothia,0,8847
"(1072.202380952381, 1536.9404761904761)",Prevotella,0,8849
"(1071.4787234042553, 1802.8617021276596)",Actinomyces,0,8851
"(1074.2826086956522, 1935.5869565217392)",Prevotella,0,8852
"(1072.5142857142857, 128.25714285714287)",Selenomonas,0,8853
"(1071.7846153846153, 875.2461538461539)",Lautropia,0,8857
"(1074.2613636363637, 889.7954545454545)",Campylobacter,0,8858
"(1070.7735849056603, 1000.2452830188679)",Lautropia,0,8859
"(1073.942528735632, 1018.8965517241379)",Prevotella,0,8860
"(1072.7857142857142, 1494.2571428571428)",Lautropia,0,8862
"(1074.9478260869564, 1703.2695652173913)",Lautropia,0,8863
"(1071.4054054054054, 1836.418918918919)",Gemella,0,8864
"(1077.0, 200.56521739130434)",Veillonella,0,8867
"(1074.4310344827586, 479.1896551724138)",Treponema,0,8869
"(1072.2, 1121.057142857143)",Prevotella,0,8874
"(1074.0694444444443, 1155.5277777777778)",Leptotrichia,0,8875
"(1073.6153846153845, 1322.2435897435898)",Lautropia,0,8877
"(1072.7230769230769, 1341.6615384615384)",TM7,0,8878
"(1074.1960784313726, 1436.686274509804)",Gemella,0,8879
"(1075.064935064935, 1482.4935064935064)",Treponema,0,8880
"(1076.0777777777778, 1762.9333333333334)",Campylobacter,0,8882
"(1075.6666666666667, 1899.6349206349207)",Gemella,0,8883
"(1074.54, 378.06)",TM7,0,8885
"(1077.2125, 438.9)",Fusobacterium,0,8886
"(1072.6851851851852, 766.6111111111111)",TM7,0,8889
"(1073.320512820513, 830.0897435897435)",Actinomyces,0,8890
"(1079.3865546218487, 926.1428571428571)",Leptotrichia,0,8891
"(1076.1574803149606, 1184.8110236220473)",Lautropia,0,8893
"(1074.225806451613, 1354.3870967741937)",Fusobacterium,0,8894
"(1074.5, 1554.7962962962963)",Lautropia,0,8895
"(1073.984126984127, 1601.4285714285713)",Lautropia,0,8896
"(1075.9642857142858, 63.07142857142857)",Selenomonas,0,8897
"(1074.137254901961, 316.3921568627451)",Selenomonas,0,8898
"(1077.051282051282, 631.6538461538462)",Lautropia,0,8900
"(1076.301886792453, 656.188679245283)",TM7,0,8901
"(1074.44, 785.02)",TM7,0,8902
"(1076.8939393939395, 820.0151515151515)",Gemella,0,8903
"(1076.987012987013, 1468.8311688311687)",Treponema,0,8905
"(1076.8548387096773, 1589.9193548387098)",Lautropia,0,8906
"(1075.0555555555557, 1774.3333333333333)",Veillonella,0,8907
"(1075.3, 1851.58)",Prevotella,0,8908
"(1078.107142857143, 87.76190476190476)",Lautropia,0,8909
"(1077.1466666666668, 261.73333333333335)",Prevotella,0,8910
"(1076.409090909091, 710.7121212121212)",Gemella,0,8911
"(1075.8235294117646, 959.2205882352941)",TM7,0,8913
"(1076.0526315789473, 1136.0263157894738)",Lautropia,0,8914
"(1076.6760563380283, 1366.5211267605634)",Gemella,0,8916
"(1077.1323529411766, 1875.1617647058824)",Capnocytophaga,0,8917
"(1079.225806451613, 140.03225806451613)",Fusobacterium,0,8918
"(1076.6542056074766, 290.8224299065421)",Fusobacterium,0,8919
"(1076.377358490566, 391.0)",Selenomonas,0,8920
"(1077.6923076923076, 861.6923076923077)",Capnocytophaga,0,8922
"(1076.5079365079366, 1234.6349206349207)",Streptococcus,0,8923
"(1077.0169491525423, 1393.8135593220338)",Prevotella,0,8924
"(1079.008547008547, 1418.8034188034187)",Pasteurellaceae,0,8925
"(1076.7413793103449, 1922.8793103448277)",Gemella,0,8927
"(1079.5473684210526, 1982.9894736842105)",Gemella,0,8928
"(1078.45, 503.3)",Neisseriaceae,0,8930
"(1078.857142857143, 1272.25)",Treponema,0,8934
"(1078.360655737705, 1625.032786885246)",Actinomyces,0,8937
"(1081.9625, 78.2375)",Fusobacterium,0,8939
"(1080.6567164179105, 164.46268656716418)",Lautropia,0,8940
"(1081.396551724138, 537.2586206896551)",Treponema,0,8942
"(1080.6538461538462, 578.6346153846154)",Lautropia,0,8943
"(1079.0821917808219, 600.1643835616438)",Rothia,0,8944
"(1080.6216216216217, 644.972972972973)",Fusobacterium,0,8945
"(1080.271028037383, 684.0747663551402)",Leptotrichia,0,8946
"(1078.2413793103449, 750.9655172413793)",Prevotella,0,8947
"(1080.723404255319, 1246.1702127659576)",TM7,0,8951
"(1079.826923076923, 1717.3076923076924)",Rothia,0,8953
"(1079.741573033708, 1746.5842696629213)",Prevotella,0,8954
"(1078.6666666666667, 1958.072463768116)",Veillonella,0,8958
"(1081.4285714285713, 405.32142857142856)",Lautropia,0,8959
"(1079.7358490566037, 452.60377358490564)",Lautropia,0,8960
"(1080.0806451612902, 469.16129032258067)",Neisseriaceae,0,8961
"(1080.9673913043478, 1083.4565217391305)",Pasteurellaceae,0,8963
"(1079.72, 1258.18)",Gemella,0,8964
"(1080.1166666666666, 1282.5666666666666)",Gemella,0,8965
"(1082.4032258064517, 1515.6451612903227)",TM7,0,8966
"(1081.0483870967741, 1729.2903225806451)",Veillonella,0,8967
"(1080.3962264150944, 1811.0)",Rothia,0,8968
"(1082.6666666666667, 1828.2083333333333)",Fusobacterium,0,8969
"(1080.0, 123.98039215686275)",Rothia,0,8970
"(1081.9811320754718, 211.64150943396226)",Treponema,0,8971
"(1080.6901408450703, 422.2957746478873)",Rothia,0,8972
"(1083.247191011236, 621.561797752809)",Lautropia,0,8973
"(1080.8805970149253, 1524.7313432835822)",Actinomyces,0,8977
"(1080.6666666666667, 1576.7592592592594)",TM7,0,8978
"(1082.2181818181818, 1911.4727272727273)",Pasteurellaceae,0,8979
"(1081.7014925373135, 235.34328358208955)",Fusobacterium,0,8981
"(1082.9054054054054, 247.67567567567568)",Veillonella,0,8982
"(1082.2037037037037, 371.35185185185185)",Treponema,0,8984
"(1084.9569892473119, 730.1720430107526)",TM7,0,8985
"(1082.4423076923076, 968.5769230769231)",Prevotella,0,8987
"(1081.4590163934427, 1671.5901639344263)",Veillonella,0,8991
"(1085.1224489795918, 841.1734693877551)",TM7,0,8998
"(1082.3454545454545, 1062.6)",Lautropia,0,8999
"(1088.2619047619048, 1193.2460317460318)",Leptotrichia,0,9000
"(1083.8192771084337, 773.2650602409639)",Prevotella,0,9005
"(1083.1186440677966, 994.5932203389831)",Lautropia,0,9007
"(1087.4157303370787, 1043.3258426966293)",TM7,0,9008
"(1086.8865979381444, 1213.8453608247423)",TM7,0,9010
"(1085.1724137931035, 660.0689655172414)",TM7,0,9016
"(1089.0333333333333, 815.5555555555555)",Prevotella,0,9019
"(1086.175, 1022.7)",Lautropia,0,9020
"(1085.9807692307693, 1376.7884615384614)",Lautropia,0,9022
"(1086.084745762712, 1969.915254237288)",TM7,0,9026
"(1095.119718309859, 6.274647887323944)",Rothia,0,9027
"(1087.155844155844, 16.61038961038961)",Gemella,0,9028
"(1089.7383177570093, 149.13084112149534)",Gemella,0,9031
"(1088.25, 344.625)",Leptotrichia,0,9033
"(1086.3880597014925, 1489.2686567164178)",TM7,0,9036
"(1093.358585858586, 1538.6262626262626)",Rothia,0,9037
"(1086.4745762711864, 1779.949152542373)",Rothia,0,9040
"(1091.8365384615386, 1889.7788461538462)",Veillonella,0,9042
"(1093.1221374045801, 919.2442748091603)",Fusobacterium,0,9048
"(1086.7818181818182, 1009.3454545454546)",TM7,0,9049
"(1087.4920634920634, 1475.4126984126983)",Lautropia,0,9053
"(1088.75, 1844.85)",TM7,0,9054
"(1088.4833333333333, 194.41666666666666)",Neisseriaceae,0,9055
"(1089.4615384615386, 569.1384615384616)",Lautropia,0,9058
"(1087.860465116279, 945.8372093023256)",TM7,0,9060
"(1088.322033898305, 1072.0169491525423)",Capnocytophaga,0,9061
"(1090.263888888889, 1228.4305555555557)",TM7,0,9063
"(1088.2711864406779, 1504.7796610169491)",Veillonella,0,9064
"(1088.3827160493827, 1599.4567901234568)",Lautropia,0,9066
"(1090.5841584158416, 31.425742574257427)",Lautropia,0,9069
"(1089.5686274509803, 129.7450980392157)",TM7,0,9070
"(1090.2753623188405, 858.0434782608696)",Gemella,0,9074
"(1089.2931034482758, 873.8620689655172)",Prevotella,0,9075
"(1088.648148148148, 1105.6666666666667)",Fusobacterium,0,9076
"(1088.9358974358975, 1334.9871794871794)",Fusobacterium,0,9077
"(1089.920634920635, 1399.4285714285713)",Pasteurellaceae,0,9078
"(1090.2820512820513, 1704.8974358974358)",Veillonella,0,9080
"(1090.0181818181818, 57.527272727272724)",Fusobacterium,0,9081
"(1088.8055555555557, 177.20833333333334)",Lautropia,0,9082
"(1089.68, 261.74666666666667)",Actinomyces,0,9083
"(1092.2134831460673, 294.4269662921348)",Lautropia,0,9084
"(1093.2894736842106, 308.29824561403507)",Actinomyces,0,9085
"(1095.5445544554455, 433.18811881188117)",Lautropia,0,9086
"(1090.0617283950617, 518.3333333333334)",Lautropia,0,9087
"(1090.590909090909, 899.8181818181819)",Gemella,0,9089
"(1091.6266666666668, 976.28)",Rothia,0,9090
"(1091.8666666666666, 1143.5666666666666)",Lautropia,0,9091
"(1089.301886792453, 1389.698113207547)",Treponema,0,9093
"(1090.060606060606, 1459.4343434343434)",Treponema,0,9094
"(1095.7368421052631, 1825.536842105263)",Fusobacterium,0,9097
"(1089.98, 1907.04)",TM7,0,9098
"(1096.304347826087, 1941.123188405797)",Prevotella,0,9100
"(1093.03125, 548.90625)",Prevotella,0,9102
"(1090.5714285714287, 676.875)",TM7,0,9103
"(1090.984375, 889.90625)",Rothia,0,9104
"(1093.2380952380952, 1304.3333333333333)",Gemella,0,9105
"(1092.7777777777778, 1361.5353535353536)",Veillonella,0,9107
"(1093.6483516483515, 1583.5494505494505)",Lautropia,0,9108
"(1093.0454545454545, 1661.0)",Lautropia,0,9109
"(1091.1827956989248, 1760.0967741935483)",Treponema,0,9110
"(1091.2207792207791, 1872.142857142857)",Treponema,0,9111
"(1095.3076923076924, 1992.5714285714287)",Gemella,0,9112
"(1093.9846153846154, 74.8923076923077)",TM7,0,9113
"(1093.7402597402597, 1437.1298701298701)",Actinomyces,0,9117
"(1094.84, 1617.9066666666668)",TM7,0,9118
"(1097.5392156862745, 1772.0980392156862)",TM7,0,9121
"(1093.5975609756097, 1961.3170731707316)",Prevotella,0,9122
"(1093.258426966292, 634.0898876404494)",Lautropia,0,9128
"(1099.0737704918033, 713.0)",Gemella,0,9129
"(1095.1182795698924, 962.5483870967741)",TM7,0,9130
"(1092.4426229508197, 1249.8360655737704)",Lautropia,0,9132
"(1095.4132231404958, 1566.4628099173553)",Fusobacterium,0,9134
"(1094.0, 388.1014492753623)",TM7,0,9135
"(1093.5925925925926, 612.2777777777778)",TM7,0,9136
"(1093.983870967742, 994.483870967742)",Capnocytophaga,0,9139
"(1093.950819672131, 1056.8032786885246)",Treponema,0,9140
"(1094.1333333333334, 1423.45)",Lautropia,0,9142
"(1094.1100917431193, 1636.3119266055046)",TM7,0,9144
"(1095.6836734693877, 332.7244897959184)",Gemella,0,9149
"(1094.3846153846155, 591.8076923076923)",Gemella,0,9152
"(1095.4647887323943, 661.9718309859155)",Gemella,0,9153
"(1095.6133333333332, 699.4266666666666)",Rothia,0,9154
"(1094.7105263157894, 780.3947368421053)",Prevotella,0,9156
"(1097.8846153846155, 1207.3076923076924)",Rothia,0,9158
"(1095.107142857143, 97.35714285714286)",Lautropia,0,9160
"(1097.816091954023, 212.91954022988506)",Neisseriaceae,0,9162
"(1098.7894736842106, 257.42105263157896)",Lautropia,0,9163
"(1095.1090909090908, 689.0181818181818)",TM7,0,9166
"(1100.3645833333333, 790.03125)",Rothia,0,9167
"(1100.032258064516, 847.494623655914)",Prevotella,0,9168
"(1096.2333333333333, 1237.3)",Lautropia,0,9170
"(1096.7162162162163, 1270.4324324324325)",Gemella,0,9171
"(1096.5, 1690.5116279069769)",Campylobacter,0,9173
"(1097.6774193548388, 1797.2903225806451)",TM7,0,9174
"(1097.326923076923, 168.1346153846154)",Gemella,0,9176
"(1098.888888888889, 284.23809523809524)",Gemella,0,9177
"(1098.3232323232323, 749.8383838383838)",Lautropia,0,9178
"(1100.0731707317073, 939.6585365853658)",TM7,0,9180
"(1097.9157894736843, 1115.0947368421052)",Treponema,0,9182
"(1096.88, 1129.26)",Veillonella,0,9183
"(1097.8823529411766, 1922.1911764705883)",Neisseriaceae,0,9185
"(1095.9642857142858, 1977.875)",TM7,0,9186
"(1100.0389610389611, 63.896103896103895)",Rothia,0,9187
"(1097.0294117647059, 135.05882352941177)",Pasteurellaceae,0,9188
"(1097.3548387096773, 239.69354838709677)",Gemella,0,9189
"(1100.2261904761904, 371.8095238095238)",Prevotella,0,9190
"(1098.8157894736842, 648.3421052631579)",Lautropia,0,9191
"(1100.0853658536585, 272.7073170731707)",Lautropia,0,9196
"(1100.6935483870968, 355.2258064516129)",Gemella,0,9197
"(1099.5294117647059, 485.45098039215685)",Lautropia,0,9199
"(1099.9615384615386, 602.0192307692307)",Prevotella,0,9200
"(1105.6940298507463, 1255.0597014925372)",TM7,0,9201
"(1099.3285714285714, 1411.2857142857142)",Actinomyces,0,9203
"(1101.1777777777777, 1450.9333333333334)",Gemella,0,9204
"(1101.5483870967741, 1674.1505376344087)",Treponema,0,9207
"(1100.7777777777778, 1711.8055555555557)",Veillonella,0,9208
"(1101.0, 732.7945205479452)",Prevotella,0,9213
"(1101.7142857142858, 832.1038961038961)",TM7,0,9215
"(1100.462962962963, 881.2222222222222)",Fusobacterium,0,9216
"(1099.1090909090908, 1077.0)",Lautropia,0,9219
"(1101.5604395604396, 1327.89010989011)",Rothia,0,9220
"(1102.8732394366198, 1898.5211267605634)",Gemella,0,9222
"(1103.1954022988505, 22.64367816091954)",Veillonella,0,9223
"(1104.8474576271187, 190.5)",Actinomyces,0,9225
"(1101.5087719298247, 228.9298245614035)",TM7,0,9226
"(1102.621212121212, 462.42424242424244)",Gemella,0,9228
"(1102.35, 579.8166666666667)",Lautropia,0,9229
"(1101.7424242424242, 1018.560606060606)",Prevotella,0,9232
"(1101.3620689655172, 1517.8103448275863)",Actinomyces,0,9235
"(1102.6603773584907, 505.9622641509434)",Treponema,0,9236
"(1102.6375, 1374.175)",Pasteurellaceae,0,9238
"(1101.3703703703704, 1484.1666666666667)",Lautropia,0,9239
"(1102.7972972972973, 1552.7837837837837)",TM7,0,9240
"(1109.0151515151515, 1734.3636363636363)",Lautropia,0,9242
"(1100.9833333333333, 518.9666666666667)",Prevotella,0,9244
"(1104.1666666666667, 545.0641025641025)",Lautropia,0,9246
"(1103.4590163934427, 676.1803278688525)",Lautropia,0,9247
"(1102.3064516129032, 803.2096774193549)",Rothia,0,9248
"(1110.5744680851064, 908.6099290780141)",Fusobacterium,0,9250
"(1104.5901639344263, 1149.704918032787)",Lautropia,0,9252
"(1104.5411764705882, 1196.2823529411764)",Lautropia,0,9254
"(1102.9285714285713, 620.8392857142857)",Capnocytophaga,0,9256
"(1104.069306930693, 1042.4554455445545)",Lautropia,0,9258
"(1103.8035714285713, 1088.1964285714287)",Veillonella,0,9259
"(1105.7096774193549, 1721.3064516129032)",Fusobacterium,0,9263
"(1104.3239436619717, 1750.5492957746478)",Corynebacterium,0,9264
"(1104.8918918918919, 1785.5405405405406)",Fusobacterium,0,9265
"(1104.7252747252746, 1867.2747252747254)",TM7,0,9266
"(1109.436170212766, 36.98936170212766)",Actinomyces,0,9267
"(1107.8351648351647, 334.8021978021978)",Gemella,0,9270
"(1104.96, 497.54)",TM7,0,9271
"(1106.4761904761904, 561.2857142857143)",Treponema,0,9273
"(1107.4888888888888, 1587.7444444444445)",Treponema,0,9276
"(1107.2, 1685.3818181818183)",Fusobacterium,0,9277
"(1104.537037037037, 1955.1666666666667)",Capnocytophaga,0,9279
"(1105.9245283018868, 472.0188679245283)",Prevotella,0,9283
"(1107.76, 632.1066666666667)",Fusobacterium,0,9285
"(1107.09375, 1136.96875)",Gemella,0,9289
"(1111.390410958904, 1159.958904109589)",Treponema,0,9290
"(1107.9272727272728, 1836.8454545454545)",Lautropia,0,9292
"(1105.9622641509434, 1880.7735849056603)",Rothia,0,9294
"(1109.6568627450981, 1989.0980392156862)",Gemella,0,9295
"(1105.949152542373, 144.6949152542373)",Gemella,0,9296
"(1107.8548387096773, 249.98387096774192)",Pasteurellaceae,0,9297
"(1108.3076923076924, 418.12820512820514)",Lautropia,0,9298
"(1108.4262295081967, 967.5081967213115)",Fusobacterium,0,9300
"(1107.08, 1301.28)",Porphyromonas,0,9302
"(1112.5350877192982, 1312.2631578947369)",TM7,0,9303
"(1107.1612903225807, 1352.8494623655913)",Rothia,0,9304
"(1107.3835616438357, 1970.876712328767)",Treponema,0,9309
"(1107.6376811594203, 439.1159420289855)",Rothia,0,9310
"(1109.6545454545455, 879.0545454545454)",Lautropia,0,9316
"(1108.2739726027398, 992.4109589041096)",Prevotella,0,9317
"(1112.2649572649573, 1009.2393162393163)",Lautropia,0,9318
"(1108.0985915492959, 1119.5352112676057)",Actinomyces,0,9319
"(1112.4107142857142, 1465.3482142857142)",TM7,0,9321
"(1109.2297297297298, 1701.3918918918919)",Gemella,0,9322
"(1107.7333333333333, 1915.8333333333333)",Gemella,0,9323
"(1108.6172839506173, 111.33333333333333)",Fusobacterium,0,9324
"(1109.4920634920634, 170.65079365079364)",Fusobacterium,0,9325
"(1110.0714285714287, 368.6607142857143)",Veillonella,0,9327
"(1108.030303030303, 763.0151515151515)",Prevotella,0,9330
"(1110.6785714285713, 979.0714285714286)",Lautropia,0,9332
"(1108.948051948052, 1435.0)",Lautropia,0,9333
"(1110.8333333333333, 1506.6944444444443)",Lautropia,0,9334
"(1112.3703703703704, 52.74074074074074)",Fusobacterium,0,9336
"(1115.0731707317073, 867.9146341463414)",Fusobacterium,0,9339
"(1109.6545454545455, 1609.4)",Lautropia,0,9341
"(1112.3103448275863, 306.08620689655174)",Treponema,0,9343
"(1112.6666666666667, 1269.3333333333333)",Actinomyces,0,9346
"(1113.2732919254659, 1289.1739130434783)",Prevotella,0,9347
"(1110.3793103448277, 1480.1379310344828)",TM7,0,9348
"(1111.2571428571428, 1540.4)",Prevotella,0,9349
"(1110.557142857143, 1810.357142857143)",TM7,0,9350
"(1116.803738317757, 1845.96261682243)",Lautropia,0,9351
"(1115.860465116279, 61.348837209302324)",Fusobacterium,0,9352
"(1113.3857142857144, 217.34285714285716)",Veillonella,0,9353
"(1113.9302325581396, 232.03488372093022)",Lautropia,0,9354
"(1113.7428571428572, 476.0)",Lautropia,0,9358
"(1111.5428571428572, 701.0857142857143)",Streptococcus,0,9359
"(1114.0326086956522, 748.0108695652174)",Fusobacterium,0,9360
"(1118.9928057553957, 1056.820143884892)",Lautropia,0,9361
"(1115.2111111111112, 1409.9)",Rothia,0,9363
"(1113.557142857143, 1646.8)",Gemella,0,9365
"(1118.1711711711712, 1759.0900900900901)",Lautropia,0,9366
"(1114.4705882352941, 1897.105882352941)",Fusobacterium,0,9367
"(1117.8347107438017, 1931.8512396694214)",Leptotrichia,0,9368
"(1120.3505747126437, 7.488505747126437)",Fusobacterium,0,9369
"(1114.753846153846, 391.83076923076925)",Treponema,0,9370
"(1116.8461538461538, 505.0192307692308)",Lautropia,0,9371
"(1113.5, 648.1351351351351)",Prevotella,0,9372
"(1116.157894736842, 1422.4947368421053)",Gemella,0,9375
"(1113.5686274509803, 1569.7745098039215)",Porphyromonas,0,9377
"(1116.578947368421, 1634.9736842105262)",Treponema,0,9378
"(1114.9154929577464, 99.29577464788733)",Treponema,0,9381
"(1113.8909090909092, 123.67272727272727)",TM7,0,9382
"(1114.9027777777778, 270.2361111111111)",TM7,0,9384
"(1116.752808988764, 350.5280898876405)",Rothia,0,9385
"(1115.3977272727273, 614.1022727272727)",Lautropia,0,9387
"(1114.1612903225807, 737.1612903225806)",Fusobacterium,0,9388
"(1113.642857142857, 922.3928571428571)",Veillonella,0,9390
"(1115.735294117647, 1124.7205882352941)",Rothia,0,9393
"(1114.983870967742, 1671.6290322580646)",TM7,0,9397
"(1115.7794117647059, 22.514705882352942)",Pasteurellaceae,0,9398
"(1116.076923076923, 156.02197802197801)",Veillonella,0,9399
"(1114.1, 290.34)",Gemella,0,9400
"(1115.8910891089108, 665.990099009901)",Rothia,0,9402
"(1116.4925373134329, 687.776119402985)",Lautropia,0,9403
"(1117.6728971962616, 891.2429906542056)",Rothia,0,9406
"(1114.76, 1040.96)",Streptococcus,0,9408
"(1115.701754385965, 1183.2631578947369)",TM7,0,9410
"(1118.13, 1211.32)",Gemella,0,9411
"(1115.2631578947369, 1226.140350877193)",Rothia,0,9412
"(1115.3488372093022, 1394.8720930232557)",Lautropia,0,9413
"(1114.6923076923076, 1555.4038461538462)",Prevotella,0,9414
"(1115.3396226415093, 799.4716981132076)",Rothia,0,9419
"(1116.4807692307693, 828.5)",Prevotella,0,9420
"(1118.1960784313726, 952.0784313725491)",Gemella,0,9421
"(1118.215909090909, 1244.4204545454545)",Treponema,0,9422
"(1121.298076923077, 1691.548076923077)",Leptotrichia,0,9425
"(1119.7796610169491, 1777.9661016949153)",Lautropia,0,9426
"(1117.7868852459017, 315.40983606557376)",TM7,0,9428
"(1119.1684210526316, 428.6842105263158)",Leptotrichia,0,9429
"(1119.4109589041095, 583.2739726027397)",Rothia,0,9430
"(1117.6666666666667, 1371.6190476190477)",Rothia,0,9433
"(1115.686274509804, 1528.764705882353)",Prevotella,0,9434
"(1120.7820512820513, 1805.3589743589744)",Prevotella,0,9436
"(1116.9882352941177, 1882.6)",Fusobacterium,0,9437
"(1120.1415094339623, 1949.5377358490566)",Gemella,0,9438
"(1118.376811594203, 710.8695652173913)",TM7,0,9439
"(1117.371794871795, 780.525641025641)",Rothia,0,9440
"(1118.3529411764705, 1479.4705882352941)",Gemella,0,9442
"(1118.8529411764705, 1866.5294117647059)",Fusobacterium,0,9444
"(1120.5492957746478, 82.19718309859155)",Lautropia,0,9445
"(1118.619718309859, 534.0)",Gemella,0,9448
"(1121.120481927711, 597.144578313253)",Campylobacter,0,9449
"(1121.5671641791046, 816.6268656716418)",TM7,0,9450
"(1120.1538461538462, 1595.5)",Capnocytophaga,0,9452
"(1120.3174603174602, 1658.1904761904761)",Rothia,0,9453
"(1121.4267515923566, 1716.624203821656)",Rothia,0,9454
"(1120.927536231884, 1962.8115942028985)",Lautropia,0,9455
"(1118.6, 1976.56)",Rothia,0,9456
"(1119.5277777777778, 178.09722222222223)",Rothia,0,9458
"(1121.2711864406779, 253.64406779661016)",Treponema,0,9459
"(1121.948275862069, 381.41379310344826)",Neisseriaceae,0,9461
"(1119.7543859649122, 557.1228070175439)",Prevotella,0,9464
"(1124.2054794520548, 877.0958904109589)",Treponema,0,9466
"(1122.935064935065, 1019.6363636363636)",Prevotella,0,9467
"(1121.4868421052631, 1349.3552631578948)",Lautropia,0,9469
"(1121.0, 202.42696629213484)",Prevotella,0,9471
"(1121.4905660377358, 566.4528301886793)",Selenomonas,0,9472
"(1122.2881355932204, 639.3389830508474)",Gemella,0,9473
"(1122.9736842105262, 998.171052631579)",Lautropia,0,9475
"(1123.5666666666666, 1337.1777777777777)",Treponema,0,9477
"(1124.179487179487, 1582.1666666666667)",Fusobacterium,0,9480
"(1124.1830985915492, 331.7464788732394)",Treponema,0,9481
"(1123.1142857142856, 412.0190476190476)",TM7,0,9483
"(1123.7625, 625.4125)",Lautropia,0,9484
"(1122.611111111111, 1069.2222222222222)",Fusobacterium,0,9485
"(1122.867924528302, 1132.6415094339623)",Gemella,0,9486
"(1121.620253164557, 1990.6962025316457)",Neisseriaceae,0,9488
"(1122.42, 455.62)",TM7,0,9490
"(1127.352380952381, 939.2190476190476)",Prevotella,0,9492
"(1121.62, 1198.0)",Fusobacterium,0,9494
"(1124.1604938271605, 1382.6666666666667)",TM7,0,9495
"(1122.5616438356165, 1917.5890410958905)",Lautropia,0,9497
"(1125.8555555555556, 43.65555555555556)",Leptotrichia,0,9498
"(1123.7037037037037, 235.03703703703704)",Rothia,0,9500
"(1126.4645669291338, 281.1023622047244)",Lautropia,0,9501
"(1123.6101694915253, 299.10169491525426)",TM7,0,9502
"(1124.763888888889, 773.8472222222222)",Fusobacterium,0,9504
"(1124.9466666666667, 986.72)",Fusobacterium,0,9505
"(1124.4105263157894, 1827.378947368421)",Treponema,0,9507
"(1124.0757575757575, 921.4090909090909)",Veillonella,0,9509
"(1125.0338983050847, 973.5762711864406)",Rothia,0,9510
"(1128.1190476190477, 1434.095238095238)",Lautropia,0,9511
"(1125.4098360655737, 1554.8688524590164)",Gemella,0,9513
"(1125.5072463768115, 1732.7246376811595)",TM7,0,9514
"(1127.8431372549019, 91.96078431372548)",Selenomonas,0,9515
"(1125.7115384615386, 439.38461538461536)",Neisseriaceae,0,9516
"(1124.9607843137255, 728.4509803921569)",Actinomyces,0,9517
"(1128.2524271844661, 800.0970873786408)",Gemella,0,9518
"(1127.4923076923078, 960.7384615384616)",Rothia,0,9520
"(1126.4657534246576, 1032.8082191780823)",TM7,0,9521
"(1125.66, 1107.96)",Lautropia,0,9522
"(1129.2428571428572, 1468.0428571428572)",Lautropia,0,9524
"(1128.7012987012988, 1546.142857142857)",Rothia,0,9525
"(1128.3384615384616, 187.52307692307693)",TM7,0,9528
"(1130.9655172413793, 245.4022988505747)",Prevotella,0,9529
"(1126.84375, 489.03125)",Fusobacterium,0,9532
"(1130.7032967032967, 511.032967032967)",Lautropia,0,9533
"(1131.8243243243244, 646.75)",Actinomyces,0,9536
"(1126.6285714285714, 661.2)",Lautropia,0,9537
"(1126.86, 680.68)",Gemella,0,9538
"(1130.358208955224, 754.2089552238806)",Fusobacterium,0,9539
"(1126.235294117647, 1288.0980392156862)",TM7,0,9540
"(1127.6333333333334, 1446.7166666666667)",Lautropia,0,9541
"(1127.0, 1745.4920634920634)",Gemella,0,9543
"(1128.5964912280701, 28.333333333333332)",Veillonella,0,9546
"(1128.5185185185185, 717.4691358024692)",Prevotella,0,9548
"(1128.448275862069, 838.948275862069)",TM7,0,9549
"(1127.962962962963, 1188.8333333333333)",Rothia,0,9552
"(1127.967741935484, 1224.774193548387)",TM7,0,9553
"(1127.5454545454545, 1255.6909090909091)",Fusobacterium,0,9554
"(1129.4177215189873, 1276.9620253164558)",Lautropia,0,9556
"(1127.032258064516, 1301.6290322580646)",Streptococcus,0,9557
"(1129.2222222222222, 1490.7222222222222)",Gemella,0,9561
"(1128.7377049180327, 1527.9180327868853)",TM7,0,9562
"(1128.3835616438357, 1569.8219178082193)",Campylobacter,0,9563
"(1129.7407407407406, 1852.537037037037)",TM7,0,9564
"(1127.7536231884058, 108.46376811594203)",Lautropia,0,9567
"(1132.6806722689075, 696.90756302521)",Fusobacterium,0,9568
"(1134.0381679389313, 1314.2595419847328)",Lautropia,0,9570
"(1129.590909090909, 1507.8939393939395)",Prevotella,0,9573
"(1131.0, 1631.0285714285715)",Lautropia,0,9575
"(1129.4444444444443, 1668.1666666666667)",Veillonella,0,9576
"(1129.5316455696202, 159.73417721518987)",Pasteurellaceae,0,9577
"(1135.2413793103449, 323.6810344827586)",Streptococcus,0,9578
"(1129.1704545454545, 363.20454545454544)",Treponema,0,9579
"(1132.5, 472.59615384615387)",TM7,0,9580
"(1131.641791044776, 547.1940298507462)",Fusobacterium,0,9581
"(1133.6470588235295, 1078.2)",Treponema,0,9582
"(1131.5360824742268, 1122.340206185567)",Actinomyces,0,9583
"(1130.5857142857142, 1204.9)",Rothia,0,9584
"(1136.264, 1767.728)",Veillonella,0,9587
"(1132.1636363636364, 581.8727272727273)",TM7,0,9588
"(1130.8387096774193, 865.7741935483871)",Gemella,0,9590
"(1133.0483870967741, 882.3306451612904)",Fusobacterium,0,9591
"(1131.448717948718, 900.474358974359)",Rothia,0,9592
"(1132.7945205479452, 1172.054794520548)",TM7,0,9594
"(1136.0848484848484, 1705.3696969696969)",Rothia,0,9596
"(1131.1475409836066, 65.50819672131148)",Fusobacterium,0,9597
"(1133.7974683544303, 198.7594936708861)",Veillonella,0,9598
"(1132.5222222222221, 221.4)",Veillonella,0,9599
"(1133.2833333333333, 307.5)",Rothia,0,9600
"(1135.6666666666667, 391.25714285714287)",Gemella,0,9601
"(1131.7230769230769, 1608.0615384615385)",Pasteurellaceae,0,9606
"(1133.4193548387098, 1642.3548387096773)",Gemella,0,9607
"(1132.6935483870968, 1862.0967741935483)",Veillonella,0,9608
"(1132.3968253968253, 1886.7619047619048)",Veillonella,0,9609
"(1135.2409638554218, 1954.4939759036145)",Actinomyces,0,9610
"(1135.1538461538462, 49.50769230769231)",Prevotella,0,9612
"(1135.84, 592.8533333333334)",Lautropia,0,9614
"(1139.5338345864661, 850.9699248120301)",Rothia,0,9615
"(1133.4571428571428, 914.2571428571429)",Prevotella,0,9616
"(1134.758064516129, 1092.3548387096773)",Prevotella,0,9618
"(1136.7236842105262, 1366.0)",Gemella,0,9619
"(1133.4736842105262, 1968.842105263158)",Actinomyces,0,9621
"(1135.4929577464789, 1984.4225352112676)",Prevotella,0,9622
"(1133.619718309859, 127.71830985915493)",Gemella,0,9623
"(1134.5242718446602, 1143.7378640776699)",Fusobacterium,0,9626
"(1135.4603174603174, 1327.4603174603174)",Veillonella,0,9627
"(1133.8909090909092, 1391.7636363636364)",Actinomyces,0,9628
"(1135.1707317073171, 1902.9756097560976)",TM7,0,9630
"(1133.8058252427184, 1919.5922330097087)",Lautropia,0,9631
"(1137.2615384615385, 150.03076923076924)",Fusobacterium,0,9633
"(1139.9017857142858, 374.69642857142856)",Treponema,0,9636
"(1134.8985507246377, 606.7101449275362)",Prevotella,0,9637
"(1136.1166666666666, 788.1)",Prevotella,0,9639
"(1136.5357142857142, 837.5892857142857)",TM7,0,9640
"(1135.5172413793102, 1417.7241379310344)",Lautropia,0,9644
"(1134.873015873016, 1682.2222222222222)",Lautropia,0,9645
"(1138.4408602150538, 409.26881720430106)",TM7,0,9648
"(1140.145038167939, 455.4961832061069)",Gemella,0,9649
"(1137.3728813559321, 816.1864406779661)",Treponema,0,9651
"(1139.5348837209303, 991.5581395348837)",TM7,0,9652
"(1136.6379310344828, 1789.8275862068965)",TM7,0,9654
"(1136.8688524590164, 1835.5573770491803)",Gemella,0,9655
"(1136.7164179104477, 340.86567164179104)",Campylobacter,0,9657
"(1137.525, 443.6875)",Treponema,0,9658
"(1139.1926605504586, 625.394495412844)",Prevotella,0,9659
"(1136.9310344827586, 679.3448275862069)",TM7,0,9660
"(1136.7037037037037, 978.8518518518518)",Fusobacterium,0,9661
"(1136.6607142857142, 1297.0714285714287)",Actinomyces,0,9663
"(1140.868131868132, 1487.3846153846155)",Gemella,0,9664
"(1138.509090909091, 1661.8909090909092)",TM7,0,9666
"(1137.1076923076923, 1824.2769230769231)",TM7,0,9668
"(1140.132450331126, 1940.0264900662253)",Rothia,0,9669
"(1140.390625, 61.265625)",Capnocytophaga,0,9670
"(1137.6753246753246, 263.94805194805195)",Lautropia,0,9671
"(1140.12, 771.46)",Prevotella,0,9673
"(1137.835616438356, 1021.7534246575342)",Veillonella,0,9675
"(1138.58, 1346.3)",Corynebacterium,0,9676
"(1141.1931818181818, 1382.7613636363637)",Leptotrichia,0,9677
"(1136.7758620689656, 1725.9827586206898)",Fusobacterium,0,9680
"(1138.2926829268292, 286.0609756097561)",Lautropia,0,9682
"(1143.7166666666667, 710.125)",Rothia,0,9684
"(1139.5873015873017, 1008.5396825396825)",Fusobacterium,0,9686
"(1144.1373626373627, 1242.2692307692307)",TM7,0,9688
"(1139.875, 1405.7916666666667)",Actinomyces,0,9689
"(1146.9014084507041, 1472.9084507042253)",Treponema,0,9690
"(1138.4714285714285, 1517.1)",Gemella,0,9691
"(1139.2727272727273, 1561.6161616161617)",Treponema,0,9692
"(1138.7450980392157, 1797.9019607843138)",Gemella,0,9693
"(1139.9545454545455, 1809.378787878788)",Lautropia,0,9694
"(1143.7078651685392, 6.067415730337078)",TM7,0,9695
"(1142.6375, 488.7875)",Lautropia,0,9696
"(1140.4556962025317, 955.746835443038)",Gemella,0,9699
"(1143.5982905982905, 1063.1965811965813)",Fusobacterium,0,9701
"(1140.2711864406779, 1220.4745762711864)",Gemella,0,9702
"(1141.4363636363637, 1439.2181818181818)",Fusobacterium,0,9703
"(1140.536231884058, 1532.7971014492753)",Gemella,0,9704
"(1139.4137931034484, 1580.1724137931035)",Gemella,0,9705
"(1140.2285714285715, 1874.3285714285714)",Gemella,0,9706
"(1140.358024691358, 36.18518518518518)",Gemella,0,9707
"(1141.322033898305, 81.21186440677967)",Treponema,0,9708
"(1140.890410958904, 101.45205479452055)",Lautropia,0,9709
"(1141.5875, 530.2125)",Prevotella,0,9713
"(1145.6068376068376, 911.1282051282051)",Fusobacterium,0,9714
"(1141.290909090909, 1156.290909090909)",TM7,0,9716
"(1141.6521739130435, 1206.6521739130435)",Gemella,0,9717
"(1142.9736842105262, 186.8684210526316)",Treponema,0,9719
"(1145.361111111111, 1047.375)",Prevotella,0,9720
"(1143.072463768116, 1282.8115942028985)",Neisseriaceae,0,9721
"(1143.485294117647, 1750.2205882352941)",Treponema,0,9723
"(1142.6101694915253, 169.89830508474577)",TM7,0,9724
"(1144.25, 1684.0833333333333)",TM7,0,9731
"(1144.072463768116, 1885.855072463768)",Rothia,0,9734
"(1145.4736842105262, 14.842105263157896)",Veillonella,0,9735
"(1146.6666666666667, 25.346666666666668)",Actinomyces,0,9736
"(1144.6349206349207, 572.031746031746)",Lautropia,0,9740
"(1145.841463414634, 643.829268292683)",Lautropia,0,9741
"(1145.537037037037, 1257.4444444444443)",Veillonella,0,9743
"(1144.46, 1671.54)",Lautropia,0,9744
"(1145.5185185185185, 156.0185185185185)",Gemella,0,9745
"(1145.418181818182, 586.6727272727272)",Gemella,0,9747
"(1150.5357142857142, 823.7642857142857)",Fusobacterium,0,9748
"(1146.5813953488373, 1639.1162790697674)",TM7,0,9751
"(1147.9718309859154, 124.3943661971831)",Fusobacterium,0,9752
"(1147.195652173913, 1099.4782608695652)",Fusobacterium,0,9754
"(1145.6724137931035, 1503.551724137931)",Leptotrichia,0,9756
"(1146.0377358490566, 1545.0754716981132)",Lautropia,0,9757
"(1148.235294117647, 1904.6764705882354)",Veillonella,0,9759
"(1147.7727272727273, 408.8787878787879)",Lautropia,0,9763
"(1150.1022727272727, 515.6931818181819)",Fusobacterium,0,9765
"(1146.4038461538462, 754.9230769230769)",Actinomyces,0,9766
"(1147.0967741935483, 798.016129032258)",Lautropia,0,9767
"(1149.0234375, 885.8203125)",Lautropia,0,9768
"(1149.8506493506493, 928.4935064935065)",Prevotella,0,9769
"(1149.235294117647, 1132.6911764705883)",Lautropia,0,9771
"(1150.4354838709678, 144.83870967741936)",Neisseriaceae,0,9777
"(1151.1553398058252, 280.1747572815534)",Prevotella,0,9779
"(1151.7222222222222, 351.6759259259259)",Actinomyces,0,9781
"(1151.840425531915, 466.6914893617021)",Neisseriaceae,0,9782
"(1148.0925925925926, 542.0)",Prevotella,0,9783
"(1149.4492753623188, 561.6086956521739)",Lautropia,0,9784
"(1150.2307692307693, 602.0923076923077)",Prevotella,0,9785
"(1149.7931034482758, 615.0229885057471)",Lautropia,0,9786
"(1153.9782608695652, 680.9782608695652)",TM7,0,9787
"(1147.6896551724137, 736.3275862068965)",Veillonella,0,9788
"(1151.5656565656566, 1145.5050505050506)",Treponema,0,9790
"(1151.6831683168316, 1271.4356435643565)",Fusobacterium,0,9791
"(1146.859649122807, 1725.7719298245613)",Lautropia,0,9792
"(1148.8833333333334, 1776.4833333333333)",Fusobacterium,0,9793
"(1154.3076923076924, 115.5934065934066)",Fusobacterium,0,9794
"(1151.223404255319, 203.79787234042553)",Prevotella,0,9795
"(1148.5576923076924, 392.9423076923077)",Fusobacterium,0,9796
"(1150.235294117647, 657.5588235294117)",Treponema,0,9797
"(1152.546511627907, 724.7558139534884)",TM7,0,9798
"(1155.0714285714287, 836.4017857142857)",Rothia,0,9799
"(1152.7142857142858, 1010.6974789915967)",Rothia,0,9800
"(1152.4433962264152, 1295.4150943396226)",TM7,0,9802
"(1153.1666666666667, 43.355555555555554)",TM7,0,9808
"(1149.2459016393443, 242.72131147540983)",Prevotella,0,9809
"(1153.407894736842, 307.92105263157896)",TM7,0,9810
"(1150.965909090909, 1584.1363636363637)",Actinomyces,0,9813
"(1151.95, 1972.25)",Fusobacterium,0,9815
"(1152.879518072289, 1993.012048192771)",Gemella,0,9816
"(1152.2241379310344, 69.17241379310344)",Rothia,0,9817
"(1151.9038461538462, 178.0)",Pasteurellaceae,0,9818
"(1151.1617647058824, 296.38235294117646)",Leptotrichia,0,9820
"(1154.3333333333333, 361.27450980392155)",Lautropia,0,9821
"(1154.2307692307693, 478.5128205128205)",Treponema,0,9822
"(1153.5393258426966, 632.6179775280899)",TM7,0,9823
"(1152.3902439024391, 699.9878048780488)",Fusobacterium,0,9825
"(1152.5507246376812, 1311.463768115942)",Actinomyces,0,9826
"(1151.2745098039215, 1810.0980392156862)",Neisseriaceae,0,9830
"(1157.8879310344828, 57.23275862068966)",Capnocytophaga,0,9834
"(1155.8701298701299, 84.59740259740259)",Lautropia,0,9835
"(1153.7464788732395, 222.40845070422534)",Veillonella,0,9836
"(1153.6206896551723, 787.3448275862069)",TM7,0,9837
"(1153.2368421052631, 1192.7631578947369)",Lautropia,0,9838
"(1150.8653846153845, 1220.826923076923)",Treponema,0,9839
"(1152.5862068965516, 1517.5862068965516)",Neisseriaceae,0,9842
"(1155.6203703703704, 1564.111111111111)",Gemella,0,9843
"(1154.4107142857142, 1599.75)",Actinomyces,0,9844
"(1153.4411764705883, 1616.5588235294117)",Gemella,0,9845
"(1154.3804347826087, 1797.7391304347825)",Lautropia,0,9846
"(1151.2407407407406, 1845.3333333333333)",Actinomyces,0,9847
"(1153.1707317073171, 993.5)",Prevotella,0,9852
"(1156.6904761904761, 1026.345238095238)",Fusobacterium,0,9853
"(1154.8666666666666, 1121.8666666666666)",Prevotella,0,9854
"(1153.4868421052631, 1342.5526315789473)",Rothia,0,9855
"(1156.411214953271, 1535.5046728971963)",Treponema,0,9857
"(1153.3432835820895, 1698.641791044776)",Veillonella,0,9858
"(1153.7444444444445, 767.4222222222222)",TM7,0,9862
"(1156.1052631578948, 1654.3473684210526)",Fusobacterium,0,9864
"(1153.2830188679245, 1868.7358490566037)",Gemella,0,9865
"(1155.3934426229507, 978.4754098360655)",Gemella,0,9868
"(1156.4556962025317, 1759.9367088607594)",Lautropia,0,9871
"(1155.96, 1828.34)",Lautropia,0,9872
"(1155.5, 1956.4833333333333)",Veillonella,0,9874
"(1155.984126984127, 265.6666666666667)",Selenomonas,0,9875
"(1156.0172413793102, 449.0344827586207)",Lautropia,0,9877
"(1156.0172413793102, 864.9741379310345)",Rothia,0,9880
"(1155.8727272727272, 1084.1454545454546)",Gemella,0,9883
"(1156.8870967741937, 1509.1774193548388)",Fusobacterium,0,9885
"(1157.7413793103449, 1553.3275862068965)",Prevotella,0,9886
"(1157.860465116279, 1667.139534883721)",TM7,0,9887
"(1160.064935064935, 333.90909090909093)",TM7,0,9889
"(1159.051282051282, 489.9871794871795)",Fusobacterium,0,9890
"(1158.1967213114754, 521.0983606557377)",Prevotella,0,9891
"(1157.448275862069, 575.7241379310345)",Prevotella,0,9892
"(1158.020202020202, 942.5959595959596)",Rothia,0,9893
"(1158.2857142857142, 1334.6785714285713)",TM7,0,9896
"(1157.6533333333334, 1441.7333333333333)",Fusobacterium,0,9898
"(1156.842105263158, 1926.877192982456)",Gemella,0,9899
"(1161.621359223301, 162.20873786407768)",Rothia,0,9901
"(1160.8367346938776, 536.295918367347)",Capnocytophaga,0,9902
"(1158.4302325581396, 587.2209302325581)",Actinomyces,0,9903
"(1157.34, 1176.94)",Actinomyces,0,9904
"(1159.2142857142858, 1366.2714285714285)",Lautropia,0,9905
"(1159.328947368421, 17.44736842105263)",TM7,0,9908
"(1160.8431372549019, 185.7941176470588)",Veillonella,0,9909
"(1160.1184210526317, 320.32894736842104)",Prevotella,0,9910
"(1158.6984126984128, 387.92063492063494)",Selenomonas,0,9911
"(1159.009009009009, 741.990990990991)",Actinomyces,0,9912
"(1159.5961538461538, 756.8846153846154)",Gemella,0,9913
"(1160.3181818181818, 903.0227272727273)",Gemella,0,9914
"(1159.10989010989, 1207.4835164835165)",Treponema,0,9917
"(1162.0, 1248.79012345679)",Actinomyces,0,9918
"(1159.3076923076924, 1681.3974358974358)",Treponema,0,9921
"(1163.1818181818182, 1718.9431818181818)",Gemella,0,9922
"(1160.7530864197531, 1939.5432098765432)",TM7,0,9924
"(1160.6792452830189, 217.0566037735849)",Gemella,0,9925
"(1158.876923076923, 411.84615384615387)",Treponema,0,9926
"(1160.3015873015872, 424.6031746031746)",Selenomonas,0,9927
"(1160.1666666666667, 1386.4333333333334)",Campylobacter,0,9931
"(1168.9929577464789, 1475.4295774647887)",Lautropia,0,9932
"(1165.5779816513761, 1487.697247706422)",Lautropia,0,9933
"(1162.6296296296296, 1733.2345679012346)",Lautropia,0,9934
"(1160.2575757575758, 954.5909090909091)",Prevotella,0,9935
"(1164.1518987341772, 1319.8354430379748)",Rothia,0,9936
"(1161.4666666666667, 1695.4666666666667)",Actinomyces,0,9938
"(1168.0073529411766, 34.125)",TM7,0,9941
"(1164.1515151515152, 141.5151515151515)",Capnocytophaga,0,9942
"(1163.4444444444443, 243.8395061728395)",Campylobacter,0,9943
"(1166.1384615384616, 367.32307692307694)",Prevotella,0,9944
"(1168.1083333333333, 456.9583333333333)",TM7,0,9945
"(1162.474358974359, 668.7051282051282)",Rothia,0,9947
"(1164.4285714285713, 711.2539682539683)",Fusobacterium,0,9948
"(1162.7272727272727, 1234.0568181818182)",Campylobacter,0,9951
"(1161.967213114754, 1876.8524590163934)",TM7,0,9953
"(1165.6565656565656, 629.8484848484849)",Gemella,0,9956
"(1162.375, 779.140625)",Lautropia,0,9957
"(1163.7096774193549, 1407.2903225806451)",Lautropia,0,9959
"(1166.4351851851852, 1787.6759259259259)",Gemella,0,9961
"(1165.9375, 396.8125)",Lautropia,0,9964
"(1165.1666666666667, 504.6296296296296)",Lautropia,0,9966
"(1165.936936936937, 648.2162162162163)",Neisseriaceae,0,9969
"(1164.72, 809.1066666666667)",Prevotella,0,9970
"(1165.0217391304348, 883.0652173913044)",Veillonella,0,9972
"(1164.8082191780823, 1048.6986301369864)",Rothia,0,9973
"(1166.6767676767677, 1063.6666666666667)",Veillonella,0,9974
"(1164.1929824561403, 1985.701754385965)",Fusobacterium,0,9976
"(1168.5441176470588, 5.911764705882353)",Prevotella,0,9977
"(1169.1028571428571, 125.38285714285715)",Fusobacterium,0,9979
"(1172.3653846153845, 481.02884615384613)",Rothia,0,9981
"(1165.326923076923, 962.8461538461538)",Prevotella,0,9983
"(1171.205357142857, 988.1160714285714)",Prevotella,0,9984
"(1165.1645569620252, 1005.1898734177215)",Prevotella,0,9985
"(1165.48, 1303.3733333333332)",Gemella,0,9987
"(1166.6973684210527, 1525.657894736842)",Treponema,0,9988
"(1166.0074626865671, 1810.8283582089553)",TM7,0,9989
"(1164.6029411764705, 1854.514705882353)",Rothia,0,9990
"(1167.3510638297873, 1893.0)",Veillonella,0,9991
"(1167.0859375, 1968.09375)",TM7,0,9992
"(1166.3703703703704, 926.5370370370371)",Rothia,0,9994
"(1168.7560975609756, 1355.8658536585365)",Lautropia,0,9998
"(1167.126984126984, 1436.6507936507937)",TM7,0,9999
"(1168.4905660377358, 23.245283018867923)",Veillonella,0,10003
"(1166.016393442623, 201.0655737704918)",Gemella,0,10004
"(1172.101851851852, 342.3240740740741)",TM7,0,10005
"(1166.1875, 692.84375)",Lautropia,0,10006
"(1167.9066666666668, 974.8)",Rothia,0,10007
"(1165.921875, 1110.4375)",Rothia,0,10008
"(1170.3333333333333, 254.07246376811594)",TM7,0,10010
"(1169.0106382978724, 294.6595744680851)",Prevotella,0,10012
"(1168.808988764045, 597.4494382022472)",Fusobacterium,0,10013
"(1169.7733333333333, 728.0133333333333)",Lautropia,0,10014
"(1168.482142857143, 1125.3035714285713)",Lautropia,0,10015
"(1172.798611111111, 1450.5)",Gemella,0,10017
"(1167.6829268292684, 1611.9512195121952)",Lautropia,0,10018
"(1170.235294117647, 1827.485294117647)",Prevotella,0,10019
"(1172.3584905660377, 1914.9874213836479)",Gemella,0,10020
"(1171.6025641025642, 48.15384615384615)",Treponema,0,10021
"(1171.1704545454545, 356.54545454545456)",Gemella,0,10022
"(1170.741935483871, 764.7204301075269)",Rothia,0,10026
"(1171.4135338345864, 862.8496240601504)",TM7,0,10028
"(1169.6351351351352, 913.1486486486486)",Fusobacterium,0,10029
"(1169.6666666666667, 1077.2)",Rothia,0,10030
"(1172.0777777777778, 1217.1333333333334)",Neisseriaceae,0,10032
"(1168.9264705882354, 1341.0588235294117)",Prevotella,0,10033
"(1171.44, 1424.08)",TM7,0,10035
"(1170.4, 1564.8375)",Leptotrichia,0,10036
"(1168.483870967742, 1748.1935483870968)",Veillonella,0,10037
"(1169.2203389830509, 1774.050847457627)",Streptococcus,0,10038
"(1170.0597014925372, 69.0)",Rothia,0,10039
"(1170.109375, 208.625)",Rothia,0,10040
"(1169.909090909091, 314.469696969697)",Neisseriaceae,0,10041
"(1171.4303797468353, 843.8227848101266)",Fusobacterium,0,10044
"(1169.6753246753246, 1289.025974025974)",Capnocytophaga,0,10046
"(1169.9666666666667, 1545.3166666666666)",Rothia,0,10048
"(1175.094827586207, 1682.6206896551723)",Gemella,0,10049
"(1170.6527777777778, 1843.9027777777778)",Lautropia,0,10050
"(1170.3921568627452, 469.1764705882353)",Actinomyces,0,10051
"(1170.875, 746.85)",Veillonella,0,10052
"(1171.290909090909, 1165.1454545454546)",Fusobacterium,0,10053
"(1175.060606060606, 1389.2727272727273)",Gemella,0,10054
"(1170.22, 1867.96)",Streptococcus,0,10057
"(1172.6923076923076, 81.38461538461539)",Leptotrichia,0,10058
"(1174.0, 1136.5964912280701)",Lautropia,0,10062
"(1172.642857142857, 1202.0285714285715)",Treponema,0,10064
"(1172.888888888889, 1464.3703703703704)",Treponema,0,10066
"(1172.015625, 1507.265625)",Lautropia,0,10067
"(1175.2357142857143, 1661.2642857142857)",Capnocytophaga,0,10068
"(1175.0875, 92.575)",TM7,0,10069
"(1173.7777777777778, 420.35185185185185)",Lautropia,0,10072
"(1175.6974789915967, 560.6134453781513)",Gemella,0,10074
"(1176.8039215686274, 779.2843137254902)",Gemella,0,10075
"(1173.1176470588234, 1640.3294117647058)",Actinomyces,0,10077
"(1173.8688524590164, 1696.5081967213114)",Rothia,0,10078
"(1172.8703703703704, 1760.9814814814815)",Lautropia,0,10079
"(1174.7142857142858, 1934.2)",Lautropia,0,10080
"(1172.84, 177.12)",Prevotella,0,10081
"(1175.0, 409.92)",Veillonella,0,10082
"(1173.4578313253012, 578.1686746987951)",Leptotrichia,0,10083
"(1178.945652173913, 813.1630434782609)",Rothia,0,10085
"(1177.59375, 931.359375)",Prevotella,0,10087
"(1177.1044776119404, 958.1194029850747)",Rothia,0,10088
"(1172.8867924528302, 1237.132075471698)",Streptococcus,0,10089
"(1173.2826086956522, 1261.195652173913)",Gemella,0,10090
"(1174.5961538461538, 1578.4423076923076)",Gemella,0,10091
"(1174.017857142857, 1947.482142857143)",TM7,0,10093
"(1178.0833333333333, 443.6145833333333)",TM7,0,10094
"(1177.7260273972602, 503.17808219178085)",Fusobacterium,0,10095
"(1177.3589743589744, 534.2948717948718)",Prevotella,0,10096
"(1175.4125, 677.4375)",Gemella,0,10097
"(1180.0833333333333, 1521.638888888889)",Treponema,0,10100
"(1176.1929824561403, 1707.140350877193)",Fusobacterium,0,10101
"(1175.078431372549, 161.07843137254903)",TM7,0,10103
"(1176.1571428571428, 192.87142857142857)",Gemella,0,10104
"(1175.6984126984128, 280.06349206349205)",Gemella,0,10106
"(1179.9351851851852, 327.7962962962963)",Veillonella,0,10107
"(1176.7857142857142, 999.797619047619)",TM7,0,10110
"(1175.581818181818, 1051.8)",Gemella,0,10111
"(1176.6315789473683, 1190.280701754386)",Veillonella,0,10113
"(1177.2835820895523, 1277.44776119403)",Lautropia,0,10114
"(1177.4137931034484, 1500.6724137931035)",Fusobacterium,0,10115
"(1178.46, 1887.54)",TM7,0,10118
"(1179.2857142857142, 1031.2857142857142)",Veillonella,0,10124
"(1179.32, 1107.02)",Rothia,0,10125
"(1176.659090909091, 1736.2045454545455)",Prevotella,0,10128
"(1180.0384615384614, 105.35576923076923)",Actinomyces,0,10129
"(1178.1940298507463, 793.8955223880597)",Capnocytophaga,0,10132
"(1178.85, 1016.0666666666667)",Fusobacterium,0,10133
"(1178.65, 1154.7166666666667)",TM7,0,10134
"(1188.0137931034483, 1557.855172413793)",Lautropia,0,10136
"(1179.423076923077, 6.8076923076923075)",Selenomonas,0,10138
"(1180.2631578947369, 259.5394736842105)",Capnocytophaga,0,10139
"(1180.0961538461538, 379.86538461538464)",Treponema,0,10140
"(1182.9253731343283, 430.5820895522388)",Gemella,0,10141
"(1179.4938271604938, 519.6666666666666)",Actinomyces,0,10142
"(1183.2685185185185, 905.1944444444445)",Rothia,0,10143
"(1178.3833333333334, 1325.0833333333333)",Gemella,0,10145
"(1181.861111111111, 1719.1666666666667)",Rothia,0,10146
"(1178.9615384615386, 1873.8461538461538)",Campylobacter,0,10147
"(1179.52, 393.46)",Streptococcus,0,10150
"(1179.968253968254, 1815.8095238095239)",Lautropia,0,10156
"(1182.144144144144, 19.00900900900901)",Rothia,0,10157
"(1180.566265060241, 300.32530120481925)",Rothia,0,10159
"(1183.4, 313.57142857142856)",Rothia,0,10160
"(1182.4246575342465, 843.1506849315068)",TM7,0,10163
"(1180.3333333333333, 974.4444444444445)",Rothia,0,10164
"(1182.8510638297873, 1365.9255319148936)",Fusobacterium,0,10168
"(1182.26, 1631.16)",TM7,0,10172
"(1181.1969696969697, 1836.878787878788)",Rothia,0,10175
"(1181.1176470588234, 1858.8676470588234)",Lautropia,0,10176
"(1182.3709677419354, 70.29032258064517)",Rothia,0,10177
"(1185.078125, 164.359375)",Capnocytophaga,0,10179
"(1181.7142857142858, 633.4571428571429)",Lautropia,0,10180
"(1183.341463414634, 765.3414634146342)",Lautropia,0,10182
"(1182.7966101694915, 1073.2372881355932)",Lautropia,0,10183
"(1181.8363636363636, 1171.6727272727273)",Prevotella,0,10184
"(1182.4358974358975, 1241.2820512820513)",TM7,0,10185
"(1183.6181818181817, 1253.9272727272728)",Veillonella,0,10186
"(1184.6138613861385, 1571.5346534653465)",Fusobacterium,0,10187
"(1181.3333333333333, 1773.5)",Lautropia,0,10188
"(1181.98, 457.68)",Lautropia,0,10192
"(1182.9830508474577, 491.66101694915255)",Lautropia,0,10194
"(1188.702479338843, 550.6528925619834)",Pasteurellaceae,0,10195
"(1184.553846153846, 704.3538461538461)",Veillonella,0,10196
"(1183.4516129032259, 874.5483870967741)",Rothia,0,10197
"(1184.25, 1431.8676470588234)",Leptotrichia,0,10198
"(1183.2592592592594, 1598.9444444444443)",Gemella,0,10200
"(1183.611111111111, 1954.6666666666667)",Lautropia,0,10201
"(1183.8, 369.6)",Treponema,0,10203
"(1185.8169014084508, 605.5352112676056)",Actinomyces,0,10204
"(1184.5098039215686, 661.0)",Selenomonas,0,10206
"(1185.035294117647, 748.7647058823529)",Rothia,0,10207
"(1184.4545454545455, 1965.8)",Actinomyces,0,10211
"(1185.0754716981132, 154.20754716981133)",Gemella,0,10212
"(1187.0686274509803, 183.65686274509804)",Capnocytophaga,0,10213
"(1186.7301587301588, 689.7142857142857)",Pasteurellaceae,0,10216
"(1185.2884615384614, 1085.1538461538462)",Gemella,0,10217
"(1186.657894736842, 1213.75)",Veillonella,0,10219
"(1186.344262295082, 1587.0)",Fusobacterium,0,10221
"(1185.9101123595506, 1797.4943820224719)",Lautropia,0,10222
"(1186.855072463768, 719.6376811594203)",Lautropia,0,10225
"(1186.21875, 1512.234375)",Gemella,0,10228
"(1187.2888888888888, 119.43333333333334)",Lautropia,0,10233
"(1187.04, 245.12)",Treponema,0,10234
"(1189.03, 287.58)",Gemella,0,10235
"(1187.9431818181818, 416.7386363636364)",Prevotella,0,10236
"(1186.2539682539682, 586.015873015873)",Fusobacterium,0,10237
"(1188.1333333333334, 861.7066666666667)",Rothia,0,10238
"(1188.5338983050847, 1199.6949152542372)",Lautropia,0,10240
"(1186.9855072463768, 1649.855072463768)",Porphyromonas,0,10244
"(1186.4788732394366, 1896.8450704225352)",Lautropia,0,10246
"(1185.7457627118645, 1931.2711864406779)",Prevotella,0,10247
"(1186.6363636363637, 48.61818181818182)",Campylobacter,0,10248
"(1192.1153846153845, 337.88461538461536)",Prevotella,0,10249
"(1187.3103448275863, 351.1896551724138)",Neisseriaceae,0,10250
"(1190.8715596330276, 888.7614678899082)",Gemella,0,10253
"(1190.5432098765432, 1047.4444444444443)",Actinomyces,0,10255
"(1189.705357142857, 1062.232142857143)",Lautropia,0,10256
"(1190.3714285714286, 1624.0)",Lautropia,0,10258
"(1193.8443113772455, 1855.9520958083833)",Treponema,0,10259
"(1190.4268292682927, 826.9634146341464)",Rothia,0,10262
"(1189.6615384615384, 1672.9076923076923)",Treponema,0,10265
"(1190.1358024691358, 1756.6049382716049)",Rothia,0,10268
"(1188.787037037037, 1818.4444444444443)",Actinomyces,0,10269
"(1191.9310344827586, 1974.5747126436781)",TM7,0,10270
"(1188.671875, 1989.5)",Gemella,0,10271
"(1189.7611940298507, 618.9402985074627)",Veillonella,0,10274
"(1190.1509433962265, 801.1698113207547)",Gemella,0,10276
"(1191.0864197530864, 1095.469135802469)",Lautropia,0,10277
"(1191.971264367816, 1266.9367816091954)",Veillonella,0,10279
"(1190.375, 1286.8035714285713)",Prevotella,0,10280
"(1189.6172839506173, 1490.1234567901236)",Prevotella,0,10281
"(1190.9807692307693, 1544.0)",Lautropia,0,10282
"(1191.7962962962963, 1162.2592592592594)",TM7,0,10286
"(1192.4623655913979, 1410.4086021505377)",Veillonella,0,10287
"(1194.448717948718, 1464.7435897435898)",TM7,0,10288
"(1196.3125, 1476.34375)",Leptotrichia,0,10289
"(1192.1694915254238, 1599.050847457627)",TM7,0,10290
"(1192.5106382978724, 1882.6170212765958)",Rothia,0,10291
"(1191.6451612903227, 200.51612903225808)",Gemella,0,10293
"(1196.16091954023, 212.10344827586206)",Lautropia,0,10294
"(1198.6238532110092, 432.8073394495413)",Rothia,0,10295
"(1191.0, 536.8674698795181)",Prevotella,0,10297
"(1194.320512820513, 650.7051282051282)",Gemella,0,10299
"(1192.3538461538462, 926.1384615384616)",TM7,0,10300
"(1196.152, 1123.552)",Fusobacterium,0,10301
"(1193.2181818181818, 1235.2727272727273)",TM7,0,10302
"(1193.530303030303, 1397.030303030303)",Lautropia,0,10303
"(1193.084745762712, 1422.0)",TM7,0,10304
"(1193.2142857142858, 1782.375)",Gemella,0,10308
"(1192.016393442623, 1912.360655737705)",TM7,0,10309
"(1193.0, 518.8852459016393)",Capnocytophaga,0,10312
"(1192.9, 678.6875)",Fusobacterium,0,10313
"(1196.4588235294118, 732.4470588235295)",Rothia,0,10314
"(1196.4594594594594, 1333.1486486486488)",Gemella,0,10318
"(1193.6486486486488, 1349.6081081081081)",Veillonella,0,10319
"(1194.017543859649, 26.210526315789473)",Prevotella,0,10320
"(1197.764705882353, 87.19607843137256)",Capnocytophaga,0,10321
"(1193.3103448275863, 257.9655172413793)",Veillonella,0,10322
"(1193.9277108433735, 273.0722891566265)",Gemella,0,10323
"(1194.6379310344828, 759.4310344827586)",Neisseriaceae,0,10326
"(1199.1417322834645, 815.1417322834645)",Prevotella,0,10327
"(1194.142857142857, 1299.142857142857)",Lautropia,0,10329
"(1193.7962962962963, 1727.4259259259259)",Prevotella,0,10331
"(1196.4772727272727, 136.65151515151516)",Treponema,0,10333
"(1196.7777777777778, 311.36507936507934)",Lautropia,0,10334
"(1197.25, 323.65)",TM7,0,10335
"(1195.3382352941176, 564.6764705882352)",Prevotella,0,10337
"(1195.9, 629.7333333333333)",Rothia,0,10338
"(1196.9166666666667, 1022.0)",TM7,0,10342
"(1198.1969696969697, 1324.8636363636363)",Selenomonas,0,10343
"(1200.0111111111112, 1448.5111111111112)",TM7,0,10345
"(1194.732142857143, 1637.3214285714287)",Leptotrichia,0,10346
"(1198.2408759124087, 394.3941605839416)",Prevotella,0,10352
"(1200.0860215053763, 465.741935483871)",Prevotella,0,10354
"(1197.078431372549, 577.5490196078431)",Gemella,0,10356
"(1197.764705882353, 596.5764705882353)",Neisseriaceae,0,10357
"(1197.0806451612902, 955.4193548387096)",Treponema,0,10358
"(1197.6133333333332, 1173.32)",Lautropia,0,10359
"(1198.34375, 1224.28125)",Leptotrichia,0,10360
"(1196.1896551724137, 1365.2413793103449)",Fusobacterium,0,10361
"(1196.8709677419354, 1745.6612903225807)",Lautropia,0,10363
"(1198.5, 74.70588235294117)",Veillonella,0,10364
"(1196.378048780488, 226.47560975609755)",Treponema,0,10365
"(1198.9814814814815, 695.925925925926)",Gemella,0,10367
"(1200.9915966386554, 776.2689075630252)",Rothia,0,10368
"(1196.5394736842106, 843.2236842105264)",TM7,0,10369
"(1197.107142857143, 904.0892857142857)",Pasteurellaceae,0,10370
"(1197.2777777777778, 1079.3703703703704)",Gemella,0,10371
"(1196.7096774193549, 1436.467741935484)",Lautropia,0,10372
"(1199.2337662337663, 1695.5194805194806)",Gemella,0,10373
"(1195.9285714285713, 1952.154761904762)",Actinomyces,0,10376
"(1199.5257731958764, 39.25773195876289)",Prevotella,0,10378
"(1207.3100436681223, 862.1921397379913)",Fusobacterium,0,10380
"(1200.1011235955057, 1110.752808988764)",TM7,0,10381
"(1196.6, 1188.55)",Streptococcus,0,10382
"(1200.7857142857142, 1502.857142857143)",TM7,0,10383
"(1200.1969696969697, 1522.060606060606)",Treponema,0,10384
"(1198.076923076923, 1893.6153846153845)",Actinomyces,0,10385
"(1197.137254901961, 1934.1960784313726)",Veillonella,0,10386
"(1198.135593220339, 54.88135593220339)",Gemella,0,10387
"(1205.967213114754, 299.7295081967213)",Leptotrichia,0,10388
"(1200.9615384615386, 720.3461538461538)",Gemella,0,10390
"(1198.9484536082475, 1535.2886597938145)",Prevotella,0,10391
"(1199.4601769911505, 1583.646017699115)",Lautropia,0,10392
"(1198.46, 1648.14)",Prevotella,0,10393
"(1201.5915492957747, 638.8450704225352)",Fusobacterium,0,10395
"(1201.620253164557, 748.6582278481013)",Rothia,0,10396
"(1201.7131782945737, 1007.7596899224807)",Prevotella,0,10397
"(1200.672131147541, 1993.9016393442623)",Gemella,0,10399
"(1207.826923076923, 100.0673076923077)",Fusobacterium,0,10400
"(1199.9107142857142, 169.57142857142858)",Rothia,0,10401
"(1202.4157303370787, 791.370786516854)",Prevotella,0,10403
"(1201.3333333333333, 989.984126984127)",Rothia,0,10404
"(1205.736111111111, 1137.9930555555557)",Gemella,0,10405
"(1200.767857142857, 1803.267857142857)",Lautropia,0,10408
"(1201.1029411764705, 1827.8970588235295)",Fusobacterium,0,10409
"(1202.7611940298507, 1965.9253731343283)",Rothia,0,10410
"(1204.037037037037, 64.11111111111111)",Actinomyces,0,10411
"(1210.625, 159.81617647058823)",Pasteurellaceae,0,10413
"(1203.8666666666666, 343.3222222222222)",TM7,0,10414
"(1205.7777777777778, 706.7407407407408)",Streptococcus,0,10416
"(1202.04, 973.368)",Fusobacterium,0,10418
"(1202.322033898305, 1041.7711864406779)",Pasteurellaceae,0,10419
"(1204.939393939394, 1212.888888888889)",Fusobacterium,0,10421
"(1204.3731343283582, 1385.9253731343283)",Treponema,0,10423
"(1203.6666666666667, 20.0)",TM7,0,10425
"(1202.132075471698, 485.47169811320754)",Veillonella,0,10427
"(1203.2037037037037, 1161.3703703703704)",TM7,0,10428
"(1205.425, 1678.5)",TM7,0,10431
"(1205.622950819672, 1788.016393442623)",TM7,0,10432
"(1205.0, 5.854838709677419)",Campylobacter,0,10433
"(1204.0, 509.969696969697)",Lautropia,0,10438
"(1203.7868852459017, 536.9672131147541)",Fusobacterium,0,10439
"(1207.125, 551.4791666666666)",Gemella,0,10440
"(1205.857142857143, 608.6753246753246)",Lautropia,0,10441
"(1209.513698630137, 622.7328767123288)",Rothia,0,10442
"(1207.592105263158, 675.3684210526316)",Rothia,0,10443
"(1202.22, 1288.88)",TM7,0,10447
"(1204.967741935484, 1373.983870967742)",TM7,0,10448
"(1205.4444444444443, 1713.1604938271605)",Rothia,0,10449
"(1210.2881355932204, 1837.2542372881355)",Fusobacterium,0,10450
"(1204.6896551724137, 1906.1264367816093)",Fusobacterium,0,10451
"(1205.2407407407406, 245.27777777777777)",Treponema,0,10452
"(1208.5098039215686, 268.9019607843137)",Lautropia,0,10453
"(1207.71875, 689.1666666666666)",Fusobacterium,0,10455
"(1206.5128205128206, 948.1666666666666)",Fusobacterium,0,10458
"(1203.433962264151, 1360.2264150943397)",TM7,0,10460
"(1207.546875, 1949.0546875)",Leptotrichia,0,10465
"(1206.0677966101696, 407.59322033898303)",Actinomyces,0,10466
"(1206.6271186440679, 453.79661016949154)",Gemella,0,10467
"(1206.8360655737704, 902.2950819672132)",Treponema,0,10469
"(1205.328125, 1094.125)",Lautropia,0,10470
"(1210.2413793103449, 1280.5632183908046)",Gemella,0,10471
"(1208.6785714285713, 1342.047619047619)",Gemella,0,10473
"(1206.2142857142858, 1600.9464285714287)",Lautropia,0,10475
"(1208.9772727272727, 175.6818181818182)",Veillonella,0,10477
"(1206.4343434343434, 358.74747474747477)",Gemella,0,10478
"(1207.5344827586207, 736.8103448275862)",Fusobacterium,0,10479
"(1207.2037037037037, 823.6111111111111)",Veillonella,0,10480
"(1206.2716049382716, 921.1604938271605)",Rothia,0,10481
"(1209.442857142857, 1000.8)",Rothia,0,10482
"(1210.3694267515923, 1246.2547770700637)",Streptococcus,0,10483
"(1207.295081967213, 1423.311475409836)",Rothia,0,10484
"(1209.7317073170732, 1668.6951219512196)",Neisseriaceae,0,10485
"(1208.6703296703297, 1757.065934065934)",Actinomyces,0,10486
"(1211.6846846846847, 254.8918918918919)",Veillonella,0,10488
"(1211.845238095238, 328.17857142857144)",TM7,0,10489
"(1215.0217391304348, 769.1086956521739)",Lautropia,0,10493
"(1210.18, 1293.78)",Actinomyces,0,10494
"(1209.0833333333333, 1402.1166666666666)",Gemella,0,10495
"(1212.7475728155339, 1465.2330097087379)",Rothia,0,10496
"(1207.6181818181817, 1882.6909090909091)",Lautropia,0,10500
"(1207.859649122807, 124.52631578947368)",Gemella,0,10503
"(1210.275, 525.4875)",Treponema,0,10504
"(1211.4027777777778, 1184.513888888889)",Gemella,0,10505
"(1209.0229885057472, 1198.2413793103449)",Leptotrichia,0,10506
"(1213.3225806451612, 1722.3225806451612)",TM7,0,10511
"(1208.2884615384614, 1980.6538461538462)",Leptotrichia,0,10512
"(1212.0, 144.17441860465115)",TM7,0,10514
"(1211.0958083832336, 378.0898203592814)",Treponema,0,10517
"(1211.1194029850747, 571.2388059701492)",Fusobacterium,0,10518
"(1213.2539682539682, 643.6507936507936)",Fusobacterium,0,10519
"(1211.2222222222222, 1082.7037037037037)",Actinomyces,0,10522
"(1214.7, 1355.88)",Veillonella,0,10525
"(1214.465909090909, 1992.840909090909)",Treponema,0,10526
"(1214.550847457627, 83.61864406779661)",Rothia,0,10527
"(1210.5, 311.5)",Rothia,0,10529
"(1215.4615384615386, 883.5714285714286)",Gemella,0,10530
"(1216.8727272727272, 1540.6727272727273)",TM7,0,10532
"(1210.72131147541, 1574.622950819672)",Lautropia,0,10533
"(1214.2014388489208, 1629.3956834532373)",Treponema,0,10534
"(1212.1290322580646, 1819.7096774193549)",Fusobacterium,0,10535
"(1212.5882352941176, 1932.078431372549)",Porphyromonas,0,10536
"(1214.673076923077, 32.90384615384615)",Veillonella,0,10537
"(1212.0, 191.35714285714286)",Lautropia,0,10539
"(1217.4795918367347, 937.4285714285714)",Fusobacterium,0,10541
"(1215.364406779661, 1072.1949152542372)",Treponema,0,10542
"(1212.27868852459, 1562.377049180328)",Actinomyces,0,10544
"(1214.709090909091, 1597.509090909091)",Lautropia,0,10545
"(1214.450980392157, 654.6274509803922)",Prevotella,0,10549
"(1213.0307692307692, 1020.0153846153846)",Prevotella,0,10552
"(1216.76, 1101.8133333333333)",Fusobacterium,0,10553
"(1215.5, 1453.982142857143)",TM7,0,10555
"(1212.94, 1524.0)",Lautropia,0,10556
"(1215.7016129032259, 1653.008064516129)",Rothia,0,10558
"(1213.6049382716049, 1777.9012345679012)",Prevotella,0,10559
"(1213.7272727272727, 1859.509090909091)",Veillonella,0,10561
"(1214.109375, 207.140625)",Lautropia,0,10562
"(1219.5806451612902, 584.1075268817204)",Lautropia,0,10564
"(1215.7349397590363, 801.0722891566265)",Prevotella,0,10565
"(1213.342105263158, 1031.1052631578948)",TM7,0,10567
"(1216.6195652173913, 1118.554347826087)",Veillonella,0,10569
"(1216.4135338345864, 1478.96992481203)",TM7,0,10571
"(1214.611111111111, 1585.0925925925926)",Leptotrichia,0,10572
"(1214.4044943820224, 1742.4157303370787)",Gemella,0,10573
"(1218.4255319148936, 1796.563829787234)",Capnocytophaga,0,10574
"(1217.0384615384614, 1811.474358974359)",Rothia,0,10575
"(1220.0212765957447, 288.3936170212766)",Veillonella,0,10577
"(1215.8759124087592, 434.5839416058394)",Campylobacter,0,10578
"(1217.090909090909, 560.9636363636364)",Fusobacterium,0,10579
"(1216.925, 754.675)",Fusobacterium,0,10581
"(1215.5816326530612, 1169.7244897959183)",Lautropia,0,10583
"(1215.8620689655172, 1314.0862068965516)",Capnocytophaga,0,10584
"(1219.1981981981983, 7.837837837837838)",Fusobacterium,0,10586
"(1215.0, 732.2181818181818)",Fusobacterium,0,10588
"(1218.9733333333334, 910.4)",Lautropia,0,10589
"(1215.3015873015872, 1153.7777777777778)",Rothia,0,10590
"(1216.1940298507463, 1701.0149253731342)",TM7,0,10591
"(1214.94, 1895.0)",Veillonella,0,10592
"(1223.554794520548, 121.67808219178082)",Gemella,0,10594
"(1218.8987341772151, 457.2025316455696)",Lautropia,0,10595
"(1218.144927536232, 604.3768115942029)",TM7,0,10597
"(1216.808988764045, 783.2134831460675)",Rothia,0,10598
"(1218.97, 1229.01)",Gemella,0,10599
"(1218.051724137931, 1499.4137931034484)",Pasteurellaceae,0,10600
"(1220.8294573643411, 104.50387596899225)",Veillonella,0,10602
"(1219.5164835164835, 1260.923076923077)",Pasteurellaceae,0,10605
"(1220.234375, 1300.046875)",Lautropia,0,10606
"(1217.18, 1327.9)",Rothia,0,10607
"(1219.75, 1430.703125)",TM7,0,10609
"(1217.2592592592594, 1511.7407407407406)",Campylobacter,0,10611
"(1221.1686746987953, 1980.9156626506024)",Gemella,0,10613
"(1221.3478260869565, 350.40579710144925)",Gemella,0,10614
"(1222.70987654321, 709.1358024691358)",Veillonella,0,10616
"(1219.844155844156, 1043.2207792207791)",Prevotella,0,10617
"(1222.0357142857142, 1867.7738095238096)",Lautropia,0,10621
"(1220.75, 240.33653846153845)",Campylobacter,0,10623
"(1221.1860465116279, 538.2906976744187)",Lautropia,0,10625
"(1221.388888888889, 816.2380952380952)",Actinomyces,0,10627
"(1224.3829787234042, 950.531914893617)",Rothia,0,10628
"(1219.6346153846155, 1195.9807692307693)",Lautropia,0,10629
"(1221.037037037037, 1275.1296296296296)",Streptococcus,0,10630
"(1222.3733333333332, 19.813333333333333)",Rothia,0,10632
"(1220.6612903225807, 138.1451612903226)",Gemella,0,10633
"(1224.173076923077, 265.88461538461536)",Gemella,0,10634
"(1220.5714285714287, 666.2410714285714)",Gemella,0,10635
"(1221.1904761904761, 684.5238095238095)",Gemella,0,10636
"(1226.1785714285713, 835.1785714285714)",TM7,0,10637
"(1220.5593220338983, 961.6271186440678)",Rothia,0,10638
"(1220.6181818181817, 1141.0181818181818)",Lautropia,0,10639
"(1221.0185185185185, 1944.8333333333333)",TM7,0,10641
"(1221.6666666666667, 615.2456140350877)",TM7,0,10648
"(1224.76, 724.68)",Veillonella,0,10649
"(1223.75, 858.19)",TM7,0,10650
"(1221.5949367088608, 1612.607594936709)",Fusobacterium,0,10653
"(1222.3272727272727, 1957.6363636363637)",Lautropia,0,10654
"(1222.388888888889, 60.291666666666664)",Veillonella,0,10655
"(1222.1714285714286, 191.02857142857144)",Rothia,0,10657
"(1226.7439024390244, 420.8048780487805)",Prevotella,0,10659
"(1226.945945945946, 787.027027027027)",TM7,0,10660
"(1223.425, 894.95)",Lautropia,0,10661
"(1224.0344827586207, 985.3275862068965)",Prevotella,0,10662
"(1223.921568627451, 1004.1176470588235)",Prevotella,0,10663
"(1226.2718446601941, 1396.3592233009708)",Veillonella,0,10665
"(1223.7735849056603, 276.45283018867923)",Actinomyces,0,10669
"(1224.2363636363636, 301.76363636363635)",TM7,0,10670
"(1223.338028169014, 635.169014084507)",Prevotella,0,10671
"(1224.453125, 1408.765625)",Capnocytophaga,0,10675
"(1225.9882352941177, 1669.235294117647)",Leptotrichia,0,10676
"(1223.140625, 1761.5625)",Rothia,0,10677
"(1223.301886792453, 1835.811320754717)",Rothia,0,10678
"(1225.4918032786886, 167.49180327868854)",Treponema,0,10680
"(1224.375, 220.38888888888889)",Porphyromonas,0,10681
"(1225.0740740740741, 399.8333333333333)",Lautropia,0,10683
"(1230.58, 972.29)",Veillonella,0,10685
"(1226.139534883721, 1576.8488372093022)",Selenomonas,0,10688
"(1226.8970588235295, 323.8970588235294)",Rothia,0,10691
"(1225.9558823529412, 514.9411764705883)",Gemella,0,10695
"(1227.0545454545454, 741.5818181818182)",Capnocytophaga,0,10696
"(1225.1153846153845, 1054.173076923077)",Rothia,0,10697
"(1227.5081967213114, 1133.8852459016393)",Lautropia,0,10698
"(1225.8947368421052, 1379.2105263157894)",Capnocytophaga,0,10701
"(1231.7894736842106, 1440.7456140350878)",Rothia,0,10702
"(1226.1971830985915, 1592.2112676056338)",TM7,0,10704
"(1229.1315789473683, 1681.3026315789473)",Porphyromonas,0,10706
"(1227.9857142857143, 436.2)",Capnocytophaga,0,10709
"(1226.54, 1309.2)",Gemella,0,10713
"(1230.5873015873017, 1891.6190476190477)",TM7,0,10717
"(1228.7236842105262, 84.98684210526316)",Fusobacterium,0,10718
"(1229.4492753623188, 760.304347826087)",TM7,0,10719
"(1228.0694444444443, 871.0833333333334)",Gemella,0,10720
"(1230.4857142857143, 922.2)",Prevotella,0,10721
"(1227.0701754385964, 1514.5438596491229)",Lautropia,0,10723
"(1227.7956989247311, 1747.720430107527)",Gemella,0,10725
"(1229.6893203883494, 1822.4174757281553)",TM7,0,10726
"(1227.7674418604652, 1852.546511627907)",Fusobacterium,0,10727
"(1228.1772151898733, 569.3164556962025)",Gemella,0,10729
"(1232.2222222222222, 797.4126984126984)",Gemella,0,10730
"(1230.6404494382023, 1091.3595505617977)",Veillonella,0,10731
"(1228.8461538461538, 1805.326923076923)",Treponema,0,10733
"(1230.2465753424658, 36.43835616438356)",TM7,0,10735
"(1232.548076923077, 1173.2211538461538)",Leptotrichia,0,10738
"(1230.1176470588234, 1421.7058823529412)",Lautropia,0,10739
"(1232.3382352941176, 51.411764705882355)",Fusobacterium,0,10743
"(1234.3106796116506, 180.3495145631068)",TM7,0,10744
"(1232.4833333333333, 485.4166666666667)",Fusobacterium,0,10746
"(1232.0, 527.5428571428571)",Veillonella,0,10747
"(1231.0857142857142, 552.4571428571429)",TM7,0,10748
"(1231.6271186440679, 1370.6440677966102)",Lautropia,0,10754
"(1231.467741935484, 1624.8870967741937)",TM7,0,10756
"(1229.6097560975609, 1905.780487804878)",Gemella,0,10757
"(1235.7433628318583, 1992.716814159292)",Treponema,0,10759
"(1234.073394495413, 8.81651376146789)",Campylobacter,0,10760
"(1232.6338028169014, 71.30985915492958)",Fusobacterium,0,10761
"(1233.1973684210527, 143.05263157894737)",Treponema,0,10762
"(1232.1216216216217, 386.3783783783784)",Veillonella,0,10763
"(1232.5555555555557, 502.75925925925924)",Rothia,0,10764
"(1234.7518248175184, 1223.0)",Campylobacter,0,10768
"(1232.0833333333333, 1481.8020833333333)",TM7,0,10771
"(1233.225806451613, 1604.0967741935483)",Fusobacterium,0,10772
"(1233.6829268292684, 1708.0243902439024)",Gemella,0,10773
"(1232.1363636363637, 1722.7272727272727)",Fusobacterium,0,10774
"(1233.2241379310344, 197.36206896551724)",Gemella,0,10776
"(1233.1641791044776, 627.9402985074627)",TM7,0,10777
"(1233.313432835821, 658.9850746268656)",TM7,0,10778
"(1237.4819277108434, 961.6024096385543)",TM7,0,10780
"(1233.7761194029852, 251.08955223880596)",Rothia,0,10786
"(1234.7, 360.54)",Gemella,0,10787
"(1234.4603174603174, 614.9206349206349)",Rothia,0,10789
"(1234.6119402985075, 902.1343283582089)",TM7,0,10792
"(1239.0797101449275, 907.536231884058)",Campylobacter,0,10793
"(1237.3873873873874, 941.7387387387388)",Prevotella,0,10794
"(1235.5, 1031.0)",Gemella,0,10795
"(1240.172932330827, 1072.3834586466166)",Prevotella,0,10796
"(1233.9268292682927, 1542.6463414634147)",Rothia,0,10798
"(1235.909090909091, 1658.0389610389611)",Rothia,0,10799
"(1236.063492063492, 1976.904761904762)",TM7,0,10800
"(1237.264705882353, 24.441176470588236)",Veillonella,0,10801
"(1234.2, 227.0)",Veillonella,0,10803
"(1235.1639344262296, 280.95081967213116)",TM7,0,10804
"(1235.54, 373.3)",Capnocytophaga,0,10806
"(1236.5714285714287, 600.3809523809524)",TM7,0,10807
"(1234.1960784313726, 680.1176470588235)",Prevotella,0,10808
"(1237.0636363636363, 1296.3909090909092)",Fusobacterium,0,10810
"(1235.898148148148, 1455.4444444444443)",Gemella,0,10811
"(1235.3432835820895, 1560.1940298507463)",Gemella,0,10812
"(1238.8333333333333, 1690.0777777777778)",Prevotella,0,10813
"(1237.0923076923077, 1963.4307692307693)",Gemella,0,10816
"(1235.3636363636363, 100.21212121212122)",Neisseriaceae,0,10817
"(1239.3536585365853, 114.96341463414635)",TM7,0,10818
"(1237.0919540229886, 214.48275862068965)",Rothia,0,10819
"(1237.9195402298851, 470.58620689655174)",Fusobacterium,0,10821
"(1236.3142857142857, 810.0)",Prevotella,0,10822
"(1237.6907216494844, 853.2061855670103)",Prevotella,0,10823
"(1237.2434782608696, 883.4695652173913)",Fusobacterium,0,10824
"(1237.72131147541, 1182.5245901639344)",Lautropia,0,10825
"(1238.5056179775281, 1196.8539325842696)",Streptococcus,0,10826
"(1235.7142857142858, 1523.3392857142858)",TM7,0,10828
"(1238.9864864864865, 442.31081081081084)",Rothia,0,10831
"(1239.982142857143, 586.9345238095239)",Lautropia,0,10833
"(1236.25, 639.5535714285714)",Gemella,0,10834
"(1241.0075187969924, 710.9774436090225)",Fusobacterium,0,10836
"(1238.4938271604938, 727.1358024691358)",Prevotella,0,10837
"(1238.2142857142858, 1209.6964285714287)",TM7,0,10839
"(1236.9142857142858, 1258.3)",Leptotrichia,0,10840
"(1240.5795454545455, 1756.3181818181818)",TM7,0,10842
"(1237.554054054054, 1935.5675675675675)",Gemella,0,10843
"(1238.1363636363637, 336.8030303030303)",Lautropia,0,10844
"(1238.7464788732395, 352.8169014084507)",Neisseriaceae,0,10845
"(1238.3636363636363, 397.6545454545454)",Prevotella,0,10846
"(1239.3406593406594, 413.4065934065934)",Fusobacterium,0,10847
"(1241.3478260869565, 672.4492753623189)",Gemella,0,10848
"(1239.7727272727273, 770.1818181818181)",Prevotella,0,10850
"(1237.6753246753246, 1054.3376623376623)",Lautropia,0,10851
"(1239.25, 1243.3214285714287)",Neisseriaceae,0,10853
"(1238.123287671233, 1427.3972602739725)",Lautropia,0,10854
"(1238.25, 1643.1015625)",TM7,0,10855
"(1237.6923076923076, 514.9807692307693)",Campylobacter,0,10859
"(1241.0967741935483, 1379.6989247311828)",Campylobacter,0,10864
"(1239.9661016949153, 1408.457627118644)",Prevotella,0,10865
"(1240.342105263158, 1587.5263157894738)",Rothia,0,10867
"(1240.2079207920792, 1865.8118811881188)",Leptotrichia,0,10868
"(1241.6022727272727, 1915.4318181818182)",Fusobacterium,0,10869
"(1243.3653846153845, 567.9519230769231)",Rothia,0,10871
"(1240.9354838709678, 1107.8548387096773)",TM7,0,10874
"(1242.6842105263158, 1320.3684210526317)",Treponema,0,10876
"(1241.1979166666667, 1788.75)",Gemella,0,10878
"(1240.5, 747.4)",TM7,0,10881
"(1250.4536585365854, 869.8146341463415)",Rothia,0,10883
"(1241.7777777777778, 1667.5666666666666)",Lautropia,0,10885
"(1244.1328671328672, 59.17482517482517)",Rothia,0,10886
"(1243.9411764705883, 243.1764705882353)",Lautropia,0,10887
"(1248.0, 325.63157894736844)",Gemella,0,10888
"(1244.1375, 988.3625)",TM7,0,10890
"(1242.9558823529412, 1468.3970588235295)",Fusobacterium,0,10892
"(1242.9259259259259, 1610.611111111111)",TM7,0,10893
"(1242.1142857142856, 39.714285714285715)",Gemella,0,10895
"(1243.8867924528302, 199.9056603773585)",Lautropia,0,10898
"(1244.8915662650602, 267.0722891566265)",Gemella,0,10899
"(1243.9607843137255, 372.0980392156863)",Gemella,0,10901
"(1241.4827586206898, 431.41379310344826)",Actinomyces,0,10902
"(1243.258064516129, 497.80645161290323)",Actinomyces,0,10903
"(1243.5584415584415, 1496.5194805194806)",Leptotrichia,0,10906
"(1243.9032258064517, 1809.1451612903227)",Gemella,0,10908
"(1245.284090909091, 1901.5568181818182)",Prevotella,0,10909
"(1246.0887096774193, 1948.983870967742)",TM7,0,10910
"(1246.6666666666667, 794.2962962962963)",Rothia,0,10916
"(1244.2537313432836, 1043.6268656716418)",Lautropia,0,10917
"(1245.0285714285715, 1331.1857142857143)",Gemella,0,10918
"(1244.1206896551723, 1622.1206896551723)",Pasteurellaceae,0,10919
"(1246.873015873016, 757.3015873015873)",TM7,0,10924
"(1244.0806451612902, 1393.516129032258)",Lautropia,0,10926
"(1244.7924528301887, 1480.6415094339623)",TM7,0,10927
"(1245.4358974358975, 1704.7820512820513)",Fusobacterium,0,10928
"(1249.410447761194, 1735.1268656716418)",Lautropia,0,10930
"(1246.9830508474577, 1888.3898305084747)",Lautropia,0,10931
"(1247.2, 95.26153846153846)",Campylobacter,0,10932
"(1247.313725490196, 189.94117647058823)",Actinomyces,0,10933
"(1246.3283582089553, 461.85074626865674)",Rothia,0,10936
"(1246.611111111111, 929.3333333333334)",Rothia,0,10940
"(1246.3157894736842, 1091.561403508772)",TM7,0,10941
"(1246.9807692307693, 1121.423076923077)",Lautropia,0,10942
"(1246.9827586206898, 1305.896551724138)",Campylobacter,0,10943
"(1247.9418604651162, 1573.0232558139535)",Prevotella,0,10945
"(1246.0238095238096, 1849.202380952381)",Pasteurellaceae,0,10946
"(1246.590909090909, 158.77272727272728)",Fusobacterium,0,10949
"(1249.2162162162163, 612.1621621621622)",Gemella,0,10951
"(1247.6486486486488, 687.472972972973)",Rothia,0,10952
"(1248.0172413793102, 1159.0)",Rothia,0,10955
"(1245.7241379310344, 1533.5689655172414)",Lautropia,0,10959
"(1248.396551724138, 221.63793103448276)",TM7,0,10961
"(1248.6538461538462, 400.0576923076923)",Fusobacterium,0,10962
"(1254.8524590163934, 446.9016393442623)",Fusobacterium,0,10963
"(1252.9213483146068, 658.7977528089888)",Prevotella,0,10965
"(1253.8068181818182, 700.9318181818181)",Lautropia,0,10966
"(1246.962962962963, 1277.7654320987654)",TM7,0,10969
"(1250.032258064516, 1719.1612903225807)",Rothia,0,10970
"(1247.7254901960785, 808.9019607843137)",Neisseriaceae,0,10975
"(1248.96, 917.22)",Lautropia,0,10976
"(1248.6470588235295, 1518.485294117647)",Prevotella,0,10977
"(1249.44, 1967.5733333333333)",Fusobacterium,0,10981
"(1254.1914893617022, 6.659574468085107)",Rothia,0,10982
"(1254.5862068965516, 145.91954022988506)",Rothia,0,10983
"(1252.6714285714286, 344.02142857142854)",Rothia,0,10984
"(1252.9171974522294, 512.891719745223)",Fusobacterium,0,10985
"(1253.0128205128206, 776.6153846153846)",Rothia,0,10986
"(1250.7611940298507, 1597.641791044776)",TM7,0,10989
"(1252.561403508772, 28.850877192982455)",Rothia,0,10990
"(1253.1470588235295, 943.6764705882352)",Prevotella,0,10992
"(1251.6666666666667, 1058.1884057971015)",Actinomyces,0,10993
"(1253.048, 1244.896)",Leptotrichia,0,10995
"(1252.6764705882354, 1337.8088235294117)",Gemella,0,10996
"(1252.879518072289, 1639.2771084337348)",Gemella,0,10998
"(1256.5202702702702, 1770.8648648648648)",Lautropia,0,10999
"(1252.0363636363636, 1863.509090909091)",Rothia,0,11000
"(1255.695238095238, 236.27619047619046)",TM7,0,11002
"(1252.7088607594937, 282.0)",Fusobacterium,0,11003
"(1252.4745762711864, 295.2881355932203)",Fusobacterium,0,11004
"(1252.0, 477.35185185185185)",Treponema,0,11006
"(1259.5286624203823, 642.3694267515923)",Rothia,0,11007
"(1257.0582524271845, 675.0)",Capnocytophaga,0,11008
"(1256.9714285714285, 1014.1190476190476)",Fusobacterium,0,11009
"(1257.040404040404, 1096.989898989899)",TM7,0,11010
"(1250.537037037037, 1138.037037037037)",Gemella,0,11011
"(1253.98, 1426.06)",Lautropia,0,11013
"(1252.8921568627452, 1439.3823529411766)",TM7,0,11014
"(1259.5106382978724, 89.27659574468085)",TM7,0,11017
"(1255.9473684210527, 310.0964912280702)",Lautropia,0,11018
"(1254.2972972972973, 363.4054054054054)",Lautropia,0,11019
"(1255.171052631579, 410.85526315789474)",Lautropia,0,11020
"(1251.4, 582.28)",Veillonella,0,11021
"(1255.2619047619048, 954.1547619047619)",Veillonella,0,11023
"(1258.0531914893618, 1182.6489361702127)",Gemella,0,11024
"(1255.6818181818182, 1212.0113636363637)",Leptotrichia,0,11025
"(1253.131868131868, 1227.032967032967)",Prevotella,0,11026
"(1254.86301369863, 1369.3150684931506)",Veillonella,0,11027
"(1254.86301369863, 1504.5616438356165)",Campylobacter,0,11028
"(1257.142857142857, 19.64835164835165)",Rothia,0,11029
"(1255.8807947019868, 427.63576158940396)",Pasteurellaceae,0,11033
"(1256.5882352941176, 529.8)",Gemella,0,11034
"(1256.076923076923, 619.5692307692308)",Lautropia,0,11035
"(1253.9846153846154, 1355.9692307692308)",TM7,0,11036
"(1255.964705882353, 1623.5529411764705)",Prevotella,0,11038
"(1255.0679611650485, 1681.7184466019417)",Streptococcus,0,11039
"(1257.7373737373737, 1993.4343434343434)",Gemella,0,11041
"(1254.38, 42.42)",Rothia,0,11042
"(1256.7972972972973, 599.4324324324324)",Rothia,0,11044
"(1254.72, 981.04)",Veillonella,0,11046
"(1254.7457627118645, 1408.593220338983)",Treponema,0,11047
"(1255.0947368421052, 1543.536842105263)",TM7,0,11049
"(1260.7798165137615, 1802.1926605504586)",Capnocytophaga,0,11051
"(1257.9767441860465, 555.2906976744187)",TM7,0,11053
"(1255.2985074626865, 823.9104477611941)",Gemella,0,11055
"(1256.2363636363636, 1296.1636363636364)",Corynebacterium,0,11057
"(1256.5961538461538, 1666.076923076923)",Treponema,0,11061
"(1256.9148936170213, 1752.1063829787233)",Rothia,0,11062
"(1256.7407407407406, 75.74074074074075)",Fusobacterium,0,11065
"(1256.46875, 121.203125)",Veillonella,0,11066
"(1258.2022471910113, 201.30337078651687)",Fusobacterium,0,11067
"(1256.515625, 384.40625)",Rothia,0,11068
"(1256.1, 456.0)",TM7,0,11069
"(1259.7906976744187, 488.7674418604651)",Veillonella,0,11070
"(1257.9122807017543, 714.6140350877193)",Rothia,0,11071
"(1260.1397849462367, 885.8602150537635)",TM7,0,11073
"(1256.421686746988, 1080.1566265060242)",Fusobacterium,0,11075
"(1258.857142857143, 1286.5714285714287)",Lautropia,0,11077
"(1257.442857142857, 1393.7571428571428)",Gemella,0,11078
"(1257.375, 762.046875)",Rothia,0,11081
"(1262.0662251655629, 970.158940397351)",Gemella,0,11082
"(1258.4528301886792, 1381.6792452830189)",Lautropia,0,11083
"(1257.27868852459, 1872.1475409836066)",Fusobacterium,0,11086
"(1257.1818181818182, 1892.1515151515152)",Campylobacter,0,11087
"(1261.4772727272727, 187.17045454545453)",Fusobacterium,0,11089
"(1260.9855072463768, 222.7246376811594)",TM7,0,11090
"(1260.702380952381, 250.07142857142858)",Rothia,0,11091
"(1259.9, 502.35)",Prevotella,0,11093
"(1258.72, 854.8)",Veillonella,0,11096
"(1258.7142857142858, 899.2857142857143)",Fusobacterium,0,11097
"(1260.3225806451612, 1127.9354838709678)",Fusobacterium,0,11099
"(1259.7014925373135, 1146.955223880597)",Prevotella,0,11100
"(1259.4923076923078, 1168.1692307692308)",TM7,0,11101
"(1262.744966442953, 1259.751677852349)",Rothia,0,11102
"(1259.7582417582419, 1323.010989010989)",Rothia,0,11103
"(1259.2549019607843, 1481.862745098039)",Veillonella,0,11104
"(1260.09, 1935.09)",Prevotella,0,11109
"(1259.84, 63.96)",Campylobacter,0,11110
"(1263.4830508474577, 136.70338983050848)",Rothia,0,11111
"(1260.9411764705883, 270.01960784313724)",Fusobacterium,0,11112
"(1263.275, 791.1625)",Rothia,0,11113
"(1260.2528735632184, 810.7586206896551)",Capnocytophaga,0,11114
"(1259.6792452830189, 1045.9433962264152)",TM7,0,11116
"(1259.982142857143, 1905.5892857142858)",Campylobacter,0,11117
"(1261.8360655737704, 106.26229508196721)",TM7,0,11119
"(1260.2837837837837, 570.6351351351351)",Rothia,0,11120
"(1260.4305555555557, 838.4861111111111)",TM7,0,11121
"(1261.9545454545455, 937.030303030303)",TM7,0,11122
"(1262.35, 1195.025)",Actinomyces,0,11123
"(1261.6266666666668, 1817.72)",Prevotella,0,11127
"(1264.3176470588235, 1857.7882352941176)",Capnocytophaga,0,11128
"(1262.763888888889, 171.73611111111111)",Rothia,0,11129
"(1263.032967032967, 743.6043956043956)",TM7,0,11131
"(1262.2413793103449, 1065.551724137931)",Rothia,0,11133
"(1263.5892857142858, 1308.107142857143)",Treponema,0,11134
"(1263.0625, 1344.0625)",Prevotella,0,11135
"(1260.9423076923076, 1417.9423076923076)",Gemella,0,11136
"(1261.392857142857, 1468.25)",Pasteurellaceae,0,11137
"(1266.8416666666667, 1533.175)",Leptotrichia,0,11138
"(1265.9514563106795, 1614.7669902912621)",Neisseriaceae,0,11140
"(1264.4406779661017, 357.66101694915255)",Rothia,0,11142
"(1262.859649122807, 1723.438596491228)",Lautropia,0,11151
"(1263.9756097560976, 1842.0487804878048)",Corynebacterium,0,11152
"(1263.4259259259259, 295.24074074074076)",Prevotella,0,11155
"(1264.7471264367816, 329.8965517241379)",Gemella,0,11156
"(1265.2307692307693, 725.8333333333334)",Rothia,0,11158
"(1271.36690647482, 1739.9640287769785)",Capnocytophaga,0,11161
"(1265.1764705882354, 411.96078431372547)",Streptococcus,0,11163
"(1265.5714285714287, 1968.591836734694)",Treponema,0,11170
"(1265.462962962963, 1434.351851851852)",Lautropia,0,11171
"(1266.8507462686566, 1600.402985074627)",Fusobacterium,0,11173
"(1273.9398496240601, 5.962406015037594)",Rothia,0,11175
"(1270.3536585365853, 1295.0731707317073)",Actinomyces,0,11179
"(1272.233695652174, 1364.7065217391305)",Prevotella,0,11180
"(1269.8985507246377, 1577.927536231884)",Lautropia,0,11182
"(1271.121951219512, 1635.9756097560976)",Fusobacterium,0,11183
"(1266.4333333333334, 1705.0666666666666)",Veillonella,0,11184
"(1267.74, 84.94)",Gemella,0,11187
"(1269.7424242424242, 343.57575757575756)",Gemella,0,11189
"(1269.2692307692307, 382.0576923076923)",Capnocytophaga,0,11190
"(1270.2418300653594, 1097.6078431372548)",Gemella,0,11191
"(1269.438596491228, 215.43859649122808)",Selenomonas,0,11199
"(1272.3636363636363, 435.5858585858586)",Campylobacter,0,11200
"(1270.904761904762, 527.4666666666667)",Lautropia,0,11202
"(1268.9411764705883, 758.5686274509804)",Fusobacterium,0,11204
"(1269.5094339622642, 767.9056603773585)",Rothia,0,11205
"(1273.2991452991453, 823.3846153846154)",Prevotella,0,11206
"(1268.5409836065573, 1115.704918032787)",Treponema,0,11210
"(1270.432098765432, 851.0987654320987)",Fusobacterium,0,11217
"(1271.4234234234234, 1049.4594594594594)",TM7,0,11220
"(1272.0526315789473, 1546.4736842105262)",Lautropia,0,11221
"(1270.423076923077, 1591.0576923076924)",Streptococcus,0,11223
"(1274.798076923077, 1782.0384615384614)",Pasteurellaceae,0,11226
"(1270.3484848484848, 1798.1969696969697)",Corynebacterium,0,11227
"(1270.969696969697, 1870.530303030303)",TM7,0,11228
"(1271.5535714285713, 62.660714285714285)",Gemella,0,11231
"(1271.1515151515152, 263.030303030303)",TM7,0,11233
"(1274.340579710145, 461.8333333333333)",Lautropia,0,11234
"(1273.0, 627.5208333333334)",TM7,0,11236
"(1271.1666666666667, 710.025641025641)",Fusobacterium,0,11237
"(1273.8783783783783, 960.0135135135135)",Rothia,0,11238
"(1272.3432835820895, 1201.7761194029852)",Capnocytophaga,0,11239
"(1270.987951807229, 1275.3614457831325)",Lautropia,0,11240
"(1282.576354679803, 1384.3497536945813)",Lautropia,0,11241
"(1271.7407407407406, 1394.2777777777778)",Treponema,0,11242
"(1275.5104166666667, 1444.1458333333333)",Gemella,0,11243
"(1271.567901234568, 595.7283950617284)",Prevotella,0,11247
"(1272.26, 659.28)",TM7,0,11248
"(1272.8987341772151, 692.6455696202531)",Fusobacterium,0,11249
"(1275.236559139785, 806.0322580645161)",Veillonella,0,11250
"(1271.6712328767123, 891.9041095890411)",Lautropia,0,11251
"(1274.4310344827586, 1144.1120689655172)",Lautropia,0,11253
"(1273.6285714285714, 1410.8428571428572)",Leptotrichia,0,11255
"(1272.450980392157, 1476.0980392156862)",TM7,0,11257
"(1273.5151515151515, 1156.9545454545455)",Lautropia,0,11265
"(1273.3387096774193, 1247.241935483871)",Veillonella,0,11266
"(1274.1384615384616, 1505.8307692307692)",TM7,0,11269
"(1273.878787878788, 1567.6515151515152)",Pasteurellaceae,0,11270
"(1273.4787234042553, 1985.2446808510638)",TM7,0,11272
"(1277.394495412844, 191.3577981651376)",Veillonella,0,11274
"(1275.871794871795, 362.8076923076923)",Lautropia,0,11276
"(1274.188679245283, 448.77358490566036)",TM7,0,11277
"(1275.2, 613.1)",Fusobacterium,0,11279
"(1275.2698412698412, 941.984126984127)",Capnocytophaga,0,11281
"(1273.4272727272728, 1312.4727272727273)",TM7,0,11283
"(1273.38, 1717.26)",Lautropia,0,11285
"(1274.3142857142857, 1946.2666666666667)",Fusobacterium,0,11286
"(1277.049019607843, 95.41176470588235)",Gemella,0,11288
"(1274.38, 246.14)",TM7,0,11290
"(1274.963768115942, 285.84057971014494)",Gemella,0,11291
"(1275.4571428571428, 985.7)",Rothia,0,11293
"(1274.1744186046512, 1074.6162790697674)",Rothia,0,11295
"(1274.8513513513512, 1125.7027027027027)",Selenomonas,0,11296
"(1275.4342105263158, 1521.078947368421)",Lautropia,0,11297
"(1273.9473684210527, 1660.6315789473683)",Rothia,0,11298
"(1279.6134453781513, 1815.9579831932774)",Rothia,0,11300
"(1277.404761904762, 1886.5)",Fusobacterium,0,11301
"(1276.4444444444443, 45.86666666666667)",Actinomyces,0,11302
"(1279.530303030303, 332.8333333333333)",Lautropia,0,11304
"(1277.88, 640.92)",Fusobacterium,0,11306
"(1276.1774193548388, 676.1290322580645)",Campylobacter,0,11307
"(1277.1685393258426, 1341.7640449438202)",Veillonella,0,11309
"(1282.252336448598, 1560.2990654205607)",Prevotella,0,11311
"(1277.4259259259259, 1756.962962962963)",Lautropia,0,11313
"(1277.38, 321.62)",Lautropia,0,11315
"(1280.820512820513, 720.965811965812)",Fusobacterium,0,11316
"(1277.3076923076924, 742.2153846153847)",Rothia,0,11317
"(1275.8653846153845, 866.8653846153846)",TM7,0,11318
"(1276.6774193548388, 1006.2258064516129)",Prevotella,0,11319
"(1281.2357723577236, 1169.341463414634)",Lautropia,0,11320
"(1280.7565217391304, 1706.4608695652173)",Gemella,0,11322
"(1277.9032258064517, 1960.7096774193549)",Lautropia,0,11323
"(1278.6984126984128, 227.0793650793651)",Fusobacterium,0,11324
"(1277.4666666666667, 308.96)",Treponema,0,11325
"(1278.857142857143, 412.51428571428573)",Lautropia,0,11326
"(1278.52, 476.95)",Lautropia,0,11327
"(1277.8103448275863, 777.8965517241379)",Veillonella,0,11328
"(1277.8214285714287, 1831.2142857142858)",TM7,0,11330
"(1281.641304347826, 493.80434782608694)",Prevotella,0,11333
"(1279.3050847457628, 759.9830508474577)",Veillonella,0,11334
"(1279.517857142857, 1191.982142857143)",Fusobacterium,0,11335
"(1277.676923076923, 1488.6615384615384)",Treponema,0,11338
"(1279.0172413793102, 1610.7241379310344)",TM7,0,11341
"(1282.1929824561403, 1774.5438596491229)",Fusobacterium,0,11343
"(1281.2222222222222, 67.76190476190476)",Capnocytophaga,0,11344
"(1280.0357142857142, 568.7678571428571)",Gemella,0,11347
"(1280.3793103448277, 700.9655172413793)",Selenomonas,0,11348
"(1280.2105263157894, 1256.122807017544)",TM7,0,11350
"(1283.1486486486488, 1472.6756756756756)",Actinomyces,0,11351
"(1279.9705882352941, 1689.3529411764705)",TM7,0,11352
"(1283.725, 157.9375)",TM7,0,11353
"(1282.8144329896907, 899.0103092783505)",Actinomyces,0,11354
"(1281.423076923077, 1024.173076923077)",Lautropia,0,11355
"(1282.2777777777778, 1089.1944444444443)",Gemella,0,11356
"(1282.6129032258063, 1285.2903225806451)",Rothia,0,11357
"(1286.0869565217392, 1369.095652173913)",Rothia,0,11358
"(1284.6293103448277, 1458.5172413793102)",Lautropia,0,11359
"(1282.7699115044247, 1627.1150442477876)",Fusobacterium,0,11360
"(1283.661971830986, 1861.2535211267605)",Leptotrichia,0,11361
"(1284.1985815602836, 30.333333333333332)",Capnocytophaga,0,11362
"(1283.1571428571428, 146.24285714285713)",TM7,0,11363
"(1282.1447368421052, 172.73684210526315)",TM7,0,11364
"(1283.1948051948052, 787.2207792207793)",Fusobacterium,0,11368
"(1282.890410958904, 837.986301369863)",TM7,0,11369
"(1281.857142857143, 1015.3015873015873)",TM7,0,11370
"(1283.7, 1724.05)",Gemella,0,11373
"(1288.2421875, 1242.4921875)",Rothia,0,11375
"(1281.857142857143, 1272.5396825396826)",Rothia,0,11376
"(1284.03, 1594.58)",TM7,0,11378
"(1282.3921568627452, 1872.3333333333333)",Lautropia,0,11380
"(1283.0535714285713, 1993.75)",Rothia,0,11381
"(1283.9885057471265, 211.42528735632183)",Campylobacter,0,11382
"(1286.7209302325582, 267.3488372093023)",Neisseriaceae,0,11384
"(1283.3050847457628, 383.5762711864407)",Actinomyces,0,11385
"(1283.4285714285713, 600.875)",TM7,0,11389
"(1286.6315789473683, 648.6526315789474)",TM7,0,11390
"(1283.7333333333333, 850.4222222222222)",Rothia,0,11391
"(1284.9777777777779, 879.0222222222222)",Prevotella,0,11392
"(1287.050847457627, 1754.3898305084747)",TM7,0,11397
"(1284.590909090909, 1919.0681818181818)",Capnocytophaga,0,11400
"(1283.8545454545454, 1934.1272727272728)",Gemella,0,11401
"(1286.109589041096, 114.63013698630137)",Veillonella,0,11403
"(1284.8023255813953, 551.6046511627907)",TM7,0,11405
"(1284.7611940298507, 619.4179104477612)",Fusobacterium,0,11406
"(1296.0, 927.8537549407115)",Fusobacterium,0,11408
"(1283.9107142857142, 1502.517857142857)",Gemella,0,11410
"(1288.6326530612246, 1658.0204081632653)",Prevotella,0,11412
"(1285.811320754717, 127.28301886792453)",Rothia,0,11414
"(1286.3666666666666, 237.38333333333333)",Actinomyces,0,11415
"(1286.450980392157, 278.70588235294116)",TM7,0,11417
"(1285.9642857142858, 357.55357142857144)",TM7,0,11418
"(1285.6144578313254, 1046.144578313253)",Lautropia,0,11421
"(1286.8453608247423, 1133.1546391752577)",Treponema,0,11423
"(1286.9295774647887, 1219.0704225352113)",Veillonella,0,11425
"(1286.1632653061224, 1299.6530612244899)",Fusobacterium,0,11426
"(1287.1186440677966, 1951.6271186440679)",Lautropia,0,11428
"(1290.7088607594937, 5.89873417721519)",Rothia,0,11429
"(1288.0816326530612, 664.795918367347)",TM7,0,11431
"(1289.98, 795.14)",Gemella,0,11432
"(1287.1549295774648, 940.5915492957746)",Rothia,0,11433
"(1289.6148148148147, 982.1555555555556)",Rothia,0,11434
"(1288.3650793650793, 1077.7777777777778)",Gemella,0,11435
"(1288.179856115108, 1324.8273381294964)",Gemella,0,11438
"(1286.9137931034484, 1669.655172413793)",Rothia,0,11441
"(1290.5822784810127, 374.73417721518985)",TM7,0,11442
"(1288.4, 405.4909090909091)",Fusobacterium,0,11443
"(1289.3176470588235, 444.54117647058825)",Fusobacterium,0,11444
"(1287.6235294117646, 529.0705882352942)",TM7,0,11445
"(1288.46875, 813.71875)",Capnocytophaga,0,11448
"(1289.6842105263158, 865.9122807017544)",Rothia,0,11449
"(1291.236559139785, 1000.010752688172)",TM7,0,11450
"(1288.2105263157894, 1438.5087719298247)",Fusobacterium,0,11451
"(1289.3025210084033, 1534.9411764705883)",Treponema,0,11452
"(1289.6610169491526, 1733.593220338983)",Leptotrichia,0,11454
"(1289.1830985915492, 1967.225352112676)",Fusobacterium,0,11455
"(1289.8703703703704, 21.666666666666668)",Campylobacter,0,11456
"(1288.537037037037, 97.29629629629629)",TM7,0,11457
"(1288.32, 196.3)",Fusobacterium,0,11458
"(1289.720430107527, 307.0860215053763)",Veillonella,0,11459
"(1291.3658536585365, 428.8292682926829)",Rothia,0,11461
"(1289.96, 827.1733333333333)",Fusobacterium,0,11462
"(1289.911111111111, 954.9777777777778)",Actinomyces,0,11463
"(1289.6805555555557, 1982.263888888889)",Pasteurellaceae,0,11466
"(1290.6190476190477, 469.98809523809524)",TM7,0,11468
"(1298.1336633663366, 1145.4158415841584)",Capnocytophaga,0,11469
"(1289.719298245614, 1352.2280701754387)",Fusobacterium,0,11470
"(1291.5945945945946, 1893.6486486486488)",Porphyromonas,0,11472
"(1289.9433962264152, 259.1698113207547)",Rothia,0,11474
"(1292.2317073170732, 710.2682926829268)",Pasteurellaceae,0,11477
"(1291.5, 916.1785714285714)",Prevotella,0,11478
"(1291.3521126760563, 1696.2957746478874)",TM7,0,11480
"(1297.9673202614379, 1767.8954248366013)",Lautropia,0,11481
"(1292.2884615384614, 1911.1153846153845)",Lautropia,0,11482
"(1292.7093023255813, 485.8255813953488)",TM7,0,11483
"(1291.909090909091, 518.0757575757576)",Capnocytophaga,0,11484
"(1291.5084745762713, 567.0508474576271)",Pasteurellaceae,0,11485
"(1292.6615384615384, 586.3384615384615)",Gemella,0,11486
"(1292.6984126984128, 607.6349206349206)",TM7,0,11487
"(1295.9612903225807, 629.7677419354839)",Gemella,0,11488
"(1293.7971014492753, 755.3768115942029)",Fusobacterium,0,11490
"(1293.835294117647, 1020.2)",Lautropia,0,11492
"(1297.0537634408602, 1196.4623655913979)",Streptococcus,0,11493
"(1292.6666666666667, 1263.7333333333333)",Corynebacterium,0,11494
"(1292.6785714285713, 1644.5892857142858)",Lautropia,0,11496
"(1294.6438356164383, 457.94520547945206)",Fusobacterium,0,11498
"(1295.182608695652, 729.4956521739131)",Fusobacterium,0,11499
"(1296.2551020408164, 804.4591836734694)",Fusobacterium,0,11500
"(1295.982905982906, 1065.965811965812)",Gemella,0,11501
"(1295.6666666666667, 1118.8709677419354)",Lautropia,0,11502
"(1295.9574468085107, 1229.563829787234)",Capnocytophaga,0,11504
"(1293.2115384615386, 1342.2115384615386)",TM7,0,11505
"(1294.3492063492063, 1493.6349206349207)",TM7,0,11506
"(1293.8035714285713, 1556.4285714285713)",Actinomyces,0,11507
"(1298.4764705882353, 1619.1941176470589)",TM7,0,11508
"(1293.2884615384614, 1635.3653846153845)",TM7,0,11509
"(1293.2096774193549, 1842.8709677419354)",Treponema,0,11510
"(1294.6923076923076, 104.38461538461539)",Gemella,0,11511
"(1295.46875, 179.2109375)",Fusobacterium,0,11512
"(1295.7, 325.05)",Gemella,0,11513
"(1294.561403508772, 364.94736842105266)",Lautropia,0,11515
"(1294.4905660377358, 541.811320754717)",Prevotella,0,11516
"(1294.4590163934427, 690.9344262295082)",Capnocytophaga,0,11517
"(1294.0869565217392, 1033.8115942028985)",Lautropia,0,11518
"(1297.5378151260504, 1163.5882352941176)",Treponema,0,11519
"(1298.4831460674156, 1480.8314606741574)",Fusobacterium,0,11520
"(1294.2586206896551, 890.5689655172414)",Fusobacterium,0,11524
"(1297.6842105263158, 1286.3333333333333)",TM7,0,11526
"(1300.58940397351, 38.90066225165563)",TM7,0,11528
"(1296.6025641025642, 133.46153846153845)",Capnocytophaga,0,11529
"(1296.65, 224.05)",Gemella,0,11530
"(1298.112359550562, 506.2022471910112)",Rothia,0,11531
"(1299.7549019607843, 773.6078431372549)",Capnocytophaga,0,11532
"(1297.132075471698, 1007.7547169811321)",Actinomyces,0,11534
"(1296.4634146341464, 1104.878048780488)",Gemella,0,11535
"(1297.0106382978724, 1305.595744680851)",Actinomyces,0,11536
"(1296.0169491525423, 1425.7457627118645)",TM7,0,11538
"(1296.2068965517242, 1587.0172413793102)",TM7,0,11540
"(1295.126984126984, 1719.8095238095239)",Selenomonas,0,11541
"(1298.8765432098764, 1868.716049382716)",Rothia,0,11543
"(1299.625, 1941.4204545454545)",Lautropia,0,11545
"(1299.7938144329896, 1991.3092783505156)",Neisseriaceae,0,11546
"(1300.9379310344827, 157.4)",Veillonella,0,11548
"(1296.3333333333333, 204.2941176470588)",Gemella,0,11549
"(1299.25, 253.6048387096774)",Campylobacter,0,11550
"(1299.0615384615385, 385.8)",TM7,0,11551
"(1303.5135135135135, 573.8108108108108)",Gemella,0,11552
"(1299.1470588235295, 699.2352941176471)",Veillonella,0,11553
"(1298.25, 1394.1333333333334)",TM7,0,11554
"(1300.1926605504586, 1466.211009174312)",Gemella,0,11555
"(1299.8461538461538, 1503.2417582417581)",Treponema,0,11556
"(1300.0902255639098, 87.41353383458646)",Veillonella,0,11558
"(1297.2142857142858, 285.84285714285716)",Prevotella,0,11559
"(1299.2558139534883, 857.0697674418604)",TM7,0,11560
"(1304.5435897435898, 897.5589743589744)",Rothia,0,11562
"(1301.5384615384614, 1451.3296703296703)",Gemella,0,11563
"(1299.7558139534883, 1603.3720930232557)",Lautropia,0,11565
"(1299.2676056338028, 1933.943661971831)",Fusobacterium,0,11567
"(1300.141975308642, 1962.8395061728395)",Treponema,0,11568
"(1299.65, 297.1166666666667)",Fusobacterium,0,11569
"(1300.367816091954, 408.0344827586207)",Lautropia,0,11570
"(1299.0714285714287, 1330.2)",Capnocytophaga,0,11571
"(1299.264705882353, 1701.0)",Actinomyces,0,11572
"(1300.0595238095239, 1921.1309523809523)",Treponema,0,11574
"(1308.1045751633987, 561.2352941176471)",Lautropia,0,11575
"(1301.25, 653.65625)",TM7,0,11577
"(1301.4264705882354, 676.9117647058823)",Rothia,0,11578
"(1305.313253012048, 845.0963855421687)",Lautropia,0,11579
"(1300.8305084745762, 1048.1016949152543)",Veillonella,0,11581
"(1302.3809523809523, 1564.5714285714287)",Capnocytophaga,0,11583
"(1302.016129032258, 1788.9032258064517)",Gemella,0,11584
"(1304.7837837837837, 1799.972972972973)",Treponema,0,11585
"(1301.438596491228, 117.01754385964912)",Gemella,0,11586
"(1303.9746835443038, 239.55696202531647)",Veillonella,0,11587
"(1302.4202898550725, 340.2463768115942)",Gemella,0,11588
"(1301.1764705882354, 359.29411764705884)",Prevotella,0,11589
"(1301.1639344262296, 1369.4918032786886)",Veillonella,0,11593
"(1302.8387096774193, 1686.6774193548388)",Lautropia,0,11594
"(1302.5636363636363, 1708.6363636363637)",Fusobacterium,0,11595
"(1301.0862068965516, 1830.7672413793102)",TM7,0,11596
"(1304.1882352941177, 6.470588235294118)",Campylobacter,0,11597
"(1302.3090909090909, 19.545454545454547)",Rothia,0,11598
"(1305.867924528302, 488.7641509433962)",Prevotella,0,11602
"(1302.0602409638554, 950.0120481927711)",Prevotella,0,11603
"(1302.6216216216217, 1179.2297297297298)",Treponema,0,11604
"(1302.015625, 1355.875)",Gemella,0,11605
"(1301.6, 1417.2727272727273)",Prevotella,0,11606
"(1301.8253968253969, 1439.3968253968253)",TM7,0,11607
"(1307.030487804878, 1740.341463414634)",Gemella,0,11608
"(1301.896551724138, 1903.7068965517242)",Gemella,0,11610
"(1303.7121212121212, 54.74242424242424)",Capnocytophaga,0,11611
"(1303.870588235294, 546.9176470588235)",Lautropia,0,11613
"(1304.0, 600.5079365079365)",Lautropia,0,11614
"(1304.4262295081967, 1381.016393442623)",Prevotella,0,11616
"(1304.1194029850747, 737.7313432835821)",Prevotella,0,11617
"(1304.96, 788.3066666666666)",Rothia,0,11618
"(1309.8461538461538, 1061.5734265734266)",TM7,0,11619
"(1307.1, 1244.4083333333333)",Rothia,0,11620
"(1302.7301587301588, 1885.7460317460318)",Leptotrichia,0,11622
"(1306.3086419753085, 449.39506172839504)",Gemella,0,11623
"(1303.5890410958905, 472.3013698630137)",Gemella,0,11624
"(1308.2428571428572, 521.3142857142857)",Prevotella,0,11625
"(1307.1052631578948, 1651.3684210526317)",Lautropia,0,11628
"(1305.0149253731342, 1721.4776119402984)",Gemella,0,11630
"(1305.12, 1757.78)",Lautropia,0,11631
"(1308.0113636363637, 106.23863636363636)",Lautropia,0,11632
"(1308.047619047619, 269.4761904761905)",Veillonella,0,11634
"(1305.3076923076924, 585.5846153846154)",Lautropia,0,11636
"(1308.2222222222222, 880.7638888888889)",Rothia,0,11637
"(1306.5974025974026, 965.3896103896104)",Veillonella,0,11638
"(1312.1041666666667, 1023.1666666666666)",Prevotella,0,11639
"(1306.9705882352941, 1036.8235294117646)",TM7,0,11640
"(1308.989010989011, 1262.3846153846155)",Rothia,0,11641
"(1308.9036144578313, 1276.2530120481927)",Rothia,0,11642
"(1305.509090909091, 1554.3636363636363)",Selenomonas,0,11646
"(1306.3968253968253, 1635.1587301587301)",TM7,0,11647
"(1308.4117647058824, 378.5882352941176)",Gemella,0,11648
"(1307.367088607595, 420.49367088607596)",TM7,0,11649
"(1306.7868852459017, 711.5081967213115)",Lautropia,0,11650
"(1308.8720930232557, 832.2790697674419)",Rothia,0,11651
"(1309.5462962962963, 1083.9166666666667)",Actinomyces,0,11652
"(1308.513888888889, 175.30555555555554)",Fusobacterium,0,11654
"(1310.6533333333334, 307.05333333333334)",Rothia,0,11655
"(1315.8431372549019, 403.05882352941177)",Gemella,0,11656
"(1308.2884615384614, 667.4807692307693)",Fusobacterium,0,11657
"(1308.9787234042553, 755.7978723404256)",Prevotella,0,11658
"(1310.6534653465346, 981.8118811881188)",Veillonella,0,11659
"(1308.985294117647, 1820.1029411764705)",Rothia,0,11662
"(1310.2164948453608, 1849.8144329896907)",Fusobacterium,0,11663
"(1313.928, 1907.216)",Lautropia,0,11664
"(1308.301886792453, 1979.4528301886792)",Fusobacterium,0,11665
"(1309.6938775510205, 191.28571428571428)",Campylobacter,0,11666
"(1310.5625, 210.07291666666666)",Lautropia,0,11667
"(1310.4705882352941, 804.8235294117648)",Fusobacterium,0,11668
"(1309.4716981132076, 999.6320754716982)",Campylobacter,0,11669
"(1311.0631578947368, 1674.6631578947367)",Veillonella,0,11673
"(1311.0128205128206, 226.66666666666666)",Gemella,0,11674
"(1309.8, 349.1454545454545)",Treponema,0,11675
"(1310.313725490196, 815.0588235294117)",TM7,0,11679
"(1310.923076923077, 1324.6666666666667)",Leptotrichia,0,11681
"(1309.02, 1777.4)",Treponema,0,11683
"(1317.0432098765432, 84.32098765432099)",Prevotella,0,11686
"(1311.7115384615386, 617.4423076923077)",Rothia,0,11687
"(1311.4558823529412, 776.7794117647059)",Selenomonas,0,11688
"(1312.0, 1113.475)",Actinomyces,0,11689
"(1311.686567164179, 1303.6119402985075)",Fusobacterium,0,11690
"(1312.6271186440679, 1415.7796610169491)",Treponema,0,11691
"(1313.1818181818182, 927.4181818181818)",Gemella,0,11694
"(1312.935064935065, 1343.4415584415585)",TM7,0,11697
"(1315.7063492063492, 1486.3650793650793)",Actinomyces,0,11698
"(1314.4565217391305, 1694.391304347826)",Rothia,0,11699
"(1314.1764705882354, 1922.6705882352942)",Lautropia,0,11700
"(1318.8321167883212, 246.06569343065692)",Rothia,0,11701
"(1314.0102040816328, 652.5102040816327)",Fusobacterium,0,11702
"(1314.607142857143, 716.4821428571429)",Fusobacterium,0,11704
"(1315.2844827586207, 1148.396551724138)",Lautropia,0,11705
"(1314.4375, 1388.5833333333333)",Treponema,0,11706
"(1311.5373134328358, 1503.6716417910447)",Lautropia,0,11708
"(1312.9259259259259, 1533.462962962963)",TM7,0,11709
"(1316.5806451612902, 1607.6774193548388)",Gemella,0,11711
"(1313.4193548387098, 1954.725806451613)",TM7,0,11713
"(1313.9, 260.36)",Rothia,0,11714
"(1318.2992700729926, 290.4379562043796)",TM7,0,11715
"(1315.1894736842105, 323.93684210526317)",Lautropia,0,11716
"(1313.7536231884058, 471.7826086956522)",Capnocytophaga,0,11717
"(1318.1147540983607, 690.0819672131148)",Fusobacterium,0,11718
"(1313.76, 727.9)",Fusobacterium,0,11719
"(1313.5555555555557, 1126.7916666666667)",Prevotella,0,11721
"(1320.9828571428573, 1287.1028571428571)",Lautropia,0,11722
"(1315.342105263158, 1460.5)",Prevotella,0,11724
"(1313.6610169491526, 1568.7966101694915)",Veillonella,0,11725
"(1315.421052631579, 50.0)",Lautropia,0,11727
"(1316.0615384615385, 63.50769230769231)",Campylobacter,0,11728
"(1318.7058823529412, 140.39705882352942)",TM7,0,11729
"(1315.3152173913043, 873.1304347826087)",Gemella,0,11730
"(1319.483660130719, 908.9673202614379)",Prevotella,0,11731
"(1316.4137931034484, 1370.6781609195402)",Fusobacterium,0,11732
"(1318.159420289855, 1429.1739130434783)",Prevotella,0,11733
"(1313.4615384615386, 1516.7884615384614)",Veillonella,0,11734
"(1317.3283582089553, 1581.1641791044776)",Lautropia,0,11735
"(1317.7356321839081, 1754.2758620689656)",TM7,0,11736
"(1315.3529411764705, 1891.3970588235295)",Gemella,0,11737
"(1319.595041322314, 1971.2148760330579)",Pasteurellaceae,0,11738
"(1318.8474576271187, 439.5)",Rothia,0,11740
"(1317.311475409836, 634.8688524590164)",Prevotella,0,11741
"(1315.3882352941177, 952.1647058823529)",Rothia,0,11742
"(1317.6181818181817, 1202.2181818181818)",Treponema,0,11743
"(1315.6781609195402, 1622.8275862068965)",Gemella,0,11744
"(1319.125, 1838.7222222222222)",Leptotrichia,0,11746
"(1322.025641025641, 1934.940170940171)",Lautropia,0,11747
"(1319.072463768116, 5.927536231884058)",Capnocytophaga,0,11748
"(1319.1272727272728, 156.8)",Fusobacterium,0,11749
"(1316.8214285714287, 590.3928571428571)",Lautropia,0,11751
"(1316.0, 700.5882352941177)",TM7,0,11753
"(1317.3879310344828, 743.801724137931)",TM7,0,11754
"(1317.8653846153845, 825.7115384615385)",Gemella,0,11755
"(1317.078125, 1043.421875)",TM7,0,11756
"(1319.2, 1186.775)",Streptococcus,0,11757
"(1322.095238095238, 1658.7333333333333)",Rothia,0,11759
"(1320.9444444444443, 1877.037037037037)",Treponema,0,11760
"(1319.1272727272728, 270.94545454545454)",Lautropia,0,11762
"(1319.4197530864199, 1402.1728395061727)",TM7,0,11764
"(1319.5897435897436, 1709.5)",TM7,0,11766
"(1317.8363636363636, 1766.3272727272727)",TM7,0,11767
"(1321.6666666666667, 115.90123456790124)",Lautropia,0,11769
"(1322.1025641025642, 309.9871794871795)",TM7,0,11770
"(1320.5928571428572, 371.0)",Gemella,0,11771
"(1317.5925925925926, 388.5)",Rothia,0,11772
"(1318.7843137254902, 1102.8431372549019)",Rothia,0,11776
"(1320.2933333333333, 1472.6133333333332)",Gemella,0,11777
"(1318.0526315789473, 1594.982456140351)",Treponema,0,11778
"(1319.7605633802816, 1824.9859154929577)",Lautropia,0,11779
"(1321.7297297297298, 1858.6486486486488)",Prevotella,0,11780
"(1318.7230769230769, 1986.246153846154)",Leptotrichia,0,11781
"(1322.7906976744187, 338.04651162790697)",Lautropia,0,11783
"(1319.7450980392157, 837.8235294117648)",Gemella,0,11786
"(1322.6458333333333, 970.5208333333334)",Fusobacterium,0,11788
"(1319.8653846153845, 1732.4615384615386)",Lautropia,0,11790
"(1321.954954954955, 227.12612612612614)",Gemella,0,11794
"(1327.0076335877864, 352.8473282442748)",Leptotrichia,0,11795
"(1321.4303797468353, 497.30379746835445)",Gemella,0,11796
"(1322.974358974359, 1269.0897435897436)",Rothia,0,11798
"(1322.1875, 1784.0)",Lautropia,0,11800
"(1321.9705882352941, 1810.5294117647059)",Capnocytophaga,0,11801
"(1325.0149253731342, 37.59701492537314)",Gemella,0,11802
"(1327.3309352517986, 416.61870503597123)",Rothia,0,11805
"(1321.5846153846153, 453.38461538461536)",Rothia,0,11806
"(1324.8793103448277, 541.0862068965517)",Lautropia,0,11807
"(1321.6363636363637, 611.8863636363636)",TM7,0,11808
"(1325.9736842105262, 818.7368421052631)",TM7,0,11810
"(1326.4774774774776, 1310.4864864864865)",Prevotella,0,11814
"(1326.438202247191, 395.2134831460674)",Prevotella,0,11816
"(1323.5060240963855, 1007.8674698795181)",Lautropia,0,11817
"(1325.4554455445545, 1232.90099009901)",TM7,0,11818
"(1323.3163265306123, 1252.357142857143)",Prevotella,0,11819
"(1324.090909090909, 1327.7818181818182)",Fusobacterium,0,11820
"(1323.3461538461538, 1516.3333333333333)",Campylobacter,0,11821
"(1323.5555555555557, 1558.968253968254)",Actinomyces,0,11822
"(1323.2156862745098, 201.50980392156862)",TM7,0,11824
"(1324.5882352941176, 465.0882352941176)",Prevotella,0,11825
"(1325.7096774193549, 480.2903225806452)",TM7,0,11826
"(1325.0566037735848, 710.9056603773585)",Rothia,0,11830
"(1327.5064935064936, 1298.5974025974026)",Lautropia,0,11831
"(1326.0853658536585, 1545.121951219512)",Actinomyces,0,11833
"(1325.6233766233765, 724.6623376623377)",Fusobacterium,0,11837
"(1323.88, 856.12)",Pasteurellaceae,0,11839
"(1326.9605263157894, 576.828947368421)",Lautropia,0,11843
"(1329.1944444444443, 661.75)",TM7,0,11844
"(1325.8923076923077, 928.5076923076923)",TM7,0,11845
"(1325.48, 1533.48)",Fusobacterium,0,11850
"(1327.8658536585365, 1955.8658536585365)",Treponema,0,11852
"(1329.7835051546392, 212.2577319587629)",Gemella,0,11853
"(1328.3584905660377, 524.2830188679245)",TM7,0,11854
"(1328.0116279069769, 781.0116279069767)",Rothia,0,11855
"(1336.8080808080808, 1026.1060606060605)",Veillonella,0,11856
"(1332.122807017544, 1616.4561403508771)",Rothia,0,11860
"(1329.5882352941176, 627.3921568627451)",Rothia,0,11866
"(1330.4594594594594, 864.6396396396397)",Rothia,0,11867
"(1328.0, 1079.5882352941176)",Veillonella,0,11868
"(1331.9256756756756, 1132.7567567567567)",Prevotella,0,11869
"(1326.8615384615384, 1211.553846153846)",Rothia,0,11870
"(1328.9411764705883, 1425.3333333333333)",Gemella,0,11871
"(1328.7142857142858, 16.482142857142858)",Prevotella,0,11872
"(1328.5079365079366, 254.015873015873)",Prevotella,0,11873
"(1329.0877192982457, 649.5263157894736)",Prevotella,0,11874
"(1329.078125, 741.1875)",Actinomyces,0,11875
"(1328.2698412698412, 949.8253968253969)",Prevotella,0,11876
"(1334.031914893617, 1382.3617021276596)",Capnocytophaga,0,11877
"(1331.6046511627908, 1717.3255813953488)",Rothia,0,11880
"(1331.030303030303, 297.1666666666667)",Prevotella,0,11885
"(1335.9872611464968, 328.73248407643314)",Capnocytophaga,0,11886
"(1332.2058823529412, 434.29411764705884)",Prevotella,0,11887
"(1335.7684210526315, 572.1368421052632)",Prevotella,0,11888
"(1332.0254237288136, 698.2372881355932)",Prevotella,0,11889
"(1329.015625, 808.25)",Gemella,0,11890
"(1329.7333333333333, 890.1166666666667)",Prevotella,0,11891
"(1328.7037037037037, 1016.0185185185185)",Rothia,0,11892
"(1330.9014084507041, 1339.0281690140846)",Prevotella,0,11894
"(1331.1785714285713, 1480.857142857143)",Fusobacterium,0,11897
"(1332.2211538461538, 1919.4903846153845)",Treponema,0,11898
"(1331.7882352941176, 1991.4117647058824)",Fusobacterium,0,11900
"(1330.2238805970148, 265.53731343283584)",Fusobacterium,0,11903
"(1330.8275862068965, 765.7931034482758)",Prevotella,0,11905
"(1333.758064516129, 1315.467741935484)",Rothia,0,11907
"(1332.9444444444443, 1412.7888888888888)",Prevotella,0,11909
"(1329.8947368421052, 1463.140350877193)",Gemella,0,11910
"(1330.6567164179105, 1495.5820895522388)",TM7,0,11911
"(1334.8583333333333, 1584.975)",Gemella,0,11912
"(1331.962962962963, 1678.20987654321)",Lautropia,0,11913
"(1337.25, 1732.2727272727273)",Lautropia,0,11914
"(1333.9115044247787, 1746.796460176991)",Fusobacterium,0,11915
"(1337.7704918032787, 1797.6065573770493)",TM7,0,11916
"(1334.4347826086957, 1862.6782608695653)",Capnocytophaga,0,11917
"(1334.298076923077, 70.79807692307692)",Gemella,0,11919
"(1333.6785714285713, 601.9553571428571)",Gemella,0,11921
"(1333.9066666666668, 670.7466666666667)",Rothia,0,11922
"(1332.032258064516, 834.9677419354839)",TM7,0,11923
"(1332.945945945946, 880.1486486486486)",Lautropia,0,11924
"(1332.1046511627908, 985.2906976744187)",Lautropia,0,11925
"(1333.7384615384615, 1829.6307692307691)",Pasteurellaceae,0,11928
"(1334.21875, 5.5)",Rothia,0,11929
"(1333.878048780488, 91.45121951219512)",Streptococcus,0,11930
"(1336.3777777777777, 198.22222222222223)",Actinomyces,0,11931
"(1340.8041958041958, 716.1118881118881)",Capnocytophaga,0,11934
"(1335.8589743589744, 1052.6923076923076)",Veillonella,0,11936
"(1331.9864864864865, 1197.6891891891892)",Lautropia,0,11938
"(1333.402985074627, 1841.402985074627)",Veillonella,0,11939
"(1335.0735294117646, 499.63235294117646)",TM7,0,11940
"(1335.6461538461538, 544.0153846153846)",Prevotella,0,11941
"(1334.2753623188405, 585.5942028985507)",Fusobacterium,0,11942
"(1336.4050632911392, 640.253164556962)",Rothia,0,11944
"(1334.4328358208954, 795.4477611940298)",Veillonella,0,11945
"(1336.6376811594203, 1365.8695652173913)",Lautropia,0,11949
"(1333.5573770491803, 1512.327868852459)",Lautropia,0,11950
"(1338.2967032967033, 1525.857142857143)",Lautropia,0,11951
"(1337.578947368421, 1969.5037593984962)",Treponema,0,11952
"(1339.4807692307693, 107.64423076923077)",Treponema,0,11953
"(1335.9384615384615, 226.93846153846152)",TM7,0,11955
"(1335.1780821917807, 447.8904109589041)",TM7,0,11956
"(1335.9466666666667, 470.36)",Fusobacterium,0,11957
"(1336.0144927536232, 1664.4202898550725)",Rothia,0,11959
"(1336.9888888888888, 1769.4333333333334)",Capnocytophaga,0,11960
"(1338.3833333333334, 311.8666666666667)",Veillonella,0,11961
"(1336.8181818181818, 381.57142857142856)",Veillonella,0,11962
"(1334.5857142857142, 1442.7)",Rothia,0,11966
"(1336.3809523809523, 1879.6984126984128)",Lautropia,0,11969
"(1336.4901960784314, 145.27450980392157)",Gemella,0,11970
"(1336.0, 925.8653846153846)",Veillonella,0,11972
"(1339.61, 1006.04)",Rothia,0,11973
"(1338.38, 1040.72)",Treponema,0,11974
"(1337.658536585366, 1217.939024390244)",Lautropia,0,11975
"(1335.86, 1634.98)",Lautropia,0,11976
"(1338.4024390243903, 486.0731707317073)",Lautropia,0,11979
"(1337.878787878788, 733.2575757575758)",Fusobacterium,0,11980
"(1339.7733333333333, 902.6266666666667)",TM7,0,11981
"(1338.8285714285714, 1236.3285714285714)",Lautropia,0,11982
"(1338.1964285714287, 1275.6607142857142)",Campylobacter,0,11983
"(1339.1923076923076, 1348.9807692307693)",Treponema,0,11984
"(1337.9818181818182, 1889.6727272727273)",Rothia,0,11988
"(1337.603448275862, 35.206896551724135)",Fusobacterium,0,11989
"(1342.0384615384614, 127.76923076923077)",Neisseriaceae,0,11990
"(1344.0535714285713, 521.6607142857143)",Prevotella,0,11992
"(1339.40625, 1094.421875)",Campylobacter,0,11993
"(1339.5774647887324, 1564.7887323943662)",Lautropia,0,11996
"(1339.625, 1787.225)",TM7,0,11997
"(1338.3048780487804, 1904.9268292682927)",Fusobacterium,0,11998
"(1338.8727272727272, 249.05454545454546)",Fusobacterium,0,12000
"(1340.2446808510638, 369.031914893617)",Lautropia,0,12001
"(1338.2264150943397, 812.7358490566038)",Lautropia,0,12002
"(1347.0874316939892, 971.7923497267759)",Fusobacterium,0,12003
"(1338.5421686746988, 1072.7469879518073)",Rothia,0,12004
"(1340.7529411764706, 1258.5176470588235)",Fusobacterium,0,12005
"(1346.75, 1284.967741935484)",Fusobacterium,0,12006
"(1339.703125, 1468.53125)",Lautropia,0,12007
"(1346.9415584415585, 1602.5454545454545)",Treponema,0,12008
"(1339.9285714285713, 1699.8392857142858)",Leptotrichia,0,12009
"(1341.9722222222222, 161.57638888888889)",Fusobacterium,0,12011
"(1340.1041666666667, 559.125)",Capnocytophaga,0,12012
"(1340.0545454545454, 770.4363636363636)",Prevotella,0,12013
"(1342.909090909091, 1062.9318181818182)",TM7,0,12014
"(1346.032258064516, 459.8451612903226)",Fusobacterium,0,12016
"(1342.3855421686746, 941.7831325301205)",Campylobacter,0,12019
"(1341.6623376623377, 1182.090909090909)",Actinomyces,0,12020
"(1343.6818181818182, 1432.1818181818182)",Gemella,0,12021
"(1342.7068965517242, 1484.4310344827586)",Lautropia,0,12022
"(1342.948275862069, 1757.0689655172414)",Neisseriaceae,0,12023
"(1345.5050505050506, 1855.7272727272727)",Prevotella,0,12024
"(1341.3653846153845, 1940.6153846153845)",Neisseriaceae,0,12025
"(1343.445945945946, 51.86486486486486)",Neisseriaceae,0,12028
"(1345.4767441860465, 204.43023255813952)",Prevotella,0,12029
"(1345.4927536231885, 255.7246376811594)",Veillonella,0,12030
"(1343.3333333333333, 268.3703703703704)",Rothia,0,12031
"(1343.7068965517242, 755.6379310344828)",TM7,0,12034
"(1342.0806451612902, 784.5806451612904)",Lautropia,0,12035
"(1342.9166666666667, 870.9)",Lautropia,0,12037
"(1344.025974025974, 1506.051948051948)",Lautropia,0,12039
"(1344.1641791044776, 1982.7611940298507)",Pasteurellaceae,0,12043
"(1345.0597014925372, 628.5223880597015)",Prevotella,0,12046
"(1344.8055555555557, 685.375)",Prevotella,0,12047
"(1345.7922077922078, 745.4935064935065)",Gemella,0,12048
"(1342.7586206896551, 835.4827586206897)",Prevotella,0,12049
"(1345.5641025641025, 854.9615384615385)",Rothia,0,12050
"(1345.4823529411765, 1304.3647058823528)",TM7,0,12055
"(1344.2894736842106, 1452.2368421052631)",Prevotella,0,12056
"(1345.734375, 1536.59375)",Fusobacterium,0,12057
"(1343.671875, 1955.765625)",Actinomyces,0,12059
"(1346.8192771084337, 345.28915662650604)",Rothia,0,12061
"(1345.639344262295, 414.2295081967213)",Rothia,0,12062
"(1346.3529411764705, 585.7450980392157)",Rothia,0,12063
"(1346.8243243243244, 1405.5945945945946)",Prevotella,0,12066
"(1352.9941860465117, 230.61627906976744)",TM7,0,12068
"(1349.8283582089553, 389.76119402985074)",Pasteurellaceae,0,12069
"(1348.4939759036145, 507.72289156626505)",TM7,0,12072
"(1350.2058823529412, 1331.3676470588234)",TM7,0,12074
"(1346.0677966101696, 1420.3559322033898)",Prevotella,0,12075
"(1346.5535714285713, 1663.3214285714287)",Prevotella,0,12077
"(1347.9253731343283, 1724.4179104477612)",Rothia,0,12079
"(1347.1090909090908, 1765.6545454545455)",Rothia,0,12080
"(1346.16, 1993.04)",Veillonella,0,12082
"(1348.3666666666666, 614.9333333333333)",Gemella,0,12084
"(1349.6617647058824, 1547.9264705882354)",Gemella,0,12085
"(1348.469696969697, 1585.3333333333333)",Actinomyces,0,12086
"(1348.2048192771085, 1927.9518072289156)",Prevotella,0,12088
"(1351.1588785046729, 62.177570093457945)",Lautropia,0,12089
"(1350.5, 282.9189189189189)",Actinomyces,0,12090
"(1351.4888888888888, 399.94444444444446)",TM7,0,12091
"(1348.234375, 670.765625)",Rothia,0,12093
"(1348.5324675324675, 930.6493506493506)",Rothia,0,12095
"(1352.4505494505495, 1295.3296703296703)",TM7,0,12098
"(1347.7575757575758, 1842.8030303030303)",Capnocytophaga,0,12103
"(1349.095238095238, 139.04761904761904)",Gemella,0,12105
"(1351.8676470588234, 595.25)",TM7,0,12106
"(1350.0, 603.6984126984127)",Lautropia,0,12107
"(1349.2432432432433, 641.7567567567568)",Prevotella,0,12108
"(1350.3050847457628, 1353.050847457627)",Rothia,0,12110
"(1354.716814159292, 1570.7345132743362)",TM7,0,12112
"(1350.5172413793102, 1900.7931034482758)",Fusobacterium,0,12114
"(1356.7851851851851, 6.355555555555555)",Treponema,0,12115
"(1351.8983050847457, 319.08474576271186)",Rothia,0,12118
"(1350.3626373626373, 538.054945054945)",Treponema,0,12120
"(1350.46, 815.28)",Gemella,0,12122
"(1350.4705882352941, 954.3970588235294)",Neisseriaceae,0,12123
"(1349.8125, 992.796875)",Capnocytophaga,0,12124
"(1351.8108108108108, 1110.581081081081)",Fusobacterium,0,12125
"(1351.7211538461538, 1221.9423076923076)",Fusobacterium,0,12126
"(1352.7837837837837, 1316.7702702702702)",Actinomyces,0,12127
"(1351.3417721518988, 1634.012658227848)",Gemella,0,12129
"(1352.0, 1677.3714285714286)",Leptotrichia,0,12130
"(1349.3584905660377, 1823.867924528302)",Capnocytophaga,0,12131
"(1350.298245614035, 1914.859649122807)",Treponema,0,12132
"(1352.1875, 1445.28125)",TM7,0,12138
"(1351.438596491228, 566.8421052631579)",Prevotella,0,12141
"(1350.388888888889, 772.4444444444445)",Fusobacterium,0,12142
"(1352.7142857142858, 1074.7428571428572)",Capnocytophaga,0,12146
"(1351.8947368421052, 1245.7894736842106)",Veillonella,0,12148
"(1352.6049382716049, 176.4320987654321)",Campylobacter,0,12151
"(1356.718309859155, 738.1830985915493)",Capnocytophaga,0,12154
"(1352.5, 902.8076923076923)",Rothia,0,12155
"(1352.8125, 1519.175)",Treponema,0,12156
"(1354.3833333333334, 1813.7666666666667)",Prevotella,0,12158
"(1354.9375, 21.09375)",Selenomonas,0,12161
"(1354.7666666666667, 790.4333333333333)",Actinomyces,0,12163
"(1353.7411764705882, 830.7647058823529)",Veillonella,0,12164
"(1356.4157303370787, 1033.3595505617977)",Veillonella,0,12165
"(1353.9701492537313, 1054.6268656716418)",Prevotella,0,12167
"(1353.849315068493, 1096.041095890411)",Corynebacterium,0,12168
"(1354.9538461538461, 1748.9384615384615)",Veillonella,0,12172
"(1356.6538461538462, 32.25)",Veillonella,0,12173
"(1356.9925373134329, 78.81343283582089)",Rothia,0,12174
"(1357.6222222222223, 160.54444444444445)",TM7,0,12176
"(1354.5432098765432, 430.51851851851853)",Gemella,0,12177
"(1355.1764705882354, 1258.7882352941176)",TM7,0,12182
"(1355.4423076923076, 1804.7307692307693)",Gemella,0,12184
"(1356.155172413793, 1887.7068965517242)",Streptococcus,0,12186
"(1357.975, 354.55)",Veillonella,0,12189
"(1356.7627118644068, 889.0)",Actinomyces,0,12190
"(1355.6964285714287, 1206.7142857142858)",TM7,0,12192
"(1361.8428571428572, 1643.85)",Pasteurellaceae,0,12193
"(1357.6363636363637, 1734.3)",Gemella,0,12195
"(1358.92, 420.14666666666665)",Actinomyces,0,12197
"(1357.6771653543308, 703.488188976378)",Rothia,0,12199
"(1357.7816091954023, 1366.2068965517242)",Fusobacterium,0,12200
"(1356.2307692307693, 1428.9423076923076)",Lautropia,0,12201
"(1356.16, 1500.58)",Treponema,0,12202
"(1359.142857142857, 96.08571428571429)",Rothia,0,12204
"(1359.5412844036698, 267.1192660550459)",Veillonella,0,12205
"(1361.045045045045, 632.4594594594595)",Lautropia,0,12207
"(1359.9076923076923, 848.4461538461538)",Prevotella,0,12208
"(1358.3857142857144, 870.4285714285714)",Lautropia,0,12209
"(1361.03125, 904.6979166666666)",Rothia,0,12210
"(1359.7118644067796, 1238.593220338983)",Lautropia,0,12211
"(1359.0740740740741, 1469.9185185185186)",Actinomyces,0,12212
"(1361.5315315315315, 1789.5495495495495)",Selenomonas,0,12213
"(1357.9322033898304, 1990.864406779661)",Gemella,0,12214
"(1360.5681818181818, 336.625)",Lautropia,0,12216
"(1366.0526315789473, 441.0676691729323)",Rothia,0,12217
"(1359.9661016949153, 513.1355932203389)",Lautropia,0,12219
"(1360.3711340206185, 665.2474226804123)",Fusobacterium,0,12222
"(1361.4651162790697, 719.953488372093)",Selenomonas,0,12224
"(1357.8703703703704, 937.6111111111111)",Campylobacter,0,12225
"(1358.607142857143, 1271.1964285714287)",Veillonella,0,12227
"(1358.1698113207547, 1664.9245283018868)",Gemella,0,12229
"(1360.0, 1831.4903846153845)",Treponema,0,12230
"(1358.948717948718, 1904.871794871795)",Streptococcus,0,12231
"(1359.42, 1974.72)",Actinomyces,0,12233
"(1363.0232558139535, 585.1046511627907)",Rothia,0,12235
"(1362.6195652173913, 619.25)",Campylobacter,0,12236
"(1363.9253731343283, 687.1641791044776)",Rothia,0,12238
"(1363.8181818181818, 1403.2207792207791)",Lautropia,0,12243
"(1362.4153846153847, 1623.3692307692309)",Lautropia,0,12248
"(1362.7391304347825, 1852.804347826087)",Streptococcus,0,12252
"(1361.3103448275863, 1936.344827586207)",Pasteurellaceae,0,12253
"(1361.8117647058823, 46.23529411764706)",Gemella,0,12254
"(1362.4035087719299, 245.31578947368422)",Prevotella,0,12256
"(1362.0, 365.2168674698795)",Lautropia,0,12257
"(1360.4225352112676, 409.85915492957747)",Fusobacterium,0,12258
"(1361.48, 498.76)",TM7,0,12259
"(1362.7722772277227, 1015.6930693069307)",Veillonella,0,12262
"(1363.4615384615386, 1449.2051282051282)",TM7,0,12263
"(1361.0641025641025, 1708.7307692307693)",Fusobacterium,0,12266
"(1360.173076923077, 1768.9807692307693)",Neisseriaceae,0,12267
"(1365.8125, 1922.4107142857142)",Streptococcus,0,12268
"(1363.017094017094, 485.008547008547)",TM7,0,12269
"(1363.46875, 606.125)",Leptotrichia,0,12270
"(1362.5373134328358, 1307.1791044776119)",Gemella,0,12272
"(1360.9615384615386, 1434.8461538461538)",TM7,0,12273
"(1361.8648648648648, 1557.1891891891892)",Neisseriaceae,0,12274
"(1364.2166666666667, 1657.9166666666667)",TM7,0,12275
"(1363.4285714285713, 1876.5844155844156)",Treponema,0,12276
"(1363.2115384615386, 130.23076923076923)",Campylobacter,0,12277
"(1365.2222222222222, 770.7851851851852)",Gemella,0,12279
"(1365.396551724138, 186.04310344827587)",Fusobacterium,0,12282
"(1365.0576923076924, 734.2307692307693)",Neisseriaceae,0,12284
"(1363.5384615384614, 812.0961538461538)",Capnocytophaga,0,12285
"(1363.4415584415585, 951.8051948051948)",Veillonella,0,12286
"(1368.3986928104575, 995.7124183006536)",Prevotella,0,12288
"(1366.5, 1384.7446808510638)",Rothia,0,12291
"(1364.5925925925926, 1417.7592592592594)",Fusobacterium,0,12292
"(1364.9354838709678, 1611.1451612903227)",Rothia,0,12293
"(1368.3846153846155, 302.875)",Rothia,0,12296
"(1365.4235294117648, 321.15294117647056)",Treponema,0,12297
"(1365.1346153846155, 550.8269230769231)",Actinomyces,0,12298
"(1370.9768786127167, 1174.8612716763005)",TM7,0,12301
"(1365.82, 795.86)",Prevotella,0,12303
"(1364.55, 823.45)",Prevotella,0,12304
"(1366.173076923077, 107.0576923076923)",Rothia,0,12311
"(1367.1870503597122, 1054.6906474820144)",Gemella,0,12312
"(1366.9117647058824, 1095.9705882352941)",TM7,0,12313
"(1367.7701149425288, 1199.528735632184)",Lautropia,0,12314
"(1367.3939393939395, 1247.469696969697)",Rothia,0,12315
"(1367.1964285714287, 1522.9107142857142)",Gemella,0,12318
"(1365.8714285714286, 1746.142857142857)",TM7,0,12319
"(1372.5949367088608, 1857.73417721519)",Pasteurellaceae,0,12321
"(1368.7462686567164, 1945.1044776119404)",TM7,0,12322
"(1367.1153846153845, 1964.2884615384614)",TM7,0,12323
"(1369.551724137931, 428.5)",Rothia,0,12326
"(1368.9673913043478, 523.2282608695652)",TM7,0,12327
"(1371.54, 914.56)",TM7,0,12328
"(1367.4324324324325, 979.472972972973)",Veillonella,0,12330
"(1368.536231884058, 1112.8840579710145)",Fusobacterium,0,12332
"(1368.406779661017, 469.03389830508473)",Gemella,0,12339
"(1370.8235294117646, 596.1176470588235)",Prevotella,0,12340
"(1371.4927536231885, 841.1739130434783)",Rothia,0,12342
"(1373.642857142857, 861.9785714285714)",Rothia,0,12343
"(1373.0184049079755, 885.6564417177914)",Rothia,0,12344
"(1370.4166666666667, 1283.6969696969697)",Veillonella,0,12345
"(1372.0149253731342, 1370.0)",Rothia,0,12346
"(1369.4246575342465, 1489.8219178082193)",Rothia,0,12347
"(1370.0655737704917, 1701.688524590164)",Rothia,0,12348
"(1371.1808510638298, 206.19148936170214)",Campylobacter,0,12349
"(1374.2553191489362, 356.3936170212766)",Capnocytophaga,0,12350
"(1371.2383720930231, 390.8313953488372)",Rothia,0,12351
"(1382.235, 1075.33)",TM7,0,12352
"(1369.6712328767123, 1590.5616438356165)",Treponema,0,12356
"(1370.6491228070176, 7.175438596491228)",Fusobacterium,0,12358
"(1377.8177083333333, 133.54166666666666)",Capnocytophaga,0,12360
"(1372.844155844156, 231.5974025974026)",Rothia,0,12361
"(1372.9327731092437, 262.43697478991595)",Fusobacterium,0,12362
"(1372.7101449275362, 289.536231884058)",Gemella,0,12363
"(1377.4237288135594, 502.2768361581921)",Fusobacterium,0,12364
"(1373.557251908397, 572.2671755725191)",Fusobacterium,0,12365
"(1373.4285714285713, 698.936507936508)",Fusobacterium,0,12366
"(1370.7878787878788, 1346.3333333333333)",TM7,0,12368
"(1372.8387096774193, 1908.467741935484)",Gemella,0,12369
"(1373.6129032258063, 66.62903225806451)",Gemella,0,12370
"(1371.964705882353, 671.7647058823529)",Lautropia,0,12372
"(1376.1194029850747, 1320.05223880597)",Campylobacter,0,12373
"(1372.1764705882354, 1439.4705882352941)",Veillonella,0,12374
"(1373.1860465116279, 1550.1976744186047)",Gemella,0,12375
"(1371.7931034482758, 1573.1724137931035)",Treponema,0,12376
"(1372.3584905660377, 1601.5094339622642)",Gemella,0,12377
"(1371.0, 1894.1694915254238)",Streptococcus,0,12378
"(1372.8285714285714, 541.6714285714286)",Lautropia,0,12380
"(1374.983606557377, 748.5081967213115)",Veillonella,0,12382
"(1373.0588235294117, 1223.235294117647)",Lautropia,0,12384
"(1376.6543209876543, 1299.4567901234568)",Rothia,0,12385
"(1374.103448275862, 1724.0459770114942)",Rothia,0,12388
"(1376.8214285714287, 1807.8214285714287)",Treponema,0,12390
"(1374.1149425287356, 1988.7471264367816)",Gemella,0,12391
"(1376.2307692307693, 147.53846153846155)",Leptotrichia,0,12392
"(1375.4363636363637, 249.0)",Capnocytophaga,0,12393
"(1373.640625, 728.8125)",Gemella,0,12394
"(1377.0674157303372, 934.6123595505618)",Veillonella,0,12396
"(1373.1346153846155, 1035.3846153846155)",Prevotella,0,12397
"(1374.921568627451, 1087.549019607843)",Rothia,0,12398
"(1374.9444444444443, 1270.111111111111)",Porphyromonas,0,12400
"(1376.421052631579, 1432.140350877193)",Gemella,0,12402
"(1374.126984126984, 1739.7142857142858)",Rothia,0,12406
"(1374.619718309859, 1835.338028169014)",Fusobacterium,0,12407
"(1374.9607843137255, 1974.4901960784314)",TM7,0,12408
"(1378.5123966942149, 1406.7768595041323)",Prevotella,0,12410
"(1374.7671232876712, 1476.6438356164383)",Pasteurellaceae,0,12413
"(1376.1530612244899, 1665.704081632653)",Selenomonas,0,12414
"(1376.581818181818, 92.93636363636364)",Fusobacterium,0,12418
"(1375.5642857142857, 169.92142857142858)",Veillonella,0,12419
"(1376.3214285714287, 455.92857142857144)",Veillonella,0,12420
"(1377.030303030303, 483.2121212121212)",Rothia,0,12421
"(1376.62, 793.56)",TM7,0,12422
"(1374.9310344827586, 825.6206896551724)",Rothia,0,12423
"(1376.2926829268292, 965.1951219512196)",TM7,0,12424
"(1376.8412698412699, 1065.095238095238)",Prevotella,0,12425
"(1377.9885057471265, 1765.8505747126437)",Fusobacterium,0,12426
"(1383.376712328767, 189.5958904109589)",Prevotella,0,12428
"(1377.0, 411.5)",Corynebacterium,0,12429
"(1376.8490566037735, 1647.3207547169811)",Fusobacterium,0,12432
"(1379.1954022988505, 26.448275862068964)",Neisseriaceae,0,12433
"(1379.531914893617, 314.1595744680851)",Rothia,0,12434
"(1381.0330578512396, 620.8512396694215)",Lautropia,0,12437
"(1383.5471698113208, 635.6132075471698)",Fusobacterium,0,12438
"(1381.4148936170213, 950.7234042553191)",Campylobacter,0,12440
"(1381.9894736842105, 1518.621052631579)",Lautropia,0,12441
"(1377.4035087719299, 1780.6491228070176)",Porphyromonas,0,12442
"(1380.2444444444445, 1872.9)",Gemella,0,12443
"(1380.0441176470588, 1381.5588235294117)",Prevotella,0,12449
"(1382.7809523809524, 1682.857142857143)",TM7,0,12450
"(1380.2272727272727, 1961.1704545454545)",Treponema,0,12453
"(1380.4833333333333, 557.2666666666667)",TM7,0,12454
"(1379.7962962962963, 902.3333333333334)",Capnocytophaga,0,12456
"(1378.9344262295083, 1022.4426229508197)",Capnocytophaga,0,12458
"(1380.8082191780823, 1233.0684931506848)",Rothia,0,12459
"(1384.621052631579, 1463.5578947368422)",Treponema,0,12460
"(1386.0826446280992, 43.099173553719005)",Leptotrichia,0,12464
"(1383.871794871795, 105.37179487179488)",Gemella,0,12466
"(1381.7, 217.06)",Gemella,0,12467
"(1385.157894736842, 242.2982456140351)",Fusobacterium,0,12468
"(1385.2462686567164, 277.86567164179104)",Capnocytophaga,0,12469
"(1383.2680412371135, 465.340206185567)",Prevotella,0,12470
"(1388.2631578947369, 742.171052631579)",Rothia,0,12471
"(1382.6923076923076, 1044.871794871795)",Rothia,0,12472
"(1380.8412698412699, 1187.857142857143)",Veillonella,0,12473
"(1384.4285714285713, 1266.4835164835165)",Lautropia,0,12476
"(1382.9195402298851, 8.126436781609195)",Gemella,0,12479
"(1382.0625, 686.71875)",Prevotella,0,12482
"(1384.2784810126582, 1358.0506329113923)",Pasteurellaceae,0,12484
"(1381.377358490566, 1609.6792452830189)",Neisseriaceae,0,12487
"(1381.0, 1899.9285714285713)",Selenomonas,0,12488
"(1387.2769230769231, 985.2923076923076)",Campylobacter,0,12494
"(1386.1829268292684, 1331.560975609756)",Fusobacterium,0,12496
"(1383.0, 1365.8103448275863)",TM7,0,12497
"(1382.7450980392157, 1754.0)",Fusobacterium,0,12499
"(1384.24, 583.04)",Gemella,0,12501
"(1385.4222222222222, 668.7222222222222)",Pasteurellaceae,0,12502
"(1386.875, 1102.6875)",Pasteurellaceae,0,12504
"(1385.0588235294117, 1498.0392156862745)",Veillonella,0,12507
"(1384.051724137931, 1791.5172413793102)",Pasteurellaceae,0,12509
"(1387.018691588785, 74.22429906542057)",Veillonella,0,12510
"(1385.1060606060605, 527.0151515151515)",TM7,0,12511
"(1385.9722222222222, 594.375)",TM7,0,12513
"(1391.241134751773, 649.6241134751773)",TM7,0,12514
"(1385.6271186440679, 1539.084745762712)",Neisseriaceae,0,12518
"(1384.469696969697, 1714.030303030303)",TM7,0,12519
"(1385.44, 1944.8666666666666)",Lautropia,0,12520
"(1385.65, 58.5625)",Porphyromonas,0,12522
"(1394.25, 232.28571428571428)",Capnocytophaga,0,12525
"(1386.7575757575758, 260.3787878787879)",Gemella,0,12526
"(1386.137254901961, 1629.0588235294117)",Lautropia,0,12533
"(1393.8531468531469, 1653.6363636363637)",Lautropia,0,12534
"(1386.5416666666667, 451.1388888888889)",TM7,0,12537
"(1388.2530120481927, 512.8313253012049)",TM7,0,12538
"(1387.4022988505747, 885.4252873563219)",TM7,0,12539
"(1386.421052631579, 1726.6842105263158)",Fusobacterium,0,12542
"(1388.8, 1857.6133333333332)",Fusobacterium,0,12543
"(1390.9345794392523, 198.01869158878506)",Fusobacterium,0,12544
"(1390.2417582417581, 721.5714285714286)",Fusobacterium,0,12546
"(1389.090909090909, 755.5818181818182)",Selenomonas,0,12547
"(1390.6315789473683, 829.296052631579)",TM7,0,12549
"(1391.077922077922, 999.4285714285714)",Campylobacter,0,12551
"(1390.505376344086, 1088.6774193548388)",TM7,0,12552
"(1391.68345323741, 1207.7553956834533)",Fusobacterium,0,12553
"(1388.0961538461538, 1279.0)",Gemella,0,12554
"(1388.5272727272727, 1476.090909090909)",Lautropia,0,12555
"(1391.173076923077, 150.1153846153846)",Lautropia,0,12559
"(1391.095744680851, 846.436170212766)",Actinomyces,0,12560
"(1389.490909090909, 963.9454545454546)",Campylobacter,0,12561
"(1388.7014925373135, 1441.0)",Veillonella,0,12562
"(1388.5454545454545, 1739.7922077922078)",Prevotella,0,12563
"(1394.191011235955, 249.01123595505618)",TM7,0,12567
"(1391.9262295081967, 350.90983606557376)",Rothia,0,12568
"(1391.0583333333334, 373.2083333333333)",TM7,0,12569
"(1396.6746411483255, 424.8612440191388)",Fusobacterium,0,12570
"(1390.0123456790122, 919.320987654321)",Gemella,0,12573
"(1393.5700934579438, 1054.9719626168223)",Rothia,0,12574
"(1392.4754098360656, 1377.1803278688524)",Gemella,0,12576
"(1390.9605263157894, 1568.2368421052631)",Streptococcus,0,12577
"(1392.1538461538462, 18.21978021978022)",Gemella,0,12578
"(1391.622641509434, 208.96226415094338)",Prevotella,0,12579
"(1393.528, 402.208)",Lautropia,0,12581
"(1394.1122448979593, 1223.5510204081634)",TM7,0,12582
"(1392.5625, 1291.4125)",Prevotella,0,12583
"(1390.92, 1785.76)",TM7,0,12584
"(1391.1346153846155, 1805.3461538461538)",Gemella,0,12585
"(1393.0387596899225, 1917.6666666666667)",Treponema,0,12586
"(1393.55223880597, 610.6417910447761)",Prevotella,0,12588
"(1395.842105263158, 910.0315789473684)",Rothia,0,12590
"(1395.1363636363637, 1396.6136363636363)",Lautropia,0,12591
"(1391.9803921568628, 1775.0)",TM7,0,12594
"(1392.6379310344828, 1815.9655172413793)",Actinomyces,0,12595
"(1393.955223880597, 94.04477611940298)",Selenomonas,0,12596
"(1392.7391304347825, 485.231884057971)",Rothia,0,12597
"(1393.6702127659576, 1026.563829787234)",Campylobacter,0,12599
"(1399.9142857142858, 1309.8095238095239)",Actinomyces,0,12600
"(1395.621212121212, 1319.1363636363637)",Veillonella,0,12601
"(1395.8086956521738, 1839.5826086956522)",Treponema,0,12606
"(1392.3076923076924, 1886.3461538461538)",Veillonella,0,12607
"(1396.043956043956, 471.7362637362637)",Prevotella,0,12610
"(1395.8, 561.4857142857143)",Fusobacterium,0,12611
"(1394.0196078431372, 689.5882352941177)",Gemella,0,12612
"(1397.145251396648, 944.1731843575419)",Capnocytophaga,0,12613
"(1400.2323232323233, 1008.7373737373738)",Rothia,0,12614
"(1393.9705882352941, 1182.6911764705883)",Veillonella,0,12615
"(1396.53125, 1434.484375)",Streptococcus,0,12616
"(1396.9032258064517, 1960.3548387096773)",Fusobacterium,0,12620
"(1394.375, 127.23214285714286)",Rothia,0,12621
"(1394.74, 172.36)",Porphyromonas,0,12622
"(1398.326388888889, 677.6666666666666)",Prevotella,0,12623
"(1394.8, 767.72)",Lautropia,0,12624
"(1395.111111111111, 1170.047619047619)",Treponema,0,12625
"(1398.121951219512, 1250.1158536585365)",Prevotella,0,12626
"(1395.2272727272727, 1420.0757575757575)",Actinomyces,0,12627
"(1395.9180327868853, 1452.2459016393443)",Veillonella,0,12628
"(1400.1538461538462, 119.14102564102564)",Selenomonas,0,12633
"(1397.3584905660377, 363.37735849056605)",TM7,0,12636
"(1397.6629213483145, 798.9662921348314)",Fusobacterium,0,12637
"(1398.0, 1236.5061728395062)",Actinomyces,0,12638
"(1397.5227272727273, 1608.4545454545455)",Treponema,0,12639
"(1397.8974358974358, 1710.1923076923076)",Veillonella,0,12640
"(1398.6896551724137, 5.396551724137931)",Gemella,0,12642
"(1399.057471264368, 387.9425287356322)",TM7,0,12643
"(1396.6101694915253, 575.9830508474577)",Rothia,0,12644
"(1396.9433962264152, 971.6792452830189)",Veillonella,0,12646
"(1399.7672413793102, 1336.7241379310344)",Fusobacterium,0,12647
"(1398.8426966292134, 1541.1797752808989)",Capnocytophaga,0,12648
"(1400.5376344086021, 36.365591397849464)",Pasteurellaceae,0,12650
"(1398.611650485437, 55.271844660194176)",Neisseriaceae,0,12651
"(1401.175, 107.2)",Rothia,0,12652
"(1401.7814569536424, 513.8145695364238)",Lautropia,0,12653
"(1398.9, 544.9777777777778)",Prevotella,0,12654
"(1398.46, 588.08)",TM7,0,12655
"(1399.9052631578948, 1039.1368421052632)",Prevotella,0,12656
"(1401.301204819277, 1822.0963855421687)",Fusobacterium,0,12658
"(1402.421052631579, 410.13684210526316)",TM7,0,12661
"(1400.1014492753623, 786.5072463768116)",TM7,0,12662
"(1399.16091954023, 866.0)",Rothia,0,12663
"(1401.5316455696202, 1411.4556962025317)",Treponema,0,12665
"(1401.2142857142858, 1507.3095238095239)",Actinomyces,0,12666
"(1401.5833333333333, 1755.3333333333333)",Campylobacter,0,12668
"(1403.6263736263736, 452.94505494505495)",Rothia,0,12670
"(1401.7303370786517, 601.0449438202247)",Prevotella,0,12671
"(1401.010989010989, 819.978021978022)",TM7,0,12674
"(1403.6, 1193.2666666666667)",Rothia,0,12676
"(1407.9463087248323, 1563.724832214765)",Actinomyces,0,12677
"(1400.9692307692308, 1576.6153846153845)",Fusobacterium,0,12678
"(1401.3960396039604, 1629.3861386138615)",Pasteurellaceae,0,12679
"(1400.0, 1666.578947368421)",Gemella,0,12680
"(1400.642857142857, 1724.767857142857)",TM7,0,12681
"(1400.1896551724137, 1942.8793103448277)",Veillonella,0,12682
"(1403.3265306122448, 220.09183673469389)",Rothia,0,12685
"(1401.607142857143, 439.6904761904762)",Lautropia,0,12686
"(1400.450980392157, 494.80392156862746)",Corynebacterium,0,12687
"(1401.0, 709.7931034482758)",TM7,0,12688
"(1402.1351351351352, 1267.6756756756756)",Prevotella,0,12690
"(1402.060606060606, 1520.9545454545455)",Fusobacterium,0,12692
"(1402.9268292682927, 1790.658536585366)",Gemella,0,12695
"(1405.8088235294117, 26.86764705882353)",Selenomonas,0,12696
"(1401.52, 291.8)",Rothia,0,12697
"(1408.9943820224719, 632.9887640449438)",Fusobacterium,0,12698
"(1405.8609271523178, 1368.7152317880796)",TM7,0,12699
"(1402.7627118644068, 1907.8135593220338)",Pasteurellaceae,0,12702
"(1402.54, 69.84)",Prevotella,0,12703
"(1404.098901098901, 179.02197802197801)",Neisseriaceae,0,12705
"(1402.904761904762, 748.7857142857143)",TM7,0,12707
"(1405.201923076923, 764.9423076923077)",Rothia,0,12708
"(1404.1186440677966, 883.1186440677966)",TM7,0,12710
"(1405.472972972973, 1683.8918918918919)",Neisseriaceae,0,12711
"(1402.3962264150944, 1738.9622641509434)",Rothia,0,12712
"(1403.7792207792209, 1805.3896103896104)",Veillonella,0,12713
"(1409.6379310344828, 336.9568965517241)",Fusobacterium,0,12716
"(1405.7349397590363, 1023.722891566265)",Capnocytophaga,0,12717
"(1408.345238095238, 1085.1309523809523)",Veillonella,0,12718
"(1405.0615384615385, 1283.1846153846154)",TM7,0,12719
"(1403.75, 1480.5441176470588)",Fusobacterium,0,12721
"(1403.7966101694915, 1856.822033898305)",Campylobacter,0,12722
"(1404.5892857142858, 1990.2142857142858)",Actinomyces,0,12723
"(1405.08547008547, 158.18803418803418)",Fusobacterium,0,12724
"(1411.9774011299435, 193.6949152542373)",Fusobacterium,0,12725
"(1408.2911392405063, 355.253164556962)",Fusobacterium,0,12726
"(1407.0681818181818, 899.7727272727273)",Prevotella,0,12727
"(1407.232142857143, 929.0803571428571)",TM7,0,12728
"(1408.8736842105263, 962.2)",Rothia,0,12729
"(1405.6756756756756, 1094.7297297297298)",Treponema,0,12730
"(1407.934065934066, 1351.4615384615386)",Fusobacterium,0,12731
"(1404.3214285714287, 1873.732142857143)",Treponema,0,12732
"(1406.7325581395348, 275.6744186046512)",Gemella,0,12733
"(1408.7222222222222, 1929.8194444444443)",Gemella,0,12735
"(1407.3548387096773, 128.24193548387098)",Veillonella,0,12737
"(1411.3333333333333, 209.25)",Prevotella,0,12738
"(1407.4366197183099, 1178.718309859155)",Rothia,0,12739
"(1408.7254901960785, 305.0098039215686)",Gemella,0,12743
"(1409.881188118812, 724.7524752475248)",Rothia,0,12744
"(1408.2954545454545, 985.6590909090909)",Rothia,0,12746
"(1412.5328467153286, 260.6350364963504)",Prevotella,0,12752
"(1411.8470588235293, 374.2470588235294)",Lautropia,0,12753
"(1408.7323943661972, 481.3098591549296)",Prevotella,0,12754
"(1409.1538461538462, 1323.2197802197802)",Prevotella,0,12755
"(1408.9285714285713, 1399.9)",Rothia,0,12756
"(1408.75, 1543.2307692307693)",Lautropia,0,12757
"(1410.3636363636363, 1670.6818181818182)",Treponema,0,12759
"(1412.6308724832215, 1887.0536912751677)",Fusobacterium,0,12763
"(1412.6315789473683, 66.11842105263158)",Fusobacterium,0,12766
"(1411.1052631578948, 539.3508771929825)",TM7,0,12769
"(1408.159420289855, 654.6086956521739)",Lautropia,0,12770
"(1409.5238095238096, 695.6825396825396)",TM7,0,12771
"(1411.888888888889, 777.9814814814815)",Rothia,0,12772
"(1413.4782608695652, 1041.2608695652175)",Prevotella,0,12773
"(1409.8985507246377, 1064.1304347826087)",Capnocytophaga,0,12775
"(1410.74, 1460.82)",Gemella,0,12776
"(1410.5555555555557, 1719.7888888888888)",Fusobacterium,0,12777
"(1413.5757575757575, 318.56060606060606)",Capnocytophaga,0,12779
"(1412.3978494623657, 552.5913978494624)",Prevotella,0,12780
"(1411.1375, 575.0375)",Actinomyces,0,12781
"(1417.4692307692308, 600.0)",Prevotella,0,12782
"(1411.049180327869, 865.7049180327868)",Capnocytophaga,0,12784
"(1413.2235294117647, 945.6117647058824)",Fusobacterium,0,12786
"(1415.2644628099174, 1385.9669421487604)",Campylobacter,0,12787
"(1411.7115384615386, 1773.5576923076924)",Capnocytophaga,0,12792
"(1412.4044943820224, 400.3370786516854)",Rothia,0,12795
"(1417.304347826087, 612.5652173913044)",Lautropia,0,12796
"(1411.0879120879122, 668.3186813186813)",Rothia,0,12797
"(1411.8620689655172, 1491.2586206896551)",TM7,0,12798
"(1411.66, 1589.16)",TM7,0,12799
"(1411.8433734939758, 1948.6265060240964)",Streptococcus,0,12803
"(1417.5894736842106, 1963.378947368421)",Porphyromonas,0,12804
"(1414.8951612903227, 845.8145161290323)",Rothia,0,12807
"(1415.1397849462367, 1206.0752688172042)",Capnocytophaga,0,12808
"(1411.972972972973, 1229.8243243243244)",Lautropia,0,12809
"(1413.7702702702702, 1422.5)",Prevotella,0,12810
"(1414.377049180328, 1902.9016393442623)",Lautropia,0,12814
"(1416.7571428571428, 469.2)",Prevotella,0,12815
"(1417.2244897959183, 815.765306122449)",Rothia,0,12817
"(1416.2727272727273, 144.22727272727272)",Rothia,0,12820
"(1415.5652173913043, 247.46376811594203)",Rothia,0,12822
"(1417.9236641221373, 508.09923664122135)",Rothia,0,12825
"(1414.3653846153845, 919.9807692307693)",Gemella,0,12826
"(1416.2564102564102, 1188.4358974358975)",Streptococcus,0,12828
"(1414.55, 1291.775)",Rothia,0,12829
"(1418.148148148148, 1448.537037037037)",Prevotella,0,12831
"(1416.3731343283582, 1757.8358208955224)",Fusobacterium,0,12832
"(1417.1159420289855, 1833.159420289855)",Gemella,0,12833
"(1416.4561403508771, 1981.140350877193)",Lautropia,0,12834
"(1417.4395604395604, 82.14285714285714)",Lautropia,0,12835
"(1416.3714285714286, 110.45714285714286)",Rothia,0,12836
"(1415.8245614035088, 710.9473684210526)",Gemella,0,12839
"(1418.1097560975609, 1077.4878048780488)",Campylobacter,0,12842
"(1416.7692307692307, 1818.8333333333333)",Neisseriaceae,0,12845
"(1416.6037735849056, 1850.8490566037735)",Treponema,0,12846
"(1418.1162790697674, 1863.7674418604652)",TM7,0,12847
"(1416.1851851851852, 417.25925925925924)",Fusobacterium,0,12848
"(1417.896551724138, 565.6206896551724)",Prevotella,0,12849
"(1419.6835443037974, 645.0126582278481)",Rothia,0,12850
"(1417.9770114942528, 796.3908045977012)",Campylobacter,0,12851
"(1417.68, 1258.4133333333334)",Lautropia,0,12853
"(1417.517857142857, 1308.0)",Prevotella,0,12854
"(1419.3835616438357, 1434.027397260274)",TM7,0,12855
"(1417.6349206349207, 1554.031746031746)",TM7,0,12857
"(1416.5272727272727, 1794.4363636363637)",Gemella,0,12858
"(1420.3492063492063, 97.38095238095238)",Lautropia,0,12861
"(1419.52, 222.232)",Fusobacterium,0,12862
"(1419.2941176470588, 751.1617647058823)",Fusobacterium,0,12864
"(1422.34375, 766.625)",Capnocytophaga,0,12865
"(1422.1180124223602, 1242.8447204968943)",Streptococcus,0,12866
"(1419.4347826086957, 1273.3478260869565)",Fusobacterium,0,12867
"(1420.7864077669904, 1493.8640776699028)",Capnocytophaga,0,12868
"(1420.3490566037735, 1513.5283018867924)",Actinomyces,0,12869
"(1420.2222222222222, 1706.263888888889)",TM7,0,12871
"(1420.0117647058823, 682.6941176470589)",Lautropia,0,12873
"(1419.9848484848485, 830.030303030303)",Capnocytophaga,0,12874
"(1423.270588235294, 876.3529411764706)",Fusobacterium,0,12875
"(1420.5964912280701, 1739.3070175438597)",TM7,0,12876
"(1420.509090909091, 54.018181818181816)",Prevotella,0,12877
"(1420.2173913043478, 456.9673913043478)",Lautropia,0,12878
"(1424.2298136645963, 911.3291925465838)",Fusobacterium,0,12879
"(1421.607594936709, 1600.987341772152)",Lautropia,0,12881
"(1420.1571428571428, 1615.942857142857)",Streptococcus,0,12882
"(1420.5892857142858, 1927.0357142857142)",Streptococcus,0,12883
"(1424.28125, 179.7734375)",Fusobacterium,0,12884
"(1421.5283018867924, 734.4528301886793)",TM7,0,12886
"(1421.1780821917807, 893.6438356164383)",Veillonella,0,12887
"(1423.7469879518073, 954.4096385542168)",Lautropia,0,12888
"(1420.75, 1538.9107142857142)",Lautropia,0,12890
"(1420.4655172413793, 1578.0862068965516)",Neisseriaceae,0,12891
"(1422.8, 132.11818181818182)",Prevotella,0,12893
"(1422.6323529411766, 486.3382352941176)",TM7,0,12895
"(1426.7899159663866, 1095.6050420168067)",Actinomyces,0,12898
"(1423.079365079365, 1358.5238095238096)",Campylobacter,0,12899
"(1422.5576923076924, 1528.7307692307693)",Actinomyces,0,12901
"(1422.3508771929824, 1672.0)",Fusobacterium,0,12902
"(1421.9622641509434, 1779.9811320754718)",Capnocytophaga,0,12903
"(1423.0307692307692, 379.61538461538464)",Lautropia,0,12905
"(1422.2328767123288, 1318.5890410958905)",Fusobacterium,0,12906
"(1426.2970297029703, 1645.5544554455446)",TM7,0,12907
"(1424.2686567164178, 1661.4179104477612)",Lautropia,0,12908
"(1425.2592592592594, 164.16666666666666)",Actinomyces,0,12910
"(1424.36, 346.36)",TM7,0,12911
"(1425.840579710145, 364.95652173913044)",Veillonella,0,12912
"(1424.4705882352941, 528.5735294117648)",Fusobacterium,0,12913
"(1425.8192771084337, 541.1927710843373)",Rothia,0,12914
"(1422.8039215686274, 666.9607843137255)",Gemella,0,12915
"(1425.683870967742, 997.3677419354839)",TM7,0,12917
"(1428.4432989690722, 1076.020618556701)",Rothia,0,12918
"(1423.3720930232557, 1412.0697674418604)",Treponema,0,12921
"(1423.0, 1721.6184210526317)",Lautropia,0,12922
"(1424.0344827586207, 1842.7586206896551)",TM7,0,12923
"(1425.9126213592233, 241.6893203883495)",TM7,0,12925
"(1427.52, 428.16)",Prevotella,0,12926
"(1427.7380952380952, 579.1428571428571)",Rothia,0,12927
"(1427.98, 935.21)",Rothia,0,12928
"(1432.611111111111, 1325.7301587301588)",Lautropia,0,12929
"(1424.4736842105262, 1338.0877192982457)",Fusobacterium,0,12930
"(1425.38, 1586.58)",Gemella,0,12933
"(1425.607142857143, 202.82142857142858)",Campylobacter,0,12936
"(1427.6382978723404, 780.7553191489362)",Neisseriaceae,0,12939
"(1427.6760563380283, 969.4225352112676)",Prevotella,0,12945
"(1429.3846153846155, 1044.6373626373627)",Prevotella,0,12946
"(1428.32, 555.3066666666666)",Capnocytophaga,0,12949
"(1427.2641509433963, 793.8867924528302)",Capnocytophaga,0,12951
"(1429.0093457943926, 1027.3177570093458)",Rothia,0,12952
"(1428.58, 1294.46)",Fusobacterium,0,12953
"(1427.8947368421052, 1400.4035087719299)",TM7,0,12954
"(1426.6615384615384, 1475.2307692307693)",Fusobacterium,0,12956
"(1427.8363636363636, 1769.0545454545454)",Treponema,0,12957
"(1432.926605504587, 622.8990825688073)",Veillonella,0,12959
"(1431.804347826087, 634.8804347826087)",Prevotella,0,12960
"(1428.4545454545455, 866.9636363636364)",Veillonella,0,12961
"(1430.5445544554455, 1458.5643564356435)",Actinomyces,0,12962
"(1429.7037037037037, 409.7037037037037)",Rothia,0,12967
"(1432.128205128205, 708.5384615384615)",Prevotella,0,12969
"(1431.5632183908046, 823.8390804597701)",Capnocytophaga,0,12971
"(1432.1625, 1375.65)",Rothia,0,12973
"(1428.3725490196077, 1813.9607843137255)",Lautropia,0,12974
"(1429.5076923076922, 1824.3076923076924)",Gemella,0,12975
"(1433.027027027027, 717.6891891891892)",Fusobacterium,0,12979
"(1430.8166666666666, 851.5333333333333)",Veillonella,0,12980
"(1432.4173913043478, 1306.0608695652174)",TM7,0,12982
"(1432.1875, 1886.425)",Fusobacterium,0,12984
"(1433.21875, 59.421875)",Streptococcus,0,12986
"(1435.7956989247311, 98.63440860215054)",Fusobacterium,0,12987
"(1432.8, 110.97333333333333)",Prevotella,0,12988
"(1435.733870967742, 388.58870967741933)",Gemella,0,12990
"(1432.0, 469.97058823529414)",TM7,0,12991
"(1431.5, 484.4852941176471)",Fusobacterium,0,12992
"(1434.1061946902655, 597.2654867256637)",Prevotella,0,12993
"(1435.9795918367347, 806.7619047619048)",Fusobacterium,0,12995
"(1432.1764705882354, 1574.450980392157)",Gemella,0,12997
"(1432.1052631578948, 1857.7631578947369)",Fusobacterium,0,12999
"(1432.6125, 221.3625)",Prevotella,0,13000
"(1433.1774193548388, 370.85483870967744)",Leptotrichia,0,13001
"(1433.2048192771085, 506.67469879518075)",Prevotella,0,13002
"(1436.4761904761904, 683.6476190476191)",Gemella,0,13003
"(1435.3592233009708, 888.6796116504854)",Prevotella,0,13004
"(1433.9558823529412, 1431.9264705882354)",Veillonella,0,13005
"(1433.2342342342342, 1621.900900900901)",TM7,0,13006
"(1435.2439024390244, 1696.4878048780488)",Lautropia,0,13007
"(1433.7704918032787, 1713.295081967213)",Gemella,0,13008
"(1442.4347826086957, 1797.472049689441)",Capnocytophaga,0,13009
"(1432.7272727272727, 1972.8545454545454)",Gemella,0,13010
"(1434.4754098360656, 72.67213114754098)",Gemella,0,13011
"(1436.162162162162, 150.22522522522522)",Rothia,0,13012
"(1437.064, 755.264)",Veillonella,0,13014
"(1434.34, 657.02)",Rothia,0,13018
"(1436.176923076923, 1061.7076923076922)",Rothia,0,13019
"(1435.7631578947369, 1389.2236842105262)",Fusobacterium,0,13021
"(1436.2173913043478, 1512.536231884058)",Lautropia,0,13023
"(1435.1, 1674.86)",Prevotella,0,13024
"(1435.857142857143, 1749.7571428571428)",Capnocytophaga,0,13025
"(1436.7714285714285, 1921.0142857142857)",Gemella,0,13027
"(1438.48623853211, 125.73394495412845)",Prevotella,0,13028
"(1442.780701754386, 699.4298245614035)",Rothia,0,13029
"(1435.7719298245613, 981.1052631578947)",TM7,0,13030
"(1435.9285714285713, 1479.2142857142858)",Campylobacter,0,13031
"(1438.4883720930231, 1549.4302325581396)",Lautropia,0,13032
"(1437.2372881355932, 1561.949152542373)",Lautropia,0,13033
"(1436.453125, 1659.28125)",Gemella,0,13034
"(1434.2941176470588, 1730.7058823529412)",Capnocytophaga,0,13035
"(1436.5, 83.03571428571429)",Lautropia,0,13036
"(1440.445945945946, 413.0135135135135)",Rothia,0,13037
"(1437.9591836734694, 527.295918367347)",Fusobacterium,0,13038
"(1437.2181818181818, 945.0363636363636)",Gemella,0,13039
"(1437.21875, 1271.328125)",Fusobacterium,0,13041
"(1436.1142857142856, 1357.7285714285715)",Gemella,0,13042
"(1439.6263736263736, 1494.5824175824175)",Veillonella,0,13043
"(1435.3898305084747, 1600.9322033898304)",Treponema,0,13044
"(1438.622641509434, 860.622641509434)",Prevotella,0,13046
"(1441.7777777777778, 1087.2962962962963)",Lautropia,0,13047
"(1438.1, 1638.8166666666666)",Lautropia,0,13051
"(1439.188524590164, 1843.27868852459)",Gemella,0,13053
"(1440.2941176470588, 206.5441176470588)",Lautropia,0,13056
"(1439.923076923077, 840.4871794871794)",Rothia,0,13057
"(1440.840579710145, 958.5942028985507)",TM7,0,13058
"(1439.4237288135594, 969.8305084745763)",Campylobacter,0,13059
"(1442.2947368421053, 1256.842105263158)",Gemella,0,13062
"(1440.0151515151515, 166.5151515151515)",Lautropia,0,13065
"(1440.6470588235295, 236.44117647058823)",Fusobacterium,0,13066
"(1440.52, 457.96)",Fusobacterium,0,13067
"(1440.553846153846, 566.9384615384615)",TM7,0,13068
"(1440.3859649122808, 764.8070175438596)",Prevotella,0,13069
"(1439.6296296296296, 786.0185185185185)",Rothia,0,13070
"(1440.4363636363637, 1078.0545454545454)",Rothia,0,13071
"(1441.8150684931506, 1286.650684931507)",TM7,0,13072
"(1440.7413793103449, 1454.8275862068965)",Veillonella,0,13075
"(1440.34, 1536.98)",Prevotella,0,13076
"(1440.5344827586207, 249.6551724137931)",Actinomyces,0,13079
"(1442.7252747252746, 425.31868131868134)",Rothia,0,13080
"(1441.0752688172042, 441.68817204301075)",Lautropia,0,13081
"(1442.4303797468353, 584.8354430379746)",TM7,0,13082
"(1450.15625, 878.16875)",Rothia,0,13083
"(1443.7121212121212, 196.5)",TM7,0,13084
"(1450.1739130434783, 399.7888198757764)",Gemella,0,13085
"(1449.3529411764705, 619.7647058823529)",Rothia,0,13086
"(1442.421052631579, 923.4912280701755)",Rothia,0,13088
"(1443.4148936170213, 1017.3936170212766)",Lautropia,0,13089
"(1441.0, 1955.0)",Lautropia,0,13091
"(1443.4354838709678, 1988.25)",Gemella,0,13092
"(1445.96875, 184.1328125)",Capnocytophaga,0,13093
"(1443.9242424242425, 1785.1515151515152)",TM7,0,13096
"(1444.125, 1819.5375)",Gemella,0,13097
"(1446.41592920354, 1897.9911504424779)",Fusobacterium,0,13098
"(1446.2898550724638, 468.05797101449275)",Gemella,0,13099
"(1444.4761904761904, 542.031746031746)",TM7,0,13100
"(1446.0350877192982, 62.80701754385965)",Lautropia,0,13106
"(1445.4918032786886, 229.34426229508196)",Porphyromonas,0,13107
"(1445.2033898305085, 483.35593220338984)",Fusobacterium,0,13108
"(1449.049504950495, 493.51485148514854)",Lautropia,0,13109
"(1449.4285714285713, 509.37593984962405)",Fusobacterium,0,13110
"(1444.7826086956522, 662.3913043478261)",Actinomyces,0,13112
"(1445.6666666666667, 738.6470588235294)",Lautropia,0,13113
"(1445.2, 905.4727272727273)",TM7,0,13114
"(1449.2137931034483, 998.5172413793103)",Rothia,0,13115
"(1446.0655737704917, 1372.8196721311476)",Actinomyces,0,13116
"(1448.0594059405942, 1411.0594059405942)",Lautropia,0,13117
"(1445.5555555555557, 216.27777777777777)",Prevotella,0,13121
"(1447.2021276595744, 559.0744680851063)",Fusobacterium,0,13122
"(1446.9454545454546, 771.6909090909091)",Rothia,0,13123
"(1445.4761904761904, 934.8730158730159)",Corynebacterium,0,13124
"(1447.1774193548388, 1503.5)",Pasteurellaceae,0,13126
"(1448.8115942028985, 1630.5797101449275)",Neisseriaceae,0,13127
"(1445.6538461538462, 1653.7692307692307)",Actinomyces,0,13128
"(1447.952380952381, 1730.892857142857)",Leptotrichia,0,13129
"(1447.063492063492, 1932.2222222222222)",Streptococcus,0,13130
"(1446.482142857143, 94.375)",Lautropia,0,13131
"(1448.8019801980197, 112.9009900990099)",TM7,0,13132
"(1447.2739726027398, 822.0410958904109)",Rothia,0,13133
"(1448.235294117647, 1469.3970588235295)",Actinomyces,0,13136
"(1447.8028169014085, 1480.7323943661972)",Campylobacter,0,13137
"(1447.95625, 1595.09375)",TM7,0,13138
"(1447.450980392157, 1618.7058823529412)",Treponema,0,13139
"(1448.9871794871794, 1769.9102564102564)",Lautropia,0,13140
"(1448.2474226804125, 1880.1030927835052)",Leptotrichia,0,13142
"(1446.351851851852, 1971.1666666666667)",Veillonella,0,13143
"(1450.4214876033059, 686.0165289256198)",Prevotella,0,13145
"(1450.1447368421052, 948.6184210526316)",Fusobacterium,0,13146
"(1448.1758241758241, 1031.8021978021977)",Veillonella,0,13147
"(1450.2261904761904, 1050.9761904761904)",Veillonella,0,13148
"(1449.0069444444443, 1308.4791666666667)",Rothia,0,13149
"(1449.0873786407767, 1684.504854368932)",Treponema,0,13151
"(1448.607142857143, 1857.732142857143)",Rothia,0,13153
"(1452.5402298850574, 83.20689655172414)",TM7,0,13155
"(1450.1948051948052, 602.8831168831168)",Campylobacter,0,13156
"(1454.1791044776119, 840.9104477611941)",Campylobacter,0,13157
"(1449.099173553719, 1154.4545454545455)",Fusobacterium,0,13159
"(1449.5753424657535, 1386.109589041096)",Veillonella,0,13160
"(1451.4660194174758, 1524.7184466019417)",Actinomyces,0,13161
"(1448.2857142857142, 1571.7142857142858)",Lautropia,0,13162
"(1450.7215189873418, 1751.139240506329)",Rothia,0,13163
"(1449.4556962025317, 142.43037974683546)",Fusobacterium,0,13165
"(1451.6181818181817, 720.5454545454545)",Gemella,0,13166
"(1449.5, 810.0)",Capnocytophaga,0,13168
"(1451.6703296703297, 975.5164835164835)",TM7,0,13169
"(1452.5057471264367, 1250.1379310344828)",Capnocytophaga,0,13170
"(1452.0641025641025, 1264.448717948718)",Prevotella,0,13171
"(1449.8623853211009, 1429.0275229357799)",Lautropia,0,13172
"(1450.1587301587301, 1643.5873015873017)",Treponema,0,13173
"(1451.3647058823528, 1669.164705882353)",Prevotella,0,13174
"(1451.0862068965516, 69.82758620689656)",Lautropia,0,13177
"(1450.4923076923078, 445.81538461538463)",Prevotella,0,13178
"(1453.8061224489795, 653.4897959183673)",TM7,0,13179
"(1450.549019607843, 890.0980392156863)",Prevotella,0,13180
"(1451.7604166666667, 1102.0625)",Lautropia,0,13181
"(1450.7391304347825, 1134.095652173913)",Lautropia,0,13182
"(1450.7671232876712, 1331.0821917808219)",Lautropia,0,13183
"(1452.5, 1509.8815789473683)",Lautropia,0,13184
"(1453.2164948453608, 172.2577319587629)",Rothia,0,13186
"(1454.6455696202531, 671.126582278481)",Rothia,0,13188
"(1457.5963302752293, 852.8623853211009)",TM7,0,13190
"(1455.2524271844661, 1115.7184466019417)",Lautropia,0,13191
"(1453.9180327868853, 866.0983606557377)",Fusobacterium,0,13194
"(1455.2303921568628, 1068.0343137254902)",Rothia,0,13195
"(1453.5735294117646, 1168.985294117647)",Veillonella,0,13196
"(1454.4444444444443, 1445.1296296296296)",Treponema,0,13197
"(1454.603305785124, 1540.5371900826447)",Fusobacterium,0,13198
"(1455.25, 1963.9204545454545)",Treponema,0,13199
"(1454.7375, 475.7625)",Fusobacterium,0,13200
"(1453.4, 986.52)",TM7,0,13203
"(1453.68, 1122.94)",Lautropia,0,13204
"(1453.4776119402984, 1348.2835820895523)",Fusobacterium,0,13205
"(1456.6627906976744, 1919.1860465116279)",Lautropia,0,13207
"(1453.7962962962963, 1949.3333333333333)",Actinomyces,0,13208
"(1457.112, 96.856)",Rothia,0,13210
"(1462.888888888889, 452.26190476190476)",Fusobacterium,0,13212
"(1455.888888888889, 788.4305555555555)",Prevotella,0,13213
"(1457.125, 893.5833333333334)",Fusobacterium,0,13214
"(1455.5294117647059, 910.156862745098)",Lautropia,0,13215
"(1458.0081967213114, 1280.795081967213)",Neisseriaceae,0,13216
"(1456.296875, 1738.71875)",Lautropia,0,13219
"(1458.268115942029, 133.7463768115942)",Gemella,0,13220
"(1458.01, 544.54)",Rothia,0,13221
"(1456.7368421052631, 571.0131578947369)",Veillonella,0,13222
"(1457.1, 1661.2444444444445)",Lautropia,0,13224
"(1455.835294117647, 1843.3647058823528)",Lautropia,0,13225
"(1459.621951219512, 156.8780487804878)",Fusobacterium,0,13227
"(1456.888888888889, 526.5238095238095)",Rothia,0,13228
"(1456.4225352112676, 957.056338028169)",Gemella,0,13230
"(1458.6478873239437, 1323.661971830986)",Fusobacterium,0,13231
"(1458.7027027027027, 1366.2432432432433)",TM7,0,13232
"(1460.3793103448277, 1621.6666666666667)",TM7,0,13234
"(1457.8833333333334, 1907.05)",Rothia,0,13236
"(1458.25, 416.6333333333333)",Veillonella,0,13238
"(1458.8955223880596, 920.044776119403)",Gemella,0,13239
"(1458.7954545454545, 1088.0795454545455)",Streptococcus,0,13240
"(1459.09375, 1399.234375)",Fusobacterium,0,13241
"(1458.4363636363637, 1565.090909090909)",Gemella,0,13242
"(1459.2463768115942, 1872.9130434782608)",Lautropia,0,13244
"(1462.5961538461538, 1938.4615384615386)",Streptococcus,0,13245
"(1459.1960784313726, 617.9803921568628)",Lautropia,0,13246
"(1462.9304347826087, 937.4347826086956)",Gemella,0,13248
"(1461.225, 1298.1)",Gemella,0,13249
"(1466.4017857142858, 1782.0714285714287)",Gemella,0,13250
"(1463.012048192771, 230.50602409638554)",Fusobacterium,0,13253
"(1459.4166666666667, 1709.5166666666667)",TM7,0,13256
"(1461.3207547169811, 218.9433962264151)",Streptococcus,0,13262
"(1462.4074074074074, 590.9629629629629)",Lautropia,0,13264
"(1462.3684210526317, 729.9868421052631)",Rothia,0,13266
"(1462.9074074074074, 823.8888888888889)",Prevotella,0,13267
"(1461.9761904761904, 1030.0238095238096)",Lautropia,0,13269
"(1461.5961538461538, 1587.2692307692307)",Gemella,0,13271
"(1462.5294117647059, 1978.8431372549019)",TM7,0,13272
"(1464.0882352941176, 510.5147058823529)",Prevotella,0,13273
"(1468.8392857142858, 598.8303571428571)",Lautropia,0,13275
"(1461.576923076923, 640.6153846153846)",Prevotella,0,13276
"(1463.4597701149426, 772.1494252873563)",Rothia,0,13277
"(1466.3653846153845, 1246.3076923076924)",TM7,0,13278
"(1466.3240740740741, 1514.111111111111)",Gemella,0,13284
"(1463.7543859649122, 1600.4736842105262)",Rothia,0,13285
"(1464.609589041096, 1642.0479452054794)",Lautropia,0,13286
"(1461.8870967741937, 1694.3870967741937)",Capnocytophaga,0,13287
"(1465.888888888889, 1767.1407407407407)",Lautropia,0,13288
"(1462.8275862068965, 203.31034482758622)",Selenomonas,0,13291
"(1466.6363636363637, 717.3090909090909)",Actinomyces,0,13293
"(1464.6138613861385, 1139.9108910891089)",Rothia,0,13294
"(1464.7966101694915, 1466.6101694915253)",Treponema,0,13297
"(1463.962962962963, 1793.6296296296296)",TM7,0,13298
"(1465.048076923077, 113.29807692307692)",Lautropia,0,13299
"(1466.9264705882354, 183.97058823529412)",Rothia,0,13300
"(1465.6142857142856, 385.87142857142857)",Selenomonas,0,13301
"(1469.5304347826086, 790.0869565217391)",Capnocytophaga,0,13303
"(1464.8153846153846, 1352.553846153846)",Lautropia,0,13305
"(1466.7767857142858, 1483.125)",Lautropia,0,13306
"(1466.8222222222223, 1679.585185185185)",Treponema,0,13309
"(1466.785046728972, 1826.7570093457944)",TM7,0,13310
"(1470.8018018018017, 1899.1891891891892)",Leptotrichia,0,13311
"(1467.7934782608695, 75.97826086956522)",Actinomyces,0,13312
"(1465.6777777777777, 427.47777777777776)",Lautropia,0,13313
"(1467.948717948718, 750.2692307692307)",TM7,0,13314
"(1466.6436781609195, 1004.3563218390805)",Corynebacterium,0,13315
"(1465.6, 1153.4727272727273)",TM7,0,13316
"(1470.5925925925926, 1444.0864197530864)",Streptococcus,0,13317
"(1466.7818181818182, 1747.1454545454546)",Treponema,0,13318
"(1467.1960784313726, 866.1960784313726)",Lautropia,0,13321
"(1467.796875, 896.859375)",Prevotella,0,13322
"(1467.5272727272727, 1041.9272727272728)",Prevotella,0,13323
"(1467.3387096774193, 1263.8870967741937)",Gemella,0,13325
"(1469.675, 1455.6625)",Fusobacterium,0,13326
"(1467.6323529411766, 1887.8088235294117)",TM7,0,13328
"(1470.905172413793, 1992.4224137931035)",Lautropia,0,13329
"(1468.5205479452054, 409.2739726027397)",Lautropia,0,13330
"(1467.5326086956522, 489.0652173913044)",Lautropia,0,13331
"(1469.6712328767123, 524.013698630137)",TM7,0,13332
"(1470.685393258427, 561.8426966292135)",Prevotella,0,13333
"(1467.8253968253969, 650.6190476190476)",Fusobacterium,0,13334
"(1470.8333333333333, 1388.4074074074074)",Fusobacterium,0,13336
"(1468.295081967213, 1532.27868852459)",Leptotrichia,0,13337
"(1468.811320754717, 1709.3962264150944)",Selenomonas,0,13338
"(1470.578947368421, 93.2421052631579)",Gemella,0,13340
"(1472.3130434782609, 156.8)",Gemella,0,13341
"(1469.1473684210525, 468.12631578947367)",Prevotella,0,13342
"(1470.111111111111, 685.6666666666666)",TM7,0,13343
"(1468.4516129032259, 951.7096774193549)",Gemella,0,13345
"(1469.4571428571428, 1419.2857142857142)",Streptococcus,0,13346
"(1477.0579710144928, 172.1231884057971)",Lautropia,0,13347
"(1470.859375, 664.015625)",Treponema,0,13348
"(1470.4683544303798, 876.1772151898734)",Gemella,0,13350
"(1471.0, 924.3157894736842)",Leptotrichia,0,13351
"(1472.5430463576158, 969.9602649006622)",Capnocytophaga,0,13352
"(1470.4507042253522, 988.9718309859155)",Actinomyces,0,13353
"(1468.9814814814815, 1058.6851851851852)",Selenomonas,0,13354
"(1472.2222222222222, 1498.4761904761904)",Fusobacterium,0,13356
"(1471.4, 613.6)",Gemella,0,13361
"(1471.1666666666667, 634.7564102564103)",Pasteurellaceae,0,13362
"(1470.4, 1564.8727272727272)",Fusobacterium,0,13364
"(1470.9019607843138, 213.05882352941177)",Treponema,0,13368
"(1472.6666666666667, 702.1176470588235)",Leptotrichia,0,13370
"(1473.168, 1333.816)",Fusobacterium,0,13373
"(1472.1384615384616, 1913.246153846154)",Gemella,0,13375
"(1472.3709677419354, 133.25806451612902)",Gemella,0,13376
"(1473.2372881355932, 1313.0338983050847)",Lautropia,0,13379
"(1471.5714285714287, 1376.8392857142858)",Gemella,0,13380
"(1472.344827586207, 1398.5862068965516)",Neisseriaceae,0,13381
"(1472.28, 1868.18)",Gemella,0,13382
"(1477.4590163934427, 195.2377049180328)",Treponema,0,13384
"(1474.958904109589, 829.7808219178082)",Prevotella,0,13386
"(1475.235294117647, 852.6862745098039)",Prevotella,0,13387
"(1475.423076923077, 122.36538461538461)",Fusobacterium,0,13393
"(1476.840579710145, 1668.840579710145)",Gemella,0,13399
"(1478.8108108108108, 1697.009009009009)",Treponema,0,13400
"(1478.009900990099, 69.94059405940594)",Rothia,0,13401
"(1480.4795918367347, 112.34693877551021)",Streptococcus,0,13402
"(1479.904761904762, 473.2190476190476)",Treponema,0,13404
"(1475.377358490566, 727.8301886792453)",Treponema,0,13405
"(1476.0555555555557, 1600.4444444444443)",Lautropia,0,13407
"(1476.575, 1615.475)",Leptotrichia,0,13408
"(1478.7525773195875, 1852.8865979381444)",Fusobacterium,0,13409
"(1476.5795454545455, 1966.465909090909)",Lautropia,0,13411
"(1479.962962962963, 573.0123456790124)",TM7,0,13412
"(1479.9375, 634.875)",Fusobacterium,0,13413
"(1480.4285714285713, 1030.6691729323309)",Rothia,0,13415
"(1480.2115384615386, 1352.048076923077)",Veillonella,0,13417
"(1477.72, 1370.84)",TM7,0,13418
"(1478.445945945946, 1881.027027027027)",Fusobacterium,0,13420
"(1477.4237288135594, 434.45762711864404)",Gemella,0,13425
"(1479.9569892473119, 497.4731182795699)",Fusobacterium,0,13426
"(1481.9746835443038, 821.6075949367089)",Fusobacterium,0,13427
"(1478.1525423728813, 1156.1016949152543)",Leptotrichia,0,13429
"(1478.406779661017, 1292.406779661017)",Corynebacterium,0,13430
"(1479.7777777777778, 1556.1851851851852)",Treponema,0,13432
"(1480.490909090909, 1730.290909090909)",TM7,0,13433
"(1479.8840579710145, 1788.8985507246377)",Prevotella,0,13434
"(1484.4724409448818, 143.88188976377953)",Actinomyces,0,13435
"(1481.5217391304348, 653.6086956521739)",TM7,0,13439
"(1480.140350877193, 919.9473684210526)",Lautropia,0,13440
"(1479.9411764705883, 1273.5529411764705)",Campylobacter,0,13442
"(1479.396551724138, 1821.3620689655172)",TM7,0,13443
"(1482.4666666666667, 456.29333333333335)",Lautropia,0,13445
"(1480.6923076923076, 677.4923076923077)",Fusobacterium,0,13446
"(1484.1666666666667, 714.0)",Rothia,0,13447
"(1483.22131147541, 766.8524590163935)",Prevotella,0,13449
"(1485.7259259259258, 906.237037037037)",Prevotella,0,13450
"(1480.8846153846155, 1434.9807692307693)",Actinomyces,0,13452
"(1481.2881355932204, 1463.9830508474577)",Capnocytophaga,0,13453
"(1482.1728395061727, 1491.9506172839506)",Lautropia,0,13454
"(1482.949152542373, 1799.2881355932204)",TM7,0,13455
"(1481.7, 53.5)",Fusobacterium,0,13457
"(1485.4819277108434, 100.144578313253)",Streptococcus,0,13458
"(1483.5591397849462, 418.98924731182797)",Gemella,0,13459
"(1482.859649122807, 883.2456140350877)",Veillonella,0,13460
"(1485.26, 956.4333333333333)",Lautropia,0,13461
"(1482.4675324675325, 1527.8831168831168)",Actinomyces,0,13463
"(1481.719298245614, 1541.4561403508771)",Lautropia,0,13464
"(1482.3333333333333, 1571.7777777777778)",Lautropia,0,13465
"(1480.0961538461538, 1760.3846153846155)",TM7,0,13466
"(1482.986301369863, 1873.3424657534247)",Treponema,0,13468
"(1482.1764705882354, 1921.1960784313726)",Lautropia,0,13469
"(1486.584745762712, 84.2542372881356)",Fusobacterium,0,13470
"(1485.5, 404.4428571428571)",TM7,0,13471
"(1484.1818181818182, 545.4285714285714)",Fusobacterium,0,13472
"(1484.258064516129, 750.016129032258)",Rothia,0,13476
"(1484.3809523809523, 1591.1142857142856)",Lautropia,0,13477
"(1485.2028985507247, 1015.0579710144928)",Streptococcus,0,13480
"(1483.8589743589744, 1321.0897435897436)",Neisseriaceae,0,13481
"(1484.6274509803923, 1381.1176470588234)",Gemella,0,13482
"(1485.1684210526316, 1505.821052631579)",Actinomyces,0,13483
"(1483.752688172043, 1713.0430107526881)",Lautropia,0,13484
"(1485.3978494623657, 1776.774193548387)",Gemella,0,13485
"(1487.6095238095238, 388.9904761904762)",TM7,0,13488
"(1485.6404494382023, 590.2696629213483)",Fusobacterium,0,13489
"(1485.2073170731708, 1398.3536585365853)",Lautropia,0,13492
"(1485.0, 1833.25)",Lautropia,0,13493
"(1487.084745762712, 447.23728813559325)",Treponema,0,13496
"(1486.4769230769232, 530.7538461538461)",Lautropia,0,13497
"(1488.2542372881355, 1977.1694915254238)",Treponema,0,13502
"(1486.7230769230769, 564.8615384615384)",Rothia,0,13504
"(1488.1565217391305, 797.295652173913)",Prevotella,0,13505
"(1489.0208333333333, 869.1875)",Gemella,0,13507
"(1488.3666666666666, 1305.2333333333333)",Fusobacterium,0,13508
"(1489.7763157894738, 1452.342105263158)",Lautropia,0,13509
"(1487.495867768595, 1945.1818181818182)",Treponema,0,13511
"(1486.9193548387098, 728.6935483870968)",Gemella,0,13515
"(1488.984375, 1608.84375)",Neisseriaceae,0,13517
"(1491.5151515151515, 1751.5)",Streptococcus,0,13519
"(1486.90625, 1907.78125)",Treponema,0,13521
"(1489.3370786516855, 1336.0786516853932)",TM7,0,13525
"(1492.1470588235295, 1482.186274509804)",Prevotella,0,13527
"(1489.578947368421, 1637.421052631579)",Treponema,0,13528
"(1494.0217391304348, 70.33695652173913)",Gemella,0,13529
"(1489.1851851851852, 741.8148148148148)",Rothia,0,13531
"(1492.0689655172414, 975.816091954023)",Campylobacter,0,13533
"(1488.4905660377358, 1003.9056603773585)",TM7,0,13534
"(1490.6833333333334, 1285.3833333333334)",Gemella,0,13535
"(1491.842105263158, 1674.2631578947369)",Leptotrichia,0,13536
"(1492.0987654320988, 927.0123456790124)",Prevotella,0,13538
"(1494.2571428571428, 991.0285714285715)",Treponema,0,13539
"(1492.6992481203008, 1259.5037593984962)",Lautropia,0,13540
"(1496.709219858156, 1561.1489361702127)",Pasteurellaceae,0,13543
"(1494.0, 1897.2985074626865)",Gemella,0,13547
"(1491.7241379310344, 431.44827586206895)",Treponema,0,13549
"(1491.75, 939.3214285714286)",Lautropia,0,13550
"(1495.9450549450548, 1348.4945054945056)",Rothia,0,13551
"(1494.3142857142857, 1762.1857142857143)",Lautropia,0,13552
"(1492.18, 1815.36)",Gemella,0,13553
"(1495.1889763779527, 114.1732283464567)",TM7,0,13555
"(1496.9172413793103, 613.1172413793104)",Corynebacterium,0,13556
"(1496.6363636363637, 670.5311004784689)",Lautropia,0,13558
"(1496.8502994011976, 834.5209580838323)",Veillonella,0,13559
"(1492.9, 1467.7875)",Fusobacterium,0,13562
"(1492.6166666666666, 1725.7666666666667)",Leptotrichia,0,13565
"(1492.7377049180327, 1926.4754098360656)",Lautropia,0,13566
"(1492.9384615384615, 520.8)",Gemella,0,13568
"(1492.5535714285713, 575.6785714285714)",TM7,0,13569
"(1494.622950819672, 784.7049180327868)",Gemella,0,13570
"(1495.985294117647, 1538.9264705882354)",Treponema,0,13571
"(1495.3076923076924, 1422.8)",TM7,0,13573
"(1495.6024096385543, 1525.6144578313254)",Leptotrichia,0,13575
"(1495.20987654321, 1582.432098765432)",Treponema,0,13576
"(1496.5, 1867.9268292682927)",Treponema,0,13578
"(1496.909090909091, 477.73636363636365)",Gemella,0,13579
"(1498.2727272727273, 633.5681818181819)",Capnocytophaga,0,13580
"(1498.7522935779816, 707.2844036697247)",Rothia,0,13581
"(1499.2093023255813, 1609.6860465116279)",Gemella,0,13582
"(1501.873873873874, 1703.081081081081)",Fusobacterium,0,13583
"(1495.607142857143, 1963.9464285714287)",Actinomyces,0,13584
"(1500.358208955224, 719.7164179104477)",Rothia,0,13585
"(1497.2166666666667, 1404.3583333333333)",Treponema,0,13587
"(1497.888888888889, 1982.3333333333333)",Lautropia,0,13592
"(1498.357142857143, 170.60714285714286)",Gemella,0,13593
"(1499.6968085106382, 553.1648936170212)",Corynebacterium,0,13594
"(1508.470297029703, 691.440594059406)",Rothia,0,13595
"(1499.1929824561403, 752.061403508772)",Fusobacterium,0,13596
"(1498.5633802816901, 890.9718309859155)",Veillonella,0,13597
"(1498.411111111111, 1242.4888888888888)",Leptotrichia,0,13598
"(1498.9830508474577, 1659.6610169491526)",Prevotella,0,13600
"(1501.15, 1714.8)",TM7,0,13601
"(1498.3898305084747, 1737.6440677966102)",Fusobacterium,0,13602
"(1500.072463768116, 1783.695652173913)",Treponema,0,13603
"(1498.24, 1879.04)",Fusobacterium,0,13604
"(1499.3275862068965, 858.2413793103449)",Gemella,0,13607
"(1499.327731092437, 1320.8487394957983)",Fusobacterium,0,13608
"(1499.9213483146068, 1384.4494382022472)",Gemella,0,13609
"(1501.5675675675675, 1686.1891891891892)",Lautropia,0,13610
"(1500.5576923076924, 54.03846153846154)",Corynebacterium,0,13614
"(1505.2469135802469, 128.96913580246914)",Treponema,0,13615
"(1502.2916666666667, 152.99305555555554)",Gemella,0,13616
"(1501.8470588235293, 398.9529411764706)",Lautropia,0,13617
"(1501.165137614679, 809.9266055045872)",Gemella,0,13619
"(1500.0853658536585, 1278.6097560975609)",Capnocytophaga,0,13620
"(1501.8902439024391, 1745.9512195121952)",Selenomonas,0,13621
"(1501.0566037735848, 407.7169811320755)",Fusobacterium,0,13624
"(1503.9817351598174, 458.58447488584477)",Prevotella,0,13625
"(1502.930693069307, 647.1386138613861)",Campylobacter,0,13627
"(1502.2428571428572, 1019.5857142857143)",Leptotrichia,0,13629
"(1501.640625, 1361.1875)",Capnocytophaga,0,13630
"(1502.5285714285715, 1499.5285714285715)",TM7,0,13631
"(1501.25, 916.2307692307693)",TM7,0,13634
"(1501.173076923077, 1470.0)",Prevotella,0,13635
"(1503.6896551724137, 1514.6896551724137)",Prevotella,0,13636
"(1503.7962962962963, 1575.0)",Gemella,0,13637
"(1507.254054054054, 1629.881081081081)",Leptotrichia,0,13638
"(1504.123595505618, 1986.2022471910113)",Treponema,0,13641
"(1502.6724137931035, 512.6379310344828)",Fusobacterium,0,13642
"(1507.621794871795, 771.2692307692307)",Prevotella,0,13643
"(1502.516129032258, 1645.1290322580646)",Campylobacter,0,13645
"(1504.983870967742, 1795.4516129032259)",TM7,0,13646
"(1508.803738317757, 1458.0841121495328)",TM7,0,13648
"(1505.107142857143, 1892.8214285714287)",Capnocytophaga,0,13649
"(1508.123287671233, 1599.8835616438357)",TM7,0,13651
"(1506.25, 1844.45)",Gemella,0,13652
"(1507.2048192771085, 102.08433734939759)",Lautropia,0,13653
"(1506.2465753424658, 435.54794520547944)",Lautropia,0,13654
"(1509.6272727272728, 574.1545454545454)",Prevotella,0,13656
"(1507.4102564102564, 984.1538461538462)",TM7,0,13659
"(1507.060606060606, 1009.7272727272727)",Treponema,0,13660
"(1510.3297872340424, 1445.5851063829787)",Rothia,0,13662
"(1507.418918918919, 1537.3783783783783)",Veillonella,0,13663
"(1505.9107142857142, 1830.1964285714287)",Lautropia,0,13664
"(1510.1176470588234, 905.0588235294117)",Prevotella,0,13665
"(1506.8805970149253, 1255.4925373134329)",Veillonella,0,13666
"(1509.954954954955, 1365.4684684684685)",Veillonella,0,13667
"(1511.5825242718447, 1430.0582524271845)",Rothia,0,13668
"(1508.958904109589, 1666.0821917808219)",Prevotella,0,13670
"(1513.0650406504064, 795.7479674796748)",Lautropia,0,13672
"(1509.5463917525774, 607.1030927835052)",Rothia,0,13678
"(1510.3818181818183, 823.9272727272727)",Actinomyces,0,13679
"(1508.0, 1482.8846153846155)",Treponema,0,13681
"(1509.0655737704917, 1764.639344262295)",Neisseriaceae,0,13683
"(1510.9577464788733, 1857.0140845070423)",Treponema,0,13684
"(1510.9811320754718, 1867.2830188679245)",Gemella,0,13685
"(1508.7962962962963, 66.0)",Porphyromonas,0,13686
"(1515.1559633027523, 420.48623853211006)",TM7,0,13687
"(1509.648148148148, 539.1296296296297)",Capnocytophaga,0,13689
"(1512.855421686747, 674.710843373494)",Lautropia,0,13690
"(1517.5177304964539, 876.1985815602837)",Lautropia,0,13691
"(1511.8783783783783, 1816.0945945945946)",Lautropia,0,13694
"(1511.3214285714287, 1937.517857142857)",Lautropia,0,13696
"(1510.6666666666667, 751.2407407407408)",Gemella,0,13698
"(1510.4423076923076, 926.1923076923077)",Veillonella,0,13700
"(1510.537037037037, 1338.9814814814815)",Campylobacter,0,13701
"(1514.0117647058823, 1776.8235294117646)",Pasteurellaceae,0,13703
"(1511.8115942028985, 1803.4927536231885)",Rothia,0,13704
"(1510.4528301886792, 1902.301886792453)",Fusobacterium,0,13705
"(1513.4096385542168, 505.56626506024094)",Lautropia,0,13706
"(1510.8035714285713, 522.6964285714286)",TM7,0,13707
"(1513.2027027027027, 889.081081081081)",Leptotrichia,0,13708
"(1511.6666666666667, 1277.6078431372548)",TM7,0,13709
"(1512.8245614035088, 1566.0350877192982)",Treponema,0,13712
"(1514.3176470588235, 1747.1882352941177)",Rothia,0,13713
"(1518.1333333333334, 459.73333333333335)",TM7,0,13714
"(1514.948717948718, 1308.9102564102564)",Campylobacter,0,13715
"(1516.7540983606557, 1471.6803278688524)",Fusobacterium,0,13723
"(1514.9714285714285, 1588.9714285714285)",Treponema,0,13725
"(1513.3934426229507, 1648.7868852459017)",Lautropia,0,13726
"(1518.4260869565217, 1919.982608695652)",Neisseriaceae,0,13727
"(1516.8095238095239, 850.4047619047619)",Lautropia,0,13729
"(1522.6019900497513, 1328.8009950248756)",Rothia,0,13730
"(1515.7532467532467, 1381.5844155844156)",Gemella,0,13731
"(1514.921568627451, 1401.078431372549)",Lautropia,0,13732
"(1516.7692307692307, 128.41538461538462)",Leptotrichia,0,13735
"(1516.9418604651162, 144.4418604651163)",Lautropia,0,13736
"(1517.1313131313132, 322.7070707070707)",Actinomyces,0,13738
"(1522.8358208955224, 588.4626865671642)",Gemella,0,13739
"(1521.7169811320755, 763.433962264151)",TM7,0,13740
"(1519.46, 836.34)",TM7,0,13741
"(1517.12, 1255.3)",Fusobacterium,0,13742
"(1515.46, 1882.8)",Lautropia,0,13743
"(1518.5333333333333, 1970.5333333333333)",TM7,0,13744
"(1518.122807017544, 628.2543859649123)",Veillonella,0,13745
"(1517.2207792207791, 709.3246753246754)",Fusobacterium,0,13746
"(1525.253807106599, 808.7664974619289)",Actinomyces,0,13747
"(1517.98, 1524.77)",Selenomonas,0,13748
"(1519.036231884058, 1684.4130434782608)",Gemella,0,13749
"(1518.2631578947369, 1786.7631578947369)",Streptococcus,0,13750
"(1518.0535714285713, 1984.6607142857142)",Lautropia,0,13751
"(1519.608695652174, 526.4202898550725)",Capnocytophaga,0,13753
"(1520.8, 728.6705882352941)",Gemella,0,13754
"(1519.5714285714287, 1712.6632653061224)",Veillonella,0,13756
"(1520.1538461538462, 1726.7948717948718)",Fusobacterium,0,13757
"(1518.0714285714287, 1836.767857142857)",Lautropia,0,13759
"(1523.8125, 568.09375)",Lautropia,0,13760
"(1521.1153846153845, 612.6025641025641)",Veillonella,0,13761
"(1520.798611111111, 646.0625)",Prevotella,0,13762
"(1519.8761061946902, 1270.3893805309735)",TM7,0,13764
"(1519.590909090909, 1502.3030303030303)",Campylobacter,0,13765
"(1519.1090909090908, 1820.7454545454545)",Treponema,0,13766
"(1519.4807692307693, 438.75)",Gemella,0,13768
"(1523.042105263158, 489.70526315789476)",Actinomyces,0,13769
"(1521.657894736842, 1291.828947368421)",Treponema,0,13770
"(1523.4396551724137, 1894.655172413793)",Actinomyces,0,13771
"(1521.8333333333333, 139.64814814814815)",Treponema,0,13773
"(1522.5897435897436, 468.20512820512823)",Prevotella,0,13774
"(1521.1186440677966, 65.0)",Lautropia,0,13776
"(1522.7118644067796, 737.5762711864406)",Fusobacterium,0,13778
"(1521.1190476190477, 1350.0)",Capnocytophaga,0,13781
"(1522.3191489361702, 1434.4468085106382)",Lautropia,0,13782
"(1523.111111111111, 1536.148148148148)",TM7,0,13783
"(1524.605633802817, 159.3943661971831)",TM7,0,13784
"(1524.0845070422536, 515.1549295774648)",Leptotrichia,0,13785
"(1528.319587628866, 1418.7628865979382)",Gemella,0,13786
"(1524.0181818181818, 1552.7818181818182)",Leptotrichia,0,13787
"(1524.5042735042734, 1574.5726495726497)",Fusobacterium,0,13788
"(1524.8059701492537, 1751.358208955224)",Treponema,0,13790
"(1524.7066666666667, 1850.32)",Treponema,0,13791
"(1524.3235294117646, 660.3823529411765)",Lautropia,0,13792
"(1524.7307692307693, 1609.6538461538462)",Treponema,0,13793
"(1526.5748031496064, 1646.4566929133857)",Gemella,0,13794
"(1524.280701754386, 1796.9473684210527)",Actinomyces,0,13795
"(1524.1960784313726, 1944.3725490196077)",Rothia,0,13796
"(1525.4406779661017, 1955.0)",Neisseriaceae,0,13797
"(1531.4539877300613, 115.42944785276073)",Lautropia,0,13798
"(1535.6528925619834, 718.801652892562)",Lautropia,0,13799
"(1526.6705882352942, 751.8117647058823)",Fusobacterium,0,13800
"(1526.2758620689656, 919.1379310344828)",Treponema,0,13801
"(1525.359375, 1394.390625)",Treponema,0,13802
"(1525.2077922077922, 1491.3766233766235)",Gemella,0,13803
"(1525.6666666666667, 1664.3444444444444)",Leptotrichia,0,13805
"(1526.5632183908046, 1874.9540229885058)",Actinomyces,0,13807
"(1525.4871794871794, 1365.2179487179487)",TM7,0,13810
"(1526.6140350877192, 1376.842105263158)",Rothia,0,13811
"(1529.123076923077, 1600.5384615384614)",Fusobacterium,0,13814
"(1527.0, 1906.5)",Fusobacterium,0,13815
"(1527.8714285714286, 445.25714285714287)",Streptococcus,0,13818
"(1527.0, 684.0747663551402)",Fusobacterium,0,13819
"(1528.325, 825.2)",Treponema,0,13820
"(1529.8636363636363, 861.9949494949495)",Actinomyces,0,13821
"(1528.2727272727273, 1253.6363636363637)",Streptococcus,0,13823
"(1526.6290322580646, 1455.032258064516)",Prevotella,0,13824
"(1529.3619047619047, 1699.8190476190475)",Campylobacter,0,13825
"(1530.6907216494844, 498.5360824742268)",Prevotella,0,13827
"(1529.3292682926829, 1812.7682926829268)",TM7,0,13831
"(1527.4074074074074, 1832.3148148148148)",Fusobacterium,0,13832
"(1529.725, 1473.5)",Prevotella,0,13833
"(1531.7083333333333, 345.69444444444446)",Actinomyces,0,13834
"(1533.5820895522388, 1296.686567164179)",Lautropia,0,13840
"(1530.46, 1774.26)",Neisseriaceae,0,13842
"(1534.2608695652175, 516.1304347826087)",Rothia,0,13845
"(1539.021978021978, 1673.9450549450548)",Fusobacterium,0,13848
"(1531.148148148148, 1984.0925925925926)",Lautropia,0,13850
"(1532.9642857142858, 607.2142857142857)",TM7,0,13853
"(1532.6931818181818, 1353.375)",Rothia,0,13854
"(1537.046511627907, 1739.7674418604652)",Porphyromonas,0,13856
"(1532.7222222222222, 1786.388888888889)",Treponema,0,13857
"(1533.3090909090909, 632.6)",Veillonella,0,13859
"(1538.984, 896.136)",Campylobacter,0,13860
"(1537.8048780487804, 1284.5365853658536)",Lautropia,0,13861
"(1534.6153846153845, 1513.9038461538462)",Capnocytophaga,0,13862
"(1537.8, 1966.5)",Lautropia,0,13867
"(1539.1290322580646, 142.06451612903226)",Lautropia,0,13868
"(1538.1348314606741, 620.7640449438202)",TM7,0,13871
"(1536.4, 741.55)",Streptococcus,0,13873
"(1538.2830188679245, 1726.2358490566037)",TM7,0,13874
"(1538.7252747252746, 594.5054945054945)",Veillonella,0,13876
"(1536.7761194029852, 1267.0149253731342)",Gemella,0,13878
"(1534.842105263158, 1618.5964912280701)",Rothia,0,13879
"(1538.865671641791, 333.07462686567163)",Porphyromonas,0,13883
"(1536.1842105263158, 655.1842105263158)",Fusobacterium,0,13884
"(1538.1981981981983, 845.3693693693693)",Gemella,0,13887
"(1537.1752577319587, 1311.6907216494844)",Fusobacterium,0,13888
"(1538.2235294117647, 1339.0117647058823)",Lautropia,0,13889
"(1541.030303030303, 1435.4727272727273)",Rothia,0,13890
"(1541.3232323232323, 1487.3030303030303)",Treponema,0,13891
"(1539.8101265822784, 1540.7088607594937)",TM7,0,13892
"(1535.8666666666666, 1800.5666666666666)",Selenomonas,0,13894
"(1540.55, 1942.5833333333333)",Rothia,0,13895
"(1539.7, 470.65714285714284)",Actinomyces,0,13896
"(1538.9859154929577, 558.2816901408451)",Lautropia,0,13897
"(1539.4225352112676, 1456.394366197183)",Prevotella,0,13899
"(1537.92, 1924.02)",TM7,0,13901
"(1540.2830188679245, 65.94339622641509)",Lautropia,0,13902
"(1539.9016393442623, 540.5737704918033)",Veillonella,0,13903
"(1538.4142857142858, 576.8857142857142)",Veillonella,0,13904
"(1542.2413793103449, 757.6)",Prevotella,0,13905
"(1540.72, 1389.32)",Prevotella,0,13906
"(1538.0350877192982, 1503.2105263157894)",Lautropia,0,13908
"(1539.433962264151, 1664.5283018867924)",Fusobacterium,0,13910
"(1542.6382978723404, 636.3829787234042)",Fusobacterium,0,13912
"(1540.9565217391305, 780.0434782608696)",Treponema,0,13913
"(1542.2173913043478, 1614.9420289855072)",Gemella,0,13916
"(1541.4303797468353, 1878.0632911392406)",Lautropia,0,13918
"(1540.433734939759, 681.6746987951807)",Fusobacterium,0,13919
"(1540.4303797468353, 878.5569620253165)",Treponema,0,13920
"(1541.7962962962963, 1526.0092592592594)",Lautropia,0,13922
"(1541.1904761904761, 1653.2063492063492)",Rothia,0,13923
"(1543.2173913043478, 1759.3623188405797)",Prevotella,0,13924
"(1545.5227272727273, 1807.4886363636363)",Treponema,0,13925
"(1541.1354166666667, 1897.2395833333333)",Gemella,0,13927
"(1548.25, 798.0058139534884)",Streptococcus,0,13928
"(1542.6911764705883, 824.1029411764706)",Fusobacterium,0,13929
"(1543.9, 1375.05)",Prevotella,0,13930
"(1541.3866666666668, 1401.36)",TM7,0,13931
"(1541.2413793103449, 1638.2413793103449)",TM7,0,13932
"(1542.9213483146068, 1828.6179775280898)",Neisseriaceae,0,13934
"(1542.5384615384614, 1842.3846153846155)",TM7,0,13935
"(1545.8666666666666, 1995.3166666666666)",Prevotella,0,13936
"(1546.7582417582419, 354.4835164835165)",Actinomyces,0,13937
"(1542.9245283018868, 1703.6792452830189)",Prevotella,0,13939
"(1549.7652173913043, 1912.5217391304348)",Lautropia,0,13940
"(1543.6140350877192, 1470.8947368421052)",Prevotella,0,13941
"(1543.8392857142858, 1782.267857142857)",Lautropia,0,13944
"(1545.8148148148148, 126.72222222222223)",Actinomyces,0,13950
"(1546.2539682539682, 309.8253968253968)",Streptococcus,0,13951
"(1546.351851851852, 498.64814814814815)",Lautropia,0,13953
"(1547.1142857142856, 522.9428571428572)",Capnocytophaga,0,13954
"(1546.448275862069, 1446.603448275862)",TM7,0,13955
"(1548.8073394495414, 1508.6880733944954)",Fusobacterium,0,13956
"(1547.4794520547946, 1556.1917808219177)",TM7,0,13957
"(1547.1538461538462, 1181.6923076923076)",Lautropia,0,13960
"(1549.054054054054, 1299.5135135135135)",Lautropia,0,13961
"(1548.0608695652174, 1418.8434782608695)",Fusobacterium,0,13962
"(1548.013888888889, 1570.888888888889)",Treponema,0,13963
"(1551.0582524271845, 461.13592233009706)",Selenomonas,0,13966
"(1551.4574468085107, 1957.468085106383)",Treponema,0,13968
"(1549.7397260273972, 1983.109589041096)",Treponema,0,13969
"(1548.2372881355932, 552.8474576271186)",Prevotella,0,13971
"(1551.6, 577.1368421052632)",Veillonella,0,13972
"(1549.423076923077, 647.3846153846154)",Fusobacterium,0,13973
"(1548.9625, 870.925)",Veillonella,0,13974
"(1548.28, 1316.32)",Campylobacter,0,13975
"(1548.6379310344828, 1326.344827586207)",Gemella,0,13976
"(1549.7386363636363, 1359.840909090909)",Actinomyces,0,13977
"(1552.2068965517242, 1768.7471264367816)",Fusobacterium,0,13978
"(1551.5, 717.8777777777777)",Prevotella,0,13981
"(1558.4585987261146, 738.28025477707)",Capnocytophaga,0,13982
"(1551.513043478261, 1258.791304347826)",Veillonella,0,13983
"(1553.122807017544, 1675.1491228070176)",Prevotella,0,13985
"(1550.5094339622642, 1749.3207547169811)",TM7,0,13986
"(1555.8166666666666, 61.291666666666664)",Gemella,0,13987
"(1550.6346153846155, 378.3269230769231)",Pasteurellaceae,0,13988
"(1552.7920792079208, 481.6831683168317)",Gemella,0,13989
"(1551.2105263157894, 534.438596491228)",Veillonella,0,13990
"(1551.2686567164178, 814.5223880597015)",Leptotrichia,0,13993
"(1552.4107142857142, 1287.0714285714287)",Gemella,0,13994
"(1550.392857142857, 1347.4464285714287)",Treponema,0,13995
"(1552.9038461538462, 1475.7884615384614)",Rothia,0,13996
"(1554.0235294117647, 1581.0)",Lautropia,0,13997
"(1552.6984126984128, 1837.6507936507937)",Veillonella,0,13998
"(1561.248803827751, 662.2057416267943)",Lautropia,0,14000
"(1552.0819672131147, 835.8032786885246)",Campylobacter,0,14002
"(1551.9, 889.1714285714286)",Veillonella,0,14003
"(1554.7424242424242, 1276.8030303030303)",Streptococcus,0,14004
"(1555.75, 596.1)",Fusobacterium,0,14007
"(1556.7209302325582, 853.5639534883721)",Campylobacter,0,14009
"(1557.1238938053098, 1386.9469026548672)",Fusobacterium,0,14010
"(1553.142857142857, 1402.0714285714287)",Fusobacterium,0,14011
"(1553.9125, 1606.0875)",Treponema,0,14012
"(1553.4237288135594, 1629.2542372881355)",Pasteurellaceae,0,14013
"(1552.6, 1864.4)",Lautropia,0,14017
"(1556.3457943925234, 1495.6168224299065)",Veillonella,0,14018
"(1560.8211009174313, 1732.4633027522937)",Lautropia,0,14022
"(1554.23, 1790.17)",TM7,0,14023
"(1553.84, 1850.3)",Gemella,0,14024
"(1560.1612903225807, 1925.0430107526881)",Streptococcus,0,14025
"(1554.7142857142858, 1971.6666666666667)",Leptotrichia,0,14026
"(1559.2222222222222, 512.2407407407408)",TM7,0,14027
"(1556.7285714285715, 549.3428571428572)",Rothia,0,14028
"(1554.78, 1617.74)",Neisseriaceae,0,14029
"(1555.2241379310344, 638.5689655172414)",Fusobacterium,0,14035
"(1559.751879699248, 1452.6842105263158)",Gemella,0,14036
"(1558.8761061946902, 1880.3097345132744)",Gemella,0,14037
"(1556.7142857142858, 693.0535714285714)",Campylobacter,0,14040
"(1563.8951048951049, 1177.5454545454545)",Streptococcus,0,14042
"(1557.4761904761904, 1529.984126984127)",Fusobacterium,0,14044
"(1558.3181818181818, 128.54545454545453)",Treponema,0,14045
"(1556.7058823529412, 443.6470588235294)",Porphyromonas,0,14046
"(1565.8579881656806, 782.9881656804733)",Treponema,0,14047
"(1559.6666666666667, 1462.4583333333333)",Rothia,0,14049
"(1559.7826086956522, 1815.5797101449275)",Veillonella,0,14051
"(1559.3454545454545, 141.43636363636364)",Pasteurellaceae,0,14053
"(1559.9344262295083, 1559.1967213114754)",TM7,0,14055
"(1560.446540880503, 1946.6477987421383)",Treponema,0,14056
"(1562.945945945946, 473.1081081081081)",Treponema,0,14057
"(1563.5333333333333, 495.73333333333335)",Actinomyces,0,14058
"(1562.7264957264956, 681.8205128205128)",Rothia,0,14059
"(1560.7692307692307, 709.7948717948718)",TM7,0,14060
"(1561.7671232876712, 1375.876712328767)",Neisseriaceae,0,14063
"(1564.0625, 1424.75)",Actinomyces,0,14064
"(1561.6896551724137, 1686.7586206896551)",TM7,0,14066
"(1562.7096774193549, 795.1290322580645)",TM7,0,14069
"(1562.58, 1752.96)",Veillonella,0,14073
"(1562.111111111111, 1779.5555555555557)",Treponema,0,14074
"(1567.049645390071, 1981.212765957447)",Lautropia,0,14075
"(1562.5892857142858, 1993.6964285714287)",Fusobacterium,0,14076
"(1566.7314285714285, 378.86285714285714)",Lautropia,0,14078
"(1565.5494505494505, 460.72527472527474)",Treponema,0,14079
"(1563.1323529411766, 541.2205882352941)",Streptococcus,0,14081
"(1563.1272727272728, 1480.6)",Fusobacterium,0,14083
"(1567.2268041237114, 355.82474226804123)",Treponema,0,14085
"(1564.8412698412699, 616.8253968253969)",Lautropia,0,14086
"(1564.0943396226414, 723.377358490566)",Campylobacter,0,14087
"(1563.8275862068965, 839.7068965517242)",Veillonella,0,14088
"(1563.8846153846155, 1341.673076923077)",Lautropia,0,14089
"(1567.6736842105263, 396.7157894736842)",Rothia,0,14093
"(1564.58, 423.76)",Rothia,0,14094
"(1567.127659574468, 822.1595744680851)",Capnocytophaga,0,14096
"(1565.2105263157894, 1582.1929824561403)",Actinomyces,0,14097
"(1565.423076923077, 1658.9615384615386)",Veillonella,0,14098
"(1568.283950617284, 1643.851851851852)",Lautropia,0,14102
"(1567.7985074626865, 640.8358208955224)",Neisseriaceae,0,14103
"(1571.2131147540983, 1542.4180327868853)",Rothia,0,14104
"(1566.5471698113208, 1828.3207547169811)",Treponema,0,14106
"(1567.9113924050632, 1910.139240506329)",TM7,0,14107
"(1568.5573770491803, 572.5901639344262)",Fusobacterium,0,14108
"(1571.1535087719299, 763.3201754385965)",Actinomyces,0,14109
"(1570.4871794871794, 1395.6538461538462)",Fusobacterium,0,14110
"(1568.5774647887324, 1437.6760563380283)",Prevotella,0,14111
"(1569.1980198019803, 1673.2970297029703)",Porphyromonas,0,14112
"(1570.1604938271605, 1895.3703703703704)",Fusobacterium,0,14115
"(1569.3939393939395, 58.46969696969697)",Treponema,0,14116
"(1569.0, 140.7910447761194)",Treponema,0,14117
"(1570.7317073170732, 427.7560975609756)",Prevotella,0,14119
"(1576.1146788990825, 445.8669724770642)",Prevotella,0,14120
"(1575.371212121212, 562.939393939394)",Capnocytophaga,0,14121
"(1571.9411764705883, 583.8151260504202)",Veillonella,0,14122
"(1574.778947368421, 1765.8526315789475)",Veillonella,0,14125
"(1571.2619047619048, 1506.5238095238096)",Lautropia,0,14128
"(1573.7525773195875, 1600.5567010309278)",Fusobacterium,0,14129
"(1569.433962264151, 1615.698113207547)",Lautropia,0,14130
"(1571.436170212766, 1630.531914893617)",Gemella,0,14131
"(1569.58, 1698.28)",Prevotella,0,14132
"(1573.351851851852, 1749.8148148148148)",Fusobacterium,0,14133
"(1573.0666666666666, 1794.96)",Lautropia,0,14134
"(1571.6421052631579, 1524.3263157894737)",Lautropia,0,14136
"(1571.319587628866, 1937.5979381443299)",Lautropia,0,14137
"(1573.1944444444443, 1813.388888888889)",Treponema,0,14142
"(1570.608695652174, 1856.2608695652175)",Lautropia,0,14143
"(1573.486111111111, 1875.8055555555557)",TM7,0,14144
"(1572.867924528302, 1348.6415094339623)",Streptococcus,0,14146
"(1572.862745098039, 1490.0980392156862)",Lautropia,0,14148
"(1575.031746031746, 1573.7460317460318)",Veillonella,0,14150
"(1575.986301369863, 1962.7191780821918)",Gemella,0,14152
"(1577.3563218390805, 410.1034482758621)",Lautropia,0,14153
"(1573.9175257731958, 529.3814432989691)",Actinomyces,0,14154
"(1579.6575342465753, 611.1780821917808)",Veillonella,0,14155
"(1575.1411764705883, 1360.4941176470588)",Selenomonas,0,14156
"(1574.625, 1474.828125)",Gemella,0,14157
"(1576.6463414634147, 1840.6951219512196)",Gemella,0,14158
"(1576.1375, 849.225)",Actinomyces,0,14162
"(1575.8076923076924, 1418.0961538461538)",Actinomyces,0,14163
"(1578.367816091954, 1586.6436781609195)",Lautropia,0,14164
"(1575.5671641791046, 1782.1940298507463)",Veillonella,0,14165
"(1578.8333333333333, 1887.5333333333333)",Treponema,0,14166
"(1578.763888888889, 498.1111111111111)",Rothia,0,14169
"(1576.9583333333333, 658.5694444444445)",Treponema,0,14171
"(1576.3508771929824, 1375.0350877192982)",Treponema,0,14172
"(1577.9761904761904, 1553.1666666666667)",Fusobacterium,0,14174
"(1577.6574074074074, 731.1481481481482)",Campylobacter,0,14175
"(1584.4901960784314, 797.5147058823529)",Campylobacter,0,14176
"(1580.92, 1482.2133333333334)",Rothia,0,14177
"(1579.2558139534883, 1729.6511627906978)",Capnocytophaga,0,14179
"(1579.703125, 516.875)",Porphyromonas,0,14182
"(1580.3826086956522, 678.5826086956522)",TM7,0,14184
"(1582.7355371900826, 698.1570247933885)",Veillonella,0,14185
"(1581.7888888888888, 1655.911111111111)",Treponema,0,14187
"(1581.7, 813.05)",Capnocytophaga,0,14191
"(1580.9242424242425, 484.24242424242425)",Rothia,0,14193
"(1581.1864406779662, 650.3389830508474)",Porphyromonas,0,14194
"(1581.5352112676057, 1289.9295774647887)",Actinomyces,0,14195
"(1582.878048780488, 1670.0)",Selenomonas,0,14197
"(1580.7169811320755, 1859.622641509434)",Gemella,0,14199
"(1584.345132743363, 469.46902654867256)",Rothia,0,14203
"(1582.5116279069769, 1516.0348837209303)",Capnocytophaga,0,14205
"(1580.9433962264152, 1912.245283018868)",Lautropia,0,14206
"(1581.6438356164383, 1946.7260273972602)",Fusobacterium,0,14207
"(1584.9, 51.71818181818182)",Porphyromonas,0,14209
"(1586.1538461538462, 749.3384615384615)",Veillonella,0,14210
"(1584.4533333333334, 1433.8933333333334)",Streptococcus,0,14211
"(1586.041237113402, 1498.659793814433)",Treponema,0,14213
"(1582.1636363636364, 1641.1454545454546)",Gemella,0,14214
"(1586.7428571428572, 1704.5142857142857)",Treponema,0,14215
"(1583.9833333333333, 1325.6333333333334)",Fusobacterium,0,14220
"(1585.2241379310344, 1342.8620689655172)",Streptococcus,0,14221
"(1587.2524271844661, 1719.4466019417475)",Gemella,0,14222
"(1585.3375, 343.75)",Selenomonas,0,14225
"(1589.8240740740741, 1683.0555555555557)",Gemella,0,14227
"(1583.7977528089887, 1800.426966292135)",Streptococcus,0,14228
"(1589.6442307692307, 428.7307692307692)",Prevotella,0,14230
"(1591.8148148148148, 1313.8425925925926)",Neisseriaceae,0,14232
"(1585.92, 1455.12)",Fusobacterium,0,14233
"(1592.5555555555557, 371.27777777777777)",Porphyromonas,0,14235
"(1590.534090909091, 621.625)",Fusobacterium,0,14236
"(1587.450980392157, 717.5)",Campylobacter,0,14237
"(1588.3035714285713, 781.0357142857143)",Campylobacter,0,14238
"(1588.1129032258063, 1299.8548387096773)",Treponema,0,14239
"(1587.5263157894738, 1419.7719298245613)",Fusobacterium,0,14240
"(1586.6296296296296, 1566.6296296296296)",TM7,0,14242
"(1592.7522935779816, 1603.0275229357799)",Treponema,0,14243
"(1587.5866666666666, 1627.1466666666668)",Treponema,0,14244
"(1589.2592592592594, 1983.358024691358)",Fusobacterium,0,14246
"(1590.752808988764, 397.438202247191)",Rothia,0,14247
"(1589.1791044776119, 416.1194029850746)",Campylobacter,0,14248
"(1591.4814814814815, 1534.0987654320988)",Fusobacterium,0,14249
"(1587.6760563380283, 1776.4647887323943)",Treponema,0,14250
"(1591.1376146788991, 506.72477064220186)",Treponema,0,14253
"(1587.4814814814815, 1355.5)",Gemella,0,14254
"(1589.442857142857, 760.9)",Gemella,0,14258
"(1590.09375, 1902.8125)",Gemella,0,14262
"(1595.276595744681, 38.819148936170215)",Selenomonas,0,14263
"(1595.8699186991869, 574.0162601626016)",Selenomonas,0,14264
"(1592.8194444444443, 1553.263888888889)",Lautropia,0,14266
"(1591.38, 1646.28)",Leptotrichia,0,14269
"(1590.6304347826087, 1850.858695652174)",Treponema,0,14271
"(1591.0384615384614, 1957.8461538461538)",Gemella,0,14273
"(1591.4727272727273, 383.2181818181818)",Lautropia,0,14274
"(1596.7291666666667, 1484.21875)",Rothia,0,14275
"(1592.0196078431372, 1698.1960784313726)",TM7,0,14276
"(1595.1759259259259, 1917.7037037037037)",Lautropia,0,14279
"(1594.8139534883721, 24.72093023255814)",Fusobacterium,0,14280
"(1594.3333333333333, 179.82456140350877)",Actinomyces,0,14281
"(1593.982456140351, 1470.982456140351)",Lautropia,0,14283
"(1592.8196721311476, 1737.4098360655737)",TM7,0,14284
"(1594.0387596899225, 1887.6511627906978)",Actinomyces,0,14285
"(1595.432098765432, 589.4691358024692)",Campylobacter,0,14288
"(1594.4153846153847, 1866.4769230769232)",Streptococcus,0,14290
"(1594.2985074626865, 454.74626865671644)",Rothia,0,14292
"(1596.5384615384614, 1331.1153846153845)",Lautropia,0,14295
"(1594.5, 1654.2096774193549)",Gemella,0,14297
"(1594.9807692307693, 356.4423076923077)",Actinomyces,0,14301
"(1597.2372881355932, 1410.4745762711864)",Gemella,0,14303
"(1596.8942307692307, 1445.4903846153845)",Fusobacterium,0,14304
"(1598.7211538461538, 1583.826923076923)",Rothia,0,14305
"(1595.157894736842, 1816.561403508772)",Fusobacterium,0,14306
"(1596.6571428571428, 472.74285714285713)",Campylobacter,0,14307
"(1595.8870967741937, 675.1451612903226)",Gemella,0,14308
"(1596.6463414634147, 1514.5487804878048)",TM7,0,14310
"(1598.4109589041095, 1802.013698630137)",Streptococcus,0,14312
"(1598.949152542373, 752.6949152542373)",Selenomonas,0,14314
"(1598.7884615384614, 1974.0384615384614)",Fusobacterium,0,14315
"(1599.967741935484, 194.03225806451613)",Rothia,0,14316
"(1599.9411764705883, 667.0588235294117)",Veillonella,0,14317
"(1599.3703703703704, 740.3518518518518)",Gemella,0,14318
"(1601.13698630137, 1635.849315068493)",Actinomyces,0,14319
"(1598.7358490566037, 1712.4528301886792)",TM7,0,14320
"(1599.32, 1758.08)",Streptococcus,0,14322
"(1602.188679245283, 1839.8490566037735)",Streptococcus,0,14326
"(1603.65, 162.4375)",Gemella,0,14327
"(1601.0588235294117, 438.94117647058823)",Veillonella,0,14328
"(1602.3661971830986, 1563.6478873239437)",Treponema,0,14330
"(1600.6666666666667, 1670.0350877192982)",Fusobacterium,0,14331
"(1601.9420289855072, 1722.840579710145)",Actinomyces,0,14332
"(1602.109375, 1831.015625)",Fusobacterium,0,14333
"(1601.4810126582279, 1932.860759493671)",Actinomyces,0,14334
"(1601.6363636363637, 416.72727272727275)",Lautropia,0,14335
"(1607.1315789473683, 705.7894736842105)",Selenomonas,0,14337
"(1601.328947368421, 1426.0526315789473)",TM7,0,14338
"(1604.8223684210527, 1774.7368421052631)",Treponema,0,14341
"(1604.342105263158, 1865.2105263157894)",Veillonella,0,14342
"(1602.5428571428572, 1301.2714285714285)",Selenomonas,0,14345
"(1604.4736842105262, 1990.5263157894738)",Treponema,0,14346
"(1604.122807017544, 381.63157894736844)",Actinomyces,0,14347
"(1606.2727272727273, 680.6666666666666)",Gemella,0,14349
"(1606.2428571428572, 1550.7285714285715)",Prevotella,0,14350
"(1607.6993464052287, 1350.6993464052287)",Streptococcus,0,14353
"(1608.3823529411766, 1623.2843137254902)",Fusobacterium,0,14355
"(1607.8235294117646, 1675.6235294117646)",Lautropia,0,14356
"(1607.5396825396826, 477.0)",Prevotella,0,14358
"(1611.302752293578, 716.8073394495412)",Gemella,0,14359
"(1606.7432432432433, 1816.3243243243244)",Lautropia,0,14362
"(1607.7325581395348, 1851.639534883721)",Neisseriaceae,0,14363
"(1606.4242424242425, 1908.1363636363637)",Lautropia,0,14364
"(1608.1944444444443, 726.125)",Veillonella,0,14365
"(1606.1129032258063, 1462.8870967741937)",Campylobacter,0,14367
"(1611.525, 1519.85)",TM7,0,14368
"(1607.641975308642, 1643.8271604938273)",TM7,0,14369
"(1606.1129032258063, 1877.9354838709678)",Fusobacterium,0,14371
"(1606.65, 1953.1333333333334)",Treponema,0,14372
"(1610.2115384615386, 1653.6346153846155)",Lautropia,0,14375
"(1607.982142857143, 1698.5892857142858)",Leptotrichia,0,14376
"(1609.12, 13.84)",TM7,0,14378
"(1610.621212121212, 173.0909090909091)",Streptococcus,0,14379
"(1610.686567164179, 695.0)",Streptococcus,0,14380
"(1608.741935483871, 1501.9139784946237)",Rothia,0,14382
"(1611.0166666666667, 1742.45)",Treponema,0,14383
"(1610.9122807017543, 1367.0)",Lautropia,0,14386
"(1610.8870967741937, 1532.225806451613)",Gemella,0,14388
"(1612.8684210526317, 664.6052631578947)",Actinomyces,0,14390
"(1612.132743362832, 1438.725663716814)",Lautropia,0,14392
"(1610.888888888889, 1593.25)",Fusobacterium,0,14393
"(1614.0426829268292, 457.030487804878)",Veillonella,0,14395
"(1616.131868131868, 1573.7912087912089)",Gemella,0,14396
"(1613.2739726027398, 1705.5753424657535)",Treponema,0,14397
"(1612.6825396825398, 1753.920634920635)",Porphyromonas,0,14398
"(1614.186567164179, 1794.402985074627)",Lautropia,0,14399
"(1614.4375, 1832.5)",Rothia,0,14400
"(1615.525641025641, 390.3333333333333)",Rothia,0,14401
"(1614.6597222222222, 432.2986111111111)",Fusobacterium,0,14402
"(1615.0816326530612, 370.90816326530614)",Treponema,0,14409
"(1619.0694444444443, 408.3888888888889)",Lautropia,0,14410
"(1614.8490566037735, 1608.0377358490566)",Prevotella,0,14411
"(1616.049180327869, 1979.6065573770493)",Lautropia,0,14413
"(1619.1764705882354, 191.8235294117647)",Actinomyces,0,14414
"(1616.3731343283582, 1559.2686567164178)",Gemella,0,14415
"(1617.375, 1718.4375)",Rothia,0,14416
"(1619.125, 1895.4583333333333)",Lautropia,0,14417
"(1617.3839285714287, 1927.25)",Gemella,0,14418
"(1617.629213483146, 1486.4044943820224)",TM7,0,14419
"(1619.8225806451612, 1684.3064516129032)",TM7,0,14420
"(1616.5454545454545, 1733.3636363636363)",TM7,0,14421
"(1619.8194444444443, 696.0138888888889)",Treponema,0,14427
"(1617.298245614035, 1465.1929824561403)",Gemella,0,14428
"(1619.2096774193549, 1503.9193548387098)",Lautropia,0,14429
"(1624.546875, 1635.9765625)",Veillonella,0,14430
"(1622.9423076923076, 1420.9038461538462)",Campylobacter,0,14433
"(1620.5972222222222, 1446.625)",Gemella,0,14434
"(1620.9245283018868, 159.81132075471697)",Fusobacterium,0,14437
"(1619.2631578947369, 681.0350877192982)",Neisseriaceae,0,14440
"(1621.8061224489795, 1543.204081632653)",Leptotrichia,0,14441
"(1626.1923076923076, 1905.7403846153845)",Veillonella,0,14442
"(1622.30081300813, 1820.4959349593496)",Leptotrichia,0,14444
"(1624.2441860465117, 469.7325581395349)",Treponema,0,14446
"(1626.7281553398059, 384.41747572815535)",Actinomyces,0,14449
"(1630.2833333333333, 1619.5833333333333)",Pasteurellaceae,0,14450
"(1626.1153846153845, 1653.9384615384615)",Actinomyces,0,14451
"(1622.7810650887575, 1768.3905325443786)",TM7,0,14452
"(1626.218487394958, 1844.5042016806722)",Treponema,0,14453
"(1624.7441860465117, 1594.3488372093022)",Fusobacterium,0,14454
"(1624.3908045977012, 1670.7816091954023)",Fusobacterium,0,14455
"(1625.081081081081, 289.8918918918919)",Veillonella,0,14459
"(1624.1607142857142, 1884.6607142857142)",Capnocytophaga,0,14465
"(1627.5762711864406, 445.6779661016949)",Prevotella,0,14466
"(1627.1636363636364, 1871.0)",Neisseriaceae,0,14470
"(1629.1666666666667, 1530.2222222222222)",Campylobacter,0,14473
"(1636.0506329113923, 310.9493670886076)",TM7,0,14474
"(1634.7375886524824, 1446.7163120567375)",Fusobacterium,0,14475
"(1631.2631578947369, 1491.7631578947369)",Veillonella,0,14476
"(1631.780487804878, 1789.2032520325204)",Neisseriaceae,0,14478
"(1630.02, 1991.35)",Rothia,0,14479
"(1632.855855855856, 164.64864864864865)",Fusobacterium,0,14480
"(1629.8, 340.62857142857143)",Corynebacterium,0,14481
"(1629.388888888889, 1701.611111111111)",Fusobacterium,0,14482
"(1632.9016393442623, 178.68852459016392)",Gemella,0,14485
"(1632.7560975609756, 325.719512195122)",Campylobacter,0,14486
"(1634.2213740458014, 1555.7099236641222)",Fusobacterium,0,14488
"(1630.7625, 1573.5625)",Prevotella,0,14489
"(1630.9255319148936, 1683.8297872340424)",Treponema,0,14490
"(1632.6774193548388, 399.0967741935484)",Gemella,0,14491
"(1634.527027027027, 1504.6081081081081)",Lautropia,0,14493
"(1633.840909090909, 1748.6704545454545)",Veillonella,0,14494
"(1633.225352112676, 189.88732394366198)",Treponema,0,14495
"(1637.2828282828282, 377.2121212121212)",Rothia,0,14496
"(1636.9946808510638, 1469.4308510638298)",Rothia,0,14497
"(1632.950819672131, 1601.1967213114754)",Veillonella,0,14498
"(1633.44, 1799.74)",TM7,0,14499
"(1637.794642857143, 296.0625)",Prevotella,0,14501
"(1634.017857142857, 411.98214285714283)",Lautropia,0,14502
"(1635.3809523809523, 434.2738095238095)",Neisseriaceae,0,14503
"(1634.5396825396826, 206.65079365079364)",Veillonella,0,14504
"(1635.0441176470588, 1403.6323529411766)",Neisseriaceae,0,14505
"(1636.7903225806451, 1811.8225806451612)",Veillonella,0,14506
"(1638.029702970297, 1836.3366336633662)",Gemella,0,14507
"(1638.423076923077, 1883.7948717948718)",Lautropia,0,14509
"(1634.65, 1966.7833333333333)",Porphyromonas,0,14510
"(1636.0298507462687, 281.86567164179104)",Neisseriaceae,0,14511
"(1647.744075829384, 1754.175355450237)",Prevotella,0,14512
"(1636.4615384615386, 1776.1692307692308)",Gemella,0,14513
"(1636.2363636363636, 1893.6909090909091)",Streptococcus,0,14514
"(1637.7719298245613, 362.64912280701753)",Rothia,0,14519
"(1641.920792079208, 421.1287128712871)",Prevotella,0,14520
"(1640.0, 1823.8684210526317)",Lautropia,0,14522
"(1638.4259259259259, 1415.7962962962963)",Prevotella,0,14525
"(1638.017857142857, 1433.267857142857)",Capnocytophaga,0,14526
"(1643.3936170212767, 1875.0425531914893)",Gemella,0,14528
"(1640.5471698113208, 1935.6603773584907)",Streptococcus,0,14529
"(1641.125, 1952.8863636363637)",Treponema,0,14530
"(1639.6833333333334, 1584.5166666666667)",Veillonella,0,14531
"(1639.4516129032259, 1657.4354838709678)",Veillonella,0,14532
"(1645.776595744681, 1662.968085106383)",TM7,0,14536
"(1641.137254901961, 1730.7843137254902)",Rothia,0,14537
"(1643.879518072289, 1922.0722891566265)",Fusobacterium,0,14538
"(1643.875, 406.4583333333333)",Gemella,0,14539
"(1644.3760683760684, 1641.4188034188035)",Fusobacterium,0,14542
"(1649.0172413793102, 1863.8879310344828)",Rothia,0,14543
"(1644.891304347826, 1527.8478260869565)",Neisseriaceae,0,14545
"(1644.6530612244899, 1562.061224489796)",Capnocytophaga,0,14546
"(1644.5873015873017, 1902.968253968254)",Treponema,0,14548
"(1645.752808988764, 1990.5168539325844)",Streptococcus,0,14549
"(1646.5833333333333, 156.53333333333333)",Fusobacterium,0,14550
"(1646.173076923077, 390.4519230769231)",Gemella,0,14552
"(1650.050847457627, 274.0593220338983)",Selenomonas,0,14559
"(1647.3013698630136, 353.16438356164383)",Campylobacter,0,14560
"(1647.2608695652175, 444.39130434782606)",Prevotella,0,14561
"(1646.0526315789473, 1492.3859649122808)",Fusobacterium,0,14563
"(1646.892857142857, 1612.0714285714287)",TM7,0,14564
"(1649.0866141732283, 1678.5905511811025)",Actinomyces,0,14565
"(1648.313725490196, 1767.2941176470588)",Treponema,0,14566
"(1645.6538461538462, 1794.5961538461538)",TM7,0,14567
"(1648.590909090909, 1309.1818181818182)",Streptococcus,0,14568
"(1650.104347826087, 1704.2782608695652)",TM7,0,14570
"(1648.9056603773586, 1722.566037735849)",Lautropia,0,14571
"(1649.6285714285714, 1482.0714285714287)",Fusobacterium,0,14574
"(1647.7307692307693, 1779.6153846153845)",Rothia,0,14575
"(1649.6216216216217, 337.7027027027027)",Treponema,0,14576
"(1655.4845360824743, 1849.7319587628865)",Prevotella,0,14578
"(1649.5584415584415, 1597.2857142857142)",TM7,0,14582
"(1651.9423076923076, 134.98076923076923)",Porphyromonas,0,14583
"(1649.8490566037735, 311.1132075471698)",Prevotella,0,14584
"(1654.1686746987953, 1431.710843373494)",Veillonella,0,14587
"(1655.3867924528302, 1582.867924528302)",Gemella,0,14588
"(1653.8235294117646, 1814.6666666666667)",Streptococcus,0,14590
"(1653.7540983606557, 1906.2622950819673)",Gemella,0,14591
"(1654.232142857143, 1717.1964285714287)",Gemella,0,14593
"(1655.6315789473683, 22.157894736842106)",Treponema,0,14595
"(1658.9583333333333, 302.52777777777777)",Fusobacterium,0,14596
"(1655.5436893203882, 378.5242718446602)",Veillonella,0,14598
"(1662.1466666666668, 1547.9866666666667)",Pasteurellaceae,0,14599
"(1659.3529411764705, 1623.0294117647059)",Treponema,0,14600
"(1655.8343949044586, 1933.8980891719746)",Fusobacterium,0,14601
"(1657.2794117647059, 1956.485294117647)",Prevotella,0,14602
"(1659.8671328671328, 406.45454545454544)",Lautropia,0,14603
"(1654.8333333333333, 1462.128205128205)",TM7,0,14604
"(1658.111111111111, 1639.8080808080808)",Lautropia,0,14606
"(1658.280487804878, 1833.6341463414635)",Gemella,0,14607
"(1659.2168674698796, 1415.55421686747)",Fusobacterium,0,14608
"(1657.7636363636364, 1556.1090909090908)",Actinomyces,0,14613
"(1657.2985074626865, 1735.1044776119404)",Lautropia,0,14614
"(1657.639344262295, 1883.1967213114754)",Treponema,0,14615
"(1658.72131147541, 1895.655737704918)",TM7,0,14616
"(1664.2479338842975, 331.58677685950414)",Lautropia,0,14618
"(1660.3766233766235, 351.961038961039)",Treponema,0,14619
"(1659.6440677966102, 439.8135593220339)",Treponema,0,14620
"(1658.4117647058824, 1969.9803921568628)",Fusobacterium,0,14623
"(1659.8474576271187, 154.5593220338983)",TM7,0,14624
"(1659.3584905660377, 315.64150943396226)",Campylobacter,0,14625
"(1665.6101694915253, 1532.7542372881355)",Selenomonas,0,14626
"(1662.2075471698113, 195.6509433962264)",TM7,0,14631
"(1662.6691729323309, 1313.8195488721803)",Selenomonas,0,14633
"(1662.96875, 1570.578125)",Gemella,0,14636
"(1662.4782608695652, 1685.7282608695652)",Selenomonas,0,14637
"(1663.290909090909, 1454.490909090909)",Prevotella,0,14638
"(1664.703125, 1780.421875)",Gemella,0,14639
"(1666.5507246376812, 1498.8478260869565)",TM7,0,14642
"(1667.5656565656566, 1814.5252525252524)",Porphyromonas,0,14643
"(1665.3118279569892, 1871.1612903225807)",Treponema,0,14644
"(1665.8983050847457, 1468.5084745762713)",Gemella,0,14648
"(1666.0265486725664, 1915.6106194690265)",Rothia,0,14651
"(1666.2857142857142, 1768.767857142857)",Leptotrichia,0,14654
"(1667.7714285714285, 275.3857142857143)",Treponema,0,14656
"(1668.56, 289.19)",Campylobacter,0,14657
"(1667.8653846153845, 1965.8461538461538)",Streptococcus,0,14658
"(1667.0289855072465, 1422.2463768115942)",Treponema,0,14659
"(1673.6161616161617, 1433.5656565656566)",Veillonella,0,14662
"(1670.171052631579, 1514.4736842105262)",TM7,0,14663
"(1671.295918367347, 1714.6224489795918)",Gemella,0,14664
"(1671.0144927536232, 22.91304347826087)",Leptotrichia,0,14667
"(1669.2692307692307, 145.46153846153845)",Treponema,0,14668
"(1671.6545454545455, 423.8727272727273)",Prevotella,0,14670
"(1672.7529411764706, 1483.3411764705882)",Veillonella,0,14671
"(1671.0892857142858, 1730.0)",Neisseriaceae,0,14673
"(1669.6538461538462, 1883.7115384615386)",Treponema,0,14676
"(1673.1125, 100.675)",Actinomyces,0,14677
"(1674.9484536082475, 1444.1134020618556)",TM7,0,14680
"(1674.1727272727273, 1592.1545454545455)",Treponema,0,14681
"(1671.5192307692307, 1652.8461538461538)",Leptotrichia,0,14682
"(1672.6666666666667, 1703.1)",Gemella,0,14684
"(1677.8367346938776, 1824.8775510204082)",TM7,0,14685
"(1672.5, 1640.5697674418604)",Streptococcus,0,14687
"(1672.6698113207547, 376.8679245283019)",Actinomyces,0,14688
"(1672.5454545454545, 1605.4545454545455)",Fusobacterium,0,14690
"(1672.3584905660377, 1951.9622641509434)",Gemella,0,14693
"(1673.686274509804, 361.3921568627451)",Campylobacter,0,14694
"(1673.3382352941176, 409.36764705882354)",Neisseriaceae,0,14695
"(1674.0, 433.6507936507937)",Lautropia,0,14696
"(1675.5974025974026, 7.090909090909091)",Pasteurellaceae,0,14698
"(1676.939393939394, 136.27272727272728)",Capnocytophaga,0,14699
"(1676.4375, 1578.2291666666667)",Lautropia,0,14701
"(1676.128205128205, 1628.5)",Prevotella,0,14702
"(1674.953125, 1755.875)",Gemella,0,14705
"(1675.9814814814815, 1789.2777777777778)",Treponema,0,14706
"(1676.057142857143, 1848.2142857142858)",Streptococcus,0,14708
"(1676.1842105263158, 1975.828947368421)",Leptotrichia,0,14709
"(1681.2315789473685, 1991.1684210526316)",Treponema,0,14712
"(1678.721649484536, 306.4329896907216)",Lautropia,0,14713
"(1677.9911504424779, 1458.5221238938052)",Gemella,0,14714
"(1679.4202898550725, 352.0144927536232)",Leptotrichia,0,14716
"(1678.5272727272727, 1548.6909090909091)",TM7,0,14717
"(1678.2884615384614, 62.57692307692308)",Campylobacter,0,14720
"(1680.9112903225807, 334.7741935483871)",Fusobacterium,0,14721
"(1684.5584415584415, 1615.6103896103896)",Gemella,0,14722
"(1678.7843137254902, 74.47058823529412)",Treponema,0,14723
"(1679.25, 89.05263157894737)",Leptotrichia,0,14724
"(1683.4408602150538, 1525.6559139784947)",Veillonella,0,14727
"(1680.4675324675325, 1720.4805194805194)",Lautropia,0,14728
"(1679.2830188679245, 1803.1509433962265)",TM7,0,14729
"(1680.4642857142858, 1814.107142857143)",Treponema,0,14730
"(1681.7368421052631, 1854.6842105263158)",Gemella,0,14731
"(1680.1904761904761, 1941.4920634920634)",Streptococcus,0,14733
"(1681.5384615384614, 1961.8131868131868)",Gemella,0,14734
"(1686.6323529411766, 1491.6029411764705)",Prevotella,0,14736
"(1682.241935483871, 1871.1129032258063)",Gemella,0,14738
"(1686.6432748538011, 1410.046783625731)",Leptotrichia,0,14740
"(1686.81, 1512.68)",Prevotella,0,14741
"(1681.9555555555555, 1659.7111111111112)",Leptotrichia,0,14742
"(1684.1044776119404, 1910.686567164179)",Treponema,0,14746
"(1691.3838383838383, 269.2020202020202)",Corynebacterium,0,14747
"(1682.267857142857, 1888.625)",Leptotrichia,0,14748
"(1684.235294117647, 1921.7450980392157)",Porphyromonas,0,14749
"(1684.1379310344828, 293.86206896551727)",Gemella,0,14750
"(1690.6690140845071, 10.098591549295774)",TM7,0,14753
"(1686.4074074074074, 31.950617283950617)",Rothia,0,14754
"(1685.8909090909092, 433.7090909090909)",Veillonella,0,14755
"(1685.9041095890411, 1695.3424657534247)",Lautropia,0,14759
"(1693.1083333333333, 46.30833333333333)",Streptococcus,0,14763
"(1690.713043478261, 109.4)",Treponema,0,14764
"(1689.726618705036, 363.48201438848923)",Gemella,0,14765
"(1684.888888888889, 1637.462962962963)",Capnocytophaga,0,14767
"(1689.0333333333333, 319.65)",Leptotrichia,0,14770
"(1687.5641025641025, 1569.4871794871794)",Leptotrichia,0,14771
"(1687.7407407407406, 1752.4197530864199)",Lautropia,0,14772
"(1689.9295774647887, 1979.6338028169014)",Rothia,0,14774
"(1691.24, 1547.2866666666666)",TM7,0,14775
"(1692.013888888889, 1831.75)",Lautropia,0,14776
"(1690.295081967213, 378.40983606557376)",Gemella,0,14777
"(1691.4328358208954, 1432.6268656716418)",Treponema,0,14778
"(1695.0431654676258, 1581.4820143884892)",Lautropia,0,14780
"(1691.060606060606, 282.72727272727275)",Leptotrichia,0,14783
"(1692.7460317460318, 421.0)",Lautropia,0,14784
"(1691.7826086956522, 1464.0869565217392)",Gemella,0,14785
"(1691.3461538461538, 1862.7115384615386)",Lautropia,0,14786
"(1692.1454545454546, 68.0)",TM7,0,14788
"(1691.6344086021506, 86.08602150537635)",Treponema,0,14789
"(1695.4666666666667, 308.38666666666666)",Streptococcus,0,14790
"(1695.2948717948718, 1705.3846153846155)",Treponema,0,14793
"(1693.5492957746478, 1601.8732394366198)",Treponema,0,14797
"(1694.123076923077, 1656.9846153846154)",Actinomyces,0,14799
"(1694.5064935064936, 1716.5714285714287)",Pasteurellaceae,0,14800
"(1696.9105691056911, 1778.2357723577236)",Porphyromonas,0,14801
"(1694.157894736842, 1790.280701754386)",Pasteurellaceae,0,14802
"(1694.1333333333334, 1993.8166666666666)",Fusobacterium,0,14804
"(1697.6823529411765, 345.84705882352944)",TM7,0,14807
"(1695.4583333333333, 1741.1805555555557)",Lautropia,0,14810
"(1694.4736842105262, 1451.3684210526317)",Rothia,0,14814
"(1696.6065573770493, 126.49180327868852)",Treponema,0,14815
"(1699.0, 1877.4225352112676)",Treponema,0,14817
"(1699.5348837209303, 1935.0116279069769)",Lautropia,0,14821
"(1699.3896103896104, 1630.948051948052)",TM7,0,14822
"(1698.338028169014, 1839.7887323943662)",Campylobacter,0,14824
"(1702.2823529411764, 103.18823529411765)",Pasteurellaceae,0,14830
"(1699.3, 1500.2)",TM7,0,14832
"(1699.4179104477612, 1803.4626865671642)",Streptococcus,0,14835
"(1701.5942028985507, 1980.376811594203)",Neisseriaceae,0,14837
"(1703.5857142857142, 1405.442857142857)",TM7,0,14840
"(1703.4705882352941, 1486.4117647058824)",TM7,0,14843
"(1701.859649122807, 1536.3859649122808)",TM7,0,14844
"(1705.025641025641, 28.247863247863247)",Leptotrichia,0,14846
"(1704.402985074627, 1962.6268656716418)",Gemella,0,14849
"(1706.5061728395062, 1733.0123456790122)",Actinomyces,0,14851
"(1710.5418994413408, 1853.5251396648046)",Streptococcus,0,14853
"(1705.5483870967741, 8.279569892473118)",Gemella,0,14855
"(1707.816091954023, 354.8735632183908)",TM7,0,14856
"(1705.2051282051282, 1448.448717948718)",Veillonella,0,14857
"(1705.75, 1889.767857142857)",Gemella,0,14859
"(1706.642857142857, 1434.5)",Campylobacter,0,14860
"(1706.5223880597016, 1547.7014925373135)",Prevotella,0,14861
"(1708.4444444444443, 1617.625)",Fusobacterium,0,14863
"(1706.9397590361446, 1642.3493975903614)",Lautropia,0,14864
"(1707.8666666666666, 66.48571428571428)",Gemella,0,14866
"(1708.623188405797, 1604.1304347826087)",Lautropia,0,14868
"(1706.6666666666667, 1694.7368421052631)",Gemella,0,14869
"(1707.2376237623762, 1820.920792079208)",Leptotrichia,0,14870
"(1710.3369565217392, 84.66304347826087)",Streptococcus,0,14871
"(1709.2033898305085, 1654.6610169491526)",Lautropia,0,14873
"(1708.057142857143, 1794.1142857142856)",Lautropia,0,14875
"(1713.952380952381, 1458.297619047619)",Gemella,0,14876
"(1708.8988764044943, 1714.4157303370787)",Leptotrichia,0,14877
"(1711.2642857142857, 50.67857142857143)",Lautropia,0,14879
"(1710.6181818181817, 121.10909090909091)",Prevotella,0,14880
"(1711.1038961038962, 1771.0389610389611)",Treponema,0,14882
"(1716.2589285714287, 1514.419642857143)",Lautropia,0,14884
"(1713.6753246753246, 1742.857142857143)",Treponema,0,14886
"(1711.235294117647, 1472.0588235294117)",Prevotella,0,14890
"(1712.0483870967741, 1575.3387096774193)",TM7,0,14891
"(1714.1694915254238, 1900.406779661017)",Lautropia,0,14895
"(1714.90625, 1957.546875)",Treponema,0,14896
"(1713.7413793103449, 1661.8103448275863)",Neisseriaceae,0,14898
"(1717.7633587786258, 1409.5190839694656)",Campylobacter,0,14900
"(1718.1132075471698, 1497.3867924528302)",Rothia,0,14901
"(1716.4098360655737, 1553.983606557377)",TM7,0,14902
"(1716.537037037037, 140.35185185185185)",Lautropia,0,14903
"(1715.3846153846155, 1483.246153846154)",Lautropia,0,14904
"(1715.4333333333334, 1755.1333333333334)",Gemella,0,14905
"(1715.8846153846155, 1583.673076923077)",Lautropia,0,14907
"(1718.4700854700855, 1677.957264957265)",Gemella,0,14908
"(1717.3076923076924, 1830.3076923076924)",Lautropia,0,14909
"(1718.5657894736842, 1978.4736842105262)",Fusobacterium,0,14910
"(1720.6544117647059, 1535.5514705882354)",Fusobacterium,0,14911
"(1719.2363636363636, 1625.9454545454546)",Fusobacterium,0,14913
"(1717.5, 1701.5)",Prevotella,0,14914
"(1717.7285714285715, 1881.5142857142857)",TM7,0,14916
"(1718.7037037037037, 5.185185185185185)",TM7,0,14918
"(1720.0652173913043, 108.28260869565217)",Selenomonas,0,14919
"(1721.0897435897436, 1593.8333333333333)",Fusobacterium,0,14920
"(1719.8933333333334, 126.25333333333333)",Treponema,0,14922
"(1722.5842696629213, 1424.5168539325844)",TM7,0,14923
"(1723.0493827160494, 1911.6913580246915)",Streptococcus,0,14925
"(1721.9117647058824, 18.205882352941178)",Fusobacterium,0,14926
"(1720.25, 1438.3035714285713)",Pasteurellaceae,0,14927
"(1721.1090909090908, 1715.7818181818182)",Porphyromonas,0,14928
"(1724.123076923077, 1767.8615384615384)",Lautropia,0,14929
"(1721.1166666666666, 1800.7)",Actinomyces,0,14930
"(1721.6851851851852, 1855.5)",TM7,0,14931
"(1726.537037037037, 1992.5925925925926)",Gemella,0,14932
"(1723.3181818181818, 1611.0)",Fusobacterium,0,14934
"(1721.7555555555555, 1641.088888888889)",Streptococcus,0,14935
"(1724.506329113924, 1870.0506329113923)",Treponema,0,14936
"(1725.3538461538462, 33.56153846153846)",Veillonella,0,14938
"(1725.8163265306123, 1463.295918367347)",Rothia,0,14939
"(1723.537037037037, 58.46296296296296)",Rothia,0,14941
"(1727.13, 94.79)",Selenomonas,0,14942
"(1725.950819672131, 1733.8032786885246)",Gemella,0,14944
"(1726.3, 68.55555555555556)",Gemella,0,14945
"(1728.7625, 1665.1)",Gemella,0,14946
"(1728.8, 1520.3647058823528)",Prevotella,0,14947
"(1727.890625, 1890.890625)",Lautropia,0,14951
"(1727.6944444444443, 1776.986111111111)",Prevotella,0,14954
"(1729.5753424657535, 1690.6849315068494)",Lautropia,0,14958
"(1729.9433962264152, 6.3584905660377355)",Gemella,0,14962
"(1730.2941176470588, 114.27450980392157)",Gemella,0,14963
"(1731.22, 1550.97)",Lautropia,0,14965
"(1731.1176470588234, 1790.835294117647)",Porphyromonas,0,14968
"(1736.6447368421052, 46.401315789473685)",Streptococcus,0,14970
"(1731.593220338983, 1861.0677966101696)",Gemella,0,14972
"(1732.3103448275863, 84.20689655172414)",Treponema,0,14973
"(1735.6899224806202, 1472.5736434108528)",Gemella,0,14974
"(1732.2459016393443, 1503.327868852459)",Capnocytophaga,0,14975
"(1732.9126213592233, 1572.514563106796)",Actinomyces,0,14976
"(1735.3986928104575, 1846.7124183006536)",Streptococcus,0,14980
"(1735.4246575342465, 1626.7808219178082)",Capnocytophaga,0,14983
"(1736.2537313432836, 1883.44776119403)",Treponema,0,14985
"(1737.989010989011, 1676.7912087912089)",Gemella,0,14986
"(1735.6891891891892, 1743.3648648648648)",Gemella,0,14987
"(1738.734693877551, 11.768707482993197)",Gemella,0,14989
"(1734.7222222222222, 1645.6851851851852)",Rothia,0,14992
"(1736.79012345679, 1982.5925925925926)",Treponema,0,14993
"(1738.931623931624, 106.23931623931624)",Streptococcus,0,14994
"(1737.017094017094, 1409.08547008547)",Gemella,0,14995
"(1738.0, 1490.3968253968253)",Rothia,0,14996
"(1737.9473684210527, 1706.438596491228)",TM7,0,14998
"(1738.319587628866, 1759.6082474226805)",Rothia,0,15001
"(1739.4782608695652, 1541.1739130434783)",Lautropia,0,15003
"(1740.816091954023, 1658.3103448275863)",Lautropia,0,15004
"(1739.5, 1809.2794117647059)",Lautropia,0,15005
"(1742.0684931506848, 1829.3150684931506)",Neisseriaceae,0,15006
"(1744.2291666666667, 29.989583333333332)",Rothia,0,15007
"(1743.948717948718, 1443.8290598290598)",Veillonella,0,15009
"(1743.0123456790122, 1455.679012345679)",Capnocytophaga,0,15010
"(1741.7358490566037, 1639.1698113207547)",Treponema,0,15011
"(1740.8703703703704, 1897.611111111111)",Lautropia,0,15014
"(1740.9473684210527, 1511.5438596491229)",TM7,0,15016
"(1741.9238095238095, 1779.942857142857)",Lautropia,0,15018
"(1741.376811594203, 1870.159420289855)",Lautropia,0,15019
"(1742.549019607843, 1992.8039215686274)",Treponema,0,15023
"(1743.7945205479452, 421.54794520547944)",Leptotrichia,0,15025
"(1744.1811023622047, 1609.8582677165355)",Gemella,0,15026
"(1746.7402597402597, 1736.0389610389611)",Lautropia,0,15027
"(1748.909090909091, 455.19191919191917)",Campylobacter,0,15029
"(1746.7631578947369, 1424.9473684210527)",Neisseriaceae,0,15030
"(1747.84496124031, 1564.046511627907)",TM7,0,15031
"(1747.1132075471698, 1577.0188679245282)",Veillonella,0,15034
"(1751.036496350365, 1478.065693430657)",Lautropia,0,15038
"(1755.231527093596, 1531.6305418719212)",Lautropia,0,15040
"(1752.5360824742268, 1553.979381443299)",TM7,0,15041
"(1754.040404040404, 1813.8383838383838)",Gemella,0,15043
"(1749.2075471698113, 1705.377358490566)",Veillonella,0,15047
"(1751.1792452830189, 1845.2735849056603)",Lautropia,0,15048
"(1753.6533333333334, 1916.6)",TM7,0,15049
"(1755.0641025641025, 39.76923076923077)",Prevotella,0,15051
"(1751.837837837838, 1406.3108108108108)",Leptotrichia,0,15052
"(1751.4567901234568, 1890.8271604938273)",Treponema,0,15057
"(1754.3039215686274, 1622.7549019607843)",TM7,0,15060
"(1755.1634615384614, 1637.548076923077)",Treponema,0,15061
"(1755.4430379746836, 1649.873417721519)",Pasteurellaceae,0,15062
"(1757.0947368421052, 1662.4421052631578)",Lautropia,0,15063
"(1752.6, 1942.0941176470587)",TM7,0,15065
"(1754.1271186440679, 1722.9915254237287)",Gemella,0,15066
"(1756.9888888888888, 1514.4666666666667)",Gemella,0,15068
"(1756.231884057971, 1905.3623188405797)",Lautropia,0,15069
"(1755.5581395348838, 1991.3372093023256)",Treponema,0,15071
"(1756.5, 6.0)",TM7,0,15072
"(1754.9692307692308, 1589.1076923076923)",TM7,0,15073
"(1758.4166666666667, 1415.9166666666667)",Campylobacter,0,15076
"(1758.6666666666667, 1502.450980392157)",Lautropia,0,15078
"(1758.2527472527472, 1691.89010989011)",Prevotella,0,15079
"(1757.148148148148, 1781.888888888889)",TM7,0,15080
"(1758.3425925925926, 1461.2407407407406)",Prevotella,0,15082
"(1761.79012345679, 27.839506172839506)",Prevotella,0,15083
"(1759.1698113207547, 1676.7735849056603)",TM7,0,15084
"(1759.92, 1866.8)",Lautropia,0,15085
"(1761.0941176470587, 1605.7411764705882)",TM7,0,15086
"(1760.4915254237287, 1770.9661016949153)",Veillonella,0,15087
"(1761.865671641791, 1931.9402985074628)",Gemella,0,15088
"(1761.05, 1752.4)",Treponema,0,15091
"(1763.4915254237287, 15.796610169491526)",Gemella,0,15093
"(1763.908256880734, 1445.954128440367)",Lautropia,0,15094
"(1762.1967213114754, 1794.27868852459)",Streptococcus,0,15096
"(1762.8833333333334, 1855.05)",Veillonella,0,15098
"(1764.735294117647, 1580.813725490196)",TM7,0,15100
"(1772.2397260273972, 1808.1780821917807)",Fusobacterium,0,15101
"(1765.4310344827586, 1568.7758620689656)",Lautropia,0,15102
"(1770.4964028776978, 1841.0575539568345)",Lautropia,0,15103
"(1764.44, 1963.16)",Lautropia,0,15104
"(1767.5714285714287, 45.05714285714286)",Neisseriaceae,0,15107
"(1767.8208955223881, 1622.0)",Veillonella,0,15111
"(1768.0377358490566, 1691.754716981132)",Rothia,0,15112
"(1769.4516129032259, 1414.258064516129)",Lautropia,0,15115
"(1777.549132947977, 1514.329479768786)",Veillonella,0,15117
"(1771.02, 6.46)",Corynebacterium,0,15121
"(1771.9661016949153, 27.016949152542374)",Actinomyces,0,15122
"(1770.642857142857, 1655.857142857143)",TM7,0,15124
"(1773.0181818181818, 1777.3090909090909)",Lautropia,0,15125
"(1771.1451612903227, 1825.0967741935483)",TM7,0,15126
"(1773.2676056338028, 1557.887323943662)",Lautropia,0,15128
"(1774.8494623655913, 1597.8279569892472)",Selenomonas,0,15129
"(1772.4698795180723, 1643.8313253012047)",Veillonella,0,15130
"(1772.7888888888888, 1859.2)",Veillonella,0,15134
"(1771.5064935064936, 1880.5844155844156)",Porphyromonas,0,15135
"(1777.7254901960785, 1923.186274509804)",Lautropia,0,15136
"(1774.2363636363636, 1437.6727272727273)",Fusobacterium,0,15138
"(1772.709090909091, 1669.3090909090909)",Leptotrichia,0,15139
"(1775.0860215053763, 1760.279569892473)",Lautropia,0,15140
"(1774.5272727272727, 1533.3090909090909)",Campylobacter,0,15143
"(1773.9137931034484, 1731.6896551724137)",Fusobacterium,0,15144
"(1773.9661016949153, 1972.2711864406779)",Streptococcus,0,15145
"(1779.7549019607843, 1746.1176470588234)",Rothia,0,15147
"(1778.6363636363637, 1993.6103896103896)",Actinomyces,0,15151
"(1779.1509433962265, 1426.1509433962265)",Veillonella,0,15153
"(1776.8194444444443, 40.513888888888886)",Porphyromonas,0,15155
"(1777.2545454545455, 1948.2727272727273)",Lautropia,0,15156
"(1781.6555555555556, 22.755555555555556)",Veillonella,0,15157
"(1778.915254237288, 110.49152542372882)",Treponema,0,15158
"(1777.0877192982457, 1447.3508771929824)",Campylobacter,0,15159
"(1777.9868421052631, 1629.3947368421052)",Capnocytophaga,0,15160
"(1780.6915887850466, 8.046728971962617)",Veillonella,0,15161
"(1779.0588235294117, 1700.137254901961)",Prevotella,0,15164
"(1782.0, 1548.2676056338028)",Lautropia,0,15168
"(1782.784090909091, 1711.9204545454545)",Treponema,0,15169
"(1784.4444444444443, 1958.4722222222222)",Streptococcus,0,15171
"(1785.4545454545455, 1662.1570247933885)",Veillonella,0,15175
"(1786.0, 1724.6617647058824)",Prevotella,0,15176
"(1786.7227722772277, 1820.4059405940593)",Neisseriaceae,0,15177
"(1784.1176470588234, 1984.0441176470588)",Treponema,0,15178
"(1785.2386363636363, 1585.4886363636363)",Rothia,0,15181
"(1784.3, 1687.78)",Gemella,0,15182
"(1789.7222222222222, 1736.6190476190477)",Lautropia,0,15183
"(1784.969696969697, 312.2878787878788)",Leptotrichia,0,15184
"(1785.9276315789473, 333.3355263157895)",Gemella,0,15185
"(1787.3, 1778.9714285714285)",Streptococcus,0,15187
"(1786.8695652173913, 299.536231884058)",Porphyromonas,0,15188
"(1784.8431372549019, 1537.078431372549)",Actinomyces,0,15189
"(1786.8846153846155, 1794.5096153846155)",Treponema,0,15190
"(1788.557142857143, 1876.3)",Lautropia,0,15193
"(1787.7272727272727, 1906.2148760330579)",Leptotrichia,0,15194
"(1793.352, 1846.072)",TM7,0,15198
"(1794.8383838383838, 99.62626262626263)",Fusobacterium,0,15200
"(1790.5357142857142, 1864.017857142857)",Gemella,0,15202
"(1789.9722222222222, 1938.388888888889)",Gemella,0,15203
"(1793.6693548387098, 1573.8629032258063)",Capnocytophaga,0,15205
"(1790.7640449438202, 1646.2022471910113)",TM7,0,15209
"(1797.3758865248226, 1506.8652482269504)",Leptotrichia,0,15212
"(1790.8823529411766, 1832.6029411764705)",Rothia,0,15214
"(1791.7450980392157, 1927.9803921568628)",Lautropia,0,15215
"(1792.9322033898304, 90.64406779661017)",Neisseriaceae,0,15216
"(1793.9363636363637, 1605.2181818181818)",Corynebacterium,0,15217
"(1799.2588235294118, 1619.9058823529413)",Gemella,0,15218
"(1797.020202020202, 1753.5353535353536)",Treponema,0,15219
"(1795.7808219178082, 1810.972602739726)",Veillonella,0,15220
"(1796.530303030303, 1559.0151515151515)",Veillonella,0,15223
"(1795.3939393939395, 1890.7878787878788)",Streptococcus,0,15224
"(1795.375, 1526.8068181818182)",Campylobacter,0,15227
"(1796.9, 1630.7)",TM7,0,15229
"(1796.6470588235295, 4.686274509803922)",Capnocytophaga,0,15231
"(1802.764705882353, 39.549019607843135)",Gemella,0,15235
"(1798.7222222222222, 366.8333333333333)",TM7,0,15237
"(1800.3846153846155, 1719.576923076923)",TM7,0,15238
"(1798.111111111111, 1944.904761904762)",Pasteurellaceae,0,15239
"(1798.4270833333333, 123.46875)",Fusobacterium,0,15241
"(1803.3591549295775, 343.26056338028167)",Prevotella,0,15242
"(1801.662162162162, 429.7567567567568)",Streptococcus,0,15243
"(1800.3095238095239, 1992.2261904761904)",Leptotrichia,0,15244
"(1801.9279279279278, 1777.2972972972973)",Treponema,0,15246
"(1799.6065573770493, 1867.016393442623)",Treponema,0,15247
"(1799.9716981132076, 1976.2169811320755)",TM7,0,15248
"(1802.15625, 51.90625)",Gemella,0,15249
"(1802.804347826087, 1796.891304347826)",Treponema,0,15251
"(1805.280487804878, 21.79268292682927)",Neisseriaceae,0,15253
"(1808.8826291079813, 323.48826291079814)",Actinomyces,0,15254
"(1809.0206896551724, 1742.9310344827586)",Fusobacterium,0,15256
"(1805.5696202531647, 1764.3164556962026)",Actinomyces,0,15257
"(1804.188679245283, 1923.3207547169811)",Streptococcus,0,15259
"(1803.5094339622642, 1954.7924528301887)",Treponema,0,15260
"(1806.0735294117646, 1553.8823529411766)",Gemella,0,15264
"(1807.3384615384616, 1588.2615384615385)",Lautropia,0,15265
"(1806.0389610389611, 1932.4285714285713)",Gemella,0,15267
"(1806.5555555555557, 1821.920634920635)",Pasteurellaceae,0,15268
"(1805.8387096774193, 1879.5483870967741)",Treponema,0,15269
"(1806.015873015873, 1907.8095238095239)",Streptococcus,0,15272
"(1806.8208955223881, 77.02985074626865)",Gemella,0,15274
"(1808.049180327869, 92.9672131147541)",TM7,0,15275
"(1812.5619047619048, 222.1238095238095)",Lautropia,0,15277
"(1808.1492537313434, 1570.3283582089553)",Veillonella,0,15279
"(1809.9538461538461, 65.18461538461538)",Veillonella,0,15281
"(1809.5833333333333, 179.16666666666666)",Gemella,0,15282
"(1808.6666666666667, 1728.450980392157)",Gemella,0,15284
"(1811.1444444444444, 7.066666666666666)",Treponema,0,15287
"(1810.9516129032259, 106.80645161290323)",Selenomonas,0,15288
"(1815.1379310344828, 303.75)",TM7,0,15289
"(1812.6363636363637, 123.21969696969697)",Veillonella,0,15291
"(1810.62, 369.72)",Campylobacter,0,15293
"(1811.4027777777778, 406.1666666666667)",Prevotella,0,15294
"(1812.5858585858587, 1538.4545454545455)",Campylobacter,0,15295
"(1815.0, 1713.7575757575758)",TM7,0,15296
"(1811.1568627450981, 1788.5882352941176)",Gemella,0,15297
"(1812.2881355932204, 1563.6610169491526)",Veillonella,0,15299
"(1813.8030303030303, 1834.0151515151515)",Actinomyces,0,15300
"(1814.5211267605634, 1945.225352112676)",Fusobacterium,0,15301
"(1818.2752293577983, 51.77981651376147)",Veillonella,0,15305
"(1819.0545454545454, 340.2)",Lautropia,0,15307
"(1813.1379310344828, 1912.655172413793)",Veillonella,0,15308
"(1815.2692307692307, 26.346153846153847)",Gemella,0,15309
"(1816.4537037037037, 1969.4351851851852)",Lautropia,0,15312
"(1816.4912280701753, 419.6666666666667)",Streptococcus,0,15315
"(1819.5, 436.0)",Veillonella,0,15316
"(1817.1060606060605, 1688.0454545454545)",Lautropia,0,15317
"(1816.4379562043796, 1892.094890510949)",Treponema,0,15318
"(1816.5873015873017, 1996.2857142857142)",TM7,0,15319
"(1815.9411764705883, 239.05882352941177)",Veillonella,0,15320
"(1819.0283018867924, 1522.7264150943397)",Campylobacter,0,15321
"(1820.0, 1759.108695652174)",Gemella,0,15322
"(1819.6119402985075, 1701.2835820895523)",Gemella,0,15325
"(1817.0689655172414, 1806.396551724138)",Streptococcus,0,15327
"(1817.8148148148148, 1849.4259259259259)",Actinomyces,0,15328
"(1817.0666666666666, 1929.5)",Lautropia,0,15329
"(1819.9375, 1821.35)",Rothia,0,15332
"(1819.9848484848485, 319.43939393939394)",Prevotella,0,15335
"(1821.7333333333333, 1872.2833333333333)",Fusobacterium,0,15336
"(1822.55, 6.183333333333334)",Prevotella,0,15337
"(1826.923076923077, 35.53846153846154)",Lautropia,0,15338
"(1826.3469387755101, 127.6938775510204)",Rothia,0,15339
"(1822.0961538461538, 354.5)",Lautropia,0,15340
"(1822.375, 371.84375)",Porphyromonas,0,15341
"(1824.8823529411766, 172.5735294117647)",Porphyromonas,0,15344
"(1823.9655172413793, 1727.6896551724137)",Fusobacterium,0,15346
"(1822.3291139240507, 1740.73417721519)",Porphyromonas,0,15347
"(1824.0833333333333, 1784.6333333333334)",Actinomyces,0,15351
"(1824.322033898305, 1797.4406779661017)",Treponema,0,15352
"(1828.7711864406779, 1988.949152542373)",Streptococcus,0,15353
"(1824.7, 61.84285714285714)",Gemella,0,15354
"(1825.6666666666667, 384.1304347826087)",Pasteurellaceae,0,15356
"(1825.8032786885246, 1841.3934426229507)",Lautropia,0,15357
"(1826.9885057471265, 80.54022988505747)",Veillonella,0,15359
"(1827.1, 184.28)",Streptococcus,0,15360
"(1826.84, 212.66)",Gemella,0,15361
"(1832.351851851852, 1712.1851851851852)",Lautropia,0,15362
"(1831.6623376623377, 1933.0844155844156)",Actinomyces,0,15363
"(1829.6385542168675, 88.18072289156626)",Gemella,0,15365
"(1828.878787878788, 232.57575757575756)",Treponema,0,15366
"(1829.3166666666666, 1676.0333333333333)",Leptotrichia,0,15367
"(1828.05, 1811.2166666666667)",Treponema,0,15369
"(1828.1044776119404, 1959.597014925373)",Prevotella,0,15371
"(1835.3944444444444, 1697.0111111111112)",Lautropia,0,15373
"(1831.2058823529412, 111.05882352941177)",TM7,0,15375
"(1835.0347826086957, 151.2521739130435)",Capnocytophaga,0,15376
"(1830.2794117647059, 195.02941176470588)",Gemella,0,15377
"(1830.3650793650793, 359.3968253968254)",Lautropia,0,15378
"(1833.6714285714286, 6.314285714285714)",Rothia,0,15379
"(1833.090909090909, 285.74545454545455)",TM7,0,15382
"(1833.5694444444443, 302.0625)",Capnocytophaga,0,15383
"(1832.578947368421, 333.7368421052632)",Fusobacterium,0,15384
"(1832.4444444444443, 373.3703703703704)",Treponema,0,15385
"(1833.2, 1882.2571428571428)",Lautropia,0,15386
"(1832.6415094339623, 320.6792452830189)",Lautropia,0,15387
"(1833.25, 1866.4411764705883)",Porphyromonas,0,15390
"(1834.4268292682927, 1908.158536585366)",Campylobacter,0,15391
"(1835.877192982456, 1830.6842105263158)",TM7,0,15393
"(1835.017543859649, 1791.3859649122808)",Prevotella,0,15397
"(1836.84, 1974.6933333333334)",Prevotella,0,15399
"(1839.4424778761063, 127.8141592920354)",Rothia,0,15402
"(1838.046875, 163.546875)",Prevotella,0,15403
"(1841.7882352941176, 1798.7176470588236)",Streptococcus,0,15408
"(1837.8852459016393, 1894.311475409836)",Prevotella,0,15409
"(1844.012048192771, 1581.6927710843374)",Gemella,0,15410
"(1846.7888198757764, 1751.2111801242236)",Lautropia,0,15412
"(1837.7894736842106, 1847.140350877193)",Lautropia,0,15413
"(1838.8431372549019, 1917.9019607843138)",Lautropia,0,15414
"(1847.907894736842, 21.013157894736842)",Veillonella,0,15419
"(1844.6666666666667, 57.627906976744185)",Veillonella,0,15420
"(1846.873949579832, 176.34453781512605)",TM7,0,15421
"(1840.225806451613, 210.69354838709677)",TM7,0,15422
"(1841.9310344827586, 389.67241379310343)",TM7,0,15424
"(1843.983870967742, 95.41935483870968)",Veillonella,0,15427
"(1841.5, 189.66666666666666)",Rothia,0,15428
"(1843.641975308642, 1726.9753086419753)",TM7,0,15430
"(1844.4252873563219, 1964.367816091954)",Leptotrichia,0,15432
"(1844.516129032258, 79.06451612903226)",TM7,0,15433
"(1843.0363636363636, 251.78181818181818)",Actinomyces,0,15435
"(1843.1166666666666, 1631.7666666666667)",Lautropia,0,15436
"(1844.2297297297298, 1667.7162162162163)",Veillonella,0,15438
"(1843.122807017544, 1927.6140350877192)",Streptococcus,0,15439
"(1845.0588235294117, 1950.6823529411765)",Treponema,0,15440
"(1846.701030927835, 367.44329896907215)",Prevotella,0,15441
"(1844.7083333333333, 1812.5277777777778)",Treponema,0,15442
"(1847.3529411764705, 1993.7176470588236)",Pasteurellaceae,0,15443
"(1850.1048387096773, 196.0241935483871)",Campylobacter,0,15444
"(1846.5666666666666, 1762.2)",TM7,0,15445
"(1847.5666666666666, 1864.7833333333333)",TM7,0,15446
"(1850.113924050633, 1738.3164556962026)",TM7,0,15450
"(1854.34375, 6.8671875)",Rothia,0,15453
"(1846.75, 298.140625)",Capnocytophaga,0,15455
"(1847.1739130434783, 318.0869565217391)",Veillonella,0,15456
"(1846.857142857143, 340.3)",Leptotrichia,0,15457
"(1847.090909090909, 1643.8)",Lautropia,0,15459
"(1848.4827586206898, 142.36206896551724)",Fusobacterium,0,15461
"(1848.0925925925926, 218.77777777777777)",Neisseriaceae,0,15463
"(1848.2962962962963, 276.55555555555554)",Lautropia,0,15464
"(1849.107142857143, 353.7142857142857)",Actinomyces,0,15466
"(1850.6617647058824, 1888.1176470588234)",Treponema,0,15468
"(1850.7142857142858, 1595.015873015873)",Prevotella,0,15470
"(1850.9753086419753, 1774.79012345679)",TM7,0,15471
"(1853.9320388349515, 1796.6504854368932)",Streptococcus,0,15472
"(1850.342105263158, 1902.092105263158)",Porphyromonas,0,15473
"(1852.118811881188, 127.77227722772277)",Pasteurellaceae,0,15474
"(1850.1515151515152, 1681.969696969697)",Actinomyces,0,15475
"(1853.8115942028985, 33.42028985507246)",Prevotella,0,15480
"(1854.3431372549019, 103.69607843137256)",Selenomonas,0,15481
"(1854.6, 1943.5)",Treponema,0,15483
"(1856.4754098360656, 67.8688524590164)",Pasteurellaceae,0,15484
"(1854.967032967033, 162.1868131868132)",Veillonella,0,15485
"(1858.235294117647, 387.7294117647059)",Actinomyces,0,15486
"(1856.2948717948718, 1611.871794871795)",Veillonella,0,15487
"(1855.2727272727273, 1713.2454545454545)",Actinomyces,0,15488
"(1854.9655172413793, 256.41379310344826)",Selenomonas,0,15491
"(1857.3301886792453, 329.5660377358491)",Leptotrichia,0,15493
"(1862.736, 1663.648)",Gemella,0,15495
"(1859.3085106382978, 1600.5744680851064)",Veillonella,0,15497
"(1856.5686274509803, 146.1764705882353)",TM7,0,15498
"(1857.6384615384616, 230.03076923076924)",Veillonella,0,15499
"(1857.6728971962616, 1928.6261682242991)",Prevotella,0,15502
"(1857.828947368421, 51.94736842105263)",TM7,0,15504
"(1859.9571428571428, 1830.357142857143)",TM7,0,15505
"(1859.4324324324325, 1981.0)",Gemella,0,15507
"(1860.34, 116.32)",Treponema,0,15508
"(1859.560975609756, 203.8658536585366)",Rothia,0,15509
"(1861.1896551724137, 245.36206896551724)",Porphyromonas,0,15510
"(1859.5230769230768, 311.04615384615386)",Veillonella,0,15511
"(1865.1176470588234, 1651.3823529411766)",Gemella,0,15512
"(1859.8481012658228, 1852.367088607595)",Selenomonas,0,15513
"(1860.673076923077, 284.7307692307692)",Capnocytophaga,0,15515
"(1865.060606060606, 294.4040404040404)",Capnocytophaga,0,15516
"(1860.3620689655172, 1622.5344827586207)",Prevotella,0,15518
"(1862.378048780488, 1675.3292682926829)",Fusobacterium,0,15519
"(1859.1666666666667, 1779.5925925925926)",Gemella,0,15522
"(1860.7924528301887, 79.41509433962264)",Rothia,0,15524
"(1863.221052631579, 270.57894736842104)",Prevotella,0,15525
"(1860.7962962962963, 350.6296296296296)",Pasteurellaceae,0,15526
"(1863.0, 1638.878048780488)",Actinomyces,0,15527
"(1867.1379310344828, 378.7701149425287)",Treponema,0,15529
"(1862.2941176470588, 181.80392156862746)",Veillonella,0,15533
"(1866.0246913580247, 215.53086419753086)",Prevotella,0,15534
"(1871.04, 345.30285714285714)",Gemella,0,15535
"(1864.078431372549, 1723.1568627450981)",TM7,0,15537
"(1865.6166666666666, 1991.3333333333333)",Treponema,0,15538
"(1866.6857142857143, 63.94285714285714)",TM7,0,15539
"(1864.741935483871, 1916.0645161290322)",Gemella,0,15542
"(1865.7142857142858, 1945.8142857142857)",Actinomyces,0,15543
"(1864.826923076923, 25.307692307692307)",Fusobacterium,0,15545
"(1867.095238095238, 125.9047619047619)",Selenomonas,0,15546
"(1866.3461538461538, 1745.6666666666667)",Gemella,0,15548
"(1869.5514705882354, 1767.0073529411766)",Treponema,0,15549
"(1867.3428571428572, 171.37142857142857)",Pasteurellaceae,0,15551
"(1871.835294117647, 140.94117647058823)",TM7,0,15553
"(1869.6470588235295, 1713.9803921568628)",Fusobacterium,0,15558
"(1870.2222222222222, 1785.920634920635)",Leptotrichia,0,15559
"(1871.157894736842, 1797.017543859649)",Campylobacter,0,15560
"(1869.5833333333333, 1812.6)",Lautropia,0,15561
"(1869.3076923076924, 1860.173076923077)",Streptococcus,0,15562
"(1870.0, 223.0)",Veillonella,0,15565
"(1870.3823529411766, 364.61764705882354)",Lautropia,0,15566
"(1871.406779661017, 1732.1186440677966)",Streptococcus,0,15567
"(1871.4666666666667, 1931.3066666666666)",Gemella,0,15568
"(1872.8360655737704, 1957.704918032787)",Gemella,0,15569
"(1872.1063829787233, 8.138297872340425)",Rothia,0,15570
"(1871.0422535211267, 107.08450704225352)",TM7,0,15572
"(1873.3235294117646, 48.294117647058826)",TM7,0,15575
"(1873.7241379310344, 391.9655172413793)",Treponema,0,15577
"(1876.6046511627908, 1684.360465116279)",Fusobacterium,0,15578
"(1873.0754716981132, 1832.9245283018868)",Gemella,0,15579
"(1875.240506329114, 1843.8987341772151)",Veillonella,0,15580
"(1871.9756097560976, 1879.3292682926829)",Fusobacterium,0,15581
"(1878.7171717171718, 196.26262626262627)",Capnocytophaga,0,15584
"(1876.6612903225807, 246.2258064516129)",TM7,0,15586
"(1875.5671641791046, 329.04477611940297)",Lautropia,0,15587
"(1875.4444444444443, 1749.5972222222222)",Treponema,0,15588
"(1875.5066666666667, 1906.8666666666666)",TM7,0,15589
"(1875.0555555555557, 1981.388888888889)",Actinomyces,0,15590
"(1879.7391304347825, 65.6)",Campylobacter,0,15591
"(1876.6825396825398, 234.87301587301587)",Fusobacterium,0,15592
"(1875.763888888889, 1616.3472222222222)",Streptococcus,0,15593
"(1878.4949494949494, 21.757575757575758)",Gemella,0,15594
"(1877.2428571428572, 94.62857142857143)",Neisseriaceae,0,15595
"(1875.3898305084747, 1700.6271186440679)",Treponema,0,15596
"(1883.4285714285713, 115.29591836734694)",TM7,0,15598
"(1879.7176470588236, 302.1764705882353)",Streptococcus,0,15599
"(1883.2945736434108, 1825.9147286821706)",Porphyromonas,0,15600
"(1880.990291262136, 283.6990291262136)",Leptotrichia,0,15602
"(1879.421052631579, 1853.4561403508771)",Treponema,0,15604
"(1879.22, 1941.66)",Streptococcus,0,15605
"(1879.5925925925926, 1667.7407407407406)",Gemella,0,15606
"(1881.7083333333333, 1991.9270833333333)",Gemella,0,15608
"(1881.6090909090908, 265.3909090909091)",Capnocytophaga,0,15609
"(1884.3157894736842, 399.9122807017544)",Actinomyces,0,15610
"(1881.2857142857142, 1763.968253968254)",Treponema,0,15611
"(1886.4406779661017, 1784.3050847457628)",Treponema,0,15612
"(1879.9041095890411, 1890.8219178082193)",Neisseriaceae,0,15613
"(1883.2833333333333, 28.75)",Lautropia,0,15614
"(1885.8849557522124, 78.69911504424779)",Fusobacterium,0,15615
"(1881.5111111111112, 210.42222222222222)",Rothia,0,15617
"(1881.7045454545455, 372.78409090909093)",Lautropia,0,15618
"(1884.8105263157895, 1741.8842105263159)",Treponema,0,15621
"(1886.5324675324675, 6.688311688311688)",Pasteurellaceae,0,15623
"(1886.3970588235295, 1799.2941176470588)",Treponema,0,15625
"(1887.1908396946565, 138.8854961832061)",TM7,0,15628
"(1887.2289156626507, 389.7951807228916)",TM7,0,15629
"(1884.622950819672, 1705.311475409836)",Treponema,0,15632
"(1888.5128205128206, 1878.5384615384614)",TM7,0,15633
"(1886.0114942528735, 1928.8505747126437)",Streptococcus,0,15634
"(1892.2448979591836, 95.22448979591837)",Prevotella,0,15635
"(1886.2738095238096, 162.5595238095238)",Fusobacterium,0,15636
"(1886.4328358208954, 180.17910447761193)",Rothia,0,15637
"(1895.8061674008811, 347.3303964757709)",Gemella,0,15638
"(1891.9433962264152, 1719.6666666666667)",Lautropia,0,15639
"(1887.622641509434, 1866.811320754717)",Streptococcus,0,15641
"(1887.3283582089553, 1918.7313432835822)",Fusobacterium,0,15642
"(1887.6126126126126, 1967.5765765765766)",Treponema,0,15643
"(1888.6491228070176, 252.82456140350877)",Fusobacterium,0,15644
"(1888.8333333333333, 240.98333333333332)",TM7,0,15645
"(1887.313725490196, 294.96078431372547)",TM7,0,15646
"(1889.421052631579, 1951.4868421052631)",Treponema,0,15647
"(1889.109375, 1904.515625)",Veillonella,0,15648
"(1892.620253164557, 227.13924050632912)",Prevotella,0,15652
"(1893.865671641791, 1732.9402985074628)",Fusobacterium,0,15654
"(1893.5666666666666, 1845.388888888889)",Campylobacter,0,15655
"(1890.3424657534247, 1892.0684931506848)",TM7,0,15656
"(1893.9897959183672, 58.52040816326531)",Rothia,0,15657
"(1893.9122807017543, 1680.6842105263158)",Rothia,0,15659
"(1893.421052631579, 198.08771929824562)",Fusobacterium,0,15660
"(1892.9193548387098, 268.0967741935484)",Capnocytophaga,0,15661
"(1896.4923076923078, 11.353846153846154)",Prevotella,0,15666
"(1894.076923076923, 1754.676923076923)",Treponema,0,15667
"(1894.3174603174602, 314.85714285714283)",Fusobacterium,0,15668
"(1899.6666666666667, 42.375)",Lautropia,0,15671
"(1895.915254237288, 209.57627118644066)",TM7,0,15672
"(1900.5245901639344, 1690.5901639344263)",Actinomyces,0,15673
"(1896.6986301369864, 1987.1780821917807)",Treponema,0,15675
"(1898.357142857143, 178.39285714285714)",Gemella,0,15678
"(1900.1636363636364, 153.29090909090908)",Rothia,0,15682
"(1904.2790697674418, 233.22093023255815)",Prevotella,0,15683
"(1902.9326923076924, 290.6923076923077)",TM7,0,15684
"(1902.5194805194806, 1941.564935064935)",Streptococcus,0,15687
"(1903.406779661017, 4.915254237288136)",Veillonella,0,15688
"(1904.867549668874, 82.41721854304636)",Campylobacter,0,15689
"(1902.44, 307.25333333333333)",Campylobacter,0,15690
"(1901.46875, 328.8020833333333)",Gemella,0,15691
"(1900.7027027027027, 362.52702702702703)",Leptotrichia,0,15692
"(1901.016129032258, 1798.0645161290322)",Campylobacter,0,15693
"(1901.5217391304348, 1810.9710144927535)",Leptotrichia,0,15694
"(1903.5853658536585, 66.6829268292683)",Fusobacterium,0,15696
"(1901.3676470588234, 1891.7205882352941)",Neisseriaceae,0,15699
"(1901.95, 1906.95)",Treponema,0,15700
"(1901.8307692307692, 1923.9692307692308)",Lautropia,0,15701
"(1903.7368421052631, 111.34210526315789)",Fusobacterium,0,15703
"(1902.611111111111, 218.25925925925927)",Rothia,0,15704
"(1906.7125, 23.925)",Fusobacterium,0,15707
"(1905.6901408450703, 132.53521126760563)",Actinomyces,0,15708
"(1905.4666666666667, 246.91666666666666)",TM7,0,15709
"(1904.1014492753623, 274.0144927536232)",Capnocytophaga,0,15710
"(1904.3283582089553, 1770.44776119403)",Gemella,0,15711
"(1904.450980392157, 1828.7058823529412)",Selenomonas,0,15712
"(1906.9857142857143, 1992.057142857143)",Treponema,0,15713
"(1907.9918032786886, 193.01639344262296)",Fusobacterium,0,15714
"(1906.448275862069, 1752.6379310344828)",Prevotella,0,15715
"(1909.24, 1816.7866666666666)",Gemella,0,15716
"(1912.3391304347826, 47.97391304347826)",Actinomyces,0,15719
"(1906.7843137254902, 148.19607843137254)",Lautropia,0,15720
"(1908.8080808080808, 1703.909090909091)",Treponema,0,15721
"(1912.1196581196582, 1716.1880341880342)",Rothia,0,15722
"(1908.1379310344828, 98.75862068965517)",Lautropia,0,15723
"(1908.0377358490566, 208.8679245283019)",Campylobacter,0,15724
"(1908.4473684210527, 1869.7236842105262)",Leptotrichia,0,15725
"(1908.3833333333334, 166.7)",Prevotella,0,15727
"(1909.3684210526317, 177.52631578947367)",Prevotella,0,15728
"(1913.2588235294118, 348.8)",Prevotella,0,15730
"(1913.8461538461538, 1759.5692307692307)",Treponema,0,15731
"(1914.506329113924, 1960.4303797468353)",Gemella,0,15733
"(1914.274193548387, 317.2741935483871)",Veillonella,0,15735
"(1912.9072164948454, 1734.7422680412371)",Veillonella,0,15736
"(1914.3478260869565, 1787.7101449275362)",Gemella,0,15738
"(1916.09375, 154.8125)",TM7,0,15740
"(1918.0729166666667, 371.1145833333333)",Veillonella,0,15741
"(1914.5942028985507, 1856.7826086956522)",Pasteurellaceae,0,15742
"(1916.7265625, 9.7578125)",Gemella,0,15743
"(1919.6637931034484, 29.948275862068964)",Treponema,0,15744
"(1915.6964285714287, 357.375)",Lautropia,0,15745
"(1915.0, 1976.2222222222222)",Lautropia,0,15746
"(1919.1926605504586, 140.8440366972477)",Gemella,0,15747
"(1916.6588235294118, 256.0235294117647)",TM7,0,15748
"(1917.8148148148148, 72.27777777777777)",Lautropia,0,15749
"(1916.5, 112.5)",Gemella,0,15750
"(1916.8602150537633, 281.78494623655916)",Veillonella,0,15752
"(1918.2533333333333, 1884.04)",Treponema,0,15754
"(1917.9607843137255, 188.9607843137255)",Rothia,0,15757
"(1920.5483870967741, 301.1505376344086)",Campylobacter,0,15760
"(1919.4126984126983, 64.38095238095238)",Gemella,0,15761
"(1920.453125, 1774.609375)",TM7,0,15763
"(1921.6301369863013, 1833.109589041096)",Gemella,0,15764
"(1925.0886075949368, 332.3987341772152)",Campylobacter,0,15766
"(1921.3333333333333, 89.64102564102564)",TM7,0,15767
"(1925.2771084337348, 1747.144578313253)",Rothia,0,15768
"(1925.6808510638298, 1802.7553191489362)",Leptotrichia,0,15770
"(1926.9245283018868, 5.169811320754717)",Gemella,0,15771
"(1925.015873015873, 125.65079365079364)",Capnocytophaga,0,15772
"(1925.144927536232, 165.20289855072463)",TM7,0,15773
"(1925.0983606557377, 201.04918032786884)",Veillonella,0,15775
"(1924.3333333333333, 1717.0588235294117)",Porphyromonas,0,15776
"(1925.8275862068965, 288.94827586206895)",Corynebacterium,0,15779
"(1927.463768115942, 1845.6666666666667)",Gemella,0,15781
"(1930.875, 36.93181818181818)",Neisseriaceae,0,15782
"(1931.2836879432625, 53.4468085106383)",Gemella,0,15783
"(1928.7578947368422, 1763.0)",Fusobacterium,0,15788
"(1934.5149700598802, 1858.5808383233532)",Gemella,0,15790
"(1929.8695652173913, 112.65217391304348)",Veillonella,0,15792
"(1929.3857142857144, 227.4857142857143)",Rothia,0,15793
"(1931.5142857142857, 323.1)",Capnocytophaga,0,15795
"(1935.8164556962026, 1991.886075949367)",Streptococcus,0,15797
"(1929.9375, 83.421875)",Porphyromonas,0,15798
"(1931.5866666666666, 149.70666666666668)",Gemella,0,15799
"(1929.4888888888888, 353.55555555555554)",Gemella,0,15800
"(1931.9038461538462, 69.28846153846153)",Prevotella,0,15802
"(1932.826923076923, 365.8269230769231)",Fusobacterium,0,15805
"(1935.6299212598426, 1775.724409448819)",Gemella,0,15806
"(1932.2619047619048, 1826.797619047619)",Streptococcus,0,15807
"(1932.280701754386, 1957.7543859649122)",Treponema,0,15808
"(1933.8481012658228, 20.848101265822784)",Leptotrichia,0,15809
"(1935.65625, 195.6875)",Capnocytophaga,0,15810
"(1935.1463414634147, 251.78048780487805)",Capnocytophaga,0,15811
"(1941.047619047619, 6.373015873015873)",Treponema,0,15815
"(1939.078947368421, 280.38157894736844)",Fusobacterium,0,15819
"(1937.1904761904761, 296.6666666666667)",Veillonella,0,15821
"(1939.41592920354, 1730.7522123893805)",Treponema,0,15822
"(1942.1466666666668, 338.82666666666665)",Campylobacter,0,15823
"(1940.84375, 136.328125)",Campylobacter,0,15824
"(1942.0, 1875.4368932038835)",Fusobacterium,0,15826
"(1943.328947368421, 167.60526315789474)",Rothia,0,15827
"(1939.85, 212.45)",Rothia,0,15828
"(1939.7796610169491, 357.1525423728813)",Gemella,0,15829
"(1940.4719101123596, 1975.6516853932585)",Pasteurellaceae,0,15831
"(1941.949152542373, 229.27118644067798)",TM7,0,15833
"(1942.2333333333333, 178.53333333333333)",Gemella,0,15834
"(1943.567901234568, 1788.283950617284)",Streptococcus,0,15835
"(1942.7101449275362, 89.65217391304348)",Streptococcus,0,15836
"(1946.5060240963855, 156.51807228915663)",Gemella,0,15837
"(1942.736111111111, 77.58333333333333)",Veillonella,0,15840
"(1946.1797752808989, 111.51685393258427)",Actinomyces,0,15842
"(1945.5, 257.8)",TM7,0,15843
"(1946.7356321839081, 270.60919540229884)",Fusobacterium,0,15844
"(1945.12, 318.3333333333333)",Veillonella,0,15845
"(1947.704081632653, 384.07142857142856)",Lautropia,0,15846
"(1949.0625, 220.609375)",TM7,0,15851
"(1950.1052631578948, 1764.7105263157894)",Corynebacterium,0,15852
"(1950.4285714285713, 27.458646616541355)",Fusobacterium,0,15853
"(1947.4516129032259, 296.30645161290323)",Fusobacterium,0,15854
"(1951.4084507042253, 1962.2676056338028)",Treponema,0,15855
"(1952.3194444444443, 353.0833333333333)",Campylobacter,0,15857
"(1952.2923076923078, 46.646153846153844)",TM7,0,15858
"(1950.5094339622642, 142.45283018867926)",Treponema,0,15859
"(1951.9154929577464, 332.16901408450707)",Gemella,0,15860
"(1954.719512195122, 1745.5853658536585)",Campylobacter,0,15861
"(1951.442857142857, 57.05714285714286)",Veillonella,0,15863
"(1957.0438596491229, 254.5438596491228)",Selenomonas,0,15864
"(1951.4027777777778, 1981.875)",Streptococcus,0,15866
"(1952.030303030303, 190.9848484848485)",Lautropia,0,15867
"(1962.5073529411766, 74.15441176470588)",Fusobacterium,0,15868
"(1959.0641025641025, 210.92307692307693)",Veillonella,0,15869
"(1957.3666666666666, 7.083333333333333)",Lautropia,0,15871
"(1963.0459770114942, 188.86206896551724)",Prevotella,0,15872
"(1955.7058823529412, 1884.7941176470588)",Fusobacterium,0,15873
"(1956.9818181818182, 320.1272727272727)",Capnocytophaga,0,15875
"(1958.409090909091, 240.71212121212122)",Treponema,0,15877
"(1958.6666666666667, 284.7037037037037)",TM7,0,15878
"(1966.5753424657535, 368.9657534246575)",Veillonella,0,15879
"(1958.75, 1993.607142857143)",Rothia,0,15880
"(1965.1147540983607, 42.459016393442624)",TM7,0,15881
"(1960.2857142857142, 397.7922077922078)",Gemella,0,15884
"(1963.1935483870968, 299.741935483871)",Veillonella,0,15886
"(1961.9242424242425, 177.06060606060606)",TM7,0,15888
"(1963.2164948453608, 1966.9484536082475)",Gemella,0,15889
"(1962.3392857142858, 357.55357142857144)",Campylobacter,0,15890
"(1963.9642857142858, 383.57142857142856)",Lautropia,0,15891
"(1963.6842105263158, 142.2280701754386)",TM7,0,15892
"(1965.162162162162, 1980.9864864864865)",Fusobacterium,0,15895
"(1964.5686274509803, 87.15686274509804)",Prevotella,0,15896
"(1968.2388059701493, 313.53731343283584)",Campylobacter,0,15897
"(1970.712643678161, 228.28735632183907)",Fusobacterium,0,15899
"(1967.6290322580646, 347.7096774193548)",Capnocytophaga,0,15900
"(1969.6792452830189, 5.622641509433962)",Lautropia,0,15903
"(1971.7169811320755, 411.811320754717)",Gemella,0,15904
"(1974.7478991596638, 26.92436974789916)",Rothia,0,15905
"(1975.5809523809523, 335.9047619047619)",Fusobacterium,0,15908
"(1973.3235294117646, 253.22058823529412)",Rothia,0,15912
"(1973.9454545454546, 280.43636363636364)",Fusobacterium,0,15915
"(1972.225, 432.35)",Porphyromonas,0,15916
"(1974.1851851851852, 153.8148148148148)",Campylobacter,0,15917
"(1975.6935483870968, 205.66129032258064)",Lautropia,0,15920
"(1975.44776119403, 387.910447761194)",Veillonella,0,15922
"(1977.4193548387098, 1992.483870967742)",Actinomyces,0,15923
"(1976.2051282051282, 293.64102564102564)",Rothia,0,15924
"(1977.5641025641025, 1975.6923076923076)",Gemella,0,15925
"(1975.9464285714287, 173.375)",Pasteurellaceae,0,15926
"(1976.9411764705883, 219.27450980392157)",Fusobacterium,0,15927
"(1977.509090909091, 397.3454545454546)",TM7,0,15928
"(1978.122807017544, 186.3859649122807)",Veillonella,0,15929
"(1979.4310344827586, 140.41379310344828)",Selenomonas,0,15930
"(1980.203125, 6.40625)",Lautropia,0,15933
"(1979.7857142857142, 40.160714285714285)",Gemella,0,15934
"(1979.5625, 62.8125)",Treponema,0,15935
"(1981.8695652173913, 314.1195652173913)",Rothia,0,15939
"(1990.0091743119267, 51.972477064220186)",Veillonella,0,15942
"(1990.950495049505, 406.56435643564356)",Gemella,0,15943
"(1988.5934959349593, 421.3983739837398)",Gemella,0,15944
"(1990.5294117647059, 147.01176470588234)",Pasteurellaceae,0,15945
"(1990.8829787234042, 265.32978723404256)",Fusobacterium,0,15946
"(1989.703125, 367.765625)",Lautropia,0,15947
"(1991.1358024691358, 253.7530864197531)",Veillonella,0,15948
"(1991.8446601941748, 171.0873786407767)",TM7,0,15949
"(1991.5232558139535, 202.96511627906978)",Fusobacterium,0,15950
"(1991.7619047619048, 344.22222222222223)",Campylobacter,0,15951
"(1992.453237410072, 438.8273381294964)",Actinomyces,0,15952
"(1992.0993377483444, 220.58278145695365)",Fusobacterium,0,15953
"(1992.4603174603174, 6.619047619047619)",Fusobacterium,0,15954
"(1992.6376811594203, 17.28985507246377)",Actinomyces,0,15955
"(1991.6527777777778, 27.97222222222222)",Gemella,0,15956
"(1992.1044776119404, 191.13432835820896)",Veillonella,0,15958
"(1991.875968992248, 297.6434108527132)",TM7,0,15959
"(1992.725806451613, 329.241935483871)",TM7,0,15960
"(1992.6666666666667, 385.6984126984127)",Veillonella,0,15961
"(1990.421875, 1987.65625)",Lautropia,0,15962
"(1993.2272727272727, 38.166666666666664)",Gemella,0,15963
"(1992.5, 159.30357142857142)",Veillonella,0,15964
"(1993.0, 239.1685393258427)",TM7,0,15965
"(1992.7096774193549, 279.741935483871)",Capnocytophaga,0,15966
"(1993.0493827160494, 315.1111111111111)",Rothia,0,15967
"(1993.2, 359.23333333333335)",Capnocytophaga,0,15968
